season,week,home_team,away_team,predicted_home_margin,actual_home_margin,home_win,neutral,production_home_probability,projected_winner_probability,projected_winner_correct,winner_prob_bucket
2019,1,CHI,GB,9.482122678350326,-7.0,0,False,0.7593918435079858,0.7593918435079858,0,75-80%
2019,1,CAR,LA,0.14304120307510848,-3.0,0,False,0.5043344733269949,0.5043344733269949,0,50-55%
2019,1,CLE,TEN,2.084799994884113,-30.0,0,False,0.5628416964163646,0.5628416964163646,0,55-60%
2019,1,JAX,KC,-6.802995055543936,-14.0,0,False,0.3047869237546919,0.6952130762453081,1,65-70%
2019,1,MIA,BAL,-7.338540702610509,-49.0,0,False,0.29120887493637965,0.7087911250636203,1,70-75%
2019,1,MIN,ATL,2.8323491014024205,16.0,1,False,0.5849955609962099,0.5849955609962099,1,55-60%
2019,1,NYJ,BUF,-3.143531127473973,-1.0,0,False,0.40587751472484784,0.5941224852751521,1,55-60%
2019,1,PHI,WAS,9.984533935621442,5.0,1,False,0.7703425681364423,0.7703425681364423,1,75-80%
2019,1,LAC,IND,0.10698201851044753,6.0,1,False,0.503241833920973,0.503241833920973,1,50-55%
2019,1,SEA,CIN,4.458201870735063,1.0,1,False,0.6319026963574886,0.6319026963574886,1,60-65%
2019,1,DAL,NYG,2.567061840614062,18.0,1,False,0.5771681373270156,0.5771681373270156,1,55-60%
2019,1,TB,SF,2.741790064976704,-14.0,0,False,0.5823281854149203,0.5823281854149203,0,55-60%
2019,1,NE,PIT,5.986910582829435,30.0,1,False,0.6738579108553191,0.6738579108553191,1,65-70%
2019,1,NO,HOU,2.6859414182942376,2.0,1,False,0.580680773753487,0.580680773753487,1,55-60%
2019,1,OAK,DEN,-0.739323556563529,8.0,1,False,0.47761123724506915,0.5223887627549308,0,50-55%
2019,2,CAR,TB,7.238476175833648,-6.0,0,False,0.70628129131689,0.70628129131689,0,70-75%
2019,2,BAL,ARI,18.069198657724733,6.0,1,False,0.8993665430391834,0.8993665430391834,1,80%+
2019,2,CIN,SF,0.23776106266741182,-24.0,0,False,0.5072043820515607,0.5072043820515607,0,50-55%
2019,2,DET,LAC,-0.9192520483676099,3.0,1,False,0.4721726620338579,0.5278273379661421,0,50-55%
2019,2,GB,MIN,-3.243856438033508,5.0,1,False,0.40294847410136586,0.5970515258986342,0,55-60%
2019,2,HOU,JAX,7.956983807831155,1.0,1,False,0.7240184551888009,0.7240184551888009,1,70-75%
2019,2,MIA,NE,-23.43374891841204,-43.0,0,False,0.055176843301576725,0.9448231566984233,1,80%+
2019,2,NYG,BUF,0.7604681469459085,-14.0,0,False,0.523028186165419,0.523028186165419,0,50-55%
2019,2,PIT,SEA,-0.8642343865630424,-2.0,0,False,0.47383500217230246,0.5261649978276975,1,50-55%
2019,2,TEN,IND,4.802469625176681,-2.0,0,False,0.6415545043494142,0.6415545043494142,0,60-65%
2019,2,WAS,DAL,-6.257565012885597,-10.0,0,False,0.3189736005091521,0.6810263994908479,1,65-70%
2019,2,OAK,KC,-8.240057220928906,-18.0,0,False,0.2691784411638273,0.7308215588361727,1,70-75%
2019,2,DEN,CHI,-3.5100820303707385,-2.0,0,False,0.3952098882848895,0.6047901117151104,1,60-65%
2019,2,LA,NO,2.844946795570226,18.0,1,False,0.585366229750257,0.585366229750257,1,55-60%
2019,2,ATL,PHI,-1.8049826869396066,4.0,1,False,0.4455206961591109,0.5544793038408891,0,55-60%
2019,2,NYJ,CLE,0.4771340325548221,-20.0,0,False,0.5144545782735218,0.5144545782735218,0,50-55%
2019,3,JAX,TEN,-6.508793907465523,13.0,1,False,0.312395304244599,0.687604695755401,0,65-70%
2019,3,BUF,CIN,7.651424007674893,4.0,1,False,0.7165567119036824,0.7165567119036824,1,70-75%
2019,3,DAL,MIA,23.563805301943628,25.0,1,False,0.9456392529171502,0.9456392529171502,1,80%+
2019,3,GB,DEN,6.273602909605828,11.0,1,False,0.6814485421175449,0.6814485421175449,1,65-70%
2019,3,IND,ATL,6.582870328930566,3.0,1,False,0.6895301602388565,0.6895301602388565,1,65-70%
2019,3,KC,BAL,2.502588852868006,5.0,1,False,0.57525980645698,0.57525980645698,1,55-60%
2019,3,MIN,OAK,9.571442571847461,20.0,1,False,0.7613644858544896,0.7613644858544896,1,75-80%
2019,3,NE,NYJ,25.928564075902784,16.0,1,False,0.9586263135919583,0.9586263135919583,1,80%+
2019,3,PHI,DET,0.8420813110573395,-3.0,0,False,0.5254954841939808,0.5254954841939808,0,50-55%
2019,3,ARI,CAR,-1.3457232274586255,-18.0,0,False,0.45931068824943455,0.5406893117505654,1,50-55%
2019,3,TB,NYG,5.2245836601275935,-1.0,0,False,0.653233469400462,0.653233469400462,0,65-70%
2019,3,LAC,HOU,4.101302300949222,-7.0,0,False,0.6217840581033641,0.6217840581033641,0,60-65%
2019,3,SEA,NO,2.5866289952734207,-6.0,0,False,0.577746851475211,0.577746851475211,0,55-60%
2019,3,SF,PIT,8.780458928323975,4.0,1,False,0.7435110514780549,0.7435110514780549,1,70-75%
2019,3,CLE,LA,-5.963191039914417,-7.0,0,False,0.326774274436975,0.673225725563025,1,65-70%
2019,3,WAS,CHI,-4.464348065080227,-16.0,0,False,0.3679240339956613,0.6320759660043387,1,60-65%
2019,4,GB,PHI,3.1949814546808666,-7.0,0,False,0.5956254504490185,0.5956254504490185,0,55-60%
2019,4,ATL,TEN,0.3200486735076542,-14.0,0,False,0.5096972285227127,0.5096972285227127,0,50-55%
2019,4,BAL,CLE,10.27955764125192,-15.0,0,False,0.7766078862002526,0.7766078862002526,0,75-80%
2019,4,BUF,NE,-10.984050549728291,-6.0,0,False,0.2089278720767987,0.7910721279232014,1,75-80%
2019,4,DET,KC,-4.710958193858855,-4.0,0,False,0.3610002907537215,0.6389997092462785,1,60-65%
2019,4,HOU,CAR,2.635637548107254,-6.0,0,False,0.5791953785090471,0.5791953785090471,0,55-60%
2019,4,IND,OAK,12.342624196235594,-7.0,0,False,0.8169884452274448,0.8169884452274448,0,80%+
2019,4,MIA,LAC,-17.304327457903252,-20.0,0,False,0.10934060672238892,0.8906593932776111,1,80%+
2019,4,NYG,WAS,4.448241873231454,21.0,1,False,0.6316218380744085,0.6316218380744085,1,60-65%
2019,4,ARI,SEA,-4.88305179195468,-17.0,0,False,0.35620244968951553,0.6437975503104845,1,60-65%
2019,4,LA,TB,11.57896434265125,-15.0,0,False,0.8027404131664455,0.8027404131664455,0,80%+
2019,4,CHI,MIN,0.016058480708101674,10.0,1,False,0.5004866204738762,0.5004866204738762,1,50-55%
2019,4,DEN,JAX,-3.1957500087377477,-2.0,0,False,0.4043521120924967,0.5956478879075033,1,55-60%
2019,4,NO,DAL,-1.2706325866492556,2.0,1,False,0.4615719147658486,0.5384280852341514,0,50-55%
2019,4,PIT,CIN,5.010600277285714,24.0,1,False,0.6473350345067951,0.6473350345067951,1,60-65%
2019,5,SEA,LA,1.2189084732692386,1.0,1,False,0.5368695758890886,0.5368695758890886,1,50-55%
2019,5,CAR,JAX,4.773133359963851,7.0,1,False,0.6407363678617547,0.6407363678617547,1,60-65%
2019,5,CIN,ARI,3.168376060875736,-3.0,0,False,0.594848476645183,0.594848476645183,0,55-60%
2019,5,HOU,ATL,5.156638376125488,21.0,1,False,0.6513655551349107,0.6513655551349107,1,65-70%
2019,5,NO,TB,2.1416662837397595,7.0,1,False,0.5645369557192049,0.5645369557192049,1,55-60%
2019,5,NYG,MIN,-2.776456471420911,-18.0,0,False,0.4166501531445494,0.5833498468554505,1,55-60%
2019,5,OAK,CHI,-8.257218844840613,3.0,1,True,0.2687694184545279,0.731230581545472,0,70-75%
2019,5,PHI,NYJ,11.78515208683485,25.0,1,False,0.8066680028345928,0.8066680028345928,1,80%+
2019,5,PIT,BAL,1.1119069827982624,-3.0,0,False,0.5336432396995803,0.5336432396995803,0,50-55%
2019,5,TEN,BUF,4.961558330471909,-7.0,0,False,0.6459767697301827,0.6459767697301827,0,60-65%
2019,5,WAS,NE,-20.29009879257716,-26.0,0,False,0.07875342809406828,0.9212465719059317,1,80%+
2019,5,LAC,DEN,7.509690685188875,-7.0,0,False,0.7130544968847875,0.7130544968847875,0,70-75%
2019,5,DAL,GB,5.587489498622885,-10.0,0,False,0.6631294424742527,0.6631294424742527,0,65-70%
2019,5,KC,IND,10.191386649137932,-6.0,0,False,0.7747482712149676,0.7747482712149676,0,75-80%
2019,5,SF,CLE,2.532225637238267,28.0,1,False,0.5761373055109436,0.5761373055109436,1,55-60%
2019,6,NE,NYG,18.751244046189374,21.0,1,False,0.9066057640140704,0.9066057640140704,1,80%+
2019,6,TB,CAR,-2.9363568715293797,-11.0,0,True,0.41194708104587396,0.588052918954126,1,55-60%
2019,6,BAL,CIN,14.285328142525914,6.0,1,False,0.8496112043378011,0.8496112043378011,1,80%+
2019,6,CLE,SEA,-1.0656126418205447,-4.0,0,False,0.46775352774248335,0.5322464722575166,1,50-55%
2019,6,JAX,NO,-1.4291149004409316,-7.0,0,False,0.45680145638782443,0.5431985436121756,1,50-55%
2019,6,KC,HOU,3.65746700029474,-7.0,0,False,0.6090520576790973,0.6090520576790973,0,60-65%
2019,6,MIA,WAS,-5.519183768484399,-1.0,0,False,0.3387225918772102,0.6612774081227898,1,65-70%
2019,6,MIN,PHI,2.926797511278229,18.0,1,False,0.5877721966086646,0.5877721966086646,1,55-60%
2019,6,ARI,ATL,-1.484785173089093,1.0,1,False,0.4551275650935572,0.5448724349064429,0,50-55%
2019,6,LA,SF,-4.975113188904259,-13.0,0,False,0.3536475784895743,0.6463524215104257,1,60-65%
2019,6,DEN,TEN,-1.9789270463553252,16.0,1,False,0.44031840098881714,0.5596815990111829,0,55-60%
2019,6,NYJ,DAL,-9.6703542310711,2.0,1,False,0.2364640269254492,0.7635359730745508,0,75-80%
2019,6,LAC,PIT,-0.7387556834550548,-7.0,0,False,0.4776284110444886,0.5223715889555114,1,50-55%
2019,6,GB,DET,1.7965924667725337,1.0,1,False,0.554228059286025,0.554228059286025,1,55-60%
2019,7,DEN,KC,-0.7081982372057956,-24.0,0,False,0.47855261601589716,0.5214473839841028,1,50-55%
2019,7,ATL,LA,-4.4733370398822965,-27.0,0,False,0.36767068387607815,0.6323293161239218,1,60-65%
2019,7,BUF,MIA,22.386899847729314,10.0,1,False,0.9378222735869984,0.9378222735869984,1,80%+
2019,7,CIN,JAX,-4.750572193017225,-10.0,0,False,0.35989338065058896,0.640106619349411,1,60-65%
2019,7,DET,MIN,-3.941316165623479,-12.0,0,False,0.3827870452721985,0.6172129547278016,1,60-65%
2019,7,GB,OAK,5.642559321341215,18.0,1,False,0.6646189641743782,0.6646189641743782,1,65-70%
2019,7,IND,HOU,-0.9233645152065926,7.0,1,False,0.472048429556449,0.527951570443551,0,50-55%
2019,7,NYG,ARI,5.024493904000589,-6.0,0,False,0.6477194007687543,0.6477194007687543,0,60-65%
2019,7,WAS,SF,-20.40627427525874,-9.0,0,False,0.07773781063963833,0.9222621893603616,1,80%+
2019,7,TEN,LAC,2.683542116468577,3.0,1,False,0.5806099590655224,0.5806099590655224,1,55-60%
2019,7,CHI,NO,0.6528781750750039,-11.0,0,False,0.5197738685069213,0.5197738685069213,0,50-55%
2019,7,SEA,BAL,1.6819018993454804,-14.0,0,False,0.55079093278113,0.55079093278113,0,55-60%
2019,7,DAL,PHI,-1.159630418126086,27.0,1,False,0.4649174271902301,0.5350825728097699,0,50-55%
2019,7,NYJ,NE,-19.767719061425645,-33.0,0,False,0.08347155723795224,0.9165284427620477,1,80%+
2019,8,MIN,WAS,21.575414569707696,10.0,1,False,0.9318335544486497,0.9318335544486497,1,80%+
2019,8,ATL,SEA,-7.118164804183144,-7.0,0,False,0.296753038282551,0.703246961717449,1,70-75%
2019,8,BUF,PHI,5.808883296722288,-18.0,0,False,0.6690977317902687,0.6690977317902687,0,65-70%
2019,8,CHI,LAC,4.737718366467587,-1.0,0,False,0.6397476152653143,0.6397476152653143,0,60-65%
2019,8,DET,NYG,9.667414308274067,5.0,1,False,0.763471627698317,0.763471627698317,1,75-80%
2019,8,IND,DEN,8.982784771850714,2.0,1,False,0.7481599063519108,0.7481599063519108,1,70-75%
2019,8,JAX,NYJ,12.051567148540459,14.0,1,False,0.8116543934735349,0.8116543934735349,1,80%+
2019,8,LA,CIN,13.171437475278305,14.0,1,True,0.8315339491564843,0.8315339491564843,1,80%+
2019,8,NO,ARI,13.690173311551913,22.0,1,False,0.8401594509988496,0.8401594509988496,1,80%+
2019,8,TEN,TB,1.2599901942725946,4.0,1,False,0.5381074775934628,0.5381074775934628,1,50-55%
2019,8,SF,CAR,4.603091584112938,38.0,1,False,0.6359781918911749,0.6359781918911749,1,60-65%
2019,8,HOU,OAK,9.688927914992286,3.0,1,False,0.7639422114126925,0.7639422114126925,1,75-80%
2019,8,NE,CLE,19.21272242924916,14.0,1,False,0.9112355213709895,0.9112355213709895,1,80%+
2019,8,KC,GB,5.037198759562684,-7.0,0,False,0.6480707124133217,0.6480707124133217,0,60-65%
2019,8,PIT,MIA,19.585709859238758,13.0,1,False,0.914825047599698,0.914825047599698,1,80%+
2019,9,ARI,SF,-19.79734603807169,-3.0,0,False,0.08319723043369205,0.9168027695663079,1,80%+
2019,9,JAX,HOU,-3.1478583002746836,-23.0,0,True,0.4057510411419435,0.5942489588580565,1,55-60%
2019,9,BUF,WAS,6.1426772778040535,15.0,1,False,0.6779937125473399,0.6779937125473399,1,65-70%
2019,9,CAR,TEN,1.4746329236156042,10.0,1,False,0.5445672519773812,0.5445672519773812,1,50-55%
2019,9,KC,MIN,-0.10364314952946363,3.0,1,False,0.4968593398049861,0.5031406601950139,0,50-55%
2019,9,MIA,NYJ,-1.5408526982065027,8.0,1,False,0.4534427535736223,0.5465572464263777,0,50-55%
2019,9,PHI,CHI,2.963458735939197,8.0,1,False,0.588848486508716,0.588848486508716,1,55-60%
2019,9,PIT,IND,-0.40301213966753857,2.0,1,False,0.48778993891355055,0.5122100610864495,0,50-55%
2019,9,OAK,DET,-1.1623747743896578,7.0,1,False,0.46483467526604355,0.5351653247339565,0,50-55%
2019,9,SEA,TB,1.9933774422972153,6.0,1,False,0.5601132056875205,0.5601132056875205,1,55-60%
2019,9,DEN,CLE,1.3004057767985666,5.0,1,False,0.5393248484946419,0.5393248484946419,1,50-55%
2019,9,LAC,GB,-6.5314214915400095,15.0,1,False,0.3118064553166944,0.6881935446833056,0,65-70%
2019,9,BAL,NE,-8.211599858682455,17.0,1,False,0.2698575475363008,0.7301424524636992,0,70-75%
2019,9,NYG,DAL,-8.075111638514532,-19.0,0,False,0.27312967469679256,0.7268703253032074,1,70-75%
2019,10,OAK,LAC,-1.828933635228103,2.0,1,False,0.4448036402807409,0.5551963597192591,0,55-60%
2019,10,CHI,DET,1.494920238149832,7.0,1,False,0.5451770676451416,0.5451770676451416,1,50-55%
2019,10,CIN,BAL,-16.35747858736842,-36.0,0,False,0.1210286852770757,0.8789713147229243,1,80%+
2019,10,CLE,BUF,1.9316442341520186,3.0,1,False,0.5582687212131392,0.5582687212131392,1,55-60%
2019,10,NO,ATL,18.913618175483876,-17.0,0,False,0.9082589656793099,0.9082589656793099,0,80%+
2019,10,NYJ,NYG,-3.246050607449556,7.0,1,False,0.40288449084718453,0.5971155091528155,0,55-60%
2019,10,TB,ARI,4.20562642904994,3.0,1,False,0.624753235533353,0.624753235533353,1,60-65%
2019,10,TEN,KC,-7.070571124717964,3.0,1,False,0.29795837027055794,0.7020416297294421,0,70-75%
2019,10,IND,MIA,17.167970778763017,-4.0,0,False,0.8890393787270391,0.8890393787270391,0,80%+
2019,10,GB,CAR,4.188687212091357,8.0,1,False,0.6242717580769017,0.6242717580769017,1,60-65%
2019,10,PIT,LA,-1.2759537911539012,5.0,1,False,0.4614116225978343,0.5385883774021657,0,50-55%
2019,10,DAL,MIN,0.4140998542608425,-4.0,0,False,0.5125458465111364,0.5125458465111364,0,50-55%
2019,10,SF,SEA,12.908913472245723,-3.0,0,False,0.8270291393310342,0.8270291393310342,0,80%+
2019,11,CLE,PIT,-2.602212680986966,14.0,1,False,0.4217924012108252,0.5782075987891748,0,55-60%
2019,11,BAL,HOU,7.731663264173216,34.0,1,False,0.7185279201947622,0.7185279201947622,1,70-75%
2019,11,CAR,ATL,4.887353180668601,-26.0,0,False,0.6439171054898505,0.6439171054898505,0,60-65%
2019,11,DET,DAL,-5.420050229042729,-8.0,0,False,0.34141928626131945,0.6585807137386805,1,65-70%
2019,11,IND,JAX,4.354619356941004,20.0,1,False,0.6289774701291833,0.6289774701291833,1,60-65%
2019,11,MIA,BUF,-4.931014960761895,-17.0,0,False,0.3548703522261348,0.6451296477738653,1,60-65%
2019,11,MIN,DEN,10.44324823236215,4.0,1,False,0.7800312119797351,0.7800312119797351,1,75-80%
2019,11,TB,NO,-1.505123689132273,-17.0,0,False,0.45451627827534213,0.5454837217246579,1,50-55%
2019,11,WAS,NYJ,3.0518054448041996,-17.0,0,False,0.5914386353643931,0.5914386353643931,0,55-60%
2019,11,SF,ARI,14.069684282132663,10.0,1,False,0.8462408086191581,0.8462408086191581,1,80%+
2019,11,OAK,CIN,13.801259173928148,7.0,1,False,0.8419594089632837,0.8419594089632837,1,80%+
2019,11,PHI,NE,-6.521051546851484,-7.0,0,False,0.31207624222821917,0.6879237577717808,1,65-70%
2019,11,LA,CHI,5.453896585564763,10.0,1,False,0.6595025885942958,0.6595025885942958,1,65-70%
2019,11,LAC,KC,-2.794733847990054,-7.0,0,True,0.41611178397727655,0.5838882160227234,1,55-60%
2019,12,HOU,IND,1.7955408270353514,3.0,1,False,0.5541965660506952,0.5541965660506952,1,55-60%
2019,12,ATL,TB,8.969209365299129,-13.0,0,False,0.747849739429767,0.747849739429767,0,70-75%
2019,12,BUF,DEN,1.3564246560819335,17.0,1,False,0.5410114328439687,0.5410114328439687,1,50-55%
2019,12,CHI,NYG,10.296222692998088,5.0,1,False,0.7769581373827161,0.7769581373827161,1,75-80%
2019,12,CIN,PIT,-9.24646679582088,-6.0,0,False,0.2458659156242712,0.7541340843757288,1,75-80%
2019,12,CLE,MIA,14.108082860259698,17.0,1,False,0.8468454476045707,0.8468454476045707,1,80%+
2019,12,NO,CAR,11.14616376011762,3.0,1,False,0.7943012622900406,0.7943012622900406,1,75-80%
2019,12,NYJ,OAK,-4.117895668441141,31.0,1,False,0.37774305913314804,0.6222569408668519,0,60-65%
2019,12,PHI,SEA,0.8663055794825223,-8.0,0,False,0.5262275889648818,0.5262275889648818,0,50-55%
2019,12,WAS,DET,-8.988373320436503,3.0,1,False,0.2517124816912015,0.7482875183087985,0,70-75%
2019,12,TEN,JAX,7.6150198248285355,22.0,1,False,0.7156596372579969,0.7156596372579969,1,70-75%
2019,12,NE,DAL,6.285269266887128,4.0,1,False,0.6817554319466337,0.6817554319466337,1,65-70%
2019,12,SF,GB,5.297019143527163,29.0,1,False,0.655219638967367,0.655219638967367,1,65-70%
2019,12,LA,BAL,-11.46308613772217,-39.0,0,False,0.19949318245982267,0.8005068175401773,1,80%+
2019,13,DET,CHI,-0.9274284095287737,-4.0,0,False,0.47192566779473866,0.5280743322052613,1,50-55%
2019,13,DAL,BUF,4.811958666088708,-11.0,0,False,0.6418189608853668,0.6418189608853668,0,60-65%
2019,13,ATL,NO,-2.302218004678198,-8.0,0,False,0.43068504695227194,0.5693149530477281,1,55-60%
2019,13,BAL,SF,12.543044894657989,3.0,1,False,0.8205928227951632,0.8205928227951632,1,80%+
2019,13,CAR,WAS,8.502757363253512,-8.0,0,False,0.7370394225767871,0.7370394225767871,0,70-75%
2019,13,CIN,NYJ,-7.871767399944523,16.0,1,False,0.2780502622741576,0.7219497377258424,0,70-75%
2019,13,IND,TEN,1.2658374809492077,-14.0,0,False,0.5382836340836815,0.5382836340836815,0,50-55%
2019,13,JAX,TB,-6.206960935507056,-17.0,0,False,0.3203075254393554,0.6796924745606445,1,65-70%
2019,13,MIA,PHI,-9.908709692590469,6.0,1,False,0.23128746296938116,0.7687125370306188,0,75-80%
2019,13,NYG,GB,-6.479989909436688,-18.0,0,False,0.31314576203528977,0.6868542379647102,1,65-70%
2019,13,PIT,CLE,-1.0794929925693542,7.0,1,False,0.4673346833635254,0.5326653166364745,0,50-55%
2019,13,ARI,LA,-1.237804261245816,-27.0,0,False,0.462560986300001,0.537439013699999,1,50-55%
2019,13,DEN,LAC,-1.8540529651753295,3.0,1,False,0.4440518516946339,0.5559481483053661,0,55-60%
2019,13,KC,OAK,14.9476471535243,31.0,1,False,0.8595836273445898,0.8595836273445898,1,80%+
2019,13,HOU,NE,-5.817793534298535,6.0,1,False,0.3306631870869313,0.6693368129130687,0,65-70%
2019,13,SEA,MIN,-0.9293747509490553,7.0,1,False,0.47186687408614164,0.5281331259138584,0,50-55%
2019,14,CHI,DAL,-2.891443956596037,7.0,1,False,0.41326649870915805,0.5867335012908419,0,55-60%
2019,14,ATL,CAR,6.156222368024787,20.0,1,False,0.6783520489888499,0.6783520489888499,1,65-70%
2019,14,BUF,BAL,-13.320943154810763,-7.0,0,False,0.1659426696405502,0.8340573303594498,1,80%+
2019,14,CLE,CIN,8.506004871242219,8.0,1,False,0.7371157072193222,0.7371157072193222,1,70-75%
2019,14,GB,WAS,11.29350021144181,5.0,1,False,0.7972038477567385,0.7972038477567385,1,75-80%
2019,14,HOU,DEN,7.598322544932549,-14.0,0,False,0.7152476096963423,0.7152476096963423,0,70-75%
2019,14,MIN,DET,12.283315228055471,13.0,1,False,0.8159111126861472,0.8159111126861472,1,80%+
2019,14,NO,SF,-8.296332124535155,-2.0,0,False,0.26783867963242597,0.7321613203675741,1,70-75%
2019,14,NYJ,MIA,5.003222811959714,1.0,1,False,0.6471308598412165,0.6471308598412165,1,60-65%
2019,14,TB,IND,3.638108544847174,3.0,1,False,0.6084932002262032,0.6084932002262032,1,60-65%
2019,14,JAX,LAC,-9.466817518704225,-35.0,0,False,0.24094728875232196,0.759052711247678,1,75-80%
2019,14,ARI,PIT,-7.17828138133181,-6.0,0,False,0.2952345946020598,0.7047654053979402,1,70-75%
2019,14,NE,KC,0.9833338003605812,-7.0,0,False,0.5297627663323862,0.5297627663323862,0,50-55%
2019,14,OAK,TEN,-13.872104416810362,-21.0,0,False,0.15690128488324603,0.8430987151167539,1,80%+
2019,14,LA,SEA,0.09634054563236538,16.0,1,False,0.5029193772981452,0.5029193772981452,1,50-55%
2019,14,PHI,NYG,9.774788802486356,6.0,1,False,0.7658138630084216,0.7658138630084216,1,75-80%
2019,15,BAL,NYJ,27.29535371831366,21.0,1,False,0.9647202059395013,0.9647202059395013,1,80%+
2019,15,CAR,SEA,-10.724971660344103,-6.0,0,False,0.2141655950813642,0.7858344049186358,1,75-80%
2019,15,CIN,NE,-10.642626001118844,-21.0,0,False,0.21585022574323487,0.7841497742567651,1,75-80%
2019,15,DET,TB,-4.391184884950861,-21.0,0,False,0.3699888064232208,0.6300111935767791,1,60-65%
2019,15,GB,CHI,1.797656365687673,8.0,1,False,0.5542599192013573,0.5542599192013573,1,55-60%
2019,15,KC,DEN,9.127678632500077,20.0,1,False,0.7514546035402208,0.7514546035402208,1,75-80%
2019,15,NYG,MIA,-0.5343327209336632,16.0,1,False,0.48381375719814695,0.5161862428018531,0,50-55%
2019,15,TEN,HOU,7.396383563207281,-3.0,0,False,0.7102361708952746,0.7102361708952746,0,70-75%
2019,15,WAS,PHI,-1.8288034493816172,-10.0,0,False,0.4448075372335239,0.5551924627664762,1,55-60%
2019,15,ARI,CLE,-6.74598537111287,14.0,1,False,0.30625312460884796,0.693746875391152,0,65-70%
2019,15,LAC,MIN,1.035058043680796,-29.0,0,False,0.5313243173874479,0.5313243173874479,0,50-55%
2019,15,OAK,JAX,5.225057690918594,-4.0,0,False,0.6532464847064211,0.6532464847064211,0,65-70%
2019,15,DAL,LA,-3.82297640835945,23.0,1,False,0.38618167442631324,0.6138183255736868,0,60-65%
2019,15,SF,ATL,14.124531891357334,-7.0,0,False,0.8471038640005317,0.8471038640005317,0,80%+
2019,15,PIT,BUF,-4.684262421688411,-7.0,0,False,0.36174706916397487,0.6382529308360252,1,60-65%
2019,15,NO,IND,7.1019545152098456,27.0,1,False,0.7028367451651498,0.7028367451651498,1,70-75%
2019,16,TB,HOU,3.1249850321468573,-3.0,0,False,0.5935802831203913,0.5935802831203913,0,55-60%
2019,16,NE,BUF,2.4739003045984465,7.0,1,False,0.5744099310724539,0.5744099310724539,1,55-60%
2019,16,SF,LA,8.043604610404763,3.0,1,False,0.7261114765290195,0.7261114765290195,1,70-75%
2019,16,ATL,JAX,19.114159378217057,12.0,1,False,0.9102644216846834,0.9102644216846834,1,80%+
2019,16,CLE,BAL,-20.03889445121065,-16.0,0,False,0.0809910725704176,0.9190089274295824,1,80%+
2019,16,IND,CAR,6.000764045856689,32.0,1,False,0.6742268482770667,0.6742268482770667,1,65-70%
2019,16,MIA,CIN,-1.1076450166355205,3.0,1,False,0.4664853282968653,0.5335146717031347,0,50-55%
2019,16,NYJ,PIT,-3.215691244153817,6.0,1,False,0.4037700801379854,0.5962299198620147,0,55-60%
2019,16,TEN,NO,-2.056926064755234,-10.0,0,False,0.4379898012986261,0.5620101987013739,1,55-60%
2019,16,WAS,NYG,0.4400661153302845,-6.0,0,False,0.5133321758088434,0.5133321758088434,0,50-55%
2019,16,DEN,DET,10.394079977937565,10.0,1,False,0.7790069100097871,0.7790069100097871,1,75-80%
2019,16,LAC,OAK,14.787905457554913,-7.0,0,False,0.8572302535779909,0.8572302535779909,0,80%+
2019,16,PHI,DAL,-6.3892248268683245,8.0,1,False,0.31551694630054783,0.6844830536994522,0,65-70%
2019,16,SEA,ARI,7.8563325654768015,-14.0,0,False,0.7215740227135853,0.7215740227135853,0,70-75%
2019,16,CHI,KC,-10.819612082969273,-23.0,0,False,0.21224127633661827,0.7877587236633817,1,75-80%
2019,16,MIN,GB,11.090536620718437,-13.0,0,False,0.7931974107424472,0.7931974107424472,0,75-80%
2019,17,BUF,NYJ,11.360096824914432,-7.0,0,False,0.7985057676487181,0.7985057676487181,0,75-80%
2019,17,CAR,NO,-21.275630715680844,-32.0,0,False,0.07051112567693438,0.9294888743230656,1,80%+
2019,17,CIN,CLE,-4.520270174805622,10.0,1,False,0.36634908412031736,0.6336509158796826,0,60-65%
2019,17,DET,GB,-12.412044489509013,-3.0,0,False,0.18175677501952409,0.8182432249804759,1,80%+
2019,17,KC,LAC,20.09043104768043,10.0,1,False,0.9194726753562391,0.9194726753562391,1,80%+
2019,17,MIN,CHI,11.27720992809476,-2.0,0,False,0.7968844303443495,0.7968844303443495,0,75-80%
2019,17,NE,MIA,20.654247499529465,-3.0,0,False,0.9243899748744205,0.9243899748744205,0,80%+
2019,17,TB,ATL,2.0665366477043428,-6.0,0,False,0.5622969283203177,0.5622969283203177,0,55-60%
2019,17,BAL,PIT,21.0451585582967,18.0,1,False,0.9276358545880755,0.9276358545880755,1,80%+
2019,17,DAL,WAS,14.828810466395712,31.0,1,False,0.8578359943191824,0.8578359943191824,1,80%+
2019,17,DEN,OAK,11.729571994621232,1.0,1,False,0.8056151675677139,0.8056151675677139,1,80%+
2019,17,HOU,TEN,2.278565133677832,-21.0,0,False,0.568611834885893,0.568611834885893,0,55-60%
2019,17,JAX,IND,-11.022334050622225,18.0,1,False,0.20816195248613897,0.791838047513861,0,75-80%
2019,17,LA,ARI,4.9740586281257855,7.0,1,False,0.6463232024760522,0.6463232024760522,1,60-65%
2019,17,NYG,PHI,-4.941348891011367,-17.0,0,False,0.3545836379643395,0.6454163620356606,1,60-65%
2019,17,SEA,SF,-7.813912736879682,-5.0,0,False,0.27946016581060057,0.7205398341893994,1,70-75%
2019,18,HOU,BUF,-2.2012928544155663,3.0,1,False,0.4336871171128029,0.566312882887197,0,55-60%
2019,18,NE,TEN,-0.7500763865183215,-7.0,0,False,0.4772860567728142,0.5227139432271858,1,50-55%
2019,18,NO,MIN,8.905100083210577,-6.0,0,False,0.7463815712762717,0.7463815712762717,0,70-75%
2019,18,PHI,SEA,6.0763406039453125,-8.0,0,False,0.6762357507555035,0.6762357507555035,0,65-70%
2019,19,SF,MIN,1.7932777981959187,17.0,1,False,0.5541287941238111,0.5541287941238111,1,55-60%
2019,19,BAL,TEN,10.714381307174577,-16.0,0,False,0.7856182841224972,0.7856182841224972,0,75-80%
2019,19,KC,HOU,13.618024949479748,20.0,1,False,0.8389815405135445,0.8389815405135445,1,80%+
2019,19,GB,SEA,4.868753371404653,5.0,1,False,0.6434000033109373,0.6434000033109373,1,60-65%
2019,20,KC,TEN,1.967719972203885,11.0,1,False,0.5593468022060787,0.5593468022060787,1,55-60%
2019,20,SF,GB,7.21199507466576,17.0,1,False,0.705614977705416,0.705614977705416,1,70-75%
2019,21,KC,SF,3.40028122151838,11.0,1,True,0.6016045664822083,0.6016045664822083,1,60-65%
2020,1,KC,HOU,11.16511266403837,14.0,1,False,0.7946762813719968,0.7946762813719968,1,75-80%
2020,1,ATL,SEA,3.216277321124621,-13.0,0,False,0.5962470218122737,0.5962470218122737,0,55-60%
2020,1,BAL,CLE,11.348003147450248,32.0,1,False,0.7982698094282253,0.7982698094282253,1,75-80%
2020,1,BUF,NYJ,2.8628260897827404,10.0,1,False,0.5858921358986252,0.5858921358986252,1,55-60%
2020,1,CAR,LV,-6.783046752990772,-4.0,0,False,0.30529951489235874,0.6947004851076413,1,65-70%
2020,1,DET,CHI,-1.5716792776907182,-4.0,0,False,0.45251687621928255,0.5474831237807174,1,50-55%
2020,1,JAX,IND,0.4491384141809769,7.0,1,False,0.5136068944370856,0.5136068944370856,1,50-55%
2020,1,MIN,GB,2.6383759937092943,-9.0,0,False,0.5792762777297465,0.5792762777297465,0,55-60%
2020,1,NE,MIA,6.822552682099687,10.0,1,False,0.6957151590239351,0.6957151590239351,1,65-70%
2020,1,WAS,PHI,-5.322035121286105,10.0,1,False,0.34409568004439917,0.6559043199556008,0,65-70%
2020,1,CIN,LAC,-0.22427475478349534,-3.0,0,False,0.4932042138197405,0.5067957861802594,1,50-55%
2020,1,NO,TB,5.8345271989878205,11.0,1,False,0.6697855772973937,0.6697855772973937,1,65-70%
2020,1,SF,ARI,7.635177729713132,-4.0,0,False,0.71615658128826,0.71615658128826,0,70-75%
2020,1,LA,DAL,-0.04984175797871515,3.0,1,False,0.4984896482914497,0.5015103517085503,0,50-55%
2020,1,NYG,PIT,-2.1883458678208747,-10.0,0,False,0.43407258909887975,0.5659274109011203,1,55-60%
2020,1,DEN,TEN,-5.436463976526581,-2.0,0,False,0.3409720739870842,0.6590279260129158,1,65-70%
2020,2,CLE,CIN,-0.971593787788404,5.0,1,False,0.4705917460260441,0.529408253973956,0,50-55%
2020,2,CHI,NYG,7.686574642720683,4.0,1,False,0.7174212712030573,0.7174212712030573,1,70-75%
2020,2,DAL,ATL,5.587252551946517,1.0,1,False,0.6631230265375091,0.6631230265375091,1,65-70%
2020,2,GB,DET,9.174025997813366,21.0,1,False,0.7525023721111886,0.7525023721111886,1,75-80%
2020,2,IND,MIN,-2.4498333507152834,17.0,1,False,0.42630337279125036,0.5736966272087496,0,55-60%
2020,2,MIA,BUF,-4.58530695787663,-3.0,0,False,0.3645210230501465,0.6354789769498534,1,60-65%
2020,2,NYJ,SF,-2.9957284615815976,-18.0,0,False,0.4102048506648273,0.5897951493351727,1,55-60%
2020,2,PHI,LA,-3.2578022431741385,-18.0,0,False,0.4025418626306835,0.5974581373693165,1,55-60%
2020,2,PIT,DEN,2.7944840843111507,5.0,1,False,0.5838808604556099,0.5838808604556099,1,55-60%
2020,2,TB,CAR,9.419156384973459,14.0,1,False,0.7579945456658318,0.7579945456658318,1,75-80%
2020,2,TEN,JAX,10.18449244292474,3.0,1,False,0.7746024036382064,0.7746024036382064,1,75-80%
2020,2,ARI,WAS,7.507396558609165,15.0,1,False,0.7129975970111172,0.7129975970111172,1,70-75%
2020,2,HOU,BAL,-9.867400171562236,-17.0,0,False,0.23217891113573466,0.7678210888642654,1,75-80%
2020,2,LAC,KC,-8.705864316940637,-3.0,0,False,0.2582170287396346,0.7417829712603654,1,70-75%
2020,2,SEA,NE,2.6786161082652553,5.0,1,False,0.580464558978241,0.580464558978241,1,55-60%
2020,2,LV,NO,-4.532103870411571,10.0,1,False,0.36601617300283296,0.633983826997167,0,60-65%
2020,3,JAX,MIA,3.6348455426437933,-18.0,0,False,0.6083989728522197,0.6083989728522197,0,60-65%
2020,3,ATL,CHI,2.2200911804595718,-4.0,0,False,0.566872424496376,0.566872424496376,0,55-60%
2020,3,BUF,LA,-1.11246502793877,3.0,1,False,0.4663399264415317,0.5336600735584682,0,50-55%
2020,3,CLE,WAS,1.6559825608832817,14.0,1,False,0.5500134796629053,0.5500134796629053,1,55-60%
2020,3,MIN,TEN,-5.94986904068758,-1.0,0,False,0.3271296155205174,0.6728703844794826,1,65-70%
2020,3,NE,LV,1.653779358475848,16.0,1,False,0.5499473830682958,0.5499473830682958,1,50-55%
2020,3,NYG,SF,-9.67992178103421,-27.0,0,False,0.2362547079425898,0.7637452920574102,1,75-80%
2020,3,PIT,HOU,5.244827252728157,7.0,1,False,0.6537890867010189,0.6537890867010189,1,65-70%
2020,3,IND,NYJ,5.168184189887696,29.0,1,False,0.6516832964006869,0.6516832964006869,1,65-70%
2020,3,LAC,CAR,10.576203895639136,-5.0,0,False,0.7827839256732256,0.7827839256732256,0,75-80%
2020,3,ARI,DET,10.932866627637537,-3.0,0,False,0.7900448790848307,0.7900448790848307,0,75-80%
2020,3,DEN,TB,0.4735699138131124,-18.0,0,False,0.5143466642659434,0.5143466642659434,0,50-55%
2020,3,SEA,DAL,3.377884522396352,7.0,1,False,0.6009537252108551,0.6009537252108551,1,60-65%
2020,3,NO,GB,-0.7541398707751343,-7.0,0,False,0.47716317637811667,0.5228368236218833,1,50-55%
2020,3,BAL,KC,5.092651612745789,-14.0,0,False,0.649602202170968,0.649602202170968,0,60-65%
2020,4,NYJ,DEN,-2.5273096662923615,-9.0,0,False,0.42400821568039876,0.5759917843196012,1,55-60%
2020,4,CAR,ARI,-4.866024111978676,10.0,1,False,0.3566759022970444,0.6433240977029556,0,60-65%
2020,4,CIN,JAX,2.1981217846035115,8.0,1,False,0.5662184776947394,0.5662184776947394,1,55-60%
2020,4,DAL,CLE,6.508880120110654,-11.0,0,False,0.6876069404615757,0.6876069404615757,0,65-70%
2020,4,DET,NO,-3.9450659515901867,-6.0,0,False,0.3826796657045227,0.6173203342954773,1,60-65%
2020,4,HOU,MIN,1.4834829100113114,-8.0,0,False,0.5448332899484535,0.5448332899484535,0,50-55%
2020,4,MIA,SEA,-2.435252261196289,-8.0,0,False,0.4267356810689002,0.5732643189310997,1,55-60%
2020,4,TB,LAC,8.321015476445282,7.0,1,False,0.7327476318233411,0.7327476318233411,1,70-75%
2020,4,WAS,BAL,-14.332931511315092,-14.0,0,False,0.14965302404202424,0.8503469759579758,1,80%+
2020,4,LA,NYG,14.320113289904093,8.0,1,False,0.8501491460855567,0.8501491460855567,1,80%+
2020,4,CHI,IND,-1.5615424175059383,-8.0,0,False,0.45282130121530545,0.5471786987846945,1,50-55%
2020,4,LV,BUF,-1.727709868406466,-7.0,0,False,0.44783566163490424,0.5521643383650958,1,55-60%
2020,4,SF,PHI,16.219786380560272,-5.0,0,False,0.8771845641556353,0.8771845641556353,0,80%+
2020,4,KC,NE,8.907054805532237,16.0,1,False,0.7464264197311435,0.7464264197311435,1,70-75%
2020,4,GB,ATL,9.54419007145825,14.0,1,False,0.7607637897397784,0.7607637897397784,1,75-80%
2020,5,CHI,TB,-2.5392690365185606,1.0,1,False,0.42365422077845,0.5763457792215501,0,55-60%
2020,5,ATL,CAR,3.074584740424998,-7.0,0,False,0.5921056623722872,0.5921056623722872,0,55-60%
2020,5,BAL,CIN,13.928940036398135,24.0,1,False,0.844007883970323,0.844007883970323,1,80%+
2020,5,HOU,JAX,3.8542488127645447,16.0,1,False,0.614716479939905,0.614716479939905,1,60-65%
2020,5,KC,LV,16.251215953647815,-8.0,0,False,0.8775943947128906,0.8775943947128906,0,80%+
2020,5,NYJ,ARI,-5.569662983687527,-20.0,0,False,0.3373534237259063,0.6626465762740936,1,65-70%
2020,5,PIT,PHI,4.652570850659931,9.0,1,False,0.6373655340868016,0.6373655340868016,1,60-65%
2020,5,WAS,LA,-9.05030030626883,-20.0,0,False,0.2503012817151974,0.7496987182848026,1,70-75%
2020,5,SF,MIA,7.769675272716572,-26.0,0,False,0.7194588308775965,0.7194588308775965,0,70-75%
2020,5,CLE,IND,-3.393410865591642,9.0,1,False,0.3985950459046229,0.6014049540953771,0,60-65%
2020,5,DAL,NYG,7.291755064689113,3.0,1,False,0.7076192134695778,0.7076192134695778,1,70-75%
2020,5,SEA,MIN,7.950124035302992,1.0,1,False,0.7238522799460908,0.7238522799460908,1,70-75%
2020,5,NO,LAC,6.557390271625407,3.0,1,False,0.6888685943793429,0.6888685943793429,1,65-70%
2020,5,TEN,BUF,1.2380918970350059,26.0,1,False,0.5374476810552345,0.5374476810552345,1,50-55%
2020,6,CAR,CHI,0.13950701948370248,-7.0,0,False,0.5042273847056887,0.5042273847056887,0,50-55%
2020,6,IND,CIN,10.182751160938462,4.0,1,False,0.7745655510113602,0.7745655510113602,1,75-80%
2020,6,JAX,DET,-2.9607875261427186,-18.0,0,False,0.4112299055367742,0.5887700944632258,1,55-60%
2020,6,MIN,ATL,6.003347278543732,-17.0,0,False,0.6742956195741466,0.6742956195741466,0,65-70%
2020,6,NE,DEN,7.89917773246181,-6.0,0,False,0.7226161915876221,0.7226161915876221,0,70-75%
2020,6,NYG,WAS,4.848889657245858,1.0,1,False,0.6428473934047743,0.6428473934047743,1,60-65%
2020,6,PHI,BAL,-10.625671691221262,-2.0,0,False,0.2161982673970347,0.7838017326029653,1,75-80%
2020,6,PIT,CLE,1.8955270695360913,31.0,1,False,0.5571888517670976,0.5571888517670976,1,55-60%
2020,6,TEN,HOU,11.762368444662094,6.0,1,False,0.8062369450833945,0.8062369450833945,1,80%+
2020,6,MIA,NYJ,19.15645679152146,24.0,1,False,0.9106823276841803,0.9106823276841803,1,80%+
2020,6,TB,GB,-2.7838159689936015,28.0,1,False,0.41643335151953315,0.5835666484804669,0,55-60%
2020,6,SF,LA,-4.036392000320903,8.0,1,False,0.3800679939028527,0.6199320060971474,0,60-65%
2020,6,BUF,KC,-7.6174062247447685,-9.0,0,False,0.28428150450906914,0.7157184954909308,1,70-75%
2020,6,DAL,ARI,-1.155722640544205,-28.0,0,False,0.4650352636618129,0.5349647363381871,1,50-55%
2020,7,PHI,NYG,8.167672599818566,1.0,1,False,0.7290920546562765,0.7290920546562765,1,70-75%
2020,7,ATL,DET,3.391486750571336,-1.0,0,False,0.6013490445129637,0.6013490445129637,0,60-65%
2020,7,CIN,CLE,0.20073212949261587,-3.0,0,False,0.5060824917332869,0.5060824917332869,0,50-55%
2020,7,HOU,GB,-1.3754044762529414,-15.0,0,False,0.45841734467640194,0.5415826553235981,1,50-55%
2020,7,NO,CAR,6.2194149717764375,3.0,1,False,0.6800210369954052,0.6800210369954052,1,65-70%
2020,7,NYJ,BUF,-10.354977458944617,-8.0,0,False,0.22181013253640774,0.7781898674635923,1,75-80%
2020,7,TEN,PIT,1.0063185984125258,-3.0,0,False,0.5304567494373761,0.5304567494373761,0,50-55%
2020,7,WAS,DAL,0.029157164359408183,22.0,1,False,0.5008835495154631,0.5008835495154631,1,50-55%
2020,7,LV,TB,-3.904370931166353,-25.0,0,False,0.38384562613747086,0.6161543738625291,1,60-65%
2020,7,DEN,KC,-7.64148882404865,-27.0,0,False,0.2836879418695489,0.7163120581304512,1,70-75%
2020,7,LAC,JAX,11.235627957721915,10.0,1,False,0.7960673982750772,0.7960673982750772,1,75-80%
2020,7,NE,SF,1.016665063864208,-27.0,0,False,0.5307691033857838,0.5307691033857838,0,50-55%
2020,7,ARI,SEA,2.731099871018495,3.0,1,False,0.5820129892762992,0.5820129892762992,1,55-60%
2020,7,LA,CHI,3.3269926940659262,14.0,1,False,0.599473500798987,0.599473500798987,1,55-60%
2020,8,CAR,ATL,-0.10348569749433878,-8.0,0,False,0.4968641108908131,0.5031358891091868,1,50-55%
2020,8,BAL,PIT,1.9954629671813204,-4.0,0,False,0.5601754889799424,0.5601754889799424,0,55-60%
2020,8,BUF,NE,4.649978860321967,3.0,1,False,0.6372929141572682,0.6372929141572682,1,60-65%
2020,8,CIN,TEN,-9.633718229017425,11.0,1,False,0.2372667329911086,0.7627332670088914,0,75-80%
2020,8,CLE,LV,0.012413572436161369,-10.0,0,False,0.5003761687907299,0.5003761687907299,0,50-55%
2020,8,DET,IND,-0.47178492782996284,-20.0,0,False,0.4857073818528667,0.5142926181471332,1,50-55%
2020,8,GB,MIN,9.710302450459542,-6.0,0,False,0.7644091120331077,0.7644091120331077,0,75-80%
2020,8,KC,NYJ,26.63075351184248,26.0,1,False,0.9618733810303083,0.9618733810303083,1,80%+
2020,8,MIA,LA,3.168262847656255,11.0,1,False,0.5948451693909014,0.5948451693909014,1,55-60%
2020,8,DEN,LAC,-0.029195540737846803,1.0,1,False,0.49911528756761425,0.5008847124323857,0,50-55%
2020,8,CHI,NO,-0.03034608439438169,-3.0,0,False,0.49908042272184105,0.500919577278159,1,50-55%
2020,8,SEA,SF,-0.6615468975864955,10.0,1,False,0.47996385925669366,0.5200361407433063,0,50-55%
2020,8,PHI,DAL,10.924689787263286,14.0,1,False,0.7898804287979089,0.7898804287979089,1,75-80%
2020,8,NYG,TB,-16.470699381653134,-2.0,0,False,0.11957632080601469,0.8804236791939853,1,80%+
2020,9,SF,GB,4.800300316159217,-17.0,0,False,0.6414940343002709,0.6414940343002709,0,60-65%
2020,9,ATL,DEN,6.328021144723919,7.0,1,False,0.6828786938466567,0.6828786938466567,1,65-70%
2020,9,BUF,SEA,-5.973883237641967,10.0,1,False,0.3264892224688035,0.6735107775311965,0,65-70%
2020,9,IND,BAL,-0.6377827198221973,-14.0,0,False,0.4806828704851708,0.5193171295148292,1,50-55%
2020,9,JAX,HOU,-5.89616357883838,-2.0,0,False,0.3285641244450762,0.6714358755549238,1,65-70%
2020,9,KC,CAR,17.729971719599135,2.0,1,False,0.8955834746530682,0.8955834746530682,1,80%+
2020,9,MIN,DET,4.966094547809808,14.0,1,False,0.6461025040099817,0.6461025040099817,1,60-65%
2020,9,TEN,CHI,5.25573373371012,7.0,1,False,0.6540882585794082,0.6540882585794082,1,65-70%
2020,9,WAS,NYG,-0.003444626886947466,-3.0,0,False,0.4998956173685786,0.5001043826314213,1,50-55%
2020,9,LAC,LV,-1.5174566130827716,-5.0,0,False,0.45414567117750476,0.5458543288224953,1,50-55%
2020,9,ARI,MIA,-0.6930509989907414,-3.0,0,False,0.47901079659263107,0.5209892034073689,1,50-55%
2020,9,DAL,PIT,-19.372576942816163,-5.0,0,False,0.08720965733248037,0.9127903426675197,1,80%+
2020,9,TB,NO,9.769852663840894,-35.0,0,False,0.765706541474553,0.765706541474553,0,75-80%
2020,9,NYJ,NE,-6.740667276128895,-3.0,0,False,0.3063900985456909,0.6936099014543091,1,65-70%
2020,10,TEN,IND,1.6906447468585768,-17.0,0,False,0.55105311958856,0.55105311958856,0,55-60%
2020,10,CAR,TB,-0.7962201360186396,-23.0,0,False,0.4758908278774204,0.5241091721225797,1,50-55%
2020,10,CLE,HOU,1.6360938604036572,3.0,1,False,0.5494167502398575,0.5494167502398575,1,50-55%
2020,10,DET,WAS,1.4910087304623179,3.0,1,False,0.5450595022610318,0.5450595022610318,1,50-55%
2020,10,GB,JAX,17.671312615275298,4.0,1,False,0.894916701349552,0.894916701349552,1,80%+
2020,10,NYG,PHI,0.4032395536814226,10.0,1,False,0.5122169483082908,0.5122169483082908,1,50-55%
2020,10,ARI,BUF,5.292158910571014,2.0,1,False,0.6550865407416828,0.6550865407416828,1,65-70%
2020,10,LV,DEN,7.0239557627497895,25.0,1,False,0.7008583471043521,0.7008583471043521,1,70-75%
2020,10,MIA,LAC,12.763916713355966,8.0,1,False,0.8245004805049535,0.8245004805049535,1,80%+
2020,10,LA,SEA,1.8894872351525602,7.0,1,False,0.5570082133120267,0.5570082133120267,1,55-60%
2020,10,NO,SF,10.678746926744742,14.0,1,False,0.7848899175229035,0.7848899175229035,1,75-80%
2020,10,PIT,CIN,9.947724529195998,26.0,1,False,0.7695522668158921,0.7695522668158921,1,75-80%
2020,10,NE,BAL,-12.75051558420883,6.0,1,False,0.17573469017528112,0.8242653098247189,0,80%+
2020,10,CHI,MIN,-0.5884791285407698,-6.0,0,False,0.4821748564791973,0.5178251435208028,1,50-55%
2020,11,SEA,ARI,-0.2961773322499115,7.0,1,False,0.49102589314679107,0.508974106853209,0,50-55%
2020,11,BAL,TEN,8.846759443104583,-6.0,0,False,0.7450406154260814,0.7450406154260814,0,70-75%
2020,11,CAR,DET,2.289971048299556,20.0,1,False,0.5689509280425207,0.5689509280425207,1,55-60%
2020,11,CLE,PHI,0.7141347983925141,5.0,1,False,0.5216269459974138,0.5216269459974138,1,50-55%
2020,11,HOU,NE,-1.6480302619476361,7.0,1,False,0.45022509948879275,0.5497749005112073,0,50-55%
2020,11,JAX,PIT,-15.97070868118831,-24.0,0,False,0.12610520512844753,0.8738947948715525,1,80%+
2020,11,NO,ATL,10.905547853528187,15.0,1,False,0.7894950820264445,0.7894950820264445,1,75-80%
2020,11,WAS,CIN,0.33283904863696434,11.0,1,False,0.5100846639565586,0.5100846639565586,1,50-55%
2020,11,DEN,MIA,-12.594883198033747,7.0,1,False,0.17848399173820514,0.8215160082617948,0,80%+
2020,11,LAC,NYJ,11.307932464780501,6.0,1,False,0.7974865201803829,0.7974865201803829,1,75-80%
2020,11,IND,GB,4.777153395550694,3.0,1,False,0.6408485280656021,0.6408485280656021,1,60-65%
2020,11,MIN,DAL,12.649155604538628,-3.0,0,False,0.8224785537642109,0.8224785537642109,0,80%+
2020,11,LV,KC,-3.0416795768937,-4.0,0,False,0.4088579802332414,0.5911420197667586,1,55-60%
2020,11,TB,LA,2.993388414616713,-3.0,0,False,0.5897265241274748,0.5897265241274748,0,55-60%
2020,12,DET,HOU,-3.9204063544006074,-16.0,0,False,0.38338603204772964,0.6166139679522704,1,60-65%
2020,12,DAL,WAS,-0.7973951405269812,-25.0,0,False,0.4758553045869549,0.5241446954130451,1,50-55%
2020,12,ATL,LV,-2.5542139030373114,37.0,1,False,0.42321196596458455,0.5767880340354155,0,55-60%
2020,12,BUF,LAC,6.638716602590077,10.0,1,False,0.6909774465272228,0.6909774465272228,1,65-70%
2020,12,CIN,NYG,-3.6341678899440835,-2.0,0,False,0.3916205970828809,0.6083794029171191,1,60-65%
2020,12,IND,TEN,5.44568305105256,-19.0,0,False,0.6592789867448237,0.6592789867448237,0,65-70%
2020,12,JAX,CLE,-4.431033558913461,-2.0,0,False,0.36886362308319165,0.6311363769168084,1,60-65%
2020,12,MIN,CAR,2.326131570521567,1.0,1,False,0.570025536719106,0.570025536719106,1,55-60%
2020,12,NE,ARI,-4.072416591941047,3.0,1,False,0.379039687816805,0.620960312183195,0,60-65%
2020,12,NYJ,MIA,-12.774332342021758,-17.0,0,False,0.17531691122566026,0.8246830887743397,1,80%+
2020,12,DEN,NO,-12.821091759575385,-28.0,0,False,0.17449896187684333,0.8255010381231567,1,80%+
2020,12,LA,SF,7.0113800603198015,-3.0,0,False,0.7005386649827232,0.7005386649827232,0,70-75%
2020,12,TB,KC,-3.425588979798305,-3.0,0,False,0.397660429820687,0.602339570179313,1,60-65%
2020,12,GB,CHI,7.474148869661536,16.0,1,False,0.7121722178929754,0.7121722178929754,1,70-75%
2020,12,PHI,SEA,-5.8527383781216855,-6.0,0,False,0.3297263853828793,0.6702736146171206,1,65-70%
2020,12,PIT,BAL,8.95283226791228,5.0,1,False,0.7474752234637279,0.7474752234637279,1,70-75%
2020,13,ATL,NO,-4.591995606987756,-5.0,0,False,0.3643332382184164,0.6356667617815837,1,60-65%
2020,13,CHI,DET,8.51160806073111,-4.0,0,False,0.7372472938339125,0.7372472938339125,0,70-75%
2020,13,HOU,IND,-0.4885052910001646,-6.0,0,False,0.4852011330331377,0.5147988669668623,1,50-55%
2020,13,MIA,CIN,12.238269847318097,12.0,1,False,0.8150895978511307,0.8150895978511307,1,80%+
2020,13,MIN,JAX,9.484140162850718,3.0,1,False,0.7594365226662259,0.7594365226662259,1,75-80%
2020,13,NYJ,LV,-7.270223807524181,-3.0,0,False,0.29292104182013273,0.7070789581798673,1,70-75%
2020,13,TEN,CLE,11.913270675341725,-6.0,0,False,0.8090783783092795,0.8090783783092795,0,80%+
2020,13,ARI,LA,-0.19620290837554388,-10.0,0,False,0.4940547375352093,0.5059452624647907,1,50-55%
2020,13,SEA,NYG,6.64386663960426,-5.0,0,False,0.6911107245878586,0.6911107245878586,0,65-70%
2020,13,GB,PHI,10.501973129818186,14.0,1,False,0.7812501305945893,0.7812501305945893,1,75-80%
2020,13,LAC,NE,-0.4380357916926696,-45.0,0,False,0.48672930560779976,0.5132706943922003,1,50-55%
2020,13,KC,DEN,17.53802743247936,6.0,1,False,0.8933876767088996,0.8933876767088996,1,80%+
2020,13,PIT,WAS,11.550909433259879,-6.0,0,False,0.8022013804999648,0.8022013804999648,0,80%+
2020,13,SF,BUF,-0.5954765453518385,-10.0,0,True,0.48196308625440715,0.5180369137455929,1,50-55%
2020,13,BAL,DAL,16.931429671733287,17.0,1,False,0.8861792605159788,0.8861792605159788,1,80%+
2020,14,LA,NE,0.566079446214897,21.0,1,False,0.5171471955625893,0.5171471955625893,1,50-55%
2020,14,CAR,DEN,4.427937452777506,-5.0,0,False,0.631049004912149,0.631049004912149,0,60-65%
2020,14,CHI,HOU,-2.7174724093969074,29.0,1,False,0.4183889081466873,0.5816110918533127,0,55-60%
2020,14,CIN,DAL,6.430228475899668,-23.0,0,False,0.6855554493188147,0.6855554493188147,0,65-70%
2020,14,JAX,TEN,-9.3775982021717,-21.0,0,False,0.2429307013572042,0.7570692986427958,1,75-80%
2020,14,MIA,KC,-1.3705221586962202,-6.0,0,False,0.4585642740199146,0.5414357259800854,1,50-55%
2020,14,NYG,ARI,2.54670141786445,-19.0,0,False,0.5765657367300794,0.5765657367300794,0,55-60%
2020,14,TB,MIN,8.779289118963979,12.0,1,False,0.7434840098880463,0.7434840098880463,1,70-75%
2020,14,LV,IND,-3.9362450545168075,-17.0,0,False,0.3829322807505485,0.6170677192494515,1,60-65%
2020,14,SEA,NYJ,13.982500660261179,37.0,1,False,0.8448607296459848,0.8448607296459848,1,80%+
2020,14,DET,GB,-12.33261872301562,-7.0,0,False,0.18319295801633945,0.8168070419836606,1,80%+
2020,14,LAC,ATL,-17.3505737319716,3.0,1,False,0.10879589743185598,0.891204102568144,0,80%+
2020,14,PHI,NO,-16.70932376519657,3.0,1,False,0.11656459664764503,0.8834354033523549,0,80%+
2020,14,SF,WAS,-3.4386483923745086,-8.0,0,True,0.3972813304829088,0.6027186695170912,1,60-65%
2020,14,BUF,PIT,-1.290125440635655,11.0,1,False,0.46098476494987595,0.539015235050124,0,50-55%
2020,14,CLE,BAL,-3.4144375154899054,-5.0,0,False,0.3979842409245638,0.6020157590754363,1,60-65%
2020,15,LV,LAC,4.055491973361469,-3.0,0,False,0.6204773411318408,0.6204773411318408,0,60-65%
2020,15,DEN,BUF,-7.170583901384508,-29.0,0,False,0.2954287678476951,0.7045712321523049,1,70-75%
2020,15,GB,CAR,9.34325353549087,8.0,1,False,0.7563028416535537,0.7563028416535537,1,75-80%
2020,15,ATL,TB,0.2115806126484696,-4.0,0,False,0.5064111823213074,0.5064111823213074,0,50-55%
2020,15,BAL,JAX,16.504976056263814,26.0,1,False,0.8808603911902839,0.8808603911902839,1,80%+
2020,15,DAL,SF,-3.124706439603017,8.0,1,False,0.4064278633812308,0.5935721366187692,0,55-60%
2020,15,IND,HOU,13.933264310118522,7.0,1,False,0.8440768809481896,0.8440768809481896,1,80%+
2020,15,MIA,NE,2.4856285210734974,10.0,1,False,0.5747574235752313,0.5747574235752313,1,55-60%
2020,15,MIN,CHI,-0.7882006164432751,-6.0,0,False,0.4761332842714301,0.5238667157285699,1,50-55%
2020,15,TEN,DET,14.568010986116086,21.0,1,False,0.8539370160124536,0.8539370160124536,1,80%+
2020,15,WAS,SEA,0.4785546578095372,-5.0,0,False,0.5144975914385457,0.5144975914385457,0,50-55%
2020,15,ARI,PHI,6.571453313770881,7.0,1,False,0.6892338237237999,0.6892338237237999,1,65-70%
2020,15,LA,NYJ,25.630550035244656,-3.0,0,False,0.9571696357568784,0.9571696357568784,0,80%+
2020,15,NO,KC,3.616772733067312,-3.0,0,False,0.607876928999427,0.607876928999427,0,60-65%
2020,15,NYG,CLE,-0.5055791343477918,-14.0,0,False,0.4846842131033507,0.5153157868966494,1,50-55%
2020,15,CIN,PIT,-14.569411354746233,10.0,1,False,0.14604181362275293,0.8539581863772471,0,80%+
2020,16,NO,MIN,14.751732628365179,19.0,1,False,0.856692798362311,0.856692798362311,1,80%+
2020,16,DET,TB,-13.023089774886044,-40.0,0,False,0.1710000371809523,0.8289999628190476,1,80%+
2020,16,ARI,SF,8.218246182811368,-8.0,0,False,0.7303011569490709,0.7303011569490709,0,70-75%
2020,16,LV,MIA,-10.191845904370966,-1.0,0,False,0.22524201424434992,0.7747579857556501,1,75-80%
2020,16,BAL,NYG,13.728919209951242,14.0,1,False,0.8407891404475027,0.8407891404475027,1,80%+
2020,16,HOU,CIN,2.2787833902909584,-6.0,0,False,0.5686183241701096,0.5686183241701096,0,55-60%
2020,16,JAX,CHI,-10.39758288460307,-24.0,0,False,0.22092000247967356,0.7790799975203264,1,75-80%
2020,16,KC,ATL,8.286633051653197,3.0,1,False,0.7319307121104976,0.7319307121104976,1,70-75%
2020,16,NYJ,CLE,-9.57624552067299,7.0,1,False,0.23852975556502182,0.7614702444349781,0,75-80%
2020,16,PIT,IND,-1.191649281729226,4.0,1,False,0.4639520680249445,0.5360479319750555,0,50-55%
2020,16,LAC,DEN,1.3580016417911913,3.0,1,False,0.5410588984154494,0.5410588984154494,1,50-55%
2020,16,WAS,CAR,8.075142570220331,-7.0,0,False,0.7268710696500995,0.7268710696500995,0,70-75%
2020,16,DAL,PHI,-0.6123281833439369,20.0,1,False,0.48145311405069496,0.518546885949305,0,50-55%
2020,16,SEA,LA,4.477889232072251,11.0,1,False,0.6324575897111453,0.6324575897111453,1,60-65%
2020,16,GB,TEN,-0.45467866227355036,26.0,1,False,0.4862253451312891,0.5137746548687109,0,50-55%
2020,16,NE,BUF,-7.154613541259624,-29.0,0,False,0.2958318655604181,0.7041681344395819,1,70-75%
2020,17,BUF,MIA,12.650513113132627,30.0,1,False,0.822502577525493,0.822502577525493,1,80%+
2020,17,CIN,BAL,-10.253952684857989,-35.0,0,False,0.22393101899961276,0.7760689810003872,1,75-80%
2020,17,CLE,PIT,-1.2126537425370578,2.0,1,False,0.46331893606426866,0.5366810639357313,0,50-55%
2020,17,DET,MIN,-7.179292053058405,-2.0,0,False,0.295209105349736,0.704790894650264,1,70-75%
2020,17,NE,NYJ,5.986279560821908,14.0,1,False,0.6738411007082714,0.6738411007082714,1,65-70%
2020,17,NYG,DAL,-4.137200562958776,4.0,1,False,0.3771931951117415,0.6228068048882585,0,60-65%
2020,17,TB,ATL,8.608838299127916,17.0,1,False,0.739523911748334,0.739523911748334,1,70-75%
2020,17,CAR,NO,-8.321865325925364,-26.0,0,False,0.2672321959593762,0.7327678040406238,1,70-75%
2020,17,CHI,GB,-4.489670713322679,-19.0,0,False,0.36721051384463027,0.6327894861553698,1,60-65%
2020,17,DEN,LV,0.27639152799310884,-1.0,0,False,0.5083747175586842,0.5083747175586842,0,50-55%
2020,17,HOU,TEN,-7.750235119406425,-3.0,0,False,0.28101702203341206,0.7189829779665879,1,70-75%
2020,17,IND,JAX,18.357856281934257,14.0,1,False,0.9024892984363386,0.9024892984363386,1,80%+
2020,17,KC,LAC,16.73577352085807,-17.0,0,False,0.8837651461028414,0.8837651461028414,0,80%+
2020,17,LA,ARI,3.439936270639839,11.0,1,False,0.6027560484329982,0.6027560484329982,1,60-65%
2020,17,SF,SEA,-7.5454629361653565,-3.0,0,True,0.2860591377733763,0.7139408622266237,1,70-75%
2020,17,PHI,WAS,-3.9012196402067545,-6.0,0,False,0.3839359702697323,0.6160640297302677,1,60-65%
2020,18,BUF,IND,17.368447581537886,3.0,1,False,0.8914139896666391,0.8914139896666391,1,80%+
2020,18,SEA,LA,4.6468543087316485,-10.0,0,False,0.6372053651030871,0.6372053651030871,0,60-65%
2020,18,WAS,TB,-9.480779243093487,-8.0,0,False,0.24063791131772216,0.7593620886822778,1,75-80%
2020,18,TEN,BAL,-8.514627033884068,-7.0,0,False,0.26268182546906554,0.7373181745309345,1,70-75%
2020,18,NO,CHI,14.497460792899656,12.0,1,False,0.8528671630645904,0.8528671630645904,1,80%+
2020,18,PIT,CLE,3.4560983952237168,-11.0,0,False,0.6032250300469029,0.6032250300469029,0,60-65%
2020,19,GB,LA,6.619140027745808,14.0,1,False,0.6904705334896187,0.6904705334896187,1,65-70%
2020,19,BUF,BAL,5.753499218431663,14.0,1,False,0.6676097009241303,0.6676097009241303,1,65-70%
2020,19,KC,CLE,2.4716120831134614,5.0,1,False,0.5743421253268307,0.5743421253268307,1,55-60%
2020,19,NO,TB,2.2142759354964,-10.0,0,False,0.5666993489605922,0.5666993489605922,0,55-60%
2020,20,GB,TB,0.40973246846160083,-5.0,0,False,0.5124135839350896,0.5124135839350896,0,50-55%
2020,20,KC,BUF,-11.610295016688987,14.0,1,False,0.1966589257548717,0.8033410742451284,0,80%+
2020,21,TB,KC,7.649059806893316,22.0,1,True,0.7164985050528394,0.7164985050528394,1,70-75%
2021,1,TB,DAL,12.152923783747799,2.0,1,False,0.8135253329864529,0.8135253329864529,1,80%+
2021,1,ATL,PHI,5.88434681576117,-26.0,0,False,0.6711198109633919,0.6711198109633919,0,65-70%
2021,1,BUF,PIT,9.056393466892155,-7.0,0,False,0.7498372848385089,0.7498372848385089,0,70-75%
2021,1,CAR,NYJ,4.352529314624062,5.0,1,False,0.6289183479149224,0.6289183479149224,1,60-65%
2021,1,CIN,MIN,-0.5948396773502906,3.0,1,False,0.48198236019735,0.5180176398026499,0,50-55%
2021,1,DET,SF,-5.89456791328962,-8.0,0,False,0.32860679487348055,0.6713932051265195,1,65-70%
2021,1,HOU,JAX,5.239531146064254,16.0,1,False,0.6536437671463657,0.6536437671463657,1,65-70%
2021,1,IND,SEA,1.649913125222444,-12.0,0,False,0.5498313908932683,0.5498313908932683,0,50-55%
2021,1,TEN,ARI,2.499622248362371,-25.0,0,False,0.5751719436965761,0.5751719436965761,0,55-60%
2021,1,WAS,LAC,2.681693657996592,-4.0,0,False,0.5805554000926438,0.5805554000926438,0,55-60%
2021,1,KC,CLE,3.7396835807905857,4.0,1,False,0.6114223586458671,0.6114223586458671,1,60-65%
2021,1,NE,MIA,1.0383157709780582,-1.0,0,False,0.5314226477214639,0.5314226477214639,0,50-55%
2021,1,NO,GB,-0.8903642139814494,35.0,1,True,0.47304542363666513,0.5269545763633349,0,50-55%
2021,1,NYG,DEN,3.2544503985123825,-14.0,0,False,0.5973604213744884,0.5973604213744884,0,55-60%
2021,1,LA,CHI,4.293883320079159,20.0,1,False,0.6272578264046665,0.6272578264046665,1,60-65%
2021,1,LV,BAL,-6.166243953005147,6.0,1,False,0.32138296419823836,0.6786170358017616,0,65-70%
2021,2,WAS,NYG,6.633560390523818,1.0,1,False,0.6908439768231026,0.6908439768231026,1,65-70%
2021,2,CAR,NO,-12.199555493763508,19.0,1,False,0.18561871738570757,0.8143812826142924,0,80%+
2021,2,CHI,CIN,4.011807846614456,3.0,1,False,0.6192296431571547,0.6192296431571547,1,60-65%
2021,2,CLE,HOU,4.241596640224447,10.0,1,False,0.6257748279516198,0.6257748279516198,1,60-65%
2021,2,IND,LA,-4.182774385776642,-3.0,0,False,0.3758963650140984,0.6241036349859016,1,60-65%
2021,2,JAX,DEN,-6.889038453290854,-10.0,0,False,0.302581507234828,0.697418492765172,1,65-70%
2021,2,MIA,BUF,-1.3594410131568522,-35.0,0,False,0.4588977787069479,0.5411022212930521,1,50-55%
2021,2,NYJ,NE,-1.9938182900009311,-19.0,0,False,0.43987362842995364,0.5601263715700464,1,55-60%
2021,2,PHI,SF,3.5770815367787683,-6.0,0,False,0.6067295605163694,0.6067295605163694,0,60-65%
2021,2,PIT,LV,4.236889916848389,-9.0,0,False,0.6256412154901264,0.6256412154901264,0,60-65%
2021,2,ARI,MIN,10.208835773703916,1.0,1,False,0.7751171604517795,0.7751171604517795,1,75-80%
2021,2,TB,ATL,14.091889993098581,23.0,1,False,0.846590706227779,0.846590706227779,1,80%+
2021,2,LAC,DAL,1.524654498437677,-3.0,0,False,0.5460706034199863,0.5460706034199863,0,50-55%
2021,2,SEA,TEN,10.931882979386092,-3.0,0,False,0.7900251012325679,0.7900251012325679,0,75-80%
2021,2,BAL,KC,1.80697353975773,1.0,1,False,0.5545389157071093,0.5545389157071093,1,55-60%
2021,2,GB,DET,9.19322042880872,18.0,1,False,0.752935428999927,0.752935428999927,1,75-80%
2021,3,HOU,CAR,-5.09786742268883,-15.0,0,False,0.3502539061841438,0.6497460938158561,1,60-65%
2021,3,BUF,WAS,12.7257475999688,22.0,1,False,0.8238300145999768,0.8238300145999768,1,80%+
2021,3,CLE,CHI,6.037503776948288,20.0,1,False,0.6752042335880787,0.6752042335880787,1,65-70%
2021,3,DET,BAL,-10.000329766391477,-2.0,0,False,0.22931887778116122,0.7706811222188388,1,75-80%
2021,3,JAX,ARI,-11.23613877364207,-12.0,0,False,0.20392255003663026,0.7960774499633697,1,75-80%
2021,3,KC,LAC,4.458823954541938,-6.0,0,False,0.6319202353027673,0.6319202353027673,0,60-65%
2021,3,NE,NO,-2.714323268444713,-15.0,0,False,0.4184817971959925,0.5815182028040076,1,55-60%
2021,3,NYG,ATL,3.378897492068212,-3.0,0,False,0.6009831695223149,0.6009831695223149,0,60-65%
2021,3,PIT,CIN,5.8567728273780295,-14.0,0,False,0.6703816833263576,0.6703816833263576,0,65-70%
2021,3,TEN,IND,-0.2729878326787567,9.0,1,False,0.4917283961424747,0.5082716038575252,0,50-55%
2021,3,DEN,NYJ,9.237008238324812,26.0,1,False,0.7539214446691829,0.7539214446691829,1,75-80%
2021,3,LV,MIA,9.08440008016196,3.0,1,False,0.750473534639096,0.750473534639096,1,75-80%
2021,3,LA,TB,-2.294622932829599,10.0,1,False,0.4309107918826313,0.5690892081173686,0,55-60%
2021,3,MIN,SEA,-2.7751476164857243,13.0,1,False,0.41668871375870403,0.5833112862412959,0,55-60%
2021,3,SF,GB,2.697957389502384,-2.0,0,False,0.5810353715604488,0.5810353715604488,0,55-60%
2021,3,DAL,PHI,2.5383132199260996,20.0,1,False,0.5763174901227581,0.5763174901227581,1,55-60%
2021,4,CIN,JAX,10.678035587763747,3.0,1,False,0.7848753594850304,0.7848753594850304,1,75-80%
2021,4,ATL,WAS,-0.06680916142556259,-4.0,0,False,0.4979754910205454,0.5020245089794546,1,50-55%
2021,4,BUF,HOU,17.652115795737217,40.0,1,False,0.8946976778488158,0.8946976778488158,1,80%+
2021,4,CHI,DET,4.0509141217957,10.0,1,False,0.6203466637520761,0.6203466637520761,1,60-65%
2021,4,DAL,CAR,1.1650114741128224,8.0,1,False,0.5352448286140209,0.5352448286140209,1,50-55%
2021,4,MIA,IND,-1.2427997379932407,-10.0,0,False,0.46241046036810884,0.5375895396318912,1,50-55%
2021,4,MIN,CLE,-1.782621127583129,-7.0,0,False,0.446190372922614,0.553809627077386,1,55-60%
2021,4,NO,NYG,15.95606604903816,-6.0,0,False,0.8736990702085046,0.8736990702085046,0,80%+
2021,4,NYJ,TEN,-8.815726343352562,3.0,1,False,0.25567457573610225,0.7443254242638977,0,70-75%
2021,4,PHI,KC,-1.353431362063905,-12.0,0,False,0.4590786641284876,0.5409213358715124,1,50-55%
2021,4,LA,ARI,6.270588161248827,-17.0,0,False,0.6813692119128921,0.6813692119128921,0,65-70%
2021,4,SF,SEA,4.047536889868732,-7.0,0,False,0.6202502475546271,0.6202502475546271,0,60-65%
2021,4,DEN,BAL,3.256397038737618,-16.0,0,False,0.5974171725254089,0.5974171725254089,0,55-60%
2021,4,GB,PIT,8.270073908035805,10.0,1,False,0.7315367059326934,0.7315367059326934,1,70-75%
2021,4,NE,TB,-5.736182366944288,-2.0,0,False,0.33285624833057803,0.667143751669422,1,65-70%
2021,4,LAC,LV,3.060994013994011,14.0,1,False,0.5917077371975278,0.5917077371975278,1,55-60%
2021,5,SEA,LA,-0.38885452244430563,-9.0,0,False,0.4882187106542475,0.5117812893457525,1,50-55%
2021,5,ATL,NYJ,2.9857617661181166,7.0,1,True,0.5895028375737389,0.5895028375737389,1,55-60%
2021,5,CAR,PHI,10.045593406808685,-3.0,0,False,0.7716493208928856,0.7716493208928856,0,75-80%
2021,5,CIN,GB,-3.5718416199087732,-3.0,0,False,0.3934220000897,0.6065779999103,1,60-65%
2021,5,HOU,NE,-7.617353705306093,-3.0,0,False,0.2842827997709039,0.7157172002290961,1,70-75%
2021,5,JAX,TEN,-4.598982071175855,-18.0,0,False,0.3641371362887104,0.6358628637112895,1,60-65%
2021,5,MIN,DET,10.06400267250121,2.0,1,False,0.7720422746526129,0.7720422746526129,1,75-80%
2021,5,PIT,DEN,-2.022683180247208,8.0,1,False,0.4390117656760296,0.5609882343239704,0,55-60%
2021,5,TB,MIA,14.454287180803984,28.0,1,False,0.8522092671932248,0.8522092671932248,1,80%+
2021,5,WAS,NO,-5.511685042765986,-11.0,0,False,0.33892621402221446,0.6610737859777855,1,65-70%
2021,5,LAC,CLE,0.5825480416751112,5.0,1,False,0.5176456397496596,0.5176456397496596,1,50-55%
2021,5,LV,CHI,4.515807028924112,-11.0,0,False,0.6335253233805638,0.6335253233805638,0,60-65%
2021,5,ARI,SF,9.225254489729068,7.0,1,False,0.7536570337538632,0.7536570337538632,1,75-80%
2021,5,DAL,NYG,9.602530105211219,24.0,1,False,0.7620484478662489,0.7620484478662489,1,75-80%
2021,5,KC,BUF,-10.601795071731146,-18.0,0,False,0.2166891005326314,0.7833108994673685,1,75-80%
2021,5,BAL,IND,6.454705097334849,6.0,1,False,0.6861946612064793,0.6861946612064793,1,65-70%
2021,6,PHI,TB,-8.989168948560383,-6.0,0,False,0.2516943173759416,0.7483056826240584,1,70-75%
2021,6,JAX,MIA,-2.515384160472326,3.0,1,True,0.4243612858724298,0.5756387141275702,0,55-60%
2021,6,BAL,LAC,1.5727814696918105,28.0,1,False,0.5475162221096521,0.5475162221096521,1,50-55%
2021,6,CAR,MIN,5.447145174495016,-6.0,0,False,0.659318796177043,0.659318796177043,0,65-70%
2021,6,CHI,GB,-2.363094406488707,-10.0,0,False,0.42887669329668937,0.5711233067033106,1,55-60%
2021,6,DET,CIN,-3.1310255918524614,-23.0,0,False,0.40624309370244127,0.5937569062975587,1,55-60%
2021,6,IND,HOU,9.700338322227303,28.0,1,False,0.7641915373480572,0.7641915373480572,1,75-80%
2021,6,NYG,LA,-7.587275856337237,-27.0,0,False,0.2850251794455764,0.7149748205544235,1,70-75%
2021,6,WAS,KC,-3.333548003286518,-18.0,0,False,0.4003357309355678,0.5996642690644323,1,55-60%
2021,6,CLE,ARI,-0.9531754337013754,-23.0,0,False,0.4711479834652949,0.528852016534705,1,50-55%
2021,6,DEN,LV,3.3616623062206497,-10.0,0,False,0.6004820895793379,0.6004820895793379,0,60-65%
2021,6,NE,DAL,-7.485878258771652,-6.0,0,False,0.28753643673499185,0.7124635632650081,1,70-75%
2021,6,PIT,SEA,-0.7750839257740039,3.0,1,False,0.4765298690713085,0.5234701309286915,0,50-55%
2021,6,TEN,BUF,-14.805071699388819,3.0,1,False,0.14251527905028916,0.8574847209497108,0,80%+
2021,7,CLE,DEN,6.889200526954231,3.0,1,False,0.6974226384153913,0.6974226384153913,1,65-70%
2021,7,BAL,CIN,9.873288927106055,-24.0,0,False,0.7679483129534401,0.7679483129534401,0,75-80%
2021,7,GB,WAS,11.87991712217588,14.0,1,False,0.8084530957845255,0.8084530957845255,1,80%+
2021,7,MIA,ATL,-2.9348100752481097,-2.0,0,False,0.4119925007372912,0.5880074992627088,1,55-60%
2021,7,NE,NYJ,11.026539796991226,41.0,1,False,0.7919220635584728,0.7919220635584728,1,75-80%
2021,7,NYG,CAR,-5.954064744065627,22.0,1,False,0.3270176810326655,0.6729823189673345,0,65-70%
2021,7,TEN,KC,0.7250286930006731,24.0,1,False,0.5219564369409097,0.5219564369409097,1,50-55%
2021,7,LA,DET,21.04582795094345,9.0,1,False,0.927641301030085,0.927641301030085,1,80%+
2021,7,LV,PHI,1.0721480204574172,11.0,1,False,0.5324436852632893,0.5324436852632893,1,50-55%
2021,7,ARI,HOU,23.861280325791935,26.0,1,False,0.947463308632543,0.947463308632543,1,80%+
2021,7,TB,CHI,12.95077882708441,35.0,1,False,0.8277538648010895,0.8277538648010895,1,80%+
2021,7,SF,IND,-1.4195274957938928,-12.0,0,False,0.45708982961637673,0.5429101703836232,1,50-55%
2021,7,SEA,NO,-4.812429689414965,-3.0,0,False,0.35816791409127446,0.6418320859087255,1,60-65%
2021,8,ARI,GB,8.531529604163845,-3.0,0,False,0.7377147926083497,0.7377147926083497,0,70-75%
2021,8,ATL,CAR,1.6752382706476199,-6.0,0,False,0.5505910801221285,0.5505910801221285,0,55-60%
2021,8,BUF,MIA,24.43262649391941,15.0,1,False,0.9508056306253613,0.9508056306253613,1,80%+
2021,8,CHI,SF,-3.3123388659748576,-11.0,0,False,0.4009530541798859,0.5990469458201141,1,55-60%
2021,8,CLE,PIT,3.2190473457016444,-5.0,0,False,0.596327849023928,0.596327849023928,0,55-60%
2021,8,DET,PHI,-4.018130521258171,-38.0,0,False,0.3805896718630567,0.6194103281369433,1,60-65%
2021,8,HOU,LA,-16.347591177215616,-16.0,0,False,0.12115623774416318,0.8788437622558368,1,80%+
2021,8,IND,TEN,-0.4884808961826732,-3.0,0,False,0.48520187162247314,0.5147981283775269,1,50-55%
2021,8,NYJ,CIN,-20.371350175308123,3.0,1,False,0.07804185317312774,0.9219581468268723,0,80%+
2021,8,LAC,NE,-3.6561185151420528,-3.0,0,False,0.3909868623635341,0.6090131376364659,1,60-65%
2021,8,SEA,JAX,11.338240308911855,24.0,1,False,0.7980791773297123,0.7980791773297123,1,75-80%
2021,8,DEN,WAS,4.010530311327608,7.0,1,False,0.6191931306342032,0.6191931306342032,1,60-65%
2021,8,NO,TB,-5.38597289754836,9.0,1,False,0.3423486648026836,0.6576513351973163,0,65-70%
2021,8,MIN,DAL,-6.584559694226768,-4.0,0,False,0.31042600431326955,0.6895739956867304,1,65-70%
2021,8,KC,NYG,4.390418336740847,3.0,1,False,0.6299895351143427,0.6299895351143427,1,60-65%
2021,9,IND,NYJ,17.039044180298916,15.0,1,False,0.8874883565759798,0.8874883565759798,1,80%+
2021,9,BAL,MIN,4.196869318775287,3.0,1,False,0.6245043556392594,0.6245043556392594,1,60-65%
2021,9,CAR,NE,-7.234734965967349,-18.0,0,False,0.2938127910111383,0.7061872089888617,1,70-75%
2021,9,CIN,CLE,6.667484639048738,-25.0,0,False,0.691721528463002,0.691721528463002,0,65-70%
2021,9,DAL,DEN,13.4820367405453,-14.0,0,False,0.8367423092575529,0.8367423092575529,0,80%+
2021,9,JAX,BUF,-22.31198214565673,3.0,1,False,0.06270936073213346,0.9372906392678666,0,80%+
2021,9,MIA,HOU,5.574582929958933,8.0,1,False,0.6627798766446164,0.6627798766446164,1,65-70%
2021,9,NO,ATL,16.17282319600697,-2.0,0,False,0.8765699821551964,0.8765699821551964,0,80%+
2021,9,NYG,LV,-0.7805759280879558,7.0,1,False,0.4763638140567043,0.5236361859432956,0,50-55%
2021,9,PHI,LAC,4.814449560587081,-3.0,0,False,0.6418883670300223,0.6418883670300223,0,60-65%
2021,9,KC,GB,-5.063506782703573,6.0,1,False,0.35120233398995354,0.6487976660100465,0,60-65%
2021,9,SF,ARI,-7.82259155460089,-14.0,0,False,0.27924838639759814,0.7207516136024019,1,70-75%
2021,9,LA,TEN,0.16679931210699084,-12.0,0,False,0.5050543524375383,0.5050543524375383,0,50-55%
2021,9,PIT,CHI,9.363487020320848,2.0,1,False,0.7567545829669224,0.7567545829669224,1,75-80%
2021,10,MIA,BAL,-8.640804664609842,12.0,1,False,0.25973040227526245,0.7402695977247375,0,70-75%
2021,10,DAL,ATL,8.113327521010493,40.0,1,False,0.7277889938093602,0.7277889938093602,1,70-75%
2021,10,IND,JAX,13.940364788671452,6.0,1,False,0.8441901203516817,0.8441901203516817,1,80%+
2021,10,NE,CLE,5.039462103741997,38.0,1,False,0.6481332810674613,0.6481332810674613,1,60-65%
2021,10,NYJ,BUF,-15.564292059940161,-28.0,0,False,0.1316348098450842,0.8683651901549159,1,80%+
2021,10,TEN,NO,7.050522176268887,2.0,1,False,0.7015330381304283,0.7015330381304283,1,70-75%
2021,10,WAS,TB,-15.217419680642994,10.0,1,False,0.1365157436638048,0.8634842563361952,0,80%+
2021,10,ARI,CAR,17.661365666875074,-24.0,0,False,0.8948032632318328,0.8948032632318328,0,80%+
2021,10,LAC,MIN,2.2167469613033095,-7.0,0,False,0.5667728945628122,0.5667728945628122,0,55-60%
2021,10,DEN,PHI,1.1854169195993887,-17.0,0,False,0.5358600490653502,0.5358600490653502,0,50-55%
2021,10,GB,SEA,4.425411962192819,17.0,1,False,0.6309777292932778,0.6309777292932778,1,60-65%
2021,10,LV,KC,-1.4012266953686614,-27.0,0,False,0.45764036702582844,0.5423596329741716,1,50-55%
2021,10,SF,LA,-3.87398188415293,21.0,1,False,0.3847171807966806,0.6152828192033194,0,60-65%
2021,11,ATL,NE,-20.361719871142046,-25.0,0,False,0.07812588402245614,0.9218741159775439,1,80%+
2021,11,BUF,IND,8.026996875720489,-26.0,0,False,0.725710950113479,0.725710950113479,0,70-75%
2021,11,CAR,WAS,6.047583908386488,-6.0,0,False,0.6754721286751985,0.6754721286751985,0,65-70%
2021,11,CHI,BAL,-4.420700924854903,-3.0,0,False,0.3691552431586711,0.6308447568413289,1,60-65%
2021,11,CLE,DET,14.322458603766503,3.0,1,False,0.8501853585545481,0.8501853585545481,1,80%+
2021,11,JAX,SF,-7.750865143643636,-20.0,0,False,0.2810015926958174,0.7189984073041826,1,70-75%
2021,11,MIN,GB,-2.4398125909177475,3.0,1,False,0.42660046180556205,0.5733995381944379,0,55-60%
2021,11,NYJ,MIA,-7.173915231497884,-7.0,0,False,0.295344724076339,0.7046552759236611,1,70-75%
2021,11,PHI,NO,1.1730812958171393,11.0,1,False,0.5354881451893083,0.5354881451893083,1,50-55%
2021,11,TEN,HOU,22.873163998369254,-9.0,0,False,0.9411718201645747,0.9411718201645747,0,80%+
2021,11,LV,CIN,-1.6497866954491613,-19.0,0,False,0.4501724022607816,0.5498275977392184,1,50-55%
2021,11,KC,DAL,-0.8689801087951319,10.0,1,False,0.4736915883829378,0.5263084116170622,0,50-55%
2021,11,SEA,ARI,-1.573335676683944,-10.0,0,False,0.45246713546295847,0.5475328645370415,1,50-55%
2021,11,LAC,PIT,3.3151502157318617,4.0,1,False,0.5991287924218893,0.5991287924218893,1,55-60%
2021,11,TB,NYG,8.074228158386049,20.0,1,False,0.7268490645221786,0.7268490645221786,1,70-75%
2021,12,DET,CHI,-4.474642149947933,-2.0,0,False,0.3676339060192054,0.6323660939807946,1,60-65%
2021,12,DAL,LV,17.7523871690671,-3.0,0,False,0.8958372807271445,0.8958372807271445,0,80%+
2021,12,NO,BUF,2.3665342747666305,-25.0,0,False,0.5712254329351601,0.5712254329351601,0,55-60%
2021,12,CIN,PIT,4.0992667249141865,31.0,1,False,0.6217260316746808,0.6217260316746808,1,60-65%
2021,12,HOU,NYJ,7.816702094731243,-7.0,0,False,0.7206079104680191,0.7206079104680191,0,70-75%
2021,12,IND,TB,3.310802131060762,-7.0,0,False,0.5990022046430459,0.5990022046430459,0,55-60%
2021,12,JAX,ATL,2.8899974880811827,-7.0,0,False,0.5866909872166041,0.5866909872166041,0,55-60%
2021,12,MIA,CAR,-1.5788281371567712,23.0,1,False,0.4523022066761047,0.5476977933238953,0,50-55%
2021,12,NE,TEN,12.222143737839883,23.0,1,False,0.8147948098686286,0.8147948098686286,1,80%+
2021,12,NYG,PHI,-8.332892456978549,6.0,1,False,0.26697054123251185,0.7330294587674882,0,70-75%
2021,12,DEN,LAC,-0.2509689152864383,15.0,1,False,0.4923954677854296,0.5076045322145704,0,50-55%
2021,12,GB,LA,7.85050934265592,8.0,1,False,0.7214321927432754,0.7214321927432754,1,70-75%
2021,12,SF,MIN,3.316466583817707,8.0,1,False,0.5991671138408244,0.5991671138408244,1,55-60%
2021,12,BAL,CLE,4.937517235444511,6.0,1,False,0.6453100651596282,0.6453100651596282,1,60-65%
2021,12,WAS,SEA,3.3478424232038657,2.0,1,False,0.6000801509605784,0.6000801509605784,1,60-65%
2021,13,NO,DAL,-2.6162031562514496,-10.0,0,False,0.4213788746905835,0.5786211253094165,1,55-60%
2021,13,ATL,TB,-15.666477369280308,-13.0,0,False,0.13022543947756474,0.8697745605224353,1,80%+
2021,13,CHI,ARI,-9.59645746401501,-11.0,0,False,0.23808505130094013,0.7619149486990598,1,75-80%
2021,13,CIN,LAC,9.8248769811128,-19.0,0,False,0.7669009493805271,0.7669009493805271,0,75-80%
2021,13,DET,MIN,-13.338674501438891,2.0,1,False,0.1656454141533717,0.8343545858466284,0,80%+
2021,13,HOU,IND,-14.50206463733073,-31.0,0,False,0.1470628249857123,0.8529371750142877,1,80%+
2021,13,MIA,NYG,3.1261775844172766,11.0,1,False,0.5936151547172354,0.5936151547172354,1,55-60%
2021,13,NYJ,PHI,-12.315362023844235,-15.0,0,False,0.18350615657880584,0.8164938434211941,1,80%+
2021,13,LA,JAX,11.728349053178336,30.0,1,False,0.8055919529574339,0.8055919529574339,1,80%+
2021,13,LV,WAS,-3.0768523353518296,-2.0,0,False,0.40782795607270167,0.5921720439272984,1,55-60%
2021,13,PIT,BAL,-4.308994913679376,1.0,1,False,0.3723140101407394,0.6276859898592606,0,60-65%
2021,13,SEA,SF,-6.125307872001565,7.0,1,False,0.3224661029993504,0.6775338970006496,0,65-70%
2021,13,KC,DEN,9.243741511731427,13.0,1,False,0.7540728294263324,0.7540728294263324,1,75-80%
2021,13,BUF,NE,-6.06672601019588,-4.0,0,False,0.3240194565876483,0.6759805434123517,1,65-70%
2021,14,MIN,PIT,7.501386867912548,8.0,1,False,0.7128485102289398,0.7128485102289398,1,70-75%
2021,14,CAR,ATL,4.499609272305591,-8.0,0,False,0.6330693677326663,0.6330693677326663,0,60-65%
2021,14,CLE,BAL,-0.9643919462221986,2.0,1,False,0.47080923425157833,0.5291907657484216,0,50-55%
2021,14,HOU,SEA,-10.856937461482028,-20.0,0,False,0.21148582314497671,0.7885141768550232,1,75-80%
2021,14,KC,LV,15.84310331653115,39.0,1,False,0.8721803744873989,0.8721803744873989,1,80%+
2021,14,NYJ,NO,-6.112685871152709,-21.0,0,False,0.32280045755596903,0.6771995424440309,1,65-70%
2021,14,TEN,JAX,16.848442082703535,20.0,1,False,0.8851606952545531,0.8851606952545531,1,80%+
2021,14,WAS,DAL,-3.627592305089184,-7.0,0,False,0.39181051151082935,0.6081894884891706,1,60-65%
2021,14,DEN,DET,11.28165281770667,28.0,1,False,0.79697158301309,0.79697158301309,1,75-80%
2021,14,LAC,NYG,6.134353678453177,16.0,1,False,0.6777734071187925,0.6777734071187925,1,65-70%
2021,14,CIN,SF,-1.8628977119721133,-3.0,0,False,0.44378720081663636,0.5562127991833636,1,55-60%
2021,14,TB,BUF,2.0899114743053557,6.0,1,False,0.5629941370483581,0.5629941370483581,1,55-60%
2021,14,GB,CHI,14.758965573371619,15.0,1,False,0.8568003999122449,0.8568003999122449,1,80%+
2021,14,ARI,LA,3.358196012469877,-7.0,0,False,0.600381288297076,0.600381288297076,0,60-65%
2021,15,LAC,KC,-7.263195142382112,-6.0,0,False,0.2930975293351268,0.7069024706648732,1,70-75%
2021,15,IND,NE,-3.584285516590197,10.0,1,False,0.39306210339994113,0.6069378966000589,0,60-65%
2021,15,BUF,CAR,16.46313850411842,17.0,1,False,0.8803271615820885,0.8803271615820885,1,80%+
2021,15,DET,ARI,-13.516731896768206,18.0,1,False,0.1626840169074652,0.8373159830925347,0,80%+
2021,15,JAX,HOU,1.0254743232159302,-14.0,0,False,0.5310350309604341,0.5310350309604341,0,50-55%
2021,15,MIA,NYJ,16.84872784950068,7.0,1,False,0.885164216243814,0.885164216243814,1,80%+
2021,15,NYG,DAL,-7.261647961834902,-15.0,0,False,0.29313638689773514,0.7068636131022649,1,70-75%
2021,15,PIT,TEN,-6.1976733382802704,6.0,1,False,0.3205526669431266,0.6794473330568733,0,65-70%
2021,15,DEN,CIN,4.840835146473659,-5.0,0,False,0.6426232079319293,0.6426232079319293,0,60-65%
2021,15,SF,ATL,10.925615046470583,18.0,1,False,0.7898990420905964,0.7898990420905964,1,75-80%
2021,15,BAL,GB,-6.392992671951958,-1.0,0,False,0.31541832110377443,0.6845816788962256,1,65-70%
2021,15,TB,NO,11.00052304359723,-9.0,0,False,0.7914019391224805,0.7914019391224805,0,75-80%
2021,15,CLE,LV,7.216017496201702,-2.0,0,False,0.7057162460215732,0.7057162460215732,0,70-75%
2021,15,CHI,MIN,-5.679716332259361,-8.0,0,False,0.3343778637333637,0.6656221362666364,1,65-70%
2021,15,LA,SEA,4.214933449259511,10.0,1,False,0.6250176717990615,0.6250176717990615,1,60-65%
2021,15,PHI,WAS,7.829401494279803,10.0,1,False,0.7209177200376325,0.7209177200376325,1,70-75%
2021,16,TEN,SF,-3.668057404720834,3.0,1,False,0.39064232983640396,0.6093576701635961,0,60-65%
2021,16,GB,CLE,12.078347985899118,2.0,1,False,0.8121501373005413,0.8121501373005413,1,80%+
2021,16,ARI,IND,-13.912636886640684,-6.0,0,False,0.15625246862885725,0.8437475313711428,1,80%+
2021,16,ATL,DET,1.9596611129966035,4.0,1,False,0.5591060208541206,0.5591060208541206,1,55-60%
2021,16,CAR,TB,-11.35722276908503,-26.0,0,False,0.20155028899462704,0.798449711005373,1,75-80%
2021,16,CIN,BAL,4.671200802016567,20.0,1,False,0.6378873058180741,0.6378873058180741,1,60-65%
2021,16,HOU,LAC,-13.5906728619403,12.0,1,False,0.16146684602401618,0.8385331539759838,0,80%+
2021,16,MIN,LA,-3.5953428302180264,-7.0,0,False,0.39274240622245415,0.6072575937775458,1,60-65%
2021,16,NE,BUF,6.884714118905479,-12.0,0,False,0.6973078695965068,0.6973078695965068,0,65-70%
2021,16,NYJ,JAX,7.521620970558218,5.0,1,False,0.7133502880305944,0.7133502880305944,1,70-75%
2021,16,PHI,NYG,12.03300147875698,24.0,1,False,0.8113101324755455,0.8113101324755455,1,80%+
2021,16,SEA,CHI,10.612803875337931,-1.0,0,False,0.7835373082103645,0.7835373082103645,0,75-80%
2021,16,KC,PIT,18.297318012487345,26.0,1,False,0.9018416295891247,0.9018416295891247,1,80%+
2021,16,LV,DEN,-7.294419169178664,4.0,1,False,0.2923139803514876,0.7076860196485124,0,70-75%
2021,16,DAL,WAS,10.02527017315643,42.0,1,False,0.7712149590678637,0.7712149590678637,1,75-80%
2021,16,NO,MIA,5.0962562687946775,-17.0,0,False,0.6497016488639248,0.6497016488639248,0,60-65%
2021,17,BAL,LA,-8.741248392911245,-1.0,0,False,0.2573963657406112,0.7426036342593888,1,70-75%
2021,17,BUF,ATL,19.164900341030354,14.0,1,False,0.9107655410081151,0.9107655410081151,1,80%+
2021,17,CHI,NYG,3.4496951588512115,26.0,1,False,0.6030392478984378,0.6030392478984378,1,60-65%
2021,17,CIN,KC,-8.124342074314589,3.0,1,False,0.2719465876021161,0.7280534123978839,0,70-75%
2021,17,IND,LV,18.564598644154785,-3.0,0,False,0.90467247523398,0.90467247523398,0,80%+
2021,17,NE,JAX,27.85215748728833,40.0,1,False,0.9669466080930061,0.9669466080930061,1,80%+
2021,17,NYJ,TB,-18.489368516642514,-4.0,0,False,0.09611683928072054,0.9038831607192794,1,80%+
2021,17,TEN,MIA,-1.7098754795532642,31.0,1,False,0.448370275377575,0.551629724622425,0,55-60%
2021,17,WAS,PHI,-13.12032805899466,-4.0,0,False,0.16933567354131968,0.8306643264586804,1,80%+
2021,17,LAC,DEN,2.217138122634541,21.0,1,False,0.5667845365008966,0.5667845365008966,1,55-60%
2021,17,SF,HOU,11.969796633798708,16.0,1,False,0.8101345129119456,0.8101345129119456,1,80%+
2021,17,DAL,ARI,15.54801768705104,-3.0,0,False,0.8681395382382693,0.8681395382382693,0,80%+
2021,17,NO,CAR,11.315261794364453,8.0,1,False,0.7976299610131236,0.7976299610131236,1,75-80%
2021,17,SEA,DET,8.035185581076192,22.0,1,False,0.725908481503983,0.725908481503983,1,70-75%
2021,17,GB,MIN,4.876367546652721,27.0,1,False,0.6436117291234934,0.6436117291234934,1,60-65%
2021,17,PIT,CLE,0.2971732423642959,12.0,1,False,0.5090042761930201,0.5090042761930201,1,50-55%
2021,18,DEN,KC,-14.696920451209781,-4.0,0,False,0.14412480950301457,0.8558751904969855,1,80%+
2021,18,PHI,DAL,-1.6188607187753068,-25.0,0,False,0.45110041832809256,0.5488995816719074,1,50-55%
2021,18,BAL,PIT,2.043288834736308,-3.0,0,False,0.5616032639009081,0.5616032639009081,0,55-60%
2021,18,CLE,CIN,-10.552005085792663,5.0,1,False,0.21771522767087015,0.7822847723291299,0,75-80%
2021,18,DET,GB,-15.087154549045842,7.0,1,False,0.1383877273241978,0.8616122726758022,0,80%+
2021,18,HOU,TEN,-12.215454087013194,-3.0,0,False,0.1853275845898705,0.8146724154101295,1,80%+
2021,18,JAX,IND,-24.33817255481851,15.0,1,False,0.04973265875236804,0.9502673412476319,0,80%+
2021,18,MIN,CHI,-0.8294332484848821,14.0,1,False,0.4748868087530222,0.5251131912469778,0,50-55%
2021,18,NYG,WAS,-3.8215068094356264,-15.0,0,False,0.38622390093666675,0.6137760990633332,1,60-65%
2021,18,ARI,SEA,1.8520350603742963,-8.0,0,False,0.5558877644776244,0.5558877644776244,0,55-60%
2021,18,ATL,NO,-2.8623758654202724,-10.0,0,False,0.41412110471844576,0.5858788952815542,1,55-60%
2021,18,BUF,NYJ,21.01433463565045,17.0,1,False,0.9273846492502686,0.9273846492502686,1,80%+
2021,18,LA,SF,2.0179592505349655,-3.0,0,False,0.5608472098314025,0.5608472098314025,0,55-60%
2021,18,MIA,NE,-11.578305577974803,9.0,1,False,0.1972722312881303,0.8027277687118697,0,80%+
2021,18,TB,CAR,16.823789116233165,24.0,1,False,0.884856587336022,0.884856587336022,1,80%+
2021,18,LV,LAC,-3.2448537728868088,3.0,1,False,0.40291939082835815,0.5970806091716419,0,55-60%
2021,19,CIN,LV,6.019792303486841,7.0,1,False,0.6747332459825397,0.6747332459825397,1,65-70%
2021,19,BUF,NE,3.1790040198453147,30.0,1,False,0.5951589087491471,0.5951589087491471,1,55-60%
2021,19,TB,PHI,7.5358277988678175,16.0,1,False,0.7137022841676284,0.7137022841676284,1,70-75%
2021,19,DAL,SF,9.252488946628718,-6.0,0,False,0.7542694050018338,0.7542694050018338,0,75-80%
2021,19,KC,PIT,14.12815546677055,21.0,1,False,0.8471607427862137,0.8471607427862137,1,80%+
2021,19,LA,ARI,5.811707674914143,23.0,1,False,0.6691735254814107,0.6691735254814107,1,65-70%
2021,20,TEN,CIN,3.0968403807749834,-3.0,0,False,0.5927570280611952,0.5927570280611952,0,55-60%
2021,20,GB,SF,-3.5753825561430297,-3.0,0,False,0.3933195789553113,0.6066804210446888,1,60-65%
2021,20,TB,LA,3.2704103428263,-3.0,0,False,0.5978256306922679,0.5978256306922679,0,55-60%
2021,20,KC,BUF,-1.1169475011687588,6.0,1,False,0.46620471198890095,0.533795288011099,0,50-55%
2021,21,KC,CIN,9.637608074066067,-3.0,0,False,0.762818583716593,0.762818583716593,0,75-80%
2021,21,LA,SF,1.7921812502791432,3.0,1,False,0.5540959545937093,0.5540959545937093,1,55-60%
2021,22,CIN,LA,-1.343337593796563,-3.0,0,True,0.4593825022711727,0.5406174977288273,1,50-55%
2022,1,LA,BUF,-0.6518815070129496,-21.0,0,False,0.48025628639082835,0.5197437136091716,1,50-55%
2022,1,ATL,NO,-2.222556304627936,-1.0,0,False,0.4330542124608543,0.5669457875391457,1,55-60%
2022,1,CAR,CLE,-2.40365338266267,-2.0,0,False,0.4276729256650029,0.5723270743349971,1,55-60%
2022,1,CHI,SF,-5.042702157597678,9.0,1,False,0.35177715863582715,0.6482228413641729,0,60-65%
2022,1,CIN,PIT,7.322117707301007,-3.0,0,False,0.7083800683941218,0.7083800683941218,0,70-75%
2022,1,DET,PHI,-1.4122193011513613,-3.0,0,False,0.4573096673169467,0.5426903326830532,1,50-55%
2022,1,MIA,NE,1.126715038588183,13.0,1,False,0.534089909962951,0.534089909962951,1,50-55%
2022,1,NYJ,BAL,-0.9084428224551166,-15.0,0,False,0.47249921161883607,0.527500788381164,1,50-55%
2022,1,WAS,JAX,5.957260834530305,6.0,1,False,0.6730675722077786,0.6730675722077786,1,65-70%
2022,1,ARI,KC,-5.829668147215093,-23.0,0,False,0.3303447012256121,0.6696552987743879,1,65-70%
2022,1,LAC,LV,3.2802290900109594,5.0,1,False,0.5981117455673942,0.5981117455673942,1,55-60%
2022,1,MIN,GB,-0.8297020575243763,16.0,1,False,0.4748786835803455,0.5251213164196544,0,50-55%
2022,1,TEN,NYG,11.369528525989576,-1.0,0,False,0.7986896451212374,0.7986896451212374,0,75-80%
2022,1,DAL,TB,3.217954853943084,-16.0,0,False,0.5962959715689716,0.5962959715689716,0,55-60%
2022,1,SEA,DEN,4.773139662615379,1.0,1,False,0.6407365437196746,0.6407365437196746,1,60-65%
2022,2,KC,LAC,9.188987209620183,3.0,1,False,0.7528399646164715,0.7528399646164715,1,75-80%
2022,2,BAL,MIA,-1.078298196027837,-4.0,0,False,0.4673707349594783,0.5326292650405218,1,50-55%
2022,2,CLE,NYJ,7.076785763249082,-1.0,0,False,0.7021991782275284,0.7021991782275284,0,70-75%
2022,2,DET,WAS,0.3802859374182559,9.0,1,False,0.5115217762606015,0.5115217762606015,1,50-55%
2022,2,JAX,IND,-4.839729789080661,24.0,1,False,0.35740756294137227,0.6425924370586278,0,60-65%
2022,2,NO,TB,-5.886406382996541,-10.0,0,False,0.32882509035038754,0.6711749096496125,1,65-70%
2022,2,NYG,CAR,2.2090037463552736,3.0,1,False,0.566542421991723,0.566542421991723,1,55-60%
2022,2,PIT,NE,2.073750045407807,-3.0,0,False,0.5625121111188492,0.5625121111188492,0,55-60%
2022,2,LA,ATL,6.308348409272644,4.0,1,False,0.6823620764655437,0.6823620764655437,1,65-70%
2022,2,SF,SEA,2.397972133605127,20.0,1,False,0.572158509281442,0.572158509281442,1,55-60%
2022,2,DAL,CIN,2.022159806802253,3.0,1,False,0.5609726104283946,0.5609726104283946,1,55-60%
2022,2,DEN,HOU,4.123807996674967,7.0,1,False,0.6224253760306602,0.6224253760306602,1,60-65%
2022,2,LV,ARI,5.7226537869904615,-6.0,0,False,0.6667795068745814,0.6667795068745814,0,65-70%
2022,2,GB,CHI,0.2177087953357284,17.0,1,False,0.5065968534023124,0.5065968534023124,1,50-55%
2022,2,BUF,TEN,12.533938610530736,34.0,1,False,0.8204302647600159,0.8204302647600159,1,80%+
2022,2,PHI,MIN,-0.318265760208192,17.0,1,False,0.49035677894376234,0.5096432210562376,0,50-55%
2022,3,CLE,PIT,-0.5961146890728293,12.0,1,False,0.48194377375738684,0.5180562262426132,0,50-55%
2022,3,CAR,NO,-3.458256549315717,8.0,1,False,0.3967123604303896,0.6032876395696104,0,60-65%
2022,3,CHI,HOU,2.3461622772503583,3.0,1,False,0.5706205206732181,0.5706205206732181,1,55-60%
2022,3,IND,KC,-11.165849049477595,3.0,1,False,0.20530915501289218,0.7946908449871078,0,75-80%
2022,3,MIA,BUF,-9.15617133485468,2.0,1,False,0.24790091453760518,0.7520990854623948,0,75-80%
2022,3,MIN,DET,2.7332497448428743,4.0,1,False,0.5820763828452722,0.5820763828452722,1,55-60%
2022,3,NE,BAL,2.2163819042197943,-11.0,0,False,0.5667620294858307,0.5667620294858307,0,55-60%
2022,3,NYJ,CIN,-5.708676683622696,-15.0,0,False,0.3335970233133732,0.6664029766866268,1,65-70%
2022,3,TEN,LV,0.7638721632306054,2.0,1,False,0.5231311183896129,0.5231311183896129,1,50-55%
2022,3,WAS,PHI,-5.332942658257315,-16.0,0,False,0.3437973459532875,0.6562026540467125,1,65-70%
2022,3,LAC,JAX,5.462324300332301,-28.0,0,False,0.659731947392305,0.659731947392305,0,65-70%
2022,3,ARI,LA,-1.7714933693823423,-8.0,0,False,0.44652369638497164,0.5534763036150283,1,55-60%
2022,3,SEA,ATL,2.7076261081050523,-4.0,0,False,0.5813206399232026,0.5813206399232026,0,55-60%
2022,3,TB,GB,8.368631466375929,-2.0,0,False,0.7338763633089587,0.7338763633089587,0,70-75%
2022,3,DEN,SF,-3.363431973031541,1.0,1,False,0.39946645104567846,0.6005335489543215,0,60-65%
2022,3,NYG,DAL,-5.766849727004675,-7.0,0,False,0.3320312969944682,0.6679687030055318,1,65-70%
2022,4,CIN,MIA,-0.7587824494324986,12.0,1,False,0.4770227874630264,0.5229772125369736,0,50-55%
2022,4,NO,MIN,-2.080060273054325,-3.0,0,True,0.4372996678255721,0.5627003321744279,1,55-60%
2022,4,ATL,CLE,0.8249460813340124,3.0,1,False,0.5249775576576537,0.5249775576576537,1,50-55%
2022,4,BAL,BUF,-8.599222597279091,-3.0,0,False,0.2607006668330744,0.7392993331669255,1,70-75%
2022,4,DAL,WAS,9.971466642550517,15.0,1,False,0.7700622301189805,0.7700622301189805,1,75-80%
2022,4,DET,SEA,2.7545273190640938,-3.0,0,False,0.5827036505013041,0.5827036505013041,0,55-60%
2022,4,HOU,LAC,1.5933967334507166,-10.0,0,False,0.5481352114407061,0.5481352114407061,0,50-55%
2022,4,IND,TEN,2.782022416733124,-7.0,0,False,0.5835138156420951,0.5835138156420951,0,55-60%
2022,4,NYG,CHI,-0.8434869806094285,8.0,1,False,0.47446203069672666,0.5255379693032733,0,50-55%
2022,4,PHI,JAX,2.159741646511347,8.0,1,False,0.5650754922615177,0.5650754922615177,1,55-60%
2022,4,PIT,NYJ,5.870395130467047,-4.0,0,False,0.670746443828285,0.670746443828285,0,65-70%
2022,4,CAR,ARI,1.745997680752321,-10.0,0,False,0.5527124189811693,0.5527124189811693,0,55-60%
2022,4,GB,NE,7.106416861577649,3.0,1,False,0.702949701668132,0.702949701668132,1,70-75%
2022,4,LV,DEN,-2.178469030118916,9.0,1,False,0.43436670688459766,0.5656332931154023,0,55-60%
2022,4,TB,KC,2.984543872928376,-10.0,0,False,0.58946711382302,0.58946711382302,0,55-60%
2022,4,SF,LA,4.058436343020985,15.0,1,False,0.6205613806093834,0.6205613806093834,1,60-65%
2022,5,DEN,IND,4.736208038508762,-3.0,0,False,0.6397054219196774,0.6397054219196774,0,60-65%
2022,5,GB,NYG,6.520500791883352,-5.0,0,True,0.6879094256351621,0.6879094256351621,0,65-70%
2022,5,BUF,PIT,18.350701106764802,35.0,1,False,0.9024129478696173,0.9024129478696173,1,80%+
2022,5,CLE,LAC,1.7955338415807283,-2.0,0,False,0.5541963568572911,0.5541963568572911,0,55-60%
2022,5,JAX,HOU,11.12628062272978,-7.0,0,False,0.7939072082510451,0.7939072082510451,0,75-80%
2022,5,MIN,CHI,5.517965121715488,7.0,1,False,0.6612443207649813,0.6612443207649813,1,65-70%
2022,5,NE,DET,3.8052811161493336,29.0,1,False,0.6133097667767379,0.6133097667767379,1,60-65%
2022,5,NO,SEA,0.9623428144274502,7.0,1,False,0.5291288820416545,0.5291288820416545,1,50-55%
2022,5,NYJ,MIA,-7.439083562569105,23.0,1,False,0.2886998144801084,0.7113001855198916,0,70-75%
2022,5,TB,ATL,7.291332589456407,6.0,1,False,0.707608618484017,0.707608618484017,1,70-75%
2022,5,WAS,TEN,-2.9812807972508573,-4.0,0,False,0.41062860472316104,0.5893713952768389,1,55-60%
2022,5,CAR,SF,-10.409955459465003,-22.0,0,False,0.22066198957781888,0.7793380104221811,1,75-80%
2022,5,ARI,PHI,-6.304674255513402,-3.0,0,False,0.3177344587731035,0.6822655412268965,1,65-70%
2022,5,LA,DAL,-1.9269523818791303,-12.0,0,False,0.4418715298653279,0.558128470134672,1,55-60%
2022,5,BAL,CIN,-0.5892112669272096,2.0,1,False,0.48215269869970784,0.5178473013002922,0,50-55%
2022,5,KC,LV,10.382137464572073,1.0,1,False,0.7787576014694295,0.7787576014694295,1,75-80%
2022,6,CHI,WAS,3.834081324111798,-5.0,0,False,0.6141373516880517,0.6141373516880517,0,60-65%
2022,6,ATL,SF,-7.7812777230982375,14.0,1,False,0.2802574005920638,0.7197425994079363,0,70-75%
2022,6,CLE,NE,-3.751575504240665,-23.0,0,False,0.38823523055047815,0.6117647694495219,1,60-65%
2022,6,GB,NYJ,2.5494125218877572,-17.0,0,False,0.5766459629129818,0.5766459629129818,0,55-60%
2022,6,IND,JAX,-1.6702080525032896,7.0,1,False,0.4495597948189397,0.5504402051810603,0,55-60%
2022,6,MIA,MIN,0.033848540104086,-8.0,0,False,0.5010257118976359,0.5010257118976359,0,50-55%
2022,6,NO,CIN,-5.372431345125748,-4.0,0,False,0.3427183151770001,0.6572816848229999,1,65-70%
2022,6,NYG,BAL,-3.794982499707144,4.0,1,False,0.38698632707968256,0.6130136729203175,0,60-65%
2022,6,PIT,TB,-10.187380033307939,2.0,1,False,0.2253364925905992,0.7746635074094008,0,75-80%
2022,6,LA,CAR,7.785615645966116,14.0,1,False,0.7198486497290936,0.7198486497290936,1,70-75%
2022,6,SEA,ARI,-0.44454933489418047,10.0,1,False,0.4865320666310833,0.5134679333689167,0,50-55%
2022,6,KC,BUF,-7.123521631216518,-4.0,0,False,0.29661755073299867,0.7033824492670013,1,70-75%
2022,6,PHI,DAL,2.0397372207670443,9.0,1,False,0.5614972701519625,0.5614972701519625,1,55-60%
2022,6,LAC,DEN,3.6189069792953346,3.0,1,False,0.6079385908433604,0.6079385908433604,1,60-65%
2022,7,ARI,NO,0.2815934112570253,8.0,1,False,0.5085323053246201,0.5085323053246201,1,50-55%
2022,7,BAL,CLE,9.65442430620943,3.0,1,False,0.7631871740351694,0.7631871740351694,1,75-80%
2022,7,CAR,TB,-9.152407405942135,18.0,1,False,0.24798598731267646,0.7520140126873236,0,75-80%
2022,7,CIN,ATL,3.9586308758326805,18.0,1,False,0.6177086862781216,0.6177086862781216,1,60-65%
2022,7,DAL,DET,13.532329958882821,18.0,1,False,0.8375733625915114,0.8375733625915114,1,80%+
2022,7,JAX,NYG,0.8094297233399115,-6.0,0,False,0.5245085164674208,0.5245085164674208,0,50-55%
2022,7,TEN,IND,1.3697202134034772,9.0,1,False,0.5414115914043787,0.5414115914043787,1,50-55%
2022,7,WAS,GB,-0.6787976916774052,2.0,1,False,0.47944196940337797,0.520558030596622,0,50-55%
2022,7,DEN,NYJ,-4.277069867704116,-7.0,0,False,0.3732187911899588,0.6267812088100412,1,60-65%
2022,7,LV,HOU,4.708866701967822,18.0,1,False,0.6389412267703709,0.6389412267703709,1,60-65%
2022,7,LAC,SEA,2.2378669934400883,-14.0,0,False,0.567401373678754,0.567401373678754,0,55-60%
2022,7,SF,KC,-0.36158606173553864,-21.0,0,False,0.48904460028678126,0.5109553997132188,1,50-55%
2022,7,MIA,PIT,4.100048295375928,6.0,1,False,0.6217483116490875,0.6217483116490875,1,60-65%
2022,7,NE,CHI,14.789229057644757,-19.0,0,False,0.8572498877063829,0.8572498877063829,0,80%+
2022,8,TB,BAL,-2.7230189540275127,-5.0,0,False,0.41822531784185096,0.5817746821581491,1,55-60%
2022,8,JAX,DEN,0.7114242757460048,-4.0,0,True,0.5215449620358591,0.5215449620358591,0,50-55%
2022,8,ATL,CAR,6.125433169423444,3.0,1,False,0.6775372151972383,0.6775372151972383,1,65-70%
2022,8,DAL,CHI,6.7035820699803645,20.0,1,False,0.6926537775787159,0.6926537775787159,1,65-70%
2022,8,DET,MIA,-3.8264272992843056,-4.0,0,False,0.386082525477738,0.613917474522262,1,60-65%
2022,8,MIN,ARI,4.519375057308261,8.0,1,False,0.6336257288141316,0.6336257288141316,1,60-65%
2022,8,NO,LV,-4.236244298240636,24.0,1,False,0.37437711355075654,0.6256228864492435,0,60-65%
2022,8,NYJ,NE,4.796321226782246,-5.0,0,False,0.6413831044605882,0.6413831044605882,0,60-65%
2022,8,PHI,PIT,14.73954599733111,22.0,1,False,0.8565113505841802,0.8565113505841802,1,80%+
2022,8,HOU,TEN,-2.826823564131006,-7.0,0,False,0.4151670502523107,0.5848329497476893,1,55-60%
2022,8,IND,WAS,3.63253091240764,-1.0,0,False,0.6083321271987412,0.6083321271987412,0,60-65%
2022,8,LA,SF,0.2573778346798983,-17.0,0,False,0.5077986958126388,0.5077986958126388,0,50-55%
2022,8,SEA,NYG,2.21778770313294,14.0,1,False,0.5668038694758736,0.5668038694758736,1,55-60%
2022,8,BUF,GB,19.075024172718607,10.0,1,False,0.9098761898747532,0.9098761898747532,1,80%+
2022,8,CLE,CIN,-10.097228792099916,19.0,1,False,0.2272497063318342,0.7727502936681658,0,75-80%
2022,9,HOU,PHI,-12.134248171257813,-12.0,0,False,0.18681831988964434,0.8131816801103556,1,80%+
2022,9,ATL,LAC,5.11756800065584,-3.0,0,False,0.6502893394033546,0.6502893394033546,0,65-70%
2022,9,CHI,MIA,2.1860834908879783,-3.0,0,False,0.5658600447157504,0.5658600447157504,0,55-60%
2022,9,CIN,CAR,7.638877776882155,21.0,1,False,0.7162477399667734,0.7162477399667734,1,70-75%
2022,9,DET,GB,-5.262597370290682,6.0,1,False,0.3457235298612356,0.6542764701387644,0,65-70%
2022,9,JAX,LV,0.6476817073307031,7.0,1,False,0.5196166441191339,0.5196166441191339,1,50-55%
2022,9,NE,IND,7.843458762844859,23.0,1,False,0.7212604100152809,0.7212604100152809,1,70-75%
2022,9,NYJ,BUF,-8.644170648143037,3.0,1,False,0.2596519639770594,0.7403480360229406,0,70-75%
2022,9,WAS,MIN,-3.9520104418375253,-3.0,0,False,0.38248083223989937,0.6175191677601006,1,60-65%
2022,9,ARI,SEA,-4.196302001633788,-10.0,0,False,0.37551176996698415,0.6244882300330159,1,60-65%
2022,9,TB,LA,2.038651481421571,3.0,1,False,0.5614648664154178,0.5614648664154178,1,55-60%
2022,9,KC,TEN,11.404991752858892,3.0,1,False,0.7993799016963414,0.7993799016963414,1,75-80%
2022,9,NO,BAL,2.1159489323298146,-14.0,0,False,0.5637704718850508,0.5637704718850508,0,55-60%
2022,10,CAR,ATL,-2.5441169884741646,10.0,1,False,0.42351074469354794,0.576489255306452,0,55-60%
2022,10,TB,SEA,-8.07778929073968,5.0,1,True,0.2730652438162831,0.726934756183717,0,70-75%
2022,10,BUF,MIN,10.445495501096904,-3.0,0,False,0.7800779468428205,0.7800779468428205,0,75-80%
2022,10,CHI,DET,4.814234407417775,-1.0,0,False,0.6418823722487728,0.6418823722487728,0,60-65%
2022,10,KC,JAX,12.367838844344448,10.0,1,False,0.8174449785699833,0.8174449785699833,1,80%+
2022,10,MIA,CLE,-1.307400752182035,22.0,1,False,0.46046450078280704,0.539535499217193,0,50-55%
2022,10,NYG,HOU,6.155062643797474,8.0,1,False,0.678321376600132,0.678321376600132,1,65-70%
2022,10,PIT,NO,-4.909316582373237,10.0,1,False,0.3554727115020176,0.6445272884979825,0,60-65%
2022,10,TEN,DEN,5.847372951672674,7.0,1,False,0.6701298658253828,0.6701298658253828,1,65-70%
2022,10,LV,IND,4.719563782264139,-5.0,0,False,0.6392402960656229,0.6392402960656229,0,60-65%
2022,10,GB,DAL,-9.229959643579008,3.0,1,False,0.24623709672020466,0.7537629032797953,0,75-80%
2022,10,LA,ARI,0.9231070421961387,-10.0,0,False,0.5279437926075001,0.5279437926075001,0,50-55%
2022,10,SF,LAC,7.777861417521777,6.0,1,False,0.7196590628506558,0.7196590628506558,1,70-75%
2022,10,PHI,WAS,13.576022583065715,-11.0,0,False,0.8382925755991241,0.8382925755991241,0,80%+
2022,11,GB,TEN,-1.8986349087010168,-10.0,0,False,0.4427182053391082,0.5572817946608918,1,55-60%
2022,11,ATL,CHI,2.0993920917983235,3.0,1,False,0.5632768478007938,0.5632768478007938,1,55-60%
2022,11,BAL,CAR,10.095770061664535,10.0,1,False,0.772719242027693,0.772719242027693,1,75-80%
2022,11,BUF,CLE,11.219995817276343,8.0,1,True,0.7957596153156309,0.7957596153156309,1,75-80%
2022,11,HOU,WAS,-4.965669035607566,-13.0,0,False,0.35390928942335964,0.6460907105766404,1,60-65%
2022,11,IND,PHI,-6.637536555584133,-1.0,0,False,0.309053096443138,0.6909469035568621,1,65-70%
2022,11,NE,NYJ,2.762581120881541,7.0,1,False,0.5829410086892339,0.5829410086892339,1,55-60%
2022,11,NO,LA,4.251986752621866,7.0,1,False,0.6260697101382958,0.6260697101382958,1,60-65%
2022,11,NYG,DET,6.4233053416790495,-13.0,0,False,0.6853745224497763,0.6853745224497763,0,65-70%
2022,11,DEN,LV,4.31783607564236,-6.0,0,False,0.6279363975987958,0.6279363975987958,0,60-65%
2022,11,MIN,DAL,0.6854590618922385,-37.0,0,False,0.5207595456941505,0.5207595456941505,0,50-55%
2022,11,PIT,CIN,-7.706602938469666,-7.0,0,False,0.28208683156552544,0.7179131684344746,1,70-75%
2022,11,LAC,KC,-8.503823924139619,-3.0,0,False,0.2629355221145239,0.737064477885476,1,70-75%
2022,11,ARI,SF,-4.765253638595896,-28.0,0,True,0.3594835233599779,0.6405164766400221,1,60-65%
2022,12,DET,BUF,-7.704849005367911,-3.0,0,False,0.2821298875899822,0.7178701124100177,1,70-75%
2022,12,DAL,NYG,17.846339282349405,8.0,1,False,0.8968951598312856,0.8968951598312856,1,80%+
2022,12,MIN,NE,-7.081736246351386,7.0,1,False,0.297675355458484,0.702324644541516,0,70-75%
2022,12,CAR,DEN,2.16750726551191,13.0,1,False,0.5653068136814375,0.5653068136814375,1,55-60%
2022,12,CLE,TB,0.06876747494622548,6.0,1,False,0.5020838508117192,0.5020838508117192,1,50-55%
2022,12,JAX,BAL,-4.479176921522751,1.0,1,False,0.3675061286348641,0.6324938713651359,0,60-65%
2022,12,MIA,HOU,11.186025239249007,15.0,1,False,0.7950895747305929,0.7950895747305929,1,75-80%
2022,12,NYJ,CHI,9.826827193853383,21.0,1,False,0.7669432046055654,0.7669432046055654,1,75-80%
2022,12,TEN,CIN,0.7637540543529708,-4.0,0,False,0.5231275469914103,0.5231275469914103,0,50-55%
2022,12,WAS,ATL,7.833302322824868,6.0,1,False,0.7210128408401894,0.7210128408401894,1,70-75%
2022,12,ARI,LAC,-2.8003649827798283,-1.0,0,False,0.41594595637687126,0.5840540436231287,1,55-60%
2022,12,SEA,LV,7.20268081784162,-6.0,0,False,0.7053804044238066,0.7053804044238066,0,70-75%
2022,12,KC,LA,15.444411826698978,16.0,1,False,0.866695291971307,0.866695291971307,1,80%+
2022,12,SF,NO,12.310090339493174,13.0,1,False,0.8163980828279084,0.8163980828279084,1,80%+
2022,12,PHI,GB,7.378985015351904,7.0,1,False,0.7098019622695119,0.7098019622695119,1,70-75%
2022,12,IND,PIT,2.771815213182964,-7.0,0,False,0.5832131045896256,0.5832131045896256,0,55-60%
2022,13,NE,BUF,-1.3150039617585219,-14.0,0,False,0.4602355493648265,0.5397644506351735,1,50-55%
2022,13,ATL,PIT,0.9498856661012078,-3.0,0,False,0.5287526574086919,0.5287526574086919,0,50-55%
2022,13,BAL,DEN,11.492396951310972,1.0,1,False,0.8010735826871532,0.8010735826871532,1,80%+
2022,13,CHI,GB,-2.1250349536599025,-9.0,0,False,0.4359586919573208,0.5640413080426792,1,55-60%
2022,13,DET,JAX,1.1651941676299558,26.0,1,False,0.5352503372688451,0.5352503372688451,1,50-55%
2022,13,HOU,CLE,-4.73649827920011,-13.0,0,False,0.3602864695905163,0.6397135304094836,1,60-65%
2022,13,MIN,NYJ,-3.97014290975034,5.0,1,False,0.38196185208411626,0.6180381479158837,0,60-65%
2022,13,PHI,TEN,1.6531171008034449,25.0,1,False,0.5499275148363205,0.5499275148363205,1,50-55%
2022,13,LA,SEA,-4.892849142622404,-4.0,0,False,0.3559301628082832,0.6440698371917168,1,60-65%
2022,13,SF,MIA,6.617057724120921,16.0,1,False,0.6904165876282512,0.6904165876282512,1,65-70%
2022,13,CIN,KC,-0.20286103413344514,3.0,1,False,0.4938530056534344,0.5061469943465656,0,50-55%
2022,13,LV,LAC,2.2452287296603286,7.0,1,False,0.5676203895935876,0.5676203895935876,1,55-60%
2022,13,DAL,IND,17.084426567236967,35.0,1,False,0.8880364665405749,0.8880364665405749,1,80%+
2022,13,TB,NO,2.714831035269871,1.0,1,False,0.5815331806058681,0.5815331806058681,1,55-60%
2022,14,LA,LV,-4.8382794021928754,1.0,1,False,0.35744794050874235,0.6425520594912577,0,60-65%
2022,14,BUF,NYJ,6.655097260311596,8.0,1,False,0.6914012520810587,0.6914012520810587,1,65-70%
2022,14,CIN,CLE,7.794711338137538,13.0,1,False,0.7200709348647403,0.7200709348647403,1,70-75%
2022,14,DAL,HOU,24.541971900221807,4.0,1,False,0.9514218853199505,0.9514218853199505,1,80%+
2022,14,DET,MIN,3.571851122059491,11.0,1,False,0.6065782747713552,0.6065782747713552,1,60-65%
2022,14,NYG,PHI,-7.71840232650547,-26.0,0,False,0.28179728070512544,0.7182027192948746,1,70-75%
2022,14,PIT,BAL,-2.1222156854495955,-2.0,0,False,0.43604272463414706,0.5639572753658529,1,55-60%
2022,14,TEN,JAX,5.352250267979091,-14.0,0,False,0.6567304379417195,0.6567304379417195,0,65-70%
2022,14,DEN,KC,-9.359059863511824,-6.0,0,False,0.24334421102037776,0.7566557889796223,1,75-80%
2022,14,SEA,CAR,3.34471437882722,-6.0,0,False,0.5999891559345644,0.5999891559345644,0,55-60%
2022,14,SF,TB,13.541225978012571,28.0,1,False,0.8377200064132856,0.8377200064132856,1,80%+
2022,14,LAC,MIA,-1.6275182765951273,6.0,1,False,0.4508405907432018,0.5491594092567982,0,50-55%
2022,14,ARI,NE,-4.738264171591025,-14.0,0,False,0.36023713735608676,0.6397628626439132,1,60-65%
2022,15,SEA,SF,-12.216972696111082,-8.0,0,False,0.18529979449881856,0.8147002055011814,1,80%+
2022,15,MIN,IND,10.312536105637257,3.0,1,False,0.7773006187566379,0.7773006187566379,1,75-80%
2022,15,CLE,BAL,-1.0155697210644592,10.0,1,False,0.4692639632580496,0.5307360367419505,0,50-55%
2022,15,BUF,MIA,11.011009453134438,3.0,1,False,0.7916116975187285,0.7916116975187285,1,75-80%
2022,15,CAR,PIT,3.645704600110191,-8.0,0,False,0.6087125240425852,0.6087125240425852,0,60-65%
2022,15,CHI,PHI,-16.398205574910733,-5.0,0,False,0.12050450733211757,0.8794954926678824,1,80%+
2022,15,HOU,KC,-10.25371558119896,-6.0,0,False,0.22393601361826865,0.7760639863817314,1,75-80%
2022,15,JAX,DAL,-9.53734325431263,6.0,1,False,0.23938728974679852,0.7606127102532014,0,75-80%
2022,15,NO,ATL,3.1960693312038204,3.0,1,False,0.5956572102110556,0.5956572102110556,1,55-60%
2022,15,NYJ,DET,0.6898910490075221,-3.0,0,False,0.5208936153200213,0.5208936153200213,0,50-55%
2022,15,DEN,ARI,4.834920843412899,9.0,1,False,0.6424585522332399,0.6424585522332399,1,60-65%
2022,15,LV,NE,-2.2029457657987983,6.0,1,False,0.4336379105744972,0.5663620894255028,0,55-60%
2022,15,LAC,TEN,5.810477991021234,3.0,1,False,0.669140527338903,0.669140527338903,1,65-70%
2022,15,TB,CIN,-10.23435370128866,-11.0,0,False,0.22434414154671617,0.7756558584532838,1,75-80%
2022,15,WAS,NYG,9.377155570967695,-8.0,0,False,0.7570594310298304,0.7570594310298304,0,75-80%
2022,15,GB,LA,5.526822390992496,12.0,1,False,0.6614847676871349,0.6614847676871349,1,65-70%
2022,16,NYJ,JAX,3.4883748914861235,-16.0,0,False,0.604161039316683,0.604161039316683,0,60-65%
2022,16,BAL,ATL,5.654195006355605,8.0,1,False,0.664933267043385,0.664933267043385,1,65-70%
2022,16,CAR,DET,-5.869403715746935,14.0,1,False,0.3292800960653648,0.6707199039346352,0,65-70%
2022,16,CHI,BUF,-11.7755584370597,-22.0,0,False,0.19351341640139716,0.8064865835986028,1,80%+
2022,16,CLE,NO,5.478746012903906,-7.0,0,False,0.6601786463963235,0.6601786463963235,0,65-70%
2022,16,KC,SEA,8.188466208833919,14.0,1,False,0.7295895959243365,0.7295895959243365,1,70-75%
2022,16,MIN,NYG,3.151506540646689,3.0,1,False,0.5943555790503982,0.5943555790503982,1,55-60%
2022,16,NE,CIN,-3.918328330576002,-4.0,0,False,0.383445578922463,0.616554421077537,1,60-65%
2022,16,TEN,HOU,2.335176167103957,-5.0,0,False,0.5702942188873655,0.5702942188873655,0,55-60%
2022,16,SF,WAS,14.221906506714904,17.0,1,False,0.8486263185934433,0.8486263185934433,1,80%+
2022,16,DAL,PHI,0.3747707265342137,6.0,1,False,0.511354736123306,0.511354736123306,1,50-55%
2022,16,PIT,LV,1.1953605409077197,3.0,1,False,0.5361598079997304,0.5361598079997304,1,50-55%
2022,16,MIA,GB,3.3349950505739026,-6.0,0,False,0.5997063760069858,0.5997063760069858,0,55-60%
2022,16,LA,DEN,-1.9167625746039108,37.0,1,False,0.44217616033848806,0.5578238396615119,0,55-60%
2022,16,ARI,TB,-0.7540150419114096,-3.0,0,False,0.4771669511812535,0.5228330488187465,1,50-55%
2022,16,IND,LAC,-4.172910431808428,-17.0,0,False,0.3761768995417421,0.623823100458258,1,60-65%
2022,17,TEN,DAL,-11.88216823794847,-14.0,0,False,0.19150465318608864,0.8084953468139113,1,80%+
2022,17,ATL,ARI,5.018174379077293,1.0,1,False,0.6475445952104742,0.6475445952104742,1,60-65%
2022,17,DET,CHI,11.116474044333113,31.0,1,False,0.7937126508285444,0.7937126508285444,1,75-80%
2022,17,HOU,JAX,-6.7281475133785795,-28.0,0,False,0.30671269507997106,0.693287304920029,1,65-70%
2022,17,KC,DEN,18.085508605684673,3.0,1,False,0.8995453295917656,0.8995453295917656,1,80%+
2022,17,NE,MIA,3.601523142777687,2.0,1,False,0.607436243492449,0.607436243492449,1,60-65%
2022,17,NYG,IND,8.564663866552042,28.0,1,False,0.7384911659768537,0.7384911659768537,1,70-75%
2022,17,PHI,NO,9.435745417884327,-10.0,0,False,0.7583632115638578,0.7583632115638578,0,75-80%
2022,17,TB,CAR,-4.362599609494253,6.0,1,False,0.3707968234853915,0.6292031765146084,0,60-65%
2022,17,WAS,CLE,1.2629994927722943,-14.0,0,False,0.5381981374937547,0.5381981374937547,0,50-55%
2022,17,LV,SF,-9.908265057686512,-3.0,0,False,0.23129704531760872,0.7687029546823912,1,75-80%
2022,17,SEA,NYJ,0.06679652671510827,17.0,1,False,0.5020241261157166,0.5020241261157166,1,50-55%
2022,17,GB,MIN,4.194941997015287,24.0,1,False,0.6244495716969001,0.6244495716969001,1,60-65%
2022,17,LAC,LA,2.266540802685978,21.0,1,False,0.568254286805868,0.568254286805868,1,55-60%
2022,17,BAL,PIT,1.4965984570956847,-3.0,0,False,0.5452275071264301,0.5452275071264301,0,50-55%
2022,18,LV,KC,-0.5850087352211031,-18.0,0,False,0.4822798870423926,0.5177201129576074,1,50-55%
2022,18,JAX,TEN,16.34377793119318,4.0,1,False,0.8787945385420101,0.8787945385420101,1,80%+
2022,18,ATL,TB,-0.8329345656888874,13.0,1,False,0.47478097701991223,0.5252190229800877,0,50-55%
2022,18,BUF,NE,10.034495663360893,12.0,1,False,0.7714122044450246,0.7714122044450246,1,75-80%
2022,18,CHI,MIN,-4.753398161379816,-16.0,0,False,0.3598144730790715,0.6401855269209284,1,60-65%
2022,18,CIN,BAL,9.475508142820761,11.0,1,False,0.7592453184218503,0.7592453184218503,1,75-80%
2022,18,IND,HOU,-3.737663239232851,-1.0,0,False,0.388635825119173,0.611364174880827,1,60-65%
2022,18,MIA,NYJ,5.098274046105999,5.0,1,False,0.6497573104330018,0.6497573104330018,1,60-65%
2022,18,NO,CAR,5.150610800837022,-3.0,0,False,0.6511996225078865,0.6511996225078865,0,65-70%
2022,18,PIT,CLE,1.383833159142473,14.0,1,False,0.5418362925918458,0.5418362925918458,1,50-55%
2022,18,DEN,LAC,-9.916443861432757,3.0,1,False,0.23112082792751887,0.7688791720724811,0,75-80%
2022,18,PHI,NYG,4.4836053569253265,6.0,1,False,0.6326186345282013,0.6326186345282013,1,60-65%
2022,18,SEA,LA,5.531617560485273,3.0,1,False,0.6616149066389022,0.6616149066389022,1,65-70%
2022,18,SF,ARI,19.51673593893728,25.0,1,False,0.9141713345119458,0.9141713345119458,1,80%+
2022,18,WAS,DAL,-11.014751367703719,20.0,1,False,0.20831349104134256,0.7916865089586574,0,75-80%
2022,18,GB,DET,1.2036176510964054,-4.0,0,False,0.5364087057727649,0.5364087057727649,0,50-55%
2022,19,SF,SEA,12.796209793016088,18.0,1,False,0.8250661601049473,0.8250661601049473,1,80%+
2022,19,JAX,LAC,5.96571167934372,1.0,1,False,0.6732929368715596,0.6732929368715596,1,65-70%
2022,19,BUF,MIA,11.730950583632731,3.0,1,False,0.8056413342519331,0.8056413342519331,1,80%+
2022,19,MIN,NYG,-1.6689673918389245,-7.0,0,False,0.44959700827199395,0.550402991728006,1,55-60%
2022,19,CIN,BAL,10.024325211405285,7.0,1,False,0.7711947485778945,0.7711947485778945,1,75-80%
2022,19,TB,DAL,-6.308321751366996,-17.0,0,False,0.31763862389160225,0.6823613761083978,1,65-70%
2022,20,KC,JAX,3.126056391861681,7.0,1,False,0.5936116109509171,0.5936116109509171,1,55-60%
2022,20,PHI,NYG,4.069921558963216,31.0,1,False,0.6208891274674142,0.6208891274674142,1,60-65%
2022,20,BUF,CIN,3.150681045394106,-17.0,0,False,0.5943314546469812,0.5943314546469812,0,55-60%
2022,20,SF,DAL,9.592943924590383,7.0,1,False,0.7618376845644487,0.7618376845644487,1,75-80%
2022,21,PHI,SF,-1.527192858961674,24.0,1,False,0.45385313069689465,0.5461468693031053,0,50-55%
2022,21,KC,CIN,-1.2043974855006383,3.0,1,False,0.46356778826483264,0.5364322117351674,0,50-55%
2022,22,PHI,KC,5.072122794656602,-3.0,0,True,0.6490355972639579,0.6490355972639579,0,60-65%
2023,1,KC,DET,3.6185291891773392,-1.0,0,False,0.6079276761233174,0.6079276761233174,0,60-65%
2023,1,ATL,CAR,-0.41319902095053096,14.0,1,False,0.48748143431869095,0.512518565681309,0,50-55%
2023,1,BAL,HOU,5.8954872657964525,16.0,1,False,0.6714177903014056,0.6714177903014056,1,65-70%
2023,1,CLE,CIN,-4.0796394605834285,21.0,1,False,0.37883364461963803,0.6211663553803619,0,60-65%
2023,1,IND,JAX,-7.76983415695443,-10.0,0,False,0.2805372820056873,0.7194627179943127,1,70-75%
2023,1,MIN,TB,3.6529797490228124,-3.0,0,False,0.6089225410486249,0.6089225410486249,0,60-65%
2023,1,NO,TEN,4.635472911637895,1.0,1,False,0.6368863846644663,0.6368863846644663,1,60-65%
2023,1,PIT,SF,-0.5008216970846939,-23.0,0,False,0.4848282438681501,0.5151717561318498,1,50-55%
2023,1,WAS,ARI,6.848278494426244,4.0,1,False,0.6963748820059802,0.6963748820059802,1,65-70%
2023,1,CHI,GB,-7.741244006273134,-18.0,0,False,0.2812372712464203,0.7187627287535797,1,70-75%
2023,1,DEN,LV,-0.06553214733444435,-1.0,0,False,0.498014187794869,0.501985812205131,1,50-55%
2023,1,LAC,MIA,2.557136893082021,-2.0,0,False,0.5768745180314734,0.5768745180314734,0,55-60%
2023,1,NE,PHI,-4.415165328679993,-5.0,0,False,0.3693115147753166,0.6306884852246835,1,60-65%
2023,1,SEA,LA,2.790954150799409,-17.0,0,False,0.5837768995417603,0.5837768995417603,0,55-60%
2023,1,NYG,DAL,-2.8828521997281573,-40.0,0,False,0.41351904343785645,0.5864809565621436,1,55-60%
2023,1,NYJ,BUF,-2.8073337539536576,6.0,1,False,0.41574076394546305,0.5842592360545369,0,55-60%
2023,2,PHI,MIN,11.608869677047622,6.0,1,False,0.803313778131937,0.803313778131937,1,80%+
2023,2,ATL,GB,-1.293716906305759,1.0,1,False,0.4608765971488117,0.5391234028511883,0,50-55%
2023,2,BUF,LV,3.4403775478161407,28.0,1,False,0.6027688556273558,0.6027688556273558,1,60-65%
2023,2,CIN,BAL,0.9250971517824582,-3.0,0,False,0.5280039101908767,0.5280039101908767,0,50-55%
2023,2,DET,SEA,9.813450850843846,-6.0,0,False,0.7666532724814907,0.7666532724814907,0,75-80%
2023,2,HOU,IND,2.7312750198015276,-11.0,0,False,0.5820181540093916,0.5820181540093916,0,55-60%
2023,2,JAX,KC,0.16601774812924508,-8.0,0,False,0.5050306710894618,0.5050306710894618,0,50-55%
2023,2,TB,CHI,8.039556609269876,10.0,1,False,0.7260138850298032,0.7260138850298032,1,70-75%
2023,2,TEN,LAC,-0.5808040995463968,3.0,1,False,0.48240714135894236,0.5175928586410576,0,50-55%
2023,2,ARI,NYG,6.160980361766745,-3.0,0,False,0.6784778723165095,0.6784778723165095,0,65-70%
2023,2,LA,SF,-4.2278068037502825,-7.0,0,False,0.3746166862002381,0.625383313799762,1,60-65%
2023,2,DAL,NYJ,11.523592543348448,20.0,1,False,0.8016754621141275,0.8016754621141275,1,80%+
2023,2,DEN,WAS,-1.2680702533018124,-2.0,0,False,0.46164910350391863,0.5383508964960814,1,50-55%
2023,2,NE,MIA,0.45396135812296223,-7.0,0,False,0.5137529348505229,0.5137529348505229,0,50-55%
2023,2,CAR,NO,-0.5240057015709068,-3.0,0,False,0.48412637551790677,0.5158736244820932,1,50-55%
2023,2,PIT,CLE,-4.540077925411622,4.0,1,False,0.3657919152526453,0.6342080847473547,0,60-65%
2023,3,SF,NYG,17.164333376927388,18.0,1,False,0.8889958774804005,0.8889958774804005,1,80%+
2023,3,BAL,IND,8.799274853667825,-3.0,0,False,0.7439457482332252,0.7439457482332252,0,70-75%
2023,3,CLE,TEN,5.065990827949701,24.0,1,False,0.6488662705356537,0.6488662705356537,1,60-65%
2023,3,DET,ATL,1.722512472013981,14.0,1,False,0.5520085506605286,0.5520085506605286,1,55-60%
2023,3,GB,NO,4.68671581447424,1.0,1,False,0.6383215891470932,0.6383215891470932,1,60-65%
2023,3,JAX,HOU,11.94316514955032,-20.0,0,False,0.8096374867932186,0.8096374867932186,0,80%+
2023,3,MIA,DEN,7.628006055499708,50.0,1,False,0.7159798412249313,0.7159798412249313,1,70-75%
2023,3,MIN,LAC,-0.6916288403550352,-4.0,0,False,0.4790538165217166,0.5209461834782834,1,50-55%
2023,3,NYJ,NE,0.8130772070898333,-5.0,0,False,0.5246187795148458,0.5246187795148458,0,50-55%
2023,3,WAS,BUF,-3.463232555795793,-34.0,0,False,0.3965680159837041,0.6034319840162958,1,60-65%
2023,3,SEA,CAR,3.236004570917852,10.0,1,False,0.596822533848885,0.596822533848885,1,55-60%
2023,3,ARI,DAL,-14.958774853374567,12.0,1,False,0.14025365050060037,0.8597463494993997,0,80%+
2023,3,KC,CHI,17.20110361207814,31.0,1,False,0.8894349419441661,0.8894349419441661,1,80%+
2023,3,LV,PIT,-2.853986329361663,-5.0,0,False,0.41436785468705795,0.585632145312942,1,55-60%
2023,3,TB,PHI,-6.404300364222228,-14.0,0,False,0.3151224365508381,0.684877563449162,1,65-70%
2023,3,CIN,LA,0.11080538580520005,3.0,1,False,0.5033576884893325,0.5033576884893325,1,50-55%
2023,4,GB,DET,0.9719097463788582,-14.0,0,False,0.5294177953440907,0.5294177953440907,0,50-55%
2023,4,JAX,ATL,-3.418895112176222,16.0,1,True,0.3978547925473469,0.6021452074526531,0,60-65%
2023,4,BUF,MIA,2.0364506923559516,28.0,1,False,0.5613991825703607,0.5613991825703607,1,55-60%
2023,4,CAR,MIN,0.7903750983884057,-8.0,0,False,0.5239324585700937,0.5239324585700937,0,50-55%
2023,4,CHI,DEN,0.34990460367632603,-3.0,0,False,0.5106015806478387,0.5106015806478387,0,50-55%
2023,4,CLE,BAL,7.462387507743391,-25.0,0,False,0.7118799018070858,0.7118799018070858,0,70-75%
2023,4,HOU,PIT,-1.0125180856413831,24.0,1,False,0.46935608866362166,0.5306439113363783,0,50-55%
2023,4,IND,LA,-2.156607140788126,-6.0,0,False,0.43501788609026953,0.5649821139097304,1,55-60%
2023,4,NO,TB,6.773209667849591,-17.0,0,False,0.6944475337688646,0.6944475337688646,0,65-70%
2023,4,PHI,WAS,13.988642749930754,3.0,1,False,0.8449582864496571,0.8449582864496571,1,80%+
2023,4,TEN,CIN,-3.175833303500463,24.0,1,False,0.40493369676484975,0.5950663032351502,0,55-60%
2023,4,LAC,LV,8.027149266836089,7.0,1,False,0.7257146269645165,0.7257146269645165,1,70-75%
2023,4,DAL,NE,7.789243063949249,35.0,1,False,0.7199373113326223,0.7199373113326223,1,70-75%
2023,4,SF,ARI,11.29914646394232,19.0,1,False,0.7973144711812885,0.7973144711812885,1,75-80%
2023,4,NYJ,KC,-9.726387370884218,-3.0,0,False,0.23523995404702044,0.7647600459529795,1,75-80%
2023,4,NYG,SEA,-5.51810277690353,-21.0,0,False,0.3387519416936618,0.6612480583063383,1,65-70%
2023,5,WAS,CHI,10.992939652139402,-20.0,0,False,0.7912501525979554,0.7912501525979554,0,75-80%
2023,5,BUF,JAX,16.28512112559591,-5.0,0,True,0.8780351861205733,0.8780351861205733,0,80%+
2023,5,ATL,HOU,-4.13513356771874,2.0,1,False,0.37725205454644284,0.6227479454535572,0,60-65%
2023,5,DET,CAR,13.361291319788291,18.0,1,False,0.8347331238328799,0.8347331238328799,1,80%+
2023,5,IND,TEN,-2.31514999349121,7.0,1,False,0.43030074155602693,0.5696992584439731,0,55-60%
2023,5,MIA,NYG,17.353772107818305,15.0,1,False,0.8912416862547284,0.8912416862547284,1,80%+
2023,5,NE,NO,-0.13191029313615865,-34.0,0,False,0.4960028035471109,0.5039971964528891,1,50-55%
2023,5,PIT,BAL,-9.070584561583459,7.0,1,False,0.24984018906802413,0.7501598109319758,0,75-80%
2023,5,ARI,CIN,3.751705824390367,-14.0,0,False,0.6117685212199937,0.6117685212199937,0,60-65%
2023,5,LA,PHI,-1.470425695843382,-9.0,0,False,0.45555922972837215,0.5444407702716278,1,50-55%
2023,5,DEN,NYJ,-6.599990442619538,-10.0,0,False,0.310025766680485,0.689974233319515,1,65-70%
2023,5,MIN,KC,-6.827454525326625,-7.0,0,False,0.30415907396503694,0.6958409260349631,1,65-70%
2023,5,SF,DAL,0.8337479457838437,32.0,1,False,0.5252436080964809,0.5252436080964809,1,50-55%
2023,5,LV,GB,-3.9110410791276244,4.0,1,False,0.3836544265968878,0.6163455734031122,0,60-65%
2023,6,KC,DEN,19.647938265755126,11.0,1,False,0.915410950783327,0.915410950783327,1,80%+
2023,6,TEN,BAL,-4.15544815665154,-8.0,0,True,0.3766737367704086,0.6233262632295914,1,60-65%
2023,6,ATL,WAS,7.377976941869038,-8.0,0,False,0.7097767923954492,0.7097767923954492,0,70-75%
2023,6,CHI,MIN,-4.023697565479667,-6.0,0,False,0.3804306081359677,0.6195693918640324,1,60-65%
2023,6,CIN,SEA,-2.381369792260168,4.0,1,False,0.42833418505839926,0.5716658149416007,0,55-60%
2023,6,CLE,SF,-13.978263861448744,2.0,1,False,0.15520659400719838,0.8447934059928016,0,80%+
2023,6,HOU,NO,-0.9364896088892103,7.0,1,False,0.4716519601296646,0.5283480398703354,0,50-55%
2023,6,JAX,IND,6.499348600272735,17.0,1,False,0.6873587163696803,0.6873587163696803,1,65-70%
2023,6,MIA,CAR,13.313526856885561,21.0,1,False,0.8339328738535172,0.8339328738535172,1,80%+
2023,6,LV,NE,8.684844862615243,4.0,1,False,0.7412946601475158,0.7412946601475158,1,70-75%
2023,6,LA,ARI,7.6208231116246,17.0,1,False,0.7158027568951181,0.7158027568951181,1,70-75%
2023,6,NYJ,PHI,-5.812941170248105,6.0,1,False,0.3307933757692265,0.6692066242307735,0,65-70%
2023,6,TB,DET,-5.011531619307622,-14.0,0,False,0.35263919400747296,0.6473608059925271,1,60-65%
2023,6,BUF,NYG,22.782099768911554,5.0,1,False,0.9405576852173394,0.9405576852173394,1,80%+
2023,6,LAC,DAL,-3.1532133392567347,-3.0,0,False,0.40559454264263467,0.5944054573573654,1,55-60%
2023,7,NO,JAX,-1.6546151779468696,-7.0,0,False,0.4500275419416912,0.5499724580583087,1,50-55%
2023,7,BAL,DET,-3.272600912761212,32.0,1,False,0.40211053108155104,0.597889468918449,0,55-60%
2023,7,CHI,LV,-0.8493180494184804,18.0,1,False,0.47428579579423336,0.5257142042057666,0,50-55%
2023,7,IND,CLE,-4.851982125538389,-1.0,0,False,0.35706654889039074,0.6429334511096092,1,60-65%
2023,7,NE,BUF,-16.938779870709606,4.0,1,False,0.113730905904322,0.886269094095678,0,80%+
2023,7,NYG,WAS,1.6500016908316286,7.0,1,False,0.5498340480408228,0.5498340480408228,1,50-55%
2023,7,TB,ATL,6.501976298581774,-3.0,0,False,0.6874271587969124,0.6874271587969124,0,65-70%
2023,7,LA,PIT,5.764460003362862,-7.0,0,False,0.6679044564282385,0.6679044564282385,0,65-70%
2023,7,SEA,ARI,10.659883341951074,10.0,1,False,0.7845036193988285,0.7845036193988285,1,75-80%
2023,7,DEN,GB,-6.177962893347744,2.0,1,False,0.32107324241157575,0.6789267575884242,0,65-70%
2023,7,KC,LAC,6.858817349778883,14.0,1,False,0.6966449115597386,0.6966449115597386,1,65-70%
2023,7,PHI,MIA,-0.8667844352839797,14.0,1,False,0.47375794020236867,0.5262420597976314,0,50-55%
2023,7,MIN,SF,-12.121536348811984,5.0,1,False,0.1870525110265263,0.8129474889734737,0,80%+
2023,8,BUF,TB,9.328039358574054,6.0,1,False,0.755962789202606,0.755962789202606,1,75-80%
2023,8,CAR,HOU,-7.706448846487562,2.0,1,False,0.28209061409737024,0.7179093859026298,0,70-75%
2023,8,DAL,LA,7.18403691777753,23.0,1,False,0.7049105435635037,0.7049105435635037,1,70-75%
2023,8,GB,MIN,-3.1334198901648342,-14.0,0,False,0.40617309223312076,0.5938269077668792,1,55-60%
2023,8,IND,NO,-1.869441875661207,-11.0,0,False,0.4435914080835357,0.5564085919164643,1,55-60%
2023,8,MIA,NE,12.2024357998876,14.0,1,False,0.8144340525518728,0.8144340525518728,1,80%+
2023,8,NYG,NYJ,-4.499134876467159,-3.0,0,False,0.366943989777524,0.633056010222476,1,60-65%
2023,8,PIT,JAX,-3.822062286515388,-10.0,0,False,0.3862079400142469,0.6137920599857531,1,60-65%
2023,8,TEN,ATL,4.226913068175734,5.0,1,False,0.6253579336370275,0.6253579336370275,1,60-65%
2023,8,WAS,PHI,-12.311439505909306,-7.0,0,False,0.1835774057623575,0.8164225942376425,1,80%+
2023,8,SEA,CLE,1.1716994944049295,4.0,1,False,0.5354464831113832,0.5354464831113832,1,50-55%
2023,8,ARI,BAL,-15.440349402038844,-7.0,0,False,0.1333616092664989,0.8666383907335011,1,80%+
2023,8,DEN,KC,-12.948060046320492,15.0,1,False,0.17229312654117807,0.827706873458822,0,80%+
2023,8,SF,CIN,11.431167282228332,-14.0,0,False,0.7998882442862716,0.7998882442862716,0,75-80%
2023,8,LAC,CHI,4.975266536352433,17.0,1,False,0.6463566702635044,0.6463566702635044,1,60-65%
2023,8,DET,LV,12.345004478033971,12.0,1,False,0.817031580160804,0.817031580160804,1,80%+
2023,9,PIT,TEN,2.6087117334905665,4.0,1,False,0.5783997096265973,0.5783997096265973,1,55-60%
2023,9,KC,MIA,-2.4788589892117283,7.0,1,True,0.4254431402643759,0.5745568597356241,0,55-60%
2023,9,ATL,MIN,-6.800670410531633,-3.0,0,False,0.3048466328984944,0.6951533671015055,1,65-70%
2023,9,BAL,SEA,8.08966707981605,34.0,1,False,0.7272204504821711,0.7272204504821711,1,70-75%
2023,9,CLE,ARI,8.922268861069654,27.0,1,False,0.7467753065921913,0.7467753065921913,1,70-75%
2023,9,GB,LA,0.006935747923684454,17.0,1,False,0.5002101741671268,0.5002101741671268,1,50-55%
2023,9,HOU,TB,4.085261020728335,2.0,1,False,0.6213266885978906,0.6213266885978906,1,60-65%
2023,9,NE,WAS,1.144125077519546,-3.0,0,False,0.5346149964955855,0.5346149964955855,0,50-55%
2023,9,NO,CHI,10.15650568905372,7.0,1,False,0.7740095724596665,0.7740095724596665,1,75-80%
2023,9,CAR,IND,0.4364702022028577,-14.0,0,False,0.5132232855875676,0.5132232855875676,0,50-55%
2023,9,LV,NYG,-1.5235557227960623,24.0,1,False,0.4539624103290259,0.5460375896709742,0,50-55%
2023,9,PHI,DAL,-0.5468541898972845,5.0,1,False,0.4834347257721127,0.5165652742278872,0,50-55%
2023,9,CIN,BUF,2.1994993297223076,6.0,1,False,0.5662594888654698,0.5662594888654698,1,55-60%
2023,9,NYJ,LAC,0.9689478415999913,-21.0,0,False,0.5293283504073417,0.5293283504073417,0,50-55%
2023,10,CHI,CAR,4.530202569592779,3.0,1,False,0.6339303473233151,0.6339303473233151,1,60-65%
2023,10,NE,IND,-5.476559106367123,-4.0,0,True,0.33988082482405835,0.6601191751759417,1,65-70%
2023,10,BAL,CLE,9.989423076860852,-2.0,0,False,0.7704473952071605,0.7704473952071605,0,75-80%
2023,10,CIN,HOU,7.303620602862454,-3.0,0,False,0.7079166896521544,0.7079166896521544,0,70-75%
2023,10,JAX,SF,3.5351968172930146,-31.0,0,False,0.6055175048178129,0.6055175048178129,0,60-65%
2023,10,MIN,NO,3.372146840104966,8.0,1,False,0.6007869324042853,0.6007869324042853,1,60-65%
2023,10,PIT,GB,2.850334738894859,4.0,1,False,0.5855247326375396,0.5855247326375396,1,55-60%
2023,10,TB,TEN,1.6400220714343607,14.0,1,False,0.5495346214043615,0.5495346214043615,1,50-55%
2023,10,ARI,ATL,-3.304575088116901,2.0,1,False,0.40117910911175364,0.5988208908882464,0,55-60%
2023,10,LAC,DET,4.747661947681309,-3.0,0,False,0.640025350653476,0.640025350653476,0,60-65%
2023,10,DAL,NYG,18.45219550076836,32.0,1,False,0.903490989291823,0.903490989291823,1,80%+
2023,10,SEA,WAS,4.655937202087602,3.0,1,False,0.6374598399747958,0.6374598399747958,1,60-65%
2023,10,LV,NYJ,1.3656485978562436,4.0,1,False,0.5412890529761107,0.5412890529761107,1,50-55%
2023,10,BUF,DEN,7.7573019750098435,-2.0,0,False,0.719156016179636,0.719156016179636,0,70-75%
2023,11,BAL,CIN,9.36277408518079,14.0,1,False,0.756738675338613,0.756738675338613,1,75-80%
2023,11,CAR,DAL,-16.096827467489742,-23.0,0,False,0.12443012985790512,0.8755698701420949,1,80%+
2023,11,CLE,PIT,9.096586078604664,3.0,1,False,0.7507500367427854,0.7507500367427854,1,75-80%
2023,11,DET,CHI,11.312763836151912,5.0,1,False,0.7975810824950303,0.7975810824950303,1,75-80%
2023,11,GB,LAC,-4.112976776476892,3.0,1,False,0.3778832149812094,0.6221167850187905,0,60-65%
2023,11,HOU,ARI,11.049664207236672,5.0,1,False,0.7923835614208591,0.7923835614208591,1,75-80%
2023,11,JAX,TEN,6.613724084861186,20.0,1,False,0.6903302128461499,0.6903302128461499,1,65-70%
2023,11,MIA,LV,7.552835562863739,7.0,1,False,0.7141233371994438,0.7141233371994438,1,70-75%
2023,11,WAS,NYG,8.587069801461615,-12.0,0,False,0.7390153204750686,0.7390153204750686,0,70-75%
2023,11,SF,TB,12.821583996075663,13.0,1,False,0.8255096326486205,0.8255096326486205,1,80%+
2023,11,BUF,NYJ,7.108415484201076,26.0,1,False,0.7030002852687957,0.7030002852687957,1,70-75%
2023,11,LA,SEA,-1.594170738737467,1.0,1,False,0.45184155133666976,0.5481584486633302,0,50-55%
2023,11,DEN,MIN,-3.3852282927236717,1.0,1,False,0.39883282763168987,0.6011671723683101,0,60-65%
2023,11,KC,PHI,-1.5767354196694747,-4.0,0,False,0.4523650460146395,0.5476349539853604,1,50-55%
2023,12,DET,GB,4.8378398196876695,-7.0,0,False,0.6425398214794215,0.6425398214794215,0,60-65%
2023,12,DAL,WAS,21.390578939145072,35.0,1,False,0.9303965946273196,0.9303965946273196,1,80%+
2023,12,SEA,SF,-12.956495077725553,-18.0,0,False,0.1721473687620825,0.8278526312379175,1,80%+
2023,12,NYJ,MIA,-8.067825477020069,-21.0,0,False,0.27330504565257385,0.7266949543474261,1,70-75%
2023,12,ATL,NO,-3.8820921697152144,9.0,1,False,0.3844845060143783,0.6155154939856218,0,60-65%
2023,12,CIN,PIT,3.4749566037985216,-6.0,0,False,0.6037720050204208,0.6037720050204208,0,60-65%
2023,12,HOU,JAX,-1.0581564465312223,-3.0,0,False,0.46797853981331305,0.532021460186687,1,50-55%
2023,12,IND,TB,-0.7985805761426656,7.0,1,False,0.475819466185911,0.524180533814089,0,50-55%
2023,12,NYG,NE,0.5986507704186532,3.0,1,False,0.518132976543843,0.518132976543843,1,50-55%
2023,12,TEN,CAR,4.593564691175303,7.0,1,False,0.6357108080770025,0.6357108080770025,1,60-65%
2023,12,ARI,LA,0.5667635584409749,-23.0,0,False,0.5171679018251986,0.5171679018251986,0,50-55%
2023,12,DEN,CLE,-4.416832211165851,17.0,1,False,0.3692644552744404,0.6307355447255596,0,60-65%
2023,12,LV,KC,-4.550667783993265,-14.0,0,False,0.3654941820846872,0.6345058179153128,1,60-65%
2023,12,PHI,BUF,4.004403259480315,3.0,1,False,0.6190179980578482,0.6190179980578482,1,60-65%
2023,12,LAC,BAL,-7.536090788644727,-10.0,0,False,0.28629120229469873,0.7137087977053013,1,70-75%
2023,12,MIN,CHI,9.875121929209548,-2.0,0,False,0.7679879042641367,0.7679879042641367,0,75-80%
2023,13,DAL,SEA,19.14958397548195,6.0,1,False,0.9106145426748091,0.9106145426748091,1,80%+
2023,13,HOU,DEN,-1.9631439914439592,5.0,1,False,0.44078991482284147,0.5592100851771585,0,55-60%
2023,13,NE,LAC,-8.184556369879754,-6.0,0,False,0.2705039132449412,0.7294960867550588,1,70-75%
2023,13,NO,DET,-0.201845233909552,-5.0,0,False,0.49388378284922463,0.5061162171507754,1,50-55%
2023,13,NYJ,ATL,-5.3757575830649875,-5.0,0,False,0.3426274995335502,0.6573725004664498,1,65-70%
2023,13,PIT,ARI,15.192894196503172,-14.0,0,False,0.8631334479080641,0.8631334479080641,0,80%+
2023,13,TEN,IND,-3.539034481711165,-3.0,0,False,0.3943713869693726,0.6056286130306274,1,60-65%
2023,13,WAS,MIA,-14.527127529098106,-30.0,0,False,0.14668217006851697,0.853317829931483,1,80%+
2023,13,TB,CAR,10.390007452794665,3.0,1,False,0.778921915741342,0.778921915741342,1,75-80%
2023,13,LA,CLE,-1.8169159775187957,17.0,1,False,0.4451634025946572,0.5548365974053429,0,55-60%
2023,13,PHI,SF,-3.4480361747110555,-23.0,0,False,0.3970088903663116,0.6029911096336884,1,60-65%
2023,13,GB,KC,-1.6474253928059712,8.0,1,False,0.4502432472759201,0.5497567527240799,0,50-55%
2023,13,JAX,CIN,4.364624396372222,-3.0,0,False,0.6292604348221744,0.6292604348221744,0,60-65%
2023,14,PIT,NE,6.2145698849890065,-3.0,0,False,0.6798932351008394,0.6798932351008394,0,65-70%
2023,14,ATL,TB,1.7268875353098452,-4.0,0,False,0.5521396902843989,0.5521396902843989,0,55-60%
2023,14,BAL,LA,12.033721485626458,6.0,1,False,0.8113234924728776,0.8113234924728776,1,80%+
2023,14,CHI,DET,-2.2355035982320066,15.0,1,False,0.4326689442878612,0.5673310557121388,0,55-60%
2023,14,CIN,IND,4.868156618318715,20.0,1,False,0.6433834071505523,0.6433834071505523,1,60-65%
2023,14,CLE,JAX,-1.7487160037962604,4.0,1,False,0.44720612453967284,0.5527938754603272,0,55-60%
2023,14,NO,CAR,7.904999800771585,22.0,1,False,0.7227576223564812,0.7227576223564812,1,70-75%
2023,14,NYJ,HOU,-9.058975299939341,24.0,1,False,0.2501040162751023,0.7498959837248977,0,70-75%
2023,14,LV,MIN,-4.3094617679082114,-3.0,0,False,0.3723007857392888,0.6276992142607112,1,60-65%
2023,14,SF,SEA,19.32458522270961,12.0,1,False,0.9123261579145687,0.9123261579145687,1,80%+
2023,14,KC,BUF,-0.36115676763846793,-3.0,0,False,0.48905760296086404,0.510942397039136,1,50-55%
2023,14,LAC,DEN,1.0476706663561228,-17.0,0,False,0.5317049996891352,0.5317049996891352,0,50-55%
2023,14,DAL,PHI,8.977891673413911,20.0,1,False,0.7480481394480222,0.7480481394480222,1,70-75%
2023,14,MIA,TEN,15.43019016948316,-1.0,0,False,0.8664960032639397,0.8664960032639397,0,80%+
2023,14,NYG,GB,-9.479966136159408,2.0,1,False,0.24065592148630227,0.7593440785136978,0,75-80%
2023,15,LV,LAC,-1.4054883155612636,42.0,1,False,0.4575121567117908,0.5424878432882092,0,50-55%
2023,15,CIN,MIN,5.600524694161331,3.0,1,False,0.6634823110245182,0.6634823110245182,1,65-70%
2023,15,IND,PIT,2.4110597254252992,17.0,1,False,0.5725467984277202,0.5725467984277202,1,55-60%
2023,15,DET,DEN,-5.848185523552476,25.0,1,False,0.3298483619636697,0.6701516380363304,0,65-70%
2023,15,CAR,ATL,-5.862752584603772,2.0,1,False,0.32945817313112497,0.670541826868875,0,65-70%
2023,15,CLE,CHI,1.0381896448128611,3.0,1,False,0.531418840809757,0.531418840809757,1,50-55%
2023,15,GB,TB,4.403993548029333,-14.0,0,False,0.6303730189038372,0.6303730189038372,0,60-65%
2023,15,MIA,NYJ,9.932839200607434,30.0,1,False,0.7692321369507606,0.7692321369507606,1,75-80%
2023,15,NE,KC,-6.590620372921715,-10.0,0,False,0.3102687705588502,0.6897312294411497,1,65-70%
2023,15,NO,NYG,7.72484008960103,18.0,1,False,0.7183606224914454,0.7183606224914454,1,70-75%
2023,15,TEN,HOU,3.2597733001770353,-3.0,0,False,0.5975155957859266,0.5975155957859266,0,55-60%
2023,15,ARI,SF,-18.546056311699044,-16.0,0,False,0.09552153074141007,0.9044784692585899,1,80%+
2023,15,LA,WAS,18.888197387436183,8.0,1,False,0.908001893714545,0.908001893714545,1,80%+
2023,15,BUF,DAL,-5.510343987889723,21.0,1,False,0.33896263562619083,0.6610373643738092,0,65-70%
2023,15,JAX,BAL,-8.390878269488734,-16.0,0,False,0.26559732145701453,0.7344026785429855,1,70-75%
2023,15,SEA,PHI,-0.43543723202131024,3.0,1,False,0.48680799469752617,0.5131920053024739,0,50-55%
2023,16,LA,NO,0.7962280556106929,8.0,1,False,0.5241094115522388,0.5241094115522388,1,50-55%
2023,16,PIT,CIN,-9.784594765623684,23.0,1,False,0.2339730369811525,0.7660269630188475,0,75-80%
2023,16,LAC,BUF,-17.995697741350593,-2.0,0,False,0.10144267029991352,0.8985573297000865,1,80%+
2023,16,ATL,IND,-2.1636086930591443,19.0,1,False,0.43480931302503645,0.5651906869749636,0,55-60%
2023,16,CAR,GB,-5.873523806160844,-3.0,0,False,0.32916980954424163,0.6708301904557583,1,65-70%
2023,16,HOU,CLE,-1.9412569167510363,-14.0,0,False,0.4414439609628848,0.5585560390371151,1,55-60%
2023,16,MIN,DET,-0.5533169833700187,-6.0,0,False,0.48323910105717527,0.5167608989428247,1,50-55%
2023,16,NYJ,WAS,6.735123713879207,2.0,1,False,0.693467083937477,0.693467083937477,1,65-70%
2023,16,TEN,SEA,-2.6313862621568287,-3.0,0,False,0.4209302215003709,0.579069778499629,1,55-60%
2023,16,TB,JAX,3.724369589115745,18.0,1,False,0.6109812523156506,0.6109812523156506,1,60-65%
2023,16,CHI,ARI,7.07758470462357,11.0,1,False,0.7022194288635695,0.7022194288635695,1,70-75%
2023,16,MIA,DAL,1.9317363008126935,2.0,1,False,0.5582714732206107,0.5582714732206107,1,55-60%
2023,16,DEN,NE,8.101418489647644,-3.0,0,False,0.7275029211148261,0.7275029211148261,0,70-75%
2023,16,KC,LV,1.7058963470751245,-6.0,0,False,0.5515104275654279,0.5515104275654279,0,55-60%
2023,16,PHI,NYG,10.419716431522879,8.0,1,False,0.779541409485502,0.779541409485502,1,75-80%
2023,16,SF,BAL,3.1208774027069,-14.0,0,False,0.5934601641028293,0.5934601641028293,0,55-60%
2023,17,CLE,NYJ,11.960745270117812,17.0,1,False,0.8099656979315011,0.8099656979315011,1,80%+
2023,17,DAL,DET,5.102660943732828,1.0,1,False,0.6498783115033551,0.6498783115033551,1,60-65%
2023,17,BAL,MIA,9.036875184356193,37.0,1,False,0.7493932328284385,0.7493932328284385,1,70-75%
2023,17,BUF,NE,13.509830033324892,6.0,1,False,0.8372019924425619,0.8372019924425619,1,80%+
2023,17,CHI,ATL,3.634170040892899,20.0,1,False,0.6083794650349301,0.6083794650349301,1,60-65%
2023,17,HOU,TEN,0.2895218057136544,23.0,1,False,0.5087724877518862,0.5087724877518862,1,50-55%
2023,17,IND,LV,-7.860529564703142,3.0,1,False,0.2783237829983319,0.7216762170016682,0,70-75%
2023,17,JAX,CAR,8.083750587238208,26.0,1,False,0.7270781655134693,0.7270781655134693,1,70-75%
2023,17,NYG,LA,-7.981255705271308,-1.0,0,False,0.2753940649183377,0.7246059350816623,1,70-75%
2023,17,PHI,ARI,8.287575958810175,-4.0,0,False,0.7319531364935037,0.7319531364935037,0,70-75%
2023,17,TB,NO,5.347827168234365,-10.0,0,False,0.6566095642712675,0.6566095642712675,0,65-70%
2023,17,WAS,SF,-20.546342721712033,-17.0,0,False,0.07652927268652832,0.9234707273134717,1,80%+
2023,17,SEA,PIT,3.043003428887671,-7.0,0,False,0.5911808029491618,0.5911808029491618,0,55-60%
2023,17,DEN,LAC,6.232324354513979,7.0,1,False,0.6803614239399283,0.6803614239399283,1,65-70%
2023,17,KC,CIN,5.062564178541344,8.0,1,False,0.6487716314969464,0.6487716314969464,1,60-65%
2023,17,MIN,GB,4.816258620248509,-23.0,0,False,0.6419387708395078,0.6419387708395078,0,60-65%
2023,18,BAL,PIT,21.774221040136837,-7.0,0,False,0.9333484013768525,0.9333484013768525,0,80%+
2023,18,IND,HOU,0.35097282156335186,-4.0,0,False,0.5106339362895601,0.5106339362895601,0,50-55%
2023,18,CAR,TB,-12.309663128287225,-9.0,0,False,0.183609679196263,0.816390320803737,1,80%+
2023,18,CIN,CLE,-3.504506102783809,17.0,1,False,0.39537144551695397,0.6046285544830461,0,60-65%
2023,18,DET,MIN,11.65952839087345,10.0,1,False,0.8042821672237965,0.8042821672237965,1,80%+
2023,18,NE,NYJ,7.680762534434174,-14.0,0,False,0.7172784278704092,0.7172784278704092,0,70-75%
2023,18,NO,ATL,9.283601305171276,31.0,1,False,0.7549677145033739,0.7549677145033739,1,75-80%
2023,18,TEN,JAX,-7.100960439762898,8.0,1,False,0.29718842149462626,0.7028115785053737,0,70-75%
2023,18,ARI,SEA,-0.4712912710168131,-1.0,0,False,0.4857223289395364,0.5142776710604636,1,50-55%
2023,18,GB,CHI,0.3415854202673867,8.0,1,False,0.5103495948444328,0.5103495948444328,1,50-55%
2023,18,LAC,KC,-7.227016953249328,-1.0,0,False,0.2940069358434802,0.7059930641565197,1,70-75%
2023,18,LV,DEN,6.102921934723178,13.0,1,False,0.6769407730969378,0.6769407730969378,1,65-70%
2023,18,NYG,PHI,-2.6802288166399757,17.0,1,False,0.4194878374627575,0.5805121625372425,0,55-60%
2023,18,SF,LA,10.851824049301726,-1.0,0,False,0.7884107995338617,0.7884107995338617,0,75-80%
2023,18,WAS,DAL,-16.318974107323225,-28.0,0,False,0.12152606534363085,0.8784739346563691,1,80%+
2023,18,MIA,BUF,-1.191723548458467,-7.0,0,False,0.4639498292164399,0.5360501707835601,1,50-55%
2023,19,HOU,CLE,1.3724020032545734,31.0,1,False,0.5414922992151591,0.5414922992151591,1,50-55%
2023,19,KC,MIA,0.7197084467470083,19.0,1,False,0.5217955259709172,0.5217955259709172,1,50-55%
2023,19,DAL,GB,7.4117069481514575,-16.0,0,False,0.710618271779628,0.710618271779628,0,70-75%
2023,19,DET,LA,3.54339237150871,1.0,1,False,0.6057547695902015,0.6057547695902015,1,60-65%
2023,19,BUF,PIT,3.128474444660183,14.0,1,False,0.5936823148868059,0.5936823148868059,1,55-60%
2023,19,TB,PHI,7.88673500794733,23.0,1,False,0.7223137816283483,0.7223137816283483,1,70-75%
2023,20,BAL,HOU,12.73013502102391,24.0,1,False,0.8239071848841251,0.8239071848841251,1,80%+
2023,20,SF,GB,1.912371942500539,3.0,1,False,0.5576925656219102,0.5576925656219102,1,55-60%
2023,20,DET,TB,2.642003388723502,8.0,1,False,0.5793834317580663,0.5793834317580663,1,55-60%
2023,20,BUF,KC,6.32941674464204,-3.0,0,False,0.6829153260072715,0.6829153260072715,0,65-70%
2023,21,BAL,KC,13.008849847888396,-7.0,0,False,0.8287551404390193,0.8287551404390193,0,80%+
2023,21,SF,DET,4.430919307236096,3.0,1,False,0.6311331528913312,0.6311331528913312,1,60-65%
2023,22,KC,SF,1.751422406541126,3.0,1,True,0.5528749719240209,0.5528749719240209,1,55-60%
2024,1,KC,BAL,-0.43450596470428704,7.0,1,False,0.48683619531667016,0.5131638046833298,0,50-55%
2024,1,PHI,GB,-8.613524946331424,5.0,1,True,0.260366675158832,0.739633324841168,0,70-75%
2024,1,ATL,PIT,-4.832534208211144,-8.0,0,False,0.3576079018234877,0.6423920981765123,1,60-65%
2024,1,BUF,ARI,7.98339275605585,6.0,1,False,0.7246576233625571,0.7246576233625571,1,70-75%
2024,1,CHI,TEN,6.099996602121264,7.0,1,False,0.676863223174203,0.676863223174203,1,65-70%
2024,1,CIN,NE,6.36562617969616,-6.0,0,False,0.683864969713203,0.683864969713203,0,65-70%
2024,1,IND,HOU,-1.720873135568865,-2.0,0,False,0.44804058922746054,0.5519594107725394,1,55-60%
2024,1,MIA,JAX,2.3977308754593665,3.0,1,False,0.5721513506795062,0.5721513506795062,1,55-60%
2024,1,NO,CAR,12.260146378427084,37.0,1,False,0.8154889244487024,0.8154889244487024,1,80%+
2024,1,NYG,MIN,2.667898252968651,-22.0,0,False,0.5801481537554365,0.5801481537554365,0,55-60%
2024,1,LAC,LV,-3.43272128697739,12.0,1,False,0.3974533721072763,0.6025466278927236,0,60-65%
2024,1,SEA,DEN,2.4792347885366057,6.0,1,False,0.5745679943482304,0.5745679943482304,1,55-60%
2024,1,CLE,DAL,-4.389204905730051,-16.0,0,False,0.3700447508829429,0.629955249117057,1,60-65%
2024,1,TB,WAS,10.243087986418685,17.0,1,False,0.7758400333612212,0.7758400333612212,1,75-80%
2024,1,DET,LA,2.8823767907038134,6.0,1,False,0.5864669811357758,0.5864669811357758,1,55-60%
2024,1,SF,NYJ,8.774202151198773,13.0,1,False,0.743366396623419,0.743366396623419,1,70-75%
2024,2,MIA,BUF,-2.537485186581139,-21.0,0,False,0.42370701740706895,0.576292982592931,1,55-60%
2024,2,BAL,LV,8.656219841464805,-3.0,0,False,0.7406286950810983,0.7406286950810983,0,70-75%
2024,2,CAR,LAC,-9.05830137440845,-23.0,0,False,0.2501193373247423,0.7498806626752577,1,70-75%
2024,2,DAL,NO,-1.8451720109955805,-25.0,0,False,0.44431761790847935,0.5556823820915207,1,55-60%
2024,2,DET,TB,2.765574219475723,-4.0,0,False,0.5830292102150447,0.5830292102150447,0,55-60%
2024,2,GB,IND,5.625921490888128,6.0,1,False,0.6641692899087692,0.6641692899087692,1,65-70%
2024,2,JAX,CLE,5.6283631514061785,-5.0,0,False,0.6642352998622433,0.6642352998622433,0,65-70%
2024,2,MIN,SF,-1.2849571663853825,6.0,1,False,0.46114042953424306,0.5388595704657569,0,50-55%
2024,2,NE,SEA,0.3940293993387918,-3.0,0,False,0.5119380155711526,0.5119380155711526,0,50-55%
2024,2,TEN,NYJ,1.9266419415435017,-7.0,0,False,0.5581191899772658,0.5581191899772658,0,55-60%
2024,2,WAS,NYG,-0.7381940958038211,3.0,1,False,0.47764539480912566,0.5223546051908743,0,50-55%
2024,2,ARI,LA,-1.582788612670899,31.0,1,False,0.4521832871611371,0.5478167128388629,0,50-55%
2024,2,DEN,PIT,-3.2530038509791206,-7.0,0,False,0.40268175207074813,0.5973182479292518,1,55-60%
2024,2,KC,CIN,9.886472032476341,1.0,1,False,0.7682329520103242,0.7682329520103242,1,75-80%
2024,2,HOU,CHI,1.6623240920267848,6.0,1,False,0.5502037172380908,0.5502037172380908,1,55-60%
2024,2,PHI,ATL,4.782343546427712,-1.0,0,False,0.6409933120690188,0.6409933120690188,0,60-65%
2024,3,NYJ,NE,1.9346361041084537,21.0,1,False,0.5583581507600988,0.5583581507600988,1,55-60%
2024,3,CLE,NYG,4.790402246350753,-6.0,0,False,0.641218065965743,0.641218065965743,0,60-65%
2024,3,IND,CHI,-1.1455871829422468,5.0,1,False,0.4653409099006152,0.5346590900993848,0,50-55%
2024,3,MIN,HOU,2.928078977968127,27.0,1,False,0.5878098317689749,0.5878098317689749,1,55-60%
2024,3,NO,PHI,17.32049248377548,-3.0,0,False,0.8908500636180825,0.8908500636180825,0,80%+
2024,3,PIT,LAC,2.75182260143189,10.0,1,False,0.5826239296220865,0.5826239296220865,1,55-60%
2024,3,TB,DEN,8.585286900867157,-19.0,0,False,0.7389736369855519,0.7389736369855519,0,70-75%
2024,3,TEN,GB,-5.065014282626415,-16.0,0,False,0.3511606990240729,0.6488393009759271,1,60-65%
2024,3,LV,CAR,16.64286832214412,-14.0,0,False,0.8826033346663215,0.8826033346663215,0,80%+
2024,3,SEA,MIA,5.877913350373049,21.0,1,False,0.6709476690097262,0.6709476690097262,1,65-70%
2024,3,ARI,DET,3.1951955510650523,-7.0,0,False,0.595631700900193,0.595631700900193,0,55-60%
2024,3,DAL,BAL,-1.73989063489816,-3.0,0,False,0.4474705932948528,0.5525294067051472,1,55-60%
2024,3,LA,SF,-6.452876655887418,3.0,1,False,0.3138530645358217,0.6861469354641783,0,65-70%
2024,3,ATL,KC,-7.520643689557386,-5.0,0,False,0.286673935131397,0.7133260648686031,1,70-75%
2024,3,BUF,JAX,12.08839098054364,37.0,1,False,0.8123357857971001,0.8123357857971001,1,80%+
2024,3,CIN,WAS,9.563982524379007,-5.0,0,False,0.7612001554375891,0.7612001554375891,0,75-80%
2024,4,NYG,DAL,-3.409426890682612,-5.0,0,False,0.39812976624600377,0.6018702337539963,1,60-65%
2024,4,ATL,NO,-10.809787842289301,2.0,1,False,0.21244044311930294,0.787559556880697,0,75-80%
2024,4,CAR,CIN,-3.9187445557297576,-10.0,0,False,0.38343365148986575,0.6165663485101343,1,60-65%
2024,4,CHI,LA,3.930814181546163,6.0,1,False,0.6169121570924402,0.6169121570924402,1,60-65%
2024,4,GB,MIN,-2.201612180477606,-2.0,0,False,0.4336776107964061,0.5663223892035939,1,55-60%
2024,4,HOU,JAX,7.327222543611693,4.0,1,False,0.7085078756179125,0.7085078756179125,1,70-75%
2024,4,IND,PIT,-4.044003549339989,3.0,1,False,0.37985063552997134,0.6201493644700287,0,60-65%
2024,4,NYJ,DEN,1.2053236421578393,-1.0,0,False,0.5364601279689581,0.5364601279689581,0,50-55%
2024,4,TB,PHI,-0.03391636098698858,17.0,1,False,0.4989722329327607,0.5010277670672393,0,50-55%
2024,4,ARI,WAS,8.889015731518485,-28.0,0,False,0.746012338833679,0.746012338833679,0,70-75%
2024,4,SF,NE,9.342285344649213,17.0,1,False,0.7562812111673403,0.7562812111673403,1,75-80%
2024,4,LAC,KC,-2.1169629968893027,-7.0,0,False,0.4361992989857771,0.563800701014223,1,55-60%
2024,4,LV,CLE,2.9945827771112032,4.0,1,False,0.589761550944103,0.589761550944103,1,55-60%
2024,4,BAL,BUF,-5.419805965935923,25.0,1,False,0.34142594363639456,0.6585740563636054,0,65-70%
2024,4,MIA,TEN,2.048542719548223,-19.0,0,False,0.5617600496125075,0.5617600496125075,0,55-60%
2024,4,DET,SEA,2.996319140222308,13.0,1,False,0.589812471274536,0.589812471274536,1,55-60%
2024,5,ATL,TB,-1.5310994250515886,6.0,1,False,0.4537357608566638,0.5462642391433362,0,50-55%
2024,5,MIN,NYJ,6.576877296661071,6.0,1,True,0.6893746263141869,0.6893746263141869,1,65-70%
2024,5,CHI,CAR,10.674342789842997,26.0,1,False,0.7847997723610123,0.7847997723610123,1,75-80%
2024,5,CIN,BAL,-9.476146946584054,-3.0,0,False,0.2407405281493959,0.759259471850604,1,75-80%
2024,5,HOU,BUF,-7.152682667917875,3.0,1,False,0.29588062311431784,0.7041193768856822,0,70-75%
2024,5,JAX,IND,-5.665919999698739,3.0,1,False,0.33475016557292797,0.6652498344270721,0,65-70%
2024,5,NE,MIA,5.050651313177787,-5.0,0,False,0.6484425246224308,0.6484425246224308,0,60-65%
2024,5,WAS,CLE,8.901940722859468,21.0,1,False,0.7463090729627765,0.7463090729627765,1,70-75%
2024,5,DEN,LV,7.9813957898929955,16.0,1,False,0.7246093234555022,0.7246093234555022,1,70-75%
2024,5,SF,ARI,9.557890238765236,-1.0,0,False,0.7610658965722878,0.7610658965722878,0,75-80%
2024,5,LA,GB,-5.229063514636827,-5.0,0,False,0.34664353787640945,0.6533564621235906,1,65-70%
2024,5,SEA,NYG,7.840212272262328,-9.0,0,False,0.72118128956325,0.72118128956325,0,70-75%
2024,5,PIT,DAL,4.243444914172121,-3.0,0,False,0.6258272907244248,0.6258272907244248,0,60-65%
2024,5,KC,NO,0.6881325911994256,13.0,1,False,0.5208404215306879,0.5208404215306879,1,50-55%
2024,6,SEA,SF,-1.5705922207853125,-12.0,0,False,0.4525495204594422,0.5474504795405578,1,50-55%
2024,6,CHI,JAX,8.302381303104758,19.0,1,True,0.7323050838521964,0.7323050838521964,1,70-75%
2024,6,BAL,WAS,6.608341790211509,7.0,1,False,0.690190729244739,0.690190729244739,1,65-70%
2024,6,GB,ARI,8.044618932736913,21.0,1,False,0.7261359269927737,0.7261359269927737,1,70-75%
2024,6,NE,HOU,-6.136494490998695,-20.0,0,False,0.32216992322728016,0.6778300767727199,1,65-70%
2024,6,NO,TB,5.5066265569387465,-24.0,0,False,0.6609363929906347,0.6609363929906347,0,65-70%
2024,6,PHI,CLE,7.04101621410536,4.0,1,False,0.7012917214518496,0.7012917214518496,1,70-75%
2024,6,TEN,IND,0.001755000068392354,-3.0,0,False,0.5000531818200538,0.5000531818200538,0,50-55%
2024,6,DEN,LAC,5.439177384671198,-7.0,0,False,0.6591018288457949,0.6591018288457949,0,65-70%
2024,6,LV,PIT,-5.697288322904472,-19.0,0,False,0.33390397220026274,0.6660960277997372,1,65-70%
2024,6,CAR,ATL,-10.275279671384045,-18.0,0,False,0.2234820875231635,0.7765179124768364,1,75-80%
2024,6,DAL,DET,-2.352003227416753,-38.0,0,False,0.4292060204653858,0.5707939795346142,1,55-60%
2024,6,NYG,CIN,-0.02314642535688738,-10.0,0,False,0.49929859363109935,0.5007014063689006,1,50-55%
2024,6,NYJ,BUF,-1.341658759691,-3.0,0,False,0.45943304072721597,0.540566959272784,1,50-55%
2024,7,NO,DEN,-0.7407306424537328,-23.0,0,False,0.47756868393356355,0.5224313160664364,1,50-55%
2024,7,JAX,NE,3.709314408986856,16.0,1,True,0.6105474236273737,0.6105474236273737,1,60-65%
2024,7,ATL,SEA,6.856112038022123,-20.0,0,False,0.6965756082259683,0.6965756082259683,0,65-70%
2024,7,BUF,TEN,9.885630139050713,24.0,1,False,0.7682147818115707,0.7682147818115707,1,75-80%
2024,7,CLE,CIN,-7.169300531924569,-7.0,0,False,0.29546114877350826,0.7045388512264917,1,70-75%
2024,7,GB,HOU,6.295371903385344,2.0,1,False,0.6820210598413512,0.6820210598413512,1,65-70%
2024,7,IND,MIA,9.358376323061053,6.0,1,False,0.7566405330426709,0.7566405330426709,1,75-80%
2024,7,MIN,DET,-3.3209351623607004,-2.0,0,False,0.4007028082869959,0.5992971917130041,1,55-60%
2024,7,NYG,PHI,1.0082364426687318,-25.0,0,False,0.5305146498811908,0.5305146498811908,0,50-55%
2024,7,LA,LV,6.390653199723672,5.0,1,False,0.6845204440173555,0.6845204440173555,1,65-70%
2024,7,WAS,CAR,18.68866470087166,33.0,1,False,0.9059615130554299,0.9059615130554299,1,80%+
2024,7,SF,KC,-2.7874184049080455,-10.0,0,False,0.41632724002564936,0.5836727599743506,1,55-60%
2024,7,PIT,NYJ,5.250288255945023,22.0,1,False,0.6539389007976779,0.6539389007976779,1,65-70%
2024,7,TB,BAL,-1.1411777037901196,-10.0,0,False,0.4654738908930071,0.5345261091069928,1,50-55%
2024,7,ARI,LAC,-5.501789627731355,2.0,1,False,0.3391950076837736,0.6608049923162265,0,65-70%
2024,8,LA,MIN,-9.401111869284062,10.0,1,False,0.2424069006532106,0.7575930993467894,0,75-80%
2024,8,CIN,PHI,1.6110934994703452,-20.0,0,False,0.5486664519148933,0.5486664519148933,0,50-55%
2024,8,CLE,BAL,-15.85281332963589,5.0,1,False,0.12768847213812123,0.8723115278618787,0,80%+
2024,8,DET,TEN,20.238424834073825,38.0,1,False,0.9207909452701637,0.9207909452701637,1,80%+
2024,8,HOU,IND,5.483640680752011,3.0,1,False,0.6603117347744872,0.6603117347744872,1,65-70%
2024,8,JAX,GB,-9.027923619645925,-3.0,0,False,0.2508105957436096,0.7491894042563905,1,70-75%
2024,8,MIA,ARI,-2.6969725043270856,-1.0,0,False,0.418993689789429,0.5810063102105709,1,55-60%
2024,8,NE,NYJ,-9.68685749959222,3.0,1,False,0.2361030482328528,0.7638969517671472,0,75-80%
2024,8,TB,ATL,9.380158906657321,-5.0,0,False,0.7571263792911319,0.7571263792911319,0,75-80%
2024,8,LAC,NO,7.53600346763085,18.0,1,False,0.7137066350123934,0.7137066350123934,1,70-75%
2024,8,SEA,BUF,-4.179325236922845,-21.0,0,False,0.37599445063705134,0.6240055493629486,1,60-65%
2024,8,DEN,CAR,23.104506219912867,14.0,1,False,0.9427053330415482,0.9427053330415482,1,80%+
2024,8,LV,KC,-14.96234358549706,-7.0,0,False,0.14020149778456753,0.8597985022154324,1,80%+
2024,8,WAS,CHI,3.4571046446232305,3.0,1,False,0.6032542224494045,0.6032542224494045,1,60-65%
2024,8,SF,DAL,8.089381121659645,6.0,1,False,0.7272135745774271,0.7272135745774271,1,70-75%
2024,8,PIT,NYG,17.477172249574014,8.0,1,False,0.8926830630260545,0.8926830630260545,1,80%+
2024,9,NYJ,HOU,-4.562568351029909,8.0,1,False,0.36515972110860634,0.6348402788913936,0,60-65%
2024,9,ATL,DAL,4.89681865995132,6.0,1,False,0.6441801310667382,0.6441801310667382,1,60-65%
2024,9,BAL,DEN,4.389430314104897,31.0,1,False,0.6299616182234608,0.6299616182234608,1,60-65%
2024,9,BUF,MIA,19.42347490555043,3.0,1,False,0.9132802073012809,0.9132802073012809,1,80%+
2024,9,CAR,NO,-5.7281081133317135,1.0,1,False,0.3330736163203862,0.6669263836796138,0,65-70%
2024,9,CIN,LV,5.516326315932707,17.0,1,False,0.6611998232263874,0.6611998232263874,1,65-70%
2024,9,CLE,LAC,-4.560636568733295,-17.0,0,False,0.36521400428894524,0.6347859957110548,1,60-65%
2024,9,NYG,WAS,-11.154226919200973,-5.0,0,False,0.20553909715686638,0.7944609028431336,1,75-80%
2024,9,TEN,NE,3.5335326259094595,3.0,1,False,0.6054693196914447,0.6054693196914447,1,60-65%
2024,9,ARI,CHI,-6.786077936120432,20.0,1,False,0.30522159454651226,0.6947784054534878,0,65-70%
2024,9,PHI,JAX,11.615607767131838,5.0,1,False,0.8034427914130936,0.8034427914130936,1,80%+
2024,9,GB,DET,-9.572900279782065,-10.0,0,False,0.23860341272844288,0.7613965872715571,1,75-80%
2024,9,SEA,LA,-0.3243580026343247,-6.0,0,False,0.4901722355295102,0.5098277644704898,1,50-55%
2024,9,MIN,IND,7.038815234380375,8.0,1,False,0.701235831802482,0.701235831802482,1,70-75%
2024,9,KC,TB,7.66389809330058,6.0,1,False,0.7168637054565182,0.7168637054565182,1,70-75%
2024,10,BAL,CIN,13.303792700103369,1.0,1,False,0.8337694067938719,0.8337694067938719,1,80%+
2024,10,CAR,NYG,-7.462129918796861,3.0,1,True,0.2881265022682683,0.7118734977317317,0,70-75%
2024,10,CHI,NE,12.656276434296469,-16.0,0,False,0.8226045423415902,0.8226045423415902,0,80%+
2024,10,IND,BUF,-6.649301561847326,-10.0,0,False,0.30874865927638157,0.6912513407236185,1,65-70%
2024,10,JAX,MIN,-5.878293085834564,-5.0,0,False,0.32904216903194256,0.6709578309680575,1,65-70%
2024,10,KC,DEN,9.978453359782955,2.0,1,False,0.7702121488903012,0.7702121488903012,1,75-80%
2024,10,NO,ATL,-5.729260648575665,3.0,1,False,0.3330425844274054,0.6669574155725946,0,65-70%
2024,10,TB,SF,2.062418099143938,-3.0,0,False,0.562174057418583,0.562174057418583,0,55-60%
2024,10,WAS,PIT,1.0810758340174285,-1.0,0,False,0.5327130765108193,0.5327130765108193,0,50-55%
2024,10,LAC,TEN,16.279436852077055,10.0,1,False,0.8779613819993841,0.8779613819993841,1,80%+
2024,10,ARI,NYJ,4.828371324918689,25.0,1,False,0.6422761727293937,0.6422761727293937,1,60-65%
2024,10,DAL,PHI,-6.861108278191186,-28.0,0,False,0.3032964075618811,0.6967035924381189,1,65-70%
2024,10,HOU,DET,-14.322107621772393,-3.0,0,False,0.14982006027186937,0.8501799397281307,1,80%+
2024,10,LA,MIA,7.5784548330808805,-8.0,0,False,0.7147568796302131,0.7147568796302131,0,70-75%
2024,11,PHI,WAS,5.181153189893547,8.0,1,False,0.6520400429657164,0.6520400429657164,1,65-70%
2024,11,CHI,GB,-7.82216374150861,-1.0,0,False,0.279258823534729,0.720741176465271,1,70-75%
2024,11,DET,JAX,18.2207678205417,46.0,1,False,0.9010171703888976,0.9010171703888976,1,80%+
2024,11,MIA,LV,7.9633401984364225,15.0,1,False,0.7241723809578613,0.7241723809578613,1,70-75%
2024,11,NE,LA,-2.6780588118604154,-6.0,0,False,0.4195518915184923,0.5804481084815076,1,55-60%
2024,11,NO,CLE,0.9568872234214687,21.0,1,False,0.5289641190281691,0.5289641190281691,1,50-55%
2024,11,NYJ,IND,-2.2665301969988594,-1.0,0,False,0.4317460285897501,0.5682539714102499,1,55-60%
2024,11,PIT,BAL,-1.3861217287007428,2.0,1,False,0.4580948431456633,0.5419051568543367,0,50-55%
2024,11,TEN,MIN,-10.9785674652097,-10.0,0,False,0.20903773912662857,0.7909622608733714,1,75-80%
2024,11,DEN,ATL,4.398060657279996,32.0,1,False,0.6302054419139462,0.6302054419139462,1,60-65%
2024,11,SF,SEA,7.177297840168948,-3.0,0,False,0.7047405991536314,0.7047405991536314,0,70-75%
2024,11,BUF,KC,3.4460300906064303,9.0,1,False,0.6029328970059815,0.6029328970059815,1,60-65%
2024,11,LAC,CIN,3.6228302926441103,7.0,1,False,0.6080519327609971,0.6080519327609971,1,60-65%
2024,11,DAL,HOU,-7.864831515209986,-24.0,0,False,0.27821905713124406,0.7217809428687559,1,70-75%
2024,12,CLE,PIT,-14.291246288287013,5.0,1,False,0.1502971612711735,0.8497028387288265,0,80%+
2024,12,CAR,KC,-14.385355762831157,-3.0,0,False,0.14884617419494178,0.8511538258050582,1,80%+
2024,12,CHI,MIN,-6.548048685833225,-3.0,0,False,0.31137414471981295,0.688625855280187,1,65-70%
2024,12,HOU,TEN,14.419267016407405,-5.0,0,False,0.8516738321079541,0.8516738321079541,0,80%+
2024,12,IND,DET,-18.916772186790567,-18.0,0,False,0.09170918392450945,0.9082908160754906,1,80%+
2024,12,MIA,NE,7.672395896835221,19.0,1,False,0.7170727254525999,0.7170727254525999,1,70-75%
2024,12,NYG,TB,-6.849298765694656,-23.0,0,False,0.3035989703866392,0.6964010296133608,1,65-70%
2024,12,WAS,DAL,16.786894009591855,-8.0,0,False,0.8844001573135376,0.8844001573135376,0,80%+
2024,12,LV,DEN,-13.256075592005146,-10.0,0,False,0.16703377725316879,0.8329662227468312,1,80%+
2024,12,GB,SF,3.874215396919257,28.0,1,False,0.6152895191544184,0.6152895191544184,1,60-65%
2024,12,SEA,ARI,-3.9394447871612472,10.0,1,False,0.38284063869417573,0.6171593613058243,0,60-65%
2024,12,LA,PHI,-8.042370571591505,-17.0,0,False,0.2739182720821156,0.7260817279178844,1,70-75%
2024,12,LAC,BAL,-2.334204576931853,-7.0,0,False,0.42973464155111496,0.570265358448885,1,55-60%
2024,13,DET,CHI,23.579445110408763,3.0,1,False,0.9457366220980162,0.9457366220980162,1,80%+
2024,13,DAL,NYG,5.6217756720394,7.0,1,False,0.6640571935791373,0.6640571935791373,1,65-70%
2024,13,GB,MIA,7.5634171930015786,13.0,1,False,0.7143851140515599,0.7143851140515599,1,70-75%
2024,13,KC,LV,13.45876443301526,2.0,1,False,0.8363565971014276,0.8363565971014276,1,80%+
2024,13,ATL,LAC,-9.10129118496694,-4.0,0,False,0.24914325848388474,0.7508567415161153,1,75-80%
2024,13,CIN,PIT,-0.13327372596394693,-6.0,0,False,0.49596149006872786,0.5040385099312721,1,50-55%
2024,13,JAX,HOU,-7.283742999218734,-3.0,0,False,0.29258175435412503,0.707418245645875,1,70-75%
2024,13,MIN,ARI,3.1005564169728963,1.0,1,False,0.5928657552465116,0.5928657552465116,1,55-60%
2024,13,NE,IND,-5.036284218168856,-1.0,0,False,0.3519545709212986,0.6480454290787014,1,60-65%
2024,13,NYJ,SEA,-5.331837487015943,-5.0,0,False,0.34382756809349163,0.6561724319065083,1,65-70%
2024,13,WAS,TEN,6.175559871585002,23.0,1,False,0.6788632605563759,0.6788632605563759,1,65-70%
2024,13,CAR,TB,-11.402824098590003,-3.0,0,False,0.20066223862969584,0.7993377613703041,1,75-80%
2024,13,NO,LA,1.5249731650900327,-7.0,0,False,0.5460801779839116,0.5460801779839116,0,50-55%
2024,13,BAL,PHI,0.7836555470894833,-5.0,0,False,0.5237292983645343,0.5237292983645343,0,50-55%
2024,13,BUF,SF,14.000255530331684,25.0,1,False,0.8451425991214311,0.8451425991214311,1,80%+
2024,13,DEN,CLE,12.459266138811039,9.0,1,False,0.8190929309447303,0.8190929309447303,1,80%+
2024,14,DET,GB,8.126382825605406,3.0,1,False,0.7281023855982393,0.7281023855982393,1,70-75%
2024,14,MIA,NYJ,7.651331822584673,6.0,1,False,0.716554442433228,0.716554442433228,1,70-75%
2024,14,MIN,ATL,10.98184821813863,21.0,1,False,0.7910280039138534,0.7910280039138534,1,75-80%
2024,14,NYG,NO,-4.526781307138291,-3.0,0,False,0.36616589405368866,0.6338341059463113,1,60-65%
2024,14,PHI,CAR,20.623162647825446,6.0,1,False,0.9241262057504362,0.9241262057504362,1,80%+
2024,14,PIT,CLE,11.179740448844191,13.0,1,False,0.794965433918545,0.794965433918545,1,75-80%
2024,14,TB,LV,10.999874907704378,15.0,1,False,0.7913889694370303,0.7913889694370303,1,75-80%
2024,14,TEN,JAX,1.1559391457439208,-4.0,0,False,0.5349712650128293,0.5349712650128293,0,50-55%
2024,14,ARI,SEA,2.75907556650119,-12.0,0,False,0.5828376992138463,0.5828376992138463,0,55-60%
2024,14,LA,BUF,-10.099413997056775,2.0,1,False,0.227203196008232,0.772796803991768,0,75-80%
2024,14,SF,CHI,-4.073574718772135,25.0,1,False,0.3790066475664756,0.6209933524335244,0,60-65%
2024,14,KC,LAC,-0.22209510138539712,2.0,1,False,0.49327025183940604,0.5067297481605939,0,50-55%
2024,14,DAL,CIN,-4.800469724864455,-7.0,0,False,0.3585012432263151,0.641498756773685,1,60-65%
2024,15,SF,LA,0.29459938755326176,-6.0,0,False,0.5089263056688792,0.5089263056688792,0,50-55%
2024,15,CAR,DAL,3.3314641242614504,-16.0,0,False,0.59960362867082,0.59960362867082,0,55-60%
2024,15,CLE,KC,-5.076520527471691,-14.0,0,False,0.3508429878415484,0.6491570121584516,1,60-65%
2024,15,HOU,MIA,1.8049065249002103,8.0,1,False,0.5544770232989746,0.5544770232989746,1,55-60%
2024,15,JAX,NYJ,0.6482324180883168,-7.0,0,False,0.5196333066147505,0.5196333066147505,0,50-55%
2024,15,NO,WAS,-5.709906768472395,-1.0,0,False,0.3335638774420383,0.6664361225579617,1,65-70%
2024,15,NYG,BAL,-16.97119739091151,-21.0,0,False,0.11333543848242529,0.8866645615175747,1,80%+
2024,15,TEN,CIN,-7.71288152821658,-10.0,0,False,0.28193273574791006,0.71806726425209,1,70-75%
2024,15,ARI,NE,9.408703443080938,13.0,1,False,0.7577620484524775,0.7577620484524775,1,75-80%
2024,15,DEN,IND,8.652387929965343,18.0,1,False,0.7405394606380674,0.7405394606380674,1,70-75%
2024,15,DET,BUF,6.939401660882711,-6.0,0,False,0.6987051736382732,0.6987051736382732,0,65-70%
2024,15,LAC,TB,0.8358297959482035,-23.0,0,False,0.5253065332593567,0.5253065332593567,0,50-55%
2024,15,PHI,PIT,5.820961140655911,14.0,1,False,0.6694217856437871,0.6694217856437871,1,65-70%
2024,15,SEA,GB,-3.425658141054238,-17.0,0,False,0.3976584218270956,0.6023415781729045,1,60-65%
2024,15,MIN,CHI,11.624861654118597,18.0,1,False,0.8036198701181897,0.8036198701181897,1,80%+
2024,15,LV,ATL,2.19236682398551,-6.0,0,False,0.5660471358108394,0.5660471358108394,0,55-60%
2024,16,LAC,DEN,-6.2159351915656815,7.0,1,False,0.3200707486173472,0.6799292513826528,0,65-70%
2024,16,KC,HOU,3.2087786822757227,8.0,1,False,0.596028191028904,0.596028191028904,1,55-60%
2024,16,BAL,PIT,7.652081431719625,17.0,1,False,0.7165728964632891,0.7165728964632891,1,70-75%
2024,16,ATL,NYG,6.211848865696618,27.0,1,False,0.679821449224029,0.679821449224029,1,65-70%
2024,16,CAR,ARI,-7.143596650839226,6.0,1,False,0.29611012170293155,0.7038898782970684,0,70-75%
2024,16,CHI,DET,-15.899772014731383,-17.0,0,False,0.12705582035621024,0.8729441796437898,1,80%+
2024,16,CIN,CLE,9.975915062935819,18.0,1,False,0.7701576908518595,0.7701576908518595,1,75-80%
2024,16,IND,TEN,6.47317436565342,8.0,1,False,0.6866765227114772,0.6866765227114772,1,65-70%
2024,16,NYJ,LA,-4.351632450541518,-10.0,0,False,0.3711070233731127,0.6288929766268874,1,60-65%
2024,16,WAS,PHI,-6.570451972131727,3.0,1,False,0.31079217419770594,0.689207825802294,0,65-70%
2024,16,SEA,MIN,-2.740971828997565,-3.0,0,False,0.4176959375757897,0.5823040624242103,1,55-60%
2024,16,BUF,NE,21.10556224828348,3.0,1,False,0.9281258036133311,0.9281258036133311,1,80%+
2024,16,LV,JAX,0.37964261095082796,5.0,1,False,0.5115022918534795,0.5115022918534795,1,50-55%
2024,16,MIA,SF,2.1848776471047247,12.0,1,False,0.5658241376376106,0.5658241376376106,1,55-60%
2024,16,DAL,TB,-8.9079106082673,2.0,1,False,0.25355394668304065,0.7464460533169593,0,70-75%
2024,16,GB,NO,17.094472255994283,34.0,1,False,0.8881574784066961,0.8881574784066961,1,80%+
2024,17,PIT,KC,-0.5649851194292765,-19.0,0,False,0.4828859269291275,0.5171140730708725,1,50-55%
2024,17,HOU,BAL,-8.585965353527747,-29.0,0,False,0.2610105005601577,0.7389894994398423,1,70-75%
2024,17,CHI,SEA,-6.230355596206248,-3.0,0,False,0.319690474704538,0.6803095252954621,1,65-70%
2024,17,NE,LAC,-4.068545320670195,-33.0,0,False,0.37915013962467703,0.620849860375323,1,60-65%
2024,17,CIN,DEN,0.6687451603807497,6.0,1,False,0.5202539158288022,0.5202539158288022,1,50-55%
2024,17,LA,ARI,6.846856233449633,4.0,1,False,0.6963384300495961,0.6963384300495961,1,65-70%
2024,17,BUF,NYJ,14.149026772068654,26.0,1,False,0.8474880193546572,0.8474880193546572,1,80%+
2024,17,JAX,TEN,2.5783627205425423,7.0,1,False,0.5775023957758574,0.5775023957758574,1,55-60%
2024,17,NO,LV,3.020484767532242,-15.0,0,False,0.5905209486406954,0.5905209486406954,0,55-60%
2024,17,NYG,IND,-9.029992769717921,12.0,1,False,0.2507634710646948,0.7492365289353051,0,70-75%
2024,17,PHI,DAL,11.296746406712785,34.0,1,False,0.7972674538905556,0.7972674538905556,1,75-80%
2024,17,TB,CAR,13.306502262100796,34.0,1,False,0.833814921783227,0.833814921783227,1,80%+
2024,17,CLE,MIA,-7.656111591562726,-17.0,0,False,0.28332790069208413,0.7166720993079159,1,70-75%
2024,17,MIN,GB,-6.867819304417739,2.0,1,False,0.3031245451929353,0.6968754548070647,0,65-70%
2024,17,WAS,ATL,8.133413341464284,6.0,1,False,0.7282710590204315,0.7282710590204315,1,70-75%
2024,17,SF,DET,-13.157125883115985,-6.0,0,False,0.1687092018769204,0.8312907981230796,1,80%+
2024,18,BAL,CLE,26.4045014101988,25.0,1,False,0.9608548048931319,0.9608548048931319,1,80%+
2024,18,PIT,CIN,-3.711771045898592,-2.0,0,False,0.38938177417964903,0.610618225820351,1,60-65%
2024,18,ATL,CAR,9.072527270179352,-6.0,0,False,0.7502039419780673,0.7502039419780673,0,75-80%
2024,18,DAL,WAS,-6.774228389876609,-4.0,0,False,0.3055262653103967,0.6944737346896033,1,65-70%
2024,18,GB,CHI,20.55472538907011,-2.0,0,False,0.9235425054431994,0.9235425054431994,0,80%+
2024,18,IND,JAX,1.5631754646240779,3.0,1,False,0.5472277440107404,0.5472277440107404,1,50-55%
2024,18,NE,BUF,-18.528396862208435,7.0,1,False,0.09570662746395489,0.9042933725360451,0,80%+
2024,18,PHI,NYG,25.255272825916894,7.0,1,False,0.9552655382340167,0.9552655382340167,1,80%+
2024,18,TB,NO,21.057939176447324,8.0,1,False,0.9277397774678031,0.9277397774678031,1,80%+
2024,18,TEN,HOU,-5.2743008213583025,-9.0,0,False,0.34540271452212357,0.6545972854778764,1,65-70%
2024,18,ARI,SF,2.2321798040000127,23.0,1,False,0.5672321584570285,0.5672321584570285,1,55-60%
2024,18,DEN,KC,-2.677816333179824,38.0,1,False,0.41955904915636394,0.5804409508436361,0,55-60%
2024,18,LA,SEA,3.4322870697916317,-5.0,0,False,0.602534023200377,0.602534023200377,0,60-65%
2024,18,LV,LAC,-8.871104990502253,-14.0,0,False,0.25439923720218444,0.7456007627978156,1,70-75%
2024,18,NYJ,MIA,-7.76355698265036,12.0,1,False,0.2806908786131689,0.7193091213868311,0,70-75%
2024,18,DET,MIN,4.346786388907324,22.0,1,False,0.6287558746322732,0.6287558746322732,1,60-65%
2024,19,HOU,LAC,-7.410295378707256,20.0,1,False,0.28941691434414046,0.7105830856558595,0,70-75%
2024,19,BAL,PIT,17.449231989070764,14.0,1,False,0.8923581855499877,0.8923581855499877,1,80%+
2024,19,BUF,DEN,-3.1635013273815806,24.0,1,False,0.40529393486318294,0.594706065136817,0,55-60%
2024,19,PHI,GB,1.9813382820095071,12.0,1,False,0.5597536244633484,0.5597536244633484,1,55-60%
2024,19,TB,WAS,5.8671816974452895,-3.0,0,False,0.6706604171733858,0.6706604171733858,0,65-70%
2024,19,LA,MIN,-3.3198396054449404,18.0,1,True,0.40073469805435397,0.599265301945646,0,55-60%
2024,20,KC,HOU,-1.0000386887709818,9.0,1,False,0.4697328491406901,0.53026715085931,0,50-55%
2024,20,DET,WAS,10.840481378491937,-14.0,0,False,0.7881813539956731,0.7881813539956731,0,75-80%
2024,20,PHI,LA,7.7600981025040605,6.0,1,False,0.7192244639022746,0.7192244639022746,1,70-75%
2024,20,BUF,BAL,-1.8647790245253895,2.0,1,False,0.4437309126391847,0.5562690873608154,0,55-60%
2024,21,PHI,WAS,3.628263409051182,32.0,1,False,0.6082088726509074,0.6082088726509074,1,60-65%
2024,21,KC,BUF,-7.487779718747812,3.0,1,False,0.287489223091461,0.712510776908539,0,70-75%
2024,22,PHI,KC,12.470361521298521,18.0,1,True,0.8192921315453433,0.8192921315453433,1,80%+
2025,1,PHI,DAL,13.565368044627881,4.0,1,False,0.8381174313054914,0.8381174313054914,1,80%+
2025,1,LAC,KC,-0.41241456082392003,6.0,1,True,0.48750519096457406,0.512494809035426,0,50-55%
2025,1,ATL,TB,-4.047592030893225,-3.0,0,False,0.37974817815449513,0.6202518218455049,1,60-65%
2025,1,CLE,CIN,-5.584850310557363,-1.0,0,False,0.336942023680727,0.663057976319273,1,65-70%
2025,1,IND,MIA,-1.8614328073507533,25.0,1,False,0.4438310312218025,0.5561689687781974,0,55-60%
2025,1,JAX,CAR,1.2064656819180366,16.0,1,False,0.5364945510412076,0.5364945510412076,1,50-55%
2025,1,NE,LV,1.6480516871992423,-7.0,0,False,0.5497755433269992,0.5497755433269992,0,50-55%
2025,1,NO,ARI,-3.8212970359812024,-7.0,0,False,0.386229928571812,0.613770071428188,1,60-65%
2025,1,NYJ,PIT,0.3197605721260226,-2.0,0,False,0.5096885014587356,0.5096885014587356,0,50-55%
2025,1,WAS,NYG,7.989107035173824,15.0,1,False,0.7247958035674136,0.7247958035674136,1,70-75%
2025,1,DEN,TEN,10.459373872096027,8.0,1,False,0.7803664075421735,0.7803664075421735,1,75-80%
2025,1,SEA,SF,6.197845017302251,-4.0,0,False,0.679451865338133,0.679451865338133,0,65-70%
2025,1,GB,DET,0.6875140666295418,14.0,1,False,0.5208217108950475,0.5208217108950475,1,50-55%
2025,1,LA,HOU,4.2986189558374726,5.0,1,False,0.6273920247712309,0.6273920247712309,1,60-65%
2025,1,BUF,BAL,-0.5336924087889703,1.0,1,False,0.48383314028648056,0.5161668597135194,0,50-55%
2025,1,CHI,MIN,0.377623513121647,-3.0,0,False,0.5114411392785861,0.5114411392785861,0,50-55%
2025,2,GB,WAS,4.73945216870061,9.0,1,False,0.6397960490484887,0.6397960490484887,1,60-65%
2025,2,BAL,CLE,13.18395971656162,24.0,1,False,0.8317464701934006,0.8317464701934006,1,80%+
2025,2,CIN,JAX,4.367098148962699,4.0,1,False,0.6293303843585217,0.6293303843585217,1,60-65%
2025,2,DAL,NYG,6.333048901625134,3.0,1,False,0.6830106534171485,0.6830106534171485,1,65-70%
2025,2,DET,CHI,5.8366265245972935,31.0,1,False,0.669841855331624,0.669841855331624,1,65-70%
2025,2,MIA,NE,1.0748051586358789,-6.0,0,False,0.5325238647472349,0.5325238647472349,0,50-55%
2025,2,NO,SF,-1.8243483816109876,-5.0,0,False,0.44494089828136796,0.555059101718632,1,55-60%
2025,2,NYJ,BUF,-5.736685092374603,-20.0,0,False,0.3328427167471573,0.6671572832528427,1,65-70%
2025,2,PIT,SEA,2.0697798386851733,-14.0,0,False,0.5623936788250321,0.5623936788250321,0,55-60%
2025,2,TEN,LA,-6.879349548231256,-14.0,0,False,0.30282939622933125,0.6971706037706688,1,65-70%
2025,2,ARI,CAR,10.090877774693322,5.0,1,False,0.7726150792386038,0.7726150792386038,1,75-80%
2025,2,IND,DEN,0.012791361066354368,1.0,1,False,0.5003876169243597,0.5003876169243597,1,50-55%
2025,2,KC,PHI,-5.686035628412367,-3.0,0,False,0.3342074027762878,0.6657925972237122,1,65-70%
2025,2,MIN,ATL,5.296281568529738,-16.0,0,False,0.6551994419289955,0.6551994419289955,0,65-70%
2025,2,HOU,TB,-0.8373509363592666,-1.0,0,False,0.4746474898725066,0.5253525101274934,1,50-55%
2025,2,LV,LAC,-2.013595031417216,-11.0,0,False,0.439283084876934,0.560716915123066,1,55-60%
2025,3,BUF,MIA,16.103275648749158,10.0,1,False,0.8756549980897289,0.8756549980897289,1,80%+
2025,3,CAR,ATL,-5.13890502480922,30.0,1,False,0.3491227295569039,0.6508772704430961,0,65-70%
2025,3,CLE,GB,-12.045382360105727,3.0,1,False,0.1884602367123884,0.8115397632876116,0,80%+
2025,3,JAX,HOU,-0.12754777063490175,7.0,1,False,0.49613499302619624,0.5038650069738038,0,50-55%
2025,3,MIN,CIN,-2.0482752904639066,38.0,1,False,0.4382479306719927,0.5617520693280074,0,55-60%
2025,3,NE,PIT,1.1501379625950394,-7.0,0,False,0.5347963272633948,0.5347963272633948,0,50-55%
2025,3,PHI,LA,4.427572333561936,7.0,1,False,0.6310387006942927,0.6310387006942927,1,60-65%
2025,3,TB,NYJ,9.358421287322624,2.0,1,False,0.7566415366198049,0.7566415366198049,1,75-80%
2025,3,TEN,IND,-5.9462052755342425,-21.0,0,False,0.3272273748673703,0.6727726251326297,1,65-70%
2025,3,WAS,LV,7.512374315792171,17.0,1,False,0.7131210488420194,0.7131210488420194,1,70-75%
2025,3,LAC,DEN,3.2033956000976156,3.0,1,False,0.5958710744119414,0.5958710744119414,1,55-60%
2025,3,SEA,NO,9.51514685495778,31.0,1,False,0.7601224828240214,0.7601224828240214,1,75-80%
2025,3,CHI,DAL,-2.92666218093344,17.0,1,False,0.4122317779433411,0.5877682220566589,0,55-60%
2025,3,SF,ARI,0.04669356933783719,1.0,1,False,0.5014149528694293,0.5014149528694293,1,50-55%
2025,3,NYG,KC,-3.8523864325963135,-13.0,0,False,0.3853369864577571,0.6146630135422428,1,60-65%
2025,3,BAL,DET,3.3498522451980213,-8.0,0,False,0.6001386131770857,0.6001386131770857,0,60-65%
2025,4,ARI,SEA,-3.833126183691375,-3.0,0,False,0.3858900840891055,0.6141099159108945,1,60-65%
2025,4,PIT,MIN,-5.873111615057825,3.0,1,True,0.32918084222286126,0.6708191577771387,0,65-70%
2025,4,ATL,WAS,-7.667690211121008,7.0,1,False,0.2830430084913752,0.7169569915086248,0,70-75%
2025,4,BUF,NO,17.549778813920202,12.0,1,False,0.8935232702428619,0.8935232702428619,1,80%+
2025,4,DET,CLE,14.76268655271803,24.0,1,False,0.8568557291752202,0.8568557291752202,1,80%+
2025,4,HOU,TEN,10.10739811804787,26.0,1,False,0.7729666824222388,0.7729666824222388,1,75-80%
2025,4,NE,CAR,-4.004811442510903,29.0,1,False,0.38097033368005795,0.619029666319942,0,60-65%
2025,4,NYG,LAC,-8.492466829014774,3.0,1,False,0.263202398252277,0.736797601747723,0,70-75%
2025,4,TB,PHI,-4.381330590478617,-6.0,0,False,0.3702672747690087,0.6297327252309912,1,60-65%
2025,4,LA,IND,2.023858404971075,7.0,1,False,0.5610233170320311,0.5610233170320311,1,55-60%
2025,4,SF,JAX,1.5116342001504388,-5.0,0,False,0.5456793703297336,0.5456793703297336,0,50-55%
2025,4,KC,BAL,-2.709852058182312,17.0,1,False,0.418613692765537,0.5813863072344629,0,55-60%
2025,4,LV,CHI,-0.7672541570394122,-1.0,0,False,0.4767666172577645,0.5232333827422355,1,50-55%
2025,4,MIA,NYJ,-0.3577234045726352,6.0,1,False,0.4891615949079707,0.5108384050920294,0,50-55%
2025,4,DEN,CIN,10.235250853693305,25.0,1,False,0.7756747811517163,0.7756747811517163,1,75-80%
2025,5,LA,SF,8.199827679453302,-3.0,0,False,0.7298612056200036,0.7298612056200036,0,70-75%
2025,5,CLE,MIN,-8.332915549763246,-4.0,0,True,0.2669699934516627,0.7330300065483373,1,70-75%
2025,5,BAL,HOU,3.1015589656927673,-34.0,0,False,0.5928950871762104,0.5928950871762104,0,55-60%
2025,5,CAR,MIA,0.9260654184669483,3.0,1,False,0.5280331594690132,0.5280331594690132,1,50-55%
2025,5,IND,LV,9.377136129280814,34.0,1,False,0.7570589976085038,0.7570589976085038,1,75-80%
2025,5,NO,NYG,-2.080753203503755,12.0,1,False,0.43727900024073535,0.5627209997592646,0,55-60%
2025,5,NYJ,DAL,2.053023683078842,-15.0,0,False,0.5618937601695947,0.5618937601695947,0,55-60%
2025,5,PHI,DEN,4.65246865929809,-4.0,0,False,0.6373626711047153,0.6373626711047153,0,60-65%
2025,5,ARI,TEN,14.978148912431587,-1.0,0,False,0.8600292829138909,0.8600292829138909,0,80%+
2025,5,SEA,TB,6.6802963406425215,-3.0,0,False,0.69205258181133,0.69205258181133,0,65-70%
2025,5,CIN,DET,-18.08480241370419,-13.0,0,False,0.10046240570307707,0.8995375942969229,1,80%+
2025,5,LAC,WAS,1.6634828819189897,-17.0,0,False,0.5502384778224537,0.5502384778224537,0,55-60%
2025,5,BUF,NE,6.359759920610781,-3.0,0,False,0.6837112225767094,0.6837112225767094,0,65-70%
2025,5,JAX,KC,-3.3374584043867292,3.0,1,False,0.4002219474168165,0.5997780525831835,0,55-60%
2025,6,NYG,PHI,-11.580864339319954,17.0,1,False,0.1972231213600682,0.8027768786399319,0,80%+
2025,6,NYJ,DEN,-14.200990883231778,-2.0,0,True,0.15169964381870407,0.848300356181296,1,80%+
2025,6,BAL,LA,-4.577821477449278,-14.0,0,False,0.36473122796084617,0.6352687720391539,1,60-65%
2025,6,CAR,DAL,-1.1860899156589382,3.0,1,False,0.46411966207519545,0.5358803379248045,0,50-55%
2025,6,IND,ARI,10.760567616523643,4.0,1,False,0.7865596612170355,0.7865596612170355,1,75-80%
2025,6,JAX,SEA,-0.7496237762688069,-8.0,0,False,0.47729974394747193,0.522700256052528,1,50-55%
2025,6,MIA,LAC,-1.360700854965559,-2.0,0,False,0.4588598599044481,0.5411401400955519,1,50-55%
2025,6,NO,NE,-6.642319729377415,-6.0,0,False,0.30892930463751567,0.6910706953624843,1,65-70%
2025,6,PIT,CLE,6.574199317168856,14.0,1,False,0.6893051123245099,0.6893051123245099,1,65-70%
2025,6,LV,TEN,1.7452157977401377,10.0,1,False,0.5526889887776384,0.5526889887776384,1,55-60%
2025,6,GB,CIN,14.173179716476316,9.0,1,False,0.8478660367294494,0.8478660367294494,1,80%+
2025,6,TB,SF,4.311561760649328,11.0,1,False,0.6277586975894303,0.6277586975894303,1,60-65%
2025,6,KC,DET,-3.486367749616374,13.0,1,False,0.39589714505899537,0.6041028549410046,0,60-65%
2025,6,ATL,BUF,-4.681974298162215,10.0,1,False,0.3618111074953458,0.6381888925046542,0,60-65%
2025,6,WAS,CHI,9.138013834078308,-1.0,0,False,0.7516885069934252,0.7516885069934252,0,75-80%
2025,7,CIN,PIT,-6.841014475568003,2.0,1,False,0.3038113176521529,0.6961886823478471,0,65-70%
2025,7,JAX,LA,-3.8116219267891225,-28.0,0,True,0.38650797124597275,0.6134920287540273,1,60-65%
2025,7,CHI,NO,6.668551539036815,12.0,1,False,0.6917491046034944,0.6917491046034944,1,65-70%
2025,7,CLE,MIA,0.5207304609612773,25.0,1,False,0.5157744741757048,0.5157744741757048,1,50-55%
2025,7,KC,LV,17.33564836776346,31.0,1,False,0.8910285658221705,0.8910285658221705,1,80%+
2025,7,MIN,PHI,2.5486445048599533,-6.0,0,False,0.5766232363918907,0.5766232363918907,0,55-60%
2025,7,NYJ,CAR,0.24270724699250823,-7.0,0,False,0.5073542346554349,0.5073542346554349,0,50-55%
2025,7,TEN,NE,-11.781610689280416,-18.0,0,False,0.19339895115650876,0.8066010488434913,1,80%+
2025,7,DEN,NYG,7.802550457309865,1.0,1,False,0.7202624247127829,0.7202624247127829,1,70-75%
2025,7,LAC,IND,-5.843590069918128,-14.0,0,False,0.3299715030577422,0.6700284969422579,1,65-70%
2025,7,ARI,GB,-2.530363224405229,-4.0,0,False,0.4239178235584593,0.5760821764415407,1,55-60%
2025,7,DAL,WAS,-4.185953721744133,22.0,1,False,0.37580596124504706,0.6241940387549529,0,60-65%
2025,7,SF,ATL,0.6195647138376064,10.0,1,False,0.5187658694455997,0.5187658694455997,1,50-55%
2025,7,DET,TB,4.51664193215222,15.0,1,False,0.6335488188578862,0.6335488188578862,1,60-65%
2025,7,SEA,HOU,-1.0330513604253062,8.0,1,False,0.4687362529925914,0.5312637470074086,0,50-55%
2025,8,LAC,MIN,-1.8689897650813496,27.0,1,False,0.44360493407214346,0.5563950659278565,0,55-60%
2025,8,ATL,MIA,9.544942541967679,-24.0,0,False,0.7607803895052915,0.7607803895052915,0,75-80%
2025,8,BAL,CHI,-3.8329229589603937,14.0,1,False,0.3858959216786907,0.6141040783213093,0,60-65%
2025,8,CAR,BUF,-2.3786767240714513,-31.0,0,False,0.4284141185008083,0.5715858814991917,1,55-60%
2025,8,CIN,NYJ,3.0383143127060697,-1.0,0,False,0.591043426861166,0.591043426861166,0,55-60%
2025,8,HOU,SF,7.734561786054799,11.0,1,False,0.7185989708779754,0.7185989708779754,1,70-75%
2025,8,NE,CLE,7.052818498405402,19.0,1,False,0.7015913153594177,0.7015913153594177,1,70-75%
2025,8,PHI,NYG,5.006050105723787,18.0,1,False,0.6472091128193505,0.6472091128193505,1,60-65%
2025,8,NO,TB,-7.08935011420131,-20.0,0,False,0.29748244709415544,0.7025175529058445,1,70-75%
2025,8,DEN,DAL,2.7343131140094066,20.0,1,False,0.5821077375281374,0.5821077375281374,1,55-60%
2025,8,IND,TEN,21.14300576925664,24.0,1,False,0.9284279787867938,0.9284279787867938,1,80%+
2025,8,PIT,GB,-2.2257377681861374,-10.0,0,False,0.43295953522117353,0.5670404647788265,1,55-60%
2025,8,KC,WAS,13.398234986707868,21.0,1,False,0.8353499578240509,0.8353499578240509,1,80%+
2025,9,MIA,BAL,0.377182931201969,-22.0,0,False,0.511427795293722,0.511427795293722,0,50-55%
2025,9,CIN,CHI,-1.676019325363406,-5.0,0,False,0.4493854939776437,0.5506145060223563,1,55-60%
2025,9,DET,MIN,15.274496634338007,-3.0,0,False,0.8642977450034662,0.8642977450034662,0,80%+
2025,9,GB,CAR,14.808839374724567,-3.0,0,False,0.8575405212372962,0.8575405212372962,0,80%+
2025,9,HOU,DEN,2.981578238194679,-3.0,0,False,0.5893801206428908,0.5893801206428908,0,55-60%
2025,9,NE,ATL,15.029725779294148,1.0,1,False,0.8607801682220239,0.8607801682220239,1,80%+
2025,9,NYG,SF,-1.4718256082459453,-10.0,0,False,0.45551714358538914,0.5444828564146109,1,50-55%
2025,9,PIT,IND,-7.739383149424017,7.0,1,False,0.281282868519364,0.718717131480636,0,70-75%
2025,9,TEN,LAC,-12.973785243757487,-7.0,0,False,0.17184889911313758,0.8281511008868624,1,80%+
2025,9,LA,NO,19.402580804212427,24.0,1,False,0.9130794152121375,0.9130794152121375,1,80%+
2025,9,LV,JAX,-5.012736314378013,-1.0,0,False,0.3526058597472969,0.647394140252703,1,60-65%
2025,9,BUF,KC,-3.383930068755121,7.0,1,False,0.3988705577999824,0.6011294422000176,0,60-65%
2025,9,WAS,SEA,-8.564090562976398,-24.0,0,False,0.26152225455008793,0.7384777454499121,1,70-75%
2025,9,DAL,ARI,1.582856752287119,-10.0,0,False,0.547818758790424,0.547818758790424,0,50-55%
2025,10,DEN,LV,18.594097886519215,3.0,1,False,0.904980395438512,0.904980395438512,1,80%+
2025,10,IND,ATL,10.23782739148883,6.0,1,True,0.7757291190639908,0.7757291190639908,1,75-80%
2025,10,CAR,NO,6.660382484981913,-10.0,0,False,0.6915379243997406,0.6915379243997406,0,65-70%
2025,10,CHI,NYG,3.9255058599695163,4.0,1,False,0.6167600821605013,0.6167600821605013,1,60-65%
2025,10,HOU,JAX,12.45415671776188,7.0,1,False,0.8190011415977215,0.8190011415977215,1,80%+
2025,10,MIA,BUF,-13.940633316405961,17.0,1,False,0.15580559844758388,0.8441944015524161,0,80%+
2025,10,MIN,BAL,-1.7978553756308286,-8.0,0,False,0.445734121221851,0.5542658787781489,1,55-60%
2025,10,NYJ,CLE,-0.569337890136614,7.0,1,False,0.48275418051120966,0.5172458194887903,0,50-55%
2025,10,TB,NE,2.998069637926551,-5.0,0,False,0.5898638041653818,0.5898638041653818,0,55-60%
2025,10,SEA,ARI,10.73901311751805,22.0,1,False,0.786120709067578,0.786120709067578,1,75-80%
2025,10,SF,LA,-6.213473376897261,-16.0,0,False,0.320135691929292,0.6798643080707081,1,65-70%
2025,10,WAS,DET,-9.53430351174836,-22.0,0,False,0.23945438460233762,0.7605456153976624,1,75-80%
2025,10,LAC,PIT,1.6132743900845834,15.0,1,False,0.5487319125730745,0.5487319125730745,1,50-55%
2025,10,GB,PHI,-1.363113721894605,-3.0,0,False,0.4587872386056526,0.5412127613943474,1,50-55%
2025,11,NE,NYJ,11.174962803445311,13.0,1,False,0.7948710257718287,0.7948710257718287,1,75-80%
2025,11,MIA,WAS,6.171017482210492,3.0,1,True,0.6787432151708112,0.6787432151708112,1,65-70%
2025,11,ATL,CAR,5.188920684438617,-3.0,0,False,0.652253626785033,0.652253626785033,0,65-70%
2025,11,BUF,TB,1.3118709228562444,12.0,1,False,0.5396701091233712,0.5396701091233712,1,50-55%
2025,11,JAX,LAC,-5.144998668464363,29.0,1,False,0.3489549063870208,0.6510450936129792,0,65-70%
2025,11,MIN,CHI,1.3888553592243496,-2.0,0,False,0.5419874111369695,0.5419874111369695,0,50-55%
2025,11,NYG,GB,-4.474599151430865,-7.0,0,False,0.3676351176881125,0.6323648823118875,1,60-65%
2025,11,PIT,CIN,7.227573517470256,22.0,1,False,0.7060070669057209,0.7060070669057209,1,70-75%
2025,11,TEN,HOU,-15.178494796692807,-3.0,0,False,0.13707287191220854,0.8629271280877915,1,80%+
2025,11,ARI,SF,0.7801641378349469,-19.0,0,False,0.523623735321496,0.523623735321496,0,50-55%
2025,11,LA,SEA,0.9634904281677457,2.0,1,False,0.5291635400459246,0.5291635400459246,1,50-55%
2025,11,CLE,BAL,-6.684891681851419,-7.0,0,False,0.30782872302923264,0.6921712769707673,1,65-70%
2025,11,DEN,KC,-3.5445724418514803,3.0,1,False,0.3942110709756969,0.605788929024303,0,60-65%
2025,11,PHI,DET,-0.7700764224094991,7.0,1,False,0.4766812794021094,0.5233187205978906,0,50-55%
2025,11,LV,DAL,-1.9756015756930132,-17.0,0,False,0.4404177394613734,0.5595822605386266,1,55-60%
2025,12,HOU,BUF,0.20786398463520483,4.0,1,False,0.5062985754236982,0.5062985754236982,1,50-55%
2025,12,BAL,NYJ,10.01449412418544,13.0,1,False,0.7709844104648018,0.7709844104648018,1,75-80%
2025,12,CHI,PIT,-1.2905550062271598,3.0,1,False,0.46097182709518664,0.5390281729048134,0,50-55%
2025,12,CIN,NE,-12.838782447207805,-6.0,0,False,0.174190289300054,0.825809710699946,1,80%+
2025,12,DET,NYG,13.053026752561646,7.0,1,False,0.8295137533209792,0.8295137533209792,1,80%+
2025,12,GB,MIN,6.997986159228852,17.0,1,False,0.700197968751991,0.700197968751991,1,70-75%
2025,12,KC,IND,5.711300265106516,3.0,1,False,0.6664736697365221,0.6664736697365221,1,65-70%
2025,12,TEN,SEA,-19.594735890759143,-6.0,0,False,0.08508974138448899,0.914910258615511,1,80%+
2025,12,ARI,JAX,-5.513895520576978,-3.0,0,False,0.33886618399193713,0.6611338160080629,1,65-70%
2025,12,LV,CLE,-2.5962160224888216,-14.0,0,False,0.421969682370731,0.5780303176292689,1,55-60%
2025,12,DAL,PHI,-5.5072413326320095,3.0,1,False,0.3390469077052082,0.6609530922947918,0,65-70%
2025,12,NO,ATL,0.7224402483719092,-14.0,0,False,0.5218781499408452,0.5218781499408452,0,50-55%
2025,12,LA,TB,12.104594470166305,27.0,1,False,0.812635015831825,0.812635015831825,1,80%+
2025,12,SF,CAR,11.50751372956637,11.0,1,False,0.8013654130823459,0.8013654130823459,1,80%+
2025,13,DET,GB,3.0793759888459897,-7.0,0,False,0.5922459173840504,0.5922459173840504,0,55-60%
2025,13,DAL,KC,-5.247441270029305,3.0,1,False,0.34613919800811827,0.6538608019918817,0,65-70%
2025,13,BAL,CIN,13.72771059433746,-18.0,0,False,0.8407695287261203,0.8407695287261203,0,80%+
2025,13,PHI,CHI,7.759684633441598,-9.0,0,False,0.7192143430389834,0.7192143430389834,0,70-75%
2025,13,CAR,LA,-18.760099392948252,3.0,1,False,0.09330339106965885,0.9066966089303412,0,80%+
2025,13,CLE,SF,-4.980003128970326,-18.0,0,False,0.3535121057316524,0.6464878942683476,1,60-65%
2025,13,IND,HOU,2.7994282827489974,-4.0,0,False,0.5840264606756861,0.5840264606756861,0,55-60%
2025,13,MIA,NO,8.715319844472564,4.0,1,False,0.7420024402548938,0.7420024402548938,1,70-75%
2025,13,NYJ,ATL,-0.861025974872726,3.0,1,False,0.47393196151176786,0.5260680384882321,0,50-55%
2025,13,TB,ARI,4.26519143187917,3.0,1,False,0.6264443375310781,0.6264443375310781,1,60-65%
2025,13,TEN,JAX,-7.442251540203581,-22.0,0,False,0.28862096617849603,0.711379033821504,1,70-75%
2025,13,SEA,MIN,16.2024882384988,26.0,1,False,0.8769584993850873,0.8769584993850873,1,80%+
2025,13,LAC,LV,10.598933571293655,17.0,1,False,0.7832520213684763,0.7832520213684763,1,75-80%
2025,13,PIT,BUF,-1.708842844017336,-19.0,0,False,0.4484012339123042,0.5515987660876958,1,55-60%
2025,13,WAS,DEN,-11.250719496550555,-1.0,0,False,0.20363579016695532,0.7963642098330447,1,75-80%
2025,13,NE,NYG,9.380054614078817,18.0,1,False,0.757124054683854,0.757124054683854,1,75-80%
2025,14,DET,DAL,2.660414881041679,14.0,1,False,0.5799271956648038,0.5799271956648038,1,55-60%
2025,14,ATL,SEA,-13.354180844335778,-28.0,0,False,0.16538580945994807,0.8346141905400519,1,80%+
2025,14,BAL,PIT,2.286764665870928,-5.0,0,False,0.568855610128658,0.568855610128658,0,55-60%
2025,14,BUF,CIN,11.35262953467614,5.0,1,False,0.79836009866641,0.79836009866641,1,75-80%
2025,14,CLE,TEN,5.626991850801835,-2.0,0,False,0.6641982277303748,0.6641982277303748,0,65-70%
2025,14,JAX,IND,2.8573463788003446,17.0,1,False,0.5857309750251467,0.5857309750251467,1,55-60%
2025,14,MIN,WAS,0.4762437720244843,31.0,1,False,0.5144276231859097,0.5144276231859097,1,50-55%
2025,14,NYJ,MIA,-0.054965330821160174,-24.0,0,False,0.49833439007565666,0.5016656099243433,1,50-55%
2025,14,TB,NO,8.49470913191477,-4.0,0,False,0.736850306578437,0.736850306578437,0,70-75%
2025,14,LV,DEN,-14.822380967020877,-7.0,0,False,0.14225907452959116,0.8577409254704088,1,80%+
2025,14,ARI,LA,-12.48757954431667,-28.0,0,False,0.18039908379306804,0.819600916206932,1,80%+
2025,14,GB,CHI,5.292460623323144,7.0,1,False,0.6550948038999871,0.6550948038999871,1,65-70%
2025,14,KC,HOU,3.126223932917072,-10.0,0,False,0.593616509981504,0.593616509981504,0,55-60%
2025,14,LAC,PHI,-2.045135254673503,3.0,1,False,0.43834163408441684,0.5616583659155832,0,55-60%
2025,15,TB,ATL,4.148012942629845,-1.0,0,False,0.6231146374673215,0.6231146374673215,0,60-65%
2025,15,CHI,CLE,10.477585245466669,28.0,1,False,0.7807445167091976,0.7807445167091976,1,75-80%
2025,15,CIN,BAL,3.5493561757224974,-24.0,0,False,0.605927392924295,0.605927392924295,0,60-65%
2025,15,HOU,ARI,15.74752890838274,20.0,1,False,0.8708833051116811,0.8708833051116811,1,80%+
2025,15,JAX,NYJ,18.37948453633332,28.0,1,False,0.9027197627051078,0.9027197627051078,1,80%+
2025,15,KC,LAC,6.50930122346623,-3.0,0,False,0.6876179045422617,0.6876179045422617,0,65-70%
2025,15,NE,BUF,1.108266810263628,-4.0,0,False,0.53353342923002,0.53353342923002,0,50-55%
2025,15,NYG,WAS,7.286631849777482,-8.0,0,False,0.7074907164496275,0.7074907164496275,0,70-75%
2025,15,PHI,LV,14.332299820396454,31.0,1,False,0.8503372318070144,0.8503372318070144,1,80%+
2025,15,DEN,GB,-2.007719893066681,8.0,1,False,0.43945850162195566,0.5605414983780443,0,55-60%
2025,15,LA,DET,9.337840585352506,7.0,1,False,0.7561818934844035,0.7561818934844035,1,75-80%
2025,15,NO,CAR,-2.297054904597232,3.0,1,False,0.4308385043413761,0.569161495658624,0,55-60%
2025,15,SEA,IND,14.440808302824973,2.0,1,False,0.8520033734571179,0.8520033734571179,1,80%+
2025,15,SF,TEN,15.621335320198513,13.0,1,False,0.8691535365375893,0.8691535365375893,1,80%+
2025,15,DAL,MIN,3.4315352463406246,-8.0,0,False,0.6025121985391348,0.6025121985391348,0,60-65%
2025,15,PIT,MIA,-0.6569149402666625,13.0,1,False,0.4801039977803649,0.5198960022196351,0,50-55%
2025,16,SEA,LA,0.6409882549183485,1.0,1,False,0.5194141212248741,0.5194141212248741,1,50-55%
2025,16,WAS,PHI,-10.821276325635978,-11.0,0,False,0.21220755066846358,0.7877924493315365,1,75-80%
2025,16,CHI,GB,2.4482494376411896,6.0,1,False,0.5736496719104466,0.5736496719104466,1,55-60%
2025,16,CAR,TB,3.37361350701765,3.0,1,False,0.600829570224111,0.600829570224111,1,60-65%
2025,16,CLE,BUF,-15.265454800750362,-3.0,0,False,0.1358308506810079,0.8641691493189921,1,80%+
2025,16,DAL,LAC,-0.916816767405183,-17.0,0,False,0.4722462304503155,0.5277537695496846,1,50-55%
2025,16,MIA,CIN,6.744668800768822,-24.0,0,False,0.6937129687230285,0.6937129687230285,0,65-70%
2025,16,NO,NYJ,7.381477180843073,23.0,1,False,0.7098641818487553,0.7098641818487553,1,70-75%
2025,16,NYG,MIN,-7.287434241619446,-3.0,0,False,0.2924891563119558,0.7075108436880442,1,70-75%
2025,16,TEN,KC,-8.381191019958607,17.0,1,False,0.2658264208730943,0.7341735791269057,0,70-75%
2025,16,ARI,ATL,-0.1969847382156431,-7.0,0,False,0.4940310490848943,0.5059689509151057,1,50-55%
2025,16,DEN,JAX,-3.3278483712699245,-14.0,0,False,0.40050159613742825,0.5994984038625717,1,55-60%
2025,16,DET,PIT,6.418531871966746,-5.0,0,False,0.6852497413989124,0.6852497413989124,0,65-70%
2025,16,HOU,LV,24.27756199262446,2.0,1,False,0.9499189887645564,0.9499189887645564,1,80%+
2025,16,BAL,NE,-1.0449337507013532,-4.0,0,False,0.4683776045422036,0.5316223954577963,1,50-55%
2025,16,IND,SF,-0.20299104608460738,-21.0,0,False,0.49384906649318355,0.5061509335068164,1,50-55%
2025,17,WAS,DAL,-2.124258462653491,-7.0,0,False,0.4359818361134704,0.5640181638865296,1,55-60%
2025,17,MIN,DET,-2.1537381577669246,13.0,1,False,0.4351033584417578,0.5648966415582422,0,55-60%
2025,17,KC,DEN,-2.6543002294187765,-7.0,0,False,0.4202533726395642,0.5797466273604358,1,55-60%
2025,17,LAC,HOU,1.4426456578729796,-4.0,0,False,0.5436054770438156,0.5436054770438156,0,50-55%
2025,17,GB,BAL,4.14019013448892,-17.0,0,False,0.622891929053773,0.622891929053773,0,60-65%
2025,17,CAR,SEA,-13.324218671270156,-17.0,0,False,0.16588772539545688,0.8341122746045431,1,80%+
2025,17,CIN,ARI,9.456274445159389,23.0,1,False,0.7588189077480124,0.7588189077480124,1,75-80%
2025,17,CLE,PIT,-9.473196872897235,7.0,1,False,0.24080589515672482,0.7591941048432752,0,75-80%
2025,17,IND,JAX,-9.705497876259912,-6.0,0,False,0.23569578233431712,0.7643042176656829,1,75-80%
2025,17,MIA,TB,-0.35064372223167006,3.0,1,False,0.48937603191080886,0.5106239680891911,0,50-55%
2025,17,NYJ,NE,-17.060548935729685,-32.0,0,False,0.1122516262631748,0.8877483737368252,1,80%+
2025,17,TEN,NO,1.1029606683283844,-8.0,0,False,0.533373356840653,0.533373356840653,0,50-55%
2025,17,LV,NYG,-1.2566169480944407,-24.0,0,False,0.46199414980490316,0.5380058501950968,1,50-55%
2025,17,BUF,PHI,2.0682658342552394,-1.0,0,False,0.5623485138071724,0.5623485138071724,0,55-60%
2025,17,SF,CHI,5.140746787247124,4.0,1,False,0.6509279978033641,0.6509279978033641,1,65-70%
2025,17,ATL,LA,-15.2305348000388,3.0,1,False,0.13632845801777896,0.8636715419822211,0,80%+
2025,18,TB,CAR,0.21941212467837512,2.0,1,False,0.5066484603875205,0.5066484603875205,1,50-55%
2025,18,SF,SEA,-1.8472618310091573,-10.0,0,False,0.4442550763111313,0.5557449236888687,1,55-60%
2025,18,ATL,NO,1.577945332022291,2.0,1,False,0.54767128496659,0.54767128496659,1,50-55%
2025,18,CIN,CLE,8.220353443833258,-2.0,0,False,0.7303514629632284,0.7303514629632284,0,70-75%
2025,18,HOU,IND,6.529050214486984,8.0,1,False,0.6881318642329118,0.6881318642329118,1,65-70%
2025,18,JAX,TEN,16.83962874237736,34.0,1,False,0.8850520582059107,0.8850520582059107,1,80%+
2025,18,MIN,GB,4.66991805169725,13.0,1,False,0.6378513900463642,0.6378513900463642,1,60-65%
2025,18,NYG,DAL,1.9792698187017497,17.0,1,False,0.5596918380364704,0.5596918380364704,1,55-60%
2025,18,BUF,NYJ,22.288377729554853,27.0,1,False,0.9371222597049556,0.9371222597049556,1,80%+
2025,18,CHI,DET,6.369137813334766,-3.0,0,False,0.6839569859012066,0.6839569859012066,0,65-70%
2025,18,DEN,LAC,1.7385678240993048,16.0,1,False,0.5524897636298971,0.5524897636298971,1,55-60%
2025,18,LA,ARI,22.132979368361138,17.0,1,False,0.9360031739320448,0.9360031739320448,1,80%+
2025,18,LV,KC,-9.834233741349788,2.0,1,False,0.23289636644417896,0.767103633555821,0,75-80%
2025,18,NE,MIA,15.620614628049232,28.0,1,False,0.8691436015269094,0.8691436015269094,1,80%+
2025,18,PHI,WAS,15.715538175295336,-7.0,0,False,0.8704466514569732,0.8704466514569732,0,80%+
2025,18,PIT,BAL,-2.9473308080411806,2.0,1,False,0.41162488856076584,0.5883751114392342,0,55-60%
2025,19,CAR,LA,-11.030700094539688,-3.0,0,False,0.2079948529034563,0.7920051470965437,1,75-80%
2025,19,CHI,GB,7.550418230297086,4.0,1,False,0.7140635151028907,0.7140635151028907,1,70-75%
2025,19,JAX,BUF,10.249700165851952,-3.0,0,False,0.7759793891117066,0.7759793891117066,0,75-80%
2025,19,PHI,SF,-4.939991072474705,-4.0,0,False,0.3546213046007998,0.6453786953992002,1,60-65%
2025,19,NE,LAC,11.195970605046053,13.0,1,False,0.7952859073268991,0.7952859073268991,1,75-80%
2025,19,PIT,HOU,-2.5302901243241314,-24.0,0,False,0.42391998742423714,0.5760800125757628,1,55-60%
2025,20,DEN,BUF,-0.07766227989269603,3.0,1,False,0.4976466149579568,0.5023533850420432,0,50-55%
2025,20,SEA,SF,8.351445964891306,35.0,1,False,0.733469333620567,0.733469333620567,1,70-75%
2025,20,NE,HOU,2.6076125865003457,12.0,1,False,0.5783672207024833,0.5783672207024833,1,55-60%
2025,20,CHI,LA,-1.8200281730528023,-3.0,0,False,0.4450702299354769,0.554929770064523,1,55-60%
2025,21,DEN,NE,-4.08466301276346,-3.0,0,False,0.37869036600240136,0.6213096339975986,1,60-65%
2025,21,SEA,LA,13.134669357535667,4.0,1,False,0.8309087026400845,0.8309087026400845,1,80%+
2025,22,NE,SEA,-5.32347224131969,-16.0,0,True,0.3440563660645185,0.6559436339354815,1,65-70%
