player_name,team_abbr,position,position_family,overall,trait_grade,trait_delta_vs_madden,performance_grade,performance_weight,macabets_rating,final_delta_vs_madden,rating_source
Christian Gonzalez,NE,CB,DB,98.0,96.51,-1.4899999999999949,,0.0,96.51,-1.4899999999999949,Madden 27 baseline
Patrick Surtain II,DEN,CB,DB,97.0,96.14,-0.8599999999999994,,0.0,96.14,-0.8599999999999994,Madden 27 baseline
Jessie Bates III,ATL,FS,DB,94.0,92.03,-1.9699999999999989,,0.0,92.03,-1.9699999999999989,Madden 27 baseline
Trent McDuffie,LA,CB,DB,94.0,93.31,-0.6899999999999977,,0.0,93.31,-0.6899999999999977,Madden 27 baseline
Denzel Ward,CLE,CB,DB,93.0,92.52,-0.480000000000004,,0.0,92.52,-0.480000000000004,Madden 27 baseline
Derwin James Jr,LAC,SS,DB,93.0,91.25,-1.75,,0.0,91.25,-1.75,Madden 27 baseline
Antoine Winfield Jr,TB,FS,DB,93.0,90.98,-2.019999999999996,,0.0,90.98,-2.019999999999996,Madden 27 baseline
Kyle Hamilton,BAL,SS,DB,92.0,90.65,-1.3499999999999943,,0.0,90.65,-1.3499999999999943,Madden 27 baseline
Xavier McKinney,GB,SS,DB,92.0,90.27,-1.730000000000004,,0.0,90.27,-1.730000000000004,Madden 27 baseline
Derek Stingley Jr,HOU,CB,DB,92.0,91.86,-0.14000000000000057,,0.0,91.86,-0.14000000000000057,Madden 27 baseline
Brian Branch,DET,SS,DB,91.0,89.43,-1.5699999999999932,,0.0,89.43,-1.5699999999999932,Madden 27 baseline
Kerby Joseph,DET,FS,DB,91.0,89.33,-1.6700000000000017,,0.0,89.33,-1.6700000000000017,Madden 27 baseline
Devon Witherspoon,SEA,CB,DB,91.0,90.08,-0.9200000000000017,,0.0,90.08,-0.9200000000000017,Madden 27 baseline
Budda Baker,ARI,SS,DB,90.0,88.16,-1.8400000000000034,,0.0,88.16,-1.8400000000000034,Madden 27 baseline
Jaylon Johnson,CHI,CB,DB,90.0,90.28,0.28000000000000114,,0.0,90.28,0.28000000000000114,Madden 27 baseline
Sauce Gardner,IND,CB,DB,90.0,89.87,-0.12999999999999545,,0.0,89.87,-0.12999999999999545,Madden 27 baseline
Jalen Ramsey,PIT,FS,DB,90.0,89.53,-0.46999999999999886,,0.0,89.53,-0.46999999999999886,Madden 27 baseline
Minkah Fitzpatrick,NYJ,SS,DB,89.0,88.11,-0.8900000000000006,,0.0,88.11,-0.8900000000000006,Madden 27 baseline
Quinyon Mitchell,PHI,CB,DB,89.0,88.73,-0.269999999999996,,0.0,88.73,-0.269999999999996,Madden 27 baseline
Cooper DeJean,PHI,CB,DB,89.0,88.5,-0.5,,0.0,88.5,-0.5,Madden 27 baseline
A.J. Terrell Jr,ATL,CB,DB,88.0,88.4,0.4000000000000057,,0.0,88.4,0.4000000000000057,Madden 27 baseline
Talanoa Hufanga,DEN,SS,DB,88.0,86.5,-1.5,,0.0,86.5,-1.5,Madden 27 baseline
Charvarius Ward Sr,IND,CB,DB,88.0,88.38,0.37999999999999545,,0.0,88.38,0.37999999999999545,Madden 27 baseline
Jaycee Horn,CAR,CB,DB,87.0,87.09,0.09000000000000341,,0.0,87.09,0.09000000000000341,Madden 27 baseline
Kamari Lassiter,HOU,CB,DB,87.0,86.86,-0.14000000000000057,,0.0,86.86,-0.14000000000000057,Madden 27 baseline
Jalen Pitre,HOU,CB,DB,86.0,86.0,0.0,,0.0,86.0,0.0,Madden 27 baseline
Kevin Byard III,NE,FS,DB,86.0,84.56,-1.4399999999999977,,0.0,84.56,-1.4399999999999977,Madden 27 baseline
Jamel Dean,PIT,CB,DB,86.0,86.02,0.01999999999999602,,0.0,86.02,0.01999999999999602,Madden 27 baseline
Nick Emmanwori,SEA,SS,DB,86.0,84.83,-1.1700000000000017,,0.0,84.83,-1.1700000000000017,Madden 27 baseline
Marlon Humphrey,BAL,CB,DB,85.0,85.53,0.5300000000000011,,0.0,85.53,0.5300000000000011,Madden 27 baseline
Jalen Thompson,DAL,FS,DB,85.0,83.9,-1.0999999999999943,,0.0,83.9,-1.0999999999999943,Madden 27 baseline
Carlton Davis III,NE,CB,DB,85.0,85.5,0.5,,0.0,85.5,0.5,Madden 27 baseline
Joey Porter,PIT,CB,DB,85.0,84.89,-0.10999999999999943,,0.0,84.89,-0.10999999999999943,Madden 27 baseline
Julian Love,SEA,SS,DB,85.0,84.35,-0.6500000000000057,,0.0,84.35,-0.6500000000000057,Madden 27 baseline
Calen Bullock,HOU,FS,DB,84.0,83.19,-0.8100000000000023,,0.0,83.19,-0.8100000000000023,Madden 27 baseline
Camryn Bynum,IND,FS,DB,84.0,83.18,-0.8199999999999932,,0.0,83.18,-0.8199999999999932,Madden 27 baseline
Byron Murphy Jr,MIN,CB,DB,84.0,84.36,0.35999999999999943,,0.0,84.36,0.35999999999999943,Madden 27 baseline
Justin Reid,NO,FS,DB,84.0,83.05,-0.9500000000000028,,0.0,83.05,-0.9500000000000028,Madden 27 baseline
Chidobe Awuzie,BAL,CB,DB,83.0,83.4,0.4000000000000057,,0.0,83.4,0.4000000000000057,Madden 27 baseline
Christian Benford,BUF,CB,DB,83.0,83.44,0.4399999999999977,,0.0,83.44,0.4399999999999977,Madden 27 baseline
Kyler Gordon,CHI,CB,DB,83.0,83.31,0.3100000000000023,,0.0,83.31,0.3100000000000023,Madden 27 baseline
DJ Turner II,CIN,CB,DB,83.0,82.9,-0.09999999999999432,,0.0,82.9,-0.09999999999999432,Madden 27 baseline
DaRon Bland,DAL,CB,DB,83.0,83.45,0.45000000000000284,,0.0,83.45,0.45000000000000284,Madden 27 baseline
Brandon Jones,DEN,FS,DB,83.0,82.26,-0.7399999999999949,,0.0,82.26,-0.7399999999999949,Madden 27 baseline
D.J. Reed,DET,CB,DB,83.0,83.47,0.46999999999999886,,0.0,83.47,0.46999999999999886,Madden 27 baseline
Jourdan Lewis,JAX,CB,DB,83.0,83.57,0.5699999999999932,,0.0,83.57,0.5699999999999932,Madden 27 baseline
Travis Hunter,JAX,CB,DB,83.0,83.43,0.4300000000000068,,0.0,83.43,0.4300000000000068,Madden 27 baseline
Kam Curl,LA,SS,DB,83.0,81.79,-1.2099999999999937,,0.0,81.79,-1.2099999999999937,Madden 27 baseline
Taron Johnson,LV,CB,DB,83.0,83.54,0.5400000000000063,,0.0,83.54,0.5400000000000063,Madden 27 baseline
Craig Woodson,NE,SS,DB,83.0,82.25,-0.75,,0.0,82.25,-0.75,Madden 27 baseline
Jevon Holland,NYG,FS,DB,83.0,82.89,-0.10999999999999943,,0.0,82.89,-0.10999999999999943,Madden 27 baseline
Grant Delpit,CLE,SS,DB,82.0,81.8,-0.20000000000000284,,0.0,81.8,-0.20000000000000284,Madden 27 baseline
Caleb Downs,DAL,SS,DB,82.0,81.42,-0.5799999999999983,,0.0,81.42,-0.5799999999999983,Madden 27 baseline
Quentin Lake,LA,SS,DB,82.0,81.55,-0.45000000000000284,,0.0,81.55,-0.45000000000000284,Madden 27 baseline
Donte Jackson,LAC,CB,DB,82.0,82.3,0.29999999999999716,,0.0,82.3,0.29999999999999716,Madden 27 baseline
Jeremy Chinn,LV,SS,DB,82.0,81.1,-0.9000000000000057,,0.0,81.1,-0.9000000000000057,Madden 27 baseline
Josh Metellus,MIN,SS,DB,82.0,80.45,-1.5499999999999972,,0.0,80.45,-1.5499999999999972,Madden 27 baseline
Marcus Jones,NE,CB,DB,82.0,82.31,0.3100000000000023,,0.0,82.31,0.3100000000000023,Madden 27 baseline
Riq Woolen,PHI,CB,DB,82.0,82.31,0.3100000000000023,,0.0,82.31,0.3100000000000023,Madden 27 baseline
Nate Wiggins,BAL,CB,DB,81.0,80.9,-0.09999999999999432,,0.0,80.9,-0.09999999999999432,Madden 27 baseline
Tre'von Moehrig,CAR,FS,DB,81.0,80.24,-0.7600000000000051,,0.0,80.24,-0.7600000000000051,Madden 27 baseline
Cobie Durant,DAL,CB,DB,81.0,81.31,0.3100000000000023,,0.0,81.31,0.3100000000000023,Madden 27 baseline
Cam Taylor-Britt,IND,CB,DB,81.0,81.31,0.3100000000000023,,0.0,81.31,0.3100000000000023,Madden 27 baseline
Antonio Johnson,JAX,SS,DB,81.0,80.89,-0.10999999999999943,,0.0,80.89,-0.10999999999999943,Madden 27 baseline
Kamren Kinchens,LA,FS,DB,81.0,81.01,0.010000000000005116,,0.0,81.01,0.010000000000005116,Madden 27 baseline
Isaiah Rodgers Sr,MIN,CB,DB,81.0,80.97,-0.030000000000001137,,0.0,80.97,-0.030000000000001137,Madden 27 baseline
Jaquan Brisker,PIT,SS,DB,81.0,79.93,-1.0699999999999932,,0.0,79.93,-1.0699999999999932,Madden 27 baseline
Deommodore Lenoir,SF,CB,DB,81.0,81.32,0.3199999999999932,,0.0,81.32,0.3199999999999932,Madden 27 baseline
Zyon McCollum,TB,CB,DB,81.0,81.17,0.1700000000000017,,0.0,81.17,0.1700000000000017,Madden 27 baseline
Cor'Dale Flott,TEN,CB,DB,81.0,81.16,0.1599999999999966,,0.0,81.16,0.1599999999999966,Madden 27 baseline
Nick Cross,WAS,SS,DB,81.0,80.47,-0.5300000000000011,,0.0,80.47,-0.5300000000000011,Madden 27 baseline
Cole Bishop,BUF,FS,DB,80.0,79.79,-0.20999999999999375,,0.0,79.79,-0.20999999999999375,Madden 27 baseline
Mike Jackson,CAR,CB,DB,80.0,80.8,0.7999999999999972,,0.0,80.8,0.7999999999999972,Madden 27 baseline
Bryan Cook,CIN,FS,DB,80.0,78.98,-1.019999999999996,,0.0,78.98,-1.019999999999996,Madden 27 baseline
L'Jarius Sneed,KC,CB,DB,80.0,80.66,0.6599999999999966,,0.0,80.66,0.6599999999999966,Madden 27 baseline
Tarheeb Still,LAC,CB,DB,80.0,80.75,0.75,,0.0,80.75,0.75,Madden 27 baseline
Tony Jefferson,LAC,SS,DB,80.0,79.8,-0.20000000000000284,,0.0,79.8,-0.20000000000000284,Madden 27 baseline
DeShon Elliott,PIT,SS,DB,80.0,79.05,-0.9500000000000028,,0.0,79.05,-0.9500000000000028,Madden 27 baseline
Xavier Watts,ATL,SS,DB,79.0,78.86,-0.14000000000000057,,0.0,78.86,-0.14000000000000057,Madden 27 baseline
Geno Stone,BUF,FS,DB,79.0,78.98,-0.01999999999999602,,0.0,78.98,-0.01999999999999602,Madden 27 baseline
Tyson Campbell,CLE,CB,DB,79.0,79.59,0.5900000000000034,,0.0,79.59,0.5900000000000034,Madden 27 baseline
Ja'Quan McMillian,DEN,CB,DB,79.0,80.05,1.0499999999999972,,0.0,80.05,1.0499999999999972,Madden 27 baseline
Reed Blankenship,HOU,SS,DB,79.0,78.41,-0.5900000000000034,,0.0,78.41,-0.5900000000000034,Madden 27 baseline
Mansoor Delane,KC,CB,DB,79.0,79.49,0.4899999999999949,,0.0,79.49,0.4899999999999949,Madden 27 baseline
Alohi Gilman,KC,FS,DB,79.0,78.82,-0.18000000000000682,,0.0,78.82,-0.18000000000000682,Madden 27 baseline
Jaylen Watson,LA,CB,DB,79.0,79.53,0.5300000000000011,,0.0,79.53,0.5300000000000011,Madden 27 baseline
Elijah Molden,LAC,FS,DB,79.0,79.05,0.04999999999999716,,0.0,79.05,0.04999999999999716,Madden 27 baseline
Greg Newsome II,NYG,CB,DB,79.0,79.8,0.7999999999999972,,0.0,79.8,0.7999999999999972,Madden 27 baseline
Paulson Adebo,NYG,CB,DB,79.0,79.69,0.6899999999999977,,0.0,79.69,0.6899999999999977,Madden 27 baseline
Jacob Parrish,TB,CB,DB,79.0,79.57,0.5699999999999932,,0.0,79.57,0.5699999999999932,Madden 27 baseline
Tykee Smith,TB,SS,DB,79.0,79.1,0.09999999999999432,,0.0,79.1,0.09999999999999432,Madden 27 baseline
Alontae Taylor,TEN,CB,DB,79.0,79.27,0.269999999999996,,0.0,79.27,0.269999999999996,Madden 27 baseline
Garrett Williams,ARI,CB,DB,78.0,79.18,1.1800000000000068,,0.0,79.18,1.1800000000000068,Madden 27 baseline
Malaki Starks,BAL,FS,DB,78.0,78.21,0.20999999999999375,,0.0,78.21,0.20999999999999375,Madden 27 baseline
Jaylinn Hawkins,BAL,FS,DB,78.0,78.01,0.010000000000005116,,0.0,78.01,0.010000000000005116,Madden 27 baseline
Maxwell Hairston,BUF,CB,DB,78.0,78.55,0.5499999999999972,,0.0,78.55,0.5499999999999972,Madden 27 baseline
Dax Hill,CIN,CB,DB,78.0,78.52,0.519999999999996,,0.0,78.52,0.519999999999996,Madden 27 baseline
Malik Hooker,DAL,FS,DB,78.0,77.71,-0.29000000000000625,,0.0,77.71,-0.29000000000000625,Madden 27 baseline
Chuck Clark,DET,FS,DB,78.0,77.8,-0.20000000000000284,,0.0,77.8,-0.20000000000000284,Madden 27 baseline
Keisean Nixon,GB,CB,DB,78.0,78.52,0.519999999999996,,0.0,78.52,0.519999999999996,Madden 27 baseline
Jarrian Jones,JAX,CB,DB,78.0,78.46,0.45999999999999375,,0.0,78.46,0.45999999999999375,Madden 27 baseline
Julian Blackmon,NO,SS,DB,78.0,77.92,-0.0799999999999983,,0.0,77.92,-0.0799999999999983,Madden 27 baseline
Dru Phillips,NYG,CB,DB,78.0,78.62,0.6200000000000045,,0.0,78.62,0.6200000000000045,Madden 27 baseline
Amani Hooker,TEN,SS,DB,78.0,78.02,0.01999999999999602,,0.0,78.02,0.01999999999999602,Madden 27 baseline
Sean Murphy-Bunting,ARI,CB,DB,77.0,78.13,1.1299999999999955,,0.0,78.13,1.1299999999999955,Madden 27 baseline
Will Johnson,ARI,CB,DB,77.0,78.12,1.1200000000000045,,0.0,78.12,1.1200000000000045,Madden 27 baseline
Coby Bryant,CHI,FS,DB,77.0,77.84,0.8400000000000034,,0.0,77.84,0.8400000000000034,Madden 27 baseline
Dillon Thieneman,CHI,SS,DB,77.0,77.05,0.04999999999999716,,0.0,77.05,0.04999999999999716,Madden 27 baseline
Kyle Dugger,CIN,SS,DB,77.0,77.05,0.04999999999999716,,0.0,77.05,0.04999999999999716,Madden 27 baseline
Riley Moss,DEN,CB,DB,77.0,77.71,0.7099999999999937,,0.0,77.71,0.7099999999999937,Madden 27 baseline
Benjamin St-Juste,GB,CB,DB,77.0,77.95,0.9500000000000028,,0.0,77.95,0.9500000000000028,Madden 27 baseline
Carrington Valentine,GB,CB,DB,77.0,77.7,0.7000000000000028,,0.0,77.7,0.7000000000000028,Madden 27 baseline
Kristian Fulton,KC,CB,DB,77.0,78.29,1.2900000000000063,,0.0,78.29,1.2900000000000063,Madden 27 baseline
Eric Stokes,LV,CB,DB,77.0,77.73,0.730000000000004,,0.0,77.73,0.730000000000004,Madden 27 baseline
James Pierre,MIN,CB,DB,77.0,77.9,0.9000000000000057,,0.0,77.9,0.9000000000000057,Madden 27 baseline
Jonas Sanker,NO,SS,DB,77.0,77.24,0.23999999999999488,,0.0,77.24,0.23999999999999488,Madden 27 baseline
Andre Cisco,NYJ,FS,DB,77.0,77.55,0.5499999999999972,,0.0,77.55,0.5499999999999972,Madden 27 baseline
Rayshawn Jenkins,PIT,FS,DB,77.0,76.6,-0.4000000000000057,,0.0,76.6,-0.4000000000000057,Madden 27 baseline
Josh Jobe,SEA,CB,DB,77.0,77.7,0.7000000000000028,,0.0,77.7,0.7000000000000028,Madden 27 baseline
Renardo Green,SF,CB,DB,77.0,77.67,0.6700000000000017,,0.0,77.67,0.6700000000000017,Madden 27 baseline
Rasul Douglas,WAS,CB,DB,77.0,78.42,1.4200000000000017,,0.0,78.42,1.4200000000000017,Madden 27 baseline
Amik Robertson,WAS,CB,DB,77.0,78.23,1.230000000000004,,0.0,78.23,1.230000000000004,Madden 27 baseline
Ahkello Witherspoon,WAS,CB,DB,77.0,78.13,1.1299999999999955,,0.0,78.13,1.1299999999999955,Madden 27 baseline
Trey Amos,WAS,CB,DB,77.0,77.9,0.9000000000000057,,0.0,77.9,0.9000000000000057,Madden 27 baseline
Mike Sainristil,WAS,CB,DB,77.0,77.57,0.5699999999999932,,0.0,77.57,0.5699999999999932,Madden 27 baseline
Quan Martin,WAS,FS,DB,77.0,77.31,0.3100000000000023,,0.0,77.31,0.3100000000000023,Madden 27 baseline
Andrew Wingard,ARI,FS,DB,76.0,76.05,0.04999999999999716,,0.0,76.05,0.04999999999999716,Madden 27 baseline
Dee Alford,BUF,CB,DB,76.0,76.89,0.8900000000000006,,0.0,76.89,0.8900000000000006,Madden 27 baseline
Tyrique Stevenson,CHI,CB,DB,76.0,76.74,0.7399999999999949,,0.0,76.74,0.7399999999999949,Madden 27 baseline
Jordan Battle,CIN,SS,DB,76.0,76.16,0.1599999999999966,,0.0,76.16,0.1599999999999966,Madden 27 baseline
Mekhi Blackmon,CLE,CB,DB,76.0,76.69,0.6899999999999977,,0.0,76.69,0.6899999999999977,Madden 27 baseline
Ronnie Hickman,CLE,FS,DB,76.0,76.38,0.37999999999999545,,0.0,76.38,0.37999999999999545,Madden 27 baseline
Roger McCreary,DET,CB,DB,76.0,77.14,1.1400000000000006,,0.0,77.14,1.1400000000000006,Madden 27 baseline
Javon Bullard,GB,SS,DB,76.0,76.57,0.5699999999999932,,0.0,76.57,0.5699999999999932,Madden 27 baseline
Evan Williams,GB,FS,DB,76.0,76.19,0.18999999999999773,,0.0,76.19,0.18999999999999773,Madden 27 baseline
Kader Kohou,KC,CB,DB,76.0,76.76,0.7600000000000051,,0.0,76.76,0.7600000000000051,Madden 27 baseline
Chamarri Conner,KC,FS,DB,76.0,76.47,0.46999999999999886,,0.0,76.47,0.46999999999999886,Madden 27 baseline
Treydan Stukes,LV,FS,DB,76.0,76.22,0.21999999999999886,,0.0,76.22,0.21999999999999886,Madden 27 baseline
Chris Johnson,MIA,CB,DB,76.0,77.06,1.0600000000000023,,0.0,77.06,1.0600000000000023,Madden 27 baseline
Kool-Aid McKinstry,NO,CB,DB,76.0,76.92,0.9200000000000017,,0.0,76.92,0.9200000000000017,Madden 27 baseline
Brandon Stephens,NYJ,CB,DB,76.0,77.1,1.0999999999999943,,0.0,77.1,1.0999999999999943,Madden 27 baseline
Dane Belton,NYJ,SS,DB,76.0,76.17,0.1700000000000017,,0.0,76.17,0.1700000000000017,Madden 27 baseline
Asante Samuel Jr,PIT,CB,DB,76.0,77.23,1.230000000000004,,0.0,77.23,1.230000000000004,Madden 27 baseline
Nate Hobbs,SF,CB,DB,76.0,77.03,1.0300000000000011,,0.0,77.03,1.0300000000000011,Madden 27 baseline
Jack Jones,SF,CB,DB,76.0,76.79,0.7900000000000063,,0.0,76.79,0.7900000000000063,Madden 27 baseline
Mike Hughes,ATL,CB,DB,75.0,76.58,1.5799999999999983,,0.0,76.58,1.5799999999999983,Madden 27 baseline
Avieon Terrell,ATL,CB,DB,75.0,75.78,0.7800000000000011,,0.0,75.78,0.7800000000000011,Madden 27 baseline
C.J. Gardner-Johnson,BUF,SS,DB,75.0,75.96,0.9599999999999937,,0.0,75.96,0.9599999999999937,Madden 27 baseline
Nick Scott,CAR,SS,DB,75.0,75.19,0.18999999999999773,,0.0,75.19,0.18999999999999773,Madden 27 baseline
Clark Phillips III,CHI,CB,DB,75.0,76.11,1.1099999999999994,,0.0,76.11,1.1099999999999994,Madden 27 baseline
Emmanuel McNeil-Warren,CLE,FS,DB,75.0,75.01,0.010000000000005116,,0.0,75.01,0.010000000000005116,Madden 27 baseline
Jahdae Barron,DEN,CB,DB,75.0,76.04,1.0400000000000063,,0.0,76.04,1.0400000000000063,Madden 27 baseline
Emmanuel Forbes Jr,LA,CB,DB,75.0,75.83,0.8299999999999983,,0.0,75.83,0.8299999999999983,Madden 27 baseline
Martin Emerson Jr,NO,CB,DB,75.0,76.39,1.3900000000000006,,0.0,76.39,1.3900000000000006,Madden 27 baseline
Ar'Darius Washington,NYG,CB,DB,75.0,76.24,1.2399999999999949,,0.0,76.24,1.2399999999999949,Madden 27 baseline
Tyler Nubin,NYG,SS,DB,75.0,76.08,1.0799999999999983,,0.0,76.08,1.0799999999999983,Madden 27 baseline
Colton Hood,NYG,CB,DB,75.0,75.67,0.6700000000000017,,0.0,75.67,0.6700000000000017,Madden 27 baseline
Deonte Banks,NYG,CB,DB,75.0,75.53,0.5300000000000011,,0.0,75.53,0.5300000000000011,Madden 27 baseline
Nahshon Wright,NYJ,CB,DB,75.0,76.35,1.3499999999999943,,0.0,76.35,1.3499999999999943,Madden 27 baseline
Jarvis Brownlee Jr,NYJ,CB,DB,75.0,75.95,0.9500000000000028,,0.0,75.95,0.9500000000000028,Madden 27 baseline
D'Angelo Ponds,NYJ,CB,DB,75.0,75.78,0.7800000000000011,,0.0,75.78,0.7800000000000011,Madden 27 baseline
Marcus Epps,PHI,SS,DB,75.0,75.06,0.060000000000002274,,0.0,75.06,0.060000000000002274,Madden 27 baseline
Brandin Echols,PIT,CB,DB,75.0,75.77,0.769999999999996,,0.0,75.77,0.769999999999996,Madden 27 baseline
Ty Okada,SEA,FS,DB,75.0,75.32,0.3199999999999932,,0.0,75.32,0.3199999999999932,Madden 27 baseline
Bud Clark,SEA,FS,DB,75.0,75.28,0.28000000000000114,,0.0,75.28,0.28000000000000114,Madden 27 baseline
Upton Stout,SF,CB,DB,75.0,75.97,0.9699999999999989,,0.0,75.97,0.9699999999999989,Madden 27 baseline
Benjamin Morrison,TB,CB,DB,75.0,75.94,0.9399999999999977,,0.0,75.94,0.9399999999999977,Madden 27 baseline
Joshua Williams,TEN,CB,DB,75.0,75.88,0.8799999999999955,,0.0,75.88,0.8799999999999955,Madden 27 baseline
Tony Adams,TEN,SS,DB,75.0,75.7,0.7000000000000028,,0.0,75.7,0.7000000000000028,Madden 27 baseline
Max Melton,ARI,CB,DB,74.0,75.28,1.2800000000000011,,0.0,75.28,1.2800000000000011,Madden 27 baseline
Kei'Trel Clark,ARI,CB,DB,74.0,74.94,0.9399999999999977,,0.0,74.94,0.9399999999999977,Madden 27 baseline
Davison Igbinosun,BUF,CB,DB,74.0,74.92,0.9200000000000017,,0.0,74.92,0.9200000000000017,Madden 27 baseline
Cam Lewis,CHI,SS,DB,74.0,75.08,1.0799999999999983,,0.0,75.08,1.0799999999999983,Madden 27 baseline
Derion Kendrick,DAL,CB,DB,74.0,75.81,1.8100000000000023,,0.0,75.81,1.8100000000000023,Madden 27 baseline
P.J. Locke,DAL,SS,DB,74.0,74.35,0.3499999999999943,,0.0,74.35,0.3499999999999943,Madden 27 baseline
Christian Izien,DET,SS,DB,74.0,74.75,0.75,,0.0,74.75,0.75,Madden 27 baseline
A.J. Haulcy,IND,SS,DB,74.0,74.78,0.7800000000000011,,0.0,74.78,0.7800000000000011,Madden 27 baseline
Montaric Brown,JAX,CB,DB,74.0,75.4,1.4000000000000057,,0.0,75.4,1.4000000000000057,Madden 27 baseline
Eric Murray,JAX,FS,DB,74.0,74.7,0.7000000000000028,,0.0,74.7,0.7000000000000028,Madden 27 baseline
Nohl Williams,KC,CB,DB,74.0,75.52,1.519999999999996,,0.0,75.52,1.519999999999996,Madden 27 baseline
Jermod McCoy,LV,CB,DB,74.0,75.0,1.0,,0.0,75.0,1.0,Madden 27 baseline
Darien Porter,LV,CB,DB,74.0,74.97,0.9699999999999989,,0.0,74.97,0.9699999999999989,Madden 27 baseline
Darrell Baker Jr,MIA,CB,DB,74.0,74.94,0.9399999999999977,,0.0,74.94,0.9399999999999977,Madden 27 baseline
Jordan Howden,NO,FS,DB,74.0,74.34,0.3400000000000034,,0.0,74.34,0.3400000000000034,Madden 27 baseline
Azareye'h Thomas,NYJ,CB,DB,74.0,75.53,1.5300000000000011,,0.0,75.53,1.5300000000000011,Madden 27 baseline
Michael Carter II,PHI,SS,DB,74.0,75.52,1.519999999999996,,0.0,75.52,1.519999999999996,Madden 27 baseline
Andrew Mukuba,PHI,FS,DB,74.0,74.32,0.3199999999999932,,0.0,74.32,0.3199999999999932,Madden 27 baseline
Ji'Ayir Brown,SF,SS,DB,74.0,74.97,0.9699999999999989,,0.0,74.97,0.9699999999999989,Madden 27 baseline
Malik Mustapha,SF,FS,DB,74.0,74.06,0.060000000000002274,,0.0,74.06,0.060000000000002274,Madden 27 baseline
Ifeatu Melifonwu,TB,SS,DB,74.0,74.69,0.6899999999999977,,0.0,74.69,0.6899999999999977,Madden 27 baseline
Starling Thomas V,ARI,CB,DB,73.0,73.95,0.9500000000000028,,0.0,73.95,0.9500000000000028,Madden 27 baseline
Billy Bowman Jr,ATL,CB,DB,73.0,74.03,1.0300000000000011,,0.0,74.03,1.0300000000000011,Madden 27 baseline
Damar Hamlin,BUF,SS,DB,73.0,73.08,0.0799999999999983,,0.0,73.08,0.0799999999999983,Madden 27 baseline
Chau Smith-Wade,CAR,CB,DB,73.0,73.99,0.9899999999999949,,0.0,73.99,0.9899999999999949,Madden 27 baseline
Isaiah Simmons,CAR,FS,DB,73.0,73.5,0.5,,0.0,73.5,0.5,Madden 27 baseline
Kris Abrams-Draine,DEN,CB,DB,73.0,74.07,1.0699999999999932,,0.0,74.07,1.0699999999999932,Madden 27 baseline
Avonte Maddox,DET,FS,DB,73.0,74.67,1.6700000000000017,,0.0,74.67,1.6700000000000017,Madden 27 baseline
Caleb Ransaw,JAX,FS,DB,73.0,73.45,0.45000000000000284,,0.0,73.45,0.45000000000000284,Madden 27 baseline
Jadon Canady,KC,SS,DB,73.0,73.83,0.8299999999999983,,0.0,73.83,0.8299999999999983,Madden 27 baseline
Jaden Hicks,KC,SS,DB,73.0,73.8,0.7999999999999972,,0.0,73.8,0.7999999999999972,Madden 27 baseline
Cam Hart,LAC,CB,DB,73.0,74.21,1.2099999999999937,,0.0,74.21,1.2099999999999937,Madden 27 baseline
Lonnie Johnson Jr,MIA,FS,DB,73.0,74.45,1.4500000000000028,,0.0,74.45,1.4500000000000028,Madden 27 baseline
Jakobe Thomas,MIN,SS,DB,73.0,73.87,0.8700000000000045,,0.0,73.87,0.8700000000000045,Madden 27 baseline
Quincy Riley,NO,CB,DB,73.0,74.62,1.6200000000000045,,0.0,74.62,1.6200000000000045,Madden 27 baseline
Jason Pinnock,NYG,SS,DB,73.0,74.15,1.1500000000000057,,0.0,74.15,1.1500000000000057,Madden 27 baseline
Kelee Ringo,PHI,CB,DB,73.0,74.01,1.0100000000000051,,0.0,74.01,1.0100000000000051,Madden 27 baseline
Jakorian Bennett,PHI,CB,DB,73.0,73.6,0.5999999999999943,,0.0,73.6,0.5999999999999943,Madden 27 baseline
Ashtyn Davis,SF,FS,DB,73.0,74.05,1.0499999999999972,,0.0,74.05,1.0499999999999972,Madden 27 baseline
Marques Sigle,SF,SS,DB,73.0,73.45,0.45000000000000284,,0.0,73.45,0.45000000000000284,Madden 27 baseline
Keionte Scott,TB,CB,DB,73.0,73.96,0.9599999999999937,,0.0,73.96,0.9599999999999937,Madden 27 baseline
Jaylon Jones,TEN,CB,DB,73.0,74.32,1.3199999999999932,,0.0,74.32,1.3199999999999932,Madden 27 baseline
Jaylon Jones,TEN,CB,DB,73.0,74.32,1.3199999999999932,,0.0,74.32,1.3199999999999932,Madden 27 baseline
Kevin Winston Jr,TEN,FS,DB,73.0,73.1,0.09999999999999432,,0.0,73.1,0.09999999999999432,Madden 27 baseline
Jeremy Reaves,WAS,SS,DB,73.0,73.26,0.2600000000000051,,0.0,73.26,0.2600000000000051,Madden 27 baseline
Isaiah Oliver,ARI,SS,DB,72.0,73.55,1.5499999999999972,,0.0,73.55,1.5499999999999972,Madden 27 baseline
Dadrion Taylor-Demerson,ARI,FS,DB,72.0,72.99,0.9899999999999949,,0.0,72.99,0.9899999999999949,Madden 27 baseline
Mike Ford Jr,ATL,CB,DB,72.0,73.32,1.3199999999999932,,0.0,73.32,1.3199999999999932,Madden 27 baseline
Sydney Brown,ATL,SS,DB,72.0,72.9,0.9000000000000057,,0.0,72.9,0.9000000000000057,Madden 27 baseline
Shavon Revel Jr,DAL,CB,DB,72.0,72.97,0.9699999999999989,,0.0,72.97,0.9699999999999989,Madden 27 baseline
Markquese Bell,DAL,SS,DB,72.0,72.03,0.030000000000001137,,0.0,72.03,0.030000000000001137,Madden 27 baseline
Ennis Rakestraw Jr,DET,CB,DB,72.0,73.06,1.0600000000000023,,0.0,73.06,1.0600000000000023,Madden 27 baseline
Brandon Cisse,GB,CB,DB,72.0,72.89,0.8900000000000006,,0.0,72.89,0.8900000000000006,Madden 27 baseline
Ja'Marcus Ingram,HOU,CB,DB,72.0,73.13,1.1299999999999955,,0.0,73.13,1.1299999999999955,Madden 27 baseline
Kaiir Elam,KC,CB,DB,72.0,73.31,1.3100000000000023,,0.0,73.31,1.3100000000000023,Madden 27 baseline
Genesis Smith,LAC,SS,DB,72.0,72.77,0.769999999999996,,0.0,72.77,0.769999999999996,Madden 27 baseline
JuJu Brents,MIA,CB,DB,72.0,73.26,1.2600000000000051,,0.0,73.26,1.2600000000000051,Madden 27 baseline
Isaac Yiadom,NO,CB,DB,72.0,73.61,1.6099999999999994,,0.0,73.61,1.6099999999999994,Madden 27 baseline
Jonathan Jones,PHI,CB,DB,72.0,73.34,1.3400000000000034,,0.0,73.34,1.3400000000000034,Madden 27 baseline
Daylen Everette,PIT,CB,DB,72.0,72.97,0.9699999999999989,,0.0,72.97,0.9699999999999989,Madden 27 baseline
Nazeeh Johnson,TEN,CB,DB,72.0,73.13,1.1299999999999955,,0.0,73.13,1.1299999999999955,Madden 27 baseline
Antonio Hamilton Sr,WAS,CB,DB,72.0,73.37,1.3700000000000045,,0.0,73.37,1.3700000000000045,Madden 27 baseline
Will Harris,WAS,FS,DB,72.0,72.66,0.6599999999999966,,0.0,72.66,0.6599999999999966,Madden 27 baseline
Denzel Burke,ARI,CB,DB,71.0,72.62,1.6200000000000045,,0.0,72.62,1.6200000000000045,Madden 27 baseline
Elijah Jones,ARI,CB,DB,71.0,72.01,1.0100000000000051,,0.0,72.01,1.0100000000000051,Madden 27 baseline
Darnay Holmes,ATL,CB,DB,71.0,72.83,1.8299999999999983,,0.0,72.83,1.8299999999999983,Madden 27 baseline
Chandler Rivers,BAL,CB,DB,71.0,72.11,1.1099999999999994,,0.0,72.11,1.1099999999999994,Madden 27 baseline
K'Von Wallace,BAL,FS,DB,71.0,72.07,1.0699999999999932,,0.0,72.07,1.0699999999999932,Madden 27 baseline
Akayleb Evans,CAR,CB,DB,71.0,72.3,1.2999999999999972,,0.0,72.3,1.2999999999999972,Madden 27 baseline
Josh Newton,CIN,CB,DB,71.0,72.45,1.4500000000000028,,0.0,72.45,1.4500000000000028,Madden 27 baseline
Tacario Davis,CIN,CB,DB,71.0,72.21,1.2099999999999937,,0.0,72.21,1.2099999999999937,Madden 27 baseline
Ja'Sir Taylor,CIN,CB,DB,71.0,72.15,1.1500000000000057,,0.0,72.15,1.1500000000000057,Madden 27 baseline
Noah Igbinoghene,CLE,CB,DB,71.0,72.22,1.2199999999999989,,0.0,72.22,1.2199999999999989,Madden 27 baseline
Devin Moore,DAL,CB,DB,71.0,72.49,1.4899999999999949,,0.0,72.49,1.4899999999999949,Madden 27 baseline
Caelen Carson,DAL,CB,DB,71.0,72.36,1.3599999999999994,,0.0,72.36,1.3599999999999994,Madden 27 baseline
Rock Ya-Sin,DET,CB,DB,71.0,72.78,1.7800000000000011,,0.0,72.78,1.7800000000000011,Madden 27 baseline
Kamari Ramsey,HOU,FS,DB,71.0,71.81,0.8100000000000023,,0.0,71.81,0.8100000000000023,Madden 27 baseline
Justin Walley,IND,CB,DB,71.0,72.66,1.6599999999999966,,0.0,72.66,1.6599999999999966,Madden 27 baseline
Jonathan Owens,IND,FS,DB,71.0,71.64,0.6400000000000006,,0.0,71.64,0.6400000000000006,Madden 27 baseline
Isaiah Pola-Mao,LV,FS,DB,71.0,72.52,1.519999999999996,,0.0,72.52,1.519999999999996,Madden 27 baseline
Jay Ward,MIN,FS,DB,71.0,72.4,1.4000000000000057,,0.0,72.4,1.4000000000000057,Madden 27 baseline
Kindle Vildor,NE,CB,DB,71.0,72.67,1.6700000000000017,,0.0,72.67,1.6700000000000017,Madden 27 baseline
Tre Brown,NYJ,CB,DB,71.0,72.29,1.2900000000000063,,0.0,72.29,1.2900000000000063,Madden 27 baseline
Samuel Womack III,NYJ,CB,DB,71.0,72.23,1.230000000000004,,0.0,72.23,1.230000000000004,Madden 27 baseline
Malachi Moore,NYJ,FS,DB,71.0,71.98,0.980000000000004,,0.0,71.98,0.980000000000004,Madden 27 baseline
Mac McWilliams,PHI,CB,DB,71.0,72.47,1.4699999999999989,,0.0,72.47,1.4699999999999989,Madden 27 baseline
Ambry Thomas,PHI,CB,DB,71.0,72.23,1.230000000000004,,0.0,72.23,1.230000000000004,Madden 27 baseline
Julian Neal,SEA,CB,DB,71.0,72.58,1.5799999999999983,,0.0,72.58,1.5799999999999983,Madden 27 baseline
Darrick Forrest,SF,FS,DB,71.0,71.65,0.6500000000000057,,0.0,71.65,0.6500000000000057,Madden 27 baseline
Terrell Burgess,TEN,FS,DB,71.0,72.16,1.1599999999999966,,0.0,72.16,1.1599999999999966,Madden 27 baseline
Marcus Harris,TEN,CB,DB,71.0,71.94,0.9399999999999977,,0.0,71.94,0.9399999999999977,Madden 27 baseline
Marcus Harris,TEN,CB,DB,71.0,71.94,0.9399999999999977,,0.0,71.94,0.9399999999999977,Madden 27 baseline
C.J. Henderson,ATL,CB,DB,70.0,71.58,1.5799999999999983,,0.0,71.58,1.5799999999999983,Madden 27 baseline
T.J. Tampa,BAL,CB,DB,70.0,71.77,1.769999999999996,,0.0,71.77,1.769999999999996,Madden 27 baseline
Jordan Hancock,BUF,SS,DB,70.0,71.06,1.0600000000000023,,0.0,71.06,1.0600000000000023,Madden 27 baseline
Will Lee III,CAR,CB,DB,70.0,71.23,1.230000000000004,,0.0,71.23,1.230000000000004,Madden 27 baseline
Lathan Ransom,CAR,SS,DB,70.0,70.67,0.6700000000000017,,0.0,70.67,0.6700000000000017,Madden 27 baseline
Malik Muhammad,CHI,CB,DB,70.0,71.19,1.1899999999999977,,0.0,71.19,1.1899999999999977,Madden 27 baseline
Damarri Mathis,CLE,CB,DB,70.0,71.65,1.6500000000000057,,0.0,71.65,1.6500000000000057,Madden 27 baseline
Thomas Harper,DET,SS,DB,70.0,70.95,0.9500000000000028,,0.0,70.95,0.9500000000000028,Madden 27 baseline
Jaylin Smith,HOU,CB,DB,70.0,71.67,1.6700000000000017,,0.0,71.67,1.6700000000000017,Madden 27 baseline
M.J. Stewart Jr,HOU,SS,DB,70.0,71.6,1.5999999999999943,,0.0,71.6,1.5999999999999943,Madden 27 baseline
Corey Ballentine,JAX,CB,DB,70.0,71.56,1.5600000000000023,,0.0,71.56,1.5600000000000023,Madden 27 baseline
Jalen Huskey,JAX,FS,DB,70.0,71.1,1.0999999999999943,,0.0,71.1,1.0999999999999943,Madden 27 baseline
R.J. Mickens,LAC,FS,DB,70.0,71.07,1.0699999999999932,,0.0,71.07,1.0699999999999932,Madden 27 baseline
Alex Austin,MIA,CB,DB,70.0,71.96,1.9599999999999937,,0.0,71.96,1.9599999999999937,Madden 27 baseline
Michael Taaffe,MIA,FS,DB,70.0,71.19,1.1899999999999977,,0.0,71.19,1.1899999999999977,Madden 27 baseline
Theo Jackson,MIN,FS,DB,70.0,70.83,0.8299999999999983,,0.0,70.83,0.8299999999999983,Madden 27 baseline
Ephesians Prysock,SF,CB,DB,70.0,71.35,1.3499999999999943,,0.0,71.35,1.3499999999999943,Madden 27 baseline
Percy Butler,WAS,FS,DB,70.0,71.32,1.3199999999999932,,0.0,71.32,1.3199999999999932,Madden 27 baseline
DeMarcco Hellams,ATL,FS,DB,69.0,69.86,0.8599999999999994,,0.0,69.86,0.8599999999999994,Madden 27 baseline
Robert Longerbeam,BAL,CB,DB,69.0,70.43,1.4300000000000068,,0.0,70.43,1.4300000000000068,Madden 27 baseline
Bilhal Kone,BAL,CB,DB,69.0,70.41,1.4099999999999966,,0.0,70.41,1.4099999999999966,Madden 27 baseline
Zakee Wheatley,CAR,FS,DB,69.0,70.6,1.5999999999999943,,0.0,70.6,1.5999999999999943,Madden 27 baseline
Terell Smith,CHI,CB,DB,69.0,70.31,1.3100000000000023,,0.0,70.31,1.3100000000000023,Madden 27 baseline
Jaylen McCollough,LA,SS,DB,69.0,70.6,1.5999999999999943,,0.0,70.6,1.5999999999999943,Madden 27 baseline
Darrell Luter Jr,LV,CB,DB,69.0,70.47,1.4699999999999989,,0.0,70.47,1.4699999999999989,Madden 27 baseline
Marco Wilson,MIA,CB,DB,69.0,70.51,1.5100000000000051,,0.0,70.51,1.5100000000000051,Madden 27 baseline
Jason Marshall Jr,MIA,CB,DB,69.0,70.46,1.4599999999999937,,0.0,70.46,1.4599999999999937,Madden 27 baseline
Tavierre Thomas,MIN,FS,DB,69.0,70.78,1.7800000000000011,,0.0,70.78,1.7800000000000011,Madden 27 baseline
Charles Demmings,MIN,CB,DB,69.0,70.09,1.0900000000000034,,0.0,70.09,1.0900000000000034,Madden 27 baseline
Dell Pettus,NE,SS,DB,69.0,70.05,1.0499999999999972,,0.0,70.05,1.0499999999999972,Madden 27 baseline
Decamerion Richardson,NO,CB,DB,69.0,69.83,0.8299999999999983,,0.0,69.83,0.8299999999999983,Madden 27 baseline
Nehemiah Pritchett,SEA,CB,DB,69.0,70.52,1.519999999999996,,0.0,70.52,1.519999999999996,Madden 27 baseline
Rodney Thomas II,SEA,SS,DB,69.0,70.47,1.4699999999999989,,0.0,70.47,1.4699999999999989,Madden 27 baseline
Josh Hayes,TB,CB,DB,69.0,70.62,1.6200000000000045,,0.0,70.62,1.6200000000000045,Madden 27 baseline
Jaylon Jones,TEN,CB,DB,69.0,70.32,1.3199999999999932,,0.0,70.32,1.3199999999999932,Madden 27 baseline
Jaylon Jones,TEN,CB,DB,69.0,70.32,1.3199999999999932,,0.0,70.32,1.3199999999999932,Madden 27 baseline
Darius Rush,WAS,CB,DB,69.0,70.51,1.5100000000000051,,0.0,70.51,1.5100000000000051,Madden 27 baseline
Jammie Robinson,ATL,SS,DB,68.0,68.96,0.9599999999999937,,0.0,68.96,0.9599999999999937,Madden 27 baseline
Sam Franklin Jr,BUF,FS,DB,68.0,69.34,1.3400000000000034,,0.0,69.34,1.3400000000000034,Madden 27 baseline
Robert Rochell,CAR,CB,DB,68.0,69.66,1.6599999999999966,,0.0,69.66,1.6599999999999966,Madden 27 baseline
Elijah Hicks,CHI,FS,DB,68.0,69.4,1.4000000000000057,,0.0,69.4,1.4000000000000057,Madden 27 baseline
Russ Yeast,CIN,FS,DB,68.0,69.51,1.5100000000000051,,0.0,69.51,1.5100000000000051,Madden 27 baseline
Myles Bryant,CLE,SS,DB,68.0,69.55,1.5499999999999972,,0.0,69.55,1.5499999999999972,Madden 27 baseline
Myles Harden,CLE,CB,DB,68.0,69.32,1.3199999999999932,,0.0,69.32,1.3199999999999932,Madden 27 baseline
Trikweze Bridges,DAL,CB,DB,68.0,69.54,1.5400000000000063,,0.0,69.54,1.5400000000000063,Madden 27 baseline
Josh Butler,DAL,CB,DB,68.0,69.52,1.519999999999996,,0.0,69.52,1.519999999999996,Madden 27 baseline
Keith Abney II,DET,CB,DB,68.0,69.72,1.7199999999999989,,0.0,69.72,1.7199999999999989,Madden 27 baseline
Tremon Smith,HOU,CB,DB,68.0,69.78,1.7800000000000011,,0.0,69.78,1.7800000000000011,Madden 27 baseline
Daniel Scott,IND,FS,DB,68.0,69.68,1.6800000000000068,,0.0,69.68,1.6800000000000068,Madden 27 baseline
Hezekiah Masses,LV,CB,DB,68.0,69.66,1.6599999999999966,,0.0,69.66,1.6599999999999966,Madden 27 baseline
Dalton Johnson,LV,SS,DB,68.0,69.23,1.230000000000004,,0.0,69.23,1.230000000000004,Madden 27 baseline
Karon Prunty,NE,CB,DB,68.0,69.6,1.5999999999999943,,0.0,69.6,1.5999999999999943,Madden 27 baseline
Jaylen Reed,NE,FS,DB,68.0,69.28,1.2800000000000011,,0.0,69.28,1.2800000000000011,Madden 27 baseline
Korie Black,NYG,CB,DB,68.0,69.55,1.5499999999999972,,0.0,69.55,1.5499999999999972,Madden 27 baseline
Qwan'tez Stiggers,NYJ,CB,DB,68.0,69.44,1.4399999999999977,,0.0,69.44,1.4399999999999977,Madden 27 baseline
Donte Kent,PIT,CB,DB,68.0,69.35,1.3499999999999943,,0.0,69.35,1.3499999999999943,Madden 27 baseline
Amani Oruwariye,BAL,CB,DB,67.0,69.52,2.519999999999996,,0.0,69.52,2.519999999999996,Madden 27 baseline
Jalon Kilgore,BUF,SS,DB,67.0,68.55,1.5499999999999972,,0.0,68.55,1.5499999999999972,Madden 27 baseline
DJ Ivey,CIN,CB,DB,67.0,68.69,1.6899999999999977,,0.0,68.69,1.6899999999999977,Madden 27 baseline
Toriano Pride Jr.,CLE,CB,DB,67.0,68.42,1.4200000000000017,,0.0,68.42,1.4200000000000017,Madden 27 baseline
Kamal Hadden,GB,CB,DB,67.0,68.81,1.8100000000000023,,0.0,68.81,1.8100000000000023,Madden 27 baseline
Domani Jackson,GB,CB,DB,67.0,68.69,1.6899999999999977,,0.0,68.69,1.6899999999999977,Madden 27 baseline
Shemar Bartholomew,GB,CB,DB,67.0,68.59,1.5900000000000034,,0.0,68.59,1.5900000000000034,Madden 27 baseline
Kitan Oladapo,GB,SS,DB,67.0,68.0,1.0,,0.0,68.0,1.0,Madden 27 baseline
Johnathan Edwards,IND,CB,DB,67.0,68.39,1.3900000000000006,,0.0,68.39,1.3900000000000006,Madden 27 baseline
Chris Roland-Wallace,KC,FS,DB,67.0,68.93,1.9300000000000068,,0.0,68.93,1.9300000000000068,Madden 27 baseline
Josh Wallace,LA,CB,DB,67.0,68.88,1.8799999999999955,,0.0,68.88,1.8799999999999955,Madden 27 baseline
Deane Leonard,LAC,CB,DB,67.0,68.32,1.3199999999999932,,0.0,68.32,1.3199999999999932,Madden 27 baseline
A.J. Green III,MIA,CB,DB,67.0,69.11,2.1099999999999994,,0.0,69.11,2.1099999999999994,Madden 27 baseline
Ethan Bonner,MIA,CB,DB,67.0,68.54,1.5400000000000063,,0.0,68.54,1.5400000000000063,Madden 27 baseline
Dante Trader Jr,MIA,SS,DB,67.0,68.47,1.4699999999999989,,0.0,68.47,1.4699999999999989,Madden 27 baseline
Michael Dansby,SEA,CB,DB,67.0,68.77,1.769999999999996,,0.0,68.77,1.769999999999996,Madden 27 baseline
D'Anthony Bell,SEA,FS,DB,67.0,68.61,1.6099999999999994,,0.0,68.61,1.6099999999999994,Madden 27 baseline
Andre Fuller,SEA,CB,DB,67.0,68.54,1.5400000000000063,,0.0,68.54,1.5400000000000063,Madden 27 baseline
Miles Killebrew,TB,SS,DB,67.0,67.56,0.5600000000000023,,0.0,67.56,0.5600000000000023,Madden 27 baseline
Micah Robinson,TEN,CB,DB,67.0,68.49,1.4899999999999949,,0.0,68.49,1.4899999999999949,Madden 27 baseline
Kitan Crawford,ARI,SS,DB,66.0,67.45,1.4500000000000028,,0.0,67.45,1.4500000000000028,Madden 27 baseline
Darren Hall,ATL,FS,DB,66.0,67.93,1.9300000000000068,,0.0,67.93,1.9300000000000068,Madden 27 baseline
Dallis Flowers,CHI,CB,DB,66.0,67.84,1.8400000000000034,,0.0,67.84,1.8400000000000034,Madden 27 baseline
Anthony Johnson Jr,CHI,FS,DB,66.0,67.82,1.8199999999999932,,0.0,67.82,1.8199999999999932,Madden 27 baseline
Jalen Davis,CIN,CB,DB,66.0,68.15,2.1500000000000057,,0.0,68.15,2.1500000000000057,Madden 27 baseline
Daijahn Anthony,CIN,FS,DB,66.0,67.54,1.5400000000000063,,0.0,67.54,1.5400000000000063,Madden 27 baseline
Daniel Thomas,CLE,SS,DB,66.0,67.11,1.1099999999999994,,0.0,67.11,1.1099999999999994,Madden 27 baseline
JL Skinner,DEN,SS,DB,66.0,67.9,1.9000000000000057,,0.0,67.9,1.9000000000000057,Madden 27 baseline
Nick Whiteside,DET,CB,DB,66.0,68.08,2.0799999999999983,,0.0,68.08,2.0799999999999983,Madden 27 baseline
Dan Jackson,DET,SS,DB,66.0,67.42,1.4200000000000017,,0.0,67.42,1.4200000000000017,Madden 27 baseline
Jaylin Simpson,GB,FS,DB,66.0,68.31,2.3100000000000023,,0.0,68.31,2.3100000000000023,Madden 27 baseline
MJ Devonshire,GB,CB,DB,66.0,67.92,1.9200000000000017,,0.0,67.92,1.9200000000000017,Madden 27 baseline
Kaevon Merriweather,HOU,SS,DB,66.0,67.25,1.25,,0.0,67.25,1.25,Madden 27 baseline
Juanyeh Thomas,IND,SS,DB,66.0,67.36,1.3599999999999994,,0.0,67.36,1.3599999999999994,Madden 27 baseline
Christian Braswell,JAX,CB,DB,66.0,67.63,1.6299999999999955,,0.0,67.63,1.6299999999999955,Madden 27 baseline
Rayuan Lane III,JAX,FS,DB,66.0,67.63,1.6299999999999955,,0.0,67.63,1.6299999999999955,Madden 27 baseline
Reese Taylor,MIA,CB,DB,66.0,67.97,1.9699999999999989,,0.0,67.97,1.9699999999999989,Madden 27 baseline
Marcellas Dial Jr,MIA,CB,DB,66.0,67.54,1.5400000000000063,,0.0,67.54,1.5400000000000063,Madden 27 baseline
Zayne Anderson,MIA,SS,DB,66.0,67.4,1.4000000000000057,,0.0,67.4,1.4000000000000057,Madden 27 baseline
Dwight McGlothern,MIN,CB,DB,66.0,67.85,1.8499999999999943,,0.0,67.85,1.8499999999999943,Madden 27 baseline
Brenden Schooler,NE,SS,DB,66.0,67.14,1.1400000000000006,,0.0,67.14,1.1400000000000006,Madden 27 baseline
Lorenzo Styles Jr.,NO,SS,DB,66.0,67.96,1.9599999999999937,,0.0,67.96,1.9599999999999937,Madden 27 baseline
Shemar Jean-Charles,SEA,CB,DB,66.0,67.94,1.9399999999999977,,0.0,67.94,1.9399999999999977,Madden 27 baseline
Siran Neal,SF,SS,DB,66.0,67.93,1.9300000000000068,,0.0,67.93,1.9300000000000068,Madden 27 baseline
Chase Lucas,TB,CB,DB,66.0,67.97,1.9699999999999989,,0.0,67.97,1.9699999999999989,Madden 27 baseline
Erick Hallett II,TEN,SS,DB,66.0,67.74,1.7399999999999949,,0.0,67.74,1.7399999999999949,Madden 27 baseline
Cobee Bryant,ATL,CB,DB,65.0,67.18,2.180000000000007,,0.0,67.18,2.180000000000007,Madden 27 baseline
Keyon Martin,BAL,CB,DB,65.0,66.5,1.5,,0.0,66.5,1.5,Madden 27 baseline
Corey Thornton,CAR,CB,DB,65.0,67.25,2.25,,0.0,67.25,2.25,Madden 27 baseline
Tyrek Funderburk,CAR,CB,DB,65.0,66.74,1.7399999999999949,,0.0,66.74,1.7399999999999949,Madden 27 baseline
Demani Richardson,CAR,SS,DB,65.0,66.52,1.519999999999996,,0.0,66.52,1.519999999999996,Madden 27 baseline
Josh Blackwell,CHI,CB,DB,65.0,66.45,1.4500000000000028,,0.0,66.45,1.4500000000000028,Madden 27 baseline
Reddy Steward,DAL,CB,DB,65.0,66.83,1.8299999999999983,,0.0,66.83,1.8299999999999983,Madden 27 baseline
Alijah Clark,DAL,FS,DB,65.0,66.61,1.6099999999999994,,0.0,66.61,1.6099999999999994,Madden 27 baseline
Tycen Anderson,DEN,SS,DB,65.0,66.75,1.75,,0.0,66.75,1.75,Madden 27 baseline
Devon Key,DEN,FS,DB,65.0,66.31,1.3100000000000023,,0.0,66.31,1.3100000000000023,Madden 27 baseline
Brandon Codrington,HOU,CB,DB,65.0,66.71,1.7099999999999937,,0.0,66.71,1.7099999999999937,Madden 27 baseline
Hunter Wohler,IND,SS,DB,65.0,66.6,1.5999999999999943,,0.0,66.6,1.5999999999999943,Madden 27 baseline
Chigozie Anusiem,LV,CB,DB,65.0,66.8,1.7999999999999972,,0.0,66.8,1.7999999999999972,Madden 27 baseline
Zemaiah Vaughn,MIN,CB,DB,65.0,66.82,1.8199999999999932,,0.0,66.82,1.8199999999999932,Madden 27 baseline
Charles Woods,NE,CB,DB,65.0,67.55,2.549999999999997,,0.0,67.55,2.549999999999997,Madden 27 baseline
Kobee Minor,NE,CB,DB,65.0,67.07,2.069999999999993,,0.0,67.07,2.069999999999993,Madden 27 baseline
Rejzohn Wright,NO,CB,DB,65.0,67.04,2.0400000000000063,,0.0,67.04,2.0400000000000063,Madden 27 baseline
VJ Payne,NYJ,SS,DB,65.0,66.92,1.9200000000000017,,0.0,66.92,1.9200000000000017,Madden 27 baseline
Cole Wisniewski,PHI,FS,DB,65.0,66.69,1.6899999999999977,,0.0,66.69,1.6899999999999977,Madden 27 baseline
Robert Spears-Jennings,PIT,SS,DB,65.0,66.77,1.769999999999996,,0.0,66.77,1.769999999999996,Madden 27 baseline
Maxen Hook,SEA,FS,DB,65.0,66.78,1.7800000000000011,,0.0,66.78,1.7800000000000011,Madden 27 baseline
Damarion Williams,TB,CB,DB,65.0,67.04,2.0400000000000063,,0.0,67.04,2.0400000000000063,Madden 27 baseline
Jerrick Reed II,TEN,FS,DB,65.0,66.7,1.7000000000000028,,0.0,66.7,1.7000000000000028,Madden 27 baseline
Tyler Owens,WAS,SS,DB,65.0,66.6,1.5999999999999943,,0.0,66.6,1.5999999999999943,Madden 27 baseline
Marquise Robinson,BAL,CB,DB,64.0,66.04,2.0400000000000063,,0.0,66.04,2.0400000000000063,Madden 27 baseline
Gervarrius Owens,CHI,SS,DB,64.0,66.16,2.1599999999999966,,0.0,66.16,2.1599999999999966,Madden 27 baseline
D'Angelo Ross,CLE,CB,DB,64.0,65.6,1.5999999999999943,,0.0,65.6,1.5999999999999943,Madden 27 baseline
Miles Scott,DEN,FS,DB,64.0,66.26,2.260000000000005,,0.0,66.26,2.260000000000005,Madden 27 baseline
Loren Strickland,DET,SS,DB,64.0,65.75,1.75,,0.0,65.75,1.75,Madden 27 baseline
Khalil Dorsey,DET,CB,DB,64.0,65.69,1.6899999999999977,,0.0,65.69,1.6899999999999977,Madden 27 baseline
Collin Wright,HOU,CB,DB,64.0,65.91,1.9099999999999966,,0.0,65.91,1.9099999999999966,Madden 27 baseline
Alijah Huzzie,HOU,CB,DB,64.0,65.6,1.5999999999999943,,0.0,65.6,1.5999999999999943,Madden 27 baseline
Devon Marshall,JAX,CB,DB,64.0,66.24,2.239999999999995,,0.0,66.24,2.239999999999995,Madden 27 baseline
Al'Zillion Hamilton,LA,CB,DB,64.0,66.27,2.269999999999996,,0.0,66.27,2.269999999999996,Madden 27 baseline
Cam Lampkin,LA,CB,DB,64.0,66.03,2.030000000000001,,0.0,66.03,2.030000000000001,Madden 27 baseline
Kendall Williamson,LAC,FS,DB,64.0,66.23,2.230000000000004,,0.0,66.23,2.230000000000004,Madden 27 baseline
Nikko Reed,LAC,CB,DB,64.0,66.16,2.1599999999999966,,0.0,66.16,2.1599999999999966,Madden 27 baseline
Miles Battle,MIA,CB,DB,64.0,66.11,2.1099999999999994,,0.0,66.11,2.1099999999999994,Madden 27 baseline
Julius Wood,MIA,SS,DB,64.0,65.69,1.6899999999999977,,0.0,65.69,1.6899999999999977,Madden 27 baseline
Louis Moore,MIA,FS,DB,64.0,65.45,1.4500000000000028,,0.0,65.45,1.4500000000000028,Madden 27 baseline
John Saunders Jr,NE,FS,DB,64.0,65.74,1.7399999999999949,,0.0,65.74,1.7399999999999949,Madden 27 baseline
TJ Hall,NO,CB,DB,64.0,66.29,2.2900000000000063,,0.0,66.29,2.2900000000000063,Madden 27 baseline
Keidron Smith,NYJ,SS,DB,64.0,66.11,2.1099999999999994,,0.0,66.11,2.1099999999999994,Madden 27 baseline
Dean Clark,NYJ,FS,DB,64.0,65.79,1.7900000000000063,,0.0,65.79,1.7900000000000063,Madden 27 baseline
Mory Bamba,NYJ,CB,DB,64.0,65.74,1.7399999999999949,,0.0,65.74,1.7399999999999949,Madden 27 baseline
Patrick McMorris,SF,FS,DB,64.0,66.18,2.180000000000007,,0.0,66.18,2.180000000000007,Madden 27 baseline
Kevin Knowles,TB,CB,DB,64.0,65.83,1.8299999999999983,,0.0,65.83,1.8299999999999983,Madden 27 baseline
Marcus Banks,TB,FS,DB,64.0,65.7,1.7000000000000028,,0.0,65.7,1.7000000000000028,Madden 27 baseline
JJ Roberts,TB,SS,DB,64.0,65.55,1.5499999999999972,,0.0,65.55,1.5499999999999972,Madden 27 baseline
Rashad Wisdom,TB,FS,DB,64.0,65.51,1.5100000000000051,,0.0,65.51,1.5100000000000051,Madden 27 baseline
Qwuantrezz Knight,WAS,SS,DB,64.0,65.63,1.6299999999999955,,0.0,65.63,1.6299999999999955,Madden 27 baseline
Joey Blount,ARI,FS,DB,63.0,65.0,2.0,,0.0,65.0,2.0,Madden 27 baseline
Natrone Brooks,ATL,CB,DB,63.0,65.28,2.280000000000001,,0.0,65.28,2.280000000000001,Madden 27 baseline
Silas Walters,BAL,FS,DB,63.0,64.96,1.9599999999999937,,0.0,64.96,1.9599999999999937,Madden 27 baseline
PJ Jules,CIN,SS,DB,63.0,65.2,2.200000000000003,,0.0,65.2,2.200000000000003,Madden 27 baseline
Zion Childress,DAL,SS,DB,63.0,65.51,2.510000000000005,,0.0,65.51,2.510000000000005,Madden 27 baseline
Johnathan Baldwin,GB,FS,DB,63.0,64.93,1.9300000000000068,,0.0,64.93,1.9300000000000068,Madden 27 baseline
Trevian Thomas,JAX,CB,DB,63.0,65.1,2.0999999999999943,,0.0,65.1,2.0999999999999943,Madden 27 baseline
Zelmar Vedder,KC,CB,DB,63.0,65.13,2.1299999999999955,,0.0,65.13,2.1299999999999955,Madden 27 baseline
Xavier Nwankpa,KC,FS,DB,63.0,64.63,1.6299999999999955,,0.0,64.63,1.6299999999999955,Madden 27 baseline
Tanner Ingle,LA,FS,DB,63.0,65.25,2.25,,0.0,65.25,2.25,Madden 27 baseline
Nate Valcarcel,LA,SS,DB,63.0,64.86,1.8599999999999994,,0.0,64.86,1.8599999999999994,Madden 27 baseline
Nick Andersen,LA,FS,DB,63.0,64.75,1.75,,0.0,64.75,1.75,Madden 27 baseline
Myles Purchase,LAC,CB,DB,63.0,65.13,2.1299999999999955,,0.0,65.13,2.1299999999999955,Madden 27 baseline
Greedy Vance Jr,LV,CB,DB,63.0,65.37,2.3700000000000045,,0.0,65.37,2.3700000000000045,Madden 27 baseline
Storm Duck,MIA,CB,DB,63.0,65.08,2.0799999999999983,,0.0,65.08,2.0799999999999983,Madden 27 baseline
Major Burns,MIA,SS,DB,63.0,64.7,1.7000000000000028,,0.0,64.7,1.7000000000000028,Madden 27 baseline
Jacob Thomas,MIN,SS,DB,63.0,64.76,1.7600000000000051,,0.0,64.76,1.7600000000000051,Madden 27 baseline
Mike Brown,NE,FS,DB,63.0,64.72,1.7199999999999989,,0.0,64.72,1.7199999999999989,Madden 27 baseline
Beau Brade,NYG,SS,DB,63.0,64.94,1.9399999999999977,,0.0,64.94,1.9399999999999977,Madden 27 baseline
Jordan Clark,NYJ,CB,DB,63.0,65.25,2.25,,0.0,65.25,2.25,Madden 27 baseline
D'Shawn Jamison,PIT,CB,DB,63.0,65.15,2.1500000000000057,,0.0,65.15,2.1500000000000057,Madden 27 baseline
AJ Finley,SEA,SS,DB,63.0,65.46,2.4599999999999937,,0.0,65.46,2.4599999999999937,Madden 27 baseline
Kendell Brooks,TEN,FS,DB,63.0,64.83,1.8299999999999983,,0.0,64.83,1.8299999999999983,Madden 27 baseline
Chris Edmonds,CLE,SS,DB,62.0,64.53,2.530000000000001,,0.0,64.53,2.530000000000001,Madden 27 baseline
Donovan McMillon,CLE,FS,DB,62.0,63.87,1.8699999999999974,,0.0,63.87,1.8699999999999974,Madden 27 baseline
Trey Washington,IND,FS,DB,62.0,63.93,1.9299999999999997,,0.0,63.93,1.9299999999999997,Madden 27 baseline
Austin Brown,IND,FS,DB,62.0,63.35,1.3500000000000014,,0.0,63.35,1.3500000000000014,Madden 27 baseline
Eric Rogers,LAC,CB,DB,62.0,64.44,2.4399999999999977,,0.0,64.44,2.4399999999999977,Madden 27 baseline
Tristin McCollum,LV,FS,DB,62.0,64.2,2.200000000000003,,0.0,64.2,2.200000000000003,Madden 27 baseline
Marcus Allen,MIN,CB,DB,62.0,64.44,2.4399999999999977,,0.0,64.44,2.4399999999999977,Madden 27 baseline
Mike Reid,NO,CB,DB,62.0,64.47,2.469999999999999,,0.0,64.47,2.469999999999999,Madden 27 baseline
Elijah Campbell,NYG,FS,DB,62.0,64.5,2.5,,0.0,64.5,2.5,Madden 27 baseline
Jarius Monroe,NYJ,FS,DB,62.0,64.32,2.319999999999993,,0.0,64.32,2.319999999999993,Madden 27 baseline
J.T. Gray,PHI,SS,DB,62.0,63.34,1.3400000000000034,,0.0,63.34,1.3400000000000034,Madden 27 baseline
Tamon Lynum,PIT,CB,DB,62.0,64.28,2.280000000000001,,0.0,64.28,2.280000000000001,Madden 27 baseline
Sebastian Castro,PIT,FS,DB,62.0,64.26,2.260000000000005,,0.0,64.26,2.260000000000005,Madden 27 baseline
Tre Avery,CLE,CB,DB,61.0,63.4,2.3999999999999986,,0.0,63.4,2.3999999999999986,Madden 27 baseline
Tanner Wall,LV,FS,DB,61.0,63.05,2.049999999999997,,0.0,63.05,2.049999999999997,Madden 27 baseline
Kahlef Hailassie,MIN,SS,DB,61.0,63.99,2.990000000000002,,0.0,63.99,2.990000000000002,Madden 27 baseline
Raheem Layne,NYG,FS,DB,61.0,62.88,1.8800000000000026,,0.0,62.88,1.8800000000000026,Madden 27 baseline
Keondre Jackson,BAL,SS,DB,60.0,63.0,3.0,,0.0,63.0,3.0,Madden 27 baseline
Noah Avinger,LAC,FS,DB,60.0,62.48,2.479999999999997,,0.0,62.48,2.479999999999997,Madden 27 baseline
Kemon Hall,TB,CB,DB,60.0,62.89,2.8900000000000006,,0.0,62.89,2.8900000000000006,Madden 27 baseline
Cam'Ron Silmon-Craig,JAX,SS,DB,59.0,61.68,2.6799999999999997,,0.0,61.68,2.6799999999999997,Madden 27 baseline
Myles Garrett,LA,EDGE,DL,99.0,97.84,-1.1599999999999966,,0.0,97.84,-1.1599999999999966,Madden 27 baseline
Micah Parsons,GB,EDGE,DL,98.0,95.88,-2.1200000000000045,,0.0,95.88,-2.1200000000000045,Madden 27 baseline
Maxx Crosby,LV,EDGE,DL,97.0,95.91,-1.0900000000000034,,0.0,95.91,-1.0900000000000034,Madden 27 baseline
Derrick Brown,CAR,DT,DL,96.0,93.46,-2.5400000000000063,,0.0,93.46,-2.5400000000000063,Madden 27 baseline
Will Anderson Jr,HOU,EDGE,DL,95.0,93.68,-1.3199999999999932,,0.0,93.68,-1.3199999999999932,Madden 27 baseline
Cam Heyward,PIT,DT,DL,95.0,93.18,-1.8199999999999932,,0.0,93.18,-1.8199999999999932,Madden 27 baseline
Jeffery Simmons,TEN,DT,DL,95.0,93.88,-1.1200000000000045,,0.0,93.88,-1.1200000000000045,Madden 27 baseline
Chris Jones,KC,DT,DL,94.0,93.0,-1.0,,0.0,93.0,-1.0,Madden 27 baseline
Nick Bosa,SF,EDGE,DL,94.0,93.64,-0.35999999999999943,,0.0,93.64,-0.35999999999999943,Madden 27 baseline
Vita Vea,TB,DT,DL,94.0,92.07,-1.9300000000000068,,0.0,92.07,-1.9300000000000068,Madden 27 baseline
Dexter Lawrence II,CIN,DT,DL,93.0,91.88,-1.1200000000000045,,0.0,91.88,-1.1200000000000045,Madden 27 baseline
Aidan Hutchinson,DET,EDGE,DL,93.0,92.12,-0.8799999999999955,,0.0,92.12,-0.8799999999999955,Madden 27 baseline
T.J. Watt,PIT,EDGE,DL,93.0,92.22,-0.7800000000000011,,0.0,92.22,-0.7800000000000011,Madden 27 baseline
Quinnen Williams,DAL,DT,DL,92.0,90.71,-1.2900000000000063,,0.0,90.71,-1.2900000000000063,Madden 27 baseline
Danielle Hunter,HOU,EDGE,DL,92.0,90.83,-1.1700000000000017,,0.0,90.83,-1.1700000000000017,Madden 27 baseline
Nik Bonitto,DEN,EDGE,DL,91.0,89.62,-1.3799999999999955,,0.0,89.62,-1.3799999999999955,Madden 27 baseline
DeForest Buckner,IND,DT,DL,91.0,89.93,-1.0699999999999932,,0.0,89.93,-1.0699999999999932,Madden 27 baseline
Nnamdi Madubuike,BAL,DT,DL,90.0,89.09,-0.9099999999999966,,0.0,89.09,-0.9099999999999966,Madden 27 baseline
Trey Hendrickson,BAL,EDGE,DL,90.0,89.08,-0.9200000000000017,,0.0,89.08,-0.9200000000000017,Madden 27 baseline
Josh Hines-Allen,JAX,EDGE,DL,89.0,88.11,-0.8900000000000006,,0.0,88.11,-0.8900000000000006,Madden 27 baseline
Brian Burns,NYG,EDGE,DL,89.0,87.37,-1.6299999999999955,,0.0,87.37,-1.6299999999999955,Madden 27 baseline
Jalen Carter,PHI,DT,DL,89.0,87.76,-1.2399999999999949,,0.0,87.76,-1.2399999999999949,Madden 27 baseline
Greg Rousseau,BUF,EDGE,DL,88.0,87.61,-0.39000000000000057,,0.0,87.61,-0.39000000000000057,Madden 27 baseline
Jonathan Allen,CIN,DT,DL,88.0,87.27,-0.730000000000004,,0.0,87.27,-0.730000000000004,Madden 27 baseline
Jared Verse,CLE,EDGE,DL,88.0,87.01,-0.9899999999999949,,0.0,87.01,-0.9899999999999949,Madden 27 baseline
Leonard Williams,SEA,DT,DL,88.0,87.11,-0.8900000000000006,,0.0,87.11,-0.8900000000000006,Madden 27 baseline
Zach Allen,DEN,DT,DL,87.0,86.25,-0.75,,0.0,86.25,-0.75,Madden 27 baseline
Alex Highsmith,PIT,EDGE,DL,87.0,86.65,-0.3499999999999943,,0.0,86.65,-0.3499999999999943,Madden 27 baseline
DeMarcus Lawrence,SEA,EDGE,DL,87.0,86.32,-0.6800000000000068,,0.0,86.32,-0.6800000000000068,Madden 27 baseline
Khalil Mack,LAC,EDGE,DL,86.0,85.97,-0.030000000000001137,,0.0,85.97,-0.030000000000001137,Madden 27 baseline
Milton Williams,NE,DT,DL,86.0,85.21,-0.7900000000000063,,0.0,85.21,-0.7900000000000063,Madden 27 baseline
Josh Sweat,ARI,EDGE,DL,85.0,84.39,-0.6099999999999994,,0.0,84.39,-0.6099999999999994,Madden 27 baseline
Kobie Turner,LA,DT,DL,85.0,84.84,-0.1599999999999966,,0.0,84.84,-0.1599999999999966,Madden 27 baseline
Jonathan Greenard,PHI,EDGE,DL,85.0,84.51,-0.4899999999999949,,0.0,84.51,-0.4899999999999949,Madden 27 baseline
Byron Murphy II,SEA,DT,DL,85.0,84.93,-0.06999999999999318,,0.0,84.93,-0.06999999999999318,Madden 27 baseline
Rashan Gary,DAL,EDGE,DL,84.0,83.44,-0.5600000000000023,,0.0,83.44,-0.5600000000000023,Madden 27 baseline
Jonathon Cooper,DEN,EDGE,DL,84.0,83.89,-0.10999999999999943,,0.0,83.89,-0.10999999999999943,Madden 27 baseline
Grover Stewart,IND,DT,DL,84.0,83.05,-0.9500000000000028,,0.0,83.05,-0.9500000000000028,Madden 27 baseline
Byron Young,LA,EDGE,DL,84.0,83.71,-0.29000000000000625,,0.0,83.71,-0.29000000000000625,Madden 27 baseline
Byron Young,LA,EDGE,DL,84.0,83.71,-0.29000000000000625,,0.0,83.71,-0.29000000000000625,Madden 27 baseline
D.J. Reader,NYG,DT,DL,84.0,83.14,-0.8599999999999994,,0.0,83.14,-0.8599999999999994,Madden 27 baseline
Daron Payne,WAS,DT,DL,84.0,83.63,-0.37000000000000455,,0.0,83.63,-0.37000000000000455,Madden 27 baseline
Alim McNeill,DET,DT,DL,83.0,82.74,-0.2600000000000051,,0.0,82.74,-0.2600000000000051,Madden 27 baseline
Poona Ford,LA,DT,DL,83.0,82.45,-0.5499999999999972,,0.0,82.45,-0.5499999999999972,Madden 27 baseline
Zach Sieler,MIA,DT,DL,83.0,82.23,-0.769999999999996,,0.0,82.23,-0.769999999999996,Madden 27 baseline
Andrew Van Ginkel,MIN,EDGE,DL,83.0,82.16,-0.8400000000000034,,0.0,82.16,-0.8400000000000034,Madden 27 baseline
Nolan Smith Jr,PHI,EDGE,DL,83.0,81.54,-1.4599999999999937,,0.0,81.54,-1.4599999999999937,Madden 27 baseline
Calais Campbell,BAL,DT,DL,82.0,82.03,0.030000000000001137,,0.0,82.03,0.030000000000001137,Madden 27 baseline
Ed Oliver,BUF,DT,DL,82.0,81.92,-0.0799999999999983,,0.0,81.92,-0.0799999999999983,Madden 27 baseline
Montez Sweat,CHI,EDGE,DL,82.0,82.16,0.1599999999999966,,0.0,82.16,0.1599999999999966,Madden 27 baseline
Laiatu Latu,IND,EDGE,DL,82.0,81.89,-0.10999999999999943,,0.0,81.89,-0.10999999999999943,Madden 27 baseline
Harold Landry III,NE,EDGE,DL,82.0,81.45,-0.5499999999999972,,0.0,81.45,-0.5499999999999972,Madden 27 baseline
Jordan Davis,PHI,DT,DL,82.0,81.23,-0.769999999999996,,0.0,81.23,-0.769999999999996,Madden 27 baseline
Jaelan Phillips,CAR,EDGE,DL,81.0,81.03,0.030000000000001137,,0.0,81.03,0.030000000000001137,Madden 27 baseline
Grady Jarrett,CHI,DT,DL,81.0,80.61,-0.39000000000000057,,0.0,80.61,-0.39000000000000057,Madden 27 baseline
Sheldon Rankins,HOU,DT,DL,81.0,80.81,-0.18999999999999773,,0.0,80.81,-0.18999999999999773,Madden 27 baseline
George Karlaftis,KC,EDGE,DL,81.0,81.16,0.1599999999999966,,0.0,81.16,0.1599999999999966,Madden 27 baseline
Chase Young,NO,EDGE,DL,81.0,80.91,-0.09000000000000341,,0.0,80.91,-0.09000000000000341,Madden 27 baseline
Abdul Carter,NYG,EDGE,DL,81.0,80.88,-0.12000000000000455,,0.0,80.88,-0.12000000000000455,Madden 27 baseline
David Bailey,NYJ,EDGE,DL,81.0,80.96,-0.04000000000000625,,0.0,80.96,-0.04000000000000625,Madden 27 baseline
Mason Graham,CLE,DT,DL,80.0,80.08,0.0799999999999983,,0.0,80.08,0.0799999999999983,Madden 27 baseline
Javon Hargrave,GB,DT,DL,80.0,80.39,0.39000000000000057,,0.0,80.39,0.39000000000000057,Madden 27 baseline
Jadeveon Clowney,HOU,EDGE,DL,80.0,80.28,0.28000000000000114,,0.0,80.28,0.28000000000000114,Madden 27 baseline
Travon Walker,JAX,EDGE,DL,80.0,80.04,0.04000000000000625,,0.0,80.04,0.04000000000000625,Madden 27 baseline
Braden Fiske,LA,DT,DL,80.0,80.21,0.20999999999999375,,0.0,80.21,0.20999999999999375,Madden 27 baseline
Rueben Bain Jr.,TB,EDGE,DL,80.0,80.41,0.4099999999999966,,0.0,80.41,0.4099999999999966,Madden 27 baseline
Odafe Oweh,WAS,EDGE,DL,80.0,79.65,-0.3499999999999943,,0.0,79.65,-0.3499999999999943,Madden 27 baseline
Gervon Dexter Sr,ATL,DT,DL,79.0,79.34,0.3400000000000034,,0.0,79.34,0.3400000000000034,Madden 27 baseline
Jalon Walker,ATL,EDGE,DL,79.0,78.83,-0.1700000000000017,,0.0,78.83,-0.1700000000000017,Madden 27 baseline
James Pearce Jr,ATL,EDGE,DL,79.0,78.16,-0.8400000000000034,,0.0,78.16,-0.8400000000000034,Madden 27 baseline
Travis Jones,BAL,DT,DL,79.0,78.74,-0.2600000000000051,,0.0,78.74,-0.2600000000000051,Madden 27 baseline
Kenny Clark,DAL,DT,DL,79.0,79.13,0.12999999999999545,,0.0,79.13,0.12999999999999545,Madden 27 baseline
Akheem Mesidor,LAC,EDGE,DL,79.0,79.38,0.37999999999999545,,0.0,79.38,0.37999999999999545,Madden 27 baseline
Jalen Redmond,MIN,DT,DL,79.0,79.52,0.519999999999996,,0.0,79.52,0.519999999999996,Madden 27 baseline
Christian Barmore,NE,DT,DL,79.0,79.71,0.7099999999999937,,0.0,79.71,0.7099999999999937,Madden 27 baseline
Carl Granderson,NO,EDGE,DL,79.0,79.59,0.5900000000000034,,0.0,79.59,0.5900000000000034,Madden 27 baseline
Cameron Jordan,NO,EDGE,DL,79.0,79.32,0.3199999999999932,,0.0,79.32,0.3199999999999932,Madden 27 baseline
T'Vondre Sweat,NYJ,DT,DL,79.0,79.01,0.010000000000005116,,0.0,79.01,0.010000000000005116,Madden 27 baseline
Yaya Diaby,TB,EDGE,DL,79.0,79.35,0.3499999999999943,,0.0,79.35,0.3499999999999943,Madden 27 baseline
Dorance Armstrong,WAS,EDGE,DL,79.0,79.53,0.5300000000000011,,0.0,79.53,0.5300000000000011,Madden 27 baseline
Walter Nolen III,ARI,DT,DL,78.0,78.16,0.1599999999999966,,0.0,78.16,0.1599999999999966,Madden 27 baseline
Bradley Chubb,BUF,EDGE,DL,78.0,78.36,0.35999999999999943,,0.0,78.36,0.35999999999999943,Madden 27 baseline
Boye Mafe,CIN,EDGE,DL,78.0,78.04,0.04000000000000625,,0.0,78.04,0.04000000000000625,Madden 27 baseline
Malachi Lawrence,DAL,EDGE,DL,78.0,78.37,0.37000000000000455,,0.0,78.37,0.37000000000000455,Madden 27 baseline
Devonte Wyatt,GB,DT,DL,78.0,78.43,0.4300000000000068,,0.0,78.43,0.4300000000000068,Madden 27 baseline
Tuli Tuipulotu,LAC,EDGE,DL,78.0,78.9,0.9000000000000057,,0.0,78.9,0.9000000000000057,Madden 27 baseline
Davon Godchaux,NO,DT,DL,78.0,77.49,-0.5100000000000051,,0.0,77.49,-0.5100000000000051,Madden 27 baseline
Kayvon Thibodeaux,NYG,EDGE,DL,78.0,78.3,0.29999999999999716,,0.0,78.3,0.29999999999999716,Madden 27 baseline
David Onyemata,NYJ,DT,DL,78.0,78.19,0.18999999999999773,,0.0,78.19,0.18999999999999773,Madden 27 baseline
Harrison Phillips,NYJ,DT,DL,78.0,77.78,-0.21999999999999886,,0.0,77.78,-0.21999999999999886,Madden 27 baseline
Will McDonald IV,NYJ,EDGE,DL,78.0,77.53,-0.46999999999999886,,0.0,77.53,-0.46999999999999886,Madden 27 baseline
Nick Herbig,PIT,EDGE,DL,78.0,78.4,0.4000000000000057,,0.0,78.4,0.4000000000000057,Madden 27 baseline
Sebastian Joseph-Day,PIT,DT,DL,78.0,77.71,-0.29000000000000625,,0.0,77.71,-0.29000000000000625,Madden 27 baseline
Jarran Reed,SEA,DT,DL,78.0,78.18,0.18000000000000682,,0.0,78.18,0.18000000000000682,Madden 27 baseline
John Franklin-Myers,TEN,EDGE,DL,78.0,78.79,0.7900000000000063,,0.0,78.79,0.7900000000000063,Madden 27 baseline
Keldric Faulk,TEN,EDGE,DL,78.0,78.66,0.6599999999999966,,0.0,78.66,0.6599999999999966,Madden 27 baseline
T.J. Parker,BUF,EDGE,DL,77.0,77.79,0.7900000000000063,,0.0,77.79,0.7900000000000063,Madden 27 baseline
Mike Danna,BUF,EDGE,DL,77.0,77.22,0.21999999999999886,,0.0,77.22,0.21999999999999886,Madden 27 baseline
Cashius Howell,CIN,EDGE,DL,77.0,76.52,-0.480000000000004,,0.0,76.52,-0.480000000000004,Madden 27 baseline
Maliek Collins,CLE,DT,DL,77.0,77.7,0.7000000000000028,,0.0,77.7,0.7000000000000028,Madden 27 baseline
D.J. Jones,DEN,DT,DL,77.0,77.17,0.1700000000000017,,0.0,77.17,0.1700000000000017,Madden 27 baseline
Derrick Moore,DET,EDGE,DL,77.0,77.65,0.6500000000000057,,0.0,77.65,0.6500000000000057,Madden 27 baseline
R Mason Thomas,KC,EDGE,DL,77.0,77.31,0.3100000000000023,,0.0,77.31,0.3100000000000023,Madden 27 baseline
Teair Tart,LAC,DT,DL,77.0,77.52,0.519999999999996,,0.0,77.52,0.519999999999996,Madden 27 baseline
Kwity Paye,LV,EDGE,DL,77.0,77.05,0.04999999999999716,,0.0,77.05,0.04999999999999716,Madden 27 baseline
Dallas Turner,MIN,EDGE,DL,77.0,77.21,0.20999999999999375,,0.0,77.21,0.20999999999999375,Madden 27 baseline
Dre'Mont Jones,NE,EDGE,DL,77.0,77.34,0.3400000000000034,,0.0,77.34,0.3400000000000034,Madden 27 baseline
Anfernee Jennings,NO,EDGE,DL,77.0,77.13,0.12999999999999545,,0.0,77.13,0.12999999999999545,Madden 27 baseline
Shelby Harris,NYG,DT,DL,77.0,77.12,0.12000000000000455,,0.0,77.12,0.12000000000000455,Madden 27 baseline
Arnold Ebiketie,PHI,EDGE,DL,77.0,77.03,0.030000000000001137,,0.0,77.03,0.030000000000001137,Madden 27 baseline
Derrick Harmon,PIT,DT,DL,77.0,77.31,0.3100000000000023,,0.0,77.31,0.3100000000000023,Madden 27 baseline
Derick Hall,SEA,EDGE,DL,77.0,77.12,0.12000000000000455,,0.0,77.12,0.12000000000000455,Madden 27 baseline
Osa Odighizuwa,SF,DT,DL,77.0,77.75,0.75,,0.0,77.75,0.75,Madden 27 baseline
Mykel Williams,SF,EDGE,DL,77.0,77.67,0.6700000000000017,,0.0,77.67,0.6700000000000017,Madden 27 baseline
A'Shawn Robinson,TB,DT,DL,77.0,77.23,0.23000000000000398,,0.0,77.23,0.23000000000000398,Madden 27 baseline
Jermaine Johnson II,TEN,EDGE,DL,77.0,77.58,0.5799999999999983,,0.0,77.58,0.5799999999999983,Madden 27 baseline
Zaven Collins,ARI,EDGE,DL,76.0,76.53,0.5300000000000011,,0.0,76.53,0.5300000000000011,Madden 27 baseline
Samson Ebukam,ATL,EDGE,DL,76.0,76.52,0.519999999999996,,0.0,76.52,0.519999999999996,Madden 27 baseline
Zion Young,BAL,EDGE,DL,76.0,76.79,0.7900000000000063,,0.0,76.79,0.7900000000000063,Madden 27 baseline
B.J. Hill,CIN,DT,DL,76.0,76.41,0.4099999999999966,,0.0,76.41,0.4099999999999966,Madden 27 baseline
D.J. Wonnum,DET,EDGE,DL,76.0,76.49,0.4899999999999949,,0.0,76.49,0.4899999999999949,Madden 27 baseline
Tyleik Williams,DET,DT,DL,76.0,76.33,0.3299999999999983,,0.0,76.33,0.3299999999999983,Madden 27 baseline
Lukas Van Ness,GB,EDGE,DL,76.0,76.15,0.15000000000000568,,0.0,76.15,0.15000000000000568,Madden 27 baseline
Arik Armstead,JAX,DT,DL,76.0,76.49,0.4899999999999949,,0.0,76.49,0.4899999999999949,Madden 27 baseline
Peter Woods,KC,DT,DL,76.0,76.44,0.4399999999999977,,0.0,76.44,0.4399999999999977,Madden 27 baseline
Caleb Banks,MIN,DT,DL,76.0,76.65,0.6500000000000057,,0.0,76.65,0.6500000000000057,Madden 27 baseline
Gabe Jacas,NE,EDGE,DL,76.0,76.56,0.5600000000000023,,0.0,76.56,0.5600000000000023,Madden 27 baseline
Keeanu Benton,PIT,DT,DL,76.0,76.57,0.5699999999999932,,0.0,76.57,0.5699999999999932,Madden 27 baseline
Uchenna Nwosu,SEA,EDGE,DL,76.0,76.62,0.6200000000000045,,0.0,76.62,0.6200000000000045,Madden 27 baseline
Al-Quadin Muhammad,TB,EDGE,DL,76.0,76.91,0.9099999999999966,,0.0,76.91,0.9099999999999966,Madden 27 baseline
Calijah Kancey,TB,DT,DL,76.0,76.64,0.6400000000000006,,0.0,76.64,0.6400000000000006,Madden 27 baseline
Jacob Martin,TEN,EDGE,DL,76.0,75.99,-0.010000000000005116,,0.0,75.99,-0.010000000000005116,Madden 27 baseline
Jer'Zhan Newton,WAS,DT,DL,76.0,76.87,0.8700000000000045,,0.0,76.87,0.8700000000000045,Madden 27 baseline
Charles Omenihu,WAS,DT,DL,76.0,76.63,0.6299999999999955,,0.0,76.63,0.6299999999999955,Madden 27 baseline
Deatrich Wise Jr,WAS,DT,DL,76.0,76.39,0.39000000000000057,,0.0,76.39,0.39000000000000057,Madden 27 baseline
John Jenkins,BAL,DT,DL,75.0,74.9,-0.09999999999999432,,0.0,74.9,-0.09999999999999432,Madden 27 baseline
Mike Green,BAL,EDGE,DL,75.0,74.8,-0.20000000000000284,,0.0,74.8,-0.20000000000000284,Madden 27 baseline
Michael Hoecht,BUF,EDGE,DL,75.0,75.57,0.5699999999999932,,0.0,75.57,0.5699999999999932,Madden 27 baseline
Nic Scourton,CAR,EDGE,DL,75.0,75.62,0.6200000000000045,,0.0,75.62,0.6200000000000045,Madden 27 baseline
Donovan Ezeiruaku,DAL,EDGE,DL,75.0,75.63,0.6299999999999955,,0.0,75.63,0.6299999999999955,Madden 27 baseline
Kayden McDonald,HOU,DT,DL,75.0,75.71,0.7099999999999937,,0.0,75.71,0.7099999999999937,Madden 27 baseline
Tommy Togiai,HOU,DT,DL,75.0,75.58,0.5799999999999983,,0.0,75.58,0.5799999999999983,Madden 27 baseline
Dalvin Tomlinson,LAC,DT,DL,75.0,75.61,0.6099999999999994,,0.0,75.61,0.6099999999999994,Madden 27 baseline
Malcolm Koonce,LV,EDGE,DL,75.0,75.59,0.5900000000000034,,0.0,75.59,0.5900000000000034,Madden 27 baseline
Keyron Crawford,LV,EDGE,DL,75.0,75.52,0.519999999999996,,0.0,75.52,0.519999999999996,Madden 27 baseline
Kenneth Grant,MIA,DT,DL,75.0,75.45,0.45000000000000284,,0.0,75.45,0.45000000000000284,Madden 27 baseline
Joshua Uche,MIA,EDGE,DL,75.0,74.96,-0.04000000000000625,,0.0,74.96,-0.04000000000000625,Madden 27 baseline
Chop Robinson,MIA,EDGE,DL,75.0,74.95,-0.04999999999999716,,0.0,74.95,-0.04999999999999716,Madden 27 baseline
Christen Miller,NO,DT,DL,75.0,75.77,0.769999999999996,,0.0,75.77,0.769999999999996,Madden 27 baseline
Bryan Bresee,NO,DT,DL,75.0,75.36,0.35999999999999943,,0.0,75.36,0.35999999999999943,Madden 27 baseline
Moro Ojomo,PHI,DT,DL,75.0,76.03,1.0300000000000011,,0.0,76.03,1.0300000000000011,Madden 27 baseline
A.J. Epenesa,PHI,EDGE,DL,75.0,75.83,0.8299999999999983,,0.0,75.83,0.8299999999999983,Madden 27 baseline
Dante Fowler Jr,SEA,EDGE,DL,75.0,75.08,0.0799999999999983,,0.0,75.08,0.0799999999999983,Madden 27 baseline
Romello Height,SF,EDGE,DL,75.0,75.76,0.7600000000000051,,0.0,75.76,0.7600000000000051,Madden 27 baseline
K'Lavon Chaisson,WAS,EDGE,DL,75.0,75.05,0.04999999999999716,,0.0,75.05,0.04999999999999716,Madden 27 baseline
Da'Shawn Hand,ATL,DT,DL,74.0,74.55,0.5499999999999972,,0.0,74.55,0.5499999999999972,Madden 27 baseline
Tavius Robinson,BAL,EDGE,DL,74.0,74.33,0.3299999999999983,,0.0,74.33,0.3299999999999983,Madden 27 baseline
Landon Jackson,BUF,DT,DL,74.0,74.81,0.8100000000000023,,0.0,74.81,0.8100000000000023,Madden 27 baseline
Lee Hunter,CAR,DT,DL,74.0,74.76,0.7600000000000051,,0.0,74.76,0.7600000000000051,Madden 27 baseline
Tershawn Wharton,CAR,DT,DL,74.0,74.55,0.5499999999999972,,0.0,74.55,0.5499999999999972,Madden 27 baseline
Bobby Brown III,CAR,DT,DL,74.0,74.22,0.21999999999999886,,0.0,74.22,0.21999999999999886,Madden 27 baseline
Kris Jenkins Jr,CIN,DT,DL,74.0,74.61,0.6099999999999994,,0.0,74.61,0.6099999999999994,Madden 27 baseline
Shemar Stewart,CIN,EDGE,DL,74.0,74.53,0.5300000000000011,,0.0,74.53,0.5300000000000011,Madden 27 baseline
Levi Onwuzurike,DET,DT,DL,74.0,74.79,0.7900000000000063,,0.0,74.79,0.7900000000000063,Madden 27 baseline
Dani Dennis-Sutton,GB,EDGE,DL,74.0,74.87,0.8700000000000045,,0.0,74.87,0.8700000000000045,Madden 27 baseline
Logan Hall,HOU,DT,DL,74.0,74.83,0.8299999999999983,,0.0,74.83,0.8299999999999983,Madden 27 baseline
JT Tuimoloau,IND,EDGE,DL,74.0,75.16,1.1599999999999966,,0.0,75.16,1.1599999999999966,Madden 27 baseline
Arden Key,IND,EDGE,DL,74.0,74.91,0.9099999999999966,,0.0,74.91,0.9099999999999966,Madden 27 baseline
Josaiah Stewart,LA,EDGE,DL,74.0,74.78,0.7800000000000011,,0.0,74.78,0.7800000000000011,Madden 27 baseline
Tyler Davis,LA,DT,DL,74.0,74.74,0.7399999999999949,,0.0,74.74,0.7399999999999949,Madden 27 baseline
Nathan Shepherd,NO,DT,DL,74.0,74.89,0.8900000000000006,,0.0,74.89,0.8900000000000006,Madden 27 baseline
Jowon Briggs,NYJ,DT,DL,74.0,75.18,1.1800000000000068,,0.0,75.18,1.1800000000000068,Madden 27 baseline
Joseph Ossai,NYJ,EDGE,DL,74.0,74.55,0.5499999999999972,,0.0,74.55,0.5499999999999972,Madden 27 baseline
Jalyx Hunt,PHI,EDGE,DL,74.0,74.87,0.8700000000000045,,0.0,74.87,0.8700000000000045,Madden 27 baseline
Anthony Nelson,TB,EDGE,DL,74.0,74.91,0.9099999999999966,,0.0,74.91,0.9099999999999966,Madden 27 baseline
Baron Browning,ARI,EDGE,DL,73.0,74.0,1.0,,0.0,74.0,1.0,Madden 27 baseline
Jordan Burch,ARI,EDGE,DL,73.0,73.6,0.5999999999999943,,0.0,73.6,0.5999999999999943,Madden 27 baseline
Andrew Billings,ARI,DT,DL,73.0,73.34,0.3400000000000034,,0.0,73.34,0.3400000000000034,Madden 27 baseline
Brandon Dorlus,ATL,DT,DL,73.0,74.25,1.25,,0.0,74.25,1.25,Madden 27 baseline
Zach Harrison,ATL,DT,DL,73.0,74.0,1.0,,0.0,74.0,1.0,Madden 27 baseline
Azeez Ojulari,ATL,EDGE,DL,73.0,73.65,0.6500000000000057,,0.0,73.65,0.6500000000000057,Madden 27 baseline
T.J. Sanders,BUF,DT,DL,73.0,74.08,1.0799999999999983,,0.0,74.08,1.0799999999999983,Madden 27 baseline
Dayo Odeyingbo,CHI,EDGE,DL,73.0,74.03,1.0300000000000011,,0.0,74.03,1.0300000000000011,Madden 27 baseline
Austin Booker,CHI,EDGE,DL,73.0,73.89,0.8900000000000006,,0.0,73.89,0.8900000000000006,Madden 27 baseline
Myles Murphy,CIN,EDGE,DL,73.0,73.49,0.4899999999999949,,0.0,73.49,0.4899999999999949,Madden 27 baseline
Sam Williams,CLE,EDGE,DL,73.0,73.11,0.10999999999999943,,0.0,73.11,0.10999999999999943,Madden 27 baseline
Jonathan Bullard,DAL,DT,DL,73.0,73.38,0.37999999999999545,,0.0,73.38,0.37999999999999545,Madden 27 baseline
Tyler Onyedim,DEN,DT,DL,73.0,74.03,1.0300000000000011,,0.0,74.03,1.0300000000000011,Madden 27 baseline
Jonah Elliss,DEN,EDGE,DL,73.0,73.68,0.6800000000000068,,0.0,73.68,0.6800000000000068,Madden 27 baseline
Payton Turner,DET,EDGE,DL,73.0,73.63,0.6299999999999955,,0.0,73.63,0.6299999999999955,Madden 27 baseline
Chris McClellan,GB,DT,DL,73.0,74.05,1.0499999999999972,,0.0,74.05,1.0499999999999972,Madden 27 baseline
Caden Curry,IND,EDGE,DL,73.0,73.91,0.9099999999999966,,0.0,73.91,0.9099999999999966,Madden 27 baseline
Derrick Nnadi,IND,DT,DL,73.0,73.21,0.20999999999999375,,0.0,73.21,0.20999999999999375,Madden 27 baseline
Ruke Orhorhoro,JAX,DT,DL,73.0,73.94,0.9399999999999977,,0.0,73.94,0.9399999999999977,Madden 27 baseline
Albert Regis,JAX,DT,DL,73.0,73.91,0.9099999999999966,,0.0,73.91,0.9099999999999966,Madden 27 baseline
Wesley Williams,JAX,EDGE,DL,73.0,73.87,0.8700000000000045,,0.0,73.87,0.8700000000000045,Madden 27 baseline
DaVon Hamilton,JAX,DT,DL,73.0,73.44,0.4399999999999977,,0.0,73.44,0.4399999999999977,Madden 27 baseline
Khyiris Tonga,KC,DT,DL,73.0,74.02,1.019999999999996,,0.0,74.02,1.019999999999996,Madden 27 baseline
Felix Anudike-Uzomah,KC,EDGE,DL,73.0,73.68,0.6800000000000068,,0.0,73.68,0.6800000000000068,Madden 27 baseline
Justin Eboigbe,LAC,DT,DL,73.0,74.15,1.1500000000000057,,0.0,74.15,1.1500000000000057,Madden 27 baseline
Adam Butler,LV,DT,DL,73.0,73.63,0.6299999999999955,,0.0,73.63,0.6299999999999955,Madden 27 baseline
Clelin Ferrell,MIA,EDGE,DL,73.0,73.91,0.9099999999999966,,0.0,73.91,0.9099999999999966,Madden 27 baseline
Domonique Orange,MIN,DT,DL,73.0,73.91,0.9099999999999966,,0.0,73.91,0.9099999999999966,Madden 27 baseline
Tyree Wilson,NO,EDGE,DL,73.0,73.6,0.5999999999999943,,0.0,73.6,0.5999999999999943,Madden 27 baseline
Chauncey Golston,NYG,EDGE,DL,73.0,74.14,1.1400000000000006,,0.0,74.14,1.1400000000000006,Madden 27 baseline
Keion White,SF,EDGE,DL,73.0,73.99,0.9899999999999949,,0.0,73.99,0.9899999999999949,Madden 27 baseline
Kevin Givens,SF,DT,DL,73.0,73.88,0.8799999999999955,,0.0,73.88,0.8799999999999955,Madden 27 baseline
Chris Braswell,TB,EDGE,DL,73.0,73.97,0.9699999999999989,,0.0,73.97,0.9699999999999989,Madden 27 baseline
Oluwafemi Oladejo,TEN,EDGE,DL,73.0,74.0,1.0,,0.0,74.0,1.0,Madden 27 baseline
Drake Jackson,WAS,EDGE,DL,73.0,73.01,0.010000000000005116,,0.0,73.01,0.010000000000005116,Madden 27 baseline
Roy Lopez,ARI,DT,DL,72.0,73.1,1.0999999999999943,,0.0,73.1,1.0999999999999943,Madden 27 baseline
BJ Ojulari,ARI,EDGE,DL,72.0,72.28,0.28000000000000114,,0.0,72.28,0.28000000000000114,Madden 27 baseline
Adisa Isaac,BAL,EDGE,DL,72.0,72.79,0.7900000000000063,,0.0,72.79,0.7900000000000063,Madden 27 baseline
Deone Walker,BUF,DT,DL,72.0,73.65,1.6500000000000057,,0.0,73.65,1.6500000000000057,Madden 27 baseline
Patrick Jones II,CAR,EDGE,DL,72.0,73.14,1.1400000000000006,,0.0,73.14,1.1400000000000006,Madden 27 baseline
Princely Umanmielen,CAR,EDGE,DL,72.0,73.12,1.1200000000000045,,0.0,73.12,1.1200000000000045,Madden 27 baseline
Shemar Turner,CHI,EDGE,DL,72.0,72.73,0.730000000000004,,0.0,72.73,0.730000000000004,Madden 27 baseline
Mike Hall Jr,CLE,DT,DL,72.0,73.51,1.5100000000000051,,0.0,73.51,1.5100000000000051,Madden 27 baseline
Alex Wright,CLE,EDGE,DL,72.0,73.31,1.3100000000000023,,0.0,73.31,1.3100000000000023,Madden 27 baseline
Isaiah McGuire,CLE,EDGE,DL,72.0,73.04,1.0400000000000063,,0.0,73.04,1.0400000000000063,Madden 27 baseline
James Houston IV,DAL,EDGE,DL,72.0,72.9,0.9000000000000057,,0.0,72.9,0.9000000000000057,Madden 27 baseline
Malcolm Roach,DEN,DT,DL,72.0,73.18,1.1800000000000068,,0.0,73.18,1.1800000000000068,Madden 27 baseline
Drew Sanders,DEN,EDGE,DL,72.0,73.05,1.0499999999999972,,0.0,73.05,1.0499999999999972,Madden 27 baseline
Mario Edwards Jr,HOU,DT,DL,72.0,72.94,0.9399999999999977,,0.0,72.94,0.9399999999999977,Madden 27 baseline
Ashton Gillotte,KC,EDGE,DL,72.0,73.09,1.0900000000000034,,0.0,73.09,1.0900000000000034,Madden 27 baseline
Bud Dupree,LAC,EDGE,DL,72.0,73.11,1.1099999999999994,,0.0,73.11,1.1099999999999994,Madden 27 baseline
Trey Moore,MIA,EDGE,DL,72.0,72.68,0.6800000000000068,,0.0,72.68,0.6800000000000068,Madden 27 baseline
David Ojabo,MIA,EDGE,DL,72.0,71.86,-0.14000000000000057,,0.0,71.86,-0.14000000000000057,Madden 27 baseline
Darius Alexander,NYG,DT,DL,72.0,73.57,1.5699999999999932,,0.0,73.57,1.5699999999999932,Madden 27 baseline
Roy Robertson-Harris,NYG,DT,DL,72.0,72.96,0.9599999999999937,,0.0,72.96,0.9599999999999937,Madden 27 baseline
Darrell Jackson Jr.,NYJ,DT,DL,72.0,73.26,1.2600000000000051,,0.0,73.26,1.2600000000000051,Madden 27 baseline
Kingsley Enagbare,NYJ,EDGE,DL,72.0,73.2,1.2000000000000028,,0.0,73.2,1.2000000000000028,Madden 27 baseline
Jack Sawyer,PIT,EDGE,DL,72.0,73.21,1.2099999999999937,,0.0,73.21,1.2099999999999937,Madden 27 baseline
Gracen Halton,SF,DT,DL,72.0,73.45,1.4500000000000028,,0.0,73.45,1.4500000000000028,Madden 27 baseline
Alfred Collins,SF,DT,DL,72.0,72.66,0.6599999999999966,,0.0,72.66,0.6599999999999966,Madden 27 baseline
Solomon Thomas,TEN,DT,DL,72.0,72.64,0.6400000000000006,,0.0,72.64,0.6400000000000006,Madden 27 baseline
Tim Settle Jr,WAS,DT,DL,72.0,73.66,1.6599999999999966,,0.0,73.66,1.6599999999999966,Madden 27 baseline
Joshua Josephs,WAS,EDGE,DL,72.0,73.41,1.4099999999999966,,0.0,73.41,1.4099999999999966,Madden 27 baseline
Javon Kinlaw,WAS,DT,DL,72.0,73.29,1.2900000000000063,,0.0,73.29,1.2900000000000063,Madden 27 baseline
Kaleb Proctor,ARI,DT,DL,71.0,72.5,1.5,,0.0,72.5,1.5,Madden 27 baseline
Dante Stills,ARI,DT,DL,71.0,72.31,1.3100000000000023,,0.0,72.31,1.3100000000000023,Madden 27 baseline
Bralen Trice,ATL,EDGE,DL,71.0,72.27,1.269999999999996,,0.0,72.27,1.269999999999996,Madden 27 baseline
Broderick Washington,BAL,DT,DL,71.0,72.06,1.0600000000000023,,0.0,72.06,1.0600000000000023,Madden 27 baseline
Trevis Gipson,CAR,EDGE,DL,71.0,71.74,0.7399999999999949,,0.0,71.74,0.7399999999999949,Madden 27 baseline
Neville Gallimore,CHI,DT,DL,71.0,72.52,1.519999999999996,,0.0,72.52,1.519999999999996,Madden 27 baseline
Elijah Chatman,CLE,DT,DL,71.0,72.16,1.1599999999999966,,0.0,72.16,1.1599999999999966,Madden 27 baseline
LT Overton,DAL,DT,DL,71.0,72.47,1.4699999999999989,,0.0,72.47,1.4699999999999989,Madden 27 baseline
Micheal Clemons,IND,EDGE,DL,71.0,72.14,1.1400000000000006,,0.0,72.14,1.1400000000000006,Madden 27 baseline
Jerry Tillery,IND,DT,DL,71.0,71.87,0.8700000000000045,,0.0,71.87,0.8700000000000045,Madden 27 baseline
Omarr Norman-Lott,KC,DT,DL,71.0,72.38,1.3799999999999955,,0.0,72.38,1.3799999999999955,Madden 27 baseline
Ty Hamilton,LA,DT,DL,71.0,71.88,0.8799999999999955,,0.0,71.88,0.8799999999999955,Madden 27 baseline
Jamaree Caldwell,LAC,DT,DL,71.0,71.87,0.8700000000000045,,0.0,71.87,0.8700000000000045,Madden 27 baseline
Jordan Phillips,MIA,DT,DL,71.0,72.11,1.1099999999999994,,0.0,72.11,1.1099999999999994,Madden 27 baseline
Max Llewellyn,MIA,EDGE,DL,71.0,71.87,0.8700000000000045,,0.0,71.87,0.8700000000000045,Madden 27 baseline
Joshua Farmer,NE,DT,DL,71.0,71.72,0.7199999999999989,,0.0,71.72,0.7199999999999989,Madden 27 baseline
Ty Robinson,PHI,DT,DL,71.0,72.04,1.0400000000000063,,0.0,72.04,1.0400000000000063,Madden 27 baseline
Dean Lowry,PIT,DT,DL,71.0,71.89,0.8900000000000006,,0.0,71.89,0.8900000000000006,Madden 27 baseline
Cam Sample,SF,EDGE,DL,71.0,72.57,1.5699999999999932,,0.0,72.57,1.5699999999999932,Madden 27 baseline
DJ Johnson,WAS,EDGE,DL,71.0,71.75,0.75,,0.0,71.75,0.75,Madden 27 baseline
Shy Tuttle,WAS,DT,DL,71.0,71.69,0.6899999999999977,,0.0,71.69,0.6899999999999977,Madden 27 baseline
Darius Robinson,ARI,DT,DL,70.0,71.31,1.3100000000000023,,0.0,71.31,1.3100000000000023,Madden 27 baseline
Cameron Thomas,ATL,EDGE,DL,70.0,71.38,1.3799999999999955,,0.0,71.38,1.3799999999999955,Madden 27 baseline
DeWayne Carter,BUF,DT,DL,70.0,71.72,1.7199999999999989,,0.0,71.72,1.7199999999999989,Madden 27 baseline
Cam Jackson,CAR,DT,DL,70.0,70.54,0.5400000000000063,,0.0,70.54,0.5400000000000063,Madden 27 baseline
Kentavius Street,CHI,DT,DL,70.0,71.04,1.0400000000000063,,0.0,71.04,1.0400000000000063,Madden 27 baseline
T.J. Slaton,CIN,DT,DL,70.0,71.22,1.2199999999999989,,0.0,71.22,1.2199999999999989,Madden 27 baseline
Isaiah Foskey,CIN,EDGE,DL,70.0,70.83,0.8299999999999983,,0.0,70.83,0.8299999999999983,Madden 27 baseline
Dondrea Tillman,DEN,EDGE,DL,70.0,71.46,1.4599999999999937,,0.0,71.46,1.4599999999999937,Madden 27 baseline
Sai'vion Jones,DEN,DT,DL,70.0,71.3,1.2999999999999972,,0.0,71.3,1.2999999999999972,Madden 27 baseline
Mekhi Wingo,DET,DT,DL,70.0,71.42,1.4200000000000017,,0.0,71.42,1.4200000000000017,Madden 27 baseline
Tyre West,DET,EDGE,DL,70.0,71.24,1.2399999999999949,,0.0,71.24,1.2399999999999949,Madden 27 baseline
Karl Brooks,GB,DT,DL,70.0,71.33,1.3299999999999983,,0.0,71.33,1.3299999999999983,Madden 27 baseline
Collin Oliver,GB,EDGE,DL,70.0,71.07,1.0699999999999932,,0.0,71.07,1.0699999999999932,Madden 27 baseline
Barryn Sorrell,GB,EDGE,DL,70.0,71.03,1.0300000000000011,,0.0,71.03,1.0300000000000011,Madden 27 baseline
Jaden Crumedy,HOU,DT,DL,70.0,71.31,1.3100000000000023,,0.0,71.31,1.3100000000000023,Madden 27 baseline
George Gumbs Jr.,IND,EDGE,DL,70.0,71.08,1.0799999999999983,,0.0,71.08,1.0799999999999983,Madden 27 baseline
Zach Durfee,JAX,EDGE,DL,70.0,70.81,0.8100000000000023,,0.0,70.81,0.8100000000000023,Madden 27 baseline
Nick Barrett,LAC,DT,DL,70.0,71.3,1.2999999999999972,,0.0,71.3,1.2999999999999972,Madden 27 baseline
Brennan Jackson,LV,EDGE,DL,70.0,71.48,1.480000000000004,,0.0,71.48,1.480000000000004,Madden 27 baseline
Khristian Boyd,NO,DT,DL,70.0,71.26,1.2600000000000051,,0.0,71.26,1.2600000000000051,Madden 27 baseline
Leki Fotu,NYG,DT,DL,70.0,70.54,0.5400000000000063,,0.0,70.54,0.5400000000000063,Madden 27 baseline
Mazi Smith,NYJ,DT,DL,70.0,70.4,0.4000000000000057,,0.0,70.4,0.4000000000000057,Madden 27 baseline
Logan Lee,PIT,DT,DL,70.0,71.44,1.4399999999999977,,0.0,71.44,1.4399999999999977,Madden 27 baseline
Elijah Roberts,TB,DT,DL,70.0,71.66,1.6599999999999966,,0.0,71.66,1.6599999999999966,Madden 27 baseline
Demonte Capehart,TB,DT,DL,70.0,71.1,1.0999999999999943,,0.0,71.1,1.0999999999999943,Madden 27 baseline
Mohamed Kamara,TB,EDGE,DL,70.0,71.03,1.0300000000000011,,0.0,71.03,1.0300000000000011,Madden 27 baseline
Jordan Elliott,TEN,DT,DL,70.0,71.23,1.230000000000004,,0.0,71.23,1.230000000000004,Madden 27 baseline
Maason Smith,ATL,DT,DL,69.0,70.9,1.9000000000000057,,0.0,70.9,1.9000000000000057,Madden 27 baseline
Javon Solomon,BUF,EDGE,DL,69.0,70.51,1.5100000000000051,,0.0,70.51,1.5100000000000051,Madden 27 baseline
Zane Durant,BUF,DT,DL,69.0,70.47,1.4699999999999989,,0.0,70.47,1.4699999999999989,Madden 27 baseline
Phidarian Mathis,BUF,DT,DL,69.0,70.21,1.2099999999999937,,0.0,70.21,1.2099999999999937,Madden 27 baseline
Nick Hampton,CAR,EDGE,DL,69.0,69.62,0.6200000000000045,,0.0,69.62,0.6200000000000045,Madden 27 baseline
Cedric Johnson,CIN,EDGE,DL,69.0,70.47,1.4699999999999989,,0.0,70.47,1.4699999999999989,Madden 27 baseline
McKinnley Jackson,CIN,DT,DL,69.0,70.32,1.3199999999999932,,0.0,70.32,1.3199999999999932,Madden 27 baseline
Jordan Jefferson,CIN,DT,DL,69.0,70.26,1.2600000000000051,,0.0,70.26,1.2600000000000051,Madden 27 baseline
Julian Okwara,CLE,EDGE,DL,69.0,70.08,1.0799999999999983,,0.0,70.08,1.0799999999999983,Madden 27 baseline
Marist Liufau,DAL,EDGE,DL,69.0,70.23,1.230000000000004,,0.0,70.23,1.230000000000004,Madden 27 baseline
Eyioma Uwazurike,DEN,DT,DL,69.0,70.69,1.6899999999999977,,0.0,70.69,1.6899999999999977,Madden 27 baseline
Que Robinson,DEN,EDGE,DL,69.0,69.58,0.5799999999999983,,0.0,69.58,0.5799999999999983,Madden 27 baseline
Chris Smith,DET,DT,DL,69.0,69.98,0.980000000000004,,0.0,69.98,0.980000000000004,Madden 27 baseline
Dominique Robinson,HOU,EDGE,DL,69.0,70.22,1.2199999999999989,,0.0,70.22,1.2199999999999989,Madden 27 baseline
Adetomiwa Adebawore,IND,DT,DL,69.0,70.33,1.3299999999999983,,0.0,70.33,1.3299999999999983,Madden 27 baseline
Kyle Kennard,LAC,EDGE,DL,69.0,70.34,1.3400000000000034,,0.0,70.34,1.3400000000000034,Madden 27 baseline
Jonah Laulu,LV,DT,DL,69.0,70.82,1.8199999999999932,,0.0,70.82,1.8199999999999932,Madden 27 baseline
Levi Drake Rodriguez,MIN,DT,DL,69.0,70.46,1.4599999999999937,,0.0,70.46,1.4599999999999937,Madden 27 baseline
Bo Richter,MIN,EDGE,DL,69.0,69.33,0.3299999999999983,,0.0,69.33,0.3299999999999983,Madden 27 baseline
Bradyn Swinson,NE,EDGE,DL,69.0,70.35,1.3499999999999943,,0.0,70.35,1.3499999999999943,Madden 27 baseline
Jeremiah Pharms Jr,NE,DT,DL,69.0,69.96,0.9599999999999937,,0.0,69.96,0.9599999999999937,Madden 27 baseline
Colby Wooden,NO,DT,DL,69.0,70.6,1.5999999999999943,,0.0,70.6,1.5999999999999943,Madden 27 baseline
Chris Rumph II,NO,EDGE,DL,69.0,69.91,0.9099999999999966,,0.0,69.91,0.9099999999999966,Madden 27 baseline
Marlon Davidson,NYG,DT,DL,69.0,70.03,1.0300000000000011,,0.0,70.03,1.0300000000000011,Madden 27 baseline
Tyler Baron,NYJ,EDGE,DL,69.0,70.59,1.5900000000000034,,0.0,70.59,1.5900000000000034,Madden 27 baseline
Byron Young,PHI,DT,DL,69.0,69.97,0.9699999999999989,,0.0,69.97,0.9699999999999989,Madden 27 baseline
Byron Young,PHI,DT,DL,69.0,69.97,0.9699999999999989,,0.0,69.97,0.9699999999999989,Madden 27 baseline
Rylie Mills,SEA,DT,DL,69.0,70.57,1.5699999999999932,,0.0,70.57,1.5699999999999932,Madden 27 baseline
CJ West,SF,DT,DL,69.0,70.46,1.4599999999999937,,0.0,70.46,1.4599999999999937,Madden 27 baseline
Rakeem Nunez-Roches Sr,TB,DT,DL,69.0,70.27,1.269999999999996,,0.0,70.27,1.269999999999996,Madden 27 baseline
David Walker,TB,EDGE,DL,69.0,70.25,1.25,,0.0,70.25,1.25,Madden 27 baseline
Khalen Saunders,TEN,DT,DL,69.0,70.48,1.480000000000004,,0.0,70.48,1.480000000000004,Madden 27 baseline
L.J. Collier,ARI,DT,DL,68.0,69.54,1.5400000000000063,,0.0,69.54,1.5400000000000063,Madden 27 baseline
Jonah Williams,ARI,DT,DL,68.0,69.37,1.3700000000000045,,0.0,69.37,1.3700000000000045,Madden 27 baseline
LaCale London,ATL,DT,DL,68.0,69.56,1.5600000000000023,,0.0,69.56,1.5600000000000023,Madden 27 baseline
James Lynch,CHI,DT,DL,68.0,69.34,1.3400000000000034,,0.0,69.34,1.3400000000000034,Madden 27 baseline
Jordan van den Berg,CHI,DT,DL,68.0,69.11,1.1099999999999994,,0.0,69.11,1.1099999999999994,Madden 27 baseline
Antwaun Powell-Ryland,CIN,EDGE,DL,68.0,69.41,1.4099999999999966,,0.0,69.41,1.4099999999999966,Madden 27 baseline
Otito Ogbonnia,DAL,DT,DL,68.0,69.42,1.4200000000000017,,0.0,69.42,1.4200000000000017,Madden 27 baseline
Matt Henningsen,DEN,DT,DL,68.0,68.52,0.519999999999996,,0.0,68.52,0.519999999999996,Madden 27 baseline
Ahmed Hassanein,DET,EDGE,DL,68.0,69.54,1.5400000000000063,,0.0,69.54,1.5400000000000063,Madden 27 baseline
Tyler Lacy,DET,DT,DL,68.0,69.17,1.1700000000000017,,0.0,69.17,1.1700000000000017,Madden 27 baseline
Jordon Riley,GB,DT,DL,68.0,68.54,0.5400000000000063,,0.0,68.54,0.5400000000000063,Madden 27 baseline
Scott Matlock,LAC,DT,DL,68.0,69.42,1.4200000000000017,,0.0,69.42,1.4200000000000017,Madden 27 baseline
Tonka Hemingway,LV,DT,DL,68.0,70.0,2.0,,0.0,70.0,2.0,Madden 27 baseline
Benito Jones,LV,DT,DL,68.0,69.6,1.5999999999999943,,0.0,69.6,1.5999999999999943,Madden 27 baseline
Cory Durden,NE,DT,DL,68.0,70.17,2.1700000000000017,,0.0,70.17,2.1700000000000017,Madden 27 baseline
Jesse Luketa,NE,EDGE,DL,68.0,69.56,1.5600000000000023,,0.0,69.56,1.5600000000000023,Madden 27 baseline
Elijah Ponder,NE,EDGE,DL,68.0,68.96,0.9599999999999937,,0.0,68.96,0.9599999999999937,Madden 27 baseline
Vernon Broughton,NO,DT,DL,68.0,69.82,1.8199999999999932,,0.0,69.82,1.8199999999999932,Madden 27 baseline
Fadil Diggs,NO,EDGE,DL,68.0,69.1,1.0999999999999943,,0.0,69.1,1.0999999999999943,Madden 27 baseline
Sam Roberts,NYG,DT,DL,68.0,69.74,1.7399999999999949,,0.0,69.74,1.7399999999999949,Madden 27 baseline
Zacch Pickens,NYG,DT,DL,68.0,69.4,1.4000000000000057,,0.0,69.4,1.4000000000000057,Madden 27 baseline
Keyshawn James-Newby,PHI,EDGE,DL,68.0,69.0,1.0,,0.0,69.0,1.0,Madden 27 baseline
Yahya Black,PIT,DT,DL,68.0,69.39,1.3900000000000006,,0.0,69.39,1.3900000000000006,Madden 27 baseline
Mike Morris,SEA,DT,DL,68.0,69.27,1.269999999999996,,0.0,69.27,1.269999999999996,Madden 27 baseline
Sam Okuayinonu,SF,EDGE,DL,68.0,69.59,1.5900000000000034,,0.0,69.59,1.5900000000000034,Madden 27 baseline
Jalyn Holmes,TEN,EDGE,DL,68.0,69.81,1.8100000000000023,,0.0,69.81,1.8100000000000023,Madden 27 baseline
Jackie Marshall,TEN,DT,DL,68.0,69.57,1.5699999999999932,,0.0,69.57,1.5699999999999932,Madden 27 baseline
Anterio Thompson,ATL,DT,DL,67.0,68.5,1.5,,0.0,68.5,1.5,Madden 27 baseline
Aeneas Peebles,BAL,DT,DL,67.0,69.32,2.319999999999993,,0.0,69.32,2.319999999999993,Madden 27 baseline
Rayshaun Benny,BAL,DT,DL,67.0,68.92,1.9200000000000017,,0.0,68.92,1.9200000000000017,Madden 27 baseline
LaBryan Ray,CAR,DT,DL,67.0,67.67,0.6700000000000017,,0.0,67.67,0.6700000000000017,Madden 27 baseline
Jamree Kromah,CHI,EDGE,DL,67.0,68.59,1.5900000000000034,,0.0,68.59,1.5900000000000034,Madden 27 baseline
Daniel Hardy,CHI,EDGE,DL,67.0,67.5,0.5,,0.0,67.5,0.5,Madden 27 baseline
Kalia Davis,CLE,DT,DL,67.0,68.55,1.5499999999999972,,0.0,68.55,1.5499999999999972,Madden 27 baseline
Dylan Horton,HOU,EDGE,DL,67.0,68.6,1.5999999999999943,,0.0,68.6,1.5999999999999943,Madden 27 baseline
Tim Smith,IND,DT,DL,67.0,68.06,1.0600000000000023,,0.0,68.06,1.0600000000000023,Madden 27 baseline
Quinton Bohanna,JAX,DT,DL,67.0,68.15,1.1500000000000057,,0.0,68.15,1.1500000000000057,Madden 27 baseline
Larrell Murchison,LA,DT,DL,67.0,68.71,1.7099999999999937,,0.0,68.71,1.7099999999999937,Madden 27 baseline
JJ Pegues,LV,DT,DL,67.0,68.93,1.9300000000000068,,0.0,68.93,1.9300000000000068,Madden 27 baseline
Matthew Butler,MIA,DT,DL,67.0,68.43,1.4300000000000068,,0.0,68.43,1.4300000000000068,Madden 27 baseline
Tyrion Ingram-Dawkins,MIN,EDGE,DL,67.0,68.77,1.769999999999996,,0.0,68.77,1.769999999999996,Madden 27 baseline
Quintayvious Hutchins,NE,EDGE,DL,67.0,68.42,1.4200000000000017,,0.0,68.42,1.4200000000000017,Madden 27 baseline
Josh Tupou,NYG,DT,DL,67.0,67.94,0.9399999999999977,,0.0,67.94,0.9399999999999977,Madden 27 baseline
Braiden McGregor,NYJ,EDGE,DL,67.0,68.6,1.5999999999999943,,0.0,68.6,1.5999999999999943,Madden 27 baseline
Gabe Rubio,PIT,DT,DL,67.0,68.68,1.6800000000000068,,0.0,68.68,1.6800000000000068,Madden 27 baseline
Jamie Sheriff,SEA,EDGE,DL,67.0,68.36,1.3599999999999994,,0.0,68.36,1.3599999999999994,Madden 27 baseline
Khalid Kareem,SF,EDGE,DL,67.0,68.53,1.5300000000000011,,0.0,68.53,1.5300000000000011,Madden 27 baseline
Elijah Simmons,TB,DT,DL,67.0,68.66,1.6599999999999966,,0.0,68.66,1.6599999999999966,Madden 27 baseline
Marcus Harris,TEN,DT,DL,67.0,69.04,2.0400000000000063,,0.0,69.04,2.0400000000000063,Madden 27 baseline
Marcus Harris,TEN,DT,DL,67.0,69.04,2.0400000000000063,,0.0,69.04,2.0400000000000063,Madden 27 baseline
D.J. Davidson,WAS,DT,DL,67.0,68.63,1.6299999999999955,,0.0,68.63,1.6299999999999955,Madden 27 baseline
Zach Carter,ARI,DT,DL,66.0,67.75,1.75,,0.0,67.75,1.75,Madden 27 baseline
Thomas Incoom,CAR,EDGE,DL,66.0,67.0,1.0,,0.0,67.0,1.0,Madden 27 baseline
Cam Gill,CAR,EDGE,DL,66.0,66.9,0.9000000000000057,,0.0,66.9,0.9000000000000057,Madden 27 baseline
Jonathan Garvin,CHI,EDGE,DL,66.0,67.44,1.4399999999999977,,0.0,67.44,1.4399999999999977,Madden 27 baseline
Landon Robinson,CIN,DT,DL,66.0,67.28,1.2800000000000011,,0.0,67.28,1.2800000000000011,Madden 27 baseline
Warren Brinson,GB,DT,DL,66.0,68.6,2.5999999999999943,,0.0,68.6,2.5999999999999943,Madden 27 baseline
Brenton Cox,GB,EDGE,DL,66.0,67.92,1.9200000000000017,,0.0,67.92,1.9200000000000017,Madden 27 baseline
Kyonte Hamilton,HOU,DT,DL,66.0,67.92,1.9200000000000017,,0.0,67.92,1.9200000000000017,Madden 27 baseline
Ali Gaye,HOU,EDGE,DL,66.0,66.94,0.9399999999999977,,0.0,66.94,0.9399999999999977,Madden 27 baseline
Nadame Tucker,LAC,EDGE,DL,66.0,68.19,2.1899999999999977,,0.0,68.19,2.1899999999999977,Madden 27 baseline
Thomas Booker IV,LV,DT,DL,66.0,67.07,1.0699999999999932,,0.0,67.07,1.0699999999999932,Madden 27 baseline
Cameron Goode,MIA,EDGE,DL,66.0,66.33,0.3299999999999983,,0.0,66.33,0.3299999999999983,Madden 27 baseline
David Blay Jr.,NE,DT,DL,66.0,67.39,1.3900000000000006,,0.0,67.39,1.3900000000000006,Madden 27 baseline
Myles Cole,NO,DT,DL,66.0,67.73,1.730000000000004,,0.0,67.73,1.730000000000004,Madden 27 baseline
John Ridgeway III,NO,DT,DL,66.0,67.38,1.3799999999999955,,0.0,67.38,1.3799999999999955,Madden 27 baseline
Bobby Jamison-Travis,NYG,DT,DL,66.0,68.05,2.049999999999997,,0.0,68.05,2.049999999999997,Madden 27 baseline
Eric Watts,NYJ,DT,DL,66.0,67.93,1.9300000000000068,,0.0,67.93,1.9300000000000068,Madden 27 baseline
Kevin Jobity Jr.,PIT,DT,DL,66.0,67.61,1.6099999999999994,,0.0,67.61,1.6099999999999994,Madden 27 baseline
Quinton Bell,SF,EDGE,DL,66.0,66.82,0.8199999999999932,,0.0,66.82,0.8199999999999932,Madden 27 baseline
Jaylen Harrell,TEN,EDGE,DL,66.0,67.53,1.5300000000000011,,0.0,67.53,1.5300000000000011,Madden 27 baseline
Nazir Stackhouse,TEN,DT,DL,66.0,67.36,1.3599999999999994,,0.0,67.36,1.3599999999999994,Madden 27 baseline
Javontae Jean-Baptiste,WAS,EDGE,DL,66.0,67.58,1.5799999999999983,,0.0,67.58,1.5799999999999983,Madden 27 baseline
PJ Mustipher,ARI,DT,DL,65.0,66.31,1.3100000000000023,,0.0,66.31,1.3100000000000023,Madden 27 baseline
Aaron Graves,BAL,DT,DL,65.0,67.09,2.0900000000000034,,0.0,67.09,2.0900000000000034,Madden 27 baseline
Tommy Akingbesote,BUF,DT,DL,65.0,67.09,2.0900000000000034,,0.0,67.09,2.0900000000000034,Madden 27 baseline
Zion Logue,BUF,DT,DL,65.0,67.09,2.0900000000000034,,0.0,67.09,2.0900000000000034,Madden 27 baseline
Adin Huntington,CLE,DT,DL,65.0,67.08,2.0799999999999983,,0.0,67.08,2.0799999999999983,Madden 27 baseline
Jay Toia,DAL,DT,DL,65.0,66.77,1.769999999999996,,0.0,66.77,1.769999999999996,Madden 27 baseline
Tyrus Wheat,DAL,EDGE,DL,65.0,66.22,1.2199999999999989,,0.0,66.22,1.2199999999999989,Madden 27 baseline
Jordan Jackson,DEN,DT,DL,65.0,66.73,1.730000000000004,,0.0,66.73,1.730000000000004,Madden 27 baseline
Skyler Gill-Howard,DET,DT,DL,65.0,67.32,2.319999999999993,,0.0,67.32,2.319999999999993,Madden 27 baseline
Naquan Jones,HOU,DT,DL,65.0,66.77,1.769999999999996,,0.0,66.77,1.769999999999996,Madden 27 baseline
Danny Striggow,JAX,EDGE,DL,65.0,66.9,1.9000000000000057,,0.0,66.9,1.9000000000000057,Madden 27 baseline
Bryan Thomas Jr.,JAX,EDGE,DL,65.0,66.79,1.7900000000000063,,0.0,66.79,1.7900000000000063,Madden 27 baseline
Matt Dickerson,JAX,DT,DL,65.0,66.52,1.519999999999996,,0.0,66.52,1.519999999999996,Madden 27 baseline
Cole Brevard,KC,DT,DL,65.0,67.0,2.0,,0.0,67.0,2.0,Madden 27 baseline
Tyreke Smith,KC,EDGE,DL,65.0,66.98,1.980000000000004,,0.0,66.98,1.980000000000004,Madden 27 baseline
Desjuan Johnson,LA,EDGE,DL,65.0,67.38,2.3799999999999955,,0.0,67.38,2.3799999999999955,Madden 27 baseline
Payton Zdroik,LA,DT,DL,65.0,66.97,1.9699999999999989,,0.0,66.97,1.9699999999999989,Madden 27 baseline
Terry Webb,LAC,DT,DL,65.0,66.52,1.519999999999996,,0.0,66.52,1.519999999999996,Madden 27 baseline
Brandon Cleveland,LV,DT,DL,65.0,66.66,1.6599999999999966,,0.0,66.66,1.6599999999999966,Madden 27 baseline
Patrick Johnson,LV,EDGE,DL,65.0,66.46,1.4599999999999937,,0.0,66.46,1.4599999999999937,Madden 27 baseline
Zeek Biggers,MIA,DT,DL,65.0,67.05,2.049999999999997,,0.0,67.05,2.049999999999997,Madden 27 baseline
Isaiahh Loudermilk,MIN,DT,DL,65.0,66.93,1.9300000000000068,,0.0,66.93,1.9300000000000068,Madden 27 baseline
Eric Johnson II,MIN,DT,DL,65.0,66.62,1.6200000000000045,,0.0,66.62,1.6200000000000045,Madden 27 baseline
Taki Taimani,MIN,DT,DL,65.0,66.34,1.3400000000000034,,0.0,66.34,1.3400000000000034,Madden 27 baseline
Chaz Chambliss,MIN,EDGE,DL,65.0,66.09,1.0900000000000034,,0.0,66.09,1.0900000000000034,Madden 27 baseline
Leonard Taylor III,NE,DT,DL,65.0,67.67,2.6700000000000017,,0.0,67.67,2.6700000000000017,Madden 27 baseline
Kingsley Jonathan,NYJ,EDGE,DL,65.0,66.57,1.5699999999999932,,0.0,66.57,1.5699999999999932,Madden 27 baseline
Esezi Otomewo,PIT,DT,DL,65.0,66.63,1.6299999999999955,,0.0,66.63,1.6299999999999955,Madden 27 baseline
Truman Jones,TEN,EDGE,DL,65.0,66.72,1.7199999999999989,,0.0,66.72,1.7199999999999989,Madden 27 baseline
Timmy Horne,TEN,DT,DL,65.0,66.39,1.3900000000000006,,0.0,66.39,1.3900000000000006,Madden 27 baseline
Chris Williams,ATL,DT,DL,64.0,65.82,1.8199999999999932,,0.0,65.82,1.8199999999999932,Madden 27 baseline
Kaimon Rucker,BAL,EDGE,DL,64.0,66.2,2.200000000000003,,0.0,66.2,2.200000000000003,Madden 27 baseline
Jared Harrison-Hunte,CAR,DT,DL,64.0,65.79,1.7900000000000063,,0.0,65.79,1.7900000000000063,Madden 27 baseline
Isaiah Land,DAL,EDGE,DL,64.0,65.1,1.0999999999999943,,0.0,65.1,1.0999999999999943,Madden 27 baseline
BJ Green II,JAX,EDGE,DL,64.0,65.91,1.9099999999999966,,0.0,65.91,1.9099999999999966,Madden 27 baseline
Darryl Peterson III,LA,EDGE,DL,64.0,66.24,2.239999999999995,,0.0,66.24,2.239999999999995,Madden 27 baseline
Eric Gregory,NE,DT,DL,64.0,65.94,1.9399999999999977,,0.0,65.94,1.9399999999999977,Madden 27 baseline
Casey Rogers,NE,DT,DL,64.0,65.53,1.5300000000000011,,0.0,65.53,1.5300000000000011,Madden 27 baseline
Jack Heflin,NYJ,DT,DL,64.0,65.26,1.2600000000000051,,0.0,65.26,1.2600000000000051,Madden 27 baseline
Gabe Hall,PHI,DT,DL,64.0,65.87,1.8700000000000045,,0.0,65.87,1.8700000000000045,Madden 27 baseline
Jacoby Windmon,PIT,EDGE,DL,64.0,65.74,1.7399999999999949,,0.0,65.74,1.7399999999999949,Madden 27 baseline
Deven Eastern,SEA,DT,DL,64.0,66.6,2.5999999999999943,,0.0,66.6,2.5999999999999943,Madden 27 baseline
Connor O'Toole,SEA,EDGE,DL,64.0,65.73,1.730000000000004,,0.0,65.73,1.730000000000004,Madden 27 baseline
Andre Jones Jr,BUF,EDGE,DL,63.0,64.93,1.9300000000000068,,0.0,64.93,1.9300000000000068,Madden 27 baseline
Jonathan Ford,GB,DT,DL,63.0,64.65,1.6500000000000057,,0.0,64.65,1.6500000000000057,Madden 27 baseline
Ethan Downs,KC,EDGE,DL,63.0,65.29,2.2900000000000063,,0.0,65.29,2.2900000000000063,Madden 27 baseline
Vincent Anthony Jr.,KC,EDGE,DL,63.0,65.0,2.0,,0.0,65.0,2.0,Madden 27 baseline
Tim Keenan III,LA,DT,DL,63.0,65.61,2.6099999999999994,,0.0,65.61,2.6099999999999994,Madden 27 baseline
Tomon Fox,LA,EDGE,DL,63.0,65.16,2.1599999999999966,,0.0,65.16,2.1599999999999966,Madden 27 baseline
Garmon Randolph,LAC,EDGE,DL,63.0,64.95,1.9500000000000028,,0.0,64.95,1.9500000000000028,Madden 27 baseline
Jahfari Harvey,LV,EDGE,DL,63.0,65.09,2.0900000000000034,,0.0,65.09,2.0900000000000034,Madden 27 baseline
Treven Ma'ae,LV,DT,DL,63.0,64.78,1.7800000000000011,,0.0,64.78,1.7800000000000011,Madden 27 baseline
Robert Beal Jr,MIA,EDGE,DL,63.0,64.44,1.4399999999999977,,0.0,64.44,1.4399999999999977,Madden 27 baseline
Tyler Batty,MIN,EDGE,DL,63.0,65.31,2.3100000000000023,,0.0,65.31,2.3100000000000023,Madden 27 baseline
Smith Vilbert,MIN,DT,DL,63.0,64.89,1.8900000000000006,,0.0,64.89,1.8900000000000006,Madden 27 baseline
C.J. Okoye,NYG,DT,DL,63.0,65.13,2.1299999999999955,,0.0,65.13,2.1299999999999955,Madden 27 baseline
Brandon Pili,SEA,DT,DL,63.0,64.57,1.5699999999999932,,0.0,64.57,1.5699999999999932,Madden 27 baseline
Earnest Brown IV,TEN,EDGE,DL,63.0,64.99,1.9899999999999949,,0.0,64.99,1.9899999999999949,Madden 27 baseline
Eku Leota,ARI,EDGE,DL,62.0,63.91,1.9099999999999966,,0.0,63.91,1.9099999999999966,Madden 27 baseline
TeRah Edwards,CAR,DT,DL,62.0,64.26,2.260000000000005,,0.0,64.26,2.260000000000005,Madden 27 baseline
Arron Mosby,GB,EDGE,DL,62.0,64.29,2.2900000000000063,,0.0,64.29,2.2900000000000063,Madden 27 baseline
Solomon Byrd,HOU,EDGE,DL,62.0,64.25,2.25,,0.0,64.25,2.25,Madden 27 baseline
Keir Thomas II,LA,EDGE,DL,62.0,63.78,1.7800000000000011,,0.0,63.78,1.7800000000000011,Madden 27 baseline
Jacobian Guillory,LAC,DT,DL,62.0,64.23,2.230000000000004,,0.0,64.23,2.230000000000004,Madden 27 baseline
Gary Smith III,LV,DT,DL,62.0,64.23,2.230000000000004,,0.0,64.23,2.230000000000004,Madden 27 baseline
Elijah Williams,MIN,DT,DL,62.0,64.1,2.0999999999999943,,0.0,64.1,2.0999999999999943,Madden 27 baseline
Howard Cross III,CIN,DT,DL,61.0,63.15,2.1499999999999986,,0.0,63.15,2.1499999999999986,Madden 27 baseline
Sam Kamara,CLE,DT,DL,61.0,63.58,2.5799999999999983,,0.0,63.58,2.5799999999999983,Madden 27 baseline
Benton Whitley,CLE,EDGE,DL,60.0,62.32,2.3200000000000003,,0.0,62.32,2.3200000000000003,Madden 27 baseline
Jared Ivey,ATL,EDGE,DL,59.0,62.0,3.0,,0.0,62.0,3.0,Madden 27 baseline
Uar Bernard,PHI,DT,DL,59.0,60.29,1.2899999999999991,,0.0,60.29,1.2899999999999991,Madden 27 baseline
Travis Clayton,BUF,DT,DL,57.0,59.38,2.3800000000000026,,0.0,59.38,2.3800000000000026,Madden 27 baseline
Fred Warner,SF,LB,LB,97.0,95.08,-1.9200000000000017,,0.0,95.08,-1.9200000000000017,Madden 27 baseline
Roquan Smith,BAL,LB,LB,93.0,91.28,-1.7199999999999989,,0.0,91.28,-1.7199999999999989,Madden 27 baseline
Zack Baun,PHI,LB,LB,92.0,90.87,-1.1299999999999955,,0.0,90.87,-1.1299999999999955,Madden 27 baseline
Demario Davis,NYJ,LB,LB,90.0,88.91,-1.0900000000000034,,0.0,88.91,-1.0900000000000034,Madden 27 baseline
Drue Tranquill,KC,LB,LB,89.0,88.17,-0.8299999999999983,,0.0,88.17,-0.8299999999999983,Madden 27 baseline
Devin Lloyd,CAR,LB,LB,87.0,86.28,-0.7199999999999989,,0.0,86.28,-0.7199999999999989,Madden 27 baseline
Jack Campbell,DET,LB,LB,87.0,86.11,-0.8900000000000006,,0.0,86.11,-0.8900000000000006,Madden 27 baseline
Dre Greenlaw,SF,LB,LB,87.0,86.6,-0.4000000000000057,,0.0,86.6,-0.4000000000000057,Madden 27 baseline
Devin Bush,CHI,LB,LB,86.0,85.58,-0.4200000000000017,,0.0,85.58,-0.4200000000000017,Madden 27 baseline
Foyesade Oluokun,JAX,LB,LB,86.0,85.48,-0.519999999999996,,0.0,85.48,-0.519999999999996,Madden 27 baseline
Nate Landman,LA,LB,LB,86.0,85.48,-0.519999999999996,,0.0,85.48,-0.519999999999996,Madden 27 baseline
Alex Singleton,DEN,LB,LB,85.0,84.46,-0.5400000000000063,,0.0,84.46,-0.5400000000000063,Madden 27 baseline
Robert Spillane,NE,LB,LB,85.0,84.89,-0.10999999999999943,,0.0,84.89,-0.10999999999999943,Madden 27 baseline
Jordyn Brooks,MIA,LB,LB,84.0,83.19,-0.8100000000000023,,0.0,83.19,-0.8100000000000023,Madden 27 baseline
Ernest Jones IV,SEA,LB,LB,84.0,83.54,-0.45999999999999375,,0.0,83.54,-0.45999999999999375,Madden 27 baseline
Leo Chenal,WAS,LB,LB,84.0,83.08,-0.9200000000000017,,0.0,83.08,-0.9200000000000017,Madden 27 baseline
Carson Schwesinger,CLE,LB,LB,83.0,82.73,-0.269999999999996,,0.0,82.73,-0.269999999999996,Madden 27 baseline
Jeremiah Owusu-Koramoah,CLE,LB,LB,83.0,82.71,-0.29000000000000625,,0.0,82.71,-0.29000000000000625,Madden 27 baseline
Azeez Al-Shaair,HOU,LB,LB,83.0,82.84,-0.1599999999999966,,0.0,82.84,-0.1599999999999966,Madden 27 baseline
Kaden Elliss,NO,LB,LB,83.0,82.94,-0.060000000000002274,,0.0,82.94,-0.060000000000002274,Madden 27 baseline
Tremaine Edmunds,NYG,LB,LB,83.0,82.7,-0.29999999999999716,,0.0,82.7,-0.29999999999999716,Madden 27 baseline
Terrel Bernard,BUF,LB,LB,82.0,82.13,0.12999999999999545,,0.0,82.13,0.12999999999999545,Madden 27 baseline
Daiyan Henley,LAC,LB,LB,82.0,82.13,0.12999999999999545,,0.0,82.13,0.12999999999999545,Madden 27 baseline
Divine Deablo,ATL,LB,LB,81.0,81.04,0.04000000000000625,,0.0,81.04,0.04000000000000625,Madden 27 baseline
T.J. Edwards,CHI,LB,LB,81.0,81.15,0.15000000000000568,,0.0,81.15,0.15000000000000568,Madden 27 baseline
Nick Bolton,KC,LB,LB,81.0,81.3,0.29999999999999716,,0.0,81.3,0.29999999999999716,Madden 27 baseline
Blake Cashman,MIN,LB,LB,81.0,80.94,-0.060000000000002274,,0.0,80.94,-0.060000000000002274,Madden 27 baseline
Alex Anzalone,TB,LB,LB,81.0,81.13,0.12999999999999545,,0.0,81.13,0.12999999999999545,Madden 27 baseline
Mack Wilson Sr,ARI,LB,LB,80.0,80.15,0.15000000000000568,,0.0,80.15,0.15000000000000568,Madden 27 baseline
Edgerrin Cooper,GB,LB,LB,80.0,80.09,0.09000000000000341,,0.0,80.09,0.09000000000000341,Madden 27 baseline
Quay Walker,LV,LB,LB,80.0,79.41,-0.5900000000000034,,0.0,79.41,-0.5900000000000034,Madden 27 baseline
Patrick Queen,PIT,LB,LB,80.0,79.96,-0.04000000000000625,,0.0,79.96,-0.04000000000000625,Madden 27 baseline
Quincy Williams,CLE,LB,LB,79.0,79.42,0.4200000000000017,,0.0,79.42,0.4200000000000017,Madden 27 baseline
Zaire Franklin,GB,LB,LB,79.0,78.82,-0.18000000000000682,,0.0,78.82,-0.18000000000000682,Madden 27 baseline
Arvell Reese,NYG,LB,LB,79.0,78.64,-0.35999999999999943,,0.0,78.64,-0.35999999999999943,Madden 27 baseline
Jihaad Campbell,PHI,LB,LB,79.0,79.06,0.060000000000002274,,0.0,79.06,0.060000000000002274,Madden 27 baseline
Frankie Luvu,WAS,LB,LB,79.0,78.87,-0.12999999999999545,,0.0,78.87,-0.12999999999999545,Madden 27 baseline
Trenton Simpson,BAL,LB,LB,78.0,77.9,-0.09999999999999432,,0.0,77.9,-0.09999999999999432,Madden 27 baseline
Isaiah McDuffie,GB,LB,LB,78.0,78.5,0.5,,0.0,78.5,0.5,Madden 27 baseline
Omar Speights,LA,LB,LB,78.0,78.35,0.3499999999999943,,0.0,78.35,0.3499999999999943,Madden 27 baseline
Nakobe Dean,LV,LB,LB,78.0,78.45,0.45000000000000284,,0.0,78.45,0.45000000000000284,Madden 27 baseline
Cedric Gray,TEN,LB,LB,78.0,78.55,0.5499999999999972,,0.0,78.55,0.5499999999999972,Madden 27 baseline
Cody Barton,TEN,LB,LB,78.0,78.19,0.18999999999999773,,0.0,78.19,0.18999999999999773,Madden 27 baseline
Sonny Styles,WAS,LB,LB,78.0,78.37,0.37000000000000455,,0.0,78.37,0.37000000000000455,Madden 27 baseline
DeMarvion Overshown,DAL,LB,LB,77.0,77.72,0.7199999999999989,,0.0,77.72,0.7199999999999989,Madden 27 baseline
Dee Winters,DAL,LB,LB,77.0,77.47,0.46999999999999886,,0.0,77.47,0.46999999999999886,Madden 27 baseline
Tyrel Dodson,MIA,LB,LB,77.0,77.52,0.519999999999996,,0.0,77.52,0.519999999999996,Madden 27 baseline
Eric Wilson,MIN,LB,LB,77.0,77.28,0.28000000000000114,,0.0,77.28,0.28000000000000114,Madden 27 baseline
Denzel Perryman,LAC,LB,LB,76.0,76.1,0.09999999999999432,,0.0,76.1,0.09999999999999432,Madden 27 baseline
Jacob Rodriguez,MIA,LB,LB,76.0,76.32,0.3199999999999932,,0.0,76.32,0.3199999999999932,Madden 27 baseline
Ivan Pace Jr,MIN,LB,LB,76.0,76.59,0.5900000000000034,,0.0,76.59,0.5900000000000034,Madden 27 baseline
Micah McFadden,NYG,LB,LB,76.0,76.47,0.46999999999999886,,0.0,76.47,0.46999999999999886,Madden 27 baseline
Jamien Sherwood,NYJ,LB,LB,76.0,76.97,0.9699999999999989,,0.0,76.97,0.9699999999999989,Madden 27 baseline
Teddye Buchanan,BAL,LB,LB,75.0,75.26,0.2600000000000051,,0.0,75.26,0.2600000000000051,Madden 27 baseline
Henry To'oTo'o,HOU,LB,LB,75.0,76.09,1.0900000000000034,,0.0,76.09,1.0900000000000034,Madden 27 baseline
E.J. Speed,HOU,LB,LB,75.0,75.21,0.20999999999999375,,0.0,75.21,0.20999999999999375,Madden 27 baseline
Pete Werner,NO,LB,LB,75.0,75.67,0.6700000000000017,,0.0,75.67,0.6700000000000017,Madden 27 baseline
Payton Wilson,PIT,LB,LB,75.0,75.65,0.6500000000000057,,0.0,75.65,0.6500000000000057,Madden 27 baseline
Cole Holcomb,PIT,LB,LB,75.0,75.61,0.6099999999999994,,0.0,75.61,0.6099999999999994,Madden 27 baseline
Drake Thomas,SEA,LB,LB,75.0,75.98,0.980000000000004,,0.0,75.98,0.980000000000004,Madden 27 baseline
Tyrice Knight,SEA,LB,LB,75.0,75.46,0.45999999999999375,,0.0,75.46,0.45999999999999375,Madden 27 baseline
Josiah Trotter,TB,LB,LB,75.0,75.19,0.18999999999999773,,0.0,75.19,0.18999999999999773,Madden 27 baseline
Dorian Williams,BUF,LB,LB,74.0,74.8,0.7999999999999972,,0.0,74.8,0.7999999999999972,Madden 27 baseline
Justin Strnad,DEN,LB,LB,74.0,74.91,0.9099999999999966,,0.0,74.91,0.9099999999999966,Madden 27 baseline
Derrick Barnes,DET,LB,LB,74.0,74.56,0.5600000000000023,,0.0,74.56,0.5600000000000023,Madden 27 baseline
Malcolm Rodriguez,DET,LB,LB,74.0,73.98,-0.01999999999999602,,0.0,73.98,-0.01999999999999602,Madden 27 baseline
CJ Allen,IND,LB,LB,74.0,74.63,0.6299999999999955,,0.0,74.63,0.6299999999999955,Madden 27 baseline
Dennis Gardeck,JAX,LB,LB,74.0,73.98,-0.01999999999999602,,0.0,73.98,-0.01999999999999602,Madden 27 baseline
Jake Golday,MIN,LB,LB,74.0,74.61,0.6099999999999994,,0.0,74.61,0.6099999999999994,Madden 27 baseline
Trevin Wallace,NYJ,LB,LB,74.0,74.95,0.9500000000000028,,0.0,74.95,0.9500000000000028,Madden 27 baseline
Demetrius Knight Jr,CIN,LB,LB,73.0,73.76,0.7600000000000051,,0.0,73.76,0.7600000000000051,Madden 27 baseline
Jaishawn Barham,DAL,LB,LB,73.0,73.6,0.5999999999999943,,0.0,73.6,0.5999999999999943,Madden 27 baseline
Devin White,DET,LB,LB,73.0,73.51,0.5100000000000051,,0.0,73.51,0.5100000000000051,Madden 27 baseline
Christian Elliss,NE,LB,LB,73.0,73.63,0.6299999999999955,,0.0,73.63,0.6299999999999955,Madden 27 baseline
Malik Harrison,NYG,LB,LB,73.0,73.71,0.7099999999999937,,0.0,73.71,0.7099999999999937,Madden 27 baseline
Christian Rozeboom,TB,LB,LB,73.0,74.33,1.3299999999999983,,0.0,74.33,1.3299999999999983,Madden 27 baseline
Jack Gibbens,ARI,LB,LB,72.0,73.09,1.0900000000000034,,0.0,73.09,1.0900000000000034,Madden 27 baseline
Christian Harris,ATL,LB,LB,72.0,72.99,0.9899999999999949,,0.0,72.99,0.9899999999999949,Madden 27 baseline
Sione Takitaki,HOU,LB,LB,72.0,72.52,0.519999999999996,,0.0,72.52,0.519999999999996,Madden 27 baseline
Akeem Davis-Gaither,IND,LB,LB,72.0,72.96,0.9599999999999937,,0.0,72.96,0.9599999999999937,Madden 27 baseline
Willie Gay Jr,MIA,LB,LB,72.0,72.49,0.4899999999999949,,0.0,72.49,0.4899999999999949,Madden 27 baseline
Jamal Adams,MIN,LB,LB,72.0,73.07,1.0699999999999932,,0.0,73.07,1.0699999999999932,Madden 27 baseline
SirVocea Dennis,TB,LB,LB,72.0,73.12,1.1200000000000045,,0.0,73.12,1.1200000000000045,Madden 27 baseline
Anthony Hill Jr.,TEN,LB,LB,72.0,72.92,0.9200000000000017,,0.0,72.92,0.9200000000000017,Madden 27 baseline
Kaleb Elarms-Orr,BUF,LB,LB,71.0,71.86,0.8599999999999994,,0.0,71.86,0.8599999999999994,Madden 27 baseline
D'Marco Jackson,CHI,LB,LB,71.0,72.08,1.0799999999999983,,0.0,72.08,1.0799999999999983,Madden 27 baseline
Jack Sanborn,CHI,LB,LB,71.0,72.05,1.0499999999999972,,0.0,72.05,1.0499999999999972,Madden 27 baseline
Damone Clark,DET,LB,LB,71.0,72.11,1.1099999999999994,,0.0,72.11,1.1099999999999994,Madden 27 baseline
Troy Dye,LAC,LB,LB,71.0,72.19,1.1899999999999977,,0.0,72.19,1.1899999999999977,Madden 27 baseline
Junior Colson,LAC,LB,LB,71.0,71.97,0.9699999999999989,,0.0,71.97,0.9699999999999989,Madden 27 baseline
Ronnie Harrison Jr,MIA,LB,LB,71.0,71.87,0.8700000000000045,,0.0,71.87,0.8700000000000045,Madden 27 baseline
K.J. Britt,NE,LB,LB,71.0,72.17,1.1700000000000017,,0.0,72.17,1.1700000000000017,Madden 27 baseline
Nick Martin,SF,LB,LB,71.0,71.93,0.9300000000000068,,0.0,71.93,0.9300000000000068,Madden 27 baseline
Cody Simon,ARI,LB,LB,70.0,70.99,0.9899999999999949,,0.0,70.99,0.9899999999999949,Madden 27 baseline
Troy Andersen,ATL,LB,LB,70.0,71.11,1.1099999999999994,,0.0,71.11,1.1099999999999994,Madden 27 baseline
Jimmy Rolder,DET,LB,LB,70.0,71.06,1.0600000000000023,,0.0,71.06,1.0600000000000023,Madden 27 baseline
Marte Mapu,HOU,LB,LB,70.0,71.22,1.2199999999999989,,0.0,71.22,1.2199999999999989,Madden 27 baseline
Jaylon Carlies,IND,LB,LB,70.0,70.91,0.9099999999999966,,0.0,70.91,0.9099999999999966,Madden 27 baseline
Tommy Eichenberg,LV,LB,LB,70.0,70.62,0.6200000000000045,,0.0,70.62,0.6200000000000045,Madden 27 baseline
Darius Muasau,NE,LB,LB,70.0,71.39,1.3900000000000006,,0.0,71.39,1.3900000000000006,Madden 27 baseline
Danny Stutsman,NO,LB,LB,70.0,70.9,0.9000000000000057,,0.0,70.9,0.9000000000000057,Madden 27 baseline
Mykal Walker,NYJ,LB,LB,70.0,71.22,1.2199999999999989,,0.0,71.22,1.2199999999999989,Madden 27 baseline
Tatum Bethune,SF,LB,LB,70.0,71.46,1.4599999999999937,,0.0,71.46,1.4599999999999937,Madden 27 baseline
Mohamoud Diabate,TEN,LB,LB,70.0,70.85,0.8499999999999943,,0.0,70.85,0.8499999999999943,Madden 27 baseline
Kendal Daniels,ATL,LB,LB,69.0,70.42,1.4200000000000017,,0.0,70.42,1.4200000000000017,Madden 27 baseline
JD Bertrand,ATL,LB,LB,69.0,70.31,1.3100000000000023,,0.0,70.31,1.3100000000000023,Madden 27 baseline
Joe Andreessen,BUF,LB,LB,69.0,69.94,0.9399999999999977,,0.0,69.94,0.9399999999999977,Madden 27 baseline
Claudin Cherelus,CAR,LB,LB,69.0,69.96,0.9599999999999937,,0.0,69.96,0.9599999999999937,Madden 27 baseline
Barrett Carter,CIN,LB,LB,69.0,70.31,1.3100000000000023,,0.0,70.31,1.3100000000000023,Madden 27 baseline
Oren Burks,CIN,LB,LB,69.0,70.27,1.269999999999996,,0.0,70.27,1.269999999999996,Madden 27 baseline
Shemar James,DAL,LB,LB,69.0,70.19,1.1899999999999977,,0.0,70.19,1.1899999999999977,Madden 27 baseline
Bryce Boettcher,IND,LB,LB,69.0,70.48,1.480000000000004,,0.0,70.48,1.480000000000004,Madden 27 baseline
Ventrell Miller,JAX,LB,LB,69.0,70.47,1.4699999999999989,,0.0,70.47,1.4699999999999989,Madden 27 baseline
Shaun Dolac,LA,LB,LB,69.0,69.99,0.9899999999999949,,0.0,69.99,0.9899999999999949,Madden 27 baseline
Kyle Louis,MIA,LB,LB,69.0,70.12,1.1200000000000045,,0.0,70.12,1.1200000000000045,Madden 27 baseline
Chad Muma,NE,LB,LB,69.0,70.2,1.2000000000000028,,0.0,70.2,1.2000000000000028,Madden 27 baseline
Smael Mondon Jr,PHI,LB,LB,69.0,70.14,1.1400000000000006,,0.0,70.14,1.1400000000000006,Madden 27 baseline
Jamin Davis,PIT,LB,LB,69.0,69.37,0.37000000000000455,,0.0,69.37,0.37000000000000455,Madden 27 baseline
Ruben Hyppolite II,CHI,LB,LB,68.0,69.39,1.3900000000000006,,0.0,69.39,1.3900000000000006,Madden 27 baseline
Noah Sewell,CHI,LB,LB,68.0,68.54,0.5400000000000063,,0.0,68.54,0.5400000000000063,Madden 27 baseline
Nathaniel Watson,CLE,LB,LB,68.0,69.32,1.3199999999999932,,0.0,69.32,1.3199999999999932,Madden 27 baseline
Troy Reeder,DET,LB,LB,68.0,69.22,1.2199999999999989,,0.0,69.22,1.2199999999999989,Madden 27 baseline
Wade Woodaz,HOU,LB,LB,68.0,69.5,1.5,,0.0,69.5,1.5,Madden 27 baseline
Chris Paul Jr,WAS,LB,LB,68.0,69.33,1.3299999999999983,,0.0,69.33,1.3299999999999983,Madden 27 baseline
Tony Fields II,CHI,LB,LB,67.0,69.04,2.0400000000000063,,0.0,69.04,2.0400000000000063,Madden 27 baseline
Justin Jefferson,CLE,LB,LB,67.0,68.56,1.5600000000000023,,0.0,68.56,1.5600000000000023,Madden 27 baseline
Justin Jefferson,CLE,LB,LB,67.0,68.56,1.5600000000000023,,0.0,68.56,1.5600000000000023,Madden 27 baseline
Winston Reid,CLE,LB,LB,67.0,67.73,0.730000000000004,,0.0,67.73,0.730000000000004,Madden 27 baseline
Joe Bachie,DET,LB,LB,67.0,68.09,1.0900000000000034,,0.0,68.09,1.0900000000000034,Madden 27 baseline
Jack Kiser,JAX,LB,LB,67.0,68.69,1.6899999999999977,,0.0,68.69,1.6899999999999977,Madden 27 baseline
Jeffrey Bassa,KC,LB,LB,67.0,68.7,1.7000000000000028,,0.0,68.7,1.7000000000000028,Madden 27 baseline
Namdi Obiazor,NE,LB,LB,67.0,68.06,1.0600000000000023,,0.0,68.06,1.0600000000000023,Madden 27 baseline
Jaylan Ford,NO,LB,LB,67.0,68.25,1.25,,0.0,68.25,1.25,Madden 27 baseline
Jeremiah Trotter Jr,PHI,LB,LB,67.0,68.91,1.9099999999999966,,0.0,68.91,1.9099999999999966,Madden 27 baseline
Jaden Dugger,SF,LB,LB,67.0,68.63,1.6299999999999955,,0.0,68.63,1.6299999999999955,Madden 27 baseline
Owen Pappoe,TEN,LB,LB,67.0,68.47,1.4699999999999989,,0.0,68.47,1.4699999999999989,Madden 27 baseline
James Williams Sr,TEN,LB,LB,67.0,68.26,1.2600000000000051,,0.0,68.26,1.2600000000000051,Madden 27 baseline
Jordan Magee,WAS,LB,LB,67.0,68.54,1.5400000000000063,,0.0,68.54,1.5400000000000063,Madden 27 baseline
Karson Sharar,ARI,LB,LB,66.0,67.6,1.5999999999999943,,0.0,67.6,1.5999999999999943,Madden 27 baseline
Channing Tindall,ATL,LB,LB,66.0,67.39,1.3900000000000006,,0.0,67.39,1.3900000000000006,Madden 27 baseline
Keyshaun Elliott,CHI,LB,LB,66.0,67.62,1.6200000000000045,,0.0,67.62,1.6200000000000045,Madden 27 baseline
Edefuan Ulofoshio,CLE,LB,LB,66.0,67.54,1.5400000000000063,,0.0,67.54,1.5400000000000063,Madden 27 baseline
Ty'Ron Hopper,GB,LB,LB,66.0,67.9,1.9000000000000057,,0.0,67.9,1.9000000000000057,Madden 27 baseline
Nick Niemann,GB,LB,LB,66.0,67.66,1.6599999999999966,,0.0,67.66,1.6599999999999966,Madden 27 baseline
Jamal Hill,HOU,LB,LB,66.0,67.62,1.6200000000000045,,0.0,67.62,1.6200000000000045,Madden 27 baseline
Austin Ajiake,IND,LB,LB,66.0,67.42,1.4200000000000017,,0.0,67.42,1.4200000000000017,Madden 27 baseline
Parker Hughes,JAX,LB,LB,66.0,67.36,1.3599999999999994,,0.0,67.36,1.3599999999999994,Madden 27 baseline
Segun Olubi,LV,LB,LB,66.0,67.46,1.4599999999999937,,0.0,67.46,1.4599999999999937,Madden 27 baseline
Zaire Barnes,NYG,LB,LB,66.0,67.3,1.2999999999999972,,0.0,67.3,1.2999999999999972,Madden 27 baseline
Kiko Mauigoa,NYJ,LB,LB,66.0,67.84,1.8400000000000034,,0.0,67.84,1.8400000000000034,Madden 27 baseline
Luke Gifford,SF,LB,LB,66.0,67.13,1.1299999999999955,,0.0,67.13,1.1299999999999955,Madden 27 baseline
Kain Medrano,WAS,LB,LB,66.0,67.36,1.3599999999999994,,0.0,67.36,1.3599999999999994,Madden 27 baseline
Jackson Kuwatch,CAR,LB,LB,65.0,66.9,1.9000000000000057,,0.0,66.9,1.9000000000000057,Madden 27 baseline
Nephi Sewell,CHI,LB,LB,65.0,66.78,1.7800000000000011,,0.0,66.78,1.7800000000000011,Madden 27 baseline
Red Murdock,DEN,LB,LB,65.0,66.69,1.6899999999999977,,0.0,66.69,1.6899999999999977,Madden 27 baseline
Wesley Bailey,LA,LB,LB,65.0,66.15,1.1500000000000057,,0.0,66.15,1.1500000000000057,Madden 27 baseline
Del'Shawn Phillips,LAC,LB,LB,65.0,66.73,1.730000000000004,,0.0,66.73,1.730000000000004,Madden 27 baseline
Jack Kelly,NYG,LB,LB,65.0,66.86,1.8599999999999994,,0.0,66.86,1.8599999999999994,Madden 27 baseline
Jalen Graham,SF,LB,LB,65.0,66.75,1.75,,0.0,66.75,1.75,Madden 27 baseline
John Bullock,TB,LB,LB,65.0,66.78,1.7800000000000011,,0.0,66.78,1.7800000000000011,Madden 27 baseline
Ale Kaho,WAS,LB,LB,65.0,66.71,1.7099999999999937,,0.0,66.71,1.7099999999999937,Madden 27 baseline
Harold Perkins Jr.,ATL,LB,LB,64.0,65.9,1.9000000000000057,,0.0,65.9,1.9000000000000057,Madden 27 baseline
Yasir Abdullah,ATL,LB,LB,64.0,65.38,1.3799999999999955,,0.0,65.38,1.3799999999999955,Madden 27 baseline
Jimmy Ciarlo,BUF,LB,LB,64.0,65.72,1.7199999999999989,,0.0,65.72,1.7199999999999989,Madden 27 baseline
Swayze Bozeman,CIN,LB,LB,64.0,65.58,1.5799999999999983,,0.0,65.58,1.5799999999999983,Madden 27 baseline
Joe Giles-Harris,CIN,LB,LB,64.0,65.22,1.2199999999999989,,0.0,65.22,1.2199999999999989,Madden 27 baseline
Easton Mascarenas-Arnold,CLE,LB,LB,64.0,65.4,1.4000000000000057,,0.0,65.4,1.4000000000000057,Madden 27 baseline
Jordan Turner,DEN,LB,LB,64.0,65.45,1.4500000000000028,,0.0,65.45,1.4500000000000028,Madden 27 baseline
Trevor Nowaske,DET,LB,LB,64.0,64.98,0.980000000000004,,0.0,64.98,0.980000000000004,Madden 27 baseline
Kristian Welch,GB,LB,LB,64.0,65.53,1.5300000000000011,,0.0,65.53,1.5300000000000011,Madden 27 baseline
Jalen McLeod,JAX,LB,LB,64.0,65.8,1.7999999999999972,,0.0,65.8,1.7999999999999972,Madden 27 baseline
Cooper McDonald,KC,LB,LB,64.0,65.74,1.7399999999999949,,0.0,65.74,1.7399999999999949,Madden 27 baseline
Wesley Bissainthe,KC,LB,LB,64.0,65.51,1.5100000000000051,,0.0,65.51,1.5100000000000051,Madden 27 baseline
Grant Stuard,LA,LB,LB,64.0,65.56,1.5600000000000023,,0.0,65.56,1.5600000000000023,Madden 27 baseline
Marlowe Wax,LAC,LB,LB,64.0,65.46,1.4599999999999937,,0.0,65.46,1.4599999999999937,Madden 27 baseline
Cameron McGrone,LV,LB,LB,64.0,65.68,1.6800000000000068,,0.0,65.68,1.6800000000000068,Madden 27 baseline
Marcelino McCrary-Ball,NYJ,LB,LB,64.0,65.55,1.5499999999999972,,0.0,65.55,1.5499999999999972,Madden 27 baseline
Chance Campbell,PHI,LB,LB,64.0,65.74,1.7399999999999949,,0.0,65.74,1.7399999999999949,Madden 27 baseline
Carson Bruener,PIT,LB,LB,64.0,65.79,1.7900000000000063,,0.0,65.79,1.7900000000000063,Madden 27 baseline
Chazz Surratt,SEA,LB,LB,64.0,65.54,1.5400000000000063,,0.0,65.54,1.5400000000000063,Madden 27 baseline
Javin Wright,TB,LB,LB,64.0,65.45,1.4500000000000028,,0.0,65.45,1.4500000000000028,Madden 27 baseline
Austin Keys,ARI,LB,LB,63.0,64.89,1.8900000000000006,,0.0,64.89,1.8900000000000006,Madden 27 baseline
Dominic DeLuca,BAL,LB,LB,63.0,64.82,1.8199999999999932,,0.0,64.82,1.8199999999999932,Madden 27 baseline
Bam Martin-Scott,CAR,LB,LB,63.0,64.55,1.5499999999999972,,0.0,64.55,1.5499999999999972,Madden 27 baseline
Jon Rhattigan,CHI,LB,LB,63.0,64.76,1.7600000000000051,,0.0,64.76,1.7600000000000051,Madden 27 baseline
Levelle Bailey,DEN,LB,LB,63.0,65.08,2.0799999999999983,,0.0,65.08,2.0799999999999983,Madden 27 baseline
Aiden Fisher,HOU,LB,LB,63.0,65.2,2.200000000000003,,0.0,65.2,2.200000000000003,Madden 27 baseline
Jacob Hummel,HOU,LB,LB,63.0,64.87,1.8700000000000045,,0.0,64.87,1.8700000000000045,Madden 27 baseline
Jake Hansen,HOU,LB,LB,63.0,64.61,1.6099999999999994,,0.0,64.61,1.6099999999999994,Madden 27 baseline
Nikhai Hill-Green,LA,LB,LB,63.0,65.03,2.030000000000001,,0.0,65.03,2.030000000000001,Madden 27 baseline
Jackson Woodard,MIA,LB,LB,63.0,64.89,1.8900000000000006,,0.0,64.89,1.8900000000000006,Madden 27 baseline
Isaiah Stalbird,NO,LB,LB,63.0,64.83,1.8299999999999983,,0.0,64.83,1.8299999999999983,Madden 27 baseline
Josh Woods,ATL,LB,LB,62.0,64.54,2.5400000000000063,,0.0,64.54,2.5400000000000063,Madden 27 baseline
DeAngelo Malone,ATL,LB,LB,62.0,63.6,1.6000000000000014,,0.0,63.6,1.6000000000000014,Madden 27 baseline
Carl Jones,BAL,LB,LB,62.0,64.15,2.1500000000000057,,0.0,64.15,2.1500000000000057,Madden 27 baseline
Demetrius Flannigan-Fowles,BUF,LB,LB,62.0,64.35,2.3499999999999943,,0.0,64.35,2.3499999999999943,Madden 27 baseline
Maema Njongmeta,CAR,LB,LB,62.0,64.38,2.3799999999999955,,0.0,64.38,2.3799999999999955,Madden 27 baseline
Liam Anderson,CIN,LB,LB,62.0,63.86,1.8599999999999994,,0.0,63.86,1.8599999999999994,Madden 27 baseline
Karene Reid,DEN,LB,LB,62.0,64.08,2.0799999999999983,,0.0,64.08,2.0799999999999983,Madden 27 baseline
West Weeks,IND,LB,LB,62.0,64.01,2.010000000000005,,0.0,64.01,2.010000000000005,Madden 27 baseline
Branson Combs,JAX,LB,LB,62.0,64.02,2.019999999999996,,0.0,64.02,2.019999999999996,Madden 27 baseline
Cole Christiansen,KC,LB,LB,62.0,63.74,1.740000000000002,,0.0,63.74,1.740000000000002,Madden 27 baseline
Jack Cochrane,KC,LB,LB,62.0,63.52,1.5200000000000031,,0.0,63.52,1.5200000000000031,Madden 27 baseline
Elias Neal,LA,LB,LB,62.0,64.02,2.019999999999996,,0.0,64.02,2.019999999999996,Madden 27 baseline
Cody Lindenberg,LV,LB,LB,62.0,64.14,2.1400000000000006,,0.0,64.14,2.1400000000000006,Madden 27 baseline
Garret Wallow,SF,LB,LB,62.0,64.44,2.4399999999999977,,0.0,64.44,2.4399999999999977,Madden 27 baseline
Dorian Mausi Jr,TEN,LB,LB,62.0,63.82,1.8200000000000003,,0.0,63.82,1.8200000000000003,Madden 27 baseline
Jay Higgins IV,BAL,LB,LB,61.0,63.15,2.1499999999999986,,0.0,63.15,2.1499999999999986,Madden 27 baseline
Bangally Kamara,MIN,LB,LB,61.0,63.02,2.020000000000003,,0.0,63.02,2.020000000000003,Madden 27 baseline
Nick Jackson,TB,LB,LB,61.0,63.36,2.3599999999999994,,0.0,63.36,2.3599999999999994,Madden 27 baseline
Shaka Heyward,CIN,LB,LB,60.0,62.24,2.240000000000002,,0.0,62.24,2.240000000000002,Madden 27 baseline
Johnny Walker Jr,DEN,LB,LB,60.0,62.28,2.280000000000001,,0.0,62.28,2.280000000000001,Madden 27 baseline
Curtis Robinson,DAL,LB,LB,59.0,60.79,1.7899999999999991,,0.0,60.79,1.7899999999999991,Madden 27 baseline
Amari Gainer,NE,LB,LB,59.0,61.75,2.75,,0.0,61.75,2.75,Madden 27 baseline
Josh Ross,MIN,LB,LB,57.0,59.96,2.960000000000001,,0.0,59.96,2.960000000000001,Madden 27 baseline
Patrick O'Connell,SEA,LB,LB,57.0,59.54,2.539999999999999,,0.0,59.54,2.539999999999999,Madden 27 baseline
Penei Sewell,DET,LT,OL,98.0,97.05,-0.9500000000000028,,0.0,97.05,-0.9500000000000028,Madden 27 baseline
Lane Johnson,PHI,RT,OL,97.0,96.59,-0.4099999999999966,,0.0,96.59,-0.4099999999999966,Madden 27 baseline
Joe Thuney,CHI,LG,OL,96.0,94.6,-1.4000000000000057,,0.0,94.6,-1.4000000000000057,Madden 27 baseline
Garett Bolles,DEN,LT,OL,96.0,95.12,-0.8799999999999955,,0.0,95.12,-0.8799999999999955,Madden 27 baseline
Trent Williams,SF,LT,OL,96.0,95.51,-0.4899999999999949,,0.0,95.51,-0.4899999999999949,Madden 27 baseline
Quinn Meinerz,DEN,RG,OL,95.0,94.32,-0.6800000000000068,,0.0,94.32,-0.6800000000000068,Madden 27 baseline
Creed Humphrey,KC,C,OL,95.0,94.49,-0.5100000000000051,,0.0,94.49,-0.5100000000000051,Madden 27 baseline
Tristan Wirfs,TB,LT,OL,95.0,94.51,-0.4899999999999949,,0.0,94.51,-0.4899999999999949,Madden 27 baseline
Quenton Nelson,IND,LG,OL,94.0,93.45,-0.5499999999999972,,0.0,93.45,-0.5499999999999972,Madden 27 baseline
Laremy Tunsil,WAS,LT,OL,94.0,92.84,-1.1599999999999966,,0.0,92.84,-1.1599999999999966,Madden 27 baseline
Chris Lindstrom,ATL,RG,OL,93.0,92.07,-0.9300000000000068,,0.0,92.07,-0.9300000000000068,Madden 27 baseline
Andrew Thomas,NYG,LT,OL,93.0,92.29,-0.7099999999999937,,0.0,92.29,-0.7099999999999937,Madden 27 baseline
Rashawn Slater,LAC,LT,OL,92.0,91.24,-0.7600000000000051,,0.0,91.24,-0.7600000000000051,Madden 27 baseline
Trey Smith,KC,RG,OL,91.0,90.19,-0.8100000000000023,,0.0,90.19,-0.8100000000000023,Madden 27 baseline
Kolton Miller,LV,LT,OL,91.0,90.35,-0.6500000000000057,,0.0,90.35,-0.6500000000000057,Madden 27 baseline
Jordan Mailata,PHI,LT,OL,91.0,91.08,0.0799999999999983,,0.0,91.08,0.0799999999999983,Madden 27 baseline
Kevin Dotson,LA,RG,OL,90.0,89.28,-0.7199999999999989,,0.0,89.28,-0.7199999999999989,Madden 27 baseline
Aaron Brewer,MIA,C,OL,90.0,89.71,-0.29000000000000625,,0.0,89.71,-0.29000000000000625,Madden 27 baseline
Christian Darrisaw,MIN,LT,OL,90.0,89.91,-0.09000000000000341,,0.0,89.91,-0.09000000000000341,Madden 27 baseline
Jake Matthews,ATL,LT,OL,89.0,88.26,-0.7399999999999949,,0.0,88.26,-0.7399999999999949,Madden 27 baseline
Tyler Smith,DAL,LG,OL,89.0,88.69,-0.3100000000000023,,0.0,88.69,-0.3100000000000023,Madden 27 baseline
Dion Dawkins,BUF,LT,OL,88.0,88.16,0.1599999999999966,,0.0,88.16,0.1599999999999966,Madden 27 baseline
Tyler Linderbaum,LV,C,OL,88.0,87.68,-0.3199999999999932,,0.0,87.68,-0.3199999999999932,Madden 27 baseline
Darnell Wright,CHI,RT,OL,87.0,87.37,0.37000000000000455,,0.0,87.37,0.37000000000000455,Madden 27 baseline
Zach Tom,GB,RT,OL,87.0,87.05,0.04999999999999716,,0.0,87.05,0.04999999999999716,Madden 27 baseline
Brian O'Neill,MIN,RT,OL,87.0,87.41,0.4099999999999966,,0.0,87.41,0.4099999999999966,Madden 27 baseline
Erik McCoy,NO,C,OL,87.0,87.42,0.4200000000000017,,0.0,87.42,0.4200000000000017,Madden 27 baseline
Sam Cosmi,WAS,RG,OL,87.0,86.68,-0.3199999999999932,,0.0,86.68,-0.3199999999999932,Madden 27 baseline
Paris Johnson Jr,ARI,LT,OL,86.0,86.11,0.10999999999999943,,0.0,86.11,0.10999999999999943,Madden 27 baseline
Ronnie Stanley,BAL,LT,OL,86.0,86.74,0.7399999999999949,,0.0,86.74,0.7399999999999949,Madden 27 baseline
Bernhard Raimann,IND,LT,OL,86.0,86.48,0.480000000000004,,0.0,86.48,0.480000000000004,Madden 27 baseline
Tanor Bortolini,IND,C,OL,86.0,85.83,-0.1700000000000017,,0.0,85.83,-0.1700000000000017,Madden 27 baseline
Mike Onwenu,NE,RG,OL,86.0,86.33,0.3299999999999983,,0.0,86.33,0.3299999999999983,Madden 27 baseline
Spencer Brown,BUF,RT,OL,85.0,84.91,-0.09000000000000341,,0.0,84.91,-0.09000000000000341,Madden 27 baseline
Damien Lewis,CAR,LG,OL,85.0,85.56,0.5600000000000023,,0.0,85.56,0.5600000000000023,Madden 27 baseline
Alaric Jackson,LA,LT,OL,85.0,85.77,0.769999999999996,,0.0,85.77,0.769999999999996,Madden 27 baseline
Joe Alt,LAC,RT,OL,85.0,85.58,0.5799999999999983,,0.0,85.58,0.5799999999999983,Madden 27 baseline
Landon Dickerson,PHI,LG,OL,85.0,84.81,-0.18999999999999773,,0.0,84.81,-0.18999999999999773,Madden 27 baseline
Zach Frazier,PIT,C,OL,85.0,85.76,0.7600000000000051,,0.0,85.76,0.7600000000000051,Madden 27 baseline
Taylor Moton,CAR,RT,OL,84.0,85.0,1.0,,0.0,85.0,1.0,Madden 27 baseline
Elgton Jenkins,CLE,C,OL,84.0,83.83,-0.1700000000000017,,0.0,83.83,-0.1700000000000017,Madden 27 baseline
Luke Goedeke,TB,RT,OL,84.0,84.84,0.8400000000000034,,0.0,84.84,0.8400000000000034,Madden 27 baseline
Peter Skoronski,TEN,LG,OL,84.0,84.62,0.6200000000000045,,0.0,84.62,0.6200000000000045,Madden 27 baseline
Hjalte Froholdt,ARI,C,OL,83.0,83.67,0.6700000000000017,,0.0,83.67,0.6700000000000017,Madden 27 baseline
Alijah Vera-Tucker,NE,LG,OL,83.0,83.41,0.4099999999999966,,0.0,83.41,0.4099999999999966,Madden 27 baseline
Armand Membou,NYJ,RT,OL,83.0,83.59,0.5900000000000034,,0.0,83.59,0.5900000000000034,Madden 27 baseline
Abraham Lucas,SEA,RT,OL,83.0,83.69,0.6899999999999977,,0.0,83.69,0.6899999999999977,Madden 27 baseline
Charles Cross,SEA,LT,OL,83.0,83.5,0.5,,0.0,83.5,0.5,Madden 27 baseline
Ryan Neuzil,ATL,C,OL,82.0,82.97,0.9699999999999989,,0.0,82.97,0.9699999999999989,Madden 27 baseline
Tyler Booker,DAL,RG,OL,82.0,82.05,0.04999999999999716,,0.0,82.05,0.04999999999999716,Madden 27 baseline
Mike McGlinchey,DEN,RT,OL,82.0,82.59,0.5900000000000034,,0.0,82.59,0.5900000000000034,Madden 27 baseline
Braden Smith,HOU,RT,OL,82.0,82.87,0.8700000000000045,,0.0,82.87,0.8700000000000045,Madden 27 baseline
Morgan Moses,NE,RT,OL,82.0,82.9,0.9000000000000057,,0.0,82.9,0.9000000000000057,Madden 27 baseline
Dominick Puni,SF,RG,OL,82.0,82.05,0.04999999999999716,,0.0,82.05,0.04999999999999716,Madden 27 baseline
Isaac Seumalo,ARI,LG,OL,81.0,81.55,0.5499999999999972,,0.0,81.55,0.5499999999999972,Madden 27 baseline
Connor McGovern,BUF,C,OL,81.0,81.99,0.9899999999999949,,0.0,81.99,0.9899999999999949,Madden 27 baseline
Robert Hunt,CAR,RG,OL,81.0,81.54,0.5400000000000063,,0.0,81.54,0.5400000000000063,Madden 27 baseline
Josh Simmons,KC,LT,OL,81.0,81.37,0.37000000000000455,,0.0,81.37,0.37000000000000455,Madden 27 baseline
Will Campbell,NE,LT,OL,81.0,81.79,0.7900000000000063,,0.0,81.79,0.7900000000000063,Madden 27 baseline
Colton McKivitz,SF,RT,OL,81.0,82.02,1.019999999999996,,0.0,82.02,1.019999999999996,Madden 27 baseline
John Simpson,BAL,RG,OL,80.0,80.5,0.5,,0.0,80.5,0.5,Madden 27 baseline
Ikem Ekwonu,CAR,LT,OL,80.0,80.58,0.5799999999999983,,0.0,80.58,0.5799999999999983,Madden 27 baseline
Tytus Howard,CLE,RT,OL,80.0,80.47,0.46999999999999886,,0.0,80.47,0.46999999999999886,Madden 27 baseline
Ezra Cleveland,JAX,LG,OL,80.0,80.62,0.6200000000000045,,0.0,80.62,0.6200000000000045,Madden 27 baseline
Tyler Biadasz,LAC,C,OL,80.0,80.84,0.8400000000000034,,0.0,80.84,0.8400000000000034,Madden 27 baseline
Patrick Paul,MIA,LT,OL,80.0,80.79,0.7900000000000063,,0.0,80.79,0.7900000000000063,Madden 27 baseline
Jermaine Eluemunor,NYG,RT,OL,80.0,80.99,0.9899999999999949,,0.0,80.99,0.9899999999999949,Madden 27 baseline
Joe Tippmann,NYJ,RG,OL,80.0,80.43,0.4300000000000068,,0.0,80.43,0.4300000000000068,Madden 27 baseline
Rasheed Walker,CAR,LT,OL,79.0,79.64,0.6400000000000006,,0.0,79.64,0.6400000000000006,Madden 27 baseline
Spencer Fano,CLE,LT,OL,79.0,79.64,0.6400000000000006,,0.0,79.64,0.6400000000000006,Madden 27 baseline
Trent Brown,HOU,LT,OL,79.0,79.81,0.8100000000000023,,0.0,79.81,0.8100000000000023,Madden 27 baseline
Wyatt Teller,HOU,LG,OL,79.0,79.53,0.5300000000000011,,0.0,79.53,0.5300000000000011,Madden 27 baseline
Steve Avila,LA,LG,OL,79.0,79.79,0.7900000000000063,,0.0,79.79,0.7900000000000063,Madden 27 baseline
David Edwards,NO,LG,OL,79.0,80.24,1.2399999999999949,,0.0,80.24,1.2399999999999949,Madden 27 baseline
JC Latham,TEN,RT,OL,79.0,79.67,0.6700000000000017,,0.0,79.67,0.6700000000000017,Madden 27 baseline
Roger Rosengarten,BAL,RT,OL,78.0,79.0,1.0,,0.0,79.0,1.0,Madden 27 baseline
Olaivavega Ioane,BAL,LG,OL,78.0,78.61,0.6099999999999994,,0.0,78.61,0.6099999999999994,Madden 27 baseline
Jonah Jackson,CHI,RG,OL,78.0,79.05,1.0499999999999972,,0.0,79.05,1.0499999999999972,Madden 27 baseline
Zion Johnson,CLE,LG,OL,78.0,78.63,0.6299999999999955,,0.0,78.63,0.6299999999999955,Madden 27 baseline
Luke Wattenberg,DEN,C,OL,78.0,78.74,0.7399999999999949,,0.0,78.74,0.7399999999999949,Madden 27 baseline
Coleman Shelton,LA,C,OL,78.0,78.94,0.9399999999999977,,0.0,78.94,0.9399999999999977,Madden 27 baseline
Jackson Powers-Johnson,LV,RG,OL,78.0,78.51,0.5100000000000051,,0.0,78.51,0.5100000000000051,Madden 27 baseline
Will Fries,MIN,RG,OL,78.0,78.88,0.8799999999999955,,0.0,78.88,0.8799999999999955,Madden 27 baseline
Francis Mauigoa,NYG,RG,OL,78.0,78.89,0.8900000000000006,,0.0,78.89,0.8900000000000006,Madden 27 baseline
Cody Mauch,TB,RG,OL,78.0,78.5,0.5,,0.0,78.5,0.5,Madden 27 baseline
Teven Jenkins,CLE,RG,OL,77.0,77.88,0.8799999999999955,,0.0,77.88,0.8799999999999955,Madden 27 baseline
Ed Ingram,HOU,RG,OL,77.0,77.56,0.5600000000000023,,0.0,77.56,0.5600000000000023,Madden 27 baseline
Walker Little,JAX,LT,OL,77.0,78.16,1.1599999999999966,,0.0,78.16,1.1599999999999966,Madden 27 baseline
Anton Harrison,JAX,RT,OL,77.0,78.13,1.1299999999999955,,0.0,78.13,1.1299999999999955,Madden 27 baseline
Kadyn Proctor,MIA,LG,OL,77.0,77.59,0.5900000000000034,,0.0,77.59,0.5900000000000034,Madden 27 baseline
Kelvin Banks Jr,NO,LT,OL,77.0,78.47,1.4699999999999989,,0.0,78.47,1.4699999999999989,Madden 27 baseline
Taliese Fuaga,NO,RT,OL,77.0,77.34,0.3400000000000034,,0.0,77.34,0.3400000000000034,Madden 27 baseline
Cam Jurgens,PHI,C,OL,77.0,77.78,0.7800000000000011,,0.0,77.78,0.7800000000000011,Madden 27 baseline
Troy Fautanu,PIT,LT,OL,77.0,78.14,1.1400000000000006,,0.0,78.14,1.1400000000000006,Madden 27 baseline
Mason McCormick,PIT,LG,OL,77.0,77.97,0.9699999999999989,,0.0,77.97,0.9699999999999989,Madden 27 baseline
Matthew Bergeron,ATL,LG,OL,76.0,77.11,1.1099999999999994,,0.0,77.11,1.1099999999999994,Madden 27 baseline
Austin Corbett,BUF,LG,OL,76.0,77.24,1.2399999999999949,,0.0,77.24,1.2399999999999949,Madden 27 baseline
Brady Christensen,CAR,LG,OL,76.0,76.89,0.8900000000000006,,0.0,76.89,0.8900000000000006,Madden 27 baseline
Garrett Bradbury,CHI,C,OL,76.0,77.21,1.2099999999999937,,0.0,77.21,1.2099999999999937,Madden 27 baseline
Ted Karras,CIN,C,OL,76.0,77.2,1.2000000000000028,,0.0,77.2,1.2000000000000028,Madden 27 baseline
Amarius Mims,CIN,RT,OL,76.0,76.98,0.980000000000004,,0.0,76.98,0.980000000000004,Madden 27 baseline
Orlando Brown Jr,CIN,LT,OL,76.0,76.97,0.9699999999999989,,0.0,76.97,0.9699999999999989,Madden 27 baseline
Tate Ratledge,DET,RG,OL,76.0,76.89,0.8900000000000006,,0.0,76.89,0.8900000000000006,Madden 27 baseline
Cesar Ruiz,NO,RG,OL,76.0,76.91,0.9099999999999966,,0.0,76.91,0.9099999999999966,Madden 27 baseline
Jake Brendel,SF,C,OL,76.0,77.05,1.0499999999999972,,0.0,77.05,1.0499999999999972,Madden 27 baseline
Graham Barton,TB,C,OL,76.0,76.88,0.8799999999999955,,0.0,76.88,0.8799999999999955,Madden 27 baseline
Chase Bisontis,ARI,RG,OL,75.0,76.03,1.0300000000000011,,0.0,76.03,1.0300000000000011,Madden 27 baseline
Jawaan Taylor,ATL,RT,OL,75.0,75.97,0.9699999999999989,,0.0,75.97,0.9699999999999989,Madden 27 baseline
Lloyd Cushenberry III,BUF,C,OL,75.0,76.42,1.4200000000000017,,0.0,76.42,1.4200000000000017,Madden 27 baseline
O'Cyrus Torrence,BUF,RG,OL,75.0,76.09,1.0900000000000034,,0.0,76.09,1.0900000000000034,Madden 27 baseline
Monroe Freeling,CAR,LT,OL,75.0,76.32,1.3199999999999932,,0.0,76.32,1.3199999999999932,Madden 27 baseline
Cooper Beebe,DAL,C,OL,75.0,76.22,1.2199999999999989,,0.0,76.22,1.2199999999999989,Madden 27 baseline
Terence Steele,DAL,RT,OL,75.0,75.84,0.8400000000000034,,0.0,75.84,0.8400000000000034,Madden 27 baseline
Ben Powers,DEN,LG,OL,75.0,76.43,1.4300000000000068,,0.0,76.43,1.4300000000000068,Madden 27 baseline
Blake Miller,DET,RT,OL,75.0,76.45,1.4500000000000028,,0.0,76.45,1.4500000000000028,Madden 27 baseline
Matt Goncalves,IND,RG,OL,75.0,76.24,1.2399999999999949,,0.0,76.24,1.2399999999999949,Madden 27 baseline
Kingsley Suamataia,KC,LG,OL,75.0,76.01,1.0100000000000051,,0.0,76.01,1.0100000000000051,Madden 27 baseline
Donovan Jackson,MIN,LG,OL,75.0,76.04,1.0400000000000063,,0.0,76.04,1.0400000000000063,Madden 27 baseline
Caleb Lomu,NE,LT,OL,75.0,75.84,0.8400000000000034,,0.0,75.84,0.8400000000000034,Madden 27 baseline
Olu Fashanu,NYJ,LT,OL,75.0,76.41,1.4099999999999966,,0.0,76.41,1.4099999999999966,Madden 27 baseline
Dylan Parham,NYJ,LG,OL,75.0,76.0,1.0,,0.0,76.0,1.0,Madden 27 baseline
Max Iheanachor,PIT,LT,OL,75.0,76.11,1.1099999999999994,,0.0,76.11,1.1099999999999994,Madden 27 baseline
Grey Zabel,SEA,LG,OL,75.0,75.85,0.8499999999999943,,0.0,75.85,0.8499999999999943,Madden 27 baseline
Andrew Wylie,WAS,RG,OL,75.0,75.73,0.730000000000004,,0.0,75.73,0.730000000000004,Madden 27 baseline
Jedrick Wills Jr,CHI,LT,OL,74.0,75.48,1.480000000000004,,0.0,75.48,1.480000000000004,Madden 27 baseline
Dalton Risner,CIN,RG,OL,74.0,75.36,1.3599999999999994,,0.0,75.36,1.3599999999999994,Madden 27 baseline
Cade Mays,DET,C,OL,74.0,75.58,1.5799999999999983,,0.0,75.58,1.5799999999999983,Madden 27 baseline
Keylan Rutledge,HOU,C,OL,74.0,75.49,1.4899999999999949,,0.0,75.49,1.4899999999999949,Madden 27 baseline
Robert Hainsey,JAX,C,OL,74.0,75.57,1.5699999999999932,,0.0,75.57,1.5699999999999932,Madden 27 baseline
Daniel Faalele,JAX,RG,OL,74.0,75.39,1.3900000000000006,,0.0,75.39,1.3900000000000006,Madden 27 baseline
Jake Slaughter,LAC,LG,OL,74.0,75.36,1.3599999999999994,,0.0,75.36,1.3599999999999994,Madden 27 baseline
Austin Jackson,MIA,RT,OL,74.0,75.26,1.2600000000000051,,0.0,75.26,1.2600000000000051,Madden 27 baseline
Jon Runyan,NYG,LG,OL,74.0,75.33,1.3299999999999983,,0.0,75.33,1.3299999999999983,Madden 27 baseline
Tyler Steen,PHI,RG,OL,74.0,75.58,1.5799999999999983,,0.0,75.58,1.5799999999999983,Madden 27 baseline
Ben Bredeson,TB,LG,OL,74.0,75.22,1.2199999999999989,,0.0,75.22,1.2199999999999989,Madden 27 baseline
Chris Paul,WAS,LG,OL,74.0,74.94,0.9399999999999977,,0.0,74.94,0.9399999999999977,Madden 27 baseline
Ozzy Trapilo,CHI,LT,OL,73.0,74.61,1.6099999999999994,,0.0,74.61,1.6099999999999994,Madden 27 baseline
Braxton Jones,CHI,RT,OL,73.0,74.57,1.5699999999999932,,0.0,74.57,1.5699999999999932,Madden 27 baseline
Tyler Guyton,DAL,LT,OL,73.0,74.52,1.519999999999996,,0.0,74.52,1.519999999999996,Madden 27 baseline
Aaron Banks,GB,LG,OL,73.0,74.34,1.3400000000000034,,0.0,74.34,1.3400000000000034,Madden 27 baseline
Evan Brown,HOU,LG,OL,73.0,74.19,1.1899999999999977,,0.0,74.19,1.1899999999999977,Madden 27 baseline
Patrick Mekari,JAX,RG,OL,73.0,74.39,1.3900000000000006,,0.0,74.39,1.3900000000000006,Madden 27 baseline
Emmanuel Pregnon,JAX,LG,OL,73.0,74.32,1.3199999999999932,,0.0,74.32,1.3199999999999932,Madden 27 baseline
Warren McClendon Jr,LA,RT,OL,73.0,74.42,1.4200000000000017,,0.0,74.42,1.4200000000000017,Madden 27 baseline
Trey Zuhn III,LV,LG,OL,73.0,74.1,1.0999999999999943,,0.0,74.1,1.0999999999999943,Madden 27 baseline
John Michael Schmitz Jr,NYG,C,OL,73.0,74.68,1.6800000000000068,,0.0,74.68,1.6800000000000068,Madden 27 baseline
Evan Neal,NYG,RG,OL,73.0,73.21,0.20999999999999375,,0.0,73.21,0.20999999999999375,Madden 27 baseline
Markel Bell,PHI,RT,OL,73.0,74.48,1.480000000000004,,0.0,74.48,1.480000000000004,Madden 27 baseline
Dan Moore,TEN,LT,OL,73.0,74.47,1.4699999999999989,,0.0,74.47,1.4699999999999989,Madden 27 baseline
Matt Pryor,ARI,RG,OL,72.0,73.51,1.5100000000000051,,0.0,73.51,1.5100000000000051,Madden 27 baseline
Layden Robinson,ATL,LG,OL,72.0,72.81,0.8100000000000023,,0.0,72.81,0.8100000000000023,Madden 27 baseline
Ethan Pocic,BAL,C,OL,72.0,73.72,1.7199999999999989,,0.0,73.72,1.7199999999999989,Madden 27 baseline
Logan Jones,CHI,C,OL,72.0,73.77,1.769999999999996,,0.0,73.77,1.769999999999996,Madden 27 baseline
Dylan Fairchild,CIN,LG,OL,72.0,73.22,1.2199999999999989,,0.0,73.22,1.2199999999999989,Madden 27 baseline
Austin Barber,CLE,RT,OL,72.0,73.31,1.3100000000000023,,0.0,73.31,1.3100000000000023,Madden 27 baseline
Christian Mahogany,DET,LG,OL,72.0,73.07,1.0699999999999932,,0.0,73.07,1.0699999999999932,Madden 27 baseline
Ben Bartch,DET,LG,OL,72.0,73.01,1.0100000000000051,,0.0,73.01,1.0100000000000051,Madden 27 baseline
Jordan Morgan,GB,LT,OL,72.0,73.75,1.75,,0.0,73.75,1.75,Madden 27 baseline
Anthony Belton,GB,RG,OL,72.0,73.1,1.0999999999999943,,0.0,73.1,1.0999999999999943,Madden 27 baseline
Febechi Nwaiwu,HOU,RG,OL,72.0,73.33,1.3299999999999983,,0.0,73.33,1.3299999999999983,Madden 27 baseline
Jalen Farmer,IND,RG,OL,72.0,73.22,1.2199999999999989,,0.0,73.22,1.2199999999999989,Madden 27 baseline
Cole Van Lanen,JAX,LT,OL,72.0,73.13,1.1299999999999955,,0.0,73.13,1.1299999999999955,Madden 27 baseline
Cole Strange,LAC,RG,OL,72.0,73.05,1.0499999999999972,,0.0,73.05,1.0499999999999972,Madden 27 baseline
DJ Glaze,LV,RT,OL,72.0,73.35,1.3499999999999943,,0.0,73.35,1.3499999999999943,Madden 27 baseline
Caleb Tiernan,MIN,LT,OL,72.0,73.87,1.8700000000000045,,0.0,73.87,1.8700000000000045,Madden 27 baseline
Dillon Radunz,NO,LG,OL,72.0,73.32,1.3199999999999932,,0.0,73.32,1.3199999999999932,Madden 27 baseline
Lucas Patrick,NYG,LG,OL,72.0,73.32,1.3199999999999932,,0.0,73.32,1.3199999999999932,Madden 27 baseline
Jordan Meredith,NYJ,C,OL,72.0,73.73,1.730000000000004,,0.0,73.73,1.730000000000004,Madden 27 baseline
Josh Myers,NYJ,C,OL,72.0,73.62,1.6200000000000045,,0.0,73.62,1.6200000000000045,Madden 27 baseline
Gennings Dunker,PIT,LG,OL,72.0,73.49,1.4899999999999949,,0.0,73.49,1.4899999999999949,Madden 27 baseline
Anthony Bradford,SEA,RG,OL,72.0,72.85,0.8499999999999943,,0.0,72.85,0.8499999999999943,Madden 27 baseline
Cordell Volson,TEN,RG,OL,72.0,72.99,0.9899999999999949,,0.0,72.99,0.9899999999999949,Madden 27 baseline
Nick Allegretti,WAS,C,OL,72.0,73.83,1.8299999999999983,,0.0,73.83,1.8299999999999983,Madden 27 baseline
Josh Conerly Jr,WAS,RT,OL,72.0,73.38,1.3799999999999955,,0.0,73.38,1.3799999999999955,Madden 27 baseline
Elijah Wilkinson,ARI,RT,OL,71.0,72.67,1.6700000000000017,,0.0,72.67,1.6700000000000017,Madden 27 baseline
Andrew Vorhees,BAL,LG,OL,71.0,72.43,1.4300000000000068,,0.0,72.43,1.4300000000000068,Madden 27 baseline
Luke Fortner,CAR,C,OL,71.0,72.72,1.7199999999999989,,0.0,72.72,1.7199999999999989,Madden 27 baseline
Broderick Jones,DAL,LT,OL,71.0,72.33,1.3299999999999983,,0.0,72.33,1.3299999999999983,Madden 27 baseline
Kage Casey,DEN,LG,OL,71.0,72.54,1.5400000000000063,,0.0,72.54,1.5400000000000063,Madden 27 baseline
Jake Andrews,HOU,C,OL,71.0,72.77,1.769999999999996,,0.0,72.77,1.769999999999996,Madden 27 baseline
Aireontae Ersery,HOU,LT,OL,71.0,72.48,1.480000000000004,,0.0,72.48,1.480000000000004,Madden 27 baseline
Wyatt Milum,JAX,RG,OL,71.0,72.36,1.3599999999999994,,0.0,72.36,1.3599999999999994,Madden 27 baseline
Jaylon Moore,KC,RT,OL,71.0,72.86,1.8599999999999994,,0.0,72.86,1.8599999999999994,Madden 27 baseline
Keagen Trost,LA,RT,OL,71.0,72.87,1.8700000000000045,,0.0,72.87,1.8700000000000045,Madden 27 baseline
Beaux Limmer,LA,LG,OL,71.0,72.25,1.25,,0.0,72.25,1.25,Madden 27 baseline
Trevor Penning,LAC,LG,OL,71.0,71.23,0.23000000000000398,,0.0,71.23,0.23000000000000398,Madden 27 baseline
Blake Brandel,MIN,C,OL,71.0,72.79,1.7900000000000063,,0.0,72.79,1.7900000000000063,Madden 27 baseline
Jeremiah Wright,NO,RG,OL,71.0,72.38,1.3799999999999955,,0.0,72.38,1.3799999999999955,Madden 27 baseline
Josh Jones,SEA,LT,OL,71.0,72.96,1.9599999999999937,,0.0,72.96,1.9599999999999937,Madden 27 baseline
Christian Haynes,SEA,LG,OL,71.0,72.14,1.1400000000000006,,0.0,72.14,1.1400000000000006,Madden 27 baseline
Isaiah Adams,ARI,RG,OL,70.0,71.67,1.6700000000000017,,0.0,71.67,1.6700000000000017,Madden 27 baseline
Emery Jones Jr,BAL,RT,OL,70.0,71.48,1.480000000000004,,0.0,71.48,1.480000000000004,Madden 27 baseline
Zak Zinter,CLE,LG,OL,70.0,71.36,1.3599999999999994,,0.0,71.36,1.3599999999999994,Madden 27 baseline
Alex Palczewski,DEN,RG,OL,70.0,71.55,1.5499999999999972,,0.0,71.55,1.5499999999999972,Madden 27 baseline
Larry Borom,DET,RT,OL,70.0,71.83,1.8299999999999983,,0.0,71.83,1.8299999999999983,Madden 27 baseline
Sean Rhyan,GB,C,OL,70.0,71.65,1.6500000000000057,,0.0,71.65,1.6500000000000057,Madden 27 baseline
Blake Fisher,HOU,LT,OL,70.0,71.27,1.269999999999996,,0.0,71.27,1.269999999999996,Madden 27 baseline
Travis Burke,LAC,RT,OL,70.0,71.82,1.8199999999999932,,0.0,71.82,1.8199999999999932,Madden 27 baseline
Charles Grant,LV,LT,OL,70.0,71.42,1.4200000000000017,,0.0,71.42,1.4200000000000017,Madden 27 baseline
Caleb Rogers,LV,RG,OL,70.0,71.3,1.2999999999999972,,0.0,71.3,1.2999999999999972,Madden 27 baseline
Jared Wilson,NE,C,OL,70.0,71.7,1.7000000000000028,,0.0,71.7,1.7000000000000028,Madden 27 baseline
Beau Stephens,SEA,RG,OL,70.0,71.7,1.7000000000000028,,0.0,71.7,1.7000000000000028,Madden 27 baseline
Jarrett Patterson,SF,RG,OL,70.0,71.67,1.6700000000000017,,0.0,71.67,1.6700000000000017,Madden 27 baseline
Robert Jones,SF,RG,OL,70.0,71.48,1.480000000000004,,0.0,71.48,1.480000000000004,Madden 27 baseline
Dan Feeney,TB,RG,OL,70.0,70.82,0.8199999999999932,,0.0,70.82,0.8199999999999932,Madden 27 baseline
Fernando Carmona,TEN,LG,OL,70.0,71.3,1.2999999999999972,,0.0,71.3,1.2999999999999972,Madden 27 baseline
Brandon Coleman,WAS,LT,OL,70.0,71.59,1.5900000000000034,,0.0,71.59,1.5900000000000034,Madden 27 baseline
Wanya Morris,ATL,LT,OL,69.0,70.76,1.7600000000000051,,0.0,70.76,1.7600000000000051,Madden 27 baseline
Jude Bowry,BUF,LT,OL,69.0,70.62,1.6200000000000045,,0.0,70.62,1.6200000000000045,Madden 27 baseline
Connor Lew,CIN,C,OL,69.0,70.95,1.9500000000000028,,0.0,70.95,1.9500000000000028,Madden 27 baseline
Tyre Phillips,CLE,RT,OL,69.0,70.67,1.6700000000000017,,0.0,70.67,1.6700000000000017,Madden 27 baseline
Kendrick Green,CLE,LG,OL,69.0,70.1,1.0999999999999943,,0.0,70.1,1.0999999999999943,Madden 27 baseline
T.J. Bass,DAL,RG,OL,69.0,70.45,1.4500000000000028,,0.0,70.45,1.4500000000000028,Madden 27 baseline
Juice Scruggs,DET,C,OL,69.0,70.97,1.9699999999999989,,0.0,70.97,1.9699999999999989,Madden 27 baseline
Miles Frazier,DET,RG,OL,69.0,70.24,1.2399999999999949,,0.0,70.24,1.2399999999999949,Madden 27 baseline
Jager Burton,GB,RG,OL,69.0,70.78,1.7800000000000011,,0.0,70.78,1.7800000000000011,Madden 27 baseline
Trey Pipkins III,LAC,LT,OL,69.0,70.84,1.8400000000000034,,0.0,70.84,1.8400000000000034,Madden 27 baseline
Spencer Burford,LV,LG,OL,69.0,70.29,1.2900000000000063,,0.0,70.29,1.2900000000000063,Madden 27 baseline
Jamaree Salyer,MIA,LT,OL,69.0,70.78,1.7800000000000011,,0.0,70.78,1.7800000000000011,Madden 27 baseline
Caedan Wallace,MIA,RG,OL,69.0,70.6,1.5999999999999943,,0.0,70.6,1.5999999999999943,Madden 27 baseline
Aaron Stinnie,NYG,LG,OL,69.0,71.0,2.0,,0.0,71.0,2.0,Madden 27 baseline
Michael Jordan,PHI,LG,OL,69.0,70.81,1.8100000000000023,,0.0,70.81,1.8100000000000023,Madden 27 baseline
Brock Hoffman,PIT,RG,OL,69.0,70.75,1.75,,0.0,70.75,1.75,Madden 27 baseline
Jalen Sundell,SEA,C,OL,69.0,70.83,1.8299999999999983,,0.0,70.83,1.8299999999999983,Madden 27 baseline
Billy Schrauth,TB,LG,OL,69.0,70.6,1.5999999999999943,,0.0,70.6,1.5999999999999943,Madden 27 baseline
Jon Gaines II,ARI,LG,OL,68.0,69.24,1.2399999999999949,,0.0,69.24,1.2399999999999949,Madden 27 baseline
Sam Hecht,CAR,C,OL,68.0,70.24,2.239999999999995,,0.0,70.24,2.239999999999995,Madden 27 baseline
Kiran Amegadjie,CHI,RT,OL,68.0,69.66,1.6599999999999966,,0.0,69.66,1.6599999999999966,Madden 27 baseline
Brian Parker II,CIN,LG,OL,68.0,69.69,1.6899999999999977,,0.0,69.69,1.6899999999999977,Madden 27 baseline
Cody Ford,CIN,LT,OL,68.0,69.52,1.519999999999996,,0.0,69.52,1.519999999999996,Madden 27 baseline
Dawand Jones,CLE,LT,OL,68.0,69.94,1.9399999999999977,,0.0,69.94,1.9399999999999977,Madden 27 baseline
KT Leveston,CLE,RG,OL,68.0,69.68,1.6800000000000068,,0.0,69.68,1.6800000000000068,Madden 27 baseline
Drew Shelton,DAL,RT,OL,68.0,69.93,1.9300000000000068,,0.0,69.93,1.9300000000000068,Madden 27 baseline
Darian Kinnard,GB,RT,OL,68.0,69.36,1.3599999999999994,,0.0,69.36,1.3599999999999994,Madden 27 baseline
Jalen Travis,IND,RT,OL,68.0,69.85,1.8499999999999943,,0.0,69.85,1.8499999999999943,Madden 27 baseline
Trystan Colon,JAX,LG,OL,68.0,69.88,1.8799999999999955,,0.0,69.88,1.8799999999999955,Madden 27 baseline
David Quessenberry,LA,RT,OL,68.0,69.79,1.7900000000000063,,0.0,69.79,1.7900000000000063,Madden 27 baseline
Alex Harkey,LAC,RG,OL,68.0,69.77,1.769999999999996,,0.0,69.77,1.769999999999996,Madden 27 baseline
Logan Taylor,LAC,LG,OL,68.0,69.6,1.5999999999999943,,0.0,69.6,1.5999999999999943,Madden 27 baseline
Jonah Savaiinaea,MIA,RG,OL,68.0,68.97,0.9699999999999989,,0.0,68.97,0.9699999999999989,Madden 27 baseline
Anez Cooper,NYJ,RG,OL,68.0,69.66,1.6599999999999966,,0.0,69.66,1.6599999999999966,Madden 27 baseline
Micah Morris,PHI,RG,OL,68.0,69.48,1.480000000000004,,0.0,69.48,1.480000000000004,Madden 27 baseline
Enrique Cruz Jr.,SF,RT,OL,68.0,69.83,1.8299999999999983,,0.0,69.83,1.8299999999999983,Madden 27 baseline
Elijah Klein,TB,C,OL,68.0,70.3,2.299999999999997,,0.0,70.3,2.299999999999997,Madden 27 baseline
Austin Schlottmann,TEN,C,OL,68.0,69.78,1.7800000000000011,,0.0,69.78,1.7800000000000011,Madden 27 baseline
Jackson Slater,TEN,RG,OL,68.0,69.37,1.3700000000000045,,0.0,69.37,1.3700000000000045,Madden 27 baseline
Christian Jones,ARI,LT,OL,67.0,68.98,1.980000000000004,,0.0,68.98,1.980000000000004,Madden 27 baseline
Olisaemeka Udoh,ARI,RT,OL,67.0,68.71,1.7099999999999937,,0.0,68.71,1.7099999999999937,Madden 27 baseline
Ethan Onianwa,ATL,RG,OL,67.0,68.42,1.4200000000000017,,0.0,68.42,1.4200000000000017,Madden 27 baseline
Carson Vinson,BAL,RT,OL,67.0,69.0,2.0,,0.0,69.0,2.0,Madden 27 baseline
Evan Beerntsen,BAL,RG,OL,67.0,68.67,1.6700000000000017,,0.0,68.67,1.6700000000000017,Madden 27 baseline
Saahdiq Charles,CAR,LG,OL,67.0,68.4,1.4000000000000057,,0.0,68.4,1.4000000000000057,Madden 27 baseline
Theo Benedet,CHI,LT,OL,67.0,68.86,1.8599999999999994,,0.0,68.86,1.8599999999999994,Madden 27 baseline
Javon Foster,CIN,LT,OL,67.0,68.97,1.9699999999999989,,0.0,68.97,1.9699999999999989,Madden 27 baseline
Jalen Rivers,CIN,RG,OL,67.0,68.36,1.3599999999999994,,0.0,68.36,1.3599999999999994,Madden 27 baseline
Parker Brailsford,CLE,C,OL,67.0,69.0,2.0,,0.0,69.0,2.0,Madden 27 baseline
Nick Leverett,DAL,C,OL,67.0,69.13,2.1299999999999955,,0.0,69.13,2.1299999999999955,Madden 27 baseline
Alex Forsyth,DEN,C,OL,67.0,69.4,2.4000000000000057,,0.0,69.4,2.4000000000000057,Madden 27 baseline
Matt Peart,DEN,LT,OL,67.0,68.85,1.8499999999999943,,0.0,68.85,1.8499999999999943,Madden 27 baseline
Calvin Throckmorton,DEN,RG,OL,67.0,68.51,1.5100000000000051,,0.0,68.51,1.5100000000000051,Madden 27 baseline
Giovanni Manu,DET,LT,OL,67.0,68.08,1.0799999999999983,,0.0,68.08,1.0799999999999983,Madden 27 baseline
Chuma Edoga,JAX,RT,OL,67.0,68.68,1.6800000000000068,,0.0,68.68,1.6800000000000068,Madden 27 baseline
Justin Dedich,LA,RG,OL,67.0,68.36,1.3599999999999994,,0.0,68.36,1.3599999999999994,Madden 27 baseline
DJ Campbell,MIA,RG,OL,67.0,68.74,1.7399999999999949,,0.0,68.74,1.7399999999999949,Madden 27 baseline
Jarrett Kingston,MIA,LG,OL,67.0,68.09,1.0900000000000034,,0.0,68.09,1.0900000000000034,Madden 27 baseline
Dametrious Crownover,NE,RT,OL,67.0,68.85,1.8499999999999943,,0.0,68.85,1.8499999999999943,Madden 27 baseline
J.C. Davis,NYG,LT,OL,67.0,68.95,1.9500000000000028,,0.0,68.95,1.9500000000000028,Madden 27 baseline
Marcus Mbow,NYG,RT,OL,67.0,68.84,1.8400000000000034,,0.0,68.84,1.8400000000000034,Madden 27 baseline
Chukwuma Okorafor,NYJ,RT,OL,67.0,69.24,2.239999999999995,,0.0,69.24,2.239999999999995,Madden 27 baseline
Spencer Anderson,PIT,RG,OL,67.0,68.99,1.9899999999999949,,0.0,68.99,1.9899999999999949,Madden 27 baseline
Brandon Parker,SF,RT,OL,67.0,68.91,1.9099999999999966,,0.0,68.91,1.9099999999999966,Madden 27 baseline
Carver Willis,SF,LG,OL,67.0,68.68,1.6800000000000068,,0.0,68.68,1.6800000000000068,Madden 27 baseline
Connor Colby,SF,LG,OL,67.0,68.58,1.5799999999999983,,0.0,68.58,1.5799999999999983,Madden 27 baseline
Justin Skule,TB,RT,OL,67.0,68.62,1.6200000000000045,,0.0,68.62,1.6200000000000045,Madden 27 baseline
Andre James,TEN,C,OL,67.0,69.38,2.3799999999999955,,0.0,69.38,2.3799999999999955,Madden 27 baseline
Demontrey Jacobs,ARI,RT,OL,66.0,67.99,1.9899999999999949,,0.0,67.99,1.9899999999999949,Madden 27 baseline
Cameron Williams,ATL,RT,OL,66.0,67.81,1.8100000000000023,,0.0,67.81,1.8100000000000023,Madden 27 baseline
Danny Pinter,BAL,C,OL,66.0,67.45,1.4500000000000028,,0.0,67.45,1.4500000000000028,Madden 27 baseline
Ar'maj Reed-Adams,BUF,RG,OL,66.0,68.02,2.019999999999996,,0.0,68.02,2.019999999999996,Madden 27 baseline
Alec Anderson,BUF,LG,OL,66.0,67.99,1.9899999999999949,,0.0,67.99,1.9899999999999949,Madden 27 baseline
Ja'Tyre Carter,CAR,RG,OL,66.0,67.55,1.5499999999999972,,0.0,67.55,1.5499999999999972,Madden 27 baseline
Luke Newman,CHI,RG,OL,66.0,67.75,1.75,,0.0,67.75,1.75,Madden 27 baseline
Jordan McFadden,CHI,LG,OL,66.0,67.66,1.6599999999999966,,0.0,67.66,1.6599999999999966,Madden 27 baseline
Myles Hinton,CIN,LG,OL,66.0,67.85,1.8499999999999943,,0.0,67.85,1.8499999999999943,Madden 27 baseline
Luke Wypler,CLE,C,OL,66.0,67.82,1.8199999999999932,,0.0,67.82,1.8199999999999932,Madden 27 baseline
Nathan Thomas,DAL,LT,OL,66.0,67.75,1.75,,0.0,67.75,1.75,Madden 27 baseline
Michael Deiter,DEN,C,OL,66.0,68.05,2.049999999999997,,0.0,68.05,2.049999999999997,Madden 27 baseline
Nick Gargiulo,DEN,LG,OL,66.0,67.73,1.730000000000004,,0.0,67.73,1.730000000000004,Madden 27 baseline
Sedrick Van Pran-Granger,IND,C,OL,66.0,68.2,2.200000000000003,,0.0,68.2,2.200000000000003,Madden 27 baseline
Hunter Nourzad,KC,C,OL,66.0,68.1,2.0999999999999943,,0.0,68.1,2.0999999999999943,Madden 27 baseline
Bryce Cabeldue,LV,LG,OL,66.0,67.51,1.5100000000000051,,0.0,67.51,1.5100000000000051,Madden 27 baseline
Trevor Keegan,MIN,LG,OL,66.0,67.89,1.8900000000000006,,0.0,67.89,1.8900000000000006,Madden 27 baseline
Max Mitchell,NYJ,LT,OL,66.0,67.95,1.9500000000000028,,0.0,67.95,1.9500000000000028,Madden 27 baseline
Drew Kendall,PHI,RG,OL,66.0,67.96,1.9599999999999937,,0.0,67.96,1.9599999999999937,Madden 27 baseline
Olusegun Oluwatimi,SEA,C,OL,66.0,67.75,1.75,,0.0,67.75,1.75,Madden 27 baseline
Vederian Lowe,SF,LT,OL,66.0,68.39,2.3900000000000006,,0.0,68.39,2.3900000000000006,Madden 27 baseline
Jayden Williams,ARI,RT,OL,65.0,67.17,2.1700000000000017,,0.0,67.17,2.1700000000000017,Madden 27 baseline
Michael Jerrell,ATL,RT,OL,65.0,66.44,1.4399999999999977,,0.0,66.44,1.4399999999999977,Madden 27 baseline
Chase Lundt,BUF,LT,OL,65.0,67.09,2.0900000000000034,,0.0,67.09,2.0900000000000034,Madden 27 baseline
Ajani Cornelius,DAL,RT,OL,65.0,67.15,2.1500000000000057,,0.0,67.15,2.1500000000000057,Madden 27 baseline
Jacob Monk,GB,C,OL,65.0,66.86,1.8599999999999994,,0.0,66.86,1.8599999999999994,Madden 27 baseline
Dalton Tucker,IND,LG,OL,65.0,66.65,1.6500000000000057,,0.0,66.65,1.6500000000000057,Madden 27 baseline
Blake Freeland,IND,LT,OL,65.0,66.42,1.4200000000000017,,0.0,66.42,1.4200000000000017,Madden 27 baseline
Mike Caliendo,KC,RG,OL,65.0,67.14,2.1400000000000006,,0.0,67.14,2.1400000000000006,Madden 27 baseline
Blake Hance,LA,LG,OL,65.0,66.54,1.5400000000000063,,0.0,66.54,1.5400000000000063,Madden 27 baseline
Branson Taylor,LAC,LG,OL,65.0,67.01,2.010000000000005,,0.0,67.01,2.010000000000005,Madden 27 baseline
Ben Brown,NE,C,OL,65.0,67.24,2.239999999999995,,0.0,67.24,2.239999999999995,Madden 27 baseline
Jake Kubas,NYG,RG,OL,65.0,66.93,1.9300000000000068,,0.0,66.93,1.9300000000000068,Madden 27 baseline
Fred Johnson,PHI,LT,OL,65.0,67.53,2.530000000000001,,0.0,67.53,2.530000000000001,Madden 27 baseline
Jack Driscoll,PIT,RT,OL,65.0,66.97,1.9699999999999989,,0.0,66.97,1.9699999999999989,Madden 27 baseline
Austen Pleasants,SF,LT,OL,65.0,67.13,2.1299999999999955,,0.0,67.13,2.1299999999999955,Madden 27 baseline
Pat Coogan,TEN,C,OL,65.0,67.47,2.469999999999999,,0.0,67.47,2.469999999999999,Madden 27 baseline
Malaesala Aumavae-Laulu,WAS,RT,OL,65.0,67.06,2.0600000000000023,,0.0,67.06,2.0600000000000023,Madden 27 baseline
Corey Levin,ATL,C,OL,64.0,66.36,2.3599999999999994,,0.0,66.36,2.3599999999999994,Madden 27 baseline
James Brockermeyer,ATL,C,OL,64.0,66.33,2.3299999999999983,,0.0,66.33,2.3299999999999983,Madden 27 baseline
Andrew Stueber,ATL,RG,OL,64.0,65.62,1.6200000000000045,,0.0,65.62,1.6200000000000045,Madden 27 baseline
Jovaughn Gwyn,BAL,C,OL,64.0,66.1,2.0999999999999943,,0.0,66.1,2.0999999999999943,Madden 27 baseline
Stone Forsythe,CAR,LT,OL,64.0,66.59,2.5900000000000034,,0.0,66.59,2.5900000000000034,Madden 27 baseline
Chandler Zavala,CAR,RG,OL,64.0,66.0,2.0,,0.0,66.0,2.0,Madden 27 baseline
Frank Crum,DEN,LT,OL,64.0,65.7,1.7000000000000028,,0.0,65.7,1.7000000000000028,Madden 27 baseline
Seth McLaughlin,DET,C,OL,64.0,66.21,2.2099999999999937,,0.0,66.21,2.2099999999999937,Madden 27 baseline
Colby Sorsdal,DET,LG,OL,64.0,65.67,1.6700000000000017,,0.0,65.67,1.6700000000000017,Madden 27 baseline
Travis Glover,GB,RT,OL,64.0,66.28,2.280000000000001,,0.0,66.28,2.280000000000001,Madden 27 baseline
Brant Banks,GB,LT,OL,64.0,66.17,2.1700000000000017,,0.0,66.17,2.1700000000000017,Madden 27 baseline
Donovan Jennings,GB,RG,OL,64.0,65.9,1.9000000000000057,,0.0,65.9,1.9000000000000057,Madden 27 baseline
Joshua Ezeudu,KC,LT,OL,64.0,66.23,2.230000000000004,,0.0,66.23,2.230000000000004,Madden 27 baseline
C.J. Hanson,KC,LG,OL,64.0,66.11,2.1099999999999994,,0.0,66.11,2.1099999999999994,Madden 27 baseline
Matt Waletzko,KC,RT,OL,64.0,65.69,1.6899999999999977,,0.0,65.69,1.6899999999999977,Madden 27 baseline
Dylan McMahon,LA,C,OL,64.0,66.32,2.319999999999993,,0.0,66.32,2.319999999999993,Madden 27 baseline
Bill Murray,LA,RG,OL,64.0,65.71,1.7099999999999937,,0.0,65.71,1.7099999999999937,Madden 27 baseline
Charlie Heck,MIA,LT,OL,64.0,66.12,2.1200000000000045,,0.0,66.12,2.1200000000000045,Madden 27 baseline
Ryan Van Demark,MIN,RT,OL,64.0,65.98,1.980000000000004,,0.0,65.98,1.980000000000004,Madden 27 baseline
Andrew Rupcich,NE,LG,OL,64.0,66.05,2.049999999999997,,0.0,66.05,2.049999999999997,Madden 27 baseline
Marcus Bryant,NE,LT,OL,64.0,65.94,1.9399999999999977,,0.0,65.94,1.9399999999999977,Madden 27 baseline
Asim Richards,NO,RT,OL,64.0,66.25,2.25,,0.0,66.25,2.25,Madden 27 baseline
Bobby Hart,SEA,LT,OL,64.0,66.84,2.8400000000000034,,0.0,66.84,2.8400000000000034,Madden 27 baseline
Luke Haggard,TB,RG,OL,64.0,66.25,2.25,,0.0,66.25,2.25,Madden 27 baseline
Garrett Dellinger,TEN,RG,OL,64.0,65.81,1.8100000000000023,,0.0,65.81,1.8100000000000023,Madden 27 baseline
Austin Deculus,TEN,LT,OL,64.0,65.67,1.6700000000000017,,0.0,65.67,1.6700000000000017,Madden 27 baseline
Matt Gulbin,WAS,C,OL,64.0,66.8,2.799999999999997,,0.0,66.8,2.799999999999997,Madden 27 baseline
Tyler Cooper,WAS,RG,OL,64.0,65.86,1.8599999999999994,,0.0,65.86,1.8599999999999994,Madden 27 baseline
Hayden Conner,ARI,C,OL,63.0,65.35,2.3499999999999943,,0.0,65.35,2.3499999999999943,Madden 27 baseline
Josh Fryar,ARI,LT,OL,63.0,65.01,2.010000000000005,,0.0,65.01,2.010000000000005,Madden 27 baseline
Brandon Walton,ATL,LT,OL,63.0,65.41,2.4099999999999966,,0.0,65.41,2.4099999999999966,Madden 27 baseline
Jack Nelson,ATL,RT,OL,63.0,65.34,2.3400000000000034,,0.0,65.34,2.3400000000000034,Madden 27 baseline
Storm Norton,ATL,LT,OL,63.0,65.23,2.230000000000004,,0.0,65.23,2.230000000000004,Madden 27 baseline
Kyle Hinton,ATL,LG,OL,63.0,64.49,1.4899999999999949,,0.0,64.49,1.4899999999999949,Madden 27 baseline
Nick Broeker,BUF,LG,OL,63.0,65.26,2.260000000000005,,0.0,65.26,2.260000000000005,Madden 27 baseline
Tylan Grable,BUF,LT,OL,63.0,65.25,2.25,,0.0,65.25,2.25,Madden 27 baseline
Corey Bullock,CAR,RG,OL,63.0,64.71,1.7099999999999937,,0.0,64.71,1.7099999999999937,Madden 27 baseline
Chris Glaser,DAL,RG,OL,63.0,64.88,1.8799999999999955,,0.0,64.88,1.8799999999999955,Madden 27 baseline
John Williams,GB,LG,OL,63.0,65.09,2.0900000000000034,,0.0,65.09,2.0900000000000034,Madden 27 baseline
Jonah Monheim,JAX,C,OL,63.0,65.38,2.3799999999999955,,0.0,65.38,2.3799999999999955,Madden 27 baseline
Kayode Awosika,LAC,RG,OL,63.0,65.08,2.0799999999999983,,0.0,65.08,2.0799999999999983,Madden 27 baseline
Justin Pickett,LV,RG,OL,63.0,65.32,2.319999999999993,,0.0,65.32,2.319999999999993,Madden 27 baseline
Kevin Cline,MIA,RT,OL,63.0,65.27,2.269999999999996,,0.0,65.27,2.269999999999996,Madden 27 baseline
Walter Rouse,NE,RT,OL,63.0,65.54,2.5400000000000063,,0.0,65.54,2.5400000000000063,Madden 27 baseline
Marquis Hayes,NYJ,LG,OL,63.0,64.65,1.6500000000000057,,0.0,64.65,1.6500000000000057,Madden 27 baseline
Dylan Cook,PIT,RT,OL,63.0,65.17,2.1700000000000017,,0.0,65.17,2.1700000000000017,Madden 27 baseline
Logan Brown,SEA,RT,OL,63.0,65.03,2.030000000000001,,0.0,65.03,2.030000000000001,Madden 27 baseline
Nick Zakelj,SF,LG,OL,63.0,64.61,1.6099999999999994,,0.0,64.61,1.6099999999999994,Madden 27 baseline
James Hudson III,TEN,LT,OL,63.0,65.22,2.219999999999999,,0.0,65.22,2.219999999999999,Madden 27 baseline
Zach Thomas,TEN,RG,OL,63.0,64.64,1.6400000000000006,,0.0,64.64,1.6400000000000006,Madden 27 baseline
Kyle Hergel,CHI,RG,OL,62.0,64.27,2.269999999999996,,0.0,64.27,2.269999999999996,Madden 27 baseline
Dalton Cooper,GB,LT,OL,62.0,64.31,2.3100000000000023,,0.0,64.31,2.3100000000000023,Madden 27 baseline
Karsen Barnhart,GB,LG,OL,62.0,64.06,2.0600000000000023,,0.0,64.06,2.0600000000000023,Madden 27 baseline
Luke Tenuta,IND,RT,OL,62.0,64.35,2.3499999999999943,,0.0,64.35,2.3499999999999943,Madden 27 baseline
Garrett DiGiorgio,JAX,RG,OL,62.0,64.67,2.6700000000000017,,0.0,64.67,2.6700000000000017,Madden 27 baseline
Kahlil Benson,KC,RT,OL,62.0,64.33,2.3299999999999983,,0.0,64.33,2.3299999999999983,Madden 27 baseline
Ethan Driskell,KC,LT,OL,62.0,63.97,1.9699999999999989,,0.0,63.97,1.9699999999999989,Madden 27 baseline
Jacob Spomer,LAC,C,OL,62.0,64.89,2.8900000000000006,,0.0,64.89,2.8900000000000006,Madden 27 baseline
Isaiah Jatta,LV,RT,OL,62.0,64.33,2.3299999999999983,,0.0,64.33,2.3299999999999983,Madden 27 baseline
Andrew Meyer,MIA,C,OL,62.0,64.62,2.6200000000000045,,0.0,64.62,2.6200000000000045,Madden 27 baseline
Gavin Gerhardt,MIN,C,OL,62.0,64.87,2.8700000000000045,,0.0,64.87,2.8700000000000045,Madden 27 baseline
Michael Jurgens,MIN,C,OL,62.0,64.75,2.75,,0.0,64.75,2.75,Madden 27 baseline
Delby Lemieux,MIN,RG,OL,62.0,64.5,2.5,,0.0,64.5,2.5,Madden 27 baseline
Nick Samac,MIN,C,OL,62.0,64.5,2.5,,0.0,64.5,2.5,Madden 27 baseline
Tomas Rimac,MIN,RG,OL,62.0,64.35,2.3499999999999943,,0.0,64.35,2.3499999999999943,Madden 27 baseline
Vershon Lee,MIN,LG,OL,62.0,64.02,2.019999999999996,,0.0,64.02,2.019999999999996,Madden 27 baseline
Joe Huber,MIN,RG,OL,62.0,64.0,2.0,,0.0,64.0,2.0,Madden 27 baseline
Jacob Rizy,NE,C,OL,62.0,64.82,2.819999999999993,,0.0,64.82,2.819999999999993,Madden 27 baseline
Landon Young,NYJ,RT,OL,62.0,64.34,2.3400000000000034,,0.0,64.34,2.3400000000000034,Madden 27 baseline
Brett Toth,SF,C,OL,62.0,64.38,2.3799999999999955,,0.0,64.38,2.3799999999999955,Madden 27 baseline
Atonio Mafi,TEN,LG,OL,62.0,63.99,1.990000000000002,,0.0,63.99,1.990000000000002,Madden 27 baseline
Drew Moss,TEN,LG,OL,62.0,63.95,1.9500000000000028,,0.0,63.95,1.9500000000000028,Madden 27 baseline
Jeremiah Byers,CLE,RT,OL,61.0,63.32,2.3200000000000003,,0.0,63.32,2.3200000000000003,Madden 27 baseline
Michael Niese,DET,C,OL,61.0,63.39,2.3900000000000006,,0.0,63.39,2.3900000000000006,Madden 27 baseline
Nolan Rucci,IND,LT,OL,61.0,63.67,2.6700000000000017,,0.0,63.67,2.6700000000000017,Madden 27 baseline
Esa Pole,KC,LT,OL,61.0,63.59,2.5900000000000034,,0.0,63.59,2.5900000000000034,Madden 27 baseline
A.J. Arcuri,LA,LT,OL,61.0,63.26,2.259999999999998,,0.0,63.26,2.259999999999998,Madden 27 baseline
Isaiah World,LAC,LT,OL,61.0,63.64,2.6400000000000006,,0.0,63.64,2.6400000000000006,Madden 27 baseline
Josh Priebe,MIA,LG,OL,61.0,63.18,2.1799999999999997,,0.0,63.18,2.1799999999999997,Madden 27 baseline
Alan Herron,NO,RT,OL,61.0,63.68,2.6799999999999997,,0.0,63.68,2.6799999999999997,Madden 27 baseline
Barry Wesley,NO,LT,OL,61.0,63.58,2.5799999999999983,,0.0,63.58,2.5799999999999983,Madden 27 baseline
Xavier Truss,NO,RT,OL,61.0,63.28,2.280000000000001,,0.0,63.28,2.280000000000001,Madden 27 baseline
Willie Lampkin IV,PHI,C,OL,61.0,63.61,2.6099999999999994,,0.0,63.61,2.6099999999999994,Madden 27 baseline
John Ojukwu,PHI,LT,OL,61.0,63.33,2.3299999999999983,,0.0,63.33,2.3299999999999983,Madden 27 baseline
Hollin Pierce,PHI,LT,OL,61.0,63.32,2.3200000000000003,,0.0,63.32,2.3200000000000003,Madden 27 baseline
Federico Maranges,SEA,C,OL,61.0,63.58,2.5799999999999983,,0.0,63.58,2.5799999999999983,Madden 27 baseline
Paul Rubelt,TB,RT,OL,61.0,63.49,2.490000000000002,,0.0,63.49,2.490000000000002,Madden 27 baseline
Brandon Crenshaw-Dickson,TEN,RT,OL,61.0,63.45,2.450000000000003,,0.0,63.45,2.450000000000003,Madden 27 baseline
Josh Sills,IND,RG,OL,60.0,62.17,2.1700000000000017,,0.0,62.17,2.1700000000000017,Madden 27 baseline
Josh Thompson,KC,RG,OL,60.0,63.0,3.0,,0.0,63.0,3.0,Madden 27 baseline
Diego Pounds,KC,LT,OL,60.0,62.84,2.8400000000000034,,0.0,62.84,2.8400000000000034,Madden 27 baseline
Jim Bonifas,MIA,C,OL,60.0,63.0,3.0,,0.0,63.0,3.0,Madden 27 baseline
Amari Kight,SEA,RT,OL,60.0,62.85,2.8500000000000014,,0.0,62.85,2.8500000000000014,Madden 27 baseline
Benjamin Chukwuma,TB,LT,OL,60.0,62.45,2.450000000000003,,0.0,62.45,2.450000000000003,Madden 27 baseline
Trent Scott,WAS,RT,OL,60.0,62.47,2.469999999999999,,0.0,62.47,2.469999999999999,Madden 27 baseline
Corey Robinson II,CIN,RT,OL,59.0,62.0,3.0,,0.0,62.0,3.0,Madden 27 baseline
Andrew Coker,CIN,RT,OL,59.0,61.56,2.5600000000000023,,0.0,61.56,2.5600000000000023,Madden 27 baseline
Devin Cochran,DET,RT,OL,59.0,61.09,2.0900000000000034,,0.0,61.09,2.0900000000000034,Madden 27 baseline
Geno VanDeMark,IND,C,OL,59.0,62.0,3.0,,0.0,62.0,3.0,Madden 27 baseline
Jimmy Morrissey,IND,C,OL,59.0,61.3,2.299999999999997,,0.0,61.3,2.299999999999997,Madden 27 baseline
Pete Nygra,KC,C,OL,59.0,62.0,3.0,,0.0,62.0,3.0,Madden 27 baseline
Will Putnam,LV,C,OL,59.0,61.97,2.969999999999999,,0.0,61.97,2.969999999999999,Madden 27 baseline
Will Sherman,NO,RG,OL,59.0,60.91,1.9099999999999966,,0.0,60.91,1.9099999999999966,Madden 27 baseline
Jake Majors,PHI,C,OL,59.0,61.76,2.759999999999998,,0.0,61.76,2.759999999999998,Madden 27 baseline
Kingsley Eguakun,CLE,C,OL,58.0,61.0,3.0,,0.0,61.0,3.0,Madden 27 baseline
Torricelli Simpkins III,NO,C,OL,58.0,61.0,3.0,,0.0,61.0,3.0,Madden 27 baseline
Courtland Ford,NYJ,LT,OL,58.0,60.89,2.8900000000000006,,0.0,60.89,2.8900000000000006,Madden 27 baseline
Greg Crippen,PIT,C,OL,58.0,61.0,3.0,,0.0,61.0,3.0,Madden 27 baseline
Ben Scott,TB,C,OL,58.0,61.0,3.0,,0.0,61.0,3.0,Madden 27 baseline
Ricky Lee,JAX,RT,OL,57.0,59.35,2.3500000000000014,,0.0,59.35,2.3500000000000014,Madden 27 baseline
Austin Blaske,LA,C,OL,57.0,60.0,3.0,,0.0,60.0,3.0,Madden 27 baseline
Xavier Newman,NYJ,C,OL,56.0,58.88,2.8800000000000026,,0.0,58.88,2.8800000000000026,Madden 27 baseline
Julian Good-Jones,WAS,C,OL,56.0,58.87,2.8699999999999974,,0.0,58.87,2.8699999999999974,Madden 27 baseline
Foster Sarell,WAS,LT,OL,55.0,57.93,2.9299999999999997,,0.0,57.93,2.9299999999999997,Madden 27 baseline
Ryan McCollum,PIT,C,OL,54.0,57.0,3.0,,0.0,57.0,3.0,Madden 27 baseline
Nash Hutmacher,TB,LG,OL,53.0,55.52,2.520000000000003,,0.0,55.52,2.520000000000003,Madden 27 baseline
Josh Allen,BUF,QB,QB,99.0,97.63,-1.3700000000000045,,0.0,97.63,-1.3700000000000045,Madden 27 baseline
Matthew Stafford,LA,QB,QB,99.0,96.88,-2.1200000000000045,67.85000000000001,0.04,95.72,-3.280000000000001,Madden 27 + nflverse performance
Joe Burrow,CIN,QB,QB,97.0,96.11,-0.8900000000000006,,0.0,96.11,-0.8900000000000006,Madden 27 baseline
Lamar Jackson,BAL,QB,QB,94.0,93.6,-0.4000000000000057,,0.0,93.6,-0.4000000000000057,Madden 27 baseline
Patrick Mahomes,KC,QB,QB,93.0,92.56,-0.4399999999999977,,0.0,92.56,-0.4399999999999977,Madden 27 baseline
Drake Maye,NE,QB,QB,92.0,91.79,-0.20999999999999375,79.76666666666668,0.0528,91.16,-0.8400000000000034,Madden 27 + nflverse performance
Dak Prescott,DAL,QB,QB,91.0,90.97,-0.030000000000001137,,0.0,90.97,-0.030000000000001137,Madden 27 baseline
Caleb Williams,CHI,QB,QB,90.0,89.62,-0.37999999999999545,,0.0,89.62,-0.37999999999999545,Madden 27 baseline
Justin Herbert,LAC,QB,QB,90.0,90.13,0.12999999999999545,,0.0,90.13,0.12999999999999545,Madden 27 baseline
Jared Goff,DET,QB,QB,88.0,88.02,0.01999999999999602,,0.0,88.02,0.01999999999999602,Madden 27 baseline
Sam Darnold,SEA,QB,QB,87.0,87.62,0.6200000000000045,62.43333333333332,0.0032,87.54,0.5400000000000063,Madden 27 + nflverse performance
Jordan Love,GB,QB,QB,86.0,86.76,0.7600000000000051,,0.0,86.76,0.7600000000000051,Madden 27 baseline
Brock Purdy,SF,QB,QB,85.0,86.13,1.1299999999999955,87.01666666666668,0.0544,86.18,1.1800000000000068,Madden 27 + nflverse performance
Trevor Lawrence,JAX,QB,QB,84.0,85.0,1.0,,0.0,85.0,1.0,Madden 27 baseline
Baker Mayfield,TB,QB,QB,83.0,84.1,1.0999999999999943,,0.0,84.1,1.0999999999999943,Madden 27 baseline
Jalen Hurts,PHI,QB,QB,82.0,83.42,1.4200000000000017,,0.0,83.42,1.4200000000000017,Madden 27 baseline
Bo Nix,DEN,QB,QB,81.0,82.51,1.5100000000000051,,0.0,82.51,1.5100000000000051,Madden 27 baseline
Jayden Daniels,WAS,QB,QB,80.0,81.17,1.1700000000000017,,0.0,81.17,1.1700000000000017,Madden 27 baseline
Aaron Rodgers,PIT,QB,QB,79.0,80.46,1.4599999999999937,,0.0,80.46,1.4599999999999937,Madden 27 baseline
Bryce Young,CAR,QB,QB,78.0,80.09,2.0900000000000034,,0.0,80.09,2.0900000000000034,Madden 27 baseline
Daniel Jones,IND,QB,QB,78.0,80.32,2.319999999999993,,0.0,80.32,2.319999999999993,Madden 27 baseline
Tyler Shough,NO,QB,QB,77.0,79.0,2.0,,0.0,79.0,2.0,Madden 27 baseline
Jaxson Dart,NYG,QB,QB,77.0,79.1,2.0999999999999943,,0.0,79.1,2.0999999999999943,Madden 27 baseline
C.J. Stroud,HOU,QB,QB,76.0,78.33,2.3299999999999983,,0.0,78.33,2.3299999999999983,Madden 27 baseline
Kyler Murray,MIN,QB,QB,75.0,76.83,1.8299999999999983,,0.0,76.83,1.8299999999999983,Madden 27 baseline
Mac Jones,SF,QB,QB,75.0,77.37,2.3700000000000045,,0.0,77.37,2.3700000000000045,Madden 27 baseline
Cam Ward,TEN,QB,QB,75.0,77.04,2.0400000000000063,,0.0,77.04,2.0400000000000063,Madden 27 baseline
Tua Tagovailoa,ATL,QB,QB,74.0,76.77,2.769999999999996,,0.0,76.77,2.769999999999996,Madden 27 baseline
Fernando Mendoza,LV,QB,QB,74.0,76.56,2.5600000000000023,,0.0,76.56,2.5600000000000023,Madden 27 baseline
Malik Willis,MIA,QB,QB,74.0,76.05,2.049999999999997,,0.0,76.05,2.049999999999997,Madden 27 baseline
Michael Penix Jr,ATL,QB,QB,73.0,75.36,2.3599999999999994,,0.0,75.36,2.3599999999999994,Madden 27 baseline
Joe Flacco,CIN,QB,QB,73.0,75.32,2.319999999999993,,0.0,75.32,2.319999999999993,Madden 27 baseline
Kirk Cousins,LV,QB,QB,73.0,75.52,2.519999999999996,,0.0,75.52,2.519999999999996,Madden 27 baseline
Jacoby Brissett,ARI,QB,QB,72.0,74.71,2.7099999999999937,,0.0,74.71,2.7099999999999937,Madden 27 baseline
Geno Smith,NYJ,QB,QB,72.0,75.0,3.0,,0.0,75.0,3.0,Madden 27 baseline
Marcus Mariota,WAS,QB,QB,72.0,74.78,2.780000000000001,,0.0,74.78,2.780000000000001,Madden 27 baseline
Ty Simpson,LA,QB,QB,71.0,74.0,3.0,,0.0,74.0,3.0,Madden 27 baseline
J.J. McCarthy,MIN,QB,QB,71.0,73.67,2.6700000000000017,,0.0,73.67,2.6700000000000017,Madden 27 baseline
Spencer Rattler,NO,QB,QB,71.0,73.61,2.6099999999999994,,0.0,73.61,2.6099999999999994,Madden 27 baseline
Jameis Winston,NYG,QB,QB,71.0,73.56,2.5600000000000023,,0.0,73.56,2.5600000000000023,Madden 27 baseline
Andy Dalton,PHI,QB,QB,71.0,73.63,2.6299999999999955,,0.0,73.63,2.6299999999999955,Madden 27 baseline
Gardner Minshew,ARI,QB,QB,70.0,73.0,3.0,,0.0,73.0,3.0,Madden 27 baseline
Anthony Richardson Sr,IND,QB,QB,70.0,72.12,2.1200000000000045,,0.0,72.12,2.1200000000000045,Madden 27 baseline
Justin Fields,KC,QB,QB,70.0,72.33,2.3299999999999983,,0.0,72.33,2.3299999999999983,Madden 27 baseline
Shedeur Sanders,CLE,QB,QB,69.0,72.0,3.0,,0.0,72.0,3.0,Madden 27 baseline
Deshaun Watson,CLE,QB,QB,69.0,71.71,2.7099999999999937,,0.0,71.71,2.7099999999999937,Madden 27 baseline
Joe Milton,DAL,QB,QB,69.0,71.53,2.530000000000001,,0.0,71.53,2.530000000000001,Madden 27 baseline
Tyrod Taylor,GB,QB,QB,69.0,72.0,3.0,,0.0,72.0,3.0,Madden 27 baseline
Carson Beck,ARI,QB,QB,68.0,71.0,3.0,,0.0,71.0,3.0,Madden 27 baseline
Tyler Huntley,BAL,QB,QB,68.0,71.0,3.0,,0.0,71.0,3.0,Madden 27 baseline
Carson Wentz,MIN,QB,QB,68.0,71.0,3.0,,0.0,71.0,3.0,Madden 27 baseline
Drew Allar,PIT,QB,QB,68.0,71.0,3.0,,0.0,71.0,3.0,Madden 27 baseline
Jake Browning,TB,QB,QB,68.0,71.0,3.0,,0.0,71.0,3.0,Madden 27 baseline
Will Levis,TEN,QB,QB,68.0,71.0,3.0,,0.0,71.0,3.0,Madden 27 baseline
Kenny Pickett,CAR,QB,QB,67.0,70.0,3.0,,0.0,70.0,3.0,Madden 27 baseline
Dillon Gabriel,CLE,QB,QB,67.0,70.0,3.0,,0.0,70.0,3.0,Madden 27 baseline
Teddy Bridgewater,DET,QB,QB,67.0,70.0,3.0,,0.0,70.0,3.0,Madden 27 baseline
Riley Leonard,IND,QB,QB,67.0,70.0,3.0,,0.0,70.0,3.0,Madden 27 baseline
Aidan O'Connell,LV,QB,QB,67.0,70.0,3.0,,0.0,70.0,3.0,Madden 27 baseline
Cade Klubnik,NYJ,QB,QB,67.0,70.0,3.0,,0.0,70.0,3.0,Madden 27 baseline
Cole Payton,PHI,QB,QB,67.0,70.0,3.0,,0.0,70.0,3.0,Madden 27 baseline
Davis Mills,HOU,QB,QB,66.0,69.0,3.0,,0.0,69.0,3.0,Madden 27 baseline
Zach Wilson,NO,QB,QB,66.0,69.0,3.0,,0.0,69.0,3.0,Madden 27 baseline
Tanner McKee,PHI,QB,QB,66.0,69.0,3.0,,0.0,69.0,3.0,Madden 27 baseline
Mason Rudolph,PIT,QB,QB,66.0,69.0,3.0,,0.0,69.0,3.0,Madden 27 baseline
Drew Lock,SEA,QB,QB,66.0,69.0,3.0,78.26666666666668,0.0352,69.33,3.3299999999999983,Madden 27 + nflverse performance
Jalen Milroe,SEA,QB,QB,66.0,69.0,3.0,,0.0,69.0,3.0,Madden 27 baseline
Cooper Rush,ATL,QB,QB,65.0,68.0,3.0,,0.0,68.0,3.0,Madden 27 baseline
Haynes King,CAR,QB,QB,65.0,68.0,3.0,,0.0,68.0,3.0,Madden 27 baseline
Taylen Green,CLE,QB,QB,65.0,67.54,2.5400000000000063,,0.0,67.54,2.5400000000000063,Madden 27 baseline
Sam Howell,DAL,QB,QB,65.0,68.0,3.0,,0.0,68.0,3.0,Madden 27 baseline
Luke Altmyer,DET,QB,QB,65.0,68.0,3.0,,0.0,68.0,3.0,Madden 27 baseline
Kyle McCord,MIA,QB,QB,65.0,68.0,3.0,,0.0,68.0,3.0,Madden 27 baseline
Mitchell Trubisky,TEN,QB,QB,65.0,68.0,3.0,,0.0,68.0,3.0,Madden 27 baseline
Skylar Thompson,BAL,QB,QB,64.0,67.0,3.0,,0.0,67.0,3.0,Madden 27 baseline
Jarrett Stidham,DEN,QB,QB,64.0,67.0,3.0,,0.0,67.0,3.0,Madden 27 baseline
Trey Lance,LAC,QB,QB,64.0,67.0,3.0,,0.0,67.0,3.0,Madden 27 baseline
Bailey Zappe,NYJ,QB,QB,64.0,67.0,3.0,,0.0,67.0,3.0,Madden 27 baseline
Will Howard,PIT,QB,QB,64.0,67.0,3.0,,0.0,67.0,3.0,Madden 27 baseline
Hendon Hooker,TEN,QB,QB,64.0,66.99,2.989999999999995,,0.0,66.99,2.989999999999995,Madden 27 baseline
Case Keenum,CHI,QB,QB,63.0,66.0,3.0,,0.0,66.0,3.0,Madden 27 baseline
Quinn Ewers,JAX,QB,QB,63.0,66.0,3.0,,0.0,66.0,3.0,Madden 27 baseline
Garrett Nussmeier,KC,QB,QB,63.0,66.0,3.0,,0.0,66.0,3.0,Madden 27 baseline
Stetson Bennett IV,LA,QB,QB,63.0,66.0,3.0,64.26666666666667,0.0048,65.99,2.989999999999995,Madden 27 + nflverse performance
Brady Cook,MIA,QB,QB,63.0,66.0,3.0,,0.0,66.0,3.0,Madden 27 baseline
Kurtis Rourke,SF,QB,QB,63.0,66.0,3.0,,0.0,66.0,3.0,Madden 27 baseline
Josh Johnson,CIN,QB,QB,62.0,65.0,3.0,,0.0,65.0,3.0,Madden 27 baseline
Easton Stick,IND,QB,QB,62.0,65.0,3.0,,0.0,65.0,3.0,Madden 27 baseline
Athan Kaliakmanis,WAS,QB,QB,62.0,65.0,3.0,,0.0,65.0,3.0,Madden 27 baseline
Joey Aguilar,JAX,QB,QB,61.0,64.0,3.0,,0.0,64.0,3.0,Madden 27 baseline
Nick Mullens,JAX,QB,QB,61.0,64.0,3.0,,0.0,64.0,3.0,Madden 27 baseline
Mark Gronowski,MIA,QB,QB,61.0,64.0,3.0,,0.0,64.0,3.0,Madden 27 baseline
Tommy DeVito,NE,QB,QB,61.0,64.0,3.0,,0.0,64.0,3.0,Madden 27 baseline
Kyle Allen,BUF,QB,QB,60.0,63.0,3.0,,0.0,63.0,3.0,Madden 27 baseline
Graham Mertz,HOU,QB,QB,60.0,63.0,3.0,,0.0,63.0,3.0,Madden 27 baseline
Cam Miller,MIA,QB,QB,60.0,63.0,3.0,,0.0,63.0,3.0,Madden 27 baseline
Behren Morton,NE,QB,QB,60.0,63.0,3.0,,0.0,63.0,3.0,Madden 27 baseline
Joe Fagnano,BAL,QB,QB,59.0,62.0,3.0,,0.0,62.0,3.0,Madden 27 baseline
Tyson Bagent,CHI,QB,QB,59.0,62.0,3.0,,0.0,62.0,3.0,Madden 27 baseline
Carter Bradley,JAX,QB,QB,59.0,62.0,3.0,,0.0,62.0,3.0,Madden 27 baseline
Max Brosmer,MIN,QB,QB,59.0,62.0,3.0,,0.0,62.0,3.0,Madden 27 baseline
Sean Clifford,CIN,QB,QB,58.0,61.0,3.0,,0.0,61.0,3.0,Madden 27 baseline
Sam Hartman,WAS,QB,QB,58.0,61.0,3.0,,0.0,61.0,3.0,Madden 27 baseline
Sam Ehlinger,DEN,QB,QB,57.0,60.0,3.0,,0.0,60.0,3.0,Madden 27 baseline
Connor Bazelak,TB,QB,QB,57.0,60.0,3.0,,0.0,60.0,3.0,Madden 27 baseline
Chris Oladokun,KC,QB,QB,55.0,58.0,3.0,,0.0,58.0,3.0,Madden 27 baseline
Brandon Allen,NYG,QB,QB,54.0,57.0,3.0,,0.0,57.0,3.0,Madden 27 baseline
Shane Buechele,BUF,QB,QB,52.0,55.0,3.0,,0.0,55.0,3.0,Madden 27 baseline
Jahmyr Gibbs,DET,HB,RB,98.0,95.84,-2.1599999999999966,,0.0,95.84,-2.1599999999999966,Madden 27 baseline
Christian McCaffrey,SF,HB,RB,97.0,95.87,-1.1299999999999955,83.41666666666667,0.032,95.47,-1.5300000000000011,Madden 27 + nflverse performance
Jonathan Taylor,IND,HB,RB,96.0,94.72,-1.2800000000000011,,0.0,94.72,-1.2800000000000011,Madden 27 baseline
Bijan Robinson,ATL,HB,RB,95.0,93.73,-1.269999999999996,,0.0,93.73,-1.269999999999996,Madden 27 baseline
James Cook III,BUF,HB,RB,94.0,92.64,-1.3599999999999994,,0.0,92.64,-1.3599999999999994,Madden 27 baseline
Derrick Henry,BAL,HB,RB,93.0,91.53,-1.4699999999999989,,0.0,91.53,-1.4699999999999989,Madden 27 baseline
Saquon Barkley,PHI,HB,RB,92.0,91.24,-0.7600000000000051,,0.0,91.24,-0.7600000000000051,Madden 27 baseline
Josh Jacobs,GB,HB,RB,91.0,90.43,-0.5699999999999932,,0.0,90.43,-0.5699999999999932,Madden 27 baseline
Kenneth Walker,KC,HB,RB,90.0,89.99,-0.010000000000005116,,0.0,89.99,-0.010000000000005116,Madden 27 baseline
Kyren Williams,LA,HB,RB,89.0,88.67,-0.3299999999999983,82.83333333333334,0.0352,88.46,-0.5400000000000063,Madden 27 + nflverse performance
De'Von Achane,MIA,HB,RB,88.0,88.23,0.23000000000000398,,0.0,88.23,0.23000000000000398,Madden 27 baseline
Kyle Juszczyk,SF,FB,RB,88.0,85.34,-2.6599999999999966,,0.0,85.34,-2.6599999999999966,Madden 27 baseline
Travis Etienne Jr,NO,HB,RB,87.0,87.26,0.2600000000000051,,0.0,87.26,0.2600000000000051,Madden 27 baseline
Breece Hall,NYJ,HB,RB,87.0,86.95,-0.04999999999999716,,0.0,86.95,-0.04999999999999716,Madden 27 baseline
Javonte Williams,DAL,HB,RB,86.0,86.27,0.269999999999996,,0.0,86.27,0.269999999999996,Madden 27 baseline
Bucky Irving,TB,HB,RB,86.0,86.17,0.1700000000000017,,0.0,86.17,0.1700000000000017,Madden 27 baseline
D'Andre Swift,CHI,HB,RB,85.0,85.62,0.6200000000000045,,0.0,85.62,0.6200000000000045,Madden 27 baseline
Ashton Jeanty,LV,HB,RB,85.0,85.81,0.8100000000000023,,0.0,85.81,0.8100000000000023,Madden 27 baseline
Rico Dowdle,PIT,HB,RB,84.0,84.88,0.8799999999999955,,0.0,84.88,0.8799999999999955,Madden 27 baseline
David Montgomery,HOU,HB,RB,83.0,84.35,1.3499999999999943,,0.0,84.35,1.3499999999999943,Madden 27 baseline
Reggie Gilliam,NE,FB,RB,83.0,80.84,-2.1599999999999966,,0.0,80.84,-2.1599999999999966,Madden 27 baseline
Jaylen Warren,PIT,HB,RB,83.0,84.21,1.2099999999999937,,0.0,84.21,1.2099999999999937,Madden 27 baseline
Zach Charbonnet,SEA,HB,RB,83.0,83.79,0.7900000000000063,,0.0,83.79,0.7900000000000063,Madden 27 baseline
Tony Pollard,TEN,HB,RB,83.0,83.97,0.9699999999999989,,0.0,83.97,0.9699999999999989,Madden 27 baseline
Jeremiyah Love,ARI,HB,RB,82.0,83.24,1.2399999999999949,,0.0,83.24,1.2399999999999949,Madden 27 baseline
Chase Brown,CIN,HB,RB,82.0,83.05,1.0499999999999972,,0.0,83.05,1.0499999999999972,Madden 27 baseline
Quinshon Judkins,CLE,HB,RB,82.0,83.35,1.3499999999999943,,0.0,83.35,1.3499999999999943,Madden 27 baseline
J.K. Dobbins,DEN,HB,RB,82.0,83.03,1.0300000000000011,,0.0,83.03,1.0300000000000011,Madden 27 baseline
TreVeyon Henderson,NE,HB,RB,82.0,83.01,1.0100000000000051,,0.0,83.01,1.0100000000000051,Madden 27 baseline
Patrick Ricard,NYG,FB,RB,82.0,79.0,-3.0,,0.0,79.0,-3.0,Madden 27 baseline
Tyler Allgeier,ARI,HB,RB,81.0,82.18,1.1800000000000068,,0.0,82.18,1.1800000000000068,Madden 27 baseline
Chuba Hubbard,CAR,HB,RB,81.0,82.5,1.5,,0.0,82.5,1.5,Madden 27 baseline
Omarion Hampton,LAC,HB,RB,81.0,82.28,1.2800000000000011,,0.0,82.28,1.2800000000000011,Madden 27 baseline
Jordan Mason,MIN,HB,RB,81.0,81.88,0.8799999999999955,,0.0,81.88,0.8799999999999955,Madden 27 baseline
Cam Skattebo,NYG,HB,RB,81.0,82.15,1.1500000000000057,,0.0,82.15,1.1500000000000057,Madden 27 baseline
James Conner,ARI,HB,RB,80.0,81.11,1.1099999999999994,,0.0,81.11,1.1099999999999994,Madden 27 baseline
RJ Harvey,DEN,HB,RB,80.0,81.47,1.4699999999999989,,0.0,81.47,1.4699999999999989,Madden 27 baseline
Woody Marks,HOU,HB,RB,80.0,81.76,1.7600000000000051,,0.0,81.76,1.7600000000000051,Madden 27 baseline
Aaron Jones Sr,MIN,HB,RB,80.0,81.58,1.5799999999999983,,0.0,81.58,1.5799999999999983,Madden 27 baseline
Rhamondre Stevenson,NE,HB,RB,79.0,80.57,1.5699999999999932,81.41666666666667,0.0576,80.62,1.6200000000000045,Madden 27 + nflverse performance
Alvin Kamara,NO,HB,RB,79.0,80.66,1.6599999999999966,,0.0,80.66,1.6599999999999966,Madden 27 baseline
Tyrone Tracy Jr,NYG,HB,RB,79.0,80.58,1.5799999999999983,,0.0,80.58,1.5799999999999983,Madden 27 baseline
Kenny Gainwell,TB,HB,RB,79.0,80.61,1.6099999999999994,,0.0,80.61,1.6099999999999994,Madden 27 baseline
Jacory Croskey-Merritt,WAS,HB,RB,79.0,80.75,1.75,,0.0,80.75,1.75,Madden 27 baseline
Brian Robinson Jr,ATL,HB,RB,78.0,79.48,1.480000000000004,,0.0,79.48,1.480000000000004,Madden 27 baseline
Kyle Monangai,CHI,HB,RB,78.0,79.66,1.6599999999999966,,0.0,79.66,1.6599999999999966,Madden 27 baseline
Blake Corum,LA,HB,RB,78.0,79.87,1.8700000000000045,72.91666666666667,0.032,79.65,1.6500000000000057,Madden 27 + nflverse performance
Rachaad White,WAS,HB,RB,78.0,80.1,2.0999999999999943,,0.0,80.1,2.0999999999999943,Madden 27 baseline
Trey Benson,ARI,HB,RB,77.0,79.12,2.1200000000000045,,0.0,79.12,2.1200000000000045,Madden 27 baseline
Justice Hill,BAL,HB,RB,77.0,79.0,2.0,,0.0,79.0,2.0,Madden 27 baseline
Kimani Vidal,LAC,HB,RB,77.0,79.07,2.069999999999993,,0.0,79.07,2.069999999999993,Madden 27 baseline
Tank Bigsby,PHI,HB,RB,77.0,79.3,2.299999999999997,,0.0,79.3,2.299999999999997,Madden 27 baseline
Tyjae Spears,TEN,HB,RB,77.0,79.32,2.319999999999993,,0.0,79.32,2.319999999999993,Madden 27 baseline
Jonathon Brooks,CAR,HB,RB,76.0,78.15,2.1500000000000057,,0.0,78.15,2.1500000000000057,Madden 27 baseline
Isiah Pacheco,DET,HB,RB,76.0,78.27,2.269999999999996,,0.0,78.27,2.269999999999996,Madden 27 baseline
Bhayshul Tuten,JAX,HB,RB,76.0,78.2,2.200000000000003,,0.0,78.2,2.200000000000003,Madden 27 baseline
Kendre Miller,NO,HB,RB,76.0,78.18,2.180000000000007,,0.0,78.18,2.180000000000007,Madden 27 baseline
Ray Davis,BUF,HB,RB,75.0,77.66,2.6599999999999966,,0.0,77.66,2.6599999999999966,Madden 27 baseline
Ty Johnson,BUF,HB,RB,75.0,77.36,2.3599999999999994,,0.0,77.36,2.3599999999999994,Madden 27 baseline
Samaje Perine,CIN,HB,RB,75.0,77.06,2.0600000000000023,,0.0,77.06,2.0600000000000023,Madden 27 baseline
Dylan Sampson,CLE,HB,RB,75.0,77.47,2.469999999999999,,0.0,77.47,2.469999999999999,Madden 27 baseline
Keaton Mitchell,LAC,HB,RB,75.0,77.32,2.319999999999993,,0.0,77.32,2.319999999999993,Madden 27 baseline
Devin Singletary,NYG,HB,RB,75.0,77.48,2.480000000000004,,0.0,77.48,2.480000000000004,Madden 27 baseline
Jadarian Price,SEA,HB,RB,75.0,77.34,2.3400000000000034,76.33333333333333,0.032,77.31,2.3100000000000023,Madden 27 + nflverse performance
A.J. Dillon,CAR,HB,RB,74.0,76.11,2.1099999999999994,,0.0,76.11,2.1099999999999994,Madden 27 baseline
Kaleb Johnson,GB,HB,RB,74.0,76.82,2.819999999999993,,0.0,76.82,2.819999999999993,Madden 27 baseline
Brashard Smith,KC,HB,RB,74.0,76.51,2.510000000000005,,0.0,76.51,2.510000000000005,Madden 27 baseline
Alec Ingold,LAC,FB,RB,74.0,73.35,-0.6500000000000057,,0.0,73.35,-0.6500000000000057,Madden 27 baseline
Dameon Pierce,PHI,HB,RB,74.0,76.18,2.180000000000007,,0.0,76.18,2.180000000000007,Madden 27 baseline
Jerome Ford,WAS,HB,RB,74.0,76.72,2.719999999999999,,0.0,76.72,2.719999999999999,Madden 27 baseline
Jaydon Blue,DAL,HB,RB,73.0,75.97,2.969999999999999,,0.0,75.97,2.969999999999999,Madden 27 baseline
Malik Davis,DAL,HB,RB,73.0,75.91,2.9099999999999966,,0.0,75.91,2.9099999999999966,Madden 27 baseline
Jonah Coleman,DEN,HB,RB,73.0,76.0,3.0,,0.0,76.0,3.0,Madden 27 baseline
Ollie Gordon II,MIA,HB,RB,73.0,75.91,2.9099999999999966,,0.0,75.91,2.9099999999999966,Madden 27 baseline
Jaylen Wright,MIA,HB,RB,73.0,75.7,2.700000000000003,,0.0,75.7,2.700000000000003,Madden 27 baseline
Will Shipley,PHI,HB,RB,73.0,75.56,2.5600000000000023,,0.0,75.56,2.5600000000000023,Madden 27 baseline
Emanuel Wilson,SEA,HB,RB,73.0,75.84,2.8400000000000034,60.5,0.0064,75.74,2.739999999999995,Madden 27 + nflverse performance
Robbie Ouzts,SEA,FB,RB,73.0,71.63,-1.3700000000000045,,0.0,71.63,-1.3700000000000045,Madden 27 baseline
Khalil Herbert,SF,HB,RB,73.0,75.82,2.819999999999993,,0.0,75.82,2.819999999999993,Madden 27 baseline
Jordan James,SF,HB,RB,73.0,75.59,2.5900000000000034,,0.0,75.59,2.5900000000000034,Madden 27 baseline
Hunter Luepke,DAL,FB,RB,72.0,72.75,0.75,,0.0,72.75,0.75,Madden 27 baseline
MarShawn Lloyd,GB,HB,RB,72.0,74.8,2.799999999999997,,0.0,74.8,2.799999999999997,Madden 27 baseline
Chris Rodriguez Jr,JAX,HB,RB,72.0,74.92,2.9200000000000017,,0.0,74.92,2.9200000000000017,Madden 27 baseline
Jarquez Hunter,LA,HB,RB,72.0,74.74,2.739999999999995,,0.0,74.74,2.739999999999995,Madden 27 baseline
Jack Westover,NE,FB,RB,72.0,72.18,0.18000000000000682,,0.0,72.18,0.18000000000000682,Madden 27 baseline
Ty Chandler,NO,HB,RB,72.0,75.0,3.0,,0.0,75.0,3.0,Madden 27 baseline
Devin Neal,NO,HB,RB,72.0,74.99,2.989999999999995,,0.0,74.99,2.989999999999995,Madden 27 baseline
Braelon Allen,NYJ,HB,RB,72.0,74.92,2.9200000000000017,,0.0,74.92,2.9200000000000017,Madden 27 baseline
Elijah Mitchell,PHI,HB,RB,72.0,75.0,3.0,,0.0,75.0,3.0,Madden 27 baseline
Kaelon Black,SF,HB,RB,72.0,75.0,3.0,78.83333333333333,0.0448,75.17,3.1700000000000017,Madden 27 + nflverse performance
Isaac Guerendo,SF,HB,RB,72.0,75.0,3.0,,0.0,75.0,3.0,Madden 27 baseline
Jeremy McNichols,WAS,HB,RB,72.0,75.0,3.0,,0.0,75.0,3.0,Madden 27 baseline
Trevor Etienne,CAR,HB,RB,71.0,74.0,3.0,,0.0,74.0,3.0,Madden 27 baseline
Roschon Johnson,CHI,HB,RB,71.0,74.0,3.0,,0.0,74.0,3.0,Madden 27 baseline
Tahj Brooks,CIN,HB,RB,71.0,74.0,3.0,,0.0,74.0,3.0,Madden 27 baseline
Jaleel McLaughlin,DEN,HB,RB,71.0,74.0,3.0,,0.0,74.0,3.0,Madden 27 baseline
Jawhar Jordan,HOU,HB,RB,71.0,74.0,3.0,,0.0,74.0,3.0,Madden 27 baseline
Ameer Abdullah,JAX,HB,RB,71.0,74.0,3.0,,0.0,74.0,3.0,Madden 27 baseline
LeQuint Allen Jr,JAX,HB,RB,71.0,74.0,3.0,,0.0,74.0,3.0,Madden 27 baseline
Max Bredeson,MIN,FB,RB,71.0,70.73,-0.269999999999996,,0.0,70.73,-0.269999999999996,Madden 27 baseline
Michael Carter,PHI,HB,RB,71.0,74.0,3.0,,0.0,74.0,3.0,Madden 27 baseline
Sean Tucker,TB,HB,RB,71.0,74.0,3.0,,0.0,74.0,3.0,Madden 27 baseline
Kaytron Allen,WAS,HB,RB,71.0,74.0,3.0,,0.0,74.0,3.0,Madden 27 baseline
Bam Knight,ARI,HB,RB,70.0,73.0,3.0,,0.0,73.0,3.0,Madden 27 baseline
Emari Demercado,DAL,HB,RB,70.0,73.0,3.0,,0.0,73.0,3.0,Madden 27 baseline
Damien Martinez,GB,HB,RB,70.0,73.0,3.0,,0.0,73.0,3.0,Madden 27 baseline
DJ Giddens,IND,HB,RB,70.0,73.0,3.0,,0.0,73.0,3.0,Madden 27 baseline
Mike Washington Jr.,LV,HB,RB,70.0,73.0,3.0,,0.0,73.0,3.0,Madden 27 baseline
Demond Claiborne,MIN,HB,RB,70.0,73.0,3.0,,0.0,73.0,3.0,Madden 27 baseline
Zavier Scott,MIN,HB,RB,70.0,73.0,3.0,,0.0,73.0,3.0,Madden 27 baseline
Audric Estime,NO,HB,RB,70.0,73.0,3.0,,0.0,73.0,3.0,Madden 27 baseline
Isaiah Davis,NYJ,HB,RB,70.0,73.0,3.0,,0.0,73.0,3.0,Madden 27 baseline
Carson Steele,PHI,HB,RB,70.0,73.0,3.0,,0.0,73.0,3.0,Madden 27 baseline
Rasheen Ali,BAL,HB,RB,69.0,72.0,3.0,,0.0,72.0,3.0,Madden 27 baseline
Raheim Sanders,CLE,HB,RB,69.0,72.0,3.0,,0.0,72.0,3.0,Madden 27 baseline
Israel Abanikanda,DAL,HB,RB,69.0,72.0,3.0,,0.0,72.0,3.0,Madden 27 baseline
Tyler Badie,DEN,HB,RB,69.0,72.0,3.0,,0.0,72.0,3.0,Madden 27 baseline
Eli Heidenreich,PIT,HB,RB,69.0,72.0,3.0,,0.0,72.0,3.0,Madden 27 baseline
Kalel Mullings,TEN,HB,RB,69.0,72.0,3.0,,0.0,72.0,3.0,Madden 27 baseline
Nick Singleton,TEN,HB,RB,69.0,72.0,3.0,,0.0,72.0,3.0,Madden 27 baseline
Tyler Goodson,ATL,HB,RB,68.0,71.0,3.0,,0.0,71.0,3.0,Madden 27 baseline
Salvon Ahmed,CHI,HB,RB,68.0,71.0,3.0,,0.0,71.0,3.0,Madden 27 baseline
Phil Mafah,DAL,HB,RB,68.0,71.0,3.0,,0.0,71.0,3.0,Madden 27 baseline
Adam Prentice,DEN,FB,RB,68.0,67.68,-0.3199999999999932,,0.0,67.68,-0.3199999999999932,Madden 27 baseline
Sione Vaki,DET,HB,RB,68.0,71.0,3.0,,0.0,71.0,3.0,Madden 27 baseline
Chris Brooks,GB,HB,RB,68.0,71.0,3.0,,0.0,71.0,3.0,Madden 27 baseline
Pierre Strong Jr,GB,HB,RB,68.0,71.0,3.0,,0.0,71.0,3.0,Madden 27 baseline
British Brooks,HOU,FB,RB,68.0,69.72,1.7199999999999989,,0.0,69.72,1.7199999999999989,Madden 27 baseline
Emmett Johnson,KC,HB,RB,68.0,71.0,3.0,,0.0,71.0,3.0,Madden 27 baseline
Dylan Laube,LV,HB,RB,68.0,71.0,3.0,,0.0,71.0,3.0,Madden 27 baseline
Donovan Edwards,MIA,HB,RB,68.0,71.0,3.0,,0.0,71.0,3.0,Madden 27 baseline
Jam Miller,NE,HB,RB,68.0,71.0,3.0,,0.0,71.0,3.0,Madden 27 baseline
Andrew Beck,NYJ,FB,RB,68.0,69.25,1.25,,0.0,69.25,1.25,Madden 27 baseline
Travis Homer,PIT,HB,RB,68.0,71.0,3.0,,0.0,71.0,3.0,Madden 27 baseline
Velus Jones Jr,SEA,HB,RB,68.0,71.0,3.0,,0.0,71.0,3.0,Madden 27 baseline
Josh Williams,TB,HB,RB,68.0,71.0,3.0,,0.0,71.0,3.0,Madden 27 baseline
Nate Carter,ATL,HB,RB,67.0,70.0,3.0,,0.0,70.0,3.0,Madden 27 baseline
Ben VanSumeren,BUF,FB,RB,67.0,68.83,1.8299999999999983,,0.0,68.83,1.8299999999999983,Madden 27 baseline
Cody Schrader,DEN,HB,RB,67.0,70.0,3.0,,0.0,70.0,3.0,Madden 27 baseline
Jaydn Ott,KC,HB,RB,67.0,70.0,3.0,,0.0,70.0,3.0,Madden 27 baseline
Jaret Patterson,LAC,HB,RB,67.0,70.0,3.0,,0.0,70.0,3.0,Madden 27 baseline
DeeJay Dallas,MIN,HB,RB,67.0,70.0,3.0,,0.0,70.0,3.0,Madden 27 baseline
Eric Gray,NYG,HB,RB,67.0,70.0,3.0,,0.0,70.0,3.0,Madden 27 baseline
Kene Nwangwu,NYJ,HB,RB,67.0,70.0,3.0,,0.0,70.0,3.0,Madden 27 baseline
George Holani,SEA,HB,RB,67.0,70.0,3.0,66.25,0.0256,69.9,2.9000000000000057,Madden 27 + nflverse performance
Julius Chestnut,TEN,HB,RB,67.0,70.0,3.0,,0.0,70.0,3.0,Madden 27 baseline
Michael Burton,CLE,FB,RB,66.0,66.23,0.23000000000000398,,0.0,66.23,0.23000000000000398,Madden 27 baseline
Jacob Saylors,DET,HB,RB,66.0,69.0,3.0,,0.0,69.0,3.0,Madden 27 baseline
Dean Connors,LA,HB,RB,66.0,69.0,3.0,,0.0,69.0,3.0,Madden 27 baseline
Ronnie Rivers,LA,HB,RB,66.0,69.0,3.0,66.83333333333334,0.016,68.97,2.969999999999999,Madden 27 + nflverse performance
Adam Randall,BAL,HB,RB,65.0,68.0,3.0,,0.0,68.0,3.0,Madden 27 baseline
Kendall Milton,CIN,HB,RB,65.0,68.0,3.0,,0.0,68.0,3.0,Madden 27 baseline
Seth McGowan,IND,HB,RB,65.0,68.0,3.0,,0.0,68.0,3.0,Madden 27 baseline
Terrell Jennings,NE,HB,RB,65.0,68.0,3.0,,0.0,68.0,3.0,Madden 27 baseline
Gary Brightwell,CIN,HB,RB,63.0,66.0,3.0,,0.0,66.0,3.0,Madden 27 baseline
Carlos Washington Jr,MIA,HB,RB,63.0,66.0,3.0,,0.0,66.0,3.0,Madden 27 baseline
Lew Nichols,PIT,HB,RB,63.0,66.0,3.0,,0.0,66.0,3.0,Madden 27 baseline
Brittain Brown,CHI,HB,RB,62.0,65.0,3.0,,0.0,65.0,3.0,Madden 27 baseline
Frank Gore Jr,BUF,HB,RB,61.0,64.0,3.0,,0.0,64.0,3.0,Madden 27 baseline
Jordan Mims,MIN,HB,RB,61.0,64.0,3.0,,0.0,64.0,3.0,Madden 27 baseline
Brandon Aubrey,DAL,K,ST,87.0,90.0,3.0,,0.0,90.0,3.0,Madden 27 baseline
Chris Boswell,PIT,K,ST,86.0,88.84,2.8400000000000034,,0.0,88.84,2.8400000000000034,Madden 27 baseline
Nick Folk,ATL,K,ST,85.0,88.0,3.0,,0.0,88.0,3.0,Madden 27 baseline
Michael Dickson,SEA,P,ST,85.0,88.0,3.0,,0.0,88.0,3.0,Madden 27 baseline
Jason Myers,SEA,K,ST,84.0,87.0,3.0,,0.0,87.0,3.0,Madden 27 baseline
Rigoberto Sanchez,IND,P,ST,83.0,85.99,2.989999999999995,,0.0,85.99,2.989999999999995,Madden 27 baseline
Cameron Dicker,LAC,K,ST,82.0,85.0,3.0,,0.0,85.0,3.0,Madden 27 baseline
Will Reichard,MIN,K,ST,82.0,85.0,3.0,,0.0,85.0,3.0,Madden 27 baseline
Evan McPherson,CIN,K,ST,81.0,84.0,3.0,,0.0,84.0,3.0,Madden 27 baseline
Ka'imi Fairbairn,HOU,K,ST,81.0,84.0,3.0,,0.0,84.0,3.0,Madden 27 baseline
Harrison Butker,KC,K,ST,81.0,84.0,3.0,,0.0,84.0,3.0,Madden 27 baseline
Josh Harris,LAC,LS,ST,81.0,78.0,-3.0,,0.0,78.0,-3.0,Madden 27 baseline
Corey Bojorquez,CLE,P,ST,80.0,83.0,3.0,,0.0,83.0,3.0,Madden 27 baseline
Cam Little,JAX,K,ST,80.0,83.0,3.0,,0.0,83.0,3.0,Madden 27 baseline
Ethan Evans,LA,P,ST,80.0,83.0,3.0,,0.0,83.0,3.0,Madden 27 baseline
JK Scott,LAC,P,ST,80.0,82.32,2.319999999999993,,0.0,82.32,2.319999999999993,Madden 27 baseline
Andrew DePaola,MIN,LS,ST,80.0,77.0,-3.0,,0.0,77.0,-3.0,Madden 27 baseline
Bryan Anger,DAL,P,ST,79.0,82.0,3.0,,0.0,82.0,3.0,Madden 27 baseline
Jeremy Crawshaw,DEN,P,ST,79.0,82.0,3.0,,0.0,82.0,3.0,Madden 27 baseline
Jack Fox,DET,P,ST,79.0,81.77,2.769999999999996,,0.0,81.77,2.769999999999996,Madden 27 baseline
A.J. Cole,LV,P,ST,79.0,82.0,3.0,,0.0,82.0,3.0,Madden 27 baseline
Zach Wood,NO,LS,ST,79.0,76.0,-3.0,,0.0,76.0,-3.0,Madden 27 baseline
Jake Elliott,PHI,K,ST,79.0,82.0,3.0,,0.0,82.0,3.0,Madden 27 baseline
Braden Mann,PHI,P,ST,79.0,81.95,2.950000000000003,,0.0,81.95,2.950000000000003,Madden 27 baseline
Jake Bailey,ATL,P,ST,78.0,81.0,3.0,,0.0,81.0,3.0,Madden 27 baseline
Tyler Loop,BAL,K,ST,78.0,81.0,3.0,,0.0,81.0,3.0,Madden 27 baseline
Cairo Santos,CHI,K,ST,78.0,81.0,3.0,,0.0,81.0,3.0,Madden 27 baseline
Trent Sieg,DAL,LS,ST,78.0,75.0,-3.0,,0.0,75.0,-3.0,Madden 27 baseline
Wil Lutz,DEN,K,ST,78.0,81.0,3.0,,0.0,81.0,3.0,Madden 27 baseline
Hogan Hatten,DET,LS,ST,78.0,75.0,-3.0,,0.0,75.0,-3.0,Madden 27 baseline
Bryce Baringer,NE,P,ST,78.0,81.0,3.0,,0.0,81.0,3.0,Madden 27 baseline
Chase McLaughlin,TB,K,ST,78.0,81.0,3.0,,0.0,81.0,3.0,Madden 27 baseline
Tommy Townsend,TEN,P,ST,78.0,81.0,3.0,,0.0,81.0,3.0,Madden 27 baseline
Luke Rhodes,IND,LS,ST,77.0,74.0,-3.0,,0.0,74.0,-3.0,Madden 27 baseline
Bradley Pinion,MIA,P,ST,77.0,79.34,2.3400000000000034,,0.0,79.34,2.3400000000000034,Madden 27 baseline
Johnny Hekker,MIN,P,ST,77.0,80.0,3.0,,0.0,80.0,3.0,Madden 27 baseline
Charlie Smyth,NO,K,ST,77.0,80.0,3.0,,0.0,80.0,3.0,Madden 27 baseline
Jason Sanders,NYJ,K,ST,77.0,80.0,3.0,,0.0,80.0,3.0,Madden 27 baseline
Eddy Pineiro,SF,K,ST,77.0,80.0,3.0,,0.0,80.0,3.0,Madden 27 baseline
Tress Way,WAS,P,ST,77.0,78.85,1.8499999999999943,,0.0,78.85,1.8499999999999943,Madden 27 baseline
Mitch Wishnowsky,BUF,P,ST,76.0,79.0,3.0,,0.0,79.0,3.0,Madden 27 baseline
Ryan Fitzgerald,CAR,K,ST,76.0,79.0,3.0,,0.0,79.0,3.0,Madden 27 baseline
Jake Bates,DET,K,ST,76.0,79.0,3.0,,0.0,79.0,3.0,Madden 27 baseline
Logan Cooke,JAX,P,ST,76.0,79.0,3.0,,0.0,79.0,3.0,Madden 27 baseline
Harrison Mevis,LA,K,ST,76.0,79.0,3.0,,0.0,79.0,3.0,Madden 27 baseline
Jordan Stout,NYG,P,ST,76.0,79.0,3.0,,0.0,79.0,3.0,Madden 27 baseline
Corliss Waitman,SF,P,ST,76.0,79.0,3.0,,0.0,79.0,3.0,Madden 27 baseline
Riley Dixon,TB,P,ST,76.0,79.0,3.0,,0.0,79.0,3.0,Madden 27 baseline
Joey Slye,TEN,K,ST,76.0,79.0,3.0,,0.0,79.0,3.0,Madden 27 baseline
Chad Ryland,ARI,K,ST,75.0,78.0,3.0,,0.0,78.0,3.0,Madden 27 baseline
Tory Taylor,CHI,P,ST,75.0,78.0,3.0,,0.0,78.0,3.0,Madden 27 baseline
Ryan Rehkow,CIN,P,ST,75.0,78.0,3.0,,0.0,78.0,3.0,Madden 27 baseline
Trey Smack,GB,K,ST,75.0,78.0,3.0,,0.0,78.0,3.0,Madden 27 baseline
Matt Araiza,KC,P,ST,75.0,78.0,3.0,,0.0,78.0,3.0,Madden 27 baseline
James Winchester,KC,LS,ST,75.0,72.0,-3.0,,0.0,72.0,-3.0,Madden 27 baseline
Matt Gay,LV,K,ST,75.0,78.0,3.0,,0.0,78.0,3.0,Madden 27 baseline
Ryan Wright,NO,P,ST,75.0,78.0,3.0,,0.0,78.0,3.0,Madden 27 baseline
Blake Gillikin,ARI,P,ST,74.0,77.0,3.0,,0.0,77.0,3.0,Madden 27 baseline
Tyler Bass,BUF,K,ST,74.0,77.0,3.0,,0.0,77.0,3.0,Madden 27 baseline
Sam Martin,CAR,P,ST,74.0,76.78,2.780000000000001,,0.0,76.78,2.780000000000001,Madden 27 baseline
J.J. Jansen,CAR,LS,ST,74.0,71.0,-3.0,,0.0,71.0,-3.0,Madden 27 baseline
Daniel Whelan,GB,P,ST,74.0,77.0,3.0,,0.0,77.0,3.0,Madden 27 baseline
Spencer Shrader,IND,K,ST,74.0,77.0,3.0,,0.0,77.0,3.0,Madden 27 baseline
Zane Gonzalez,MIA,K,ST,74.0,77.0,3.0,,0.0,77.0,3.0,Madden 27 baseline
Andres Borregales,NE,K,ST,74.0,77.0,3.0,,0.0,77.0,3.0,Madden 27 baseline
Ryan Eckley,BAL,P,ST,73.0,76.0,3.0,,0.0,76.0,3.0,Madden 27 baseline
Tommy Doman Jr,BUF,P,ST,73.0,76.0,3.0,,0.0,76.0,3.0,Madden 27 baseline
Blake Grupe,NYJ,K,ST,73.0,76.0,3.0,,0.0,76.0,3.0,Madden 27 baseline
Austin McNamara,NYJ,P,ST,73.0,76.0,3.0,,0.0,76.0,3.0,Madden 27 baseline
Matt Haack,WAS,P,ST,73.0,75.75,2.75,,0.0,75.75,2.75,Madden 27 baseline
Tyler Ott,WAS,LS,ST,73.0,70.0,-3.0,,0.0,70.0,-3.0,Madden 27 baseline
Ross Matiscik,JAX,LS,ST,72.0,69.0,-3.0,,0.0,69.0,-3.0,Madden 27 baseline
Riley Patterson,MIA,K,ST,72.0,75.0,3.0,,0.0,75.0,3.0,Madden 27 baseline
Thomas Hennessy,NYJ,LS,ST,72.0,69.0,-3.0,,0.0,69.0,-3.0,Madden 27 baseline
Cameron Johnston,PIT,P,ST,72.0,75.0,3.0,,0.0,75.0,3.0,Madden 27 baseline
Reid Ferguson,BUF,LS,ST,71.0,68.0,-3.0,,0.0,68.0,-3.0,Madden 27 baseline
Andre Szmyt,CLE,K,ST,71.0,74.0,3.0,,0.0,74.0,3.0,Madden 27 baseline
Casey Kreiter,ARI,LS,ST,70.0,67.0,-3.0,,0.0,67.0,-3.0,Madden 27 baseline
Matthew Hayball,ATL,P,ST,70.0,73.0,3.0,,0.0,73.0,3.0,Madden 27 baseline
Nick Moore,BAL,LS,ST,70.0,67.0,-3.0,,0.0,67.0,-3.0,Madden 27 baseline
Ben Sauls,NYG,K,ST,70.0,73.0,3.0,,0.0,73.0,3.0,Madden 27 baseline
Cade York,NYJ,K,ST,70.0,73.0,3.0,,0.0,73.0,3.0,Madden 27 baseline
Kai Kroeger,HOU,P,ST,69.0,72.0,3.0,,0.0,72.0,3.0,Madden 27 baseline
Jon Weeks,SF,LS,ST,69.0,66.0,-3.0,,0.0,66.0,-3.0,Madden 27 baseline
Mitchell Fraboni,DEN,LS,ST,68.0,65.0,-3.0,,0.0,65.0,-3.0,Madden 27 baseline
Jake Moody,WAS,K,ST,68.0,71.0,3.0,,0.0,71.0,3.0,Madden 27 baseline
Beau Gardner,CHI,LS,ST,66.0,63.0,-3.0,,0.0,63.0,-3.0,Madden 27 baseline
Morgan Cox,TEN,LS,ST,66.0,63.0,-3.0,,0.0,63.0,-3.0,Madden 27 baseline
Austin Brinkman,HOU,LS,ST,65.0,62.0,-3.0,,0.0,62.0,-3.0,Madden 27 baseline
Julian Ashby,NE,LS,ST,65.0,62.0,-3.0,,0.0,62.0,-3.0,Madden 27 baseline
Ben Mann,NYG,LS,ST,65.0,62.0,-3.0,,0.0,62.0,-3.0,Madden 27 baseline
Rocco Underwood,PHI,LS,ST,65.0,62.0,-3.0,,0.0,62.0,-3.0,Madden 27 baseline
Liam McCullough,ATL,LS,ST,64.0,61.0,-3.0,,0.0,61.0,-3.0,Madden 27 baseline
William Wagner,CIN,LS,ST,63.0,60.0,-3.0,,0.0,60.0,-3.0,Madden 27 baseline
Alex Ward,LV,LS,ST,62.0,59.0,-3.0,,0.0,59.0,-3.0,Madden 27 baseline
Christian Kuntz,PIT,LS,ST,62.0,59.0,-3.0,,0.0,59.0,-3.0,Madden 27 baseline
Chris Stoll,SEA,LS,ST,62.0,59.0,-3.0,,0.0,59.0,-3.0,Madden 27 baseline
Matt Orzech,GB,LS,ST,61.0,58.0,-3.0,,0.0,58.0,-3.0,Madden 27 baseline
Joe Cardona,LA,LS,ST,60.0,57.0,-3.0,,0.0,57.0,-3.0,Madden 27 baseline
Evan Deckers,TB,LS,ST,60.0,57.0,-3.0,,0.0,57.0,-3.0,Madden 27 baseline
Scott Daly,TB,LS,ST,59.0,56.0,-3.0,,0.0,56.0,-3.0,Madden 27 baseline
Rex Sunahara,CLE,LS,ST,58.0,55.0,-3.0,,0.0,55.0,-3.0,Madden 27 baseline
Tucker Addington,MIA,LS,ST,56.0,53.0,-3.0,,0.0,53.0,-3.0,Madden 27 baseline
Trey McBride,ARI,TE,TE,99.0,96.0,-3.0,,0.0,96.0,-3.0,Madden 27 baseline
George Kittle,SF,TE,TE,96.0,93.0,-3.0,77.15,0.0333333333333333,92.47,-3.530000000000001,Madden 27 + nflverse performance
Brock Bowers,LV,TE,TE,93.0,90.0,-3.0,,0.0,90.0,-3.0,Madden 27 baseline
Travis Kelce,KC,TE,TE,91.0,88.0,-3.0,,0.0,88.0,-3.0,Madden 27 baseline
Mark Andrews,BAL,TE,TE,90.0,87.3,-2.700000000000003,,0.0,87.3,-2.700000000000003,Madden 27 baseline
Dallas Goedert,PHI,TE,TE,89.0,86.28,-2.719999999999999,,0.0,86.28,-2.719999999999999,Madden 27 baseline
Sam LaPorta,DET,TE,TE,88.0,85.36,-2.6400000000000006,,0.0,85.36,-2.6400000000000006,Madden 27 baseline
Hunter Henry,NE,TE,TE,86.0,84.08,-1.9200000000000017,85.90000000000002,0.02,84.12,-1.8799999999999955,Madden 27 + nflverse performance
Tucker Kraft,GB,TE,TE,85.0,82.76,-2.239999999999995,,0.0,82.76,-2.239999999999995,Madden 27 baseline
Colston Loveland,CHI,TE,TE,84.0,82.09,-1.9099999999999966,,0.0,82.09,-1.9099999999999966,Madden 27 baseline
Dalton Schultz,HOU,TE,TE,84.0,82.37,-1.6299999999999955,,0.0,82.37,-1.6299999999999955,Madden 27 baseline
Tyler Warren,IND,TE,TE,83.0,81.34,-1.6599999999999966,,0.0,81.34,-1.6599999999999966,Madden 27 baseline
T.J. Hockenson,MIN,TE,TE,83.0,81.14,-1.8599999999999994,,0.0,81.14,-1.8599999999999994,Madden 27 baseline
Jake Ferguson,DAL,TE,TE,82.0,80.11,-1.8900000000000006,,0.0,80.11,-1.8900000000000006,Madden 27 baseline
Kyle Pitts Sr,ATL,TE,TE,81.0,79.09,-1.9099999999999966,,0.0,79.09,-1.9099999999999966,Madden 27 baseline
Dalton Kincaid,BUF,TE,TE,81.0,79.39,-1.6099999999999994,,0.0,79.39,-1.6099999999999994,Madden 27 baseline
Harold Fannin Jr,CLE,TE,TE,80.0,78.51,-1.4899999999999949,,0.0,78.51,-1.4899999999999949,Madden 27 baseline
David Njoku,LAC,TE,TE,80.0,78.4,-1.5999999999999943,,0.0,78.4,-1.5999999999999943,Madden 27 baseline
Juwan Johnson,NO,TE,TE,79.0,77.29,-1.7099999999999937,,0.0,77.29,-1.7099999999999937,Madden 27 baseline
Pat Freiermuth,PIT,TE,TE,79.0,78.13,-0.8700000000000045,,0.0,78.13,-0.8700000000000045,Madden 27 baseline
Cole Kmet,CHI,TE,TE,78.0,77.33,-0.6700000000000017,,0.0,77.33,-0.6700000000000017,Madden 27 baseline
Evan Engram,DEN,TE,TE,78.0,76.62,-1.3799999999999955,,0.0,76.62,-1.3799999999999955,Madden 27 baseline
Mike Gesicki,CIN,TE,TE,77.0,76.02,-0.980000000000004,,0.0,76.02,-0.980000000000004,Madden 27 baseline
Brenton Strange,JAX,TE,TE,77.0,76.27,-0.730000000000004,,0.0,76.27,-0.730000000000004,Madden 27 baseline
Theo Johnson,NYG,TE,TE,77.0,76.02,-0.980000000000004,,0.0,76.02,-0.980000000000004,Madden 27 baseline
Dawson Knox,BUF,TE,TE,76.0,75.1,-0.9000000000000057,,0.0,75.1,-0.9000000000000057,Madden 27 baseline
Darnell Washington,PIT,TE,TE,76.0,74.99,-1.0100000000000051,,0.0,74.99,-1.0100000000000051,Madden 27 baseline
Chigoziem Okonkwo,WAS,TE,TE,76.0,74.8,-1.2000000000000028,,0.0,74.8,-1.2000000000000028,Madden 27 baseline
Oronde Gadsden,LAC,TE,TE,75.0,74.27,-0.730000000000004,,0.0,74.27,-0.730000000000004,Madden 27 baseline
Isaiah Likely,NYG,TE,TE,75.0,74.11,-0.8900000000000006,,0.0,74.11,-0.8900000000000006,Madden 27 baseline
A.J. Barner,SEA,TE,TE,75.0,74.4,-0.5999999999999943,77.4,0.0133333333333333,74.44,-0.5600000000000023,Madden 27 + nflverse performance
Cade Otton,TB,TE,TE,75.0,74.86,-0.14000000000000057,,0.0,74.86,-0.14000000000000057,Madden 27 baseline
Austin Hooper,ATL,TE,TE,74.0,73.66,-0.3400000000000034,,0.0,73.66,-0.3400000000000034,Madden 27 baseline
Tyler Higbee,LA,TE,TE,74.0,73.81,-0.18999999999999773,74.00000000000001,0.0133333333333333,73.81,-0.18999999999999773,Madden 27 + nflverse performance
Mason Taylor,NYJ,TE,TE,74.0,73.86,-0.14000000000000057,,0.0,73.86,-0.14000000000000057,Madden 27 baseline
Kenyon Sadiq,NYJ,TE,TE,74.0,73.41,-0.5900000000000034,,0.0,73.41,-0.5900000000000034,Madden 27 baseline
Noah Gray,KC,TE,TE,73.0,72.62,-0.37999999999999545,,0.0,72.62,-0.37999999999999545,Madden 27 baseline
Colby Parkinson,LA,TE,TE,73.0,73.11,0.10999999999999943,68.65,0.0133333333333333,73.05,0.04999999999999716,Madden 27 + nflverse performance
Josh Oliver,MIN,TE,TE,73.0,73.09,0.09000000000000341,,0.0,73.09,0.09000000000000341,Madden 27 baseline
Noah Fant,NO,TE,TE,73.0,72.48,-0.519999999999996,,0.0,72.48,-0.519999999999996,Madden 27 baseline
Tommy Tremble,CAR,TE,TE,72.0,72.12,0.12000000000000455,,0.0,72.12,0.12000000000000455,Madden 27 baseline
Tyler Conklin,DET,TE,TE,72.0,71.84,-0.1599999999999966,,0.0,71.84,-0.1599999999999966,Madden 27 baseline
Foster Moreau,HOU,TE,TE,72.0,72.09,0.09000000000000341,,0.0,72.09,0.09000000000000341,Madden 27 baseline
Michael Mayer,LV,TE,TE,72.0,72.16,0.1599999999999966,,0.0,72.16,0.1599999999999966,Madden 27 baseline
Eli Stowers,PHI,TE,TE,72.0,71.39,-0.6099999999999994,,0.0,71.39,-0.6099999999999994,Madden 27 baseline
Jake Tonges,SF,TE,TE,72.0,71.77,-0.23000000000000398,,0.0,71.77,-0.23000000000000398,Madden 27 baseline
Adam Trautman,DEN,TE,TE,71.0,71.18,0.18000000000000682,,0.0,71.18,0.18000000000000682,Madden 27 baseline
Mo Alie-Cox,IND,TE,TE,71.0,71.37,0.37000000000000455,,0.0,71.37,0.37000000000000455,Madden 27 baseline
Chris Manhertz,NYG,TE,TE,71.0,70.18,-0.8199999999999932,,0.0,70.18,-0.8199999999999932,Madden 27 baseline
Elijah Arroyo,SEA,TE,TE,71.0,71.02,0.01999999999999602,,0.0,71.02,0.01999999999999602,Madden 27 baseline
Gunnar Helm,TEN,TE,TE,71.0,70.95,-0.04999999999999716,,0.0,70.95,-0.04999999999999716,Madden 27 baseline
Durham Smythe,BAL,TE,TE,70.0,70.59,0.5900000000000034,,0.0,70.59,0.5900000000000034,Madden 27 baseline
Ja'Tavion Sanders,CAR,TE,TE,70.0,69.72,-0.28000000000000114,,0.0,69.72,-0.28000000000000114,Madden 27 baseline
Luke Musgrave,GB,TE,TE,70.0,70.38,0.37999999999999545,,0.0,70.38,0.37999999999999545,Madden 27 baseline
Max Klare,LA,TE,TE,70.0,70.44,0.4399999999999977,,0.0,70.44,0.4399999999999977,Madden 27 baseline
Terrance Ferguson,LA,TE,TE,70.0,70.23,0.23000000000000398,59.25,0.0066666666666666,70.16,0.1599999999999966,Madden 27 + nflverse performance
Greg Dulcich,MIA,TE,TE,70.0,69.76,-0.23999999999999488,,0.0,69.76,-0.23999999999999488,Madden 27 baseline
Daniel Bellinger,TEN,TE,TE,70.0,70.55,0.5499999999999972,,0.0,70.55,0.5499999999999972,Madden 27 baseline
Mitchell Evans,CAR,TE,TE,69.0,69.52,0.519999999999996,,0.0,69.52,0.519999999999996,Madden 27 baseline
Luke Schoonmaker,DAL,TE,TE,69.0,69.38,0.37999999999999545,,0.0,69.38,0.37999999999999545,Madden 27 baseline
Josh Whyle,GB,TE,TE,69.0,69.39,0.39000000000000057,,0.0,69.39,0.39000000000000057,Madden 27 baseline
Jared Wiley,KC,TE,TE,69.0,69.4,0.4000000000000057,,0.0,69.4,0.4000000000000057,Madden 27 baseline
Ian Thomas,LV,TE,TE,69.0,69.42,0.4200000000000017,,0.0,69.42,0.4200000000000017,Madden 27 baseline
Grant Calcaterra,PHI,TE,TE,69.0,69.18,0.18000000000000682,,0.0,69.18,0.18000000000000682,Madden 27 baseline
Kylen Granson,TEN,TE,TE,69.0,69.07,0.06999999999999318,,0.0,69.07,0.06999999999999318,Madden 27 baseline
Ben Sinnott,WAS,TE,TE,69.0,69.12,0.12000000000000455,,0.0,69.12,0.12000000000000455,Madden 27 baseline
Elijah Higgins,ARI,TE,TE,68.0,67.69,-0.3100000000000023,,0.0,67.69,-0.3100000000000023,Madden 27 baseline
Jackson Hawes,BUF,TE,TE,68.0,68.44,0.4399999999999977,,0.0,68.44,0.4399999999999977,Madden 27 baseline
Drew Sample,CIN,TE,TE,68.0,68.91,0.9099999999999966,,0.0,68.91,0.9099999999999966,Madden 27 baseline
Tanner Hudson,CIN,TE,TE,68.0,68.68,0.6800000000000068,,0.0,68.68,0.6800000000000068,Madden 27 baseline
Erick All Jr,CIN,TE,TE,68.0,68.52,0.519999999999996,,0.0,68.52,0.519999999999996,Madden 27 baseline
Brevin Jordan,HOU,TE,TE,68.0,68.49,0.4899999999999949,,0.0,68.49,0.4899999999999949,Madden 27 baseline
Charlie Kolar,LAC,TE,TE,68.0,68.33,0.3299999999999983,,0.0,68.33,0.3299999999999983,Madden 27 baseline
Justin Joly,MIA,TE,TE,68.0,68.5,0.5,,0.0,68.5,0.5,Madden 27 baseline
Jeremy Ruckert,NYJ,TE,TE,68.0,68.91,0.9099999999999966,,0.0,68.91,0.9099999999999966,Madden 27 baseline
Johnny Mundt,PHI,TE,TE,68.0,68.63,0.6299999999999955,,0.0,68.63,0.6299999999999955,Madden 27 baseline
Cade Stover,HOU,TE,TE,67.0,67.89,0.8900000000000006,,0.0,67.89,0.8900000000000006,Madden 27 baseline
Nate Boerkircher,JAX,TE,TE,67.0,67.43,0.4300000000000068,,0.0,67.43,0.4300000000000068,Madden 27 baseline
Davis Allen,LA,TE,TE,67.0,67.58,0.5799999999999983,71.45,0.0066666666666666,67.61,0.6099999999999994,Madden 27 + nflverse performance
Albert Okwuegbunam,LV,TE,TE,67.0,67.54,0.5400000000000063,,0.0,67.54,0.5400000000000063,Madden 27 baseline
Oscar Delp,NO,TE,TE,67.0,67.74,0.7399999999999949,,0.0,67.74,0.7399999999999949,Madden 27 baseline
Jelani Woods,NYJ,TE,TE,67.0,67.65,0.6500000000000057,,0.0,67.65,0.6500000000000057,Madden 27 baseline
Robert Tonyan,PIT,TE,TE,67.0,67.95,0.9500000000000028,,0.0,67.95,0.9500000000000028,Madden 27 baseline
Eric Saubert,SEA,TE,TE,67.0,67.79,0.7900000000000063,57.45,0.0,67.79,0.7900000000000063,Madden 27 baseline
Shane Zylstra,BUF,TE,TE,66.0,66.48,0.480000000000004,,0.0,66.48,0.480000000000004,Madden 27 baseline
Jack Endries,CIN,TE,TE,66.0,66.9,0.9000000000000057,,0.0,66.9,0.9000000000000057,Madden 27 baseline
Joe Royer,CLE,TE,TE,66.0,67.01,1.0100000000000051,,0.0,67.01,1.0100000000000051,Madden 27 baseline
Connor Heyward,LV,TE,TE,66.0,66.74,0.7399999999999949,,0.0,66.74,0.7399999999999949,Madden 27 baseline
John Bates,WAS,TE,TE,66.0,67.01,1.0100000000000051,,0.0,67.01,1.0100000000000051,Madden 27 baseline
Hunter Long,ARI,TE,TE,65.0,66.2,1.2000000000000028,,0.0,66.2,1.2000000000000028,Madden 27 baseline
Tip Reiman,ARI,TE,TE,65.0,66.03,1.0300000000000011,,0.0,66.03,1.0300000000000011,Madden 27 baseline
Charlie Woerner,ATL,TE,TE,65.0,66.37,1.3700000000000045,,0.0,66.37,1.3700000000000045,Madden 27 baseline
James Mitchell,CAR,TE,TE,65.0,65.87,0.8700000000000045,,0.0,65.87,0.8700000000000045,Madden 27 baseline
Sam Roush,CHI,TE,TE,65.0,66.06,1.0600000000000023,,0.0,66.06,1.0600000000000023,Madden 27 baseline
Brevyn Spann-Ford,DAL,TE,TE,65.0,66.07,1.0699999999999932,,0.0,66.07,1.0699999999999932,Madden 27 baseline
Brock Wright,DET,TE,TE,65.0,66.57,1.5699999999999932,,0.0,66.57,1.5699999999999932,Madden 27 baseline
Drew Ogletree,IND,TE,TE,65.0,66.09,1.0900000000000034,,0.0,66.09,1.0900000000000034,Madden 27 baseline
Will Mallory,IND,TE,TE,65.0,65.72,0.7199999999999989,,0.0,65.72,0.7199999999999989,Madden 27 baseline
Tanner Koziol,JAX,TE,TE,65.0,66.02,1.019999999999996,,0.0,66.02,1.019999999999996,Madden 27 baseline
Will Kacmarek,MIA,TE,TE,65.0,66.29,1.2900000000000063,,0.0,66.29,1.2900000000000063,Madden 27 baseline
Jaheim Bell,PIT,TE,TE,65.0,65.74,0.7399999999999949,,0.0,65.74,0.7399999999999949,Madden 27 baseline
Ko Kieft,TB,TE,TE,65.0,66.13,1.1299999999999955,,0.0,66.13,1.1299999999999955,Madden 27 baseline
Matthew Hibner,BAL,TE,TE,64.0,65.4,1.4000000000000057,,0.0,65.4,1.4000000000000057,Madden 27 baseline
Josh Cuevas,BAL,TE,TE,64.0,65.16,1.1599999999999966,,0.0,65.16,1.1599999999999966,Madden 27 baseline
Brenden Bates,CLE,TE,TE,64.0,65.44,1.4399999999999977,,0.0,65.44,1.4399999999999977,Madden 27 baseline
Jack Stoll,CLE,TE,TE,64.0,65.37,1.3700000000000045,,0.0,65.37,1.3700000000000045,Madden 27 baseline
Anthony Firkser,DET,TE,TE,64.0,65.65,1.6500000000000057,,0.0,65.65,1.6500000000000057,Madden 27 baseline
Luke Lachey,GB,TE,TE,64.0,65.36,1.3599999999999994,,0.0,65.36,1.3599999999999994,Madden 27 baseline
Marlin Klein,HOU,TE,TE,64.0,65.34,1.3400000000000034,,0.0,65.34,1.3400000000000034,Madden 27 baseline
Gavin Bartholomew,MIN,TE,TE,64.0,65.09,1.0900000000000034,,0.0,65.09,1.0900000000000034,Madden 27 baseline
Eli Raridon,NE,TE,TE,64.0,65.26,1.2600000000000051,69.80000000000001,0.0066666666666666,65.29,1.2900000000000063,Madden 27 + nflverse performance
Nick Vannett,SEA,TE,TE,64.0,65.6,1.5999999999999943,,0.0,65.6,1.5999999999999943,Madden 27 baseline
Luke Farrell,SF,TE,TE,64.0,65.48,1.480000000000004,79.95000000000002,0.0133333333333333,65.67,1.6700000000000017,Madden 27 + nflverse performance
Payne Durham,TB,TE,TE,64.0,65.19,1.1899999999999977,,0.0,65.19,1.1899999999999977,Madden 27 baseline
Lawrence Cager,WAS,TE,TE,64.0,64.93,0.9300000000000068,,0.0,64.93,0.9300000000000068,Madden 27 baseline
Teagan Quitoriano,ARI,TE,TE,63.0,64.74,1.7399999999999949,,0.0,64.74,1.7399999999999949,Madden 27 baseline
Michael Trigg,DAL,TE,TE,63.0,64.37,1.3700000000000045,,0.0,64.37,1.3700000000000045,Madden 27 baseline
Dallen Bentley,DEN,TE,TE,63.0,64.32,1.3199999999999932,,0.0,64.32,1.3199999999999932,Madden 27 baseline
Lucas Krull,DEN,TE,TE,63.0,64.23,1.230000000000004,,0.0,64.23,1.230000000000004,Madden 27 baseline
Sean McKeon,IND,TE,TE,63.0,64.67,1.6700000000000017,,0.0,64.67,1.6700000000000017,Madden 27 baseline
Quintin Morris,JAX,TE,TE,63.0,64.2,1.2000000000000028,,0.0,64.2,1.2000000000000028,Madden 27 baseline
Jake Briningstool,KC,TE,TE,63.0,64.6,1.5999999999999943,,0.0,64.6,1.5999999999999943,Madden 27 baseline
Seydou Traore,MIA,TE,TE,63.0,64.25,1.25,,0.0,64.25,1.25,Madden 27 baseline
Julian Hill,NE,TE,TE,63.0,64.67,1.6700000000000017,,0.0,64.67,1.6700000000000017,Madden 27 baseline
Brayden Willis,SF,TE,TE,63.0,64.55,1.5499999999999972,,0.0,64.55,1.5499999999999972,Madden 27 baseline
Bauer Sharp,TB,TE,TE,63.0,64.2,1.2000000000000028,,0.0,64.2,1.2000000000000028,Madden 27 baseline
Keleki Latu,BUF,TE,TE,62.0,63.33,1.3299999999999983,,0.0,63.33,1.3299999999999983,Madden 27 baseline
Carsen Ryan,CLE,TE,TE,62.0,63.61,1.6099999999999994,,0.0,63.61,1.6099999999999994,Madden 27 baseline
Blake Whiteheart,CLE,TE,TE,62.0,63.52,1.5200000000000031,,0.0,63.52,1.5200000000000031,Madden 27 baseline
Nate Adkins,DEN,TE,TE,62.0,63.65,1.6499999999999986,,0.0,63.65,1.6499999999999986,Madden 27 baseline
John Michael Gyllenborg,KC,TE,TE,62.0,63.5,1.5,,0.0,63.5,1.5,Madden 27 baseline
Rohan Jones,LA,TE,TE,62.0,63.59,1.5900000000000034,,0.0,63.59,1.5900000000000034,Madden 27 baseline
Dan Villari,LA,TE,TE,62.0,63.38,1.3800000000000026,,0.0,63.38,1.3800000000000026,Madden 27 baseline
Ben Sims,MIA,TE,TE,62.0,63.36,1.3599999999999994,,0.0,63.36,1.3599999999999994,Madden 27 baseline
Benjamin Yurosek,MIN,TE,TE,62.0,63.5,1.5,,0.0,63.5,1.5,Madden 27 baseline
CJ Dippre,NE,TE,TE,62.0,63.89,1.8900000000000006,,0.0,63.89,1.8900000000000006,Madden 27 baseline
Moliki Matavao,NO,TE,TE,62.0,63.82,1.8200000000000003,,0.0,63.82,1.8200000000000003,Madden 27 baseline
Devin Culp,TB,TE,TE,62.0,63.08,1.0799999999999983,,0.0,63.08,1.0799999999999983,Madden 27 baseline
David Martin-Robinson,TEN,TE,TE,62.0,63.63,1.6300000000000026,,0.0,63.63,1.6300000000000026,Madden 27 baseline
Cam Grandy,CIN,TE,TE,61.0,62.8,1.7999999999999972,,0.0,62.8,1.7999999999999972,Madden 27 baseline
Princeton Fant,DAL,TE,TE,61.0,62.69,1.6899999999999977,,0.0,62.69,1.6899999999999977,Madden 27 baseline
Jerand Bradley,LAC,TE,TE,61.0,62.67,1.6700000000000017,,0.0,62.67,1.6700000000000017,Madden 27 baseline
Lake McRee,PIT,TE,TE,61.0,62.97,1.9699999999999989,,0.0,62.97,1.9699999999999989,Madden 27 baseline
Riley Nowakowski,PIT,TE,TE,61.0,62.9,1.8999999999999986,,0.0,62.9,1.8999999999999986,Madden 27 baseline
Colson Yankoff,WAS,TE,TE,61.0,62.42,1.4200000000000017,,0.0,62.42,1.4200000000000017,Madden 27 baseline
Stephen Carlson,CHI,TE,TE,60.0,61.78,1.7800000000000011,,0.0,61.78,1.7800000000000011,Madden 27 baseline
Caleb Lohner,DEN,TE,TE,60.0,61.97,1.9699999999999989,,0.0,61.97,1.9699999999999989,Madden 27 baseline
Messiah Swinson,GB,TE,TE,60.0,62.06,2.0600000000000023,,0.0,62.06,2.0600000000000023,Madden 27 baseline
Zaire Mitchell-Paden,NO,TE,TE,60.0,62.0,2.0,,0.0,62.0,2.0,Madden 27 baseline
Jaren Kanak,TEN,TE,TE,60.0,61.85,1.8500000000000014,,0.0,61.85,1.8500000000000014,Madden 27 baseline
Carter Runyon,LV,TE,TE,59.0,61.17,2.1700000000000017,,0.0,61.17,2.1700000000000017,Madden 27 baseline
Nikola Kalinic,CHI,TE,TE,58.0,60.4,2.3999999999999986,,0.0,60.4,2.3999999999999986,Madden 27 baseline
Evan Svoboda,LAC,TE,TE,58.0,60.09,2.0900000000000034,,0.0,60.09,2.0900000000000034,Madden 27 baseline
Feleipe Franks,CAR,TE,TE,55.0,57.28,2.280000000000001,,0.0,57.28,2.280000000000001,Madden 27 baseline
Ja'Marr Chase,CIN,WR,WR,99.0,98.32,-0.6800000000000068,,0.0,98.32,-0.6800000000000068,Madden 27 baseline
Jaxon Smith-Njigba,SEA,WR,WR,99.0,98.27,-0.730000000000004,92.1315789473684,0.0586666666666666,97.91,-1.0900000000000034,Madden 27 + nflverse performance
Puka Nacua,LA,WR,WR,98.0,97.23,-0.769999999999996,83.86842105263158,0.048,96.59,-1.4099999999999966,Madden 27 + nflverse performance
Amon-Ra St. Brown,DET,WR,WR,95.0,94.49,-0.5100000000000051,,0.0,94.49,-0.5100000000000051,Madden 27 baseline
Justin Jefferson,MIN,WR,WR,94.0,94.01,0.010000000000005116,,0.0,94.01,0.010000000000005116,Madden 27 baseline
Justin Jefferson,MIN,WR,WR,94.0,94.01,0.010000000000005116,,0.0,94.01,0.010000000000005116,Madden 27 baseline
CeeDee Lamb,DAL,WR,WR,93.0,92.89,-0.10999999999999943,,0.0,92.89,-0.10999999999999943,Madden 27 baseline
Drake London,ATL,WR,WR,92.0,91.24,-0.7600000000000051,,0.0,91.24,-0.7600000000000051,Madden 27 baseline
DeVonta Smith,PHI,WR,WR,92.0,91.68,-0.3199999999999932,,0.0,91.68,-0.3199999999999932,Madden 27 baseline
Mike Evans,SF,WR,WR,91.0,90.67,-0.3299999999999983,86.1578947368421,0.0373333333333333,90.5,-0.5,Madden 27 + nflverse performance
Terry McLaurin,WAS,WR,WR,91.0,91.05,0.04999999999999716,,0.0,91.05,0.04999999999999716,Madden 27 baseline
Nico Collins,HOU,WR,WR,90.0,90.3,0.29999999999999716,,0.0,90.3,0.29999999999999716,Madden 27 baseline
Davante Adams,LA,WR,WR,90.0,90.19,0.18999999999999773,74.36842105263158,0.032,89.68,-0.3199999999999932,Madden 27 + nflverse performance
George Pickens,DAL,WR,WR,89.0,89.03,0.030000000000001137,,0.0,89.03,0.030000000000001137,Madden 27 baseline
A.J. Brown,NE,WR,WR,89.0,89.02,0.01999999999999602,73.42105263157895,0.0213333333333333,88.69,-0.3100000000000023,Madden 27 + nflverse performance
Zay Flowers,BAL,WR,WR,88.0,87.57,-0.4300000000000068,,0.0,87.57,-0.4300000000000068,Madden 27 baseline
Tee Higgins,CIN,WR,WR,87.0,87.2,0.20000000000000284,,0.0,87.2,0.20000000000000284,Madden 27 baseline
Courtland Sutton,DEN,WR,WR,87.0,86.78,-0.21999999999999886,,0.0,86.78,-0.21999999999999886,Madden 27 baseline
Chris Olave,NO,WR,WR,87.0,87.44,0.4399999999999977,,0.0,87.44,0.4399999999999977,Madden 27 baseline
Jaylen Waddle,DEN,WR,WR,86.0,85.84,-0.1599999999999966,,0.0,85.84,-0.1599999999999966,Madden 27 baseline
Malik Nabers,NYG,WR,WR,86.0,86.32,0.3199999999999932,,0.0,86.32,0.3199999999999932,Madden 27 baseline
Garrett Wilson,NYJ,WR,WR,86.0,86.11,0.10999999999999943,,0.0,86.11,0.10999999999999943,Madden 27 baseline
Tetairoa McMillan,CAR,WR,WR,85.0,85.58,0.5799999999999983,,0.0,85.58,0.5799999999999983,Madden 27 baseline
Jameson Williams,DET,WR,WR,85.0,84.53,-0.46999999999999886,,0.0,84.53,-0.46999999999999886,Madden 27 baseline
Rashee Rice,KC,WR,WR,85.0,85.53,0.5300000000000011,,0.0,85.53,0.5300000000000011,Madden 27 baseline
DK Metcalf,PIT,WR,WR,85.0,85.54,0.5400000000000063,,0.0,85.54,0.5400000000000063,Madden 27 baseline
DJ Moore,BUF,WR,WR,84.0,84.56,0.5600000000000023,,0.0,84.56,0.5600000000000023,Madden 27 baseline
Alec Pierce,IND,WR,WR,84.0,84.81,0.8100000000000023,,0.0,84.81,0.8100000000000023,Madden 27 baseline
Jordan Addison,MIN,WR,WR,84.0,84.7,0.7000000000000028,,0.0,84.7,0.7000000000000028,Madden 27 baseline
Wan'Dale Robinson,TEN,WR,WR,84.0,84.28,0.28000000000000114,,0.0,84.28,0.28000000000000114,Madden 27 baseline
Khalil Shakir,BUF,WR,WR,83.0,83.4,0.4000000000000057,,0.0,83.4,0.4000000000000057,Madden 27 baseline
Ladd McConkey,LAC,WR,WR,83.0,83.43,0.4300000000000068,,0.0,83.43,0.4300000000000068,Madden 27 baseline
Michael Pittman,PIT,WR,WR,83.0,83.62,0.6200000000000045,,0.0,83.62,0.6200000000000045,Madden 27 baseline
Cooper Kupp,SEA,WR,WR,83.0,83.91,0.9099999999999966,73.0,0.016,83.74,0.7399999999999949,Madden 27 + nflverse performance
Rome Odunze,CHI,WR,WR,82.0,82.86,0.8599999999999994,,0.0,82.86,0.8599999999999994,Madden 27 baseline
Jakobi Meyers,JAX,WR,WR,82.0,82.7,0.7000000000000028,,0.0,82.7,0.7000000000000028,Madden 27 baseline
Chris Godwin Jr,TB,WR,WR,82.0,83.28,1.2800000000000011,,0.0,83.28,1.2800000000000011,Madden 27 baseline
Michael Wilson,ARI,WR,WR,81.0,81.91,0.9099999999999966,,0.0,81.91,0.9099999999999966,Madden 27 baseline
Jerry Jeudy,CLE,WR,WR,81.0,81.64,0.6400000000000006,,0.0,81.64,0.6400000000000006,Madden 27 baseline
Parker Washington,JAX,WR,WR,81.0,81.92,0.9200000000000017,,0.0,81.92,0.9200000000000017,Madden 27 baseline
Brian Thomas Jr,JAX,WR,WR,81.0,81.89,0.8900000000000006,,0.0,81.89,0.8900000000000006,Madden 27 baseline
Jauan Jennings,MIN,WR,WR,81.0,81.61,0.6099999999999994,,0.0,81.61,0.6099999999999994,Madden 27 baseline
Emeka Egbuka,TB,WR,WR,81.0,82.42,1.4200000000000017,,0.0,82.42,1.4200000000000017,Madden 27 baseline
Marvin Harrison Jr,ARI,WR,WR,80.0,81.02,1.019999999999996,,0.0,81.02,1.019999999999996,Madden 27 baseline
Jayden Reed,GB,WR,WR,80.0,80.98,0.980000000000004,,0.0,80.98,0.980000000000004,Madden 27 baseline
Kayshon Boutte,HOU,WR,WR,80.0,81.25,1.25,,0.0,81.25,1.25,Madden 27 baseline
Josh Downs,IND,WR,WR,80.0,80.83,0.8299999999999983,,0.0,80.83,0.8299999999999983,Madden 27 baseline
Quentin Johnston,LAC,WR,WR,80.0,81.09,1.0900000000000034,,0.0,81.09,1.0900000000000034,Madden 27 baseline
Ricky Pearsall,SF,WR,WR,80.0,80.9,0.9000000000000057,,0.0,80.9,0.9000000000000057,Madden 27 baseline
Luther Burden III,CHI,WR,WR,79.0,79.53,0.5300000000000011,,0.0,79.53,0.5300000000000011,Madden 27 baseline
Troy Franklin,DEN,WR,WR,79.0,80.15,1.1500000000000057,,0.0,80.15,1.1500000000000057,Madden 27 baseline
Tank Dell,HOU,WR,WR,79.0,80.31,1.3100000000000023,,0.0,80.31,1.3100000000000023,Madden 27 baseline
Xavier Worthy,KC,WR,WR,79.0,79.71,0.7099999999999937,,0.0,79.71,0.7099999999999937,Madden 27 baseline
Romeo Doubs,NE,WR,WR,79.0,80.23,1.230000000000004,61.60526315789475,0.016,79.93,0.9300000000000068,Madden 27 + nflverse performance
Rashid Shaheed,SEA,WR,WR,79.0,79.8,0.7999999999999972,67.26315789473685,0.016,79.6,0.5999999999999943,Madden 27 + nflverse performance
Marvin Mims Jr,DEN,WR,WR,78.0,79.37,1.3700000000000045,,0.0,79.37,1.3700000000000045,Madden 27 baseline
Christian Watson,GB,WR,WR,78.0,79.31,1.3100000000000023,,0.0,79.31,1.3100000000000023,Madden 27 baseline
Matthew Golden,GB,WR,WR,78.0,79.22,1.2199999999999989,,0.0,79.22,1.2199999999999989,Madden 27 baseline
Tre Tucker,LV,WR,WR,78.0,79.15,1.1500000000000057,,0.0,79.15,1.1500000000000057,Madden 27 baseline
Darius Slayton,NYG,WR,WR,78.0,79.21,1.2099999999999937,,0.0,79.21,1.2099999999999937,Madden 27 baseline
Marquise Brown,PHI,WR,WR,78.0,79.07,1.0699999999999932,,0.0,79.07,1.0699999999999932,Madden 27 baseline
Christian Kirk,SF,WR,WR,78.0,79.41,1.4099999999999966,,0.0,79.41,1.4099999999999966,Madden 27 baseline
Calvin Ridley,TEN,WR,WR,78.0,78.96,0.9599999999999937,,0.0,78.96,0.9599999999999937,Madden 27 baseline
Kendrick Bourne,ARI,WR,WR,77.0,78.37,1.3700000000000045,,0.0,78.37,1.3700000000000045,Madden 27 baseline
Rashod Bateman,BAL,WR,WR,77.0,78.66,1.6599999999999966,,0.0,78.66,1.6599999999999966,Madden 27 baseline
Jayden Higgins,HOU,WR,WR,77.0,78.63,1.6299999999999955,,0.0,78.63,1.6299999999999955,Madden 27 baseline
Jalen Nailor,LV,WR,WR,77.0,78.47,1.4699999999999989,,0.0,78.47,1.4699999999999989,Madden 27 baseline
DeMario Douglas,NE,WR,WR,77.0,78.32,1.3199999999999932,74.92105263157895,0.0373333333333333,78.19,1.1899999999999977,Madden 27 + nflverse performance
Brandon Aiyuk,SF,WR,WR,77.0,78.68,1.6800000000000068,,0.0,78.68,1.6800000000000068,Madden 27 baseline
Deebo Samuel Sr,SF,WR,WR,77.0,77.84,0.8400000000000034,87.1578947368421,0.0373333333333333,78.19,1.1899999999999977,Madden 27 + nflverse performance
Elic Ayomanor,TEN,WR,WR,77.0,78.61,1.6099999999999994,,0.0,78.61,1.6099999999999994,Madden 27 baseline
Carnell Tate,TEN,WR,WR,77.0,78.56,1.5600000000000023,,0.0,78.56,1.5600000000000023,Madden 27 baseline
Jalen Coker,CAR,WR,WR,76.0,77.8,1.7999999999999972,,0.0,77.8,1.7999999999999972,Madden 27 baseline
Ryan Flournoy,DAL,WR,WR,76.0,77.68,1.6800000000000068,,0.0,77.68,1.6800000000000068,Madden 27 baseline
KaVontae Turpin,DAL,WR,WR,76.0,76.17,0.1700000000000017,,0.0,76.17,0.1700000000000017,Madden 27 baseline
Mack Hollins,NE,WR,WR,76.0,77.98,1.980000000000004,79.94736842105262,0.0266666666666666,78.03,2.030000000000001,Madden 27 + nflverse performance
Jordyn Tyson,NO,WR,WR,76.0,77.8,1.7999999999999972,,0.0,77.8,1.7999999999999972,Madden 27 baseline
Darnell Mooney,NYG,WR,WR,76.0,77.91,1.9099999999999966,,0.0,77.91,1.9099999999999966,Madden 27 baseline
Calvin Austin,NYG,WR,WR,76.0,76.84,0.8400000000000034,,0.0,76.84,0.8400000000000034,Madden 27 baseline
Tim Patrick,NYJ,WR,WR,76.0,77.87,1.8700000000000045,,0.0,77.87,1.8700000000000045,Madden 27 baseline
Dontayvion Wicks,PHI,WR,WR,76.0,77.51,1.5100000000000051,,0.0,77.51,1.5100000000000051,Madden 27 baseline
Makai Lemon,PHI,WR,WR,76.0,77.06,1.0600000000000023,,0.0,77.06,1.0600000000000023,Madden 27 baseline
Demarcus Robinson,SF,WR,WR,76.0,77.54,1.5400000000000063,81.5,0.016,77.6,1.5999999999999943,Madden 27 + nflverse performance
Joshua Palmer,BUF,WR,WR,75.0,76.92,1.9200000000000017,,0.0,76.92,1.9200000000000017,Madden 27 baseline
Keon Coleman,BUF,WR,WR,75.0,76.87,1.8700000000000045,,0.0,76.87,1.8700000000000045,Madden 27 baseline
Kalif Raymond,CHI,WR,WR,75.0,76.62,1.6200000000000045,,0.0,76.62,1.6200000000000045,Madden 27 baseline
KC Concepcion Jr,CLE,WR,WR,75.0,76.59,1.5900000000000034,,0.0,76.59,1.5900000000000034,Madden 27 baseline
Tyquan Thornton,KC,WR,WR,75.0,76.95,1.9500000000000028,,0.0,76.95,1.9500000000000028,Madden 27 baseline
Tutu Atwell,MIA,WR,WR,75.0,76.29,1.2900000000000063,,0.0,76.29,1.2900000000000063,Madden 27 baseline
JuJu Smith-Schuster,NYG,WR,WR,75.0,76.31,1.3100000000000023,,0.0,76.31,1.3100000000000023,Madden 27 baseline
Omar Cooper Jr.,NYJ,WR,WR,75.0,76.9,1.9000000000000057,,0.0,76.9,1.9000000000000057,Madden 27 baseline
Adonai Mitchell,NYJ,WR,WR,75.0,76.41,1.4099999999999966,,0.0,76.41,1.4099999999999966,Madden 27 baseline
Elijah Moore,PHI,WR,WR,75.0,75.97,0.9699999999999989,,0.0,75.97,0.9699999999999989,Madden 27 baseline
Tory Horton,SEA,WR,WR,75.0,76.65,1.6500000000000057,,0.0,76.65,1.6500000000000057,Madden 27 baseline
Jaylin Lane,WAS,WR,WR,75.0,76.23,1.230000000000004,,0.0,76.23,1.230000000000004,Madden 27 baseline
Devin Duvernay,ARI,WR,WR,74.0,75.63,1.6299999999999955,,0.0,75.63,1.6299999999999955,Madden 27 baseline
Xavier Legette,CAR,WR,WR,74.0,75.44,1.4399999999999977,,0.0,75.44,1.4399999999999977,Madden 27 baseline
Cedric Tillman,CLE,WR,WR,74.0,75.9,1.9000000000000057,,0.0,75.9,1.9000000000000057,Madden 27 baseline
Denzel Boston,CLE,WR,WR,74.0,75.67,1.6700000000000017,,0.0,75.67,1.6700000000000017,Madden 27 baseline
Marquez Valdes-Scantling,DAL,WR,WR,74.0,76.02,2.019999999999996,,0.0,76.02,2.019999999999996,Madden 27 baseline
Nick Westbrook-Ikhine,IND,WR,WR,74.0,76.02,2.019999999999996,,0.0,76.02,2.019999999999996,Madden 27 baseline
Jalen Tolbert,MIA,WR,WR,74.0,75.8,1.7999999999999972,,0.0,75.8,1.7999999999999972,Madden 27 baseline
Devaughn Vele,NO,WR,WR,74.0,75.88,1.8799999999999955,,0.0,75.88,1.8799999999999955,Madden 27 baseline
Germie Bernard,PIT,WR,WR,74.0,75.97,1.9699999999999989,,0.0,75.97,1.9699999999999989,Madden 27 baseline
De'Zhaun Stribling,SF,WR,WR,74.0,76.09,2.0900000000000034,,0.0,76.09,2.0900000000000034,Madden 27 baseline
Jalen McMillan,TB,WR,WR,74.0,75.53,1.5300000000000011,,0.0,75.53,1.5300000000000011,Madden 27 baseline
Chimere Dike,TEN,WR,WR,74.0,75.52,1.519999999999996,,0.0,75.52,1.519999999999996,Madden 27 baseline
Dyami Brown,WAS,WR,WR,74.0,75.93,1.9300000000000068,,0.0,75.93,1.9300000000000068,Madden 27 baseline
Olamide Zaccheaus,ATL,WR,WR,73.0,74.97,1.9699999999999989,,0.0,74.97,1.9699999999999989,Madden 27 baseline
Jahan Dotson,ATL,WR,WR,73.0,74.9,1.9000000000000057,,0.0,74.9,1.9000000000000057,Madden 27 baseline
Zachariah Branch,ATL,WR,WR,73.0,74.51,1.5100000000000051,,0.0,74.51,1.5100000000000051,Madden 27 baseline
Greg Dortch,BUF,WR,WR,73.0,74.48,1.480000000000004,,0.0,74.48,1.480000000000004,Madden 27 baseline
Mecole Hardman,BUF,WR,WR,73.0,74.25,1.25,,0.0,74.25,1.25,Madden 27 baseline
John Metchie III,CAR,WR,WR,73.0,74.71,1.7099999999999937,,0.0,74.71,1.7099999999999937,Madden 27 baseline
Andrei Iosivas,CIN,WR,WR,73.0,74.7,1.7000000000000028,,0.0,74.7,1.7000000000000028,Madden 27 baseline
Isaac TeSlaa,DET,WR,WR,73.0,74.81,1.8100000000000023,,0.0,74.81,1.8100000000000023,Madden 27 baseline
Justin Watson,HOU,WR,WR,73.0,75.17,2.1700000000000017,,0.0,75.17,2.1700000000000017,Madden 27 baseline
Jaylin Noel,HOU,WR,WR,73.0,75.09,2.0900000000000034,,0.0,75.09,2.0900000000000034,Madden 27 baseline
Xavier Hutchinson,HOU,WR,WR,73.0,74.79,1.7900000000000063,,0.0,74.79,1.7900000000000063,Madden 27 baseline
Tre' Harris,LAC,WR,WR,73.0,75.01,2.010000000000005,,0.0,75.01,2.010000000000005,Madden 27 baseline
Malik Washington,MIA,WR,WR,73.0,74.56,1.5600000000000023,,0.0,74.56,1.5600000000000023,Madden 27 baseline
Kyle Williams,NE,WR,WR,73.0,74.99,1.9899999999999949,58.52631578947369,0.0,74.99,1.9899999999999949,Madden 27 baseline
Malachi Fields,NYG,WR,WR,73.0,75.03,2.030000000000001,,0.0,75.03,2.030000000000001,Madden 27 baseline
Tez Johnson,TB,WR,WR,73.0,74.47,1.4699999999999989,,0.0,74.47,1.4699999999999989,Madden 27 baseline
Antonio Williams,WAS,WR,WR,73.0,74.94,1.9399999999999977,,0.0,74.94,1.9399999999999977,Madden 27 baseline
Van Jefferson,WAS,WR,WR,73.0,74.93,1.9300000000000068,,0.0,74.93,1.9300000000000068,Madden 27 baseline
Treylon Burks,WAS,WR,WR,73.0,74.3,1.2999999999999972,,0.0,74.3,1.2999999999999972,Madden 27 baseline
Chris Moore,BAL,WR,WR,72.0,74.09,2.0900000000000034,,0.0,74.09,2.0900000000000034,Madden 27 baseline
Trent Sherfield Sr,BUF,WR,WR,72.0,73.84,1.8400000000000034,,0.0,73.84,1.8400000000000034,Madden 27 baseline
Chris Brazzell II,CAR,WR,WR,72.0,74.14,2.1400000000000006,,0.0,74.14,2.1400000000000006,Madden 27 baseline
Zavion Thomas,CHI,WR,WR,72.0,73.48,1.480000000000004,,0.0,73.48,1.480000000000004,Madden 27 baseline
Pat Bryant II,DEN,WR,WR,72.0,74.1,2.0999999999999943,,0.0,74.1,2.0999999999999943,Madden 27 baseline
Bo Melton,GB,WR,WR,72.0,73.82,1.8199999999999932,,0.0,73.82,1.8199999999999932,Madden 27 baseline
Skyy Moore,GB,WR,WR,72.0,73.78,1.7800000000000011,,0.0,73.78,1.7800000000000011,Madden 27 baseline
Ashton Dulin,IND,WR,WR,72.0,73.83,1.8299999999999983,,0.0,73.83,1.8299999999999983,Madden 27 baseline
Jordan Whittington,LA,WR,WR,72.0,73.77,1.769999999999996,66.84210526315789,0.0053333333333333,73.73,1.730000000000004,Madden 27 + nflverse performance
Brenen Thompson,LAC,WR,WR,72.0,73.4,1.4000000000000057,,0.0,73.4,1.4000000000000057,Madden 27 baseline
Jack Bech,LV,WR,WR,72.0,74.35,2.3499999999999943,,0.0,74.35,2.3499999999999943,Madden 27 baseline
Odell Beckham Jr,NYG,WR,WR,72.0,74.22,2.219999999999999,,0.0,74.22,2.219999999999999,Madden 27 baseline
Braxton Berrios,NYG,WR,WR,72.0,73.83,1.8299999999999983,,0.0,73.83,1.8299999999999983,Madden 27 baseline
Ted Hurst III,TB,WR,WR,72.0,73.96,1.9599999999999937,,0.0,73.96,1.9599999999999937,Madden 27 baseline
Luke McCaffrey,WAS,WR,WR,72.0,73.87,1.8700000000000045,,0.0,73.87,1.8700000000000045,Madden 27 baseline
Devontez Walker,BAL,WR,WR,71.0,73.55,2.549999999999997,,0.0,73.55,2.549999999999997,Madden 27 baseline
Elijah Sarratt,BAL,WR,WR,71.0,73.49,2.489999999999995,,0.0,73.49,2.489999999999995,Madden 27 baseline
Ja'Kobi Lane,BAL,WR,WR,71.0,72.88,1.8799999999999955,,0.0,72.88,1.8799999999999955,Madden 27 baseline
Skyler Bell,BUF,WR,WR,71.0,72.75,1.75,,0.0,72.75,1.75,Madden 27 baseline
David Moore,CAR,WR,WR,71.0,73.47,2.469999999999999,,0.0,73.47,2.469999999999999,Madden 27 baseline
Mitchell Tinsley,CIN,WR,WR,71.0,72.3,1.2999999999999972,,0.0,72.3,1.2999999999999972,Madden 27 baseline
Tylan Wallace,CLE,WR,WR,71.0,72.76,1.7600000000000051,,0.0,72.76,1.7600000000000051,Madden 27 baseline
Jonathan Mingo,DAL,WR,WR,71.0,73.53,2.530000000000001,,0.0,73.53,2.530000000000001,Madden 27 baseline
Cedrick Wilson Jr,DET,WR,WR,71.0,73.2,2.200000000000003,,0.0,73.2,2.200000000000003,Madden 27 baseline
Jalen Royals,KC,WR,WR,71.0,73.15,2.1500000000000057,,0.0,73.15,2.1500000000000057,Madden 27 baseline
Tyler Scott,LA,WR,WR,71.0,73.18,2.180000000000007,,0.0,73.18,2.180000000000007,Madden 27 baseline
Konata Mumpfield,LA,WR,WR,71.0,73.21,2.2099999999999937,60.1842105263158,0.0053333333333333,73.14,2.1400000000000006,Madden 27 + nflverse performance
Phillip Dorsett II,LV,WR,WR,71.0,72.71,1.7099999999999937,,0.0,72.71,1.7099999999999937,Madden 27 baseline
Caleb Douglas,MIA,WR,WR,71.0,73.53,2.530000000000001,,0.0,73.53,2.530000000000001,Madden 27 baseline
Chris Bell,MIA,WR,WR,71.0,73.34,2.3400000000000034,,0.0,73.34,2.3400000000000034,Madden 27 baseline
Tai Felton,MIN,WR,WR,71.0,73.08,2.0799999999999983,,0.0,73.08,2.0799999999999983,Madden 27 baseline
Trey Palmer,NO,WR,WR,71.0,73.44,2.4399999999999977,,0.0,73.44,2.4399999999999977,Madden 27 baseline
Isaiah Hodgins,NYG,WR,WR,71.0,73.27,2.269999999999996,,0.0,73.27,2.269999999999996,Madden 27 baseline
Xavier Gipson,NYG,WR,WR,71.0,72.85,1.8499999999999943,,0.0,72.85,1.8499999999999943,Madden 27 baseline
Roman Wilson,PIT,WR,WR,71.0,73.27,2.269999999999996,,0.0,73.27,2.269999999999996,Madden 27 baseline
Jacob Cowing,SF,WR,WR,71.0,73.47,2.469999999999999,58.52631578947369,0.0,73.47,2.469999999999999,Madden 27 baseline
K.J. Osborn,TEN,WR,WR,71.0,73.55,2.549999999999997,,0.0,73.55,2.549999999999997,Madden 27 baseline
Reggie Virgil,ARI,WR,WR,70.0,72.44,2.4399999999999977,,0.0,72.44,2.4399999999999977,Madden 27 baseline
Lajohntay Wester,BAL,WR,WR,70.0,72.46,2.4599999999999937,,0.0,72.46,2.4599999999999937,Madden 27 baseline
Scott Miller,CHI,WR,WR,70.0,72.43,2.430000000000007,,0.0,72.43,2.430000000000007,Madden 27 baseline
Colbie Young,CIN,WR,WR,70.0,72.36,2.3599999999999994,,0.0,72.36,2.3599999999999994,Madden 27 baseline
Charlie Jones,CIN,WR,WR,70.0,72.31,2.3100000000000023,,0.0,72.31,2.3100000000000023,Madden 27 baseline
Kendrick Law,DET,WR,WR,70.0,71.71,1.7099999999999937,,0.0,71.71,1.7099999999999937,Madden 27 baseline
Savion Williams,GB,WR,WR,70.0,71.68,1.6800000000000068,,0.0,71.68,1.6800000000000068,Madden 27 baseline
Cyrus Allen,KC,WR,WR,70.0,71.92,1.9200000000000017,,0.0,71.92,1.9200000000000017,Madden 27 baseline
Derius Davis,LAC,WR,WR,70.0,72.1,2.0999999999999943,,0.0,72.1,2.0999999999999943,Madden 27 baseline
KeAndre Lambert-Smith,LAC,WR,WR,70.0,72.04,2.0400000000000063,,0.0,72.04,2.0400000000000063,Madden 27 baseline
Terrace Marshall Jr,MIA,WR,WR,70.0,72.66,2.6599999999999966,,0.0,72.66,2.6599999999999966,Madden 27 baseline
Jalen Reagor,MIA,WR,WR,70.0,71.83,1.8299999999999983,,0.0,71.83,1.8299999999999983,Madden 27 baseline
Bryce Lance,NO,WR,WR,70.0,72.57,2.569999999999993,,0.0,72.57,2.569999999999993,Madden 27 baseline
Mason Tipton,NO,WR,WR,70.0,72.23,2.230000000000004,,0.0,72.23,2.230000000000004,Madden 27 baseline
Bub Means,NO,WR,WR,70.0,72.19,2.1899999999999977,,0.0,72.19,2.1899999999999977,Madden 27 baseline
Jalin Hyatt,NYG,WR,WR,70.0,72.47,2.469999999999999,,0.0,72.47,2.469999999999999,Madden 27 baseline
A.T. Perry,PIT,WR,WR,70.0,72.6,2.5999999999999943,,0.0,72.6,2.5999999999999943,Madden 27 baseline
Ben Skowronek,PIT,WR,WR,70.0,72.53,2.530000000000001,,0.0,72.53,2.530000000000001,Madden 27 baseline
Dante Pettis,BUF,WR,WR,69.0,71.17,2.1700000000000017,,0.0,71.17,2.1700000000000017,Madden 27 baseline
Ainias Smith,CAR,WR,WR,69.0,71.56,2.5600000000000023,,0.0,71.56,2.5600000000000023,Madden 27 baseline
Jahdae Walker,CHI,WR,WR,69.0,71.14,2.1400000000000006,,0.0,71.14,2.1400000000000006,Madden 27 baseline
Jamari Thrash,CLE,WR,WR,69.0,71.49,2.489999999999995,,0.0,71.49,2.489999999999995,Madden 27 baseline
Isaiah Bond,CLE,WR,WR,69.0,71.36,2.3599999999999994,,0.0,71.36,2.3599999999999994,Madden 27 baseline
Malachi Corley,CLE,WR,WR,69.0,71.27,2.269999999999996,,0.0,71.27,2.269999999999996,Madden 27 baseline
Tyler Johnson,DAL,WR,WR,69.0,71.61,2.6099999999999994,,0.0,71.61,2.6099999999999994,Madden 27 baseline
Denzel Mims,DAL,WR,WR,69.0,71.3,2.299999999999997,,0.0,71.3,2.299999999999997,Madden 27 baseline
Lil'Jordan Humphrey,DEN,WR,WR,69.0,71.38,2.3799999999999955,,0.0,71.38,2.3799999999999955,Madden 27 baseline
Deion Burks,IND,WR,WR,69.0,71.62,2.6200000000000045,,0.0,71.62,2.6200000000000045,Madden 27 baseline
Anthony Gould,IND,WR,WR,69.0,71.5,2.5,,0.0,71.5,2.5,Madden 27 baseline
Malik Benson,LV,WR,WR,69.0,71.32,2.319999999999993,,0.0,71.32,2.319999999999993,Madden 27 baseline
Kevin Coleman Jr.,MIA,WR,WR,69.0,71.1,2.0999999999999943,,0.0,71.1,2.0999999999999943,Madden 27 baseline
Ronnie Bell,NO,WR,WR,69.0,71.22,2.219999999999999,,0.0,71.22,2.219999999999999,Madden 27 baseline
Barion Brown,NO,WR,WR,69.0,71.02,2.019999999999996,,0.0,71.02,2.019999999999996,Madden 27 baseline
Caullin Lacy,NYJ,WR,WR,69.0,71.14,2.1400000000000006,,0.0,71.14,2.1400000000000006,Madden 27 baseline
Quez Watkins,PHI,WR,WR,69.0,71.53,2.530000000000001,,0.0,71.53,2.530000000000001,Madden 27 baseline
Jake Bobo,SEA,WR,WR,69.0,71.65,2.6500000000000057,,0.0,71.65,2.6500000000000057,Madden 27 baseline
Jordan Watkins,SF,WR,WR,69.0,71.41,2.4099999999999966,,0.0,71.41,2.4099999999999966,Madden 27 baseline
David Sills V,TB,WR,WR,69.0,71.6,2.5999999999999943,,0.0,71.6,2.5999999999999943,Madden 27 baseline
Xavier Restrepo,TEN,WR,WR,69.0,71.21,2.2099999999999937,,0.0,71.21,2.2099999999999937,Madden 27 baseline
Brycen Tremayne,CAR,WR,WR,68.0,70.37,2.3700000000000045,,0.0,70.37,2.3700000000000045,Madden 27 baseline
Kaden Davis,CHI,WR,WR,68.0,70.5,2.5,,0.0,70.5,2.5,Madden 27 baseline
Tom Kennedy,DET,WR,WR,68.0,70.19,2.1899999999999977,,0.0,70.19,2.1899999999999977,Madden 27 baseline
Will Sheppard,GB,WR,WR,68.0,70.67,2.6700000000000017,,0.0,70.67,2.6700000000000017,Madden 27 baseline
Jha'Quan Jackson,HOU,WR,WR,68.0,70.2,2.200000000000003,,0.0,70.2,2.200000000000003,Madden 27 baseline
Laquon Treadwell,IND,WR,WR,68.0,70.8,2.799999999999997,,0.0,70.8,2.799999999999997,Madden 27 baseline
Raylen Sharpe,IND,WR,WR,68.0,70.13,2.1299999999999955,,0.0,70.13,2.1299999999999955,Madden 27 baseline
Josh Cameron,JAX,WR,WR,68.0,70.63,2.6299999999999955,,0.0,70.63,2.6299999999999955,Madden 27 baseline
Xavier Smith,LA,WR,WR,68.0,70.7,2.700000000000003,58.52631578947369,0.0,70.7,2.700000000000003,Madden 27 baseline
CJ Daniels,LA,WR,WR,68.0,70.36,2.3599999999999994,,0.0,70.36,2.3599999999999994,Madden 27 baseline
Dont'e Thornton Jr,LV,WR,WR,68.0,70.37,2.3700000000000045,,0.0,70.37,2.3700000000000045,Madden 27 baseline
Tahj Washington,MIA,WR,WR,68.0,70.68,2.680000000000007,,0.0,70.68,2.680000000000007,Madden 27 baseline
Dillon Bell,MIN,WR,WR,68.0,70.61,2.6099999999999994,,0.0,70.61,2.6099999999999994,Madden 27 baseline
Efton Chism III,NE,WR,WR,68.0,70.47,2.469999999999999,,0.0,70.47,2.469999999999999,Madden 27 baseline
Jalen Cropper,NO,WR,WR,68.0,70.91,2.9099999999999966,,0.0,70.91,2.9099999999999966,Madden 27 baseline
Arian Smith,NYJ,WR,WR,68.0,69.92,1.9200000000000017,,0.0,69.92,1.9200000000000017,Madden 27 baseline
Darius Cooper,PHI,WR,WR,68.0,70.83,2.8299999999999983,,0.0,70.83,2.8299999999999983,Madden 27 baseline
Johnny Wilson,PHI,WR,WR,68.0,70.5,2.5,,0.0,70.5,2.5,Madden 27 baseline
Danny Gray,PHI,WR,WR,68.0,70.14,2.1400000000000006,,0.0,70.14,2.1400000000000006,Madden 27 baseline
Kaden Wetjen,PIT,WR,WR,68.0,69.3,1.2999999999999972,,0.0,69.3,1.2999999999999972,Madden 27 baseline
Malik Turner,SF,WR,WR,68.0,70.5,2.5,,0.0,70.5,2.5,Madden 27 baseline
Jalen Brooks,ARI,WR,WR,67.0,69.83,2.8299999999999983,,0.0,69.83,2.8299999999999983,Madden 27 baseline
Simi Fehoko,ARI,WR,WR,67.0,69.51,2.510000000000005,,0.0,69.51,2.510000000000005,Madden 27 baseline
Ihmir Smith-Marsette,ARI,WR,WR,67.0,69.42,2.4200000000000017,,0.0,69.42,2.4200000000000017,Madden 27 baseline
Cornelius Johnson,BAL,WR,WR,67.0,69.95,2.950000000000003,,0.0,69.95,2.950000000000003,Madden 27 baseline
Jimmy Horn Jr,CAR,WR,WR,67.0,69.62,2.6200000000000045,,0.0,69.62,2.6200000000000045,Madden 27 baseline
Anthony Smith,DAL,WR,WR,67.0,69.83,2.8299999999999983,,0.0,69.83,2.8299999999999983,Madden 27 baseline
Dominic Lovett,DET,WR,WR,67.0,69.61,2.6099999999999994,,0.0,69.61,2.6099999999999994,Madden 27 baseline
Lewis Bond,HOU,WR,WR,67.0,69.67,2.6700000000000017,,0.0,69.67,2.6700000000000017,Madden 27 baseline
Chandler Brayboy,JAX,WR,WR,67.0,69.67,2.6700000000000017,,0.0,69.67,2.6700000000000017,Madden 27 baseline
Nikko Remigio,KC,WR,WR,67.0,69.65,2.6500000000000057,,0.0,69.65,2.6500000000000057,Madden 27 baseline
Jason Brownlee,KC,WR,WR,67.0,69.21,2.2099999999999937,,0.0,69.21,2.2099999999999937,Madden 27 baseline
Jeff Caldwell,KC,WR,WR,67.0,69.05,2.049999999999997,,0.0,69.05,2.049999999999997,Madden 27 baseline
Chase Roberts,LV,WR,WR,67.0,69.59,2.5900000000000034,,0.0,69.59,2.5900000000000034,Madden 27 baseline
Beaux Collins,NYG,WR,WR,67.0,70.0,3.0,,0.0,70.0,3.0,Madden 27 baseline
Isaiah Williams,NYJ,WR,WR,67.0,69.26,2.260000000000005,,0.0,69.26,2.260000000000005,Madden 27 baseline
Ricky White III,SEA,WR,WR,67.0,69.75,2.75,,0.0,69.75,2.75,Madden 27 baseline
Emmanuel Henderson Jr.,SEA,WR,WR,67.0,69.31,2.3100000000000023,,0.0,69.31,2.3100000000000023,Madden 27 baseline
Nick Nash,WAS,WR,WR,67.0,69.35,2.3499999999999943,,0.0,69.35,2.3499999999999943,Madden 27 baseline
Xavier Weaver,ARI,WR,WR,66.0,68.28,2.280000000000001,,0.0,68.28,2.280000000000001,Madden 27 baseline
Dylan Drummond,ATL,WR,WR,66.0,68.96,2.9599999999999937,,0.0,68.96,2.9599999999999937,Madden 27 baseline
Ke'Shawn Williams,CIN,WR,WR,66.0,69.0,3.0,,0.0,69.0,3.0,Madden 27 baseline
Gage Larvadain,CLE,WR,WR,66.0,68.41,2.4099999999999966,,0.0,68.41,2.4099999999999966,Madden 27 baseline
Hakeem Butler,DEN,WR,WR,66.0,68.18,2.180000000000007,,0.0,68.18,2.180000000000007,Madden 27 baseline
Kaden Prather,GB,WR,WR,66.0,68.34,2.3400000000000034,,0.0,68.34,2.3400000000000034,Madden 27 baseline
Eli Pancol,IND,WR,WR,66.0,68.85,2.8499999999999943,,0.0,68.85,2.8499999999999943,Madden 27 baseline
C.J. Williams,JAX,WR,WR,66.0,68.39,2.3900000000000006,,0.0,68.39,2.3900000000000006,Madden 27 baseline
Omari Evans,KC,WR,WR,66.0,68.95,2.950000000000003,,0.0,68.95,2.950000000000003,Madden 27 baseline
Sincere Brown,LAC,WR,WR,66.0,69.0,3.0,,0.0,69.0,3.0,Madden 27 baseline
Dareke Young,LV,WR,WR,66.0,68.33,2.3299999999999983,,0.0,68.33,2.3299999999999983,Madden 27 baseline
Myles Price,MIN,WR,WR,66.0,68.59,2.5900000000000034,,0.0,68.59,2.5900000000000034,Madden 27 baseline
Gunner Olszewski,NYG,WR,WR,66.0,68.19,2.1899999999999977,,0.0,68.19,2.1899999999999977,Madden 27 baseline
Colton Dowell,SF,WR,WR,66.0,68.84,2.8400000000000034,,0.0,68.84,2.8400000000000034,Madden 27 baseline
Cortez Braham Jr.,BAL,WR,WR,65.0,68.0,3.0,,0.0,68.0,3.0,Madden 27 baseline
Tyrell Shavers,BUF,WR,WR,65.0,67.59,2.5900000000000034,,0.0,67.59,2.5900000000000034,Madden 27 baseline
Brady Boyd,JAX,WR,WR,65.0,67.73,2.730000000000004,,0.0,67.73,2.730000000000004,Madden 27 baseline
Austin Trammell,JAX,WR,WR,65.0,67.72,2.719999999999999,,0.0,67.72,2.719999999999999,Madden 27 baseline
Dalevon Campbell,LAC,WR,WR,65.0,68.0,3.0,,0.0,68.0,3.0,Madden 27 baseline
Nick DeGennaro,NE,WR,WR,65.0,68.0,3.0,,0.0,68.0,3.0,Madden 27 baseline
Britain Covey,PHI,WR,WR,65.0,66.43,1.4300000000000068,,0.0,66.43,1.4300000000000068,Madden 27 baseline
Dennis Houston,TB,WR,WR,65.0,67.89,2.8900000000000006,,0.0,67.89,2.8900000000000006,Madden 27 baseline
Bryce Oliver,TEN,WR,WR,65.0,67.76,2.760000000000005,,0.0,67.76,2.760000000000005,Madden 27 baseline
Tim Jones,JAX,WR,WR,64.0,67.0,3.0,,0.0,67.0,3.0,Madden 27 baseline
Deven Thompkins,LV,WR,WR,64.0,65.98,1.980000000000004,,0.0,65.98,1.980000000000004,Madden 27 baseline
Cody White,SEA,WR,WR,64.0,67.0,3.0,,0.0,67.0,3.0,Madden 27 baseline
Kameron Johnson,TB,WR,WR,64.0,66.36,2.3599999999999994,,0.0,66.36,2.3599999999999994,Madden 27 baseline
Kendric Pryor,CIN,WR,WR,63.0,65.25,2.25,,0.0,65.25,2.25,Madden 27 baseline
Mason Kinsey,TEN,WR,WR,63.0,66.0,3.0,,0.0,66.0,3.0,Madden 27 baseline
Maurice Alexander,CHI,WR,WR,62.0,63.88,1.8800000000000026,,0.0,63.88,1.8800000000000026,Madden 27 baseline
Michael Bandy,DEN,WR,WR,62.0,64.75,2.75,,0.0,64.75,2.75,Madden 27 baseline
Kevin Austin Jr,NO,WR,WR,62.0,65.0,3.0,,0.0,65.0,3.0,Madden 27 baseline
Brandon Smith,PIT,WR,WR,62.0,64.63,2.6299999999999955,,0.0,64.63,2.6299999999999955,Madden 27 baseline
Malik Cunningham,DET,WR,WR,61.0,62.77,1.7700000000000031,,0.0,62.77,1.7700000000000031,Madden 27 baseline
Justin Shorter,LV,WR,WR,60.0,63.0,3.0,,0.0,63.0,3.0,Madden 27 baseline
Dan Chisena,CAR,WR,WR,59.0,62.0,3.0,,0.0,62.0,3.0,Madden 27 baseline
