player_name,team_abbr,position,position_family,overall,trait_grade,performance_grade,performance_weight,availability_adjustment,macabets_rating,rating_confidence,rating_source,roster_status,injury_status,gsis_id,depth_chart_team_override,availability_state,definitively_unavailable,practice_participation,availability_updated_at_utc,availability_source,depth_chart_alias,depth_chart_verified_roles
Trey McBride,ARI,TE,TE,99.0,96.0,91.7375,0.08666666666666667,0.0,95.63,baseline,Madden 27 + nflverse performance,Active,,00-0037744,False,Active,False,,2026-09-15T15:01:49+00:00,Sleeper,,TE
Budda Baker,ARI,SS,DB,90.0,88.16,,0.0,0.0,88.16,baseline,Madden 27 baseline,Active,,00-0033890,False,Active,False,,2026-09-15T15:01:49+00:00,Sleeper,,SS
Paris Johnson Jr,ARI,LT,OL,86.0,86.11,,0.0,0.0,86.11,baseline,Madden 27 baseline,Active,,00-0038540,False,Active,False,,2026-09-15T15:01:49+00:00,Sleeper,,LT
Josh Sweat,ARI,EDGE,DL,85.0,84.39,,0.0,0.0,84.39,baseline,Madden 27 baseline,Active,,00-0034381,False,Active,False,,2026-09-15T15:01:49+00:00,Sleeper,,LDE
Hjalte Froholdt,ARI,C,OL,83.0,83.67,,0.0,0.0,83.67,baseline,Madden 27 baseline,Active,,00-0035258,False,Active,False,,2026-09-15T15:01:49+00:00,Sleeper,,C
Jeremiyah Love,ARI,HB,RB,82.0,83.24,79.65760869565217,0.0352,0.0,83.11,baseline,Madden 27 + nflverse performance,Active,,00-0041027,False,Active,False,,2026-09-15T15:01:49+00:00,Sleeper,,KR|RB
Tyler Allgeier,ARI,HB,RB,81.0,82.18,78.70652173913044,0.054400000000000004,0.0,81.99,baseline,Madden 27 + nflverse performance,Active,,00-0037263,False,Active,False,,2026-09-15T15:01:49+00:00,Sleeper,,RB
Michael Wilson,ARI,WR,WR,81.0,81.91,80.4271523178808,0.037333333333333336,0.0,81.85,baseline,Madden 27 + nflverse performance,Active,,00-0038559,False,Active,False,,2026-09-15T15:01:49+00:00,Sleeper,,PR|WR
Isaac Seumalo,ARI,LG,OL,81.0,81.55,,0.0,0.0,81.55,baseline,Madden 27 baseline,Active,,00-0032954,False,Active,False,,2026-09-15T15:01:49+00:00,Sleeper,,LG
James Conner,ARI,HB,RB,80.0,81.11,,0.0,0.0,81.11,baseline,Madden 27 baseline,Inactive,IR,00-0033553,False,Out,True,,2026-09-15T15:01:49+00:00,Sleeper,,RB
Marvin Harrison Jr,ARI,WR,WR,80.0,81.02,70.75165562913907,0.016,0.0,80.86,baseline,Madden 27 + nflverse performance,Active,,00-0039849,False,Active,False,,2026-09-15T15:01:49+00:00,Sleeper,,WR
Mack Wilson Sr,ARI,LB,LB,80.0,80.15,,0.0,0.0,80.15,baseline,Madden 27 baseline,Active,,00-0035144,False,Active,False,,2026-09-15T15:01:49+00:00,Sleeper,,MLB
Garrett Williams,ARI,CB,DB,78.0,79.18,,0.0,0.0,79.18,baseline,Madden 27 baseline,Active,Out,00-0039007,False,Out,True,,2026-09-15T15:01:49+00:00,Sleeper,,RCB
Trey Benson,ARI,HB,RB,77.0,79.12,,0.0,0.0,79.12,baseline,Madden 27 baseline,Inactive,IR,00-0039921,False,Out,True,,2026-09-15T15:01:49+00:00,Sleeper,,RB
Kendrick Bourne,ARI,WR,WR,77.0,78.37,83.56622516556291,0.04266666666666667,0.0,78.59,baseline,Madden 27 + nflverse performance,Active,,00-0033307,False,Active,False,,2026-09-15T15:01:49+00:00,Sleeper,,WR
Walter Nolen III,ARI,DT,DL,78.0,78.16,,0.0,0.0,78.16,baseline,Madden 27 baseline,Active,,00-0040706,False,Active,False,,2026-09-15T15:01:49+00:00,Sleeper,,RDT
Sean Murphy-Bunting,ARI,CB,DB,77.0,78.13,,0.0,0.0,78.13,baseline,Madden 27 baseline,,,,False,,False,,,,,
Will Johnson,ARI,CB,DB,77.0,78.12,,0.0,0.0,78.12,baseline,Madden 27 baseline,Active,,00-0040751,False,Active,False,,2026-09-15T15:01:49+00:00,Sleeper,,LCB
Chad Ryland,ARI,K,ST,75.0,78.0,,0.0,0.0,78.0,baseline,Madden 27 baseline,Active,,00-0038567,False,Active,False,,2026-09-15T15:01:49+00:00,Sleeper,,PK
Blake Gillikin,ARI,P,ST,74.0,77.0,,0.0,0.0,77.0,baseline,Madden 27 baseline,Active,,00-0035859,False,Active,False,,2026-09-15T15:01:49+00:00,Sleeper,,H|P
Zaven Collins,ARI,EDGE,DL,76.0,76.53,,0.0,0.0,76.53,baseline,Madden 27 baseline,Active,,00-0036933,False,Active,False,,2026-09-15T15:01:49+00:00,Sleeper,,SLB
Andrew Wingard,ARI,FS,DB,76.0,76.05,,0.0,0.0,76.05,baseline,Madden 27 baseline,Active,,00-0035378,False,Active,False,,2026-09-15T15:01:49+00:00,Sleeper,,FS
Chase Bisontis,ARI,RG,OL,75.0,76.03,,0.0,0.0,76.03,baseline,Madden 27 baseline,Inactive,IR,00-0041468,False,Out,True,,2026-09-15T15:01:49+00:00,Sleeper,,RG
Devin Duvernay,ARI,WR,WR,74.0,75.63,56.473509933774835,0.0,0.0,75.63,baseline,Madden 27 baseline,Active,,00-0036331,False,Active,False,,2026-09-15T15:01:49+00:00,Sleeper,,KR|PR|WR
Max Melton,ARI,CB,DB,74.0,75.28,,0.0,0.0,75.28,baseline,Madden 27 baseline,Active,,00-0039807,False,Active,False,,2026-09-15T15:01:49+00:00,Sleeper,,KR|SCB
Kei'Trel Clark,ARI,CB,DB,74.0,74.94,,0.0,0.0,74.94,baseline,Madden 27 baseline,Active,,00-0038984,False,Active,False,,2026-09-15T15:01:49+00:00,Sleeper,,LCB
Jacoby Brissett,ARI,QB,QB,72.0,74.71,78.01351351351352,0.0592,0.0,74.91,baseline,Madden 27 + nflverse performance,Active,,00-0033119,False,Active,False,,2026-09-15T15:01:49+00:00,Sleeper,,QB
Baron Browning,ARI,EDGE,DL,73.0,74.0,,0.0,0.0,74.0,baseline,Madden 27 baseline,Active,,00-0036995,False,Active,False,,2026-09-15T15:01:49+00:00,Sleeper,,SLB
Starling Thomas V,ARI,CB,DB,73.0,73.95,,0.0,0.0,73.95,baseline,Madden 27 baseline,DEV,,00-0038663,False,,False,,,,,
Jordan Burch,ARI,EDGE,DL,73.0,73.6,,0.0,0.0,73.6,baseline,Madden 27 baseline,Active,,00-0040137,False,Active,False,,2026-09-15T15:01:49+00:00,Sleeper,,LDE
Isaiah Oliver,ARI,SS,DB,72.0,73.55,,0.0,0.0,73.55,baseline,Madden 27 baseline,,,,False,,False,,,,,
Matt Pryor,ARI,RG,OL,72.0,73.51,,0.0,0.0,73.51,baseline,Madden 27 baseline,Active,,00-0034417,False,Active,False,,2026-09-15T15:01:49+00:00,Sleeper,,
Andrew Billings,ARI,DT,DL,73.0,73.34,,0.0,0.0,73.34,baseline,Madden 27 baseline,Active,Out,00-0033066,False,Out,True,,2026-09-15T15:01:49+00:00,Sleeper,,LDT
Roy Lopez,ARI,DT,DL,72.0,73.1,,0.0,0.0,73.1,baseline,Madden 27 baseline,Active,,00-0036568,False,Active,False,,2026-09-15T15:01:49+00:00,Sleeper,,LDT
Jack Gibbens,ARI,LB,LB,72.0,73.09,,0.0,0.0,73.09,baseline,Madden 27 baseline,Active,,00-0037596,False,Active,False,,2026-09-15T15:01:49+00:00,Sleeper,,WLB
Bam Knight,ARI,HB,RB,70.0,73.0,,0.0,0.0,73.0,baseline,Madden 27 baseline,ACT,,00-0037157,False,,False,,,,,RB
Gardner Minshew,ARI,QB,QB,70.0,73.0,,0.0,0.0,73.0,baseline,Madden 27 baseline,Active,,00-0035289,False,Active,False,,2026-09-15T15:01:49+00:00,Sleeper,,QB
Dadrion Taylor-Demerson,ARI,FS,DB,72.0,72.99,,0.0,0.0,72.99,baseline,Madden 27 baseline,Active,Out,00-0039864,False,Out,True,,2026-09-15T15:01:49+00:00,Sleeper,,SS
Elijah Wilkinson,ARI,RT,OL,71.0,72.67,,0.0,0.0,72.67,baseline,Madden 27 baseline,Active,,00-0033676,False,Active,False,,2026-09-15T15:01:49+00:00,Sleeper,,RT
Denzel Burke,ARI,CB,DB,71.0,72.62,,0.0,0.0,72.62,baseline,Madden 27 baseline,Active,,00-0040195,False,Active,False,,2026-09-15T15:01:49+00:00,Sleeper,,RCB
Kaleb Proctor,ARI,DT,DL,71.0,72.5,,0.0,0.0,72.5,baseline,Madden 27 baseline,Inactive,IR,00-0041555,False,Out,True,,2026-09-15T15:01:49+00:00,Sleeper,,RDT
Reggie Virgil,ARI,WR,WR,70.0,72.44,,0.0,0.0,72.44,baseline,Madden 27 baseline,Active,Out,00-0041070,False,Out,True,,2026-09-15T15:01:49+00:00,Sleeper,,WR
Dante Stills,ARI,DT,DL,71.0,72.31,,0.0,0.0,72.31,baseline,Madden 27 baseline,Active,,00-0038623,False,Active,False,,2026-09-15T15:01:49+00:00,Sleeper,,RDE
BJ Ojulari,ARI,EDGE,DL,72.0,72.28,,0.0,0.0,72.28,baseline,Madden 27 baseline,CUT,,00-0039155,False,,False,,,,,
Elijah Jones,ARI,CB,DB,71.0,72.01,,0.0,0.0,72.01,baseline,Madden 27 baseline,,,,False,,False,,,,,
Isaiah Adams,ARI,RG,OL,70.0,71.67,,0.0,0.0,71.67,baseline,Madden 27 baseline,Active,Out,00-0039808,False,Out,True,,2026-09-15T15:01:49+00:00,Sleeper,,RG
Darius Robinson,ARI,DT,DL,70.0,71.31,,0.0,0.0,71.31,baseline,Madden 27 baseline,Active,,00-0039854,False,Active,False,,2026-09-15T15:01:49+00:00,Sleeper,,RDE
Carson Beck,ARI,QB,QB,68.0,71.0,,0.0,0.0,71.0,baseline,Madden 27 baseline,Active,Out,00-0041561,False,Out,True,,2026-09-15T15:01:49+00:00,Sleeper,,QB
Cody Simon,ARI,LB,LB,70.0,70.99,,0.0,0.0,70.99,baseline,Madden 27 baseline,Active,,00-0040645,False,Active,False,,2026-09-15T15:01:49+00:00,Sleeper,,MLB
Jalen Brooks,ARI,WR,WR,67.0,69.83,,0.0,0.0,69.83,baseline,Madden 27 baseline,Active,,00-0038640,False,Active,False,,2026-09-15T15:01:49+00:00,Sleeper,,WR
L.J. Collier,ARI,DT,DL,68.0,69.54,,0.0,0.0,69.54,baseline,Madden 27 baseline,Active,,00-0035636,False,Active,False,,2026-09-15T15:01:49+00:00,Sleeper,,RDT
Simi Fehoko,ARI,WR,WR,67.0,69.51,56.473509933774835,0.0,0.0,69.51,baseline,Madden 27 baseline,Active,,00-0036646,False,Active,False,,2026-09-15T15:01:49+00:00,Sleeper,,WR
Ihmir Smith-Marsette,ARI,WR,WR,67.0,69.42,,0.0,0.0,69.42,baseline,Madden 27 baseline,Active,,00-0036635,False,Active,False,,2026-09-15T15:01:49+00:00,Sleeper,,
Jonah Williams,ARI,DT,DL,68.0,69.37,,0.0,0.0,69.37,baseline,Madden 27 baseline,,,,False,,False,,,,,
Jon Gaines II,ARI,LG,OL,68.0,69.24,,0.0,0.0,69.24,baseline,Madden 27 baseline,Active,,00-0038571,False,Active,False,,2026-09-15T15:01:49+00:00,Sleeper,,C|RG
Christian Jones,ARI,LT,OL,67.0,68.98,,0.0,0.0,68.98,baseline,Madden 27 baseline,,,,False,,False,,,,,
Olisaemeka Udoh,ARI,RT,OL,67.0,68.71,,0.0,0.0,68.71,baseline,Madden 27 baseline,,,,False,,False,,,,,
Xavier Weaver,ARI,WR,WR,66.0,68.28,,0.0,0.0,68.28,baseline,Madden 27 baseline,CUT,,00-0039521,False,,False,,,,,
Demontrey Jacobs,ARI,RT,OL,66.0,67.99,,0.0,0.0,67.99,baseline,Madden 27 baseline,Active,,00-0038792,False,Active,False,,2026-09-15T15:01:49+00:00,Sleeper,,
Kalen King,ARI,CB,DB,67.93,67.93,,0.0,0.0,67.93,baseline,Replacement-level estimate baseline,Active,,00-0039239,False,Active,False,,2026-09-15T15:01:49+00:00,Sleeper,,SCB
Zach Carter,ARI,DT,DL,66.0,67.75,,0.0,0.0,67.75,baseline,Madden 27 baseline,Inactive,IR,00-0037804,False,Out,True,,2026-09-15T15:01:49+00:00,Sleeper,Zachary Carter,LDT
Elijah Higgins,ARI,TE,TE,68.0,67.69,,0.0,0.0,67.69,baseline,Madden 27 baseline,Active,,00-0039041,False,Active,False,,2026-09-15T15:01:49+00:00,Sleeper,,TE
Karson Sharar,ARI,LB,LB,66.0,67.6,,0.0,0.0,67.6,baseline,Madden 27 baseline,Active,,00-0041093,False,Active,False,,2026-09-15T15:01:49+00:00,Sleeper,,WLB
Kitan Crawford,ARI,SS,DB,66.0,67.45,,0.0,0.0,67.45,baseline,Madden 27 baseline,Active,Questionable,00-0040230,False,Questionable,False,,2026-09-15T15:01:49+00:00,Sleeper,,FS
Jayden Williams,ARI,RT,OL,65.0,67.17,,0.0,0.0,67.17,baseline,Madden 27 baseline,Active,,00-0041113,False,Active,False,,2026-09-15T15:01:49+00:00,Sleeper,,RT
Casey Kreiter,ARI,LS,ST,70.0,67.0,,0.0,0.0,67.0,baseline,Madden 27 baseline,Active,,00-0030957,False,Active,False,,2026-09-15T15:01:49+00:00,Sleeper,,LS
PJ Mustipher,ARI,DT,DL,65.0,66.31,,0.0,0.0,66.31,baseline,Madden 27 baseline,,,,False,,False,,,,,
Hunter Long,ARI,TE,TE,65.0,66.2,56.0125,0.0,0.0,66.2,baseline,Madden 27 baseline,Active,,00-0037004,True,Active,False,,2026-09-15T15:01:49+00:00,Sleeper,,TE
Tip Reiman,ARI,TE,TE,65.0,66.03,,0.0,0.0,66.03,baseline,Madden 27 baseline,Active,PUP,00-0039737,False,Out,True,,2026-09-15T15:01:49+00:00,Sleeper,,TE
Hayden Conner,ARI,C,OL,63.0,65.35,,0.0,0.0,65.35,baseline,Madden 27 baseline,Active,,00-0040219,False,Active,False,,2026-09-15T15:01:49+00:00,Sleeper,,LG
Josh Fryar,ARI,LT,OL,63.0,65.01,,0.0,0.0,65.01,baseline,Madden 27 baseline,Active,,00-0040382,False,Active,False,,2026-09-15T15:01:49+00:00,Sleeper,,LT
Joey Blount,ARI,FS,DB,63.0,65.0,,0.0,0.0,65.0,baseline,Madden 27 baseline,Inactive,IR,00-0037141,False,Out,True,,2026-09-15T15:01:49+00:00,Sleeper,,FS
Austin Keys,ARI,LB,LB,63.0,64.89,,0.0,0.0,64.89,baseline,Madden 27 baseline,,,,False,,False,,,,,
Teagan Quitoriano,ARI,TE,TE,63.0,64.74,,0.0,0.0,64.74,baseline,Madden 27 baseline,Active,,00-0037277,False,Active,False,,2026-09-15T15:01:49+00:00,Sleeper,,
Eku Leota,ARI,EDGE,DL,62.0,63.91,,0.0,0.0,63.91,baseline,Madden 27 baseline,Active,,00-0038782,False,Active,False,,2026-09-15T15:01:49+00:00,Sleeper,,LDE
Bijan Robinson,ATL,HB,RB,95.0,93.73,86.8804347826087,0.06720000000000001,0.0,93.27,baseline,Madden 27 + nflverse performance,Active,,00-0038542,False,Active,False,,2026-09-15T15:01:49+00:00,Sleeper,,RB
Chris Lindstrom,ATL,RG,OL,93.0,92.07,,0.0,0.0,92.07,baseline,Madden 27 baseline,Active,Questionable,00-0035630,False,Questionable,False,,2026-09-15T15:01:49+00:00,Sleeper,,RG
Jessie Bates III,ATL,FS,DB,94.0,92.03,,0.0,0.0,92.03,baseline,Madden 27 baseline,Active,,00-0034675,False,Active,False,,2026-09-15T15:01:49+00:00,Sleeper,,SS
Drake London,ATL,WR,WR,92.0,91.24,74.2251655629139,0.021333333333333336,0.0,90.88,baseline,Madden 27 + nflverse performance,Active,,00-0037238,False,Active,False,,2026-09-15T15:01:49+00:00,Sleeper,,WR
A.J. Terrell Jr,ATL,CB,DB,88.0,88.4,,0.0,0.0,88.4,baseline,Madden 27 baseline,Active,,00-0036285,False,Active,False,,2026-09-15T15:01:49+00:00,Sleeper,,LCB
Jake Matthews,ATL,LT,OL,89.0,88.26,,0.0,0.0,88.26,baseline,Madden 27 baseline,Active,,00-0031279,False,Active,False,,2026-09-15T15:01:49+00:00,Sleeper,,LT
Nick Folk,ATL,K,ST,85.0,88.0,,0.0,0.0,88.0,baseline,Madden 27 baseline,Active,,00-0025565,False,Active,False,,2026-09-15T15:01:49+00:00,Sleeper,,PK
Ryan Neuzil,ATL,C,OL,82.0,82.97,,0.0,0.0,82.97,baseline,Madden 27 baseline,Active,,00-0036833,False,Active,False,,2026-09-15T15:01:49+00:00,Sleeper,,C
Divine Deablo,ATL,LB,LB,81.0,81.04,,0.0,0.0,81.04,baseline,Madden 27 baseline,Active,,00-0036990,False,Active,False,,2026-09-15T15:01:49+00:00,Sleeper,,RILB
Jake Bailey,ATL,P,ST,78.0,81.0,,0.0,0.0,81.0,baseline,Madden 27 baseline,Active,,00-0035280,False,Active,False,,2026-09-15T15:01:49+00:00,Sleeper,,H|P
Gervon Dexter Sr,ATL,DT,DL,79.0,79.34,,0.0,0.0,79.34,baseline,Madden 27 baseline,Active,,00-0039070,True,Active,False,,2026-09-15T15:01:49+00:00,Sleeper,,NT
Brian Robinson Jr,ATL,HB,RB,78.0,79.48,67.67391304347827,0.0288,0.0,79.14,baseline,Madden 27 + nflverse performance,Active,,00-0037746,False,Active,False,,2026-09-15T15:01:49+00:00,Sleeper,,KR|RB
Kyle Pitts Sr,ATL,TE,TE,81.0,79.09,57.868750000000006,0.006666666666666667,0.0,78.95,baseline,Madden 27 + nflverse performance,Active,,00-0036970,False,Active,False,,2026-09-15T15:01:49+00:00,Sleeper,,TE
Xavier Watts,ATL,SS,DB,79.0,78.86,,0.0,0.0,78.86,baseline,Madden 27 baseline,Active,,00-0040148,False,Active,False,,2026-09-15T15:01:49+00:00,Sleeper,,FS
Jalon Walker,ATL,EDGE,DL,79.0,78.83,,0.0,0.0,78.83,baseline,Madden 27 baseline,Inactive,IR,00-0040577,False,Out,True,,2026-09-15T15:01:49+00:00,Sleeper,,WLB
James Pearce Jr,ATL,EDGE,DL,79.0,78.16,,0.0,0.0,78.16,baseline,Madden 27 baseline,Active,Sus,00-0040578,False,Out,True,,2026-09-15T15:01:49+00:00,Sleeper,,SLB
Matthew Bergeron,ATL,LG,OL,76.0,77.11,,0.0,0.0,77.11,baseline,Madden 27 baseline,Active,,00-0039048,False,Active,False,,2026-09-15T15:01:49+00:00,Sleeper,,LG
Tua Tagovailoa,ATL,QB,QB,74.0,76.77,,0.0,0.0,76.77,baseline,Madden 27 baseline,Active,Out,00-0036212,False,Out,True,,2026-09-15T15:01:49+00:00,Sleeper,,QB
Mike Hughes,ATL,CB,DB,75.0,76.58,,0.0,0.0,76.58,baseline,Madden 27 baseline,Active,,00-0034843,False,Active,False,,2026-09-15T15:01:49+00:00,Sleeper,,RCB
Samson Ebukam,ATL,EDGE,DL,76.0,76.52,,0.0,0.0,76.52,baseline,Madden 27 baseline,Active,,00-0033945,False,Active,False,,2026-09-15T15:01:49+00:00,Sleeper,,SLB
Jawaan Taylor,ATL,RT,OL,75.0,75.97,,0.0,0.0,75.97,baseline,Madden 27 baseline,Active,,00-0035237,False,Active,False,,2026-09-15T15:01:49+00:00,Sleeper,,RT
Avieon Terrell,ATL,CB,DB,75.0,75.78,,0.0,0.0,75.78,baseline,Madden 27 baseline,Active,,00-0041469,False,Active,False,,2026-09-15T15:01:49+00:00,Sleeper,,SCB
Michael Penix Jr,ATL,QB,QB,73.0,75.36,,0.0,0.0,75.36,baseline,Madden 27 baseline,Active,Out,00-0039917,False,Out,True,,2026-09-15T15:01:49+00:00,Sleeper,,QB
Olamide Zaccheaus,ATL,WR,WR,73.0,74.97,63.29139072847683,0.005333333333333334,0.0,74.91,baseline,Madden 27 + nflverse performance,Active,,00-0035208,False,Active,False,,2026-09-15T15:01:49+00:00,Sleeper,,KR|PR|WR
Jahan Dotson,ATL,WR,WR,73.0,74.9,67.9205298013245,0.016,0.0,74.79,baseline,Madden 27 + nflverse performance,Active,,00-0037741,False,Active,False,,2026-09-15T15:01:49+00:00,Sleeper,,PR|WR
Da'Shawn Hand,ATL,DT,DL,74.0,74.55,,0.0,0.0,74.55,baseline,Madden 27 baseline,Active,Out,00-0034371,False,Out,True,,2026-09-15T15:01:49+00:00,Sleeper,,LDE
Zachariah Branch,ATL,WR,WR,73.0,74.51,56.473509933774835,0.0,0.0,74.51,baseline,Madden 27 baseline,Active,,00-0041044,False,Active,False,,2026-09-15T15:01:49+00:00,Sleeper,,KR|PR|WR
Brandon Dorlus,ATL,DT,DL,73.0,74.25,,0.0,0.0,74.25,baseline,Madden 27 baseline,Active,,00-0039859,False,Active,False,,2026-09-15T15:01:49+00:00,Sleeper,,RDE
Billy Bowman Jr,ATL,CB,DB,73.0,74.03,,0.0,0.0,74.03,baseline,Madden 27 baseline,Active,Out,00-0040156,False,Out,True,,2026-09-15T15:01:49+00:00,Sleeper,,SCB
Zach Harrison,ATL,DT,DL,73.0,74.0,,0.0,0.0,74.0,baseline,Madden 27 baseline,Active,,00-0038980,False,Active,False,,2026-09-15T15:01:49+00:00,Sleeper,,
Austin Hooper,ATL,TE,TE,74.0,73.66,,0.0,0.0,73.66,baseline,Madden 27 baseline,Active,,00-0032392,False,Active,False,,2026-09-15T15:01:49+00:00,Sleeper,,TE
Azeez Ojulari,ATL,EDGE,DL,73.0,73.65,,0.0,0.0,73.65,baseline,Madden 27 baseline,,,,False,,False,,,,,
Mike Ford Jr,ATL,CB,DB,72.0,73.32,,0.0,0.0,73.32,baseline,Madden 27 baseline,Active,,00-0034639,False,Active,False,,2026-09-15T15:01:49+00:00,Sleeper,,RCB
Matthew Hayball,ATL,P,ST,70.0,73.0,,0.0,0.0,73.0,baseline,Madden 27 baseline,,,,False,,False,,,,,
Christian Harris,ATL,LB,LB,72.0,72.99,,0.0,0.0,72.99,baseline,Madden 27 baseline,Active,Out,00-0037823,False,Out,True,,2026-09-15T15:01:49+00:00,Sleeper,,RILB
Sydney Brown,ATL,SS,DB,72.0,72.9,,0.0,0.0,72.9,baseline,Madden 27 baseline,Active,,00-0039002,False,Active,False,,2026-09-15T15:01:49+00:00,Sleeper,,FS|SCB
Darnay Holmes,ATL,CB,DB,71.0,72.83,,0.0,0.0,72.83,baseline,Madden 27 baseline,Active,,00-0036394,False,Active,False,,2026-09-15T15:01:49+00:00,Sleeper,,
Layden Robinson,ATL,LG,OL,72.0,72.81,,0.0,0.0,72.81,baseline,Madden 27 baseline,,,,False,,False,,,,,
Bralen Trice,ATL,EDGE,DL,71.0,72.27,,0.0,0.0,72.27,baseline,Madden 27 baseline,Active,,00-0039837,False,Active,False,,2026-09-15T15:01:49+00:00,Sleeper,,SLB
C.J. Henderson,ATL,CB,DB,70.0,71.58,,0.0,0.0,71.58,baseline,Madden 27 baseline,Active,,00-0036281,False,Active,False,,2026-09-15T15:01:49+00:00,Sleeper,,LCB
Cameron Thomas,ATL,EDGE,DL,70.0,71.38,,0.0,0.0,71.38,baseline,Madden 27 baseline,Active,,00-0037815,False,Active,False,,2026-09-15T15:01:49+00:00,Sleeper,,WLB
Troy Andersen,ATL,LB,LB,70.0,71.11,,0.0,0.0,71.11,baseline,Madden 27 baseline,,,,False,,False,,,,,
Tyler Goodson,ATL,HB,RB,68.0,71.0,,0.0,0.0,71.0,baseline,Madden 27 baseline,DEV,,00-0037120,False,,False,,,,,
Trey Sermon,ATL,HB,RB,71.0,71.0,,0.0,0.0,71.0,baseline,Replacement-level estimate baseline,Inactive,IR,00-0036984,False,Out,True,,2026-09-15T15:01:49+00:00,Sleeper,,RB
Maason Smith,ATL,DT,DL,69.0,70.9,,0.0,0.0,70.9,baseline,Madden 27 baseline,Active,,00-0039889,False,Active,False,,2026-09-15T15:01:49+00:00,Sleeper,,NT
Wanya Morris,ATL,LT,OL,69.0,70.76,,0.0,0.0,70.76,baseline,Madden 27 baseline,,,,False,,False,,,,,
Chris Blair,ATL,WR,WR,70.67,70.67,56.473509933774835,0.0,0.0,70.67,baseline,Replacement-level estimate baseline,Active,,00-0036463,False,Active,False,,2026-09-15T15:01:49+00:00,Sleeper,,WR
Kendal Daniels,ATL,LB,LB,69.0,70.42,,0.0,0.0,70.42,baseline,Madden 27 baseline,Active,,00-0041066,False,Active,False,,2026-09-15T15:01:49+00:00,Sleeper,,LILB
JD Bertrand,ATL,LB,LB,69.0,70.31,,0.0,0.0,70.31,baseline,Madden 27 baseline,Inactive,IR,00-0039370,False,Out,True,,2026-09-15T15:01:49+00:00,Sleeper,,RILB
Nate Carter,ATL,HB,RB,67.0,70.0,,0.0,0.0,70.0,baseline,Madden 27 baseline,,,,False,,False,,,,,
DeMarcco Hellams,ATL,FS,DB,69.0,69.86,,0.0,0.0,69.86,baseline,Madden 27 baseline,Active,,00-0038628,False,Active,False,,2026-09-15T15:01:49+00:00,Sleeper,,SS
LaCale London,ATL,DT,DL,68.0,69.56,,0.0,0.0,69.56,baseline,Madden 27 baseline,Active,,00-0036204,False,Active,False,,2026-09-15T15:01:49+00:00,Sleeper,,LDE
Jammie Robinson,ATL,SS,DB,68.0,68.96,,0.0,0.0,68.96,baseline,Madden 27 baseline,Active,,00-0038587,False,Active,False,,2026-09-15T15:01:49+00:00,Sleeper,,
Dylan Drummond,ATL,WR,WR,66.0,68.96,,0.0,0.0,68.96,baseline,Madden 27 baseline,Active,,00-0038953,False,Active,False,,2026-09-15T15:01:49+00:00,Sleeper,,
Anterio Thompson,ATL,DT,DL,67.0,68.5,,0.0,0.0,68.5,baseline,Madden 27 baseline,Active,PUP,00-0041484,False,Out,True,,2026-09-15T15:01:49+00:00,Sleeper,,NT
Ethan Onianwa,ATL,RG,OL,67.0,68.42,,0.0,0.0,68.42,baseline,Madden 27 baseline,Active,Out,00-0041121,False,Out,True,,2026-09-15T15:01:49+00:00,Sleeper,,RT
Darren Hall,ATL,FS,DB,66.0,67.93,,0.0,0.0,67.93,baseline,Madden 27 baseline,RES,,00-0036956,False,,False,,,,,
Cameron Williams,ATL,RT,OL,66.0,67.81,,0.0,0.0,67.81,baseline,Madden 27 baseline,Inactive,IR,00-0040687,True,Out,True,,2026-09-15T15:01:49+00:00,Sleeper,,LT
Cooper Rush,ATL,QB,QB,65.0,68.0,57.41891891891892,0.0352,0.0,67.63,baseline,Madden 27 + nflverse performance,Active,,00-0033662,False,Active,False,,2026-09-15T15:01:49+00:00,Sleeper,,QB
Channing Tindall,ATL,LB,LB,66.0,67.39,,0.0,0.0,67.39,baseline,Madden 27 baseline,,,,False,,False,,,,,
Cobee Bryant,ATL,CB,DB,65.0,67.18,,0.0,0.0,67.18,baseline,Madden 27 baseline,CUT,,00-0040546,False,,False,,,,,
Michael Jerrell,ATL,RT,OL,65.0,66.44,,0.0,0.0,66.44,baseline,Madden 27 baseline,Active,,00-0039842,False,Active,False,,2026-09-15T15:01:49+00:00,Sleeper,,LT|RT
Charlie Woerner,ATL,TE,TE,65.0,66.37,,0.0,0.0,66.37,baseline,Madden 27 baseline,Active,,00-0036429,False,Active,False,,2026-09-15T15:01:49+00:00,Sleeper,,TE
Corey Levin,ATL,C,OL,64.0,66.36,,0.0,0.0,66.36,baseline,Madden 27 baseline,Active,,00-0033793,False,Active,False,,2026-09-15T15:01:49+00:00,Sleeper,,C
James Brockermeyer,ATL,C,OL,64.0,66.33,,0.0,0.0,66.33,baseline,Madden 27 baseline,Active,,00-0041186,False,Active,False,,2026-09-15T15:01:49+00:00,Sleeper,,
Jack Strand,ATL,QB,QB,66.0,66.0,,0.0,0.0,66.0,baseline,Replacement-level estimate baseline,Active,,00-0041194,False,Active,False,,2026-09-15T15:01:49+00:00,Sleeper,,QB
Harold Perkins Jr.,ATL,LB,LB,64.0,65.9,,0.0,0.0,65.9,baseline,Madden 27 baseline,Active,,00-0041112,False,Active,False,,2026-09-15T15:01:49+00:00,Sleeper,,LILB
Za'Darius Smith,ATL,OLB,LB,65.85,65.85,,0.0,0.0,65.85,baseline,Replacement-level estimate baseline,Active,,00-0031576,False,Active,False,,2026-09-15T15:01:49+00:00,Sleeper,,WLB
Chris Williams,ATL,DT,DL,64.0,65.82,,0.0,0.0,65.82,baseline,Madden 27 baseline,,,,False,,False,,,,,
Andrew Stueber,ATL,RG,OL,64.0,65.62,,0.0,0.0,65.62,baseline,Madden 27 baseline,CUT,,00-0037620,False,,False,,,,,
Brandon Walton,ATL,LT,OL,63.0,65.41,,0.0,0.0,65.41,baseline,Madden 27 baseline,,,,False,,False,,,,,
Yasir Abdullah,ATL,LB,LB,64.0,65.38,,0.0,0.0,65.38,baseline,Madden 27 baseline,Active,,00-0038580,True,Active,False,,2026-09-15T15:01:49+00:00,Sleeper,,WLB
Jack Nelson,ATL,RT,OL,63.0,65.34,,0.0,0.0,65.34,baseline,Madden 27 baseline,,,,False,,False,,,,,
Natrone Brooks,ATL,CB,DB,63.0,65.28,,0.0,0.0,65.28,baseline,Madden 27 baseline,,,,False,,False,,,,,
Storm Norton,ATL,LT,OL,63.0,65.23,,0.0,0.0,65.23,baseline,Madden 27 baseline,Active,PUP,00-0033752,False,Out,True,,2026-09-15T15:01:49+00:00,Sleeper,,RT
Josh Woods,ATL,LB,LB,62.0,64.54,,0.0,0.0,64.54,baseline,Madden 27 baseline,Active,,00-0034801,False,Active,False,,2026-09-15T15:01:49+00:00,Sleeper,,LILB
Kyle Hinton,ATL,LG,OL,63.0,64.49,,0.0,0.0,64.49,baseline,Madden 27 baseline,Active,,00-0036354,False,Active,False,,2026-09-15T15:01:49+00:00,Sleeper,,LG
DeAngelo Malone,ATL,LB,LB,62.0,63.6,,0.0,0.0,63.6,baseline,Madden 27 baseline,Active,PUP,00-0037808,False,Out,True,,2026-09-15T15:01:49+00:00,Sleeper,,SLB
Jared Ivey,ATL,EDGE,DL,59.0,62.0,,0.0,0.0,62.0,baseline,Madden 27 baseline,Active,,00-0040056,True,Active,False,,2026-09-15T15:01:49+00:00,Sleeper,,SLB
Liam McCullough,ATL,LS,ST,64.0,61.0,,0.0,0.0,61.0,baseline,Madden 27 baseline,Active,,00-0036082,False,Active,False,,2026-09-15T15:01:49+00:00,Sleeper,,LS
Lamar Jackson,BAL,QB,QB,94.0,93.6,78.67567567567568,0.04000000000000001,0.0,93.0,baseline,Madden 27 + nflverse performance,Active,,00-0034796,False,Active,False,,2026-09-15T15:01:49+00:00,Sleeper,,QB
Roquan Smith,BAL,LB,LB,93.0,91.28,,0.0,0.0,91.28,baseline,Madden 27 baseline,Active,,00-0034874,False,Active,False,,2026-09-15T15:01:49+00:00,Sleeper,,LILB
Derrick Henry,BAL,HB,RB,93.0,91.53,88.0,0.07680000000000001,0.0,91.26,baseline,Madden 27 + nflverse performance,Active,,00-0032764,False,Active,False,,2026-09-15T15:01:49+00:00,Sleeper,,RB
Kyle Hamilton,BAL,SS,DB,92.0,90.65,,0.0,0.0,90.65,baseline,Madden 27 baseline,Active,,00-0038038,False,Active,False,,2026-09-15T15:01:49+00:00,Sleeper,,SCB
Nnamdi Madubuike,BAL,DT,DL,90.0,89.09,,0.0,0.0,89.09,baseline,Madden 27 baseline,Active,Out,00-0036130,False,Out,True,,2026-09-15T15:01:49+00:00,Sleeper,,LDE
Trey Hendrickson,BAL,EDGE,DL,90.0,89.08,,0.0,0.0,89.08,baseline,Madden 27 baseline,Active,,00-0033935,False,Active,False,,2026-09-15T15:01:49+00:00,Sleeper,,SLB
Zay Flowers,BAL,WR,WR,88.0,87.57,88.52980132450331,0.032,0.0,87.6,baseline,Madden 27 + nflverse performance,Active,Out,00-0039064,False,Out,True,,2026-09-15T15:01:49+00:00,Sleeper,,WR
Mark Andrews,BAL,TE,TE,90.0,87.3,81.8625,0.04000000000000001,0.0,87.08,baseline,Madden 27 + nflverse performance,Active,,00-0034753,False,Active,False,,2026-09-15T15:01:49+00:00,Sleeper,,TE
Ronnie Stanley,BAL,LT,OL,86.0,86.74,,0.0,0.0,86.74,baseline,Madden 27 baseline,Active,,00-0032965,False,Active,False,,2026-09-15T15:01:49+00:00,Sleeper,,LT
Marlon Humphrey,BAL,CB,DB,85.0,85.53,,0.0,0.0,85.53,baseline,Madden 27 baseline,Active,,00-0033281,False,Active,False,,2026-09-15T15:01:49+00:00,Sleeper,,RCB
Chidobe Awuzie,BAL,CB,DB,83.0,83.4,,0.0,0.0,83.4,baseline,Madden 27 baseline,Active,,00-0033548,False,Active,False,,2026-09-15T15:01:49+00:00,Sleeper,,LCB
Calais Campbell,BAL,DT,DL,82.0,82.03,,0.0,0.0,82.03,baseline,Madden 27 baseline,Active,,00-0026190,False,Active,False,,2026-09-15T15:01:49+00:00,Sleeper,,RDE
Tyler Loop,BAL,K,ST,78.0,81.0,,0.0,0.0,81.0,baseline,Madden 27 baseline,Active,,00-0040074,False,Active,False,,2026-09-15T15:01:49+00:00,Sleeper,,PK
Nate Wiggins,BAL,CB,DB,81.0,80.9,,0.0,0.0,80.9,baseline,Madden 27 baseline,Active,,00-0039232,False,Active,False,,2026-09-15T15:01:49+00:00,Sleeper,,LCB
John Simpson,BAL,RG,OL,80.0,80.5,,0.0,0.0,80.5,baseline,Madden 27 baseline,Active,,00-0036369,False,Active,False,,2026-09-15T15:01:49+00:00,Sleeper,,LG
Roger Rosengarten,BAL,RT,OL,78.0,79.0,,0.0,0.0,79.0,baseline,Madden 27 baseline,Active,,00-0039233,False,Active,False,,2026-09-15T15:01:49+00:00,Sleeper,,RT
Justice Hill,BAL,HB,RB,77.0,79.0,69.08152173913042,0.019200000000000002,0.0,78.81,baseline,Madden 27 + nflverse performance,Active,,00-0034975,False,Active,False,,2026-09-15T15:01:49+00:00,Sleeper,,KR|RB
Travis Jones,BAL,DT,DL,79.0,78.74,,0.0,0.0,78.74,baseline,Madden 27 baseline,Active,,00-0037756,False,Active,False,,2026-09-15T15:01:49+00:00,Sleeper,,NT
Olaivavega Ioane,BAL,LG,OL,78.0,78.61,,0.0,0.0,78.61,baseline,Madden 27 baseline,ACT,,00-0040866,False,,False,,,,,RG
Rashod Bateman,BAL,WR,WR,77.0,78.66,58.082781456953654,0.005333333333333334,0.0,78.55,baseline,Madden 27 + nflverse performance,Active,,00-0036550,False,Active,False,,2026-09-15T15:01:49+00:00,Sleeper,,WR
Malaki Starks,BAL,FS,DB,78.0,78.21,,0.0,0.0,78.21,baseline,Madden 27 baseline,Active,,00-0040688,False,Active,False,,2026-09-15T15:01:49+00:00,Sleeper,,FS
Jaylinn Hawkins,BAL,FS,DB,78.0,78.01,,0.0,0.0,78.01,baseline,Madden 27 baseline,Active,,00-0036302,False,Active,False,,2026-09-15T15:01:49+00:00,Sleeper,,SS
Trenton Simpson,BAL,LB,LB,78.0,77.9,,0.0,0.0,77.9,baseline,Madden 27 baseline,Active,,00-0038504,False,Active,False,,2026-09-15T15:01:49+00:00,Sleeper,,RILB
Zion Young,BAL,EDGE,DL,76.0,76.79,,0.0,0.0,76.79,baseline,Madden 27 baseline,Active,,00-0041494,False,Active,False,,2026-09-15T15:01:49+00:00,Sleeper,,WLB
Ryan Eckley,BAL,P,ST,73.0,76.0,,0.0,0.0,76.0,baseline,Madden 27 baseline,Active,,00-0040898,False,Active,False,,2026-09-15T15:01:49+00:00,Sleeper,,H|P
Teddye Buchanan,BAL,LB,LB,75.0,75.26,,0.0,0.0,75.26,baseline,Madden 27 baseline,Active,Out,00-0040069,False,Out,True,,2026-09-15T15:01:49+00:00,Sleeper,,RILB
John Jenkins,BAL,DT,DL,75.0,74.9,,0.0,0.0,74.9,baseline,Madden 27 baseline,Active,,00-0030070,False,Active,False,,2026-09-15T15:01:49+00:00,Sleeper,,NT
Mike Green,BAL,EDGE,DL,75.0,74.8,,0.0,0.0,74.8,baseline,Madden 27 baseline,Active,,00-0040722,False,Active,False,,2026-09-15T15:01:49+00:00,Sleeper,,SLB
Tavius Robinson,BAL,EDGE,DL,74.0,74.33,,0.0,0.0,74.33,baseline,Madden 27 baseline,Active,,00-0038505,False,Active,False,,2026-09-15T15:01:49+00:00,Sleeper,,WLB
Chris Moore,BAL,WR,WR,72.0,74.09,72.81456953642385,0.010666666666666668,0.0,74.08,baseline,Madden 27 + nflverse performance,Active,,00-0032398,False,Active,False,,2026-09-15T15:01:49+00:00,Sleeper,,
Ethan Pocic,BAL,C,OL,72.0,73.72,,0.0,0.0,73.72,baseline,Madden 27 baseline,Active,,00-0033901,False,Active,False,,2026-09-15T15:01:49+00:00,Sleeper,,C
Devontez Walker,BAL,WR,WR,71.0,73.55,,0.0,0.0,73.55,baseline,Madden 27 baseline,Active,Out,00-0039792,False,Out,True,,2026-09-15T15:01:49+00:00,Sleeper,,WR
Elijah Sarratt,BAL,WR,WR,71.0,73.49,,0.0,0.0,73.49,baseline,Madden 27 baseline,Active,Out,00-0040876,False,Out,True,,2026-09-15T15:01:49+00:00,Sleeper,,PR|WR
Adisa Isaac,BAL,EDGE,DL,72.0,72.79,,0.0,0.0,72.79,baseline,Madden 27 baseline,Active,,00-0039791,False,Active,False,,2026-09-15T15:01:49+00:00,Sleeper,,
Ja'Kobi Lane,BAL,WR,WR,71.0,72.88,66.59933774834437,0.016,0.0,72.78,baseline,Madden 27 + nflverse performance,Active,Out,00-0040870,False,Out,True,,2026-09-15T15:01:49+00:00,Sleeper,,WR
Andrew Vorhees,BAL,LG,OL,71.0,72.43,,0.0,0.0,72.43,baseline,Madden 27 baseline,Active,,00-0038383,False,Active,False,,2026-09-15T15:01:49+00:00,Sleeper,,LG
Lajohntay Wester,BAL,WR,WR,70.0,72.46,67.52649006622516,0.010666666666666668,0.0,72.41,baseline,Madden 27 + nflverse performance,Active,,00-0040075,False,Active,False,,2026-09-15T15:01:49+00:00,Sleeper,,KR|PR|WR
Chandler Rivers,BAL,CB,DB,71.0,72.11,,0.0,0.0,72.11,baseline,Madden 27 baseline,Active,Out,00-0040885,False,Out,True,,2026-09-15T15:01:49+00:00,Sleeper,,SCB
K'Von Wallace,BAL,FS,DB,71.0,72.07,,0.0,0.0,72.07,baseline,Madden 27 baseline,Active,,00-0036395,False,Active,False,,2026-09-15T15:01:49+00:00,Sleeper,,
Broderick Washington,BAL,DT,DL,71.0,72.06,,0.0,0.0,72.06,baseline,Madden 27 baseline,Active,,00-0036081,False,Active,False,,2026-09-15T15:01:49+00:00,Sleeper,,RDE
Rasheen Ali,BAL,HB,RB,69.0,72.0,57.12500000000001,0.0,0.0,72.0,baseline,Madden 27 baseline,Active,,00-0039796,False,Active,False,,2026-09-15T15:01:49+00:00,Sleeper,,KR|RB
T.J. Tampa,BAL,CB,DB,70.0,71.77,,0.0,0.0,71.77,baseline,Madden 27 baseline,Active,Questionable,00-0039234,False,Questionable,False,,2026-09-15T15:01:49+00:00,Sleeper,,RCB
Emery Jones Jr,BAL,RT,OL,70.0,71.48,,0.0,0.0,71.48,baseline,Madden 27 baseline,Active,Out,00-0040068,False,Out,True,,2026-09-15T15:01:49+00:00,Sleeper,,RG
Tyler Huntley,BAL,QB,QB,68.0,71.0,,0.0,0.0,71.0,baseline,Madden 27 baseline,Active,,00-0035993,False,Active,False,,2026-09-15T15:01:49+00:00,Sleeper,,QB
Durham Smythe,BAL,TE,TE,70.0,70.59,62.00625,0.006666666666666667,0.0,70.53,baseline,Madden 27 + nflverse performance,Active,,00-0034798,False,Active,False,,2026-09-15T15:01:49+00:00,Sleeper,,TE
Robert Longerbeam,BAL,CB,DB,69.0,70.43,,0.0,0.0,70.43,baseline,Madden 27 baseline,,,,False,,False,,,,,
Bilhal Kone,BAL,CB,DB,69.0,70.41,,0.0,0.0,70.41,baseline,Madden 27 baseline,Inactive,IR,00-0040073,False,Out,True,,2026-09-15T15:01:49+00:00,Sleeper,,LCB
Cornelius Johnson,BAL,WR,WR,67.0,69.95,,0.0,0.0,69.95,baseline,Madden 27 baseline,CUT,,00-0039437,False,,False,,,,,
Amani Oruwariye,BAL,CB,DB,67.0,69.52,,0.0,0.0,69.52,baseline,Madden 27 baseline,DEV,,00-0035270,False,,False,,,,,
Aeneas Peebles,BAL,DT,DL,67.0,69.32,,0.0,0.0,69.32,baseline,Madden 27 baseline,Active,,00-0040076,False,Active,False,,2026-09-15T15:01:49+00:00,Sleeper,,LDE
Carson Vinson,BAL,RT,OL,67.0,69.0,,0.0,0.0,69.0,baseline,Madden 27 baseline,Active,,00-0040070,False,Active,False,,2026-09-15T15:01:49+00:00,Sleeper,,LT
Rayshaun Benny,BAL,DT,DL,67.0,68.92,,0.0,0.0,68.92,baseline,Madden 27 baseline,Active,,00-0040907,False,Active,False,,2026-09-15T15:01:49+00:00,Sleeper,,
Evan Beerntsen,BAL,RG,OL,67.0,68.67,,0.0,0.0,68.67,baseline,Madden 27 baseline,CUT,,00-0040909,False,,False,,,,,
Cortez Braham Jr.,BAL,WR,WR,65.0,68.0,,0.0,0.0,68.0,baseline,Madden 27 baseline,CUT,,00-0040977,False,,False,,,,,
Adam Randall,BAL,HB,RB,65.0,68.0,,0.0,0.0,68.0,baseline,Madden 27 baseline,Inactive,IR,00-0040888,False,Out,True,,2026-09-15T15:01:49+00:00,Sleeper,,KR|RB
Danny Pinter,BAL,C,OL,66.0,67.45,,0.0,0.0,67.45,baseline,Madden 27 baseline,Inactive,IR,00-0036215,False,Out,True,,2026-09-15T15:01:49+00:00,Sleeper,,C
Aaron Graves,BAL,DT,DL,65.0,67.09,,0.0,0.0,67.09,baseline,Madden 27 baseline,CUT,,00-0040982,False,,False,,,,,
Nick Moore,BAL,LS,ST,70.0,67.0,,0.0,0.0,67.0,baseline,Madden 27 baseline,Active,,00-0035408,False,Active,False,,2026-09-15T15:01:49+00:00,Sleeper,,LS
Skylar Thompson,BAL,QB,QB,64.0,67.0,,0.0,0.0,67.0,baseline,Madden 27 baseline,Inactive,IR,00-0037327,False,Out,True,,2026-09-15T15:01:49+00:00,Sleeper,,QB
Keyon Martin,BAL,CB,DB,65.0,66.5,,0.0,0.0,66.5,baseline,Madden 27 baseline,Active,,00-0040636,False,Active,False,,2026-09-15T15:01:49+00:00,Sleeper,,SCB
Kaimon Rucker,BAL,EDGE,DL,64.0,66.2,,0.0,0.0,66.2,baseline,Madden 27 baseline,Active,,00-0040658,False,Active,False,,2026-09-15T15:01:49+00:00,Sleeper,,
Jovaughn Gwyn,BAL,C,OL,64.0,66.1,,0.0,0.0,66.1,baseline,Madden 27 baseline,Active,,00-0038629,False,Active,False,,2026-09-15T15:01:49+00:00,Sleeper,,C
Marquise Robinson,BAL,CB,DB,64.0,66.04,,0.0,0.0,66.04,baseline,Madden 27 baseline,CUT,,00-0040112,False,,False,,,,,
Matthew Hibner,BAL,TE,TE,64.0,65.4,65.83125,0.006666666666666667,0.0,65.4,baseline,Madden 27 + nflverse performance,ACT,,00-0040879,False,,False,,,,,TE
Josh Cuevas,BAL,TE,TE,64.0,65.16,,0.0,0.0,65.16,baseline,Madden 27 baseline,Active,,00-0040887,False,Active,False,,2026-09-15T15:01:49+00:00,Sleeper,,TE
Silas Walters,BAL,FS,DB,63.0,64.96,,0.0,0.0,64.96,baseline,Madden 27 baseline,,,,False,,False,,,,,
Dominic DeLuca,BAL,LB,LB,63.0,64.82,,0.0,0.0,64.82,baseline,Madden 27 baseline,Active,,00-0040980,False,Active,False,,2026-09-15T15:01:49+00:00,Sleeper,,
Carl Jones,BAL,LB,LB,62.0,64.15,,0.0,0.0,64.15,baseline,Madden 27 baseline,Active,,00-0039460,False,Active,False,,2026-09-15T15:01:49+00:00,Sleeper,,LILB
Jay Higgins IV,BAL,LB,LB,61.0,63.15,,0.0,0.0,63.15,baseline,Madden 27 baseline,Active,,00-0040100,False,Active,False,,2026-09-15T15:01:49+00:00,Sleeper,,LILB
Keondre Jackson,BAL,SS,DB,60.0,63.0,,0.0,0.0,63.0,baseline,Madden 27 baseline,Active,,00-0040104,False,Active,False,,2026-09-15T15:01:49+00:00,Sleeper,,SS
Joe Fagnano,BAL,QB,QB,59.0,62.0,,0.0,0.0,62.0,baseline,Madden 27 baseline,Active,Out,00-0040981,False,Out,True,,2026-09-15T15:01:49+00:00,Sleeper,,QB
Josh Allen,BUF,QB,QB,99.0,97.63,82.52702702702702,0.046400000000000004,0.0,96.93,baseline,Madden 27 + nflverse performance,Active,,00-0034857,False,Active,False,,2026-09-15T15:01:49+00:00,Sleeper,,QB
James Cook III,BUF,HB,RB,94.0,92.64,78.57608695652175,0.0416,0.0,92.05,baseline,Madden 27 + nflverse performance,Active,,00-0037248,False,Active,False,,2026-09-15T15:01:49+00:00,Sleeper,,RB
Dion Dawkins,BUF,LT,OL,88.0,88.16,,0.0,0.0,88.16,baseline,Madden 27 baseline,Active,,00-0033904,False,Active,False,,2026-09-15T15:01:49+00:00,Sleeper,,LT
Greg Rousseau,BUF,EDGE,DL,88.0,87.61,,0.0,0.0,87.61,baseline,Madden 27 baseline,Active,,00-0036914,False,Active,False,,2026-09-15T15:01:49+00:00,Sleeper,,WLB
Spencer Brown,BUF,RT,OL,85.0,84.91,,0.0,0.0,84.91,baseline,Madden 27 baseline,Active,,00-0036976,False,Active,False,,2026-09-15T15:01:49+00:00,Sleeper,,RT
DJ Moore,BUF,WR,WR,84.0,84.56,89.21854304635762,0.04266666666666667,0.0,84.76,baseline,Madden 27 + nflverse performance,Active,,00-0034827,False,Active,False,,2026-09-15T15:01:49+00:00,Sleeper,,WR
Christian Benford,BUF,CB,DB,83.0,83.44,,0.0,0.0,83.44,baseline,Madden 27 baseline,Active,,00-0037288,False,Active,False,,2026-09-15T15:01:49+00:00,Sleeper,,LCB
Khalil Shakir,BUF,WR,WR,83.0,83.4,78.02649006622516,0.032,0.0,83.23,baseline,Madden 27 + nflverse performance,Active,,00-0037261,False,Active,False,,2026-09-15T15:01:49+00:00,Sleeper,,PR|WR
Terrel Bernard,BUF,LB,LB,82.0,82.13,,0.0,0.0,82.13,baseline,Madden 27 baseline,Active,Questionable,00-0037254,False,Questionable,False,,2026-09-15T15:01:49+00:00,Sleeper,,RILB
Connor McGovern,BUF,C,OL,81.0,81.99,,0.0,0.0,81.99,baseline,Madden 27 baseline,Active,,00-0035679,False,Active,False,,2026-09-15T15:01:49+00:00,Sleeper,,C
Ed Oliver,BUF,DT,DL,82.0,81.92,,0.0,0.0,81.92,baseline,Madden 27 baseline,Active,,00-0035230,False,Active,False,,2026-09-15T15:01:49+00:00,Sleeper,,RDE
Cole Bishop,BUF,FS,DB,80.0,79.79,,0.0,0.0,79.79,baseline,Madden 27 baseline,Active,Questionable,00-0039872,False,Questionable,False,,2026-09-15T15:01:49+00:00,Sleeper,,SS
Dalton Kincaid,BUF,TE,TE,81.0,79.39,84.58749999999999,0.04000000000000001,0.0,79.6,baseline,Madden 27 + nflverse performance,Active,,00-0038933,False,Active,False,,2026-09-15T15:01:49+00:00,Sleeper,,TE
Mitch Wishnowsky,BUF,P,ST,76.0,79.0,,0.0,0.0,79.0,baseline,Madden 27 baseline,,,,False,,False,,,,,
Geno Stone,BUF,FS,DB,79.0,78.98,,0.0,0.0,78.98,baseline,Madden 27 baseline,Active,,00-0036199,False,Active,False,,2026-09-15T15:01:49+00:00,Sleeper,,
Maxwell Hairston,BUF,CB,DB,78.0,78.55,,0.0,0.0,78.55,baseline,Madden 27 baseline,Active,,00-0040709,False,Active,False,,2026-09-15T15:01:49+00:00,Sleeper,,RCB
Bradley Chubb,BUF,EDGE,DL,78.0,78.36,,0.0,0.0,78.36,baseline,Madden 27 baseline,Active,,00-0034832,False,Active,False,,2026-09-15T15:01:49+00:00,Sleeper,,SLB
T.J. Parker,BUF,EDGE,DL,77.0,77.79,,0.0,0.0,77.79,baseline,Madden 27 baseline,Active,,00-0041036,False,Active,False,,2026-09-15T15:01:49+00:00,Sleeper,,SLB
Ray Davis,BUF,HB,RB,75.0,77.66,60.342391304347835,0.0032,0.0,77.6,baseline,Madden 27 + nflverse performance,Active,,00-0039875,False,Active,False,,2026-09-15T15:01:49+00:00,Sleeper,,KR|PR|RB
Ty Johnson,BUF,HB,RB,75.0,77.36,,0.0,0.0,77.36,baseline,Madden 27 baseline,Active,Out,00-0035537,False,Out,True,,2026-09-15T15:01:49+00:00,Sleeper,,KR|RB
Austin Corbett,BUF,LG,OL,76.0,77.24,,0.0,0.0,77.24,baseline,Madden 27 baseline,Active,,00-0034261,False,Active,False,,2026-09-15T15:01:49+00:00,Sleeper,,LG|RG
Mike Danna,BUF,EDGE,DL,77.0,77.22,,0.0,0.0,77.22,baseline,Madden 27 baseline,Active,Out,,False,Out,True,,2026-09-15T15:01:49+00:00,Sleeper,,
Tyler Bass,BUF,K,ST,74.0,77.0,,0.0,0.0,77.0,baseline,Madden 27 baseline,Active,,00-0036162,False,Active,False,,2026-09-15T15:01:49+00:00,Sleeper,,PK
Joshua Palmer,BUF,WR,WR,75.0,76.92,75.33774834437087,0.010666666666666668,0.0,76.9,baseline,Madden 27 + nflverse performance,Active,,00-0036988,False,Active,False,,2026-09-15T15:01:49+00:00,Sleeper,,WR
Dee Alford,BUF,CB,DB,76.0,76.89,,0.0,0.0,76.89,baseline,Madden 27 baseline,Active,,00-0037034,False,Active,False,,2026-09-15T15:01:49+00:00,Sleeper,,LCB|PR|SCB
Keon Coleman,BUF,WR,WR,75.0,76.87,62.725165562913915,0.005333333333333334,0.0,76.79,baseline,Madden 27 + nflverse performance,Active,,00-0039901,False,Active,False,,2026-09-15T15:01:49+00:00,Sleeper,,WR
Lloyd Cushenberry III,BUF,C,OL,75.0,76.42,,0.0,0.0,76.42,baseline,Madden 27 baseline,Active,,00-0036391,False,Active,False,,2026-09-15T15:01:49+00:00,Sleeper,,C
O'Cyrus Torrence,BUF,RG,OL,75.0,76.09,,0.0,0.0,76.09,baseline,Madden 27 baseline,Active,,00-0038548,False,Active,False,,2026-09-15T15:01:49+00:00,Sleeper,,RG
Tommy Doman Jr,BUF,P,ST,73.0,76.0,,0.0,0.0,76.0,baseline,Madden 27 baseline,Active,,00-0041126,False,Active,False,,2026-09-15T15:01:49+00:00,Sleeper,,H|P
C.J. Gardner-Johnson,BUF,SS,DB,75.0,75.96,,0.0,0.0,75.96,baseline,Madden 27 baseline,Active,,00-0035253,False,Active,False,,2026-09-15T15:01:49+00:00,Sleeper,,FS
Michael Hoecht,BUF,EDGE,DL,75.0,75.57,,0.0,0.0,75.57,baseline,Madden 27 baseline,Active,,00-0035933,False,Active,False,,2026-09-15T15:01:49+00:00,Sleeper,,WLB
Dawson Knox,BUF,TE,TE,76.0,75.1,63.3875,0.006666666666666667,0.0,75.02,baseline,Madden 27 + nflverse performance,Active,,00-0035689,False,Active,False,,2026-09-15T15:01:49+00:00,Sleeper,,TE
Davison Igbinosun,BUF,CB,DB,74.0,74.92,,0.0,0.0,74.92,baseline,Madden 27 baseline,Active,,00-0041391,False,Active,False,,2026-09-15T15:01:49+00:00,Sleeper,,RCB
Landon Jackson,BUF,DT,DL,74.0,74.81,,0.0,0.0,74.81,baseline,Madden 27 baseline,Active,,00-0040132,False,Active,False,,2026-09-15T15:01:49+00:00,Sleeper,,LDE
Dorian Williams,BUF,LB,LB,74.0,74.8,,0.0,0.0,74.8,baseline,Madden 27 baseline,Active,,00-0038557,False,Active,False,,2026-09-15T15:01:49+00:00,Sleeper,,LILB
Mecole Hardman,BUF,WR,WR,73.0,74.25,,0.0,0.0,74.25,baseline,Madden 27 baseline,,,,False,,False,,,,,
T.J. Sanders,BUF,DT,DL,73.0,74.08,,0.0,0.0,74.08,baseline,Madden 27 baseline,Active,Out,00-0040724,False,Out,True,,2026-09-15T15:01:49+00:00,Sleeper,,LDE
Greg Gaines,BUF,DT,DL,71.0,74.0,,0.0,0.0,74.0,baseline,Prior-year Madden -2 baseline,Active,,00-0035667,False,Active,False,,2026-09-15T15:01:49+00:00,Sleeper,,NT
Trent Sherfield Sr,BUF,WR,WR,72.0,73.84,,0.0,0.0,73.84,baseline,Madden 27 baseline,Active,,00-0034487,False,Active,False,,2026-09-15T15:01:49+00:00,Sleeper,,
Deone Walker,BUF,DT,DL,72.0,73.65,,0.0,0.0,73.65,baseline,Madden 27 baseline,Active,,00-0040710,False,Active,False,,2026-09-15T15:01:49+00:00,Sleeper,,NT
Damar Hamlin,BUF,SS,DB,73.0,73.08,,0.0,0.0,73.08,baseline,Madden 27 baseline,Active,,00-0036888,False,Active,False,,2026-09-15T15:01:49+00:00,Sleeper,,SS
Skyler Bell,BUF,WR,WR,71.0,72.75,,0.0,0.0,72.75,baseline,Madden 27 baseline,Active,Out,00-0041443,False,Out,True,,2026-09-15T15:01:49+00:00,Sleeper,,WR
Kaleb Elarms-Orr,BUF,LB,LB,71.0,71.86,,0.0,0.0,71.86,baseline,Madden 27 baseline,Active,,00-0041444,False,Active,False,,2026-09-15T15:01:49+00:00,Sleeper,,LILB
DeWayne Carter,BUF,DT,DL,70.0,71.72,,0.0,0.0,71.72,baseline,Madden 27 baseline,Active,,00-0039873,False,Active,False,,2026-09-15T15:01:49+00:00,Sleeper,,RDE
Dante Pettis,BUF,WR,WR,69.0,71.17,,0.0,0.0,71.17,baseline,Madden 27 baseline,,,,False,,False,,,,,
Jordan Hancock,BUF,SS,DB,70.0,71.06,,0.0,0.0,71.06,baseline,Madden 27 baseline,Active,,00-0040192,False,Active,False,,2026-09-15T15:01:49+00:00,Sleeper,,SCB
Jude Bowry,BUF,LT,OL,69.0,70.62,,0.0,0.0,70.62,baseline,Madden 27 baseline,Active,Out,00-0041548,False,Out,True,,2026-09-15T15:01:49+00:00,Sleeper,,LT
Javon Solomon,BUF,EDGE,DL,69.0,70.51,,0.0,0.0,70.51,baseline,Madden 27 baseline,Active,,00-0039879,False,Active,False,,2026-09-15T15:01:49+00:00,Sleeper,,SLB
Zane Durant,BUF,DT,DL,69.0,70.47,,0.0,0.0,70.47,baseline,Madden 27 baseline,Inactive,IR,00-0041091,False,Out,True,,2026-09-15T15:01:49+00:00,Sleeper,,RDE
Phidarian Mathis,BUF,DT,DL,69.0,70.21,,0.0,0.0,70.21,baseline,Madden 27 baseline,Active,Sus,00-0038099,False,Out,True,,2026-09-15T15:01:49+00:00,Sleeper,,LDE
Joe Andreessen,BUF,LB,LB,69.0,69.94,,0.0,0.0,69.94,baseline,Madden 27 baseline,Active,,00-0039763,False,Active,False,,2026-09-15T15:01:49+00:00,Sleeper,,RILB
Sam Franklin Jr,BUF,FS,DB,68.0,69.34,,0.0,0.0,69.34,baseline,Madden 27 baseline,Active,,00-0036037,False,Active,False,,2026-09-15T15:01:49+00:00,Sleeper,,FS
Jalon Kilgore,BUF,SS,DB,67.0,68.55,,0.0,0.0,68.55,baseline,Madden 27 baseline,Active,Out,00-0041086,False,Out,True,,2026-09-15T15:01:49+00:00,Sleeper,,SS
Jackson Hawes,BUF,TE,TE,68.0,68.44,,0.0,0.0,68.44,baseline,Madden 27 baseline,Active,,00-0040194,False,Active,False,,2026-09-15T15:01:49+00:00,Sleeper,,TE
Ar'maj Reed-Adams,BUF,RG,OL,66.0,68.02,,0.0,0.0,68.02,baseline,Madden 27 baseline,Active,,00-0041128,False,Active,False,,2026-09-15T15:01:49+00:00,Sleeper,,RG
Reid Ferguson,BUF,LS,ST,71.0,68.0,,0.0,0.0,68.0,baseline,Madden 27 baseline,Active,,00-0032497,False,Active,False,,2026-09-15T15:01:49+00:00,Sleeper,,LS
Alec Anderson,BUF,LG,OL,66.0,67.99,,0.0,0.0,67.99,baseline,Madden 27 baseline,Active,,00-0037428,False,Active,False,,2026-09-15T15:01:49+00:00,Sleeper,,LG
Tyrell Shavers,BUF,WR,WR,65.0,67.59,,0.0,0.0,67.59,baseline,Madden 27 baseline,Active,PUP,00-0038679,False,Out,True,,2026-09-15T15:01:49+00:00,Sleeper,,WR
Tommy Akingbesote,BUF,DT,DL,65.0,67.09,,0.0,0.0,67.09,baseline,Madden 27 baseline,,,,False,,False,,,,,
Zion Logue,BUF,DT,DL,65.0,67.09,,0.0,0.0,67.09,baseline,Madden 27 baseline,,,,False,,False,,,,,
Chase Lundt,BUF,LT,OL,65.0,67.09,,0.0,0.0,67.09,baseline,Madden 27 baseline,Active,,00-0040217,False,Active,False,,2026-09-15T15:01:49+00:00,Sleeper,,
Shane Zylstra,BUF,TE,TE,66.0,66.48,,0.0,0.0,66.48,baseline,Madden 27 baseline,,,,False,,False,,,,,
Jimmy Ciarlo,BUF,LB,LB,64.0,65.72,,0.0,0.0,65.72,baseline,Madden 27 baseline,CUT,,00-0039277,False,,False,,,,,
Nick Broeker,BUF,LG,OL,63.0,65.26,,0.0,0.0,65.26,baseline,Madden 27 baseline,Active,,00-0038633,False,Active,False,,2026-09-15T15:01:49+00:00,Sleeper,,
Tylan Grable,BUF,LT,OL,63.0,65.25,,0.0,0.0,65.25,baseline,Madden 27 baseline,Active,,00-0039882,False,Active,False,,2026-09-15T15:01:49+00:00,Sleeper,,RT
Andre Jones Jr,BUF,EDGE,DL,63.0,64.93,,0.0,0.0,64.93,baseline,Madden 27 baseline,Active,,00-0038635,False,Active,False,,2026-09-15T15:01:49+00:00,Sleeper,,
Demetrius Flannigan-Fowles,BUF,LB,LB,62.0,64.35,,0.0,0.0,64.35,baseline,Madden 27 baseline,RES,,00-0035020,False,,False,,,,,
Frank Gore Jr,BUF,HB,RB,61.0,64.0,60.342391304347835,0.0032,0.0,63.99,baseline,Madden 27 + nflverse performance,Active,,00-0039471,False,Active,False,,2026-09-15T15:01:49+00:00,Sleeper,,
Keleki Latu,BUF,TE,TE,62.0,63.33,56.0125,0.0,0.0,63.33,baseline,Madden 27 baseline,Active,,00-0040363,False,Active,False,,2026-09-15T15:01:49+00:00,Sleeper,,TE
Kyle Allen,BUF,QB,QB,60.0,63.0,,0.0,0.0,63.0,baseline,Madden 27 baseline,Active,,00-0034577,False,Active,False,,2026-09-15T15:01:49+00:00,Sleeper,,QB
Travis Clayton,BUF,DT,DL,57.0,59.38,,0.0,0.0,59.38,baseline,Madden 27 baseline,Active,,00-0039930,False,Active,False,,2026-09-15T15:01:49+00:00,Sleeper,,
Shane Buechele,BUF,QB,QB,52.0,55.0,,0.0,0.0,55.0,baseline,Madden 27 baseline,Active,,00-0036679,False,Active,False,,2026-09-15T15:01:49+00:00,Sleeper,,
Derrick Brown,CAR,DT,DL,96.0,93.46,,0.0,0.0,93.46,baseline,Madden 27 baseline,Active,,00-0036220,False,Active,False,,2026-09-15T15:01:49+00:00,Sleeper,,LDE
Jaycee Horn,CAR,CB,DB,87.0,87.09,,0.0,0.0,87.09,baseline,Madden 27 baseline,Active,,00-0036944,False,Active,False,,2026-09-15T15:01:49+00:00,Sleeper,,RCB
Devin Lloyd,CAR,LB,LB,87.0,86.28,,0.0,0.0,86.28,baseline,Madden 27 baseline,Active,,00-0037244,False,Active,False,,2026-09-15T15:01:49+00:00,Sleeper,,LILB
Damien Lewis,CAR,LG,OL,85.0,85.56,,0.0,0.0,85.56,baseline,Madden 27 baseline,Active,,00-0036417,False,Active,False,,2026-09-15T15:01:49+00:00,Sleeper,,LG
Tetairoa McMillan,CAR,WR,WR,85.0,85.58,82.73178807947019,0.04266666666666667,0.0,85.46,baseline,Madden 27 + nflverse performance,Active,,00-0040124,False,Active,False,,2026-09-15T15:01:49+00:00,Sleeper,,WR
Taylor Moton,CAR,RT,OL,84.0,85.0,,0.0,0.0,85.0,baseline,Madden 27 baseline,Active,PUP,00-0033284,False,Out,True,,2026-09-15T15:01:49+00:00,Sleeper,,RT
Bobby Okereke,CAR,MLB,LB,82.0,83.13,,0.0,0.0,83.13,baseline,Prior-year Madden -2 baseline,Active,,00-0035687,False,Active,False,,2026-09-15T15:01:49+00:00,Sleeper,,RILB
Chuba Hubbard,CAR,HB,RB,81.0,82.5,86.05978260869566,0.032,0.0,82.61,baseline,Madden 27 + nflverse performance,Active,,00-0036555,False,Active,False,,2026-09-15T15:01:49+00:00,Sleeper,,KR|PR|RB
Robert Hunt,CAR,RG,OL,81.0,81.54,,0.0,0.0,81.54,baseline,Madden 27 baseline,Active,,00-0036325,False,Active,False,,2026-09-15T15:01:49+00:00,Sleeper,,RG
Jaelan Phillips,CAR,EDGE,DL,81.0,81.03,,0.0,0.0,81.03,baseline,Madden 27 baseline,Active,,00-0036934,False,Active,False,,2026-09-15T15:01:49+00:00,Sleeper,,SLB
Mike Jackson,CAR,CB,DB,80.0,80.8,,0.0,0.0,80.8,baseline,Madden 27 baseline,Active,,00-0035277,False,Active,False,,2026-09-15T15:01:49+00:00,Sleeper,,LCB
Ikem Ekwonu,CAR,LT,OL,80.0,80.58,,0.0,0.0,80.58,baseline,Madden 27 baseline,Active,PUP,00-0037229,False,Out,True,,2026-09-15T15:01:49+00:00,Sleeper,,LT
Tre'von Moehrig,CAR,FS,DB,81.0,80.24,,0.0,0.0,80.24,baseline,Madden 27 baseline,Active,,00-0036962,False,Active,False,,2026-09-15T15:01:49+00:00,Sleeper,,SS
Bryce Young,CAR,QB,QB,78.0,80.09,81.40540540540539,0.0592,0.0,80.17,baseline,Madden 27 + nflverse performance,Active,,00-0039150,False,Active,False,,2026-09-15T15:01:49+00:00,Sleeper,,QB
Darren Waller,CAR,TE,TE,80.0,80.18,73.89375,0.013333333333333334,0.0,80.1,baseline,Prior-year Madden -2 + nflverse performance,Active,,00-0031610,False,Active,False,,2026-09-15T15:01:49+00:00,Sleeper,,TE
Rasheed Walker,CAR,LT,OL,79.0,79.64,,0.0,0.0,79.64,baseline,Madden 27 baseline,Active,,00-0037196,False,Active,False,,2026-09-15T15:01:49+00:00,Sleeper,,LT
Ryan Fitzgerald,CAR,K,ST,76.0,79.0,,0.0,0.0,79.0,baseline,Madden 27 baseline,Active,,00-0040279,False,Active,False,,2026-09-15T15:01:49+00:00,Sleeper,,PK
Jalen Coker,CAR,WR,WR,76.0,77.8,91.66887417218543,0.048,0.0,78.47,baseline,Madden 27 + nflverse performance,Active,Questionable,00-0039491,False,Questionable,False,,2026-09-15T15:01:49+00:00,Sleeper,,WR
Jonathon Brooks,CAR,HB,RB,76.0,78.15,70.05978260869566,0.0128,0.0,78.05,baseline,Madden 27 + nflverse performance,Active,,00-0039344,False,Active,False,,2026-09-15T15:01:49+00:00,Sleeper,,RB
Tyrel Dodson,CAR,LB,LB,77.0,77.52,,0.0,0.0,77.52,baseline,Madden 27 baseline,Active,,00-0035352,True,Active,False,,2026-09-15T15:01:49+00:00,Sleeper,,LILB
Brady Christensen,CAR,LG,OL,76.0,76.89,,0.0,0.0,76.89,baseline,Madden 27 baseline,Inactive,IR,00-0036968,False,Out,True,,2026-09-15T15:01:49+00:00,Sleeper,,LT|RG
Sam Martin,CAR,P,ST,74.0,76.78,,0.0,0.0,76.78,baseline,Madden 27 baseline,Active,,00-0030092,False,Active,False,,2026-09-15T15:01:49+00:00,Sleeper,,H|P
Monroe Freeling,CAR,LT,OL,75.0,76.32,,0.0,0.0,76.32,baseline,Madden 27 baseline,Active,,00-0041034,False,Active,False,,2026-09-15T15:01:49+00:00,Sleeper,,RT
A.J. Dillon,CAR,HB,RB,74.0,76.11,65.82608695652173,0.016,0.0,75.95,baseline,Madden 27 + nflverse performance,Active,,00-0036265,False,Active,False,,2026-09-15T15:01:49+00:00,Sleeper,,RB
Nic Scourton,CAR,EDGE,DL,75.0,75.62,,0.0,0.0,75.62,baseline,Madden 27 baseline,Inactive,IR,00-0040746,False,Out,True,,2026-09-15T15:01:49+00:00,Sleeper,,WLB
Xavier Legette,CAR,WR,WR,74.0,75.44,59.36423841059603,0.010666666666666668,0.0,75.27,baseline,Madden 27 + nflverse performance,Active,,00-0039342,False,Active,False,,2026-09-15T15:01:49+00:00,Sleeper,,KR|PR|WR
Nick Scott,CAR,SS,DB,75.0,75.19,,0.0,0.0,75.19,baseline,Madden 27 baseline,Active,,00-0035669,False,Active,False,,2026-09-15T15:01:49+00:00,Sleeper,,FS
Lee Hunter,CAR,DT,DL,74.0,74.76,,0.0,0.0,74.76,baseline,Madden 27 baseline,Active,,00-0041478,False,Active,False,,2026-09-15T15:01:49+00:00,Sleeper,,NT
John Metchie III,CAR,WR,WR,73.0,74.71,,0.0,0.0,74.71,baseline,Madden 27 baseline,Active,Out,00-0037614,False,Out,True,,2026-09-15T15:01:49+00:00,Sleeper,,WR
Tershawn Wharton,CAR,DT,DL,74.0,74.55,,0.0,0.0,74.55,baseline,Madden 27 baseline,Active,PUP,00-0035890,False,Out,True,,2026-09-15T15:01:49+00:00,Sleeper,,RDE
Bobby Brown III,CAR,DT,DL,74.0,74.22,,0.0,0.0,74.22,baseline,Madden 27 baseline,Active,,00-0036903,False,Active,False,,2026-09-15T15:01:49+00:00,Sleeper,,RDE
Chris Brazzell II,CAR,WR,WR,72.0,74.14,,0.0,0.0,74.14,baseline,Madden 27 baseline,Inactive,IR,00-0041047,False,Out,True,,2026-09-15T15:01:49+00:00,Sleeper,,WR
Trevor Etienne,CAR,HB,RB,71.0,74.0,,0.0,0.0,74.0,baseline,Madden 27 baseline,Inactive,IR,00-0040644,False,Out,True,,2026-09-15T15:01:49+00:00,Sleeper,,KR|PR|RB
Chau Smith-Wade,CAR,CB,DB,73.0,73.99,,0.0,0.0,73.99,baseline,Madden 27 baseline,Active,,00-0039380,False,Active,False,,2026-09-15T15:01:49+00:00,Sleeper,,SCB
Isaiah Simmons,CAR,FS,DB,73.0,73.5,,0.0,0.0,73.5,baseline,Madden 27 baseline,Active,,00-0036356,False,Active,False,,2026-09-15T15:01:49+00:00,Sleeper,,RILB
David Moore,CAR,WR,WR,71.0,73.47,,0.0,0.0,73.47,baseline,Madden 27 baseline,Active,,00-0033589,False,Active,False,,2026-09-15T15:01:49+00:00,Sleeper,,
Patrick Jones II,CAR,EDGE,DL,72.0,73.14,,0.0,0.0,73.14,baseline,Madden 27 baseline,Active,Out,00-0037007,False,Out,True,,2026-09-15T15:01:49+00:00,Sleeper,,WLB
Princely Umanmielen,CAR,EDGE,DL,72.0,73.12,,0.0,0.0,73.12,baseline,Madden 27 baseline,Active,,00-0040136,False,Active,False,,2026-09-15T15:01:49+00:00,Sleeper,,SLB
Luke Fortner,CAR,C,OL,71.0,72.72,,0.0,0.0,72.72,baseline,Madden 27 baseline,Active,,00-0037814,False,Active,False,,2026-09-15T15:01:49+00:00,Sleeper,,C
Akayleb Evans,CAR,CB,DB,71.0,72.3,,0.0,0.0,72.3,baseline,Madden 27 baseline,Active,,00-0038101,False,Active,False,,2026-09-15T15:01:49+00:00,Sleeper,,LCB
Tommy Tremble,CAR,TE,TE,72.0,72.12,77.3,0.03333333333333333,0.0,72.29,baseline,Madden 27 + nflverse performance,Active,,00-0037005,False,Active,False,,2026-09-15T15:01:49+00:00,Sleeper,,TE
Trevis Gipson,CAR,EDGE,DL,71.0,71.74,,0.0,0.0,71.74,baseline,Madden 27 baseline,Active,,00-0036305,False,Active,False,,2026-09-15T15:01:49+00:00,Sleeper,,WLB
Ainias Smith,CAR,WR,WR,69.0,71.56,,0.0,0.0,71.56,baseline,Madden 27 baseline,,,,False,,False,,,,,
Will Lee III,CAR,CB,DB,70.0,71.23,,0.0,0.0,71.23,baseline,Madden 27 baseline,Active,,00-0041063,False,Active,False,,2026-09-15T15:01:49+00:00,Sleeper,,RCB
J.J. Jansen,CAR,LS,ST,74.0,71.0,,0.0,0.0,71.0,baseline,Madden 27 baseline,Active,,00-0026027,False,Active,False,,2026-09-15T15:01:49+00:00,Sleeper,,LS
Lathan Ransom,CAR,SS,DB,70.0,70.67,,0.0,0.0,70.67,baseline,Madden 27 baseline,Active,,00-0040159,False,Active,False,,2026-09-15T15:01:49+00:00,Sleeper,,FS
Zakee Wheatley,CAR,FS,DB,69.0,70.6,,0.0,0.0,70.6,baseline,Madden 27 baseline,Active,Out,00-0041076,False,Out,True,,2026-09-15T15:01:49+00:00,Sleeper,,SS
Cam Jackson,CAR,DT,DL,70.0,70.54,,0.0,0.0,70.54,baseline,Madden 27 baseline,Active,Out,00-0040174,False,Out,True,,2026-09-15T15:01:49+00:00,Sleeper,,NT
Brycen Tremayne,CAR,WR,WR,68.0,70.37,56.473509933774835,0.0,0.0,70.37,baseline,Madden 27 baseline,Active,,00-0038840,False,Active,False,,2026-09-15T15:01:49+00:00,Sleeper,,WR
Sam Hecht,CAR,C,OL,68.0,70.24,,0.0,0.0,70.24,baseline,Madden 27 baseline,Active,,00-0041071,False,Active,False,,2026-09-15T15:01:49+00:00,Sleeper,,C
Kenny Pickett,CAR,QB,QB,67.0,70.0,60.70270270270271,0.0016,0.0,69.99,baseline,Madden 27 + nflverse performance,Active,,00-0038102,False,Active,False,,2026-09-15T15:01:49+00:00,Sleeper,,QB
Claudin Cherelus,CAR,LB,LB,69.0,69.96,,0.0,0.0,69.96,baseline,Madden 27 baseline,Active,,00-0038493,False,Active,False,,2026-09-15T15:01:49+00:00,Sleeper,,RILB
Ja'Tavion Sanders,CAR,TE,TE,70.0,69.72,,0.0,0.0,69.72,baseline,Madden 27 baseline,Active,Out,00-0039356,False,Out,True,,2026-09-15T15:01:49+00:00,Sleeper,,TE
Robert Rochell,CAR,CB,DB,68.0,69.66,,0.0,0.0,69.66,baseline,Madden 27 baseline,,,,False,,False,,,,,
Nick Hampton,CAR,EDGE,DL,69.0,69.62,,0.0,0.0,69.62,baseline,Madden 27 baseline,,,,False,,False,,,,,
Jimmy Horn Jr,CAR,WR,WR,67.0,69.62,58.082781456953654,0.005333333333333334,0.0,69.56,baseline,Madden 27 + nflverse performance,Active,,00-0040218,False,Active,False,,2026-09-15T15:01:49+00:00,Sleeper,,KR|PR|WR
Mitchell Evans,CAR,TE,TE,69.0,69.52,65.99374999999999,0.013333333333333334,0.0,69.47,baseline,Madden 27 + nflverse performance,Active,,00-0040187,False,Active,False,,2026-09-15T15:01:49+00:00,Sleeper,,TE
Aaron Hall,CAR,DE,DL,68.92,68.92,,0.0,0.0,68.92,baseline,Replacement-level estimate baseline,Active,,00-0041148,False,Active,False,,2026-09-15T15:01:49+00:00,Sleeper,,LDE
Saahdiq Charles,CAR,LG,OL,67.0,68.4,,0.0,0.0,68.4,baseline,Madden 27 baseline,,,,False,,False,,,,,
Haynes King,CAR,QB,QB,65.0,68.0,,0.0,0.0,68.0,baseline,Madden 27 baseline,Active,Out,00-0041149,False,Out,True,,2026-09-15T15:01:49+00:00,Sleeper,,QB
LaBryan Ray,CAR,DT,DL,67.0,67.67,,0.0,0.0,67.67,baseline,Madden 27 baseline,RET,,00-0037203,False,,False,,,,,
Ja'Tyre Carter,CAR,RG,OL,66.0,67.55,,0.0,0.0,67.55,baseline,Madden 27 baseline,,,,False,,False,,,,,
Corey Thornton,CAR,CB,DB,65.0,67.25,,0.0,0.0,67.25,baseline,Madden 27 baseline,Active,,00-0040296,False,Active,False,,2026-09-15T15:01:49+00:00,Sleeper,,
Thomas Incoom,CAR,EDGE,DL,66.0,67.0,,0.0,0.0,67.0,baseline,Madden 27 baseline,Active,,00-0038791,False,Active,False,,2026-09-15T15:01:49+00:00,Sleeper,,WLB
Cam Gill,CAR,EDGE,DL,66.0,66.9,,0.0,0.0,66.9,baseline,Madden 27 baseline,DEV,,00-0036045,False,,False,,,,,
Jackson Kuwatch,CAR,LB,LB,65.0,66.9,,0.0,0.0,66.9,baseline,Madden 27 baseline,Active,,00-0041119,False,Active,False,,2026-09-15T15:01:49+00:00,Sleeper,,LILB
Tyrek Funderburk,CAR,CB,DB,65.0,66.74,,0.0,0.0,66.74,baseline,Madden 27 baseline,CUT,,00-0039586,False,,False,,,,,
Stone Forsythe,CAR,LT,OL,64.0,66.59,,0.0,0.0,66.59,baseline,Madden 27 baseline,Active,,00-0036653,False,Active,False,,2026-09-15T15:01:49+00:00,Sleeper,,LT|RT
Demani Richardson,CAR,SS,DB,65.0,66.52,,0.0,0.0,66.52,baseline,Madden 27 baseline,CUT,,00-0039601,False,,False,,,,,
Chandler Zavala,CAR,RG,OL,64.0,66.0,,0.0,0.0,66.0,baseline,Madden 27 baseline,Active,,00-0038536,False,Active,False,,2026-09-15T15:01:49+00:00,Sleeper,,
James Mitchell,CAR,TE,TE,65.0,65.87,,0.0,0.0,65.87,baseline,Madden 27 baseline,,,,False,,False,,,,,
Jared Harrison-Hunte,CAR,DT,DL,64.0,65.79,,0.0,0.0,65.79,baseline,Madden 27 baseline,,,,False,,False,,,,,
Corey Bullock,CAR,RG,OL,63.0,64.71,,0.0,0.0,64.71,baseline,Madden 27 baseline,Active,,00-0039242,True,Active,False,,2026-09-15T15:01:49+00:00,Sleeper,,LG|RG
Bam Martin-Scott,CAR,LB,LB,63.0,64.55,,0.0,0.0,64.55,baseline,Madden 27 baseline,Inactive,IR,00-0040289,False,Out,True,,2026-09-15T15:01:49+00:00,Sleeper,,LILB
Maema Njongmeta,CAR,LB,LB,62.0,64.38,,0.0,0.0,64.38,baseline,Madden 27 baseline,CUT,,00-0039637,False,,False,,,,,
TeRah Edwards,CAR,DT,DL,62.0,64.26,,0.0,0.0,64.26,baseline,Madden 27 baseline,Active,,00-0040458,True,Active,False,,2026-09-15T15:01:49+00:00,Sleeper,,RDE
Dan Chisena,CAR,WR,WR,59.0,62.0,,0.0,0.0,62.0,baseline,Madden 27 baseline,,,,False,,False,,,,,
Feleipe Franks,CAR,TE,TE,55.0,57.28,56.0125,0.0,0.0,57.28,baseline,Madden 27 baseline,Active,,00-0036825,False,Active,False,,2026-09-15T15:01:49+00:00,Sleeper,,TE
Joe Thuney,CHI,LG,OL,96.0,94.6,,0.0,0.0,94.6,baseline,Madden 27 baseline,Active,,00-0032391,False,Active,False,,2026-09-15T15:01:49+00:00,Sleeper,,LG
Jaylon Johnson,CHI,CB,DB,90.0,90.28,,0.0,0.0,90.28,baseline,Madden 27 baseline,Active,,00-0036292,False,Active,False,,2026-09-15T15:01:49+00:00,Sleeper,,LCB
Caleb Williams,CHI,QB,QB,90.0,89.62,82.8108108108108,0.046400000000000004,0.0,89.3,baseline,Madden 27 + nflverse performance,Active,,00-0039918,False,Active,False,,2026-09-15T15:01:49+00:00,Sleeper,,QB
Darnell Wright,CHI,RT,OL,87.0,87.37,,0.0,0.0,87.37,baseline,Madden 27 baseline,Active,,00-0038932,False,Active,False,,2026-09-15T15:01:49+00:00,Sleeper,,RT
D'Andre Swift,CHI,HB,RB,85.0,85.62,86.59782608695652,0.0576,0.0,85.68,baseline,Madden 27 + nflverse performance,Active,,00-0036275,False,Active,False,,2026-09-15T15:01:49+00:00,Sleeper,,RB
Devin Bush,CHI,LB,LB,86.0,85.58,,0.0,0.0,85.58,baseline,Madden 27 baseline,Active,,00-0035525,False,Active,False,,2026-09-15T15:01:49+00:00,Sleeper,,WLB
Kyler Gordon,CHI,CB,DB,83.0,83.31,,0.0,0.0,83.31,baseline,Madden 27 baseline,Active,PUP,00-0038111,False,Out,True,,2026-09-15T15:01:49+00:00,Sleeper,,SCB
Rome Odunze,CHI,WR,WR,82.0,82.86,74.46026490066225,0.016,0.0,82.73,baseline,Madden 27 + nflverse performance,Active,,00-0039919,False,Active,False,,2026-09-15T15:01:49+00:00,Sleeper,,WR
Montez Sweat,CHI,EDGE,DL,82.0,82.16,,0.0,0.0,82.16,baseline,Madden 27 baseline,Active,,00-0035647,False,Active,False,,2026-09-15T15:01:49+00:00,Sleeper,,LDE
Colston Loveland,CHI,TE,TE,84.0,82.09,59.837500000000006,0.013333333333333334,0.0,81.79,baseline,Madden 27 + nflverse performance,Active,,00-0040126,False,Active,False,,2026-09-15T15:01:49+00:00,Sleeper,,TE
T.J. Edwards,CHI,LB,LB,81.0,81.15,,0.0,0.0,81.15,baseline,Madden 27 baseline,Active,,00-0035386,False,Active,False,,2026-09-15T15:01:49+00:00,Sleeper,,MLB
Cairo Santos,CHI,K,ST,78.0,81.0,,0.0,0.0,81.0,baseline,Madden 27 baseline,Active,,00-0031203,False,Active,False,,2026-09-15T15:01:49+00:00,Sleeper,,PK
Xavier Woods,CHI,FS,DB,79.0,80.95,,0.0,0.0,80.95,baseline,Prior-year Madden -2 baseline,Active,Out,00-0033579,False,Out,True,,2026-09-15T15:01:49+00:00,Sleeper,,FS
Grady Jarrett,CHI,DT,DL,81.0,80.61,,0.0,0.0,80.61,baseline,Madden 27 baseline,Active,,00-0031583,False,Active,False,,2026-09-15T15:01:49+00:00,Sleeper,,LDT
Kyle Monangai,CHI,HB,RB,78.0,79.66,85.55434782608697,0.032,0.0,79.85,baseline,Madden 27 + nflverse performance,Active,,00-0040236,False,Active,False,,2026-09-15T15:01:49+00:00,Sleeper,,RB
Luther Burden III,CHI,WR,WR,79.0,79.53,81.6523178807947,0.02666666666666667,0.0,79.59,baseline,Madden 27 + nflverse performance,Active,,00-0040735,False,Active,False,,2026-09-15T15:01:49+00:00,Sleeper,,WR
Jonah Jackson,CHI,RG,OL,78.0,79.05,,0.0,0.0,79.05,baseline,Madden 27 baseline,Active,,00-0036258,False,Active,False,,2026-09-15T15:01:49+00:00,Sleeper,,RG
Tory Taylor,CHI,P,ST,75.0,78.0,,0.0,0.0,78.0,baseline,Madden 27 baseline,Active,,00-0039745,False,Active,False,,2026-09-15T15:01:49+00:00,Sleeper,,H|P
Coby Bryant,CHI,FS,DB,77.0,77.84,,0.0,0.0,77.84,baseline,Madden 27 baseline,Inactive,IR,00-0038136,False,Out,True,,2026-09-15T15:01:49+00:00,Sleeper,,FS
Cole Kmet,CHI,TE,TE,78.0,77.33,82.15624999999999,0.020000000000000004,0.0,77.43,baseline,Madden 27 + nflverse performance,Active,,00-0036290,False,Active,False,,2026-09-15T15:01:49+00:00,Sleeper,,TE
Garrett Bradbury,CHI,C,OL,76.0,77.21,,0.0,0.0,77.21,baseline,Madden 27 baseline,Active,,00-0035588,False,Active,False,,2026-09-15T15:01:49+00:00,Sleeper,,C
Dillon Thieneman,CHI,SS,DB,77.0,77.05,,0.0,0.0,77.05,baseline,Madden 27 baseline,Active,,00-0041538,False,Active,False,,2026-09-15T15:01:49+00:00,Sleeper,,SS
Kalif Raymond,CHI,WR,WR,75.0,76.62,84.61258278145695,0.048,0.0,77.0,baseline,Madden 27 + nflverse performance,Active,,00-0032464,False,Active,False,,2026-09-15T15:01:49+00:00,Sleeper,,KR|PR|WR
Tyrique Stevenson,CHI,CB,DB,76.0,76.74,,0.0,0.0,76.74,baseline,Madden 27 baseline,Active,Questionable,00-0039071,False,Questionable,False,,2026-09-15T15:01:49+00:00,Sleeper,,RCB
Clark Phillips III,CHI,CB,DB,75.0,76.11,,0.0,0.0,76.11,baseline,Madden 27 baseline,Active,,00-0038568,True,Active,False,,2026-09-15T15:01:49+00:00,Sleeper,,RCB
Jedrick Wills Jr,CHI,LT,OL,74.0,75.48,,0.0,0.0,75.48,baseline,Madden 27 baseline,,,,False,,False,,,,,
Cam Lewis,CHI,SS,DB,74.0,75.08,,0.0,0.0,75.08,baseline,Madden 27 baseline,Active,,00-0035357,False,Active,False,,2026-09-15T15:01:49+00:00,Sleeper,,SCB
Ozzy Trapilo,CHI,LT,OL,73.0,74.61,,0.0,0.0,74.61,baseline,Madden 27 baseline,Active,Out,00-0040740,False,Out,True,,2026-09-15T15:01:49+00:00,Sleeper,,LT
Braxton Jones,CHI,RT,OL,73.0,74.57,,0.0,0.0,74.57,baseline,Madden 27 baseline,Active,,00-0037081,False,Active,False,,2026-09-15T15:01:49+00:00,Sleeper,,LT
Dayo Odeyingbo,CHI,EDGE,DL,73.0,74.03,,0.0,0.0,74.03,baseline,Madden 27 baseline,Active,,00-0036480,False,Active,False,,2026-09-15T15:01:49+00:00,Sleeper,,RDE
Roschon Johnson,CHI,HB,RB,71.0,74.0,57.12500000000001,0.0,0.0,74.0,baseline,Madden 27 baseline,Active,,00-0039021,False,Active,False,,2026-09-15T15:01:49+00:00,Sleeper,,RB
Austin Booker,CHI,EDGE,DL,73.0,73.89,,0.0,0.0,73.89,baseline,Madden 27 baseline,Active,,00-0039840,False,Active,False,,2026-09-15T15:01:49+00:00,Sleeper,,LDE
Logan Jones,CHI,C,OL,72.0,73.77,,0.0,0.0,73.77,baseline,Madden 27 baseline,Active,,00-0041539,False,Active,False,,2026-09-15T15:01:49+00:00,Sleeper,,C
Zavion Thomas,CHI,WR,WR,72.0,73.48,,0.0,0.0,73.48,baseline,Madden 27 baseline,Active,,00-0041051,False,Active,False,,2026-09-15T15:01:49+00:00,Sleeper,,KR|PR|WR
Shemar Turner,CHI,EDGE,DL,72.0,72.73,,0.0,0.0,72.73,baseline,Madden 27 baseline,Active,PUP,00-0040741,False,Out,True,,2026-09-15T15:01:49+00:00,Sleeper,,RDT
Neville Gallimore,CHI,DT,DL,71.0,72.52,,0.0,0.0,72.52,baseline,Madden 27 baseline,Active,,00-0036366,False,Active,False,,2026-09-15T15:01:49+00:00,Sleeper,,LDT
Scott Miller,CHI,WR,WR,70.0,72.43,,0.0,0.0,72.43,baseline,Madden 27 baseline,DEV,,00-0035298,False,,False,,,,,
D'Marco Jackson,CHI,LB,LB,71.0,72.08,,0.0,0.0,72.08,baseline,Madden 27 baseline,Active,,00-0037271,False,Active,False,,2026-09-15T15:01:49+00:00,Sleeper,,SLB
Jack Sanborn,CHI,LB,LB,71.0,72.05,,0.0,0.0,72.05,baseline,Madden 27 baseline,Active,,00-0037109,False,Active,False,,2026-09-15T15:01:49+00:00,Sleeper,,SLB
Malik Muhammad,CHI,CB,DB,70.0,71.19,,0.0,0.0,71.19,baseline,Madden 27 baseline,Active,,00-0041060,False,Active,False,,2026-09-15T15:01:49+00:00,Sleeper,,SCB
Jahdae Walker,CHI,WR,WR,69.0,71.14,68.0794701986755,0.005333333333333334,0.0,71.12,baseline,Madden 27 + nflverse performance,Active,,00-0040277,False,Active,False,,2026-09-15T15:01:49+00:00,Sleeper,,WR
Kentavius Street,CHI,DT,DL,70.0,71.04,,0.0,0.0,71.04,baseline,Madden 27 baseline,Active,,00-0034320,False,Active,False,,2026-09-15T15:01:49+00:00,Sleeper,,RDT
Salvon Ahmed,CHI,HB,RB,68.0,71.0,,0.0,0.0,71.0,baseline,Madden 27 baseline,Active,,00-0036020,False,Active,False,,2026-09-15T15:01:49+00:00,Sleeper,,
Kaden Davis,CHI,WR,WR,68.0,70.5,56.473509933774835,0.0,0.0,70.5,baseline,Madden 27 baseline,Active,,00-0037380,False,Active,False,,2026-09-15T15:01:49+00:00,Sleeper,,
Terell Smith,CHI,CB,DB,69.0,70.31,,0.0,0.0,70.31,baseline,Madden 27 baseline,,,,False,,False,,,,,
Kiran Amegadjie,CHI,RT,OL,68.0,69.66,,0.0,0.0,69.66,baseline,Madden 27 baseline,,,,False,,False,,,,,
Elijah Hicks,CHI,FS,DB,68.0,69.4,,0.0,0.0,69.4,baseline,Madden 27 baseline,Active,,00-0037096,False,Active,False,,2026-09-15T15:01:49+00:00,Sleeper,,SS
Ruben Hyppolite II,CHI,LB,LB,68.0,69.39,,0.0,0.0,69.39,baseline,Madden 27 baseline,RES,,00-0040167,False,,False,,,,,WLB
James Lynch,CHI,DT,DL,68.0,69.34,,0.0,0.0,69.34,baseline,Madden 27 baseline,Active,,00-0036337,False,Active,False,,2026-09-15T15:01:49+00:00,Sleeper,,LDT
Jordan van den Berg,CHI,DT,DL,68.0,69.11,,0.0,0.0,69.11,baseline,Madden 27 baseline,Active,,00-0041110,False,Active,False,,2026-09-15T15:01:49+00:00,Sleeper,,RDT
Tony Fields II,CHI,LB,LB,67.0,69.04,,0.0,0.0,69.04,baseline,Madden 27 baseline,Inactive,IR,00-0036634,False,Out,True,,2026-09-15T15:01:49+00:00,Sleeper,,WLB
Theo Benedet,CHI,LT,OL,67.0,68.86,,0.0,0.0,68.86,baseline,Madden 27 baseline,Active,,00-0039459,False,Active,False,,2026-09-15T15:01:49+00:00,Sleeper,,LT|RT
Jamree Kromah,CHI,EDGE,DL,67.0,68.59,,0.0,0.0,68.59,baseline,Madden 27 baseline,Active,Out,00-0039461,False,Out,True,,2026-09-15T15:01:49+00:00,Sleeper,,LDE
Noah Sewell,CHI,LB,LB,68.0,68.54,,0.0,0.0,68.54,baseline,Madden 27 baseline,Active,PUP,00-0038390,False,Out,True,,2026-09-15T15:01:49+00:00,Sleeper,,MLB
Skyler Thomas,CHI,FS,DB,67.93,67.93,,0.0,0.0,67.93,baseline,Replacement-level estimate baseline,Active,,00-0041175,False,Active,False,,2026-09-15T15:01:49+00:00,Sleeper,,FS
Dallis Flowers,CHI,CB,DB,66.0,67.84,,0.0,0.0,67.84,baseline,Madden 27 baseline,RES,,00-0037395,False,,False,,,,,RCB
Anthony Johnson Jr,CHI,FS,DB,66.0,67.82,,0.0,0.0,67.82,baseline,Madden 27 baseline,Active,,00-0038411,False,Active,False,,2026-09-15T15:01:49+00:00,Sleeper,,
Luke Newman,CHI,RG,OL,66.0,67.75,,0.0,0.0,67.75,baseline,Madden 27 baseline,Active,,00-0040210,False,Active,False,,2026-09-15T15:01:49+00:00,Sleeper,,RG
Jordan McFadden,CHI,LG,OL,66.0,67.66,,0.0,0.0,67.66,baseline,Madden 27 baseline,Active,Out,00-0038595,False,Out,True,,2026-09-15T15:01:49+00:00,Sleeper,,LG
Keyshaun Elliott,CHI,LB,LB,66.0,67.62,,0.0,0.0,67.62,baseline,Madden 27 baseline,Active,,00-0041085,False,Active,False,,2026-09-15T15:01:49+00:00,Sleeper,,MLB
Daniel Hardy,CHI,EDGE,DL,67.0,67.5,,0.0,0.0,67.5,baseline,Madden 27 baseline,Active,,00-0037843,False,Active,False,,2026-09-15T15:01:49+00:00,Sleeper,,RDE
Jonathan Garvin,CHI,EDGE,DL,66.0,67.44,,0.0,0.0,67.44,baseline,Madden 27 baseline,RES,,00-0036239,False,,False,,,,,RDE
Nephi Sewell,CHI,LB,LB,65.0,66.78,,0.0,0.0,66.78,baseline,Madden 27 baseline,Inactive,IR,00-0037544,False,Out,True,,2026-09-15T15:01:49+00:00,Sleeper,,WLB
Josh Blackwell,CHI,CB,DB,65.0,66.45,,0.0,0.0,66.45,baseline,Madden 27 baseline,Active,,00-0037129,False,Active,False,,2026-09-15T15:01:49+00:00,Sleeper,,KR|LCB|PR
Gervarrius Owens,CHI,SS,DB,64.0,66.16,,0.0,0.0,66.16,baseline,Madden 27 baseline,,,,False,,False,,,,,
Sam Roush,CHI,TE,TE,65.0,66.06,,0.0,0.0,66.06,baseline,Madden 27 baseline,Active,,00-0041558,False,Active,False,,2026-09-15T15:01:49+00:00,Sleeper,,TE
Case Keenum,CHI,QB,QB,63.0,66.0,,0.0,0.0,66.0,baseline,Madden 27 baseline,Active,,00-0028986,False,Active,False,,2026-09-15T15:01:49+00:00,Sleeper,,QB
Miller Moss,CHI,QB,QB,66.0,66.0,,0.0,0.0,66.0,baseline,Replacement-level estimate baseline,Active,Out,00-0041172,False,Out,True,,2026-09-15T15:01:49+00:00,Sleeper,,QB
Brittain Brown,CHI,HB,RB,62.0,65.0,,0.0,0.0,65.0,baseline,Madden 27 baseline,Inactive,IR,00-0037329,False,Out,True,,2026-09-15T15:01:49+00:00,Sleeper,,RB
Jon Rhattigan,CHI,LB,LB,63.0,64.76,,0.0,0.0,64.76,baseline,Madden 27 baseline,,,,False,,False,,,,,
Kyle Hergel,CHI,RG,OL,62.0,64.27,,0.0,0.0,64.27,baseline,Madden 27 baseline,Active,,00-0039624,False,Active,False,,2026-09-15T15:01:49+00:00,Sleeper,,
Maurice Alexander,CHI,WR,WR,62.0,63.88,,0.0,0.0,63.88,baseline,Madden 27 baseline,CUT,,00-0037708,False,,False,,,,,
Beau Gardner,CHI,LS,ST,66.0,63.0,,0.0,0.0,63.0,baseline,Madden 27 baseline,Active,,00-0041167,False,Active,False,,2026-09-15T15:01:49+00:00,Sleeper,,LS
Tyson Bagent,CHI,QB,QB,59.0,62.0,,0.0,0.0,62.0,baseline,Madden 27 baseline,Active,Out,00-0038416,False,Out,True,,2026-09-15T15:01:49+00:00,Sleeper,,QB
Stephen Carlson,CHI,TE,TE,60.0,61.78,,0.0,0.0,61.78,baseline,Madden 27 baseline,Active,,00-0035039,False,Active,False,,2026-09-15T15:01:49+00:00,Sleeper,,
Nikola Kalinic,CHI,TE,TE,58.0,60.4,,0.0,0.0,60.4,baseline,Madden 27 baseline,Inactive,IR,00-0037031,False,Out,True,,2026-09-15T15:01:49+00:00,Sleeper,,TE
Ja'Marr Chase,CIN,WR,WR,99.0,98.32,68.96688741721854,0.021333333333333336,0.0,97.69,baseline,Madden 27 + nflverse performance,Active,,00-0036900,False,Active,False,,2026-09-15T15:01:49+00:00,Sleeper,,WR
Joe Burrow,CIN,QB,QB,97.0,96.11,73.04054054054053,0.05600000000000001,0.0,94.82,baseline,Madden 27 + nflverse performance,Active,,00-0036442,False,Active,False,,2026-09-15T15:01:49+00:00,Sleeper,,QB
Dexter Lawrence II,CIN,DT,DL,93.0,91.88,,0.0,0.0,91.88,baseline,Madden 27 baseline,Active,,00-0035683,False,Active,False,,2026-09-15T15:01:49+00:00,Sleeper,,LDT
Jonathan Allen,CIN,DT,DL,88.0,87.27,,0.0,0.0,87.27,baseline,Madden 27 baseline,Active,,00-0033523,False,Active,False,,2026-09-15T15:01:49+00:00,Sleeper,,RDT
Tee Higgins,CIN,WR,WR,87.0,87.2,78.71523178807946,0.032,0.0,86.93,baseline,Madden 27 + nflverse performance,Active,,00-0036410,False,Active,False,,2026-09-15T15:01:49+00:00,Sleeper,,WR
Evan McPherson,CIN,K,ST,81.0,84.0,,0.0,0.0,84.0,baseline,Madden 27 baseline,Active,,00-0036854,False,Active,False,,2026-09-15T15:01:49+00:00,Sleeper,,PK
Chase Brown,CIN,HB,RB,82.0,83.05,84.77173913043478,0.0512,0.0,83.14,baseline,Madden 27 + nflverse performance,Active,,00-0038597,False,Active,False,,2026-09-15T15:01:49+00:00,Sleeper,,RB
DJ Turner II,CIN,CB,DB,83.0,82.9,,0.0,0.0,82.9,baseline,Madden 27 baseline,Active,,00-0038549,False,Active,False,,2026-09-15T15:01:49+00:00,Sleeper,,RCB
Bryan Cook,CIN,FS,DB,80.0,78.98,,0.0,0.0,78.98,baseline,Madden 27 baseline,Active,,00-0037193,False,Active,False,,2026-09-15T15:01:49+00:00,Sleeper,,FS
Dax Hill,CIN,CB,DB,78.0,78.52,,0.0,0.0,78.52,baseline,Madden 27 baseline,Active,,00-0037743,False,Active,False,,2026-09-15T15:01:49+00:00,Sleeper,,LCB
Boye Mafe,CIN,EDGE,DL,78.0,78.04,,0.0,0.0,78.04,baseline,Madden 27 baseline,Active,,00-0038133,False,Active,False,,2026-09-15T15:01:49+00:00,Sleeper,,LDE
Ryan Rehkow,CIN,P,ST,75.0,78.0,,0.0,0.0,78.0,baseline,Madden 27 baseline,Active,,00-0039323,False,Active,False,,2026-09-15T15:01:49+00:00,Sleeper,,H|P
Ted Karras,CIN,C,OL,76.0,77.2,,0.0,0.0,77.2,baseline,Madden 27 baseline,Active,,00-0032445,False,Active,False,,2026-09-15T15:01:49+00:00,Sleeper,,C
Kyle Dugger,CIN,SS,DB,77.0,77.05,,0.0,0.0,77.05,baseline,Madden 27 baseline,Active,,00-0036231,False,Active,False,,2026-09-15T15:01:49+00:00,Sleeper,,SS
Amarius Mims,CIN,RT,OL,76.0,76.98,,0.0,0.0,76.98,baseline,Madden 27 baseline,Active,,00-0039925,False,Active,False,,2026-09-15T15:01:49+00:00,Sleeper,,RT
Samaje Perine,CIN,HB,RB,75.0,77.06,72.2391304347826,0.016,0.0,76.98,baseline,Madden 27 + nflverse performance,Active,,00-0033526,False,Active,False,,2026-09-15T15:01:49+00:00,Sleeper,,KR|RB
Orlando Brown Jr,CIN,LT,OL,76.0,76.97,,0.0,0.0,76.97,baseline,Madden 27 baseline,Active,,00-0034752,False,Active,False,,2026-09-15T15:01:49+00:00,Sleeper,,LT
Mike Gesicki,CIN,TE,TE,77.0,76.02,90.24374999999999,0.04666666666666667,0.0,76.68,baseline,Madden 27 + nflverse performance,Active,,00-0034829,False,Active,False,,2026-09-15T15:01:49+00:00,Sleeper,,TE
Cashius Howell,CIN,EDGE,DL,77.0,76.52,,0.0,0.0,76.52,baseline,Madden 27 baseline,Active,,00-0041546,False,Active,False,,2026-09-15T15:01:49+00:00,Sleeper,,LDE
B.J. Hill,CIN,DT,DL,76.0,76.41,,0.0,0.0,76.41,baseline,Madden 27 baseline,Active,,00-0034800,False,Active,False,,2026-09-15T15:01:49+00:00,Sleeper,,RDT
Jordan Battle,CIN,SS,DB,76.0,76.16,,0.0,0.0,76.16,baseline,Madden 27 baseline,Active,,00-0038560,False,Active,False,,2026-09-15T15:01:49+00:00,Sleeper,,SS
Dalton Risner,CIN,RG,OL,74.0,75.36,,0.0,0.0,75.36,baseline,Madden 27 baseline,Active,,00-0035702,False,Active,False,,2026-09-15T15:01:49+00:00,Sleeper,,RG
Joe Flacco,CIN,QB,QB,73.0,75.32,,0.0,0.0,75.32,baseline,Madden 27 baseline,Active,,00-0026158,False,Active,False,,2026-09-15T15:01:49+00:00,Sleeper,,QB
Kris Jenkins Jr,CIN,DT,DL,74.0,74.61,,0.0,0.0,74.61,baseline,Madden 27 baseline,Active,,00-0039908,False,Active,False,,2026-09-15T15:01:49+00:00,Sleeper,,RDT
Andrei Iosivas,CIN,WR,WR,73.0,74.7,68.04304635761589,0.016,0.0,74.59,baseline,Madden 27 + nflverse performance,Active,,00-0038619,False,Active,False,,2026-09-15T15:01:49+00:00,Sleeper,,WR
Shemar Stewart,CIN,EDGE,DL,74.0,74.53,,0.0,0.0,74.53,baseline,Madden 27 baseline,Active,Out,00-0040756,False,Out,True,,2026-09-15T15:01:49+00:00,Sleeper,,RDE
Tahj Brooks,CIN,HB,RB,71.0,74.0,57.12500000000001,0.0,0.0,74.0,baseline,Madden 27 baseline,Active,,00-0040208,False,Active,False,,2026-09-15T15:01:49+00:00,Sleeper,,KR|RB
Demetrius Knight Jr,CIN,LB,LB,73.0,73.76,,0.0,0.0,73.76,baseline,Madden 27 baseline,Active,,00-0040738,False,Active,False,,2026-09-15T15:01:49+00:00,Sleeper,,WLB
Myles Murphy,CIN,EDGE,DL,73.0,73.49,,0.0,0.0,73.49,baseline,Madden 27 baseline,Active,,00-0038546,False,Active,False,,2026-09-15T15:01:49+00:00,Sleeper,,RDE
Dylan Fairchild,CIN,LG,OL,72.0,73.22,,0.0,0.0,73.22,baseline,Madden 27 baseline,Active,,00-0040140,False,Active,False,,2026-09-15T15:01:49+00:00,Sleeper,,LG
Josh Newton,CIN,CB,DB,71.0,72.45,,0.0,0.0,72.45,baseline,Madden 27 baseline,Active,Out,00-0039375,False,Out,True,,2026-09-15T15:01:49+00:00,Sleeper,,SCB
Colbie Young,CIN,WR,WR,70.0,72.36,,0.0,0.0,72.36,baseline,Madden 27 baseline,Active,,00-0041069,False,Active,False,,2026-09-15T15:01:49+00:00,Sleeper,,WR
Charlie Jones,CIN,WR,WR,70.0,72.31,,0.0,0.0,72.31,baseline,Madden 27 baseline,,,,False,,False,,,,,
Mitchell Tinsley,CIN,WR,WR,71.0,72.3,,0.0,0.0,72.3,baseline,Madden 27 baseline,,,,False,,False,,,,,
Tacario Davis,CIN,CB,DB,71.0,72.21,,0.0,0.0,72.21,baseline,Madden 27 baseline,Active,,00-0041464,False,Active,False,,2026-09-15T15:01:49+00:00,Sleeper,,LCB
Ja'Sir Taylor,CIN,CB,DB,71.0,72.15,,0.0,0.0,72.15,baseline,Madden 27 baseline,Inactive,IR,00-0037307,False,Out,True,,2026-09-15T15:01:49+00:00,Sleeper,,SCB
T.J. Slaton,CIN,DT,DL,70.0,71.22,,0.0,0.0,71.22,baseline,Madden 27 baseline,Active,,,False,Active,False,,2026-09-15T15:01:49+00:00,Sleeper,,
Connor Lew,CIN,C,OL,69.0,70.95,,0.0,0.0,70.95,baseline,Madden 27 baseline,Active,Out,00-0041062,False,Out,True,,2026-09-15T15:01:49+00:00,Sleeper,,C
Isaiah Foskey,CIN,EDGE,DL,70.0,70.83,,0.0,0.0,70.83,baseline,Madden 27 baseline,Active,,00-0039143,False,Active,False,,2026-09-15T15:01:49+00:00,Sleeper,,
Dohnte Meyers,CIN,WR,WR,70.67,70.67,67.53311258278146,0.005333333333333334,0.0,70.65,baseline,Replacement-level estimate + nflverse performance,Active,,00-0040785,False,Active,False,,2026-09-15T15:01:49+00:00,Sleeper,,WR
Cedric Johnson,CIN,EDGE,DL,69.0,70.47,,0.0,0.0,70.47,baseline,Madden 27 baseline,Active,,00-0039752,False,Active,False,,2026-09-15T15:01:49+00:00,Sleeper,,RDE
McKinnley Jackson,CIN,DT,DL,69.0,70.32,,0.0,0.0,70.32,baseline,Madden 27 baseline,CUT,,00-0039354,False,,False,,,,,
Barrett Carter,CIN,LB,LB,69.0,70.31,,0.0,0.0,70.31,baseline,Madden 27 baseline,Active,,00-0040157,False,Active,False,,2026-09-15T15:01:49+00:00,Sleeper,,MLB
Oren Burks,CIN,LB,LB,69.0,70.27,,0.0,0.0,70.27,baseline,Madden 27 baseline,Active,,00-0034754,False,Active,False,,2026-09-15T15:01:49+00:00,Sleeper,,SLB
Jordan Jefferson,CIN,DT,DL,69.0,70.26,,0.0,0.0,70.26,baseline,Madden 27 baseline,,,,False,,False,,,,,
Brian Parker II,CIN,LG,OL,68.0,69.69,,0.0,0.0,69.69,baseline,Madden 27 baseline,Inactive,,00-0041098,False,Active,False,,2026-09-15T15:01:49+00:00,Sleeper,,LG
Cody Ford,CIN,LT,OL,68.0,69.52,,0.0,0.0,69.52,baseline,Madden 27 baseline,,,,False,,False,,,,,
Russ Yeast,CIN,FS,DB,68.0,69.51,,0.0,0.0,69.51,baseline,Madden 27 baseline,Active,,00-0037844,False,Active,False,,2026-09-15T15:01:49+00:00,Sleeper,,
Antwaun Powell-Ryland,CIN,EDGE,DL,68.0,69.41,,0.0,0.0,69.41,baseline,Madden 27 baseline,CUT,,00-0040018,False,,False,,,,,
Drew Sample,CIN,TE,TE,68.0,68.91,74.78125,0.020000000000000004,0.0,69.03,baseline,Madden 27 + nflverse performance,Active,,00-0035631,False,Active,False,,2026-09-15T15:01:49+00:00,Sleeper,,TE
Ke'Shawn Williams,CIN,WR,WR,66.0,69.0,,0.0,0.0,69.0,baseline,Madden 27 baseline,Active,,00-0040534,False,Active,False,,2026-09-15T15:01:49+00:00,Sleeper,,KR|PR|WR
Javon Foster,CIN,LT,OL,67.0,68.97,,0.0,0.0,68.97,baseline,Madden 27 baseline,Active,,00-0039742,False,Active,False,,2026-09-15T15:01:49+00:00,Sleeper,,LT
DJ Ivey,CIN,CB,DB,67.0,68.69,,0.0,0.0,68.69,baseline,Madden 27 baseline,Active,,00-0038642,False,Active,False,,2026-09-15T15:01:49+00:00,Sleeper,,RCB
Tanner Hudson,CIN,TE,TE,68.0,68.68,62.00625,0.006666666666666667,0.0,68.64,baseline,Madden 27 + nflverse performance,Active,,00-0034613,False,Active,False,,2026-09-15T15:01:49+00:00,Sleeper,,
Erick All Jr,CIN,TE,TE,68.0,68.52,,0.0,0.0,68.52,baseline,Madden 27 baseline,Active,,00-0039814,False,Active,False,,2026-09-15T15:01:49+00:00,Sleeper,,TE
Jalen Rivers,CIN,RG,OL,67.0,68.36,,0.0,0.0,68.36,baseline,Madden 27 baseline,Active,,00-0040180,False,Active,False,,2026-09-15T15:01:49+00:00,Sleeper,,LG
Jalen Davis,CIN,CB,DB,66.0,68.15,,0.0,0.0,68.15,baseline,Madden 27 baseline,Active,,00-0034446,False,Active,False,,2026-09-15T15:01:49+00:00,Sleeper,,SCB
Kendall Milton,CIN,HB,RB,65.0,68.0,,0.0,0.0,68.0,baseline,Madden 27 baseline,Active,,00-0039266,False,Active,False,,2026-09-15T15:01:49+00:00,Sleeper,,
Myles Hinton,CIN,LG,OL,66.0,67.85,,0.0,0.0,67.85,baseline,Madden 27 baseline,Active,Out,00-0040015,True,Out,True,,2026-09-15T15:01:49+00:00,Sleeper,,RT
Daijahn Anthony,CIN,FS,DB,66.0,67.54,,0.0,0.0,67.54,baseline,Madden 27 baseline,CUT,,00-0039414,False,,False,,,,,
Landon Robinson,CIN,DT,DL,66.0,67.28,,0.0,0.0,67.28,baseline,Madden 27 baseline,Active,Out,00-0041118,False,Out,True,,2026-09-15T15:01:49+00:00,Sleeper,,RDT
Jack Endries,CIN,TE,TE,66.0,66.9,,0.0,0.0,66.9,baseline,Madden 27 baseline,Active,Out,00-0041116,False,Out,True,,2026-09-15T15:01:49+00:00,Sleeper,,TE
Jacob Bayer,CIN,RG,OL,66.25,66.25,,0.0,0.0,66.25,baseline,Replacement-level estimate baseline,Active,,00-0040359,False,Active,False,,2026-09-15T15:01:49+00:00,Sleeper,,RG
Gary Brightwell,CIN,HB,RB,63.0,66.0,,0.0,0.0,66.0,baseline,Madden 27 baseline,,,,False,,False,,,,,
Swayze Bozeman,CIN,LB,LB,64.0,65.58,,0.0,0.0,65.58,baseline,Madden 27 baseline,Active,,00-0039313,False,Active,False,,2026-09-15T15:01:49+00:00,Sleeper,,SLB
Kendric Pryor,CIN,WR,WR,63.0,65.25,,0.0,0.0,65.25,baseline,Madden 27 baseline,CUT,,00-0037422,False,,False,,,,,
Joe Giles-Harris,CIN,LB,LB,64.0,65.22,,0.0,0.0,65.22,baseline,Madden 27 baseline,Active,,00-0035363,False,Active,False,,2026-09-15T15:01:49+00:00,Sleeper,,MLB
PJ Jules,CIN,SS,DB,63.0,65.2,,0.0,0.0,65.2,baseline,Madden 27 baseline,Active,,00-0039632,False,Active,False,,2026-09-15T15:01:49+00:00,Sleeper,,FS
Josh Johnson,CIN,QB,QB,62.0,65.0,,0.0,0.0,65.0,baseline,Madden 27 baseline,Active,,00-0026300,False,Active,False,,2026-09-15T15:01:49+00:00,Sleeper,,
Liam Anderson,CIN,LB,LB,62.0,63.86,,0.0,0.0,63.86,baseline,Madden 27 baseline,,,,False,,False,,,,,
Howard Cross III,CIN,DT,DL,61.0,63.15,,0.0,0.0,63.15,baseline,Madden 27 baseline,Active,,00-0040369,False,Active,False,,2026-09-15T15:01:49+00:00,Sleeper,,
Cam Grandy,CIN,TE,TE,61.0,62.8,,0.0,0.0,62.8,baseline,Madden 27 baseline,,,,False,,False,,,,,
Shaka Heyward,CIN,LB,LB,60.0,62.24,,0.0,0.0,62.24,baseline,Madden 27 baseline,Active,,00-0038890,False,Active,False,,2026-09-15T15:01:49+00:00,Sleeper,,
Corey Robinson II,CIN,RT,OL,59.0,62.0,,0.0,0.0,62.0,baseline,Madden 27 baseline,CUT,,00-0041247,False,,False,,,,,
Andrew Coker,CIN,RT,OL,59.0,61.56,,0.0,0.0,61.56,baseline,Madden 27 baseline,CUT,,00-0039535,False,,False,,,,,
Sean Clifford,CIN,QB,QB,58.0,61.0,,0.0,0.0,61.0,baseline,Madden 27 baseline,Active,,00-0038391,False,Active,False,,2026-09-15T15:01:49+00:00,Sleeper,,
William Wagner,CIN,LS,ST,63.0,60.0,,0.0,0.0,60.0,baseline,Madden 27 baseline,Active,,00-0040379,False,Active,False,,2026-09-15T15:01:49+00:00,Sleeper,,LS
Denzel Ward,CLE,CB,DB,93.0,92.52,,0.0,0.0,92.52,baseline,Madden 27 baseline,Active,,00-0034856,False,Active,False,,2026-09-15T15:01:49+00:00,Sleeper,,LCB
Jared Verse,CLE,EDGE,DL,88.0,87.01,,0.0,0.0,87.01,baseline,Madden 27 baseline,Active,,00-0039852,False,Active,False,,2026-09-15T15:01:49+00:00,Sleeper,,RDE
Elgton Jenkins,CLE,C,OL,84.0,83.83,,0.0,0.0,83.83,baseline,Madden 27 baseline,Active,,00-0035526,False,Active,False,,2026-09-15T15:01:49+00:00,Sleeper,,C
Quinshon Judkins,CLE,HB,RB,82.0,83.35,74.28260869565217,0.038400000000000004,0.0,83.0,baseline,Madden 27 + nflverse performance,Active,,00-0040784,False,Active,False,,2026-09-15T15:01:49+00:00,Sleeper,,RB
Corey Bojorquez,CLE,P,ST,80.0,83.0,,0.0,0.0,83.0,baseline,Madden 27 baseline,Active,,00-0034721,False,Active,False,,2026-09-15T15:01:49+00:00,Sleeper,,H|P
Carson Schwesinger,CLE,LB,LB,83.0,82.73,,0.0,0.0,82.73,baseline,Madden 27 baseline,Active,,00-0040579,False,Active,False,,2026-09-15T15:01:49+00:00,Sleeper,,MLB
Jeremiah Owusu-Koramoah,CLE,LB,LB,83.0,82.71,,0.0,0.0,82.71,baseline,Madden 27 baseline,Active,PUP,00-0036915,False,Out,True,,2026-09-15T15:01:49+00:00,Sleeper,,WLB
Grant Delpit,CLE,SS,DB,82.0,81.8,,0.0,0.0,81.8,baseline,Madden 27 baseline,Active,,00-0036282,False,Active,False,,2026-09-15T15:01:49+00:00,Sleeper,,SS
Jerry Jeudy,CLE,WR,WR,81.0,81.64,71.4205298013245,0.021333333333333336,0.0,81.42,baseline,Madden 27 + nflverse performance,Active,,00-0036407,False,Active,False,,2026-09-15T15:01:49+00:00,Sleeper,,WR
Tytus Howard,CLE,RT,OL,80.0,80.47,,0.0,0.0,80.47,baseline,Madden 27 baseline,Active,,00-0035234,False,Active,False,,2026-09-15T15:01:49+00:00,Sleeper,,RT
Mason Graham,CLE,DT,DL,80.0,80.08,,0.0,0.0,80.08,baseline,Madden 27 baseline,Active,,00-0040685,False,Active,False,,2026-09-15T15:01:49+00:00,Sleeper,,LDT
Spencer Fano,CLE,LT,OL,79.0,79.64,,0.0,0.0,79.64,baseline,Madden 27 baseline,Active,,00-0041030,False,Active,False,,2026-09-15T15:01:49+00:00,Sleeper,,LT
Tyson Campbell,CLE,CB,DB,79.0,79.59,,0.0,0.0,79.59,baseline,Madden 27 baseline,Active,,00-0036974,False,Active,False,,2026-09-15T15:01:49+00:00,Sleeper,,RCB
Quincy Williams,CLE,LB,LB,79.0,79.42,,0.0,0.0,79.42,baseline,Madden 27 baseline,Active,,00-0035680,False,Active,False,,2026-09-15T15:01:49+00:00,Sleeper,,SLB
Zion Johnson,CLE,LG,OL,78.0,78.63,,0.0,0.0,78.63,baseline,Madden 27 baseline,Active,,00-0037818,False,Active,False,,2026-09-15T15:01:49+00:00,Sleeper,,LG
Harold Fannin Jr,CLE,TE,TE,80.0,78.51,73.75625,0.020000000000000004,0.0,78.41,baseline,Madden 27 + nflverse performance,Active,,00-0040663,False,Active,False,,2026-09-15T15:01:49+00:00,Sleeper,,TE
Teven Jenkins,CLE,RG,OL,77.0,77.88,,0.0,0.0,77.88,baseline,Madden 27 baseline,Active,Out,00-0036953,False,Out,True,,2026-09-15T15:01:49+00:00,Sleeper,,RG
Maliek Collins,CLE,DT,DL,77.0,77.7,,0.0,0.0,77.7,baseline,Madden 27 baseline,Active,,00-0033131,False,Active,False,,2026-09-15T15:01:49+00:00,Sleeper,,RDT
Dylan Sampson,CLE,HB,RB,75.0,77.47,57.12500000000001,0.0,0.0,77.47,baseline,Madden 27 baseline,Active,Out,00-0040162,False,Out,True,,2026-09-15T15:01:49+00:00,Sleeper,,KR|RB
Mekhi Blackmon,CLE,CB,DB,76.0,76.69,,0.0,0.0,76.69,baseline,Madden 27 baseline,Active,,00-0038565,True,Active,False,,2026-09-15T15:01:49+00:00,Sleeper,,RCB
KC Concepcion Jr,CLE,WR,WR,75.0,76.59,78.74172185430463,0.02666666666666667,0.0,76.65,baseline,Madden 27 + nflverse performance,Active,,00-0041547,False,Active,False,,2026-09-15T15:01:49+00:00,Sleeper,,PR|WR
Ronnie Hickman,CLE,FS,DB,76.0,76.38,,0.0,0.0,76.38,baseline,Madden 27 baseline,Active,,00-0038715,False,Active,False,,2026-09-15T15:01:49+00:00,Sleeper,,FS
Cedric Tillman,CLE,WR,WR,74.0,75.9,,0.0,0.0,75.9,baseline,Madden 27 baseline,,,,False,,False,,,,,
Denzel Boston,CLE,WR,WR,74.0,75.67,81.80794701986754,0.021333333333333336,0.0,75.8,baseline,Madden 27 + nflverse performance,Active,,00-0041037,False,Active,False,,2026-09-15T15:01:49+00:00,Sleeper,,PR|WR
Emmanuel McNeil-Warren,CLE,FS,DB,75.0,75.01,,0.0,0.0,75.01,baseline,Madden 27 baseline,Active,,00-0041471,False,Active,False,,2026-09-15T15:01:49+00:00,Sleeper,,SS
Andre Szmyt,CLE,K,ST,71.0,74.0,,0.0,0.0,74.0,baseline,Madden 27 baseline,Active,,00-0038428,False,Active,False,,2026-09-15T15:01:49+00:00,Sleeper,,PK
Derek Barnett,CLE,DE,DL,71.0,74.0,,0.0,0.0,74.0,baseline,Prior-year Madden -2 baseline,Active,,00-0033876,False,Active,False,,2026-09-15T15:01:49+00:00,Sleeper,,LDE
Mike Hall Jr,CLE,DT,DL,72.0,73.51,,0.0,0.0,73.51,baseline,Madden 27 baseline,Active,,00-0039895,False,Active,False,,2026-09-15T15:01:49+00:00,Sleeper,,RDT
Austin Barber,CLE,RT,OL,72.0,73.31,,0.0,0.0,73.31,baseline,Madden 27 baseline,Active,,00-0041049,False,Active,False,,2026-09-15T15:01:49+00:00,Sleeper,,RG|RT
Alex Wright,CLE,EDGE,DL,72.0,73.31,,0.0,0.0,73.31,baseline,Madden 27 baseline,Inactive,IR,00-0037251,False,Out,True,,2026-09-15T15:01:49+00:00,Sleeper,,LDE
Sam Williams,CLE,EDGE,DL,73.0,73.11,,0.0,0.0,73.11,baseline,Madden 27 baseline,Active,,00-0037665,True,Active,False,,2026-09-15T15:01:49+00:00,Sleeper,,RDE
Isaiah McGuire,CLE,EDGE,DL,72.0,73.04,,0.0,0.0,73.04,baseline,Madden 27 baseline,Active,,00-0038574,False,Active,False,,2026-09-15T15:01:49+00:00,Sleeper,,LDE
Tylan Wallace,CLE,WR,WR,71.0,72.76,,0.0,0.0,72.76,baseline,Madden 27 baseline,Active,,00-0036630,False,Active,False,,2026-09-15T15:01:49+00:00,Sleeper,,PR|WR
Noah Igbinoghene,CLE,CB,DB,71.0,72.22,,0.0,0.0,72.22,baseline,Madden 27 baseline,Active,Out,00-0036287,True,Out,True,,2026-09-15T15:01:49+00:00,Sleeper,,SCB
Elijah Chatman,CLE,DT,DL,71.0,72.16,,0.0,0.0,72.16,baseline,Madden 27 baseline,RES,,00-0039764,False,,False,,,,,RDT
Shedeur Sanders,CLE,QB,QB,69.0,72.0,,0.0,0.0,72.0,baseline,Madden 27 baseline,Active,,00-0040668,False,Active,False,,2026-09-15T15:01:49+00:00,Sleeper,,QB
Raheim Sanders,CLE,HB,RB,69.0,72.0,66.67934782608697,0.0032,0.0,71.98,baseline,Madden 27 + nflverse performance,Active,,00-0040466,False,Active,False,,2026-09-15T15:01:49+00:00,Sleeper,,RB
Damarri Mathis,CLE,CB,DB,70.0,71.65,,0.0,0.0,71.65,baseline,Madden 27 baseline,Inactive,IR,00-0038105,False,Out,True,,2026-09-15T15:01:49+00:00,Sleeper,,LCB
Deshaun Watson,CLE,QB,QB,69.0,71.71,66.10810810810811,0.0352,0.0,71.51,baseline,Madden 27 + nflverse performance,Active,,00-0033537,False,Active,False,,2026-09-15T15:01:49+00:00,Sleeper,,QB
Jamari Thrash,CLE,WR,WR,69.0,71.49,,0.0,0.0,71.49,baseline,Madden 27 baseline,CUT,,00-0039379,False,,False,,,,,
Zak Zinter,CLE,LG,OL,70.0,71.36,,0.0,0.0,71.36,baseline,Madden 27 baseline,Active,,00-0039350,False,Active,False,,2026-09-15T15:01:49+00:00,Sleeper,,LG
Isaiah Bond,CLE,WR,WR,69.0,71.36,,0.0,0.0,71.36,baseline,Madden 27 baseline,Active,,00-0040782,False,Active,False,,2026-09-15T15:01:49+00:00,Sleeper,,PR|WR
Malachi Corley,CLE,WR,WR,69.0,71.27,56.473509933774835,0.0,0.0,71.27,baseline,Madden 27 baseline,Active,,00-0039920,False,Active,False,,2026-09-15T15:01:49+00:00,Sleeper,,KR|WR
Tyre Phillips,CLE,RT,OL,69.0,70.67,,0.0,0.0,70.67,baseline,Madden 27 baseline,,,,False,,False,,,,,
Kendrick Green,CLE,LG,OL,69.0,70.1,,0.0,0.0,70.1,baseline,Madden 27 baseline,Inactive,IR,00-0036983,False,Out,True,,2026-09-15T15:01:49+00:00,Sleeper,,LG
Julian Okwara,CLE,EDGE,DL,69.0,70.08,,0.0,0.0,70.08,baseline,Madden 27 baseline,CUT,,00-0036249,False,,False,,,,,
Dillon Gabriel,CLE,QB,QB,67.0,70.0,,0.0,0.0,70.0,baseline,Madden 27 baseline,Inactive,IR,00-0040704,False,Out,True,,2026-09-15T15:01:49+00:00,Sleeper,,QB
Dawand Jones,CLE,LT,OL,68.0,69.94,,0.0,0.0,69.94,baseline,Madden 27 baseline,Active,,00-0039014,False,Active,False,,2026-09-15T15:01:49+00:00,Sleeper,,LT
KT Leveston,CLE,RG,OL,68.0,69.68,,0.0,0.0,69.68,baseline,Madden 27 baseline,Active,,00-0039755,False,Active,False,,2026-09-15T15:01:49+00:00,Sleeper,,
Myles Bryant,CLE,SS,DB,68.0,69.55,,0.0,0.0,69.55,baseline,Madden 27 baseline,Active,,00-0036087,False,Active,False,,2026-09-15T15:01:49+00:00,Sleeper,,
Myles Harden,CLE,CB,DB,68.0,69.32,,0.0,0.0,69.32,baseline,Madden 27 baseline,Active,,00-0039417,False,Active,False,,2026-09-15T15:01:49+00:00,Sleeper,,SCB
Nathaniel Watson,CLE,LB,LB,68.0,69.32,,0.0,0.0,69.32,baseline,Madden 27 baseline,Active,,00-0039406,False,Active,False,,2026-09-15T15:01:49+00:00,Sleeper,,MLB
Parker Brailsford,CLE,C,OL,67.0,69.0,,0.0,0.0,69.0,baseline,Madden 27 baseline,Active,Out,00-0041073,False,Out,True,,2026-09-15T15:01:49+00:00,Sleeper,,C
Justin Jefferson,CLE,LB,LB,67.0,68.56,,0.0,0.0,68.56,baseline,Madden 27 baseline,Active,Out,00-0041075,False,Out,True,,2026-09-15T15:01:49+00:00,Sleeper,,SLB
Kalia Davis,CLE,DT,DL,67.0,68.55,,0.0,0.0,68.55,baseline,Madden 27 baseline,Inactive,IR,00-0037832,False,Out,True,,2026-09-15T15:01:49+00:00,Sleeper,,LDT
Toriano Pride Jr.,CLE,CB,DB,67.0,68.42,,0.0,0.0,68.42,baseline,Madden 27 baseline,Active,Out,00-0041115,True,Out,True,,2026-09-15T15:01:49+00:00,Sleeper,,LCB
Gage Larvadain,CLE,WR,WR,66.0,68.41,,0.0,0.0,68.41,baseline,Madden 27 baseline,CUT,,00-0040259,False,,False,,,,,
Luke Wypler,CLE,C,OL,66.0,67.82,,0.0,0.0,67.82,baseline,Madden 27 baseline,Active,,00-0038609,False,Active,False,,2026-09-15T15:01:49+00:00,Sleeper,,C
Winston Reid,CLE,LB,LB,67.0,67.73,,0.0,0.0,67.73,baseline,Madden 27 baseline,Active,,00-0039515,False,Active,False,,2026-09-15T15:01:49+00:00,Sleeper,,WLB
Edefuan Ulofoshio,CLE,LB,LB,66.0,67.54,,0.0,0.0,67.54,baseline,Madden 27 baseline,RES,,00-0039878,False,,False,,,,,MLB
Taylen Green,CLE,QB,QB,65.0,67.54,,0.0,0.0,67.54,baseline,Madden 27 baseline,Active,Out,00-0041092,False,Out,True,,2026-09-15T15:01:49+00:00,Sleeper,,QB
Daniel Thomas,CLE,SS,DB,66.0,67.11,,0.0,0.0,67.11,baseline,Madden 27 baseline,Active,Out,00-0036306,False,Out,True,,2026-09-15T15:01:49+00:00,Sleeper,,SS
Adin Huntington,CLE,DT,DL,65.0,67.08,,0.0,0.0,67.08,baseline,Madden 27 baseline,Active,,00-0040255,False,Active,False,,2026-09-15T15:01:49+00:00,Sleeper,,LDT
Joe Royer,CLE,TE,TE,66.0,67.01,,0.0,0.0,67.01,baseline,Madden 27 baseline,Active,PUP,00-0041087,False,Out,True,,2026-09-15T15:01:49+00:00,Sleeper,,TE
Michael Burton,CLE,FB,RB,66.0,66.23,,0.0,0.0,66.23,baseline,Madden 27 baseline,Active,,00-0031595,False,Active,False,,2026-09-15T15:01:49+00:00,Sleeper,,FB
D'Angelo Ross,CLE,CB,DB,64.0,65.6,,0.0,0.0,65.6,baseline,Madden 27 baseline,Active,,00-0034966,False,Active,False,,2026-09-15T15:01:49+00:00,Sleeper,,RCB
Brenden Bates,CLE,TE,TE,64.0,65.44,,0.0,0.0,65.44,baseline,Madden 27 baseline,,,,False,,False,,,,,
Easton Mascarenas-Arnold,CLE,LB,LB,64.0,65.4,,0.0,0.0,65.4,baseline,Madden 27 baseline,Active,,00-0040261,False,Active,False,,2026-09-15T15:01:49+00:00,Sleeper,,WLB
Jack Stoll,CLE,TE,TE,64.0,65.37,,0.0,0.0,65.37,baseline,Madden 27 baseline,,,,False,,False,,,,,
Chris Edmonds,CLE,SS,DB,62.0,64.53,,0.0,0.0,64.53,baseline,Madden 27 baseline,CUT,,00-0039513,False,,False,,,,,
Donovan McMillon,CLE,FS,DB,62.0,63.87,,0.0,0.0,63.87,baseline,Madden 27 baseline,Active,,00-0040263,False,Active,False,,2026-09-15T15:01:49+00:00,Sleeper,,FS
Carsen Ryan,CLE,TE,TE,62.0,63.61,56.0125,0.0,0.0,63.61,baseline,Madden 27 baseline,Active,,00-0041131,False,Active,False,,2026-09-15T15:01:49+00:00,Sleeper,,TE
Sam Kamara,CLE,DT,DL,61.0,63.58,,0.0,0.0,63.58,baseline,Madden 27 baseline,Active,,00-0036705,False,Active,False,,2026-09-15T15:01:49+00:00,Sleeper,,
Blake Whiteheart,CLE,TE,TE,62.0,63.52,66.575,0.006666666666666667,0.0,63.54,baseline,Madden 27 + nflverse performance,Active,,00-0038710,False,Active,False,,2026-09-15T15:01:49+00:00,Sleeper,,TE
Tre Avery,CLE,CB,DB,61.0,63.4,,0.0,0.0,63.4,baseline,Madden 27 baseline,,,,False,,False,,,,,
Jeremiah Byers,CLE,RT,OL,61.0,63.32,,0.0,0.0,63.32,baseline,Madden 27 baseline,CUT,,00-0040380,False,,False,,,,,
Benton Whitley,CLE,EDGE,DL,60.0,62.32,,0.0,0.0,62.32,baseline,Madden 27 baseline,,,,False,,False,,,,,
Kingsley Eguakun,CLE,C,OL,58.0,61.0,,0.0,0.0,61.0,baseline,Madden 27 baseline,,,,False,,False,,,,,
Rex Sunahara,CLE,LS,ST,58.0,55.0,,0.0,0.0,55.0,baseline,Madden 27 baseline,Active,,00-0036443,False,Active,False,,2026-09-15T15:01:49+00:00,Sleeper,,LS
CeeDee Lamb,DAL,WR,WR,93.0,92.89,84.56291390728477,0.04266666666666667,0.0,92.53,baseline,Madden 27 + nflverse performance,Active,,00-0036358,False,Active,False,,2026-09-15T15:01:49+00:00,Sleeper,,WR
Quinnen Williams,DAL,DT,DL,92.0,90.71,,0.0,0.0,90.71,baseline,Madden 27 baseline,Active,,00-0035718,False,Active,False,,2026-09-15T15:01:49+00:00,Sleeper,,LDE
Brandon Aubrey,DAL,K,ST,87.0,90.0,,0.0,0.0,90.0,baseline,Madden 27 baseline,Active,,00-0037692,False,Active,False,,2026-09-15T15:01:49+00:00,Sleeper,,PK
Dak Prescott,DAL,QB,QB,91.0,90.97,70.5135135135135,0.054400000000000004,0.0,89.86,baseline,Madden 27 + nflverse performance,Active,,00-0033077,False,Active,False,,2026-09-15T15:01:49+00:00,Sleeper,,QB
Tyler Smith,DAL,LG,OL,89.0,88.69,,0.0,0.0,88.69,baseline,Madden 27 baseline,Inactive,IR,00-0037243,False,Out,True,,2026-09-15T15:01:49+00:00,Sleeper,,LG
George Pickens,DAL,WR,WR,89.0,89.03,74.37417218543047,0.032,0.0,88.56,baseline,Madden 27 + nflverse performance,Active,,00-0037247,False,Active,False,,2026-09-15T15:01:49+00:00,Sleeper,,WR
Javonte Williams,DAL,HB,RB,86.0,86.27,85.48913043478261,0.038400000000000004,0.0,86.24,baseline,Madden 27 + nflverse performance,Active,,00-0036997,False,Active,False,,2026-09-15T15:01:49+00:00,Sleeper,,RB
Jalen Thompson,DAL,FS,DB,85.0,83.9,,0.0,0.0,83.9,baseline,Madden 27 baseline,Active,,00-0035705,False,Active,False,,2026-09-15T15:01:49+00:00,Sleeper,,SS
DaRon Bland,DAL,CB,DB,83.0,83.45,,0.0,0.0,83.45,baseline,Madden 27 baseline,Active,,00-0037275,False,Active,False,,2026-09-15T15:01:49+00:00,Sleeper,,RCB
Rashan Gary,DAL,EDGE,DL,84.0,83.44,,0.0,0.0,83.44,baseline,Madden 27 baseline,Active,,00-0034967,False,Active,False,,2026-09-15T15:01:49+00:00,Sleeper,,WLB
Von Miller,DAL,OLB,LB,81.0,82.4,,0.0,0.0,82.4,baseline,Prior-year Madden -2 baseline,Active,,00-0027940,False,Active,False,,2026-09-15T15:01:49+00:00,Sleeper,,WLB
Tyler Booker,DAL,RG,OL,82.0,82.05,,0.0,0.0,82.05,baseline,Madden 27 baseline,Active,,00-0040007,False,Active,False,,2026-09-15T15:01:49+00:00,Sleeper,,RG
Bryan Anger,DAL,P,ST,79.0,82.0,,0.0,0.0,82.0,baseline,Madden 27 baseline,Active,,00-0029692,False,Active,False,,2026-09-15T15:01:49+00:00,Sleeper,,H|P
Caleb Downs,DAL,SS,DB,82.0,81.42,,0.0,0.0,81.42,baseline,Madden 27 baseline,Active,,00-0040865,False,Active,False,,2026-09-15T15:01:49+00:00,Sleeper,,PR|SCB
Cobie Durant,DAL,CB,DB,81.0,81.31,,0.0,0.0,81.31,baseline,Madden 27 baseline,Active,,00-0037839,False,Active,False,,2026-09-15T15:01:49+00:00,Sleeper,,LCB
Jake Ferguson,DAL,TE,TE,82.0,80.11,66.88125,0.013333333333333334,0.0,79.93,baseline,Madden 27 + nflverse performance,Active,,00-0038041,False,Active,False,,2026-09-15T15:01:49+00:00,Sleeper,,TE
Kenny Clark,DAL,DT,DL,79.0,79.13,,0.0,0.0,79.13,baseline,Madden 27 baseline,Active,,00-0033120,False,Active,False,,2026-09-15T15:01:49+00:00,Sleeper,,RDE
Malachi Lawrence,DAL,EDGE,DL,78.0,78.37,,0.0,0.0,78.37,baseline,Madden 27 baseline,Active,,00-0041537,False,Active,False,,2026-09-15T15:01:49+00:00,Sleeper,,SLB
DeMarvion Overshown,DAL,LB,LB,77.0,77.72,,0.0,0.0,77.72,baseline,Madden 27 baseline,Active,Questionable,00-0038556,False,Questionable,False,,2026-09-15T15:01:49+00:00,Sleeper,,LILB
Malik Hooker,DAL,FS,DB,78.0,77.71,,0.0,0.0,77.71,baseline,Madden 27 baseline,Active,Out,00-0033877,False,Out,True,,2026-09-15T15:01:49+00:00,Sleeper,,FS
Ryan Flournoy,DAL,WR,WR,76.0,77.68,70.72847682119205,0.021333333333333336,0.0,77.53,baseline,Madden 27 + nflverse performance,Active,,00-0039410,False,Active,False,,2026-09-15T15:01:49+00:00,Sleeper,,WR
Dee Winters,DAL,LB,LB,77.0,77.47,,0.0,0.0,77.47,baseline,Madden 27 baseline,Active,,00-0038625,False,Active,False,,2026-09-15T15:01:49+00:00,Sleeper,,RILB
Cooper Beebe,DAL,C,OL,75.0,76.22,,0.0,0.0,76.22,baseline,Madden 27 baseline,Active,,00-0039348,False,Active,False,,2026-09-15T15:01:49+00:00,Sleeper,,C
KaVontae Turpin,DAL,WR,WR,76.0,76.17,63.85761589403974,0.005333333333333334,0.0,76.1,baseline,Madden 27 + nflverse performance,Active,,00-0037801,False,Active,False,,2026-09-15T15:01:49+00:00,Sleeper,,KR|PR|WR
Marquez Valdes-Scantling,DAL,WR,WR,74.0,76.02,,0.0,0.0,76.02,baseline,Madden 27 baseline,,,,False,,False,,,,,
Jaydon Blue,DAL,HB,RB,73.0,75.97,,0.0,0.0,75.97,baseline,Madden 27 baseline,,,,False,,False,,,,,
Malik Davis,DAL,HB,RB,73.0,75.91,,0.0,0.0,75.91,baseline,Madden 27 baseline,Inactive,IR,00-0037563,False,Out,True,,2026-09-15T15:01:49+00:00,Sleeper,,KR|RB
Terence Steele,DAL,RT,OL,75.0,75.84,,0.0,0.0,75.84,baseline,Madden 27 baseline,Active,,00-0036036,False,Active,False,,2026-09-15T15:01:49+00:00,Sleeper,,RT
Derion Kendrick,DAL,CB,DB,74.0,75.81,,0.0,0.0,75.81,baseline,Madden 27 baseline,Active,,00-0037842,False,Active,False,,2026-09-15T15:01:49+00:00,Sleeper,,
Donovan Ezeiruaku,DAL,EDGE,DL,75.0,75.63,,0.0,0.0,75.63,baseline,Madden 27 baseline,Active,,00-0040725,False,Active,False,,2026-09-15T15:01:49+00:00,Sleeper,,SLB
Trent Sieg,DAL,LS,ST,78.0,75.0,,0.0,0.0,75.0,baseline,Madden 27 baseline,Active,,00-0034198,False,Active,False,,2026-09-15T15:01:49+00:00,Sleeper,,LS
Tyler Guyton,DAL,LT,OL,73.0,74.52,,0.0,0.0,74.52,baseline,Madden 27 baseline,Active,,00-0039341,False,Active,False,,2026-09-15T15:01:49+00:00,Sleeper,,LT
P.J. Locke,DAL,SS,DB,74.0,74.35,,0.0,0.0,74.35,baseline,Madden 27 baseline,Active,,00-0035227,False,Active,False,,2026-09-15T15:01:49+00:00,Sleeper,,FS
Jaishawn Barham,DAL,LB,LB,73.0,73.6,,0.0,0.0,73.6,baseline,Madden 27 baseline,Active,,00-0040872,False,Active,False,,2026-09-15T15:01:49+00:00,Sleeper,,RILB
Jonathan Mingo,DAL,WR,WR,71.0,73.53,64.10927152317882,0.005333333333333334,0.0,73.48,baseline,Madden 27 + nflverse performance,Active,,00-0039062,False,Active,False,,2026-09-15T15:01:49+00:00,Sleeper,,PR|WR
Jonathan Bullard,DAL,DT,DL,73.0,73.38,,0.0,0.0,73.38,baseline,Madden 27 baseline,Active,,00-0033093,False,Active,False,,2026-09-15T15:01:49+00:00,Sleeper,,NT
Shavon Revel Jr,DAL,CB,DB,72.0,72.97,,0.0,0.0,72.97,baseline,Madden 27 baseline,Active,,00-0040008,False,Active,False,,2026-09-15T15:01:49+00:00,Sleeper,,LCB
Emari Demercado,DAL,HB,RB,70.0,73.0,61.78260869565218,0.0064,0.0,72.93,baseline,Madden 27 + nflverse performance,Active,,00-0038705,True,Active,False,,2026-09-15T15:01:49+00:00,Sleeper,,RB
James Houston IV,DAL,EDGE,DL,72.0,72.9,,0.0,0.0,72.9,baseline,Madden 27 baseline,Active,,00-0037310,False,Active,False,,2026-09-15T15:01:49+00:00,Sleeper,,WLB
Hunter Luepke,DAL,FB,RB,72.0,72.75,61.358695652173914,0.0032,0.0,72.71,baseline,Madden 27 + nflverse performance,Active,,00-0038738,False,Active,False,,2026-09-15T15:01:49+00:00,Sleeper,,FB
Devin Moore,DAL,CB,DB,71.0,72.49,,0.0,0.0,72.49,baseline,Madden 27 baseline,Inactive,IR,00-0040875,False,Out,True,,2026-09-15T15:01:49+00:00,Sleeper,,LCB
LT Overton,DAL,DT,DL,71.0,72.47,,0.0,0.0,72.47,baseline,Madden 27 baseline,Active,,00-0040880,False,Active,False,,2026-09-15T15:01:49+00:00,Sleeper,,LDE
Caelen Carson,DAL,CB,DB,71.0,72.36,,0.0,0.0,72.36,baseline,Madden 27 baseline,Active,Out,00-0039387,False,Out,True,,2026-09-15T15:01:49+00:00,Sleeper,,RCB
Broderick Jones,DAL,LT,OL,71.0,72.33,,0.0,0.0,72.33,baseline,Madden 27 baseline,Active,,00-0039109,True,Active,False,,2026-09-15T15:01:49+00:00,Sleeper,,LT|RT
Markquese Bell,DAL,SS,DB,72.0,72.03,,0.0,0.0,72.03,baseline,Madden 27 baseline,Active,,00-0037561,False,Active,False,,2026-09-15T15:01:49+00:00,Sleeper,,SS
Israel Abanikanda,DAL,HB,RB,69.0,72.0,,0.0,0.0,72.0,baseline,Madden 27 baseline,Active,Out,00-0038389,False,Out,True,,2026-09-15T15:01:49+00:00,Sleeper,,RB
Tyler Johnson,DAL,WR,WR,69.0,71.61,,0.0,0.0,71.61,baseline,Madden 27 baseline,,,,False,,False,,,,,
Joe Milton,DAL,QB,QB,69.0,71.53,,0.0,0.0,71.53,baseline,Madden 27 baseline,Active,,00-0039398,False,Active,False,,2026-09-15T15:01:49+00:00,Sleeper,,
Denzel Mims,DAL,WR,WR,69.0,71.3,,0.0,0.0,71.3,baseline,Madden 27 baseline,,,,False,,False,,,,,
Phil Mafah,DAL,HB,RB,68.0,71.0,,0.0,0.0,71.0,baseline,Madden 27 baseline,CUT,,00-0040021,False,,False,,,,,
T.J. Bass,DAL,RG,OL,69.0,70.45,,0.0,0.0,70.45,baseline,Madden 27 baseline,Active,,00-0038731,False,Active,False,,2026-09-15T15:01:49+00:00,Sleeper,,C|LG
Marist Liufau,DAL,EDGE,DL,69.0,70.23,,0.0,0.0,70.23,baseline,Madden 27 baseline,Inactive,IR,00-0039352,False,Out,True,,2026-09-15T15:01:49+00:00,Sleeper,,SLB
Shemar James,DAL,LB,LB,69.0,70.19,,0.0,0.0,70.19,baseline,Madden 27 baseline,Active,,00-0040011,False,Active,False,,2026-09-15T15:01:49+00:00,Sleeper,,LILB
Drew Shelton,DAL,RT,OL,68.0,69.93,,0.0,0.0,69.93,baseline,Madden 27 baseline,Active,,00-0040874,False,Active,False,,2026-09-15T15:01:49+00:00,Sleeper,,LT|RT
Anthony Smith,DAL,WR,WR,67.0,69.83,,0.0,0.0,69.83,baseline,Madden 27 baseline,Active,,00-0040900,False,Active,False,,2026-09-15T15:01:49+00:00,Sleeper,,
Trikweze Bridges,DAL,CB,DB,68.0,69.54,,0.0,0.0,69.54,baseline,Madden 27 baseline,,,,False,,False,,,,,
Josh Butler,DAL,CB,DB,68.0,69.52,,0.0,0.0,69.52,baseline,Madden 27 baseline,CUT,,00-0038348,False,,False,,,,,
Otito Ogbonnia,DAL,DT,DL,68.0,69.42,,0.0,0.0,69.42,baseline,Madden 27 baseline,Active,,00-0037270,False,Active,False,,2026-09-15T15:01:49+00:00,Sleeper,,NT
Luke Schoonmaker,DAL,TE,TE,69.0,69.38,64.98125,0.006666666666666667,0.0,69.35,baseline,Madden 27 + nflverse performance,Active,,00-0038547,False,Active,False,,2026-09-15T15:01:49+00:00,Sleeper,,TE
Nick Leverett,DAL,C,OL,67.0,69.13,,0.0,0.0,69.13,baseline,Madden 27 baseline,Active,,00-0036105,False,Active,False,,2026-09-15T15:01:49+00:00,Sleeper,,LG
Sam Howell,DAL,QB,QB,65.0,68.0,,0.0,0.0,68.0,baseline,Madden 27 baseline,Active,,00-0037077,False,Active,False,,2026-09-15T15:01:49+00:00,Sleeper,,QB
Ameer Speed,DAL,CB,DB,67.93,67.93,,0.0,0.0,67.93,baseline,Replacement-level estimate baseline,Active,,00-0038624,False,Active,False,,2026-09-15T15:01:49+00:00,Sleeper,,RCB
Nathan Thomas,DAL,LT,OL,66.0,67.75,,0.0,0.0,67.75,baseline,Madden 27 baseline,,,,False,,False,,,,,
Ajani Cornelius,DAL,RT,OL,65.0,67.15,,0.0,0.0,67.15,baseline,Madden 27 baseline,Active,Out,00-0040017,False,Out,True,,2026-09-15T15:01:49+00:00,Sleeper,,RG
Reddy Steward,DAL,CB,DB,65.0,66.83,,0.0,0.0,66.83,baseline,Madden 27 baseline,Active,,00-0039465,False,Active,False,,2026-09-15T15:01:49+00:00,Sleeper,,
Jay Toia,DAL,DT,DL,65.0,66.77,,0.0,0.0,66.77,baseline,Madden 27 baseline,CUT,,00-0040019,False,,False,,,,,
Alijah Clark,DAL,FS,DB,65.0,66.61,,0.0,0.0,66.61,baseline,Madden 27 baseline,Active,,00-0040045,False,Active,False,,2026-09-15T15:01:49+00:00,Sleeper,,SS
Tyrus Wheat,DAL,EDGE,DL,65.0,66.22,,0.0,0.0,66.22,baseline,Madden 27 baseline,Active,Out,00-0038742,False,Out,True,,2026-09-15T15:01:49+00:00,Sleeper,,SLB
Brevyn Spann-Ford,DAL,TE,TE,65.0,66.07,70.49374999999999,0.013333333333333334,0.0,66.13,baseline,Madden 27 + nflverse performance,Active,,00-0039530,False,Active,False,,2026-09-15T15:01:49+00:00,Sleeper,,TE
Zion Childress,DAL,SS,DB,63.0,65.51,,0.0,0.0,65.51,baseline,Madden 27 baseline,,,,False,,False,,,,,
Isaiah Land,DAL,EDGE,DL,64.0,65.1,,0.0,0.0,65.1,baseline,Madden 27 baseline,Active,,00-0038737,False,Active,False,,2026-09-15T15:01:49+00:00,Sleeper,,
Chris Glaser,DAL,RG,OL,63.0,64.88,,0.0,0.0,64.88,baseline,Madden 27 baseline,CUT,,00-0037225,False,,False,,,,,
Michael Trigg,DAL,TE,TE,63.0,64.37,,0.0,0.0,64.37,baseline,Madden 27 baseline,Active,,00-0040939,False,Active,False,,2026-09-15T15:01:49+00:00,Sleeper,,
Princeton Fant,DAL,TE,TE,61.0,62.69,,0.0,0.0,62.69,baseline,Madden 27 baseline,Inactive,IR,00-0038735,False,Out,True,,2026-09-15T15:01:49+00:00,Sleeper,,TE
Curtis Robinson,DAL,LB,LB,59.0,60.79,,0.0,0.0,60.79,baseline,Madden 27 baseline,Active,,00-0036728,False,Active,False,,2026-09-15T15:01:49+00:00,Sleeper,,
Patrick Surtain II,DEN,CB,DB,97.0,96.14,,0.0,0.0,96.14,baseline,Madden 27 baseline,,,00-0036874,False,,False,,,,Pat Surtain II,LCB
Garett Bolles,DEN,LT,OL,96.0,95.12,,0.0,0.0,95.12,baseline,Madden 27 baseline,Active,,00-0033538,False,Active,False,,2026-09-15T15:01:49+00:00,Sleeper,,LT
Quinn Meinerz,DEN,RG,OL,95.0,94.32,,0.0,0.0,94.32,baseline,Madden 27 baseline,Active,,00-0037001,False,Active,False,,2026-09-15T15:01:49+00:00,Sleeper,,RG
Nik Bonitto,DEN,EDGE,DL,91.0,89.62,,0.0,0.0,89.62,baseline,Madden 27 baseline,Active,,00-0037249,False,Active,False,,2026-09-15T15:01:49+00:00,Sleeper,,SLB
Talanoa Hufanga,DEN,SS,DB,88.0,86.5,,0.0,0.0,86.5,baseline,Madden 27 baseline,Active,,00-0036564,False,Active,False,,2026-09-15T15:01:49+00:00,Sleeper,,SS
Courtland Sutton,DEN,WR,WR,87.0,86.78,69.21523178807948,0.02666666666666667,0.0,86.31,baseline,Madden 27 + nflverse performance,Active,,00-0034348,False,Active,False,,2026-09-15T15:01:49+00:00,Sleeper,,WR
Zach Allen,DEN,DT,DL,87.0,86.25,,0.0,0.0,86.25,baseline,Madden 27 baseline,Active,,00-0035248,False,Active,False,,2026-09-15T15:01:49+00:00,Sleeper,,LDE
Jaylen Waddle,DEN,WR,WR,86.0,85.84,65.08940397350993,0.016,0.0,85.51,baseline,Madden 27 + nflverse performance,Active,,00-0036613,False,Active,False,,2026-09-15T15:01:49+00:00,Sleeper,,WR
Alex Singleton,DEN,LB,LB,85.0,84.46,,0.0,0.0,84.46,baseline,Madden 27 baseline,Active,,00-0031898,False,Active,False,,2026-09-15T15:01:49+00:00,Sleeper,,LILB
Jonathon Cooper,DEN,EDGE,DL,84.0,83.89,,0.0,0.0,83.89,baseline,Madden 27 baseline,Active,,00-0036952,False,Active,False,,2026-09-15T15:01:49+00:00,Sleeper,,WLB
J.K. Dobbins,DEN,HB,RB,82.0,83.03,68.21195652173913,0.0256,0.0,82.65,baseline,Madden 27 + nflverse performance,Active,,00-0036158,False,Active,False,,2026-09-15T15:01:49+00:00,Sleeper,,RB
Mike McGlinchey,DEN,RT,OL,82.0,82.59,,0.0,0.0,82.59,baseline,Madden 27 baseline,Active,,00-0034847,False,Active,False,,2026-09-15T15:01:49+00:00,Sleeper,,RT
Brandon Jones,DEN,FS,DB,83.0,82.26,,0.0,0.0,82.26,baseline,Madden 27 baseline,Active,,00-0036221,False,Active,False,,2026-09-15T15:01:49+00:00,Sleeper,,FS
Jeremy Crawshaw,DEN,P,ST,79.0,82.0,,0.0,0.0,82.0,baseline,Madden 27 baseline,Active,,00-0040223,False,Active,False,,2026-09-15T15:01:49+00:00,Sleeper,,H|P
Bo Nix,DEN,QB,QB,81.0,82.51,60.35135135135136,0.044800000000000006,0.0,81.52,baseline,Madden 27 + nflverse performance,Active,,00-0039732,False,Active,False,,2026-09-15T15:01:49+00:00,Sleeper,,QB
RJ Harvey,DEN,HB,RB,80.0,81.47,70.9945652173913,0.009600000000000001,0.0,81.37,baseline,Madden 27 + nflverse performance,Active,,00-0040730,False,Active,False,,2026-09-15T15:01:49+00:00,Sleeper,,KR|RB
Wil Lutz,DEN,K,ST,78.0,81.0,,0.0,0.0,81.0,baseline,Madden 27 baseline,Active,,00-0032569,False,Active,False,,2026-09-15T15:01:49+00:00,Sleeper,,PK
Ja'Quan McMillian,DEN,CB,DB,79.0,80.05,,0.0,0.0,80.05,baseline,Madden 27 baseline,Active,,00-0037384,False,Active,False,,2026-09-15T15:01:49+00:00,Sleeper,,SCB
Troy Franklin,DEN,WR,WR,79.0,80.15,60.0430463576159,0.005333333333333334,0.0,80.04,baseline,Madden 27 + nflverse performance,Active,,00-0039868,False,Active,False,,2026-09-15T15:01:49+00:00,Sleeper,,WR
Marvin Mims Jr,DEN,WR,WR,78.0,79.37,56.473509933774835,0.0,0.0,79.37,baseline,Madden 27 baseline,Active,Questionable,00-0038976,False,Questionable,False,,2026-09-15T15:01:49+00:00,Sleeper,,KR|PR|WR
Luke Wattenberg,DEN,C,OL,78.0,78.74,,0.0,0.0,78.74,baseline,Madden 27 baseline,Active,,00-0037278,False,Active,False,,2026-09-15T15:01:49+00:00,Sleeper,,C
Riley Moss,DEN,CB,DB,77.0,77.71,,0.0,0.0,77.71,baseline,Madden 27 baseline,Active,,00-0038552,False,Active,False,,2026-09-15T15:01:49+00:00,Sleeper,,PR|RCB
D.J. Jones,DEN,DT,DL,77.0,77.17,,0.0,0.0,77.17,baseline,Madden 27 baseline,Active,,00-0033297,False,Active,False,,2026-09-15T15:01:49+00:00,Sleeper,,NT
Evan Engram,DEN,TE,TE,78.0,76.62,86.2875,0.03333333333333333,0.0,76.94,baseline,Madden 27 + nflverse performance,Active,,00-0033881,False,Active,False,,2026-09-15T15:01:49+00:00,Sleeper,,TE
Ben Powers,DEN,LG,OL,75.0,76.43,,0.0,0.0,76.43,baseline,Madden 27 baseline,Active,,00-0034978,False,Active,False,,2026-09-15T15:01:49+00:00,Sleeper,,LG
Jahdae Barron,DEN,CB,DB,75.0,76.04,,0.0,0.0,76.04,baseline,Madden 27 baseline,Active,,00-0040720,False,Active,False,,2026-09-15T15:01:49+00:00,Sleeper,,LCB|SCB
Jonah Coleman,DEN,HB,RB,73.0,76.0,57.12500000000001,0.0,0.0,76.0,baseline,Madden 27 baseline,Active,,00-0041496,False,Active,False,,2026-09-15T15:01:49+00:00,Sleeper,,RB
Justin Strnad,DEN,LB,LB,74.0,74.91,,0.0,0.0,74.91,baseline,Madden 27 baseline,Active,,00-0036428,False,Active,False,,2026-09-15T15:01:49+00:00,Sleeper,,RILB
Pat Bryant II,DEN,WR,WR,72.0,74.1,77.1456953642384,0.032,0.0,74.2,baseline,Madden 27 + nflverse performance,Active,,00-0040134,False,Active,False,,2026-09-15T15:01:49+00:00,Sleeper,,WR
Kris Abrams-Draine,DEN,CB,DB,73.0,74.07,,0.0,0.0,74.07,baseline,Madden 27 baseline,Active,,00-0039371,False,Active,False,,2026-09-15T15:01:49+00:00,Sleeper,,RCB
Tyler Onyedim,DEN,DT,DL,73.0,74.03,,0.0,0.0,74.03,baseline,Madden 27 baseline,Active,Out,00-0041552,False,Out,True,,2026-09-15T15:01:49+00:00,Sleeper,,LDE
Jaleel McLaughlin,DEN,HB,RB,71.0,74.0,,0.0,0.0,74.0,baseline,Madden 27 baseline,,,,False,,False,,,,,
Jonah Elliss,DEN,EDGE,DL,73.0,73.68,,0.0,0.0,73.68,baseline,Madden 27 baseline,Active,,00-0039809,False,Active,False,,2026-09-15T15:01:49+00:00,Sleeper,,WLB
Malcolm Roach,DEN,DT,DL,72.0,73.18,,0.0,0.0,73.18,baseline,Madden 27 baseline,Active,,00-0035763,False,Active,False,,2026-09-15T15:01:49+00:00,Sleeper,,RDE
Drew Sanders,DEN,EDGE,DL,72.0,73.05,,0.0,0.0,73.05,baseline,Madden 27 baseline,CUT,,00-0039003,False,,False,,,,,
Kage Casey,DEN,LG,OL,71.0,72.54,,0.0,0.0,72.54,baseline,Madden 27 baseline,Active,Out,00-0041498,False,Out,True,,2026-09-15T15:01:49+00:00,Sleeper,,LG|RG
Tyler Badie,DEN,HB,RB,69.0,72.0,,0.0,0.0,72.0,baseline,Madden 27 baseline,Active,Out,00-0037085,False,Out,True,,2026-09-15T15:01:49+00:00,Sleeper,,KR|RB
Alex Palczewski,DEN,RG,OL,70.0,71.55,,0.0,0.0,71.55,baseline,Madden 27 baseline,Active,,00-0038796,False,Active,False,,2026-09-15T15:01:49+00:00,Sleeper,,RT
Dondrea Tillman,DEN,EDGE,DL,70.0,71.46,,0.0,0.0,71.46,baseline,Madden 27 baseline,Active,,00-0037799,False,Active,False,,2026-09-15T15:01:49+00:00,Sleeper,,WLB
Lil'Jordan Humphrey,DEN,WR,WR,69.0,71.38,,0.0,0.0,71.38,baseline,Madden 27 baseline,Active,,00-0035406,False,Active,False,,2026-09-15T15:01:49+00:00,Sleeper,,
Sai'vion Jones,DEN,DT,DL,70.0,71.3,,0.0,0.0,71.3,baseline,Madden 27 baseline,Active,,00-0040153,False,Active,False,,2026-09-15T15:01:49+00:00,Sleeper,,NT
Adam Trautman,DEN,TE,TE,71.0,71.18,69.82499999999999,0.020000000000000004,0.0,71.15,baseline,Madden 27 + nflverse performance,Active,,00-0036422,False,Active,False,,2026-09-15T15:01:49+00:00,Sleeper,,TE
Eyioma Uwazurike,DEN,DT,DL,69.0,70.69,,0.0,0.0,70.69,baseline,Madden 27 baseline,Active,,00-0038106,False,Active,False,,2026-09-15T15:01:49+00:00,Sleeper,,RDE
Cody Schrader,DEN,HB,RB,67.0,70.0,,0.0,0.0,70.0,baseline,Madden 27 baseline,Active,,00-0039703,False,Active,False,,2026-09-15T15:01:49+00:00,Sleeper,,
Que Robinson,DEN,EDGE,DL,69.0,69.58,,0.0,0.0,69.58,baseline,Madden 27 baseline,Active,,00-0040168,False,Active,False,,2026-09-15T15:01:49+00:00,Sleeper,,SLB
Alex Forsyth,DEN,C,OL,67.0,69.4,,0.0,0.0,69.4,baseline,Madden 27 baseline,Active,,00-0038649,False,Active,False,,2026-09-15T15:01:49+00:00,Sleeper,,C
Matt Peart,DEN,LT,OL,67.0,68.85,,0.0,0.0,68.85,baseline,Madden 27 baseline,Active,,00-0036392,False,Active,False,,2026-09-15T15:01:49+00:00,Sleeper,,LT
Matt Henningsen,DEN,DT,DL,68.0,68.52,,0.0,0.0,68.52,baseline,Madden 27 baseline,Inactive,IR,00-0037303,False,Out,True,,2026-09-15T15:01:49+00:00,Sleeper,,LDE
Calvin Throckmorton,DEN,RG,OL,67.0,68.51,,0.0,0.0,68.51,baseline,Madden 27 baseline,Active,,00-0035764,False,Active,False,,2026-09-15T15:01:49+00:00,Sleeper,,
Hakeem Butler,DEN,WR,WR,66.0,68.18,,0.0,0.0,68.18,baseline,Madden 27 baseline,,,,False,,False,,,,,
Michael Deiter,DEN,C,OL,66.0,68.05,,0.0,0.0,68.05,baseline,Madden 27 baseline,Inactive,IR,00-0035686,False,Out,True,,2026-09-15T15:01:49+00:00,Sleeper,,C
JL Skinner,DEN,SS,DB,66.0,67.9,,0.0,0.0,67.9,baseline,Madden 27 baseline,Active,,00-0038605,False,Active,False,,2026-09-15T15:01:49+00:00,Sleeper,,SS
Nick Gargiulo,DEN,LG,OL,66.0,67.73,,0.0,0.0,67.73,baseline,Madden 27 baseline,Active,PUP,00-0039438,False,Out,True,,2026-09-15T15:01:49+00:00,Sleeper,,LG
Adam Prentice,DEN,FB,RB,68.0,67.68,,0.0,0.0,67.68,baseline,Madden 27 baseline,Active,,00-0036727,False,Active,False,,2026-09-15T15:01:49+00:00,Sleeper,,FB
Jarrett Stidham,DEN,QB,QB,64.0,67.0,,0.0,0.0,67.0,baseline,Madden 27 baseline,Active,,00-0035264,False,Active,False,,2026-09-15T15:01:49+00:00,Sleeper,,QB
Tycen Anderson,DEN,SS,DB,65.0,66.75,,0.0,0.0,66.75,baseline,Madden 27 baseline,Active,,00-0037752,False,Active,False,,2026-09-15T15:01:49+00:00,Sleeper,,SS
Jordan Jackson,DEN,DT,DL,65.0,66.73,,0.0,0.0,66.73,baseline,Madden 27 baseline,Active,Out,00-0037294,False,Out,True,,2026-09-15T15:01:49+00:00,Sleeper,,LDE
Red Murdock,DEN,LB,LB,65.0,66.69,,0.0,0.0,66.69,baseline,Madden 27 baseline,Active,,00-0041134,False,Active,False,,2026-09-15T15:01:49+00:00,Sleeper,,
Devon Key,DEN,FS,DB,65.0,66.31,,0.0,0.0,66.31,baseline,Madden 27 baseline,Active,,00-0036683,False,Active,False,,2026-09-15T15:01:49+00:00,Sleeper,,FS
Miles Scott,DEN,FS,DB,64.0,66.26,,0.0,0.0,66.26,baseline,Madden 27 baseline,Active,,00-0041130,False,Active,False,,2026-09-15T15:01:49+00:00,Sleeper,,
Frank Crum,DEN,LT,OL,64.0,65.7,,0.0,0.0,65.7,baseline,Madden 27 baseline,Inactive,IR,00-0039568,False,Out,True,,2026-09-15T15:01:49+00:00,Sleeper,,LT
Jordan Turner,DEN,LB,LB,64.0,65.45,,0.0,0.0,65.45,baseline,Madden 27 baseline,Active,,00-0040634,False,Active,False,,2026-09-15T15:01:49+00:00,Sleeper,,LILB
Levelle Bailey,DEN,LB,LB,63.0,65.08,,0.0,0.0,65.08,baseline,Madden 27 baseline,Inactive,IR,00-0039565,False,Out,True,,2026-09-15T15:01:49+00:00,Sleeper,,RILB
Mitchell Fraboni,DEN,LS,ST,68.0,65.0,,0.0,0.0,65.0,baseline,Madden 27 baseline,Active,,00-0036943,False,Active,False,,2026-09-15T15:01:49+00:00,Sleeper,,LS
Michael Bandy,DEN,WR,WR,62.0,64.75,,0.0,0.0,64.75,baseline,Madden 27 baseline,Active,,00-0036959,False,Active,False,,2026-09-15T15:01:49+00:00,Sleeper,,
Dallen Bentley,DEN,TE,TE,63.0,64.32,,0.0,0.0,64.32,baseline,Madden 27 baseline,Active,Out,00-0041133,False,Out,True,,2026-09-15T15:01:49+00:00,Sleeper,,TE
Lucas Krull,DEN,TE,TE,63.0,64.23,,0.0,0.0,64.23,baseline,Madden 27 baseline,Active,,00-0037539,False,Active,False,,2026-09-15T15:01:49+00:00,Sleeper,,
Karene Reid,DEN,LB,LB,62.0,64.08,,0.0,0.0,64.08,baseline,Madden 27 baseline,Active,,00-0040449,False,Active,False,,2026-09-15T15:01:49+00:00,Sleeper,,RILB
Nate Adkins,DEN,TE,TE,62.0,63.65,56.0125,0.0,0.0,63.65,baseline,Madden 27 baseline,Active,,00-0038783,False,Active,False,,2026-09-15T15:01:49+00:00,Sleeper,,TE
Johnny Walker Jr,DEN,LB,LB,60.0,62.28,,0.0,0.0,62.28,baseline,Madden 27 baseline,Active,,00-0040452,False,Active,False,,2026-09-15T15:01:49+00:00,Sleeper,,
Caleb Lohner,DEN,TE,TE,60.0,61.97,,0.0,0.0,61.97,baseline,Madden 27 baseline,Inactive,IR,00-0040240,False,Out,True,,2026-09-15T15:01:49+00:00,Sleeper,,TE
Sam Ehlinger,DEN,QB,QB,57.0,60.0,,0.0,0.0,60.0,baseline,Madden 27 baseline,Active,Out,00-0036879,False,Out,True,,2026-09-15T15:01:49+00:00,Sleeper,,QB
Penei Sewell,DET,LT,OL,98.0,97.05,,0.0,0.0,97.05,baseline,Madden 27 baseline,Active,,00-0036880,False,Active,False,,2026-09-15T15:01:49+00:00,Sleeper,,LT
Jahmyr Gibbs,DET,HB,RB,98.0,95.84,90.67391304347825,0.09280000000000001,0.0,95.36,baseline,Madden 27 + nflverse performance,Active,,00-0039139,False,Active,False,,2026-09-15T15:01:49+00:00,Sleeper,,RB
Amon-Ra St. Brown,DET,WR,WR,95.0,94.49,90.25827814569536,0.07466666666666667,0.0,94.17,baseline,Madden 27 + nflverse performance,Active,,00-0036963,False,Active,False,,2026-09-15T15:01:49+00:00,Sleeper,,WR
Aidan Hutchinson,DET,EDGE,DL,93.0,92.12,,0.0,0.0,92.12,baseline,Madden 27 baseline,Active,,00-0037236,False,Active,False,,2026-09-15T15:01:49+00:00,Sleeper,,LDE
Brian Branch,DET,SS,DB,91.0,89.43,,0.0,0.0,89.43,baseline,Madden 27 baseline,Active,PUP,00-0039141,False,Out,True,,2026-09-15T15:01:49+00:00,Sleeper,,SS
Kerby Joseph,DET,FS,DB,91.0,89.33,,0.0,0.0,89.33,baseline,Madden 27 baseline,Active,PUP,00-0037667,False,Out,True,,2026-09-15T15:01:49+00:00,Sleeper,,FS
Jared Goff,DET,QB,QB,88.0,88.02,76.17567567567568,0.062400000000000004,0.0,87.28,baseline,Madden 27 + nflverse performance,Active,,00-0033106,False,Active,False,,2026-09-15T15:01:49+00:00,Sleeper,,QB
Jack Campbell,DET,LB,LB,87.0,86.11,,0.0,0.0,86.11,baseline,Madden 27 baseline,Active,,00-0039018,False,Active,False,,2026-09-15T15:01:49+00:00,Sleeper,,MLB
Sam LaPorta,DET,TE,TE,88.0,85.36,82.98124999999999,0.05333333333333334,0.0,85.23,baseline,Madden 27 + nflverse performance,Active,,00-0039065,False,Active,False,,2026-09-15T15:01:49+00:00,Sleeper,,TE
Jameson Williams,DET,WR,WR,85.0,84.53,79.19536423841059,0.048,0.0,84.27,baseline,Madden 27 + nflverse performance,Active,,00-0037240,False,Active,False,,2026-09-15T15:01:49+00:00,Sleeper,,WR
D.J. Reed,DET,CB,DB,83.0,83.47,,0.0,0.0,83.47,baseline,Madden 27 baseline,Active,,00-0034384,False,Active,False,,2026-09-15T15:01:49+00:00,Sleeper,,LCB
Alim McNeill,DET,DT,DL,83.0,82.74,,0.0,0.0,82.74,baseline,Madden 27 baseline,Active,,00-0036624,False,Active,False,,2026-09-15T15:01:49+00:00,Sleeper,,LDT
Jack Fox,DET,P,ST,79.0,81.77,,0.0,0.0,81.77,baseline,Madden 27 baseline,Active,,00-0035156,False,Active,False,,2026-09-15T15:01:49+00:00,Sleeper,,H|P
Jake Bates,DET,K,ST,76.0,79.0,,0.0,0.0,79.0,baseline,Madden 27 baseline,Active,,00-0039172,False,Active,False,,2026-09-15T15:01:49+00:00,Sleeper,,PK
Isiah Pacheco,DET,HB,RB,76.0,78.27,,0.0,0.0,78.27,baseline,Madden 27 baseline,Inactive,IR,00-0037197,False,Out,True,,2026-09-15T15:01:49+00:00,Sleeper,,RB
Chuck Clark,DET,FS,DB,78.0,77.8,,0.0,0.0,77.8,baseline,Madden 27 baseline,Active,,00-0033294,False,Active,False,,2026-09-15T15:01:49+00:00,Sleeper,,FS
Derrick Moore,DET,EDGE,DL,77.0,77.65,,0.0,0.0,77.65,baseline,Madden 27 baseline,Active,,00-0041441,False,Active,False,,2026-09-15T15:01:49+00:00,Sleeper,,RDE
Roger McCreary,DET,CB,DB,76.0,77.14,,0.0,0.0,77.14,baseline,Madden 27 baseline,Active,,00-0038125,False,Active,False,,2026-09-15T15:01:49+00:00,Sleeper,,SCB
Tate Ratledge,DET,RG,OL,76.0,76.89,,0.0,0.0,76.89,baseline,Madden 27 baseline,Active,,00-0040728,False,Active,False,,2026-09-15T15:01:49+00:00,Sleeper,,C|RG
D.J. Wonnum,DET,EDGE,DL,76.0,76.49,,0.0,0.0,76.49,baseline,Madden 27 baseline,Active,,00-0036335,False,Active,False,,2026-09-15T15:01:49+00:00,Sleeper,,RDE
Blake Miller,DET,RT,OL,75.0,76.45,,0.0,0.0,76.45,baseline,Madden 27 baseline,Active,Questionable,00-0041439,False,Questionable,False,,2026-09-15T15:01:49+00:00,Sleeper,,
Tyleik Williams,DET,DT,DL,76.0,76.33,,0.0,0.0,76.33,baseline,Madden 27 baseline,Active,,00-0040672,False,Active,False,,2026-09-15T15:01:49+00:00,Sleeper,,RDT
Cade Mays,DET,C,OL,74.0,75.58,,0.0,0.0,75.58,baseline,Madden 27 baseline,Inactive,IR,00-0037297,False,Out,True,,2026-09-15T15:01:49+00:00,Sleeper,,C
Hogan Hatten,DET,LS,ST,78.0,75.0,,0.0,0.0,75.0,baseline,Madden 27 baseline,Active,,00-0039445,False,Active,False,,2026-09-15T15:01:49+00:00,Sleeper,,LS
Levi Onwuzurike,DET,DT,DL,74.0,74.79,,0.0,0.0,74.79,baseline,Madden 27 baseline,Active,,00-0036954,False,Active,False,,2026-09-15T15:01:49+00:00,Sleeper,,
Christian Izien,DET,SS,DB,74.0,74.75,,0.0,0.0,74.75,baseline,Madden 27 baseline,Active,Out,00-0038820,False,Out,True,,2026-09-15T15:01:49+00:00,Sleeper,,SCB
Isaac TeSlaa,DET,WR,WR,73.0,74.81,58.082781456953654,0.005333333333333334,0.0,74.72,baseline,Madden 27 + nflverse performance,Active,,00-0040669,False,Active,False,,2026-09-15T15:01:49+00:00,Sleeper,,WR
Avonte Maddox,DET,FS,DB,73.0,74.67,,0.0,0.0,74.67,baseline,Madden 27 baseline,Active,,00-0034377,False,Active,False,,2026-09-15T15:01:49+00:00,Sleeper,,SS
Derrick Barnes,DET,LB,LB,74.0,74.56,,0.0,0.0,74.56,baseline,Madden 27 baseline,Active,,00-0036964,False,Active,False,,2026-09-15T15:01:49+00:00,Sleeper,,WLB
Greg Dortch,DET,WR,WR,73.0,74.48,56.473509933774835,0.0,0.0,74.48,baseline,Madden 27 baseline,,,,False,,False,,,,,
Malcolm Rodriguez,DET,LB,LB,74.0,73.98,,0.0,0.0,73.98,baseline,Madden 27 baseline,Active,,00-0037289,False,Active,False,,2026-09-15T15:01:49+00:00,Sleeper,,SLB
Payton Turner,DET,EDGE,DL,73.0,73.63,,0.0,0.0,73.63,baseline,Madden 27 baseline,Inactive,IR,00-0036926,False,Out,True,,2026-09-15T15:01:49+00:00,Sleeper,,LDE
Devin White,DET,LB,LB,73.0,73.51,,0.0,0.0,73.51,baseline,Madden 27 baseline,Active,,00-0035707,False,Active,False,,2026-09-15T15:01:49+00:00,Sleeper,,MLB
Cedrick Wilson Jr,DET,WR,WR,71.0,73.2,,0.0,0.0,73.2,baseline,Madden 27 baseline,,,,False,,False,,,,,
Christian Mahogany,DET,LG,OL,72.0,73.07,,0.0,0.0,73.07,baseline,Madden 27 baseline,Active,Questionable,00-0039408,False,Questionable,False,,2026-09-15T15:01:49+00:00,Sleeper,,LG
Ennis Rakestraw Jr,DET,CB,DB,72.0,73.06,,0.0,0.0,73.06,baseline,Madden 27 baseline,Active,Out,00-0039862,False,Out,True,,2026-09-15T15:01:49+00:00,Sleeper,,SCB
Ben Bartch,DET,LG,OL,72.0,73.01,,0.0,0.0,73.01,baseline,Madden 27 baseline,Active,,00-0036272,False,Active,False,,2026-09-15T15:01:49+00:00,Sleeper,,LG
Rock Ya-Sin,DET,CB,DB,71.0,72.78,,0.0,0.0,72.78,baseline,Madden 27 baseline,Active,,00-0035637,False,Active,False,,2026-09-15T15:01:49+00:00,Sleeper,,LCB
Damone Clark,DET,LB,LB,71.0,72.11,,0.0,0.0,72.11,baseline,Madden 27 baseline,Inactive,IR,00-0037281,False,Out,True,,2026-09-15T15:01:49+00:00,Sleeper,,WLB
Tyler Conklin,DET,TE,TE,72.0,71.84,,0.0,0.0,71.84,baseline,Madden 27 baseline,Active,,00-0034270,False,Active,False,,2026-09-15T15:01:49+00:00,Sleeper,,TE
Larry Borom,DET,RT,OL,70.0,71.83,,0.0,0.0,71.83,baseline,Madden 27 baseline,Active,,00-0036905,False,Active,False,,2026-09-15T15:01:49+00:00,Sleeper,,RT
Kendrick Law,DET,WR,WR,70.0,71.71,,0.0,0.0,71.71,baseline,Madden 27 baseline,Inactive,IR,00-0041446,False,Out,True,,2026-09-15T15:01:49+00:00,Sleeper,,WR
Mekhi Wingo,DET,DT,DL,70.0,71.42,,0.0,0.0,71.42,baseline,Madden 27 baseline,Active,Out,00-0039396,False,Out,True,,2026-09-15T15:01:49+00:00,Sleeper,,LDT
Tyre West,DET,EDGE,DL,70.0,71.24,,0.0,0.0,71.24,baseline,Madden 27 baseline,DEV,,00-0041448,False,,False,,,,,
Jimmy Rolder,DET,LB,LB,70.0,71.06,,0.0,0.0,71.06,baseline,Madden 27 baseline,Active,Out,00-0041442,False,Out,True,,2026-09-15T15:01:49+00:00,Sleeper,,SLB
Juice Scruggs,DET,C,OL,69.0,70.97,,0.0,0.0,70.97,baseline,Madden 27 baseline,Active,Questionable,00-0038936,False,Questionable,False,,2026-09-15T15:01:49+00:00,Sleeper,,C|LG
Sione Vaki,DET,HB,RB,68.0,71.0,66.1086956521739,0.0064,0.0,70.97,baseline,Madden 27 + nflverse performance,Active,,00-0039364,False,Active,False,,2026-09-15T15:01:49+00:00,Sleeper,,KR|RB
Thomas Harper,DET,SS,DB,70.0,70.95,,0.0,0.0,70.95,baseline,Madden 27 baseline,Active,,00-0039660,False,Active,False,,2026-09-15T15:01:49+00:00,Sleeper,,FS
Tay Martin,DET,WR,WR,70.67,70.67,56.473509933774835,0.0,0.0,70.67,baseline,Replacement-level estimate baseline,Active,,00-0037524,False,Active,False,,2026-09-15T15:01:49+00:00,Sleeper,,WR
Miles Frazier,DET,RG,OL,69.0,70.24,,0.0,0.0,70.24,baseline,Madden 27 baseline,Active,,00-0040193,False,Active,False,,2026-09-15T15:01:49+00:00,Sleeper,,RG
Tom Kennedy,DET,WR,WR,68.0,70.19,56.473509933774835,0.0,0.0,70.19,baseline,Madden 27 baseline,Active,,00-0035544,False,Active,False,,2026-09-15T15:01:49+00:00,Sleeper,,KR|PR|WR
Teddy Bridgewater,DET,QB,QB,67.0,70.0,,0.0,0.0,70.0,baseline,Madden 27 baseline,RET,,00-0031237,False,,False,,,,,
Chris Smith,DET,DT,DL,69.0,69.98,,0.0,0.0,69.98,baseline,Madden 27 baseline,Active,,00-0038661,False,Active,False,,2026-09-15T15:01:49+00:00,Sleeper,,
Keith Abney II,DET,CB,DB,68.0,69.72,,0.0,0.0,69.72,baseline,Madden 27 baseline,Active,,00-0041445,False,Active,False,,2026-09-15T15:01:49+00:00,Sleeper,,RCB
Dominic Lovett,DET,WR,WR,67.0,69.61,,0.0,0.0,69.61,baseline,Madden 27 baseline,Active,,00-0040241,False,Active,False,,2026-09-15T15:01:49+00:00,Sleeper,,
Ahmed Hassanein,DET,EDGE,DL,68.0,69.54,,0.0,0.0,69.54,baseline,Madden 27 baseline,Active,Out,00-0040761,False,Out,True,,2026-09-15T15:01:49+00:00,Sleeper,,RDE
Troy Reeder,DET,LB,LB,68.0,69.22,,0.0,0.0,69.22,baseline,Madden 27 baseline,,,,False,,False,,,,,
Tyler Lacy,DET,DT,DL,68.0,69.17,,0.0,0.0,69.17,baseline,Madden 27 baseline,Active,,00-0038940,False,Active,False,,2026-09-15T15:01:49+00:00,Sleeper,,LDE
Jacob Saylors,DET,HB,RB,66.0,69.0,57.12500000000001,0.0,0.0,69.0,baseline,Madden 27 baseline,Active,,00-0038896,False,Active,False,,2026-09-15T15:01:49+00:00,Sleeper,,KR|RB
Joshua Dobbs,DET,QB,QB,67.0,68.22,,0.0,0.0,68.22,baseline,Prior-year Madden -2 baseline,Active,,00-0033949,False,Active,False,,2026-09-15T15:01:49+00:00,Sleeper,,QB
Joe Bachie,DET,LB,LB,67.0,68.09,,0.0,0.0,68.09,baseline,Madden 27 baseline,Active,,00-0035895,False,Active,False,,2026-09-15T15:01:49+00:00,Sleeper,,WLB
Giovanni Manu,DET,LT,OL,67.0,68.08,,0.0,0.0,68.08,baseline,Madden 27 baseline,Active,PUP,00-0039362,False,Out,True,,2026-09-15T15:01:49+00:00,Sleeper,,LT
Nick Whiteside,DET,CB,DB,66.0,68.08,,0.0,0.0,68.08,baseline,Madden 27 baseline,Active,,00-0038841,False,Active,False,,2026-09-15T15:01:49+00:00,Sleeper,,
Luke Altmyer,DET,QB,QB,65.0,68.0,,0.0,0.0,68.0,baseline,Madden 27 baseline,Active,,00-0041453,False,Active,False,,2026-09-15T15:01:49+00:00,Sleeper,,
Dan Jackson,DET,SS,DB,66.0,67.42,,0.0,0.0,67.42,baseline,Madden 27 baseline,CUT,,00-0040233,False,,False,,,,,
Skyler Gill-Howard,DET,DT,DL,65.0,67.32,,0.0,0.0,67.32,baseline,Madden 27 baseline,Active,,00-0041447,False,Active,False,,2026-09-15T15:01:49+00:00,Sleeper,,RDT
Brock Wright,DET,TE,TE,65.0,66.57,62.5375,0.006666666666666667,0.0,66.54,baseline,Madden 27 + nflverse performance,Active,,00-0036754,False,Active,False,,2026-09-15T15:01:49+00:00,Sleeper,,TE
Seth McLaughlin,DET,C,OL,64.0,66.21,,0.0,0.0,66.21,baseline,Madden 27 baseline,Active,,00-0040374,False,Active,False,,2026-09-15T15:01:49+00:00,Sleeper,,
Loren Strickland,DET,SS,DB,64.0,65.75,,0.0,0.0,65.75,baseline,Madden 27 baseline,,,,False,,False,,,,,
Khalil Dorsey,DET,CB,DB,64.0,65.69,,0.0,0.0,65.69,baseline,Madden 27 baseline,Active,,00-0036124,False,Active,False,,2026-09-15T15:01:49+00:00,Sleeper,,RCB
Colby Sorsdal,DET,LG,OL,64.0,65.67,,0.0,0.0,65.67,baseline,Madden 27 baseline,CUT,,00-0038592,False,,False,,,,,
Anthony Firkser,DET,TE,TE,64.0,65.65,,0.0,0.0,65.65,baseline,Madden 27 baseline,,,,False,,False,,,,,
Trevor Nowaske,DET,LB,LB,64.0,64.98,,0.0,0.0,64.98,baseline,Madden 27 baseline,Active,,00-0038660,False,Active,False,,2026-09-15T15:01:49+00:00,Sleeper,,RDE
Michael Niese,DET,C,OL,61.0,63.39,,0.0,0.0,63.39,baseline,Madden 27 baseline,CUT,,00-0037385,False,,False,,,,,
Malik Cunningham,DET,WR,WR,61.0,62.77,,0.0,0.0,62.77,baseline,Madden 27 baseline,CUT,,00-0038911,False,,False,,,,,
Devin Cochran,DET,RT,OL,59.0,61.09,,0.0,0.0,61.09,baseline,Madden 27 baseline,Active,,00-0037414,False,Active,False,,2026-09-15T15:01:49+00:00,Sleeper,,
Micah Parsons,GB,EDGE,DL,98.0,95.88,,0.0,0.0,95.88,baseline,Madden 27 baseline,Active,PUP,00-0036932,False,Out,True,,2026-09-15T15:01:49+00:00,Sleeper,,SLB
Josh Jacobs,GB,HB,RB,91.0,90.43,,0.0,0.0,90.43,baseline,Madden 27 baseline,Active,,00-0035700,False,Active,False,,2026-09-15T15:01:49+00:00,Sleeper,,RB
Xavier McKinney,GB,SS,DB,92.0,90.27,,0.0,0.0,90.27,baseline,Madden 27 baseline,Active,,00-0036388,False,Active,False,,2026-09-15T15:01:49+00:00,Sleeper,,FS
Zach Tom,GB,RT,OL,87.0,87.05,,0.0,0.0,87.05,baseline,Madden 27 baseline,,,,False,,False,,,,,
Jordan Love,GB,QB,QB,86.0,86.76,76.36486486486486,0.06720000000000001,0.0,86.06,baseline,Madden 27 + nflverse performance,Active,,00-0036264,False,Active,False,,2026-09-15T15:01:49+00:00,Sleeper,,QB
Tucker Kraft,GB,TE,TE,85.0,82.76,81.9125,0.04000000000000001,0.0,82.73,baseline,Madden 27 + nflverse performance,Active,,00-0038996,False,Active,False,,2026-09-15T15:01:49+00:00,Sleeper,,TE
Jayden Reed,GB,WR,WR,80.0,80.98,73.32450331125828,0.037333333333333336,0.0,80.69,baseline,Madden 27 + nflverse performance,Active,,00-0039146,False,Active,False,,2026-09-15T15:01:49+00:00,Sleeper,,WR
Javon Hargrave,GB,DT,DL,80.0,80.39,,0.0,0.0,80.39,baseline,Madden 27 baseline,Active,,00-0033109,False,Active,False,,2026-09-15T15:01:49+00:00,Sleeper,,NT
Edgerrin Cooper,GB,LB,LB,80.0,80.09,,0.0,0.0,80.09,baseline,Madden 27 baseline,Active,,00-0039850,False,Active,False,,2026-09-15T15:01:49+00:00,Sleeper,,LILB
Christian Watson,GB,WR,WR,78.0,79.31,91.00662251655629,0.04266666666666667,0.0,79.81,baseline,Madden 27 + nflverse performance,Active,,00-0038124,False,Active,False,,2026-09-15T15:01:49+00:00,Sleeper,,WR
Matthew Golden,GB,WR,WR,78.0,79.22,85.06622516556291,0.064,0.0,79.59,baseline,Madden 27 + nflverse performance,Active,,00-0040667,False,Active,False,,2026-09-15T15:01:49+00:00,Sleeper,,WR
Zaire Franklin,GB,LB,LB,79.0,78.82,,0.0,0.0,78.82,baseline,Madden 27 baseline,Active,,00-0034431,False,Active,False,,2026-09-15T15:01:49+00:00,Sleeper,,RILB
Jonnu Smith,GB,TE,TE,77.0,78.57,77.68749999999999,0.020000000000000004,0.0,78.55,baseline,Prior-year Madden -2 + nflverse performance,Active,,00-0033858,False,Active,False,,2026-09-15T15:01:49+00:00,Sleeper,,TE
Keisean Nixon,GB,CB,DB,78.0,78.52,,0.0,0.0,78.52,baseline,Madden 27 baseline,Active,,00-0035133,False,Active,False,,2026-09-15T15:01:49+00:00,Sleeper,,LCB
Isaiah McDuffie,GB,LB,LB,78.0,78.5,,0.0,0.0,78.5,baseline,Madden 27 baseline,Active,,00-0036658,False,Active,False,,2026-09-15T15:01:49+00:00,Sleeper,,RILB
Devonte Wyatt,GB,DT,DL,78.0,78.43,,0.0,0.0,78.43,baseline,Madden 27 baseline,Active,,00-0037075,False,Active,False,,2026-09-15T15:01:49+00:00,Sleeper,,RDE
Trey Smack,GB,K,ST,75.0,78.0,,0.0,0.0,78.0,baseline,Madden 27 baseline,Active,,00-0040899,False,Active,False,,2026-09-15T15:01:49+00:00,Sleeper,,PK
Benjamin St-Juste,GB,CB,DB,77.0,77.95,,0.0,0.0,77.95,baseline,Madden 27 baseline,Active,,00-0036625,False,Active,False,,2026-09-15T15:01:49+00:00,Sleeper,,LCB
Carrington Valentine,GB,CB,DB,77.0,77.7,,0.0,0.0,77.7,baseline,Madden 27 baseline,Active,,00-0038408,False,Active,False,,2026-09-15T15:01:49+00:00,Sleeper,,RCB
Daniel Whelan,GB,P,ST,74.0,77.0,,0.0,0.0,77.0,baseline,Madden 27 baseline,Active,,00-0037547,False,Active,False,,2026-09-15T15:01:49+00:00,Sleeper,,H|P
Kaleb Johnson,GB,HB,RB,74.0,76.82,57.12500000000001,0.0,0.0,76.82,baseline,Madden 27 baseline,Active,,00-0040142,True,Active,False,,2026-09-15T15:01:49+00:00,Sleeper,,RB
Javon Bullard,GB,SS,DB,76.0,76.57,,0.0,0.0,76.57,baseline,Madden 27 baseline,Active,,00-0039867,False,Active,False,,2026-09-15T15:01:49+00:00,Sleeper,,SCB
Evan Williams,GB,FS,DB,76.0,76.19,,0.0,0.0,76.19,baseline,Madden 27 baseline,Active,,00-0039813,False,Active,False,,2026-09-15T15:01:49+00:00,Sleeper,,SS
Lukas Van Ness,GB,EDGE,DL,76.0,76.15,,0.0,0.0,76.15,baseline,Madden 27 baseline,Active,,00-0039112,False,Active,False,,2026-09-15T15:01:49+00:00,Sleeper,,WLB
Dani Dennis-Sutton,GB,EDGE,DL,74.0,74.87,,0.0,0.0,74.87,baseline,Madden 27 baseline,Active,,00-0040877,False,Active,False,,2026-09-15T15:01:49+00:00,Sleeper,,WLB
MarShawn Lloyd,GB,HB,RB,72.0,74.8,69.89130434782608,0.0416,0.0,74.6,baseline,Madden 27 + nflverse performance,Active,,00-0039811,False,Active,False,,2026-09-15T15:01:49+00:00,Sleeper,,RB
Aaron Banks,GB,LG,OL,73.0,74.34,,0.0,0.0,74.34,baseline,Madden 27 baseline,Active,Out,00-0036551,False,Out,True,,2026-09-15T15:01:49+00:00,Sleeper,,LG
Chris McClellan,GB,DT,DL,73.0,74.05,,0.0,0.0,74.05,baseline,Madden 27 baseline,Active,,00-0040869,False,Active,False,,2026-09-15T15:01:49+00:00,Sleeper,,RDE
Bo Melton,GB,WR,WR,72.0,73.82,64.10927152317882,0.005333333333333334,0.0,73.77,baseline,Madden 27 + nflverse performance,Active,Questionable,00-0037091,False,Questionable,False,,2026-09-15T15:01:49+00:00,Sleeper,,KR|WR
Jordan Morgan,GB,LT,OL,72.0,73.75,,0.0,0.0,73.75,baseline,Madden 27 baseline,Active,,00-0039904,False,Active,False,,2026-09-15T15:01:49+00:00,Sleeper,,LT
Skyy Moore,GB,WR,WR,72.0,73.78,58.082781456953654,0.005333333333333334,0.0,73.7,baseline,Madden 27 + nflverse performance,Active,,00-0038090,False,Active,False,,2026-09-15T15:01:49+00:00,Sleeper,,KR|PR|WR
Anthony Belton,GB,RG,OL,72.0,73.1,,0.0,0.0,73.1,baseline,Madden 27 baseline,Active,,00-0040726,False,Active,False,,2026-09-15T15:01:49+00:00,Sleeper,,RG|RT
Damien Martinez,GB,HB,RB,70.0,73.0,,0.0,0.0,73.0,baseline,Madden 27 baseline,CUT,,00-0040651,False,,False,,,,,
Brandon Cisse,GB,CB,DB,72.0,72.89,,0.0,0.0,72.89,baseline,Madden 27 baseline,Active,Questionable,00-0041470,False,Questionable,False,,2026-09-15T15:01:49+00:00,Sleeper,,RCB
Tyrod Taylor,GB,QB,QB,69.0,72.0,,0.0,0.0,72.0,baseline,Madden 27 baseline,Active,,00-0028118,False,Active,False,,2026-09-15T15:01:49+00:00,Sleeper,,QB
Savion Williams,GB,WR,WR,70.0,71.68,,0.0,0.0,71.68,baseline,Madden 27 baseline,Inactive,IR,00-0040009,False,Out,True,,2026-09-15T15:01:49+00:00,Sleeper,,KR|WR
Sean Rhyan,GB,C,OL,70.0,71.65,,0.0,0.0,71.65,baseline,Madden 27 baseline,Active,,00-0037076,False,Active,False,,2026-09-15T15:01:49+00:00,Sleeper,,C
Karl Brooks,GB,DT,DL,70.0,71.33,,0.0,0.0,71.33,baseline,Madden 27 baseline,Active,,00-0038398,False,Active,False,,2026-09-15T15:01:49+00:00,Sleeper,,LDE
Collin Oliver,GB,EDGE,DL,70.0,71.07,,0.0,0.0,71.07,baseline,Madden 27 baseline,Inactive,IR,00-0040012,False,Out,True,,2026-09-15T15:01:49+00:00,Sleeper,,SLB
Barryn Sorrell,GB,EDGE,DL,70.0,71.03,,0.0,0.0,71.03,baseline,Madden 27 baseline,Active,,00-0040010,False,Active,False,,2026-09-15T15:01:49+00:00,Sleeper,,SLB
Pierre Strong Jr,GB,HB,RB,68.0,71.0,,0.0,0.0,71.0,baseline,Madden 27 baseline,Active,Questionable,00-0038098,False,Questionable,False,,2026-09-15T15:01:49+00:00,Sleeper,,
Chris Brooks,GB,HB,RB,68.0,71.0,66.625,0.022400000000000003,0.0,70.9,baseline,Madden 27 + nflverse performance,Active,,00-0038685,False,Active,False,,2026-09-15T15:01:49+00:00,Sleeper,,RB
Jager Burton,GB,RG,OL,69.0,70.78,,0.0,0.0,70.78,baseline,Madden 27 baseline,Active,,00-0040884,False,Active,False,,2026-09-15T15:01:49+00:00,Sleeper,,C|LG
Will Sheppard,GB,WR,WR,68.0,70.67,,0.0,0.0,70.67,baseline,Madden 27 baseline,,,,False,,False,,,,,
Luke Musgrave,GB,TE,TE,70.0,70.38,,0.0,0.0,70.38,baseline,Madden 27 baseline,Active,PUP,00-0039144,False,Out,True,,2026-09-15T15:01:49+00:00,Sleeper,,TE
Josh Whyle,GB,TE,TE,69.0,69.39,,0.0,0.0,69.39,baseline,Madden 27 baseline,Active,Questionable,00-0038589,False,Questionable,False,,2026-09-15T15:01:49+00:00,Sleeper,,TE
Darian Kinnard,GB,RT,OL,68.0,69.36,,0.0,0.0,69.36,baseline,Madden 27 baseline,,,,False,,False,,,,,
Anthony Campbell,GB,DE,DL,68.92,68.92,,0.0,0.0,68.92,baseline,Replacement-level estimate baseline,Active,Out,00-0040689,False,Out,True,,2026-09-15T15:01:49+00:00,Sleeper,,LDE
Kamal Hadden,GB,CB,DB,67.0,68.81,,0.0,0.0,68.81,baseline,Madden 27 baseline,Active,,00-0039831,False,Active,False,,2026-09-15T15:01:49+00:00,Sleeper,,SCB
Domani Jackson,GB,CB,DB,67.0,68.69,,0.0,0.0,68.69,baseline,Madden 27 baseline,Active,,00-0040896,False,Active,False,,2026-09-15T15:01:49+00:00,Sleeper,,
Warren Brinson,GB,DT,DL,66.0,68.6,,0.0,0.0,68.6,baseline,Madden 27 baseline,Active,Out,00-0040016,False,Out,True,,2026-09-15T15:01:49+00:00,Sleeper,,RDE
Shemar Bartholomew,GB,CB,DB,67.0,68.59,,0.0,0.0,68.59,baseline,Madden 27 baseline,,,,False,,False,,,,,
Jordon Riley,GB,DT,DL,68.0,68.54,,0.0,0.0,68.54,baseline,Madden 27 baseline,Active,PUP,00-0038506,False,Out,True,,2026-09-15T15:01:49+00:00,Sleeper,,NT
Kaden Prather,GB,WR,WR,66.0,68.34,,0.0,0.0,68.34,baseline,Madden 27 baseline,CUT,,00-0040239,False,,False,,,,,
Jaylin Simpson,GB,FS,DB,66.0,68.31,,0.0,0.0,68.31,baseline,Madden 27 baseline,,,,False,,False,,,,,
Kitan Oladapo,GB,SS,DB,67.0,68.0,,0.0,0.0,68.0,baseline,Madden 27 baseline,Active,,00-0039818,False,Active,False,,2026-09-15T15:01:49+00:00,Sleeper,,FS
Trey Dean III,GB,SS,DB,67.93,67.93,,0.0,0.0,67.93,baseline,Replacement-level estimate baseline,Inactive,IR,00-0038494,False,Out,True,,2026-09-15T15:01:49+00:00,Sleeper,,SS
Brenton Cox,GB,EDGE,DL,66.0,67.92,,0.0,0.0,67.92,baseline,Madden 27 baseline,Active,,00-0038463,False,Active,False,,2026-09-15T15:01:49+00:00,Sleeper,,WLB
MJ Devonshire,GB,CB,DB,66.0,67.92,,0.0,0.0,67.92,baseline,Madden 27 baseline,CUT,,00-0039418,False,,False,,,,,
Ty'Ron Hopper,GB,LB,LB,66.0,67.9,,0.0,0.0,67.9,baseline,Madden 27 baseline,Active,Out,00-0039812,False,Out,True,,2026-09-15T15:01:49+00:00,Sleeper,,LILB
Nick Niemann,GB,LB,LB,66.0,67.66,,0.0,0.0,67.66,baseline,Madden 27 baseline,Active,,00-0036648,False,Active,False,,2026-09-15T15:01:49+00:00,Sleeper,,RILB
Jacob Monk,GB,C,OL,65.0,66.86,,0.0,0.0,66.86,baseline,Madden 27 baseline,Active,,00-0039817,False,Active,False,,2026-09-15T15:01:49+00:00,Sleeper,,RG
Travis Glover,GB,RT,OL,64.0,66.28,,0.0,0.0,66.28,baseline,Madden 27 baseline,Active,Out,00-0039819,False,Out,True,,2026-09-15T15:01:49+00:00,Sleeper,,RT
Zach Bako-Bewele,GB,RT,OL,66.25,66.25,,0.0,0.0,66.25,baseline,Replacement-level estimate baseline,Active,,00-0037817,False,Active,False,,2026-09-15T15:01:49+00:00,Sleeper,,RT
Brant Banks,GB,LT,OL,64.0,66.17,,0.0,0.0,66.17,baseline,Madden 27 baseline,,,,False,,False,,,,,
Donovan Jennings,GB,RG,OL,64.0,65.9,,0.0,0.0,65.9,baseline,Madden 27 baseline,Active,,00-0039272,False,Active,False,,2026-09-15T15:01:49+00:00,Sleeper,,LG|RG
Kristian Welch,GB,LB,LB,64.0,65.53,,0.0,0.0,65.53,baseline,Madden 27 baseline,Active,,00-0036157,False,Active,False,,2026-09-15T15:01:49+00:00,Sleeper,,LILB
Luke Lachey,GB,TE,TE,64.0,65.36,,0.0,0.0,65.36,baseline,Madden 27 baseline,,,,False,,False,,,,,
John Williams,GB,LG,OL,63.0,65.09,,0.0,0.0,65.09,baseline,Madden 27 baseline,Active,,00-0040023,False,Active,False,,2026-09-15T15:01:49+00:00,Sleeper,,LT
Johnathan Baldwin,GB,FS,DB,63.0,64.93,,0.0,0.0,64.93,baseline,Madden 27 baseline,Inactive,IR,00-0040033,False,Out,True,,2026-09-15T15:01:49+00:00,Sleeper,,FS
Jonathan Ford,GB,DT,DL,63.0,64.65,,0.0,0.0,64.65,baseline,Madden 27 baseline,Active,,00-0037094,False,Active,False,,2026-09-15T15:01:49+00:00,Sleeper,,NT
Dalton Cooper,GB,LT,OL,62.0,64.31,,0.0,0.0,64.31,baseline,Madden 27 baseline,Active,,00-0040083,False,Active,False,,2026-09-15T15:01:49+00:00,Sleeper,,
Arron Mosby,GB,EDGE,DL,62.0,64.29,,0.0,0.0,64.29,baseline,Madden 27 baseline,Active,,00-0037364,False,Active,False,,2026-09-15T15:01:49+00:00,Sleeper,,
Karsen Barnhart,GB,LG,OL,62.0,64.06,,0.0,0.0,64.06,baseline,Madden 27 baseline,,,,False,,False,,,,,
Messiah Swinson,GB,TE,TE,60.0,62.06,,0.0,0.0,62.06,baseline,Madden 27 baseline,,,,False,,False,,,,,
Matt Orzech,GB,LS,ST,61.0,58.0,,0.0,0.0,58.0,baseline,Madden 27 baseline,Active,,00-0035118,False,Active,False,,2026-09-15T15:01:49+00:00,Sleeper,,LS
Will Anderson Jr,HOU,EDGE,DL,95.0,93.68,,0.0,0.0,93.68,baseline,Madden 27 baseline,Active,,00-0039108,False,Active,False,,2026-09-15T15:01:49+00:00,Sleeper,,LDE
Derek Stingley Jr,HOU,CB,DB,92.0,91.86,,0.0,0.0,91.86,baseline,Madden 27 baseline,Active,,00-0037237,False,Active,False,,2026-09-15T15:01:49+00:00,Sleeper,,LCB
Danielle Hunter,HOU,EDGE,DL,92.0,90.83,,0.0,0.0,90.83,baseline,Madden 27 baseline,Active,,00-0031565,False,Active,False,,2026-09-15T15:01:49+00:00,Sleeper,,RDE
Nico Collins,HOU,WR,WR,90.0,90.3,91.48675496688742,0.05333333333333334,0.0,90.36,baseline,Madden 27 + nflverse performance,Active,,00-0036554,False,Active,False,,2026-09-15T15:01:49+00:00,Sleeper,,WR
Kamari Lassiter,HOU,CB,DB,87.0,86.86,,0.0,0.0,86.86,baseline,Madden 27 baseline,Active,,00-0039343,False,Active,False,,2026-09-15T15:01:49+00:00,Sleeper,,RCB
Jalen Pitre,HOU,CB,DB,86.0,86.0,,0.0,0.0,86.0,baseline,Madden 27 baseline,Active,,00-0037246,False,Active,False,,2026-09-15T15:01:49+00:00,Sleeper,,SCB
David Montgomery,HOU,HB,RB,83.0,84.35,88.375,0.064,0.0,84.61,baseline,Madden 27 + nflverse performance,Active,,00-0035685,False,Active,False,,2026-09-15T15:01:49+00:00,Sleeper,,RB
Ka'imi Fairbairn,HOU,K,ST,81.0,84.0,,0.0,0.0,84.0,baseline,Madden 27 baseline,Active,,00-0032726,False,Active,False,,2026-09-15T15:01:49+00:00,Sleeper,,PK
Calen Bullock,HOU,FS,DB,84.0,83.19,,0.0,0.0,83.19,baseline,Madden 27 baseline,Active,,00-0039838,False,Active,False,,2026-09-15T15:01:49+00:00,Sleeper,,FS
Braden Smith,HOU,RT,OL,82.0,82.87,,0.0,0.0,82.87,baseline,Madden 27 baseline,Inactive,IR,00-0034836,False,Out,True,,2026-09-15T15:01:49+00:00,Sleeper,,RT
Azeez Al-Shaair,HOU,LB,LB,83.0,82.84,,0.0,0.0,82.84,baseline,Madden 27 baseline,Active,,00-0035166,False,Active,False,,2026-09-15T15:01:49+00:00,Sleeper,,MLB
Dalton Schultz,HOU,TE,TE,84.0,82.37,81.42499999999998,0.05333333333333334,0.0,82.32,baseline,Madden 27 + nflverse performance,Active,,00-0034383,False,Active,False,,2026-09-15T15:01:49+00:00,Sleeper,,TE
Woody Marks,HOU,HB,RB,80.0,81.76,69.31521739130434,0.0288,0.0,81.4,baseline,Madden 27 + nflverse performance,Active,,00-0040583,False,Active,False,,2026-09-15T15:01:49+00:00,Sleeper,,KR|RB
Kayshon Boutte,HOU,WR,WR,80.0,81.25,67.71854304635762,0.010666666666666668,0.0,81.11,baseline,Madden 27 + nflverse performance,Active,,00-0038608,True,Active,False,,2026-09-15T15:01:49+00:00,Sleeper,,WR
Sheldon Rankins,HOU,DT,DL,81.0,80.81,,0.0,0.0,80.81,baseline,Madden 27 baseline,Active,,00-0032759,False,Active,False,,2026-09-15T15:01:49+00:00,Sleeper,,RDT
Tank Dell,HOU,WR,WR,79.0,80.31,,0.0,0.0,80.31,baseline,Madden 27 baseline,Inactive,IR,00-0038977,False,Out,True,,2026-09-15T15:01:49+00:00,Sleeper,,PR|WR
Jadeveon Clowney,HOU,EDGE,DL,80.0,80.28,,0.0,0.0,80.28,baseline,Madden 27 baseline,Active,,00-0031364,False,Active,False,,2026-09-15T15:01:49+00:00,Sleeper,,RDE
Trent Brown,HOU,LT,OL,79.0,79.81,,0.0,0.0,79.81,baseline,Madden 27 baseline,Active,,00-0032071,False,Active,False,,2026-09-15T15:01:49+00:00,Sleeper,,RT
Wyatt Teller,HOU,LG,OL,79.0,79.53,,0.0,0.0,79.53,baseline,Madden 27 baseline,Active,,00-0034399,False,Active,False,,2026-09-15T15:01:49+00:00,Sleeper,,LG
Jayden Higgins,HOU,WR,WR,77.0,78.63,,0.0,0.0,78.63,baseline,Madden 27 baseline,Inactive,IR,00-0040130,False,Out,True,,2026-09-15T15:01:49+00:00,Sleeper,,WR
C.J. Stroud,HOU,QB,QB,76.0,78.33,80.2972972972973,0.0608,0.0,78.45,baseline,Madden 27 + nflverse performance,Active,,00-0039163,False,Active,False,,2026-09-15T15:01:49+00:00,Sleeper,,QB
Reed Blankenship,HOU,SS,DB,79.0,78.41,,0.0,0.0,78.41,baseline,Madden 27 baseline,Active,,00-0037130,False,Active,False,,2026-09-15T15:01:49+00:00,Sleeper,,SS
Ed Ingram,HOU,RG,OL,77.0,77.56,,0.0,0.0,77.56,baseline,Madden 27 baseline,Active,,00-0038131,False,Active,False,,2026-09-15T15:01:49+00:00,Sleeper,,RG
Henry To'oTo'o,HOU,LB,LB,75.0,76.09,,0.0,0.0,76.09,baseline,Madden 27 baseline,Inactive,Questionable,00-0038599,False,Questionable,False,,2026-09-15T15:01:49+00:00,Sleeper,,WLB
Kayden McDonald,HOU,DT,DL,75.0,75.71,,0.0,0.0,75.71,baseline,Madden 27 baseline,Inactive,IR,00-0041440,False,Out,True,,2026-09-15T15:01:49+00:00,Sleeper,,LDT
Tommy Togiai,HOU,DT,DL,75.0,75.58,,0.0,0.0,75.58,baseline,Madden 27 baseline,Active,,00-0036883,False,Active,False,,2026-09-15T15:01:49+00:00,Sleeper,,LDT
Keylan Rutledge,HOU,C,OL,74.0,75.49,,0.0,0.0,75.49,baseline,Madden 27 baseline,Active,,00-0041532,False,Active,False,,2026-09-15T15:01:49+00:00,Sleeper,,C|LG
E.J. Speed,HOU,LB,LB,75.0,75.21,,0.0,0.0,75.21,baseline,Madden 27 baseline,Active,PUP,00-0034987,False,Out,True,,2026-09-15T15:01:49+00:00,Sleeper,,SLB
Justin Watson,HOU,WR,WR,73.0,75.17,,0.0,0.0,75.17,baseline,Madden 27 baseline,,,,False,,False,,,,,
Jaylin Noel,HOU,WR,WR,73.0,75.09,73.88079470198676,0.010666666666666668,0.0,75.08,baseline,Madden 27 + nflverse performance,Active,,00-0040138,False,Active,False,,2026-09-15T15:01:49+00:00,Sleeper,,KR|PR|WR
Logan Hall,HOU,DT,DL,74.0,74.83,,0.0,0.0,74.83,baseline,Madden 27 baseline,Active,,00-0038127,False,Active,False,,2026-09-15T15:01:49+00:00,Sleeper,,LDT
Xavier Hutchinson,HOU,WR,WR,73.0,74.79,74.81456953642385,0.032,0.0,74.79,baseline,Madden 27 + nflverse performance,Active,,00-0038618,False,Active,False,,2026-09-15T15:01:49+00:00,Sleeper,,KR|WR
Evan Brown,HOU,LG,OL,73.0,74.19,,0.0,0.0,74.19,baseline,Madden 27 baseline,Active,,00-0034495,False,Active,False,,2026-09-15T15:01:49+00:00,Sleeper,,C|LG
Jawhar Jordan,HOU,HB,RB,71.0,74.0,,0.0,0.0,74.0,baseline,Madden 27 baseline,Active,,00-0039405,False,Active,False,,2026-09-15T15:01:49+00:00,Sleeper,,
Febechi Nwaiwu,HOU,RG,OL,72.0,73.33,,0.0,0.0,73.33,baseline,Madden 27 baseline,Active,Out,00-0041559,False,Out,True,,2026-09-15T15:01:49+00:00,Sleeper,,RG
Ja'Marcus Ingram,HOU,CB,DB,72.0,73.13,,0.0,0.0,73.13,baseline,Madden 27 baseline,Inactive,IR,00-0037661,False,Out,True,,2026-09-15T15:01:49+00:00,Sleeper,,SS
Mario Edwards Jr,HOU,DT,DL,72.0,72.94,,0.0,0.0,72.94,baseline,Madden 27 baseline,Active,,00-0032265,False,Active,False,,2026-09-15T15:01:49+00:00,Sleeper,,RDT
Jake Andrews,HOU,C,OL,71.0,72.77,,0.0,0.0,72.77,baseline,Madden 27 baseline,Active,,00-0039030,False,Active,False,,2026-09-15T15:01:49+00:00,Sleeper,,C
Sione Takitaki,HOU,LB,LB,72.0,72.52,,0.0,0.0,72.52,baseline,Madden 27 baseline,,,,False,,False,,,,,
Aireontae Ersery,HOU,LT,OL,71.0,72.48,,0.0,0.0,72.48,baseline,Madden 27 baseline,Active,,00-0040745,False,Active,False,,2026-09-15T15:01:49+00:00,Sleeper,,LT
Foster Moreau,HOU,TE,TE,72.0,72.09,70.8125,0.013333333333333334,0.0,72.07,baseline,Madden 27 + nflverse performance,Active,,00-0034981,False,Active,False,,2026-09-15T15:01:49+00:00,Sleeper,,TE
Kai Kroeger,HOU,P,ST,69.0,72.0,,0.0,0.0,72.0,baseline,Madden 27 baseline,Active,,00-0040654,False,Active,False,,2026-09-15T15:01:49+00:00,Sleeper,,H|P
Kamari Ramsey,HOU,FS,DB,71.0,71.81,,0.0,0.0,71.81,baseline,Madden 27 baseline,Active,,00-0041466,False,Active,False,,2026-09-15T15:01:49+00:00,Sleeper,,SS
Jaylin Smith,HOU,CB,DB,70.0,71.67,,0.0,0.0,71.67,baseline,Madden 27 baseline,Active,,00-0040149,False,Active,False,,2026-09-15T15:01:49+00:00,Sleeper,,LCB
M.J. Stewart Jr,HOU,SS,DB,70.0,71.6,,0.0,0.0,71.6,baseline,Madden 27 baseline,Active,PUP,00-0034355,False,Out,True,,2026-09-15T15:01:49+00:00,Sleeper,,FS
Jaden Crumedy,HOU,DT,DL,70.0,71.31,,0.0,0.0,71.31,baseline,Madden 27 baseline,Active,Out,00-0039402,True,Out,True,,2026-09-15T15:01:49+00:00,Sleeper,,LDT
Blake Fisher,HOU,LT,OL,70.0,71.27,,0.0,0.0,71.27,baseline,Madden 27 baseline,Active,,00-0039857,False,Active,False,,2026-09-15T15:01:49+00:00,Sleeper,,RT
Marte Mapu,HOU,LB,LB,70.0,71.22,,0.0,0.0,71.22,baseline,Madden 27 baseline,CUT,,00-0039054,False,,False,,,,,
Jared Wayne,HOU,WR,WR,70.67,70.67,64.80132450331126,0.005333333333333334,0.0,70.64,baseline,Replacement-level estimate + nflverse performance,Active,,00-0038728,False,Active,False,,2026-09-15T15:01:49+00:00,Sleeper,,WR
Dominique Robinson,HOU,EDGE,DL,69.0,70.22,,0.0,0.0,70.22,baseline,Madden 27 baseline,Active,,00-0037082,False,Active,False,,2026-09-15T15:01:49+00:00,Sleeper,,LDE
Jha'Quan Jackson,HOU,WR,WR,68.0,70.2,,0.0,0.0,70.2,baseline,Madden 27 baseline,,,,False,,False,,,,,
Tremon Smith,HOU,CB,DB,68.0,69.78,,0.0,0.0,69.78,baseline,Madden 27 baseline,Active,,00-0034278,False,Active,False,,2026-09-15T15:01:49+00:00,Sleeper,,KR|PR|RCB
British Brooks,HOU,FB,RB,68.0,69.72,,0.0,0.0,69.72,baseline,Madden 27 baseline,Active,,00-0039603,False,Active,False,,2026-09-15T15:01:49+00:00,Sleeper,,RB
Lewis Bond,HOU,WR,WR,67.0,69.67,,0.0,0.0,69.67,baseline,Madden 27 baseline,Active,,00-0041467,False,Active,False,,2026-09-15T15:01:49+00:00,Sleeper,,
Wade Woodaz,HOU,LB,LB,68.0,69.5,,0.0,0.0,69.5,baseline,Madden 27 baseline,Active,,00-0041465,False,Active,False,,2026-09-15T15:01:49+00:00,Sleeper,,SLB
Davis Mills,HOU,QB,QB,66.0,69.0,,0.0,0.0,69.0,baseline,Madden 27 baseline,Active,,00-0036898,False,Active,False,,2026-09-15T15:01:49+00:00,Sleeper,,QB
Dylan Horton,HOU,EDGE,DL,67.0,68.6,,0.0,0.0,68.6,baseline,Madden 27 baseline,Inactive,IR,00-0039009,False,Out,True,,2026-09-15T15:01:49+00:00,Sleeper,,LDE
Brevin Jordan,HOU,TE,TE,68.0,68.49,,0.0,0.0,68.49,baseline,Madden 27 baseline,Active,Out,00-0036556,False,Out,True,,2026-09-15T15:01:49+00:00,Sleeper,,TE
Kyonte Hamilton,HOU,DT,DL,66.0,67.92,,0.0,0.0,67.92,baseline,Madden 27 baseline,CUT,,00-0040229,False,,False,,,,,
Cade Stover,HOU,TE,TE,67.0,67.89,57.65,0.006666666666666667,0.0,67.82,baseline,Madden 27 + nflverse performance,Active,,00-0039359,False,Active,False,,2026-09-15T15:01:49+00:00,Sleeper,,TE
Jamal Hill,HOU,LB,LB,66.0,67.62,,0.0,0.0,67.62,baseline,Madden 27 baseline,Active,,00-0039395,False,Active,False,,2026-09-15T15:01:49+00:00,Sleeper,,
Kaevon Merriweather,HOU,SS,DB,66.0,67.25,,0.0,0.0,67.25,baseline,Madden 27 baseline,,,,False,,False,,,,,
Ali Gaye,HOU,EDGE,DL,66.0,66.94,,0.0,0.0,66.94,baseline,Madden 27 baseline,Inactive,IR,00-0038724,False,Out,True,,2026-09-15T15:01:49+00:00,Sleeper,,RDE
Naquan Jones,HOU,DT,DL,65.0,66.77,,0.0,0.0,66.77,baseline,Madden 27 baseline,,,,False,,False,,,,,
Brandon Codrington,HOU,CB,DB,65.0,66.71,,0.0,0.0,66.71,baseline,Madden 27 baseline,,,,False,,False,,,,,
Nate Thomas,HOU,LT,OL,66.25,66.25,,0.0,0.0,66.25,baseline,Replacement-level estimate baseline,Active,Out,00-0039422,False,Out,True,,2026-09-15T15:01:49+00:00,Sleeper,,LT
Collin Wright,HOU,CB,DB,64.0,65.91,,0.0,0.0,65.91,baseline,Madden 27 baseline,Active,,00-0041313,False,Active,False,,2026-09-15T15:01:49+00:00,Sleeper,,LCB
Alijah Huzzie,HOU,CB,DB,64.0,65.6,,0.0,0.0,65.6,baseline,Madden 27 baseline,Active,,00-0040411,False,Active,False,,2026-09-15T15:01:49+00:00,Sleeper,,
Marlin Klein,HOU,TE,TE,64.0,65.34,67.21249999999999,0.006666666666666667,0.0,65.35,baseline,Madden 27 + nflverse performance,Active,,00-0041472,False,Active,False,,2026-09-15T15:01:49+00:00,Sleeper,,TE
Aiden Fisher,HOU,LB,LB,63.0,65.2,,0.0,0.0,65.2,baseline,Madden 27 baseline,Active,Out,00-0041449,False,Out,True,,2026-09-15T15:01:49+00:00,Sleeper,,WLB
Jacob Hummel,HOU,LB,LB,63.0,64.87,,0.0,0.0,64.87,baseline,Madden 27 baseline,ACT,,00-0037633,False,,False,,,,Jake Hummel,SLB
Jake Hansen,HOU,LB,LB,63.0,64.61,,0.0,0.0,64.61,baseline,Madden 27 baseline,Active,,00-0037457,False,Active,False,,2026-09-15T15:01:49+00:00,Sleeper,,MLB
Solomon Byrd,HOU,EDGE,DL,62.0,64.25,,0.0,0.0,64.25,baseline,Madden 27 baseline,RES,,00-0039427,False,,False,,,,,RDE
Graham Mertz,HOU,QB,QB,60.0,63.0,,0.0,0.0,63.0,baseline,Madden 27 baseline,Inactive,IR,00-0040211,False,Out,True,,2026-09-15T15:01:49+00:00,Sleeper,,QB
Austin Brinkman,HOU,LS,ST,65.0,62.0,,0.0,0.0,62.0,baseline,Madden 27 baseline,Active,,00-0040409,False,Active,False,,2026-09-15T15:01:49+00:00,Sleeper,,LS
Jonathan Taylor,IND,HB,RB,96.0,94.72,88.1086956521739,0.0608,0.0,94.32,baseline,Madden 27 + nflverse performance,Active,,00-0036223,False,Active,False,,2026-09-15T15:01:49+00:00,Sleeper,,RB
Quenton Nelson,IND,LG,OL,94.0,93.45,,0.0,0.0,93.45,baseline,Madden 27 baseline,Active,,00-0034342,False,Active,False,,2026-09-15T15:01:49+00:00,Sleeper,,LG
DeForest Buckner,IND,DT,DL,91.0,89.93,,0.0,0.0,89.93,baseline,Madden 27 baseline,Active,,00-0032378,False,Active,False,,2026-09-15T15:01:49+00:00,Sleeper,,RDT
Sauce Gardner,IND,CB,DB,90.0,89.87,,0.0,0.0,89.87,baseline,Madden 27 baseline,Active,,00-0037190,False,Active,False,,2026-09-15T15:01:49+00:00,Sleeper,,LCB
Charvarius Ward Sr,IND,CB,DB,88.0,88.38,,0.0,0.0,88.38,baseline,Madden 27 baseline,Active,,00-0034573,False,Active,False,,2026-09-15T15:01:49+00:00,Sleeper,,RCB
Bernhard Raimann,IND,LT,OL,86.0,86.48,,0.0,0.0,86.48,baseline,Madden 27 baseline,Active,,00-0037757,False,Active,False,,2026-09-15T15:01:49+00:00,Sleeper,,LT
Rigoberto Sanchez,IND,P,ST,83.0,85.99,,0.0,0.0,85.99,baseline,Madden 27 baseline,Active,,00-0033269,False,Active,False,,2026-09-15T15:01:49+00:00,Sleeper,,H|P
Tanor Bortolini,IND,C,OL,86.0,85.83,,0.0,0.0,85.83,baseline,Madden 27 baseline,Active,,00-0039744,False,Active,False,,2026-09-15T15:01:49+00:00,Sleeper,,C
Alec Pierce,IND,WR,WR,84.0,84.81,79.72516556291392,0.032,0.0,84.65,baseline,Madden 27 + nflverse performance,Active,Questionable,00-0037664,False,Questionable,False,,2026-09-15T15:01:49+00:00,Sleeper,,WR
Camryn Bynum,IND,FS,DB,84.0,83.18,,0.0,0.0,83.18,baseline,Madden 27 baseline,ACT,,00-0036629,False,,False,,,,Cam Bynum,FS
Grover Stewart,IND,DT,DL,84.0,83.05,,0.0,0.0,83.05,baseline,Madden 27 baseline,Active,,00-0033952,False,Active,False,,2026-09-15T15:01:49+00:00,Sleeper,,LDT
Keenan Allen,IND,WR,WR,80.0,82.4,76.52980132450331,0.032,0.0,82.21,baseline,Prior-year Madden -2 + nflverse performance,Active,,00-0030279,False,Active,False,,2026-09-15T15:01:49+00:00,Sleeper,,WR
Laiatu Latu,IND,EDGE,DL,82.0,81.89,,0.0,0.0,81.89,baseline,Madden 27 baseline,Active,,00-0039340,False,Active,False,,2026-09-15T15:01:49+00:00,Sleeper,,RDE
Cam Taylor-Britt,IND,CB,DB,81.0,81.31,,0.0,0.0,81.31,baseline,Madden 27 baseline,Active,Sus,00-0037753,False,Out,True,,2026-09-15T15:01:49+00:00,Sleeper,,RCB
Tyler Warren,IND,TE,TE,83.0,81.34,79.74999999999999,0.03333333333333333,0.0,81.29,baseline,Madden 27 + nflverse performance,Active,,00-0040128,False,Active,False,,2026-09-15T15:01:49+00:00,Sleeper,,TE
Josh Downs,IND,WR,WR,80.0,80.83,73.24503311258279,0.021333333333333336,0.0,80.67,baseline,Madden 27 + nflverse performance,Active,,00-0038997,False,Active,False,,2026-09-15T15:01:49+00:00,Sleeper,,PR|WR
Daniel Jones,IND,QB,QB,78.0,80.32,64.6891891891892,0.049600000000000005,0.0,79.54,baseline,Madden 27 + nflverse performance,Active,,00-0035710,False,Active,False,,2026-09-15T15:01:49+00:00,Sleeper,,QB
Spencer Shrader,IND,K,ST,74.0,77.0,,0.0,0.0,77.0,baseline,Madden 27 baseline,Active,,00-0039576,False,Active,False,,2026-09-15T15:01:49+00:00,Sleeper,,PK
Matt Goncalves,IND,RG,OL,75.0,76.24,,0.0,0.0,76.24,baseline,Madden 27 baseline,Active,,00-0039736,False,Active,False,,2026-09-15T15:01:49+00:00,Sleeper,,RG
Nick Westbrook-Ikhine,IND,WR,WR,74.0,76.02,,0.0,0.0,76.02,baseline,Madden 27 baseline,Active,,00-0036182,False,Active,False,,2026-09-15T15:01:49+00:00,Sleeper,,
JT Tuimoloau,IND,EDGE,DL,74.0,75.16,,0.0,0.0,75.16,baseline,Madden 27 baseline,,,00-0040744,False,,False,,,,Jaylahn Tuimoloau,LDE
Arden Key,IND,EDGE,DL,74.0,74.91,,0.0,0.0,74.91,baseline,Madden 27 baseline,Active,,00-0034825,False,Active,False,,2026-09-15T15:01:49+00:00,Sleeper,,LDE
A.J. Haulcy,IND,SS,DB,74.0,74.78,,0.0,0.0,74.78,baseline,Madden 27 baseline,Active,,00-0041043,False,Active,False,,2026-09-15T15:01:49+00:00,Sleeper,,SS
CJ Allen,IND,LB,LB,74.0,74.63,,0.0,0.0,74.63,baseline,Madden 27 baseline,Active,,00-0041039,False,Active,False,,2026-09-15T15:01:49+00:00,Sleeper,,SLB
Luke Rhodes,IND,LS,ST,77.0,74.0,,0.0,0.0,74.0,baseline,Madden 27 baseline,Active,,00-0032753,False,Active,False,,2026-09-15T15:01:49+00:00,Sleeper,,LS
Caden Curry,IND,EDGE,DL,73.0,73.91,,0.0,0.0,73.91,baseline,Madden 27 baseline,Active,,00-0041111,False,Active,False,,2026-09-15T15:01:49+00:00,Sleeper,,RDE
Ashton Dulin,IND,WR,WR,72.0,73.83,58.082781456953654,0.005333333333333334,0.0,73.75,baseline,Madden 27 + nflverse performance,Active,,00-0035021,False,Active,False,,2026-09-15T15:01:49+00:00,Sleeper,,KR|PR|WR
Jalen Farmer,IND,RG,OL,72.0,73.22,,0.0,0.0,73.22,baseline,Madden 27 baseline,Active,,00-0041517,False,Active,False,,2026-09-15T15:01:49+00:00,Sleeper,,RG
Derrick Nnadi,IND,DT,DL,73.0,73.21,,0.0,0.0,73.21,baseline,Madden 27 baseline,,,,False,,False,,,,,
DJ Giddens,IND,HB,RB,70.0,73.0,,0.0,0.0,73.0,baseline,Madden 27 baseline,Active,Out,00-0040179,False,Out,True,,2026-09-15T15:01:49+00:00,Sleeper,,KR|RB
Akeem Davis-Gaither,IND,LB,LB,72.0,72.96,,0.0,0.0,72.96,baseline,Madden 27 baseline,Active,,00-0036298,False,Active,False,,2026-09-15T15:01:49+00:00,Sleeper,,MLB
Justin Walley,IND,CB,DB,71.0,72.66,,0.0,0.0,72.66,baseline,Madden 27 baseline,Active,,00-0040139,False,Active,False,,2026-09-15T15:01:49+00:00,Sleeper,,SCB
Micheal Clemons,IND,EDGE,DL,71.0,72.14,,0.0,0.0,72.14,baseline,Madden 27 baseline,Active,,00-0038107,False,Active,False,,2026-09-15T15:01:49+00:00,Sleeper,,RDE
Anthony Richardson Sr,IND,QB,QB,70.0,72.12,,0.0,0.0,72.12,baseline,Madden 27 baseline,Active,,00-0039164,False,Active,False,,2026-09-15T15:01:49+00:00,Sleeper,,QB
Jerry Tillery,IND,DT,DL,71.0,71.87,,0.0,0.0,71.87,baseline,Madden 27 baseline,Active,,00-0035674,False,Active,False,,2026-09-15T15:01:49+00:00,Sleeper,,LDT
Jonathan Owens,IND,FS,DB,71.0,71.64,,0.0,0.0,71.64,baseline,Madden 27 baseline,Active,,00-0034485,False,Active,False,,2026-09-15T15:01:49+00:00,Sleeper,,FS
Deion Burks,IND,WR,WR,69.0,71.62,,0.0,0.0,71.62,baseline,Madden 27 baseline,Active,,00-0041132,False,Active,False,,2026-09-15T15:01:49+00:00,Sleeper,,KR|WR
Anthony Gould,IND,WR,WR,69.0,71.5,,0.0,0.0,71.5,baseline,Madden 27 baseline,Active,,00-0039816,False,Active,False,,2026-09-15T15:01:49+00:00,Sleeper,,
Mo Alie-Cox,IND,TE,TE,71.0,71.37,,0.0,0.0,71.37,baseline,Madden 27 baseline,Active,,00-0033217,False,Active,False,,2026-09-15T15:01:49+00:00,Sleeper,,TE
George Gumbs Jr.,IND,EDGE,DL,70.0,71.08,,0.0,0.0,71.08,baseline,Madden 27 baseline,Active,Out,00-0041080,False,Out,True,,2026-09-15T15:01:49+00:00,Sleeper,,LDE
Jaylon Carlies,IND,LB,LB,70.0,70.91,,0.0,0.0,70.91,baseline,Madden 27 baseline,Active,,00-0039377,False,Active,False,,2026-09-15T15:01:49+00:00,Sleeper,,WLB
Laquon Treadwell,IND,WR,WR,68.0,70.8,58.082781456953654,0.005333333333333334,0.0,70.73,baseline,Madden 27 + nflverse performance,Active,,00-0032951,False,Active,False,,2026-09-15T15:01:49+00:00,Sleeper,,WR
Bryce Boettcher,IND,LB,LB,69.0,70.48,,0.0,0.0,70.48,baseline,Madden 27 baseline,Active,,00-0041518,False,Active,False,,2026-09-15T15:01:49+00:00,Sleeper,,SLB
Adetomiwa Adebawore,IND,DT,DL,69.0,70.33,,0.0,0.0,70.33,baseline,Madden 27 baseline,Active,,00-0039031,False,Active,False,,2026-09-15T15:01:49+00:00,Sleeper,,RDT
Raylen Sharpe,IND,WR,WR,68.0,70.13,,0.0,0.0,70.13,baseline,Madden 27 baseline,CUT,,00-0041233,False,,False,,,,,
Riley Leonard,IND,QB,QB,67.0,70.0,,0.0,0.0,70.0,baseline,Madden 27 baseline,Active,Out,00-0040206,False,Out,True,,2026-09-15T15:01:49+00:00,Sleeper,,QB
Jalen Travis,IND,RT,OL,68.0,69.85,,0.0,0.0,69.85,baseline,Madden 27 baseline,Active,,00-0040163,False,Active,False,,2026-09-15T15:01:49+00:00,Sleeper,,RT
Daniel Scott,IND,FS,DB,68.0,69.68,,0.0,0.0,69.68,baseline,Madden 27 baseline,Active,,00-0038392,False,Active,False,,2026-09-15T15:01:49+00:00,Sleeper,,
Eli Pancol,IND,WR,WR,66.0,68.85,,0.0,0.0,68.85,baseline,Madden 27 baseline,CUT,,00-0040337,False,,False,,,,,
Johnathan Edwards,IND,CB,DB,67.0,68.39,,0.0,0.0,68.39,baseline,Madden 27 baseline,Active,Out,00-0040347,False,Out,True,,2026-09-15T15:01:49+00:00,Sleeper,,
Sedrick Van Pran-Granger,IND,C,OL,66.0,68.2,,0.0,0.0,68.2,baseline,Madden 27 baseline,Active,,00-0039876,True,Active,False,,2026-09-15T15:01:49+00:00,Sleeper,,C
Tim Smith,IND,DT,DL,67.0,68.06,,0.0,0.0,68.06,baseline,Madden 27 baseline,Active,,00-0040207,False,Active,False,,2026-09-15T15:01:49+00:00,Sleeper,,LDT
Seth McGowan,IND,HB,RB,65.0,68.0,58.40760869565218,0.0,0.0,68.0,baseline,Madden 27 baseline,Active,,00-0041125,False,Active,False,,2026-09-15T15:01:49+00:00,Sleeper,,KR|RB
Kenneth Harris,IND,CB,DB,67.93,67.93,,0.0,0.0,67.93,baseline,Replacement-level estimate baseline,Active,,00-0041320,False,Active,False,,2026-09-15T15:01:49+00:00,Sleeper,,LCB
Kapena Gushiken,IND,CB,DB,67.93,67.93,,0.0,0.0,67.93,baseline,Replacement-level estimate baseline,Active,,00-0040928,False,Active,False,,2026-09-15T15:01:49+00:00,Sleeper,,SCB
Austin Ajiake,IND,LB,LB,66.0,67.42,,0.0,0.0,67.42,baseline,Madden 27 baseline,Active,Out,00-0039178,False,Out,True,,2026-09-15T15:01:49+00:00,Sleeper,,MLB
Juanyeh Thomas,IND,SS,DB,66.0,67.36,,0.0,0.0,67.36,baseline,Madden 27 baseline,,,,False,,False,,,,,
Dalton Tucker,IND,LG,OL,65.0,66.65,,0.0,0.0,66.65,baseline,Madden 27 baseline,Active,Out,00-0039578,False,Out,True,,2026-09-15T15:01:49+00:00,Sleeper,,LG
Hunter Wohler,IND,SS,DB,65.0,66.6,,0.0,0.0,66.6,baseline,Madden 27 baseline,Active,,00-0040235,False,Active,False,,2026-09-15T15:01:49+00:00,Sleeper,,SS
Blake Freeland,IND,LT,OL,65.0,66.42,,0.0,0.0,66.42,baseline,Madden 27 baseline,,,,False,,False,,,,,
Drew Ogletree,IND,TE,TE,65.0,66.09,57.868750000000006,0.006666666666666667,0.0,66.04,baseline,Madden 27 + nflverse performance,Active,,00-0037292,False,Active,False,,2026-09-15T15:01:49+00:00,Sleeper,,TE
Tahj Chambers,IND,OLB,LB,65.85,65.85,,0.0,0.0,65.85,baseline,Replacement-level estimate baseline,Active,,00-0041227,False,Active,False,,2026-09-15T15:01:49+00:00,Sleeper,,WLB
Will Mallory,IND,TE,TE,65.0,65.72,,0.0,0.0,65.72,baseline,Madden 27 baseline,Inactive,IR,00-0038394,False,Out,True,,2026-09-15T15:01:49+00:00,Sleeper,,TE
Easton Stick,IND,QB,QB,62.0,65.0,,0.0,0.0,65.0,baseline,Madden 27 baseline,,,,False,,False,,,,,
Sean McKeon,IND,TE,TE,63.0,64.67,,0.0,0.0,64.67,baseline,Madden 27 baseline,,,,False,,False,,,,,
Luke Tenuta,IND,RT,OL,62.0,64.35,,0.0,0.0,64.35,baseline,Madden 27 baseline,Active,,00-0037305,False,Active,False,,2026-09-15T15:01:49+00:00,Sleeper,,RT
West Weeks,IND,LB,LB,62.0,64.01,,0.0,0.0,64.01,baseline,Madden 27 baseline,Active,,00-0041236,False,Active,False,,2026-09-15T15:01:49+00:00,Sleeper,,
Trey Washington,IND,FS,DB,62.0,63.93,,0.0,0.0,63.93,baseline,Madden 27 baseline,Active,,00-0040357,False,Active,False,,2026-09-15T15:01:49+00:00,Sleeper,,
Nolan Rucci,IND,LT,OL,61.0,63.67,,0.0,0.0,63.67,baseline,Madden 27 baseline,Active,,00-0041232,False,Active,False,,2026-09-15T15:01:49+00:00,Sleeper,,
Austin Brown,IND,FS,DB,62.0,63.35,,0.0,0.0,63.35,baseline,Madden 27 baseline,CUT,,00-0041226,False,,False,,,,,
Josh Sills,IND,RG,OL,60.0,62.17,,0.0,0.0,62.17,baseline,Madden 27 baseline,Active,,00-0037138,False,Active,False,,2026-09-15T15:01:49+00:00,Sleeper,,
Geno VanDeMark,IND,C,OL,59.0,62.0,,0.0,0.0,62.0,baseline,Madden 27 baseline,,,,False,,False,,,,,
Jimmy Morrissey,IND,C,OL,59.0,61.3,,0.0,0.0,61.3,baseline,Madden 27 baseline,CUT,,00-0036859,False,,False,,,,,
Josh Hines-Allen,JAX,EDGE,DL,89.0,88.11,,0.0,0.0,88.11,baseline,Madden 27 baseline,Active,,00-0035642,False,Active,False,,2026-09-15T15:01:49+00:00,Sleeper,,RDE
Foyesade Oluokun,JAX,LB,LB,86.0,85.48,,0.0,0.0,85.48,baseline,Madden 27 baseline,Active,,00-0034413,False,Active,False,,2026-09-15T15:01:49+00:00,Sleeper,,WLB
Trevor Lawrence,JAX,QB,QB,84.0,85.0,78.36486486486486,0.0368,0.0,84.76,baseline,Madden 27 + nflverse performance,Active,,00-0036971,False,Active,False,,2026-09-15T15:01:49+00:00,Sleeper,,QB
Jourdan Lewis,JAX,CB,DB,83.0,83.57,,0.0,0.0,83.57,baseline,Madden 27 baseline,Active,,00-0033928,False,Active,False,,2026-09-15T15:01:49+00:00,Sleeper,,SCB
Travis Hunter,JAX,CB,DB,83.0,83.43,,0.0,0.0,83.43,baseline,Madden 27 baseline,Active,,00-0040718,False,Active,False,,2026-09-15T15:01:49+00:00,Sleeper,,LCB|WR
Cam Little,JAX,K,ST,80.0,83.0,,0.0,0.0,83.0,baseline,Madden 27 baseline,Active,,00-0039409,False,Active,False,,2026-09-15T15:01:49+00:00,Sleeper,,PK
Jakobi Meyers,JAX,WR,WR,82.0,82.7,79.21523178807948,0.010666666666666668,0.0,82.66,baseline,Madden 27 + nflverse performance,Active,,00-0034960,False,Active,False,,2026-09-15T15:01:49+00:00,Sleeper,,WR
Parker Washington,JAX,WR,WR,81.0,81.92,87.39735099337749,0.032,0.0,82.1,baseline,Madden 27 + nflverse performance,Active,,00-0038606,False,Active,False,,2026-09-15T15:01:49+00:00,Sleeper,,PR|WR
Brian Thomas Jr,JAX,WR,WR,81.0,81.89,73.83774834437085,0.016,0.0,81.76,baseline,Madden 27 + nflverse performance,Active,Questionable,00-0039893,False,Questionable,False,,2026-09-15T15:01:49+00:00,Sleeper,,WR
Antonio Johnson,JAX,SS,DB,81.0,80.89,,0.0,0.0,80.89,baseline,Madden 27 baseline,Active,,00-0038596,False,Active,False,,2026-09-15T15:01:49+00:00,Sleeper,,FS
Ezra Cleveland,JAX,LG,OL,80.0,80.62,,0.0,0.0,80.62,baseline,Madden 27 baseline,Active,,00-0036327,False,Active,False,,2026-09-15T15:01:49+00:00,Sleeper,,RG
Travon Walker,JAX,EDGE,DL,80.0,80.04,,0.0,0.0,80.04,baseline,Madden 27 baseline,Active,,00-0037235,False,Active,False,,2026-09-15T15:01:49+00:00,Sleeper,,LDE
Logan Cooke,JAX,P,ST,76.0,79.0,,0.0,0.0,79.0,baseline,Madden 27 baseline,Active,,00-0034437,False,Active,False,,2026-09-15T15:01:49+00:00,Sleeper,,H|P
Jarrian Jones,JAX,CB,DB,78.0,78.46,,0.0,0.0,78.46,baseline,Madden 27 baseline,Active,,00-0039353,False,Active,False,,2026-09-15T15:01:49+00:00,Sleeper,,SCB
Bhayshul Tuten,JAX,HB,RB,76.0,78.2,79.65217391304347,0.048,0.0,78.27,baseline,Madden 27 + nflverse performance,Active,,00-0040719,False,Active,False,,2026-09-15T15:01:49+00:00,Sleeper,,KR|RB
Walker Little,JAX,LT,OL,77.0,78.16,,0.0,0.0,78.16,baseline,Madden 27 baseline,Active,,00-0036975,False,Active,False,,2026-09-15T15:01:49+00:00,Sleeper,,LT|RT
Anton Harrison,JAX,RT,OL,77.0,78.13,,0.0,0.0,78.13,baseline,Madden 27 baseline,Active,,00-0038934,False,Active,False,,2026-09-15T15:01:49+00:00,Sleeper,,LT
Arik Armstead,JAX,DT,DL,76.0,76.49,,0.0,0.0,76.49,baseline,Madden 27 baseline,Active,,00-0032164,False,Active,False,,2026-09-15T15:01:49+00:00,Sleeper,,LDT
Brenton Strange,JAX,TE,TE,77.0,76.27,80.13749999999999,0.020000000000000004,0.0,76.35,baseline,Madden 27 + nflverse performance,Active,,00-0038935,False,Active,False,,2026-09-15T15:01:49+00:00,Sleeper,,TE
Robert Hainsey,JAX,C,OL,74.0,75.57,,0.0,0.0,75.57,baseline,Madden 27 baseline,Active,,00-0036985,False,Active,False,,2026-09-15T15:01:49+00:00,Sleeper,,C
Montaric Brown,JAX,CB,DB,74.0,75.4,,0.0,0.0,75.4,baseline,Madden 27 baseline,Active,,00-0037313,False,Active,False,,2026-09-15T15:01:49+00:00,Sleeper,,RCB
Daniel Faalele,JAX,RG,OL,74.0,75.39,,0.0,0.0,75.39,baseline,Madden 27 baseline,Active,Out,00-0038118,True,Out,True,,2026-09-15T15:01:49+00:00,Sleeper,,LG
Chris Rodriguez Jr,JAX,HB,RB,72.0,74.92,65.71739130434783,0.019200000000000002,0.0,74.74,baseline,Madden 27 + nflverse performance,Active,,00-0038611,False,Active,False,,2026-09-15T15:01:49+00:00,Sleeper,,RB
Eric Murray,JAX,FS,DB,74.0,74.7,,0.0,0.0,74.7,baseline,Madden 27 baseline,Active,,00-0033038,False,Active,False,,2026-09-15T15:01:49+00:00,Sleeper,,SS
Patrick Mekari,JAX,RG,OL,73.0,74.39,,0.0,0.0,74.39,baseline,Madden 27 baseline,Inactive,IR,00-0035112,False,Out,True,,2026-09-15T15:01:49+00:00,Sleeper,,RG
Emmanuel Pregnon,JAX,LG,OL,73.0,74.32,,0.0,0.0,74.32,baseline,Madden 27 baseline,Active,,00-0041050,False,Active,False,,2026-09-15T15:01:49+00:00,Sleeper,,LG
Jahlani Tavai,JAX,OLB,LB,73.0,74.3,,0.0,0.0,74.3,baseline,Prior-year Madden -2 baseline,Active,,00-0035240,False,Active,False,,2026-09-15T15:01:49+00:00,Sleeper,,WLB
LeQuint Allen Jr,JAX,HB,RB,71.0,74.0,,0.0,0.0,74.0,baseline,Madden 27 baseline,Active,,00-0040238,False,Active,False,,2026-09-15T15:01:49+00:00,Sleeper,,KR|RB
Dennis Gardeck,JAX,LB,LB,74.0,73.98,,0.0,0.0,73.98,baseline,Madden 27 baseline,Active,,00-0034473,False,Active,False,,2026-09-15T15:01:49+00:00,Sleeper,,SLB
Ruke Orhorhoro,JAX,DT,DL,73.0,73.94,,0.0,0.0,73.94,baseline,Madden 27 baseline,Active,,00-0039733,False,Active,False,,2026-09-15T15:01:49+00:00,Sleeper,,LDT
Ameer Abdullah,JAX,HB,RB,71.0,74.0,67.77173913043478,0.0128,0.0,73.92,baseline,Madden 27 + nflverse performance,Active,,00-0032104,False,Active,False,,2026-09-15T15:01:49+00:00,Sleeper,,KR|RB
Albert Regis,JAX,DT,DL,73.0,73.91,,0.0,0.0,73.91,baseline,Madden 27 baseline,Active,,00-0041045,False,Active,False,,2026-09-15T15:01:49+00:00,Sleeper,,RDT
Wesley Williams,JAX,EDGE,DL,73.0,73.87,,0.0,0.0,73.87,baseline,Madden 27 baseline,Active,Out,00-0041059,False,Out,True,,2026-09-15T15:01:49+00:00,Sleeper,,LDE
Caleb Ransaw,JAX,FS,DB,73.0,73.45,,0.0,0.0,73.45,baseline,Madden 27 baseline,Active,,00-0040145,False,Active,False,,2026-09-15T15:01:49+00:00,Sleeper,,FS
DaVon Hamilton,JAX,DT,DL,73.0,73.44,,0.0,0.0,73.44,baseline,Madden 27 baseline,Active,,00-0036262,False,Active,False,,2026-09-15T15:01:49+00:00,Sleeper,,RDT
Cole Van Lanen,JAX,LT,OL,72.0,73.13,,0.0,0.0,73.13,baseline,Madden 27 baseline,Active,,00-0036655,False,Active,False,,2026-09-15T15:01:49+00:00,Sleeper,,RT
Wyatt Milum,JAX,RG,OL,71.0,72.36,,0.0,0.0,72.36,baseline,Madden 27 baseline,Active,,00-0040146,False,Active,False,,2026-09-15T15:01:49+00:00,Sleeper,,RG
Corey Ballentine,JAX,CB,DB,70.0,71.56,,0.0,0.0,71.56,baseline,Madden 27 baseline,,,,False,,False,,,,,
Jalen Huskey,JAX,FS,DB,70.0,71.1,,0.0,0.0,71.1,baseline,Madden 27 baseline,Active,Out,00-0041055,False,Out,True,,2026-09-15T15:01:49+00:00,Sleeper,,SS
Zach Durfee,JAX,EDGE,DL,70.0,70.81,,0.0,0.0,70.81,baseline,Madden 27 baseline,Inactive,IR,00-0041122,False,Out,True,,2026-09-15T15:01:49+00:00,Sleeper,,RDE
Josh Cameron,JAX,WR,WR,68.0,70.63,73.82450331125828,0.010666666666666668,0.0,70.66,baseline,Madden 27 + nflverse performance,Active,,00-0041100,False,Active,False,,2026-09-15T15:01:49+00:00,Sleeper,,KR|PR|WR
Ventrell Miller,JAX,LB,LB,69.0,70.47,,0.0,0.0,70.47,baseline,Madden 27 baseline,Active,,00-0038570,False,Active,False,,2026-09-15T15:01:49+00:00,Sleeper,,MLB
DeeJay Dallas,JAX,HB,RB,67.0,70.0,60.32065217391305,0.0,0.0,70.0,baseline,Madden 27 baseline,,,,False,,False,,,,,
Trystan Colon,JAX,LG,OL,68.0,69.88,,0.0,0.0,69.88,baseline,Madden 27 baseline,RET,,00-0035992,False,,False,,,,,
Chandler Brayboy,JAX,WR,WR,67.0,69.67,,0.0,0.0,69.67,baseline,Madden 27 baseline,CUT,,00-0040323,False,,False,,,,,
Ross Matiscik,JAX,LS,ST,72.0,69.0,,0.0,0.0,69.0,baseline,Madden 27 baseline,Active,,00-0035827,False,Active,False,,2026-09-15T15:01:49+00:00,Sleeper,,LS
Jack Kiser,JAX,LB,LB,67.0,68.69,,0.0,0.0,68.69,baseline,Madden 27 baseline,Active,,00-0040723,False,Active,False,,2026-09-15T15:01:49+00:00,Sleeper,,
Chuma Edoga,JAX,RT,OL,67.0,68.68,,0.0,0.0,68.68,baseline,Madden 27 baseline,,,,False,,False,,,,,
C.J. Williams,JAX,WR,WR,66.0,68.39,,0.0,0.0,68.39,baseline,Madden 27 baseline,Active,,00-0041106,False,Active,False,,2026-09-15T15:01:49+00:00,Sleeper,,KR|PR|WR
Quinton Bohanna,JAX,DT,DL,67.0,68.15,,0.0,0.0,68.15,baseline,Madden 27 baseline,,,,False,,False,,,,,
Brady Boyd,JAX,WR,WR,65.0,67.73,,0.0,0.0,67.73,baseline,Madden 27 baseline,CUT,,00-0041205,False,,False,,,,,
Austin Trammell,JAX,WR,WR,65.0,67.72,,0.0,0.0,67.72,baseline,Madden 27 baseline,Active,,00-0036841,False,Active,False,,2026-09-15T15:01:49+00:00,Sleeper,,
Christian Braswell,JAX,CB,DB,66.0,67.63,,0.0,0.0,67.63,baseline,Madden 27 baseline,Active,,00-0038616,False,Active,False,,2026-09-15T15:01:49+00:00,Sleeper,,LCB
Rayuan Lane III,JAX,FS,DB,66.0,67.63,,0.0,0.0,67.63,baseline,Madden 27 baseline,Active,,00-0040213,False,Active,False,,2026-09-15T15:01:49+00:00,Sleeper,,SS
Nate Boerkircher,JAX,TE,TE,67.0,67.43,64.02499999999999,0.006666666666666667,0.0,67.41,baseline,Madden 27 + nflverse performance,Active,,00-0041503,False,Active,False,,2026-09-15T15:01:49+00:00,Sleeper,,TE
Parker Hughes,JAX,LB,LB,66.0,67.36,,0.0,0.0,67.36,baseline,Madden 27 baseline,Inactive,IR,00-0041127,False,Out,True,,2026-09-15T15:01:49+00:00,Sleeper,,MLB
Tim Jones,JAX,WR,WR,64.0,67.0,,0.0,0.0,67.0,baseline,Madden 27 baseline,Active,,00-0036497,False,Active,False,,2026-09-15T15:01:49+00:00,Sleeper,,
Danny Striggow,JAX,EDGE,DL,65.0,66.9,,0.0,0.0,66.9,baseline,Madden 27 baseline,Active,,00-0040342,False,Active,False,,2026-09-15T15:01:49+00:00,Sleeper,,LDE
Bryan Thomas Jr.,JAX,EDGE,DL,65.0,66.79,,0.0,0.0,66.79,baseline,Madden 27 baseline,Active,,00-0041218,False,Active,False,,2026-09-15T15:01:49+00:00,Sleeper,,RDE
Matt Dickerson,JAX,DT,DL,65.0,66.52,,0.0,0.0,66.52,baseline,Madden 27 baseline,Active,,00-0034657,False,Active,False,,2026-09-15T15:01:49+00:00,Sleeper,,LDT
Devon Marshall,JAX,CB,DB,64.0,66.24,,0.0,0.0,66.24,baseline,Madden 27 baseline,,,,False,,False,,,,,
Tanner Koziol,JAX,TE,TE,65.0,66.02,,0.0,0.0,66.02,baseline,Madden 27 baseline,Active,Out,00-0041084,False,Out,True,,2026-09-15T15:01:49+00:00,Sleeper,,TE
Quinn Ewers,JAX,QB,QB,63.0,66.0,,0.0,0.0,66.0,baseline,Madden 27 baseline,Active,Out,00-0040234,True,Out,True,,2026-09-15T15:01:49+00:00,Sleeper,,QB
BJ Green II,JAX,EDGE,DL,64.0,65.91,,0.0,0.0,65.91,baseline,Madden 27 baseline,Active,Questionable,00-0040329,False,Questionable,False,,2026-09-15T15:01:49+00:00,Sleeper,,RDE
Jared Bartlett,JAX,OLB,LB,65.85,65.85,,0.0,0.0,65.85,baseline,Replacement-level estimate baseline,Inactive,IR,00-0040395,False,Out,True,,2026-09-15T15:01:49+00:00,Sleeper,,SLB
Jalen McLeod,JAX,LB,LB,64.0,65.8,,0.0,0.0,65.8,baseline,Madden 27 baseline,Active,,00-0040209,False,Active,False,,2026-09-15T15:01:49+00:00,Sleeper,,
Jonah Monheim,JAX,C,OL,63.0,65.38,,0.0,0.0,65.38,baseline,Madden 27 baseline,Active,,00-0040227,False,Active,False,,2026-09-15T15:01:49+00:00,Sleeper,,C
Trevian Thomas,JAX,CB,DB,63.0,65.1,,0.0,0.0,65.1,baseline,Madden 27 baseline,CUT,,00-0040295,False,,False,,,,,
Garrett DiGiorgio,JAX,RG,OL,62.0,64.67,,0.0,0.0,64.67,baseline,Madden 27 baseline,Inactive,IR,00-0041208,False,Out,True,,2026-09-15T15:01:49+00:00,Sleeper,,LG
Quintin Morris,JAX,TE,TE,63.0,64.2,57.868750000000006,0.006666666666666667,0.0,64.16,baseline,Madden 27 + nflverse performance,Active,,00-0036590,False,Active,False,,2026-09-15T15:01:49+00:00,Sleeper,,TE
Branson Combs,JAX,LB,LB,62.0,64.02,,0.0,0.0,64.02,baseline,Madden 27 baseline,Active,,00-0040326,False,Active,False,,2026-09-15T15:01:49+00:00,Sleeper,,MLB
Joey Aguilar,JAX,QB,QB,61.0,64.0,,0.0,0.0,64.0,baseline,Madden 27 baseline,Active,,00-0041203,False,Active,False,,2026-09-15T15:01:49+00:00,Sleeper,,
Nick Mullens,JAX,QB,QB,61.0,64.0,57.36486486486487,0.0,0.0,64.0,baseline,Madden 27 baseline,Active,,00-0033319,False,Active,False,,2026-09-15T15:01:49+00:00,Sleeper,,
Carter Bradley,JAX,QB,QB,59.0,62.0,,0.0,0.0,62.0,baseline,Madden 27 baseline,RES,,00-0039534,False,,False,,,,,
Cam'Ron Silmon-Craig,JAX,SS,DB,59.0,61.68,,0.0,0.0,61.68,baseline,Madden 27 baseline,Active,,00-0040339,False,Active,False,,2026-09-15T15:01:49+00:00,Sleeper,,
Ricky Lee,JAX,RT,OL,57.0,59.35,,0.0,0.0,59.35,baseline,Madden 27 baseline,CUT,,00-0038776,False,,False,,,,,
Creed Humphrey,KC,C,OL,95.0,94.49,,0.0,0.0,94.49,baseline,Madden 27 baseline,Active,,00-0036623,False,Active,False,,2026-09-15T15:01:49+00:00,Sleeper,,C
Chris Jones,KC,DT,DL,94.0,93.0,,0.0,0.0,93.0,baseline,Madden 27 baseline,Active,,00-0032762,False,Active,False,,2026-09-15T15:01:49+00:00,Sleeper,,LDT
Patrick Mahomes,KC,QB,QB,93.0,92.56,71.0,0.0432,0.0,91.63,baseline,Madden 27 + nflverse performance,Active,,00-0033873,False,Active,False,,2026-09-15T15:01:49+00:00,Sleeper,,QB
Trey Smith,KC,RG,OL,91.0,90.19,,0.0,0.0,90.19,baseline,Madden 27 baseline,Active,,00-0036660,False,Active,False,,2026-09-15T15:01:49+00:00,Sleeper,,RG
Kenneth Walker,KC,HB,RB,90.0,89.99,90.45108695652175,0.0736,0.0,90.02,baseline,Madden 27 + nflverse performance,Active,,00-0038134,False,Active,False,,2026-09-15T15:01:49+00:00,Sleeper,,RB
Drue Tranquill,KC,LB,LB,89.0,88.17,,0.0,0.0,88.17,baseline,Madden 27 baseline,Active,,00-0035262,False,Active,False,,2026-09-15T15:01:49+00:00,Sleeper,,WLB
Travis Kelce,KC,TE,TE,91.0,88.0,81.33749999999999,0.03333333333333333,0.0,87.78,baseline,Madden 27 + nflverse performance,Active,,00-0030506,False,Active,False,,2026-09-15T15:01:49+00:00,Sleeper,,TE
Rashee Rice,KC,WR,WR,85.0,85.53,73.44701986754967,0.010666666666666668,0.0,85.4,baseline,Madden 27 + nflverse performance,Active,,00-0039067,False,Active,False,,2026-09-15T15:01:49+00:00,Sleeper,,WR
Harrison Butker,KC,K,ST,81.0,84.0,,0.0,0.0,84.0,baseline,Madden 27 baseline,Active,,00-0033303,False,Active,False,,2026-09-15T15:01:49+00:00,Sleeper,,PK
Josh Simmons,KC,LT,OL,81.0,81.37,,0.0,0.0,81.37,baseline,Madden 27 baseline,Active,Out,00-0040116,False,Out,True,,2026-09-15T15:01:49+00:00,Sleeper,,LT
Nick Bolton,KC,LB,LB,81.0,81.3,,0.0,0.0,81.3,baseline,Madden 27 baseline,Active,,00-0036621,False,Active,False,,2026-09-15T15:01:49+00:00,Sleeper,,MLB
George Karlaftis,KC,EDGE,DL,81.0,81.16,,0.0,0.0,81.16,baseline,Madden 27 baseline,Active,,00-0037192,False,Active,False,,2026-09-15T15:01:49+00:00,Sleeper,,LDE
L'Jarius Sneed,KC,CB,DB,80.0,80.66,,0.0,0.0,80.66,baseline,Madden 27 baseline,Active,,00-0036374,False,Active,False,,2026-09-15T15:01:49+00:00,Sleeper,,LCB
Mansoor Delane,KC,CB,DB,79.0,79.49,,0.0,0.0,79.49,baseline,Madden 27 baseline,Active,Out,00-0041543,False,Out,True,,2026-09-15T15:01:49+00:00,Sleeper,,RCB
Xavier Worthy,KC,WR,WR,79.0,79.71,71.9205298013245,0.032,0.0,79.46,baseline,Madden 27 + nflverse performance,Active,,00-0039894,False,Active,False,,2026-09-15T15:01:49+00:00,Sleeper,,KR|WR
Alohi Gilman,KC,FS,DB,79.0,78.82,,0.0,0.0,78.82,baseline,Madden 27 baseline,Active,,00-0036380,False,Active,False,,2026-09-15T15:01:49+00:00,Sleeper,,FS
Kristian Fulton,KC,CB,DB,77.0,78.29,,0.0,0.0,78.29,baseline,Madden 27 baseline,Active,,00-0036416,False,Active,False,,2026-09-15T15:01:49+00:00,Sleeper,,RCB
Matt Araiza,KC,P,ST,75.0,78.0,,0.0,0.0,78.0,baseline,Madden 27 baseline,Active,,00-0037284,False,Active,False,,2026-09-15T15:01:49+00:00,Sleeper,,H|P
R Mason Thomas,KC,EDGE,DL,77.0,77.31,,0.0,0.0,77.31,baseline,Madden 27 baseline,Active,,00-0041501,False,Active,False,,2026-09-15T15:01:49+00:00,Sleeper,,RDE
Tyquan Thornton,KC,WR,WR,75.0,76.95,58.082781456953654,0.005333333333333334,0.0,76.85,baseline,Madden 27 + nflverse performance,Active,,00-0038104,False,Active,False,,2026-09-15T15:01:49+00:00,Sleeper,,PR|WR
Kader Kohou,KC,CB,DB,76.0,76.76,,0.0,0.0,76.76,baseline,Madden 27 baseline,Active,,00-0037353,False,Active,False,,2026-09-15T15:01:49+00:00,Sleeper,,
Brashard Smith,KC,HB,RB,74.0,76.51,,0.0,0.0,76.51,baseline,Madden 27 baseline,Active,,00-0040078,False,Active,False,,2026-09-15T15:01:49+00:00,Sleeper,,KR|PR|RB
Chamarri Conner,KC,FS,DB,76.0,76.47,,0.0,0.0,76.47,baseline,Madden 27 baseline,Active,Out,00-0038982,False,Out,True,,2026-09-15T15:01:49+00:00,Sleeper,,SS
Peter Woods,KC,DT,DL,76.0,76.44,,0.0,0.0,76.44,baseline,Madden 27 baseline,Active,,00-0041545,False,Active,False,,2026-09-15T15:01:49+00:00,Sleeper,,LDT
Kingsley Suamataia,KC,LG,OL,75.0,76.01,,0.0,0.0,76.01,baseline,Madden 27 baseline,Active,,00-0039844,False,Active,False,,2026-09-15T15:01:49+00:00,Sleeper,,LG
Nohl Williams,KC,CB,DB,74.0,75.52,,0.0,0.0,75.52,baseline,Madden 27 baseline,Active,,00-0040670,False,Active,False,,2026-09-15T15:01:49+00:00,Sleeper,,LCB
Khyiris Tonga,KC,DT,DL,73.0,74.02,,0.0,0.0,74.02,baseline,Madden 27 baseline,Active,,00-0036909,False,Active,False,,2026-09-15T15:01:49+00:00,Sleeper,,RDT
Jadon Canady,KC,SS,DB,73.0,73.83,,0.0,0.0,73.83,baseline,Madden 27 baseline,Active,,00-0041497,False,Active,False,,2026-09-15T15:01:49+00:00,Sleeper,,SCB
Jaden Hicks,KC,SS,DB,73.0,73.8,,0.0,0.0,73.8,baseline,Madden 27 baseline,Active,,00-0039825,False,Active,False,,2026-09-15T15:01:49+00:00,Sleeper,,SS
Felix Anudike-Uzomah,KC,EDGE,DL,73.0,73.68,,0.0,0.0,73.68,baseline,Madden 27 baseline,Active,,00-0039006,False,Active,False,,2026-09-15T15:01:49+00:00,Sleeper,,RDE
Kaiir Elam,KC,CB,DB,72.0,73.31,,0.0,0.0,73.31,baseline,Madden 27 baseline,,,,False,,False,,,,,
Jalen Royals,KC,WR,WR,71.0,73.15,56.473509933774835,0.0,0.0,73.15,baseline,Madden 27 baseline,Active,,00-0040646,False,Active,False,,2026-09-15T15:01:49+00:00,Sleeper,,WR
Ashton Gillotte,KC,EDGE,DL,72.0,73.09,,0.0,0.0,73.09,baseline,Madden 27 baseline,Active,,00-0040640,False,Active,False,,2026-09-15T15:01:49+00:00,Sleeper,,LDE
Jaylon Moore,KC,RT,OL,71.0,72.86,,0.0,0.0,72.86,baseline,Madden 27 baseline,Active,,00-0036557,False,Active,False,,2026-09-15T15:01:49+00:00,Sleeper,,LT|RT
Noah Gray,KC,TE,TE,73.0,72.62,62.5375,0.006666666666666667,0.0,72.55,baseline,Madden 27 + nflverse performance,Active,,00-0036637,False,Active,False,,2026-09-15T15:01:49+00:00,Sleeper,,TE
Omarr Norman-Lott,KC,DT,DL,71.0,72.38,,0.0,0.0,72.38,baseline,Madden 27 baseline,Active,PUP,00-0040748,False,Out,True,,2026-09-15T15:01:49+00:00,Sleeper,,RDT
Justin Fields,KC,QB,QB,70.0,72.33,,0.0,0.0,72.33,baseline,Madden 27 baseline,Active,,00-0036945,False,Active,False,,2026-09-15T15:01:49+00:00,Sleeper,,QB
James Winchester,KC,LS,ST,75.0,72.0,,0.0,0.0,72.0,baseline,Madden 27 baseline,Active,,00-0030615,False,Active,False,,2026-09-15T15:01:49+00:00,Sleeper,,LS
Cyrus Allen,KC,WR,WR,70.0,71.92,58.082781456953654,0.005333333333333334,0.0,71.85,baseline,Madden 27 + nflverse performance,Active,,00-0040890,False,Active,False,,2026-09-15T15:01:49+00:00,Sleeper,,WR
Emmett Johnson,KC,HB,RB,68.0,71.0,73.65217391304347,0.0256,0.0,71.07,baseline,Madden 27 + nflverse performance,Active,,00-0041013,False,Active,False,,2026-09-15T15:01:49+00:00,Sleeper,,KR|RB
Jaydn Ott,KC,HB,RB,67.0,70.0,,0.0,0.0,70.0,baseline,Madden 27 baseline,Active,,00-0040959,False,Active,False,,2026-09-15T15:01:49+00:00,Sleeper,,
Nikko Remigio,KC,WR,WR,67.0,69.65,56.473509933774835,0.0,0.0,69.65,baseline,Madden 27 baseline,Active,,00-0038519,False,Active,False,,2026-09-15T15:01:49+00:00,Sleeper,,KR|PR|WR
Jared Wiley,KC,TE,TE,69.0,69.4,,0.0,0.0,69.4,baseline,Madden 27 baseline,Active,Out,00-0039824,False,Out,True,,2026-09-15T15:01:49+00:00,Sleeper,,TE
Jason Brownlee,KC,WR,WR,67.0,69.21,,0.0,0.0,69.21,baseline,Madden 27 baseline,CUT,,00-0038492,False,,False,,,,,
Jeff Caldwell,KC,WR,WR,67.0,69.05,,0.0,0.0,69.05,baseline,Madden 27 baseline,Inactive,IR,00-0040953,False,Out,True,,2026-09-15T15:01:49+00:00,Sleeper,,WR
Marcus Harris,KC,DT,DL,67.0,69.04,,0.0,0.0,69.04,baseline,Madden 27 baseline,Active,,00-0039433,False,Active,False,,2026-09-15T15:01:49+00:00,Sleeper,,LDT
Omari Evans,KC,WR,WR,66.0,68.95,,0.0,0.0,68.95,baseline,Madden 27 baseline,Active,,00-0040954,False,Active,False,,2026-09-15T15:01:49+00:00,Sleeper,,
Chris Roland-Wallace,KC,FS,DB,67.0,68.93,,0.0,0.0,68.93,baseline,Madden 27 baseline,Active,,00-0039324,False,Active,False,,2026-09-15T15:01:49+00:00,Sleeper,,SCB
Bryson Eason,KC,DT,DL,68.92,68.92,,0.0,0.0,68.92,baseline,Replacement-level estimate baseline,Active,,00-0041358,False,Active,False,,2026-09-15T15:01:49+00:00,Sleeper,,RDT
Ben VanSumeren,KC,FB,RB,67.0,68.83,57.12500000000001,0.0,0.0,68.83,baseline,Madden 27 baseline,Active,,00-0038489,True,Active,False,,2026-09-15T15:01:49+00:00,Sleeper,,FB
Jeffrey Bassa,KC,LB,LB,67.0,68.7,,0.0,0.0,68.7,baseline,Madden 27 baseline,Active,,00-0040072,False,Active,False,,2026-09-15T15:01:49+00:00,Sleeper,,SLB
Hunter Nourzad,KC,C,OL,66.0,68.1,,0.0,0.0,68.1,baseline,Madden 27 baseline,Active,,00-0039827,False,Active,False,,2026-09-15T15:01:49+00:00,Sleeper,,C
Mike Caliendo,KC,RG,OL,65.0,67.14,,0.0,0.0,67.14,baseline,Madden 27 baseline,Active,,00-0037207,False,Active,False,,2026-09-15T15:01:49+00:00,Sleeper,,LG|RG
Cole Brevard,KC,DT,DL,65.0,67.0,,0.0,0.0,67.0,baseline,Madden 27 baseline,Active,,00-0040952,False,Active,False,,2026-09-15T15:01:49+00:00,Sleeper,,
Tyreke Smith,KC,EDGE,DL,65.0,66.98,,0.0,0.0,66.98,baseline,Madden 27 baseline,Active,,00-0037080,False,Active,False,,2026-09-15T15:01:49+00:00,Sleeper,,
Joshua Ezeudu,KC,LT,OL,64.0,66.23,,0.0,0.0,66.23,baseline,Madden 27 baseline,Active,,00-0037807,True,Active,False,,2026-09-15T15:01:49+00:00,Sleeper,,LG
C.J. Hanson,KC,LG,OL,64.0,66.11,,0.0,0.0,66.11,baseline,Madden 27 baseline,RES,,00-0039833,False,,False,,,,,
Garrett Nussmeier,KC,QB,QB,63.0,66.0,,0.0,0.0,66.0,baseline,Madden 27 baseline,Active,Out,00-0040906,False,Out,True,,2026-09-15T15:01:49+00:00,Sleeper,,QB
Cooper McDonald,KC,LB,LB,64.0,65.74,,0.0,0.0,65.74,baseline,Madden 27 baseline,Active,Questionable,00-0040118,False,Questionable,False,,2026-09-15T15:01:49+00:00,Sleeper,,RDE
Matt Waletzko,KC,RT,OL,64.0,65.69,,0.0,0.0,65.69,baseline,Madden 27 baseline,RES,,00-0037266,False,,False,,,,,RG
Wesley Bissainthe,KC,LB,LB,64.0,65.51,,0.0,0.0,65.51,baseline,Madden 27 baseline,CUT,,00-0040951,False,,False,,,,,
Ethan Downs,KC,EDGE,DL,63.0,65.29,,0.0,0.0,65.29,baseline,Madden 27 baseline,Inactive,IR,00-0040328,False,Out,True,,2026-09-15T15:01:49+00:00,Sleeper,,LDE
Zelmar Vedder,KC,CB,DB,63.0,65.13,,0.0,0.0,65.13,baseline,Madden 27 baseline,CUT,,00-0040966,False,,False,,,,,
Vincent Anthony Jr.,KC,EDGE,DL,63.0,65.0,,0.0,0.0,65.0,baseline,Madden 27 baseline,,,,False,,False,,,,,
Xavier Nwankpa,KC,FS,DB,63.0,64.63,,0.0,0.0,64.63,baseline,Madden 27 baseline,Active,,00-0040957,False,Active,False,,2026-09-15T15:01:49+00:00,Sleeper,,FS
Jake Briningstool,KC,TE,TE,63.0,64.6,64.02499999999999,0.006666666666666667,0.0,64.6,baseline,Madden 27 + nflverse performance,Active,,00-0040081,False,Active,False,,2026-09-15T15:01:49+00:00,Sleeper,,TE
Kahlil Benson,KC,RT,OL,62.0,64.33,,0.0,0.0,64.33,baseline,Madden 27 baseline,Active,,00-0041019,False,Active,False,,2026-09-15T15:01:49+00:00,Sleeper,,LT|RT
Ethan Driskell,KC,LT,OL,62.0,63.97,,0.0,0.0,63.97,baseline,Madden 27 baseline,Active,,00-0039317,False,Active,False,,2026-09-15T15:01:49+00:00,Sleeper,,
Cole Christiansen,KC,LB,LB,62.0,63.74,,0.0,0.0,63.74,baseline,Madden 27 baseline,Active,,00-0035900,False,Active,False,,2026-09-15T15:01:49+00:00,Sleeper,,
Esa Pole,KC,LT,OL,61.0,63.59,,0.0,0.0,63.59,baseline,Madden 27 baseline,,,,False,,False,,,,,
Jack Cochrane,KC,LB,LB,62.0,63.52,,0.0,0.0,63.52,baseline,Madden 27 baseline,Active,,00-0037208,False,Active,False,,2026-09-15T15:01:49+00:00,Sleeper,,MLB
John Michael Gyllenborg,KC,TE,TE,62.0,63.5,,0.0,0.0,63.5,baseline,Madden 27 baseline,Inactive,IR,00-0040955,False,Out,True,,2026-09-15T15:01:49+00:00,Sleeper,,TE
Josh Thompson,KC,RG,OL,60.0,63.0,,0.0,0.0,63.0,baseline,Madden 27 baseline,,,,False,,False,,,,,
Diego Pounds,KC,LT,OL,60.0,62.84,,0.0,0.0,62.84,baseline,Madden 27 baseline,Active,Out,00-0040987,True,Out,True,,2026-09-15T15:01:49+00:00,Sleeper,,RT
Pete Nygra,KC,C,OL,59.0,62.0,,0.0,0.0,62.0,baseline,Madden 27 baseline,Active,,00-0040958,False,Active,False,,2026-09-15T15:01:49+00:00,Sleeper,,
Chris Oladokun,KC,QB,QB,55.0,58.0,,0.0,0.0,58.0,baseline,Madden 27 baseline,RES,,00-0037324,False,,False,,,,,
Myles Garrett,LA,EDGE,DL,99.0,97.84,,0.0,0.0,97.84,baseline,Madden 27 baseline,ACT,,00-0033868,False,,False,,,,,SLB
Puka Nacua,LA,WR,WR,98.0,97.23,82.89735099337749,0.048,0.0,96.54,baseline,Madden 27 + nflverse performance,ACT,,00-0039075,False,,False,,,,,WR
Matthew Stafford,LA,QB,QB,99.0,96.88,58.55405405405406,0.04000000000000001,0.0,95.35,baseline,Madden 27 + nflverse performance,ACT,,00-0026498,False,,False,,,,,QB
Trent McDuffie,LA,CB,DB,94.0,93.31,,0.0,0.0,93.31,baseline,Madden 27 baseline,ACT,,00-0037191,False,,False,,,,,RCB
Davante Adams,LA,WR,WR,90.0,90.19,73.68211920529801,0.032,0.0,89.66,baseline,Madden 27 + nflverse performance,ACT,,00-0031381,False,,False,,,,,WR
Kevin Dotson,LA,RG,OL,90.0,89.28,,0.0,0.0,89.28,baseline,Madden 27 baseline,ACT,,00-0036339,False,,False,,,,,RG
Kyren Williams,LA,HB,RB,89.0,88.67,81.78804347826087,0.0352,0.0,88.43,baseline,Madden 27 + nflverse performance,ACT,,00-0037840,False,,False,,,,,PR|RB
Alaric Jackson,LA,LT,OL,85.0,85.77,,0.0,0.0,85.77,baseline,Madden 27 baseline,ACT,,00-0036603,False,,False,,,,,LT
Nate Landman,LA,LB,LB,86.0,85.48,,0.0,0.0,85.48,baseline,Madden 27 baseline,ACT,,00-0037587,False,,False,,,,,LILB
Kobie Turner,LA,DT,DL,85.0,84.84,,0.0,0.0,84.84,baseline,Madden 27 baseline,ACT,,00-0039138,False,,False,,,,,LDE
Byron Young,LA,EDGE,DL,84.0,83.71,,0.0,0.0,83.71,baseline,Madden 27 baseline,ACT,,00-0039137,False,,False,,,,,WLB
Ethan Evans,LA,P,ST,80.0,83.0,,0.0,0.0,83.0,baseline,Madden 27 baseline,ACT,,00-0039059,False,,False,,,,,H|P
Poona Ford,LA,DT,DL,83.0,82.45,,0.0,0.0,82.45,baseline,Madden 27 baseline,ACT,,00-0034234,False,,False,,,,,NT
Kam Curl,LA,SS,DB,83.0,81.79,,0.0,0.0,81.79,baseline,Madden 27 baseline,ACT,,00-0036349,False,,False,,,,,FS
Quentin Lake,LA,SS,DB,82.0,81.55,,0.0,0.0,81.55,baseline,Madden 27 baseline,ACT,,00-0037841,False,,False,,,,,SCB
Kamren Kinchens,LA,FS,DB,81.0,81.01,,0.0,0.0,81.01,baseline,Madden 27 baseline,ACT,,00-0039834,False,,False,,,,,SS
Braden Fiske,LA,DT,DL,80.0,80.21,,0.0,0.0,80.21,baseline,Madden 27 baseline,ACT,,00-0039734,False,,False,,,,,RDE
Steve Avila,LA,LG,OL,79.0,79.79,,0.0,0.0,79.79,baseline,Madden 27 baseline,ACT,,00-0039058,False,,False,,,,,LG
Blake Corum,LA,HB,RB,78.0,79.87,71.91304347826086,0.032,0.0,79.62,baseline,Madden 27 + nflverse performance,ACT,,00-0039738,False,,False,,,,,KR|RB
Jaylen Watson,LA,CB,DB,79.0,79.53,,0.0,0.0,79.53,baseline,Madden 27 baseline,ACT,,00-0037195,False,,False,,,,,LCB
Harrison Mevis,LA,K,ST,76.0,79.0,,0.0,0.0,79.0,baseline,Madden 27 baseline,ACT,,00-0039498,False,,False,,,,,PK
Coleman Shelton,LA,C,OL,78.0,78.94,,0.0,0.0,78.94,baseline,Madden 27 baseline,ACT,,00-0034114,False,,False,,,,,C
Omar Speights,LA,LB,LB,78.0,78.35,,0.0,0.0,78.35,baseline,Madden 27 baseline,ACT,,00-0039774,False,,False,,,,,RILB
Emmanuel Forbes Jr,LA,CB,DB,75.0,75.83,,0.0,0.0,75.83,baseline,Madden 27 baseline,ACT,,00-0039151,False,,False,,,,,RCB
Josaiah Stewart,LA,EDGE,DL,74.0,74.78,,0.0,0.0,74.78,baseline,Madden 27 baseline,ACT,,00-0040580,False,,False,,,,,WLB
Tyler Davis,LA,DT,DL,74.0,74.74,,0.0,0.0,74.74,baseline,Madden 27 baseline,ACT,,00-0039749,False,,False,,,,,LDE
Jarquez Hunter,LA,HB,RB,72.0,74.74,,0.0,0.0,74.74,baseline,Madden 27 baseline,,,,False,,False,,,,,
Warren McClendon Jr,LA,RT,OL,73.0,74.42,,0.0,0.0,74.42,baseline,Madden 27 baseline,ACT,,00-0039077,False,,False,,,,,RT
Ty Simpson,LA,QB,QB,71.0,74.0,,0.0,0.0,74.0,baseline,Madden 27 baseline,ACT,,00-0041568,False,,False,,,,,QB
Tyler Higbee,LA,TE,TE,74.0,73.81,68.9,0.013333333333333334,0.0,73.74,baseline,Madden 27 + nflverse performance,ACT,,00-0033110,False,,False,,,,,TE
Jordan Whittington,LA,WR,WR,72.0,73.77,63.85761589403974,0.005333333333333334,0.0,73.72,baseline,Madden 27 + nflverse performance,ACT,,00-0039751,False,,False,,,,,KR|WR
Tyler Scott,LA,WR,WR,71.0,73.18,,0.0,0.0,73.18,baseline,Madden 27 baseline,CUT,,00-0038941,False,,False,,,,,
Konata Mumpfield,LA,WR,WR,71.0,73.21,58.082781456953654,0.005333333333333334,0.0,73.13,baseline,Madden 27 + nflverse performance,ACT,,00-0040590,False,,False,,,,,WR
Colby Parkinson,LA,TE,TE,73.0,73.11,64.93124999999999,0.013333333333333334,0.0,73.0,baseline,Madden 27 + nflverse performance,ACT,,00-0036244,False,,False,,,,,TE
Keagen Trost,LA,RT,OL,71.0,72.87,,0.0,0.0,72.87,baseline,Madden 27 baseline,RES,,00-0041394,False,,False,,,,,RT
Beaux Limmer,LA,LG,OL,71.0,72.25,,0.0,0.0,72.25,baseline,Madden 27 baseline,ACT,,00-0039753,False,,False,,,,,LG
Ty Hamilton,LA,DT,DL,71.0,71.88,,0.0,0.0,71.88,baseline,Madden 27 baseline,ACT,,00-0040585,False,,False,,,,,NT
Xavier Smith,LA,WR,WR,68.0,70.7,56.473509933774835,0.0,0.0,70.7,baseline,Madden 27 baseline,ACT,,00-0038359,False,,False,,,,,KR|PR|WR
Jaylen McCollough,LA,SS,DB,69.0,70.6,,0.0,0.0,70.6,baseline,Madden 27 baseline,ACT,,00-0039776,False,,False,,,,,SS
Max Klare,LA,TE,TE,70.0,70.44,,0.0,0.0,70.44,baseline,Madden 27 baseline,ACT,,00-0041510,False,,False,,,,,TE
CJ Daniels,LA,WR,WR,68.0,70.36,,0.0,0.0,70.36,baseline,Madden 27 baseline,ACT,,00-0041399,False,,False,,,,,WR
Terrance Ferguson,LA,TE,TE,70.0,70.23,57.868750000000006,0.006666666666666667,0.0,70.15,baseline,Madden 27 + nflverse performance,ACT,,00-0040737,False,,False,,,,,TE
Shaun Dolac,LA,LB,LB,69.0,69.99,,0.0,0.0,69.99,baseline,Madden 27 baseline,ACT,,00-0040613,False,,False,,,,,RILB
David Quessenberry,LA,RT,OL,68.0,69.79,,0.0,0.0,69.79,baseline,Madden 27 baseline,ACT,,00-0030097,False,,False,,,,,LT
Dean Connors,LA,HB,RB,66.0,69.0,,0.0,0.0,69.0,baseline,Madden 27 baseline,DEV,,00-0041415,False,,False,,,,,
Ronnie Rivers,LA,HB,RB,66.0,69.0,68.3586956521739,0.016,0.0,68.99,baseline,Madden 27 + nflverse performance,ACT,,00-0037557,False,,False,,,,,KR|RB
Aaron Donald,LA,DE,DL,68.92,68.92,,0.0,0.0,68.92,baseline,Replacement-level estimate baseline,ACT,,00-0031388,False,,False,,,,,RDE
Josh Wallace,LA,CB,DB,67.0,68.88,,0.0,0.0,68.88,baseline,Madden 27 baseline,ACT,,00-0039772,False,,False,,,,,SCB
Larrell Murchison,LA,DT,DL,67.0,68.71,,0.0,0.0,68.71,baseline,Madden 27 baseline,DEV,,00-0036237,False,,False,,,,,
Justin Dedich,LA,RG,OL,67.0,68.36,,0.0,0.0,68.36,baseline,Madden 27 baseline,RES,,00-0039784,False,,False,,,,,RG
Davis Allen,LA,TE,TE,67.0,67.58,65.83125,0.006666666666666667,0.0,67.57,baseline,Madden 27 + nflverse performance,ACT,,00-0039074,False,,False,,,,,TE
Desjuan Johnson,LA,EDGE,DL,65.0,67.38,,0.0,0.0,67.38,baseline,Madden 27 baseline,ACT,,00-0039061,False,,False,,,,,SLB
Payton Zdroik,LA,DT,DL,65.0,66.97,,0.0,0.0,66.97,baseline,Madden 27 baseline,CUT,,00-0041423,False,,False,,,,,
Blake Hance,LA,LG,OL,65.0,66.54,,0.0,0.0,66.54,baseline,Madden 27 baseline,DEV,,00-0035355,False,,False,,,,,
Dylan McMahon,LA,C,OL,64.0,66.32,,0.0,0.0,66.32,baseline,Madden 27 baseline,ACT,,00-0039830,False,,False,,,,,C
Al'Zillion Hamilton,LA,CB,DB,64.0,66.27,,0.0,0.0,66.27,baseline,Madden 27 baseline,,,00-0041417,False,,False,,,,,
Darryl Peterson III,LA,EDGE,DL,64.0,66.24,,0.0,0.0,66.24,baseline,Madden 27 baseline,DEV,,00-0041421,False,,False,,,,,
Wesley Bailey,LA,LB,LB,65.0,66.15,,0.0,0.0,66.15,baseline,Madden 27 baseline,ACT,,00-0041404,False,,False,,,,,SLB
Cam Lampkin,LA,CB,DB,64.0,66.03,,0.0,0.0,66.03,baseline,Madden 27 baseline,DEV,,00-0039780,False,,False,,,,,
Matthew Caldwell,LA,QB,QB,66.0,66.0,,0.0,0.0,66.0,baseline,Replacement-level estimate baseline,RES,,00-0041414,False,,False,,,,,QB
Stetson Bennett IV,LA,QB,QB,63.0,66.0,60.310810810810814,0.0048000000000000004,0.0,65.97,baseline,Madden 27 + nflverse performance,ACT,,00-0039107,False,,False,,,,,QB
Bill Murray,LA,RG,OL,64.0,65.71,,0.0,0.0,65.71,baseline,Madden 27 baseline,ACT,,00-0036093,False,,False,,,,,LG
Tim Keenan III,LA,DT,DL,63.0,65.61,,0.0,0.0,65.61,baseline,Madden 27 baseline,,,,False,,False,,,,,
Grant Stuard,LA,LB,LB,64.0,65.56,,0.0,0.0,65.56,baseline,Madden 27 baseline,ACT,,00-0036672,False,,False,,,,,LILB
Tanner Ingle,LA,FS,DB,63.0,65.25,,0.0,0.0,65.25,baseline,Madden 27 baseline,DEV,,00-0038366,False,,False,,,,,
Tomon Fox,LA,EDGE,DL,63.0,65.16,,0.0,0.0,65.16,baseline,Madden 27 baseline,,,,False,,False,,,,,
Nikhai Hill-Green,LA,LB,LB,63.0,65.03,,0.0,0.0,65.03,baseline,Madden 27 baseline,CUT,,00-0041419,False,,False,,,,,
Nate Valcarcel,LA,SS,DB,63.0,64.86,,0.0,0.0,64.86,baseline,Madden 27 baseline,CUT,,00-0040600,False,,False,,,,,
Nick Andersen,LA,FS,DB,63.0,64.75,,0.0,0.0,64.75,baseline,Madden 27 baseline,DEV,,00-0041413,False,,False,,,,,
Elias Neal,LA,LB,LB,62.0,64.02,,0.0,0.0,64.02,baseline,Madden 27 baseline,DEV,,00-0039775,False,,False,,,,,
Keir Thomas II,LA,EDGE,DL,62.0,63.78,,0.0,0.0,63.78,baseline,Madden 27 baseline,RES,,00-0037057,False,,False,,,,,SLB
Rohan Jones,LA,TE,TE,62.0,63.59,,0.0,0.0,63.59,baseline,Madden 27 baseline,CUT,,00-0041403,False,,False,,,,,
Dan Villari,LA,TE,TE,62.0,63.38,,0.0,0.0,63.38,baseline,Madden 27 baseline,DEV,,00-0041422,False,,False,,,,,
A.J. Arcuri,LA,LT,OL,61.0,63.26,,0.0,0.0,63.26,baseline,Madden 27 baseline,,,,False,,False,,,,,
Austin Blaske,LA,C,OL,57.0,60.0,,0.0,0.0,60.0,baseline,Madden 27 baseline,DEV,,00-0041425,False,,False,,,,,
Joe Cardona,LA,LS,ST,60.0,57.0,,0.0,0.0,57.0,baseline,Madden 27 baseline,ACT,,00-0032228,False,,False,,,,,LS
Derwin James Jr,LAC,SS,DB,93.0,91.25,,0.0,0.0,91.25,baseline,Madden 27 baseline,Active,,00-0034790,False,Active,False,,2026-09-15T15:01:49+00:00,Sleeper,,SS
Rashawn Slater,LAC,LT,OL,92.0,91.24,,0.0,0.0,91.24,baseline,Madden 27 baseline,Active,,00-0037009,False,Active,False,,2026-09-15T15:01:49+00:00,Sleeper,,LT
Justin Herbert,LAC,QB,QB,90.0,90.13,68.27027027027027,0.0432,0.0,89.19,baseline,Madden 27 + nflverse performance,Active,,00-0036355,False,Active,False,,2026-09-15T15:01:49+00:00,Sleeper,,QB
Khalil Mack,LAC,EDGE,DL,86.0,85.97,,0.0,0.0,85.97,baseline,Madden 27 baseline,Active,,00-0031040,False,Active,False,,2026-09-15T15:01:49+00:00,Sleeper,,SLB
Joe Alt,LAC,RT,OL,85.0,85.58,,0.0,0.0,85.58,baseline,Madden 27 baseline,Active,,00-0039897,False,Active,False,,2026-09-15T15:01:49+00:00,Sleeper,,RT
Cameron Dicker,LAC,K,ST,82.0,85.0,,0.0,0.0,85.0,baseline,Madden 27 baseline,Active,,00-0037224,False,Active,False,,2026-09-15T15:01:49+00:00,Sleeper,,PK
Ladd McConkey,LAC,WR,WR,83.0,83.43,88.04635761589402,0.037333333333333336,0.0,83.6,baseline,Madden 27 + nflverse performance,Active,Questionable,00-0039915,False,Questionable,False,,2026-09-15T15:01:49+00:00,Sleeper,,PR|WR
JK Scott,LAC,P,ST,80.0,82.32,,0.0,0.0,82.32,baseline,Madden 27 baseline,Active,,00-0034162,False,Active,False,,2026-09-15T15:01:49+00:00,Sleeper,,H|P
Donte Jackson,LAC,CB,DB,82.0,82.3,,0.0,0.0,82.3,baseline,Madden 27 baseline,Active,,00-0034356,False,Active,False,,2026-09-15T15:01:49+00:00,Sleeper,,RCB
Daiyan Henley,LAC,LB,LB,82.0,82.13,,0.0,0.0,82.13,baseline,Madden 27 baseline,Active,,00-0038553,False,Active,False,,2026-09-15T15:01:49+00:00,Sleeper,,LILB
Omarion Hampton,LAC,HB,RB,81.0,82.28,75.90217391304347,0.038400000000000004,0.0,82.04,baseline,Madden 27 + nflverse performance,Active,,00-0040666,False,Active,False,,2026-09-15T15:01:49+00:00,Sleeper,,RB
Tyler Biadasz,LAC,C,OL,80.0,80.84,,0.0,0.0,80.84,baseline,Madden 27 baseline,Inactive,IR,00-0036376,False,Out,True,,2026-09-15T15:01:49+00:00,Sleeper,,C
Quentin Johnston,LAC,WR,WR,80.0,81.09,70.78145695364239,0.032,0.0,80.76,baseline,Madden 27 + nflverse performance,Active,,00-0038544,False,Active,False,,2026-09-15T15:01:49+00:00,Sleeper,,WR
Tarheeb Still,LAC,CB,DB,80.0,80.75,,0.0,0.0,80.75,baseline,Madden 27 baseline,Active,,00-0039366,False,Active,False,,2026-09-15T15:01:49+00:00,Sleeper,,SCB
Tony Jefferson,LAC,SS,DB,80.0,79.8,,0.0,0.0,79.8,baseline,Madden 27 baseline,Active,,00-0030294,False,Active,False,,2026-09-15T15:01:49+00:00,Sleeper,,SS
Akheem Mesidor,LAC,EDGE,DL,79.0,79.38,,0.0,0.0,79.38,baseline,Madden 27 baseline,Active,,00-0041544,False,Active,False,,2026-09-15T15:01:49+00:00,Sleeper,,SLB
Kimani Vidal,LAC,HB,RB,77.0,79.07,,0.0,0.0,79.07,baseline,Madden 27 baseline,Active,,00-0039391,False,Active,False,,2026-09-15T15:01:49+00:00,Sleeper,,KR|RB
Elijah Molden,LAC,FS,DB,79.0,79.05,,0.0,0.0,79.05,baseline,Madden 27 baseline,Active,Questionable,00-0036992,False,Questionable,False,,2026-09-15T15:01:49+00:00,Sleeper,,FS
Tuli Tuipulotu,LAC,EDGE,DL,78.0,78.9,,0.0,0.0,78.9,baseline,Madden 27 baseline,Active,,00-0039111,False,Active,False,,2026-09-15T15:01:49+00:00,Sleeper,,WLB
David Njoku,LAC,TE,TE,80.0,78.4,82.3125,0.03333333333333333,0.0,78.53,baseline,Madden 27 + nflverse performance,Active,,00-0033885,False,Active,False,,2026-09-15T15:01:49+00:00,Sleeper,,TE
Josh Harris,LAC,LS,ST,81.0,78.0,,0.0,0.0,78.0,baseline,Madden 27 baseline,Active,,00-0028845,False,Active,False,,2026-09-15T15:01:49+00:00,Sleeper,,LS
Teair Tart,LAC,DT,DL,77.0,77.52,,0.0,0.0,77.52,baseline,Madden 27 baseline,Active,,00-0036181,False,Active,False,,2026-09-15T15:01:49+00:00,Sleeper,,LDE
Keaton Mitchell,LAC,HB,RB,75.0,77.32,62.608695652173914,0.0128,0.0,77.13,baseline,Madden 27 + nflverse performance,Active,,00-0038454,False,Active,False,,2026-09-15T15:01:49+00:00,Sleeper,,KR|RB
Denzel Perryman,LAC,LB,LB,76.0,76.1,,0.0,0.0,76.1,baseline,Madden 27 baseline,Inactive,IR,00-0032103,False,Out,True,,2026-09-15T15:01:49+00:00,Sleeper,,RILB
Dalvin Tomlinson,LAC,DT,DL,75.0,75.61,,0.0,0.0,75.61,baseline,Madden 27 baseline,Active,,00-0033546,False,Active,False,,2026-09-15T15:01:49+00:00,Sleeper,,NT
Jake Slaughter,LAC,LG,OL,74.0,75.36,,0.0,0.0,75.36,baseline,Madden 27 baseline,Active,,00-0041392,False,Active,False,,2026-09-15T15:01:49+00:00,Sleeper,,C
Tre' Harris,LAC,WR,WR,73.0,75.01,72.54966887417218,0.032,0.0,74.93,baseline,Madden 27 + nflverse performance,Active,,00-0040727,False,Active,False,,2026-09-15T15:01:49+00:00,Sleeper,,WR
Oronde Gadsden,LAC,TE,TE,75.0,74.27,74.31875,0.013333333333333334,0.0,74.27,baseline,Madden 27 + nflverse performance,Active,,00-0040189,False,Active,False,,2026-09-15T15:01:49+00:00,Sleeper,,TE
Cam Hart,LAC,CB,DB,73.0,74.21,,0.0,0.0,74.21,baseline,Madden 27 baseline,Active,,00-0039369,False,Active,False,,2026-09-15T15:01:49+00:00,Sleeper,,LCB
Justin Eboigbe,LAC,DT,DL,73.0,74.15,,0.0,0.0,74.15,baseline,Madden 27 baseline,Active,,00-0039835,False,Active,False,,2026-09-15T15:01:49+00:00,Sleeper,,RDE
Brenen Thompson,LAC,WR,WR,72.0,73.4,,0.0,0.0,73.4,baseline,Madden 27 baseline,Active,,00-0041550,False,Active,False,,2026-09-15T15:01:49+00:00,Sleeper,,PR|WR
Alec Ingold,LAC,FB,RB,74.0,73.35,57.12500000000001,0.0,0.0,73.35,baseline,Madden 27 baseline,Active,,00-0035125,False,Active,False,,2026-09-15T15:01:49+00:00,Sleeper,,FB
Bud Dupree,LAC,EDGE,DL,72.0,73.11,,0.0,0.0,73.11,baseline,Madden 27 baseline,Active,,00-0032146,False,Active,False,,2026-09-15T15:01:49+00:00,Sleeper,,WLB
Cole Strange,LAC,RG,OL,72.0,73.05,,0.0,0.0,73.05,baseline,Madden 27 baseline,Active,,00-0038103,False,Active,False,,2026-09-15T15:01:49+00:00,Sleeper,,RG
Genesis Smith,LAC,SS,DB,72.0,72.77,,0.0,0.0,72.77,baseline,Madden 27 baseline,Active,,00-0041064,False,Active,False,,2026-09-15T15:01:49+00:00,Sleeper,,FS
Troy Dye,LAC,LB,LB,71.0,72.19,,0.0,0.0,72.19,baseline,Madden 27 baseline,Active,,00-0036338,False,Active,False,,2026-09-15T15:01:49+00:00,Sleeper,,RILB
KeAndre Lambert-Smith,LAC,WR,WR,70.0,72.04,,0.0,0.0,72.04,baseline,Madden 27 baseline,Active,Questionable,00-0040184,False,Questionable,False,,2026-09-15T15:01:49+00:00,Sleeper,,KR|PR|WR
Derius Davis,LAC,WR,WR,70.0,72.1,58.082781456953654,0.005333333333333334,0.0,72.03,baseline,Madden 27 + nflverse performance,Active,Questionable,00-0038573,False,Questionable,False,,2026-09-15T15:01:49+00:00,Sleeper,,KR|PR|WR
Junior Colson,LAC,LB,LB,71.0,71.97,,0.0,0.0,71.97,baseline,Madden 27 baseline,Active,,00-0039346,False,Active,False,,2026-09-15T15:01:49+00:00,Sleeper,,
Jamaree Caldwell,LAC,DT,DL,71.0,71.87,,0.0,0.0,71.87,baseline,Madden 27 baseline,Active,,00-0040144,False,Active,False,,2026-09-15T15:01:49+00:00,Sleeper,,RDE
Travis Burke,LAC,RT,OL,70.0,71.82,,0.0,0.0,71.82,baseline,Madden 27 baseline,Active,,00-0041058,False,Active,False,,2026-09-15T15:01:49+00:00,Sleeper,,RT
Nick Barrett,LAC,DT,DL,70.0,71.3,,0.0,0.0,71.3,baseline,Madden 27 baseline,Active,,00-0041072,False,Active,False,,2026-09-15T15:01:49+00:00,Sleeper,,LDE
Trevor Penning,LAC,LG,OL,71.0,71.23,,0.0,0.0,71.23,baseline,Madden 27 baseline,Active,Out,00-0037241,False,Out,True,,2026-09-15T15:01:49+00:00,Sleeper,,RG
R.J. Mickens,LAC,FS,DB,70.0,71.07,,0.0,0.0,71.07,baseline,Madden 27 baseline,Active,Out,00-0040221,False,Out,True,,2026-09-15T15:01:49+00:00,Sleeper,,FS
Trey Pipkins III,LAC,LT,OL,69.0,70.84,,0.0,0.0,70.84,baseline,Madden 27 baseline,Active,,00-0035688,False,Active,False,,2026-09-15T15:01:49+00:00,Sleeper,,LG|LT
Kyle Kennard,LAC,EDGE,DL,69.0,70.34,,0.0,0.0,70.34,baseline,Madden 27 baseline,RES,,00-0040161,False,,False,,,,,
Jaret Patterson,LAC,HB,RB,67.0,70.0,,0.0,0.0,70.0,baseline,Madden 27 baseline,,,,False,,False,,,,,
Alex Harkey,LAC,RG,OL,68.0,69.77,,0.0,0.0,69.77,baseline,Madden 27 baseline,Active,Out,00-0041107,False,Out,True,,2026-09-15T15:01:49+00:00,Sleeper,,LG
Logan Taylor,LAC,LG,OL,68.0,69.6,,0.0,0.0,69.6,baseline,Madden 27 baseline,Active,Out,00-0041105,False,Out,True,,2026-09-15T15:01:49+00:00,Sleeper,,LT
Scott Matlock,LAC,DT,DL,68.0,69.42,,0.0,0.0,69.42,baseline,Madden 27 baseline,Inactive,IR,00-0038614,False,Out,True,,2026-09-15T15:01:49+00:00,Sleeper,,FB
Sincere Brown,LAC,WR,WR,66.0,69.0,,0.0,0.0,69.0,baseline,Madden 27 baseline,RES,,00-0041374,False,,False,,,,,
Charlie Kolar,LAC,TE,TE,68.0,68.33,56.0125,0.0,0.0,68.33,baseline,Madden 27 baseline,Active,,00-0038046,False,Active,False,,2026-09-15T15:01:49+00:00,Sleeper,,TE
Deane Leonard,LAC,CB,DB,67.0,68.32,,0.0,0.0,68.32,baseline,Madden 27 baseline,Active,Out,00-0037320,False,Out,True,,2026-09-15T15:01:49+00:00,Sleeper,,RCB
Nadame Tucker,LAC,EDGE,DL,66.0,68.19,,0.0,0.0,68.19,baseline,Madden 27 baseline,,,,False,,False,,,,,
Dalevon Campbell,LAC,WR,WR,65.0,68.0,,0.0,0.0,68.0,baseline,Madden 27 baseline,CUT,,00-0040629,False,,False,,,,,
Rodney Shelley,LAC,CB,DB,67.93,67.93,,0.0,0.0,67.93,baseline,Replacement-level estimate baseline,Active,,00-0041381,False,Active,False,,2026-09-15T15:01:49+00:00,Sleeper,,LCB
Branson Taylor,LAC,LG,OL,65.0,67.01,,0.0,0.0,67.01,baseline,Madden 27 baseline,Inactive,IR,00-0040212,False,Out,True,,2026-09-15T15:01:49+00:00,Sleeper,,LT
Trey Lance,LAC,QB,QB,64.0,67.0,,0.0,0.0,67.0,baseline,Madden 27 baseline,Active,,00-0037012,False,Active,False,,2026-09-15T15:01:49+00:00,Sleeper,,QB
Del'Shawn Phillips,LAC,LB,LB,65.0,66.73,,0.0,0.0,66.73,baseline,Madden 27 baseline,Active,,00-0035202,False,Active,False,,2026-09-15T15:01:49+00:00,Sleeper,,RILB
Terry Webb,LAC,DT,DL,65.0,66.52,,0.0,0.0,66.52,baseline,Madden 27 baseline,Active,,00-0041386,False,Active,False,,2026-09-15T15:01:49+00:00,Sleeper,,
Kendall Williamson,LAC,FS,DB,64.0,66.23,,0.0,0.0,66.23,baseline,Madden 27 baseline,Active,,00-0038414,False,Active,False,,2026-09-15T15:01:49+00:00,Sleeper,,FS
Nikko Reed,LAC,CB,DB,64.0,66.16,,0.0,0.0,66.16,baseline,Madden 27 baseline,Active,,00-0040471,False,Active,False,,2026-09-15T15:01:49+00:00,Sleeper,,
Marlowe Wax,LAC,LB,LB,64.0,65.46,,0.0,0.0,65.46,baseline,Madden 27 baseline,Active,,00-0040460,False,Active,False,,2026-09-15T15:01:49+00:00,Sleeper,,LILB
Myles Purchase,LAC,CB,DB,63.0,65.13,,0.0,0.0,65.13,baseline,Madden 27 baseline,CUT,,00-0040473,False,,False,,,,,
Kayode Awosika,LAC,RG,OL,63.0,65.08,,0.0,0.0,65.08,baseline,Madden 27 baseline,Active,,00-0036736,False,Active,False,,2026-09-15T15:01:49+00:00,Sleeper,,LG
Garmon Randolph,LAC,EDGE,DL,63.0,64.95,,0.0,0.0,64.95,baseline,Madden 27 baseline,,,,False,,False,,,,,
Jacob Spomer,LAC,C,OL,62.0,64.89,,0.0,0.0,64.89,baseline,Madden 27 baseline,Active,,00-0041383,False,Active,False,,2026-09-15T15:01:49+00:00,Sleeper,,C
Eric Rogers,LAC,CB,DB,62.0,64.44,,0.0,0.0,64.44,baseline,Madden 27 baseline,CUT,,00-0040468,False,,False,,,,,
Jacobian Guillory,LAC,DT,DL,62.0,64.23,,0.0,0.0,64.23,baseline,Madden 27 baseline,CUT,,00-0041378,False,,False,,,,,
Isaiah World,LAC,LT,OL,61.0,63.64,,0.0,0.0,63.64,baseline,Madden 27 baseline,Active,PUP,00-0041387,False,Out,True,,2026-09-15T15:01:49+00:00,Sleeper,,LT
Jerand Bradley,LAC,TE,TE,61.0,62.67,,0.0,0.0,62.67,baseline,Madden 27 baseline,CUT,,00-0041373,False,,False,,,,,
Noah Avinger,LAC,FS,DB,60.0,62.48,,0.0,0.0,62.48,baseline,Madden 27 baseline,CUT,,00-0041371,False,,False,,,,,
Evan Svoboda,LAC,TE,TE,58.0,60.09,,0.0,0.0,60.09,baseline,Madden 27 baseline,Active,,00-0041384,False,Active,False,,2026-09-15T15:01:49+00:00,Sleeper,,
Maxx Crosby,LV,EDGE,DL,97.0,95.91,,0.0,0.0,95.91,baseline,Madden 27 baseline,Active,,00-0034973,False,Active,False,,2026-09-15T15:01:49+00:00,Sleeper,,WLB
Kolton Miller,LV,LT,OL,91.0,90.35,,0.0,0.0,90.35,baseline,Madden 27 baseline,Active,,00-0034759,False,Active,False,,2026-09-15T15:01:49+00:00,Sleeper,,LT
Brock Bowers,LV,TE,TE,93.0,90.0,,0.0,0.0,90.0,baseline,Madden 27 baseline,Active,Out,00-0039338,False,Out,True,,2026-09-15T15:01:49+00:00,Sleeper,,TE
Tyler Linderbaum,LV,C,OL,88.0,87.68,,0.0,0.0,87.68,baseline,Madden 27 baseline,Active,,00-0037825,False,Active,False,,2026-09-15T15:01:49+00:00,Sleeper,,C
Ashton Jeanty,LV,HB,RB,85.0,85.81,87.58152173913044,0.0736,0.0,85.94,baseline,Madden 27 + nflverse performance,Active,,00-0040122,False,Active,False,,2026-09-15T15:01:49+00:00,Sleeper,,RB
Taron Johnson,LV,CB,DB,83.0,83.54,,0.0,0.0,83.54,baseline,Madden 27 baseline,Active,,00-0034376,False,Active,False,,2026-09-15T15:01:49+00:00,Sleeper,,SCB
A.J. Cole,LV,P,ST,79.0,82.0,,0.0,0.0,82.0,baseline,Madden 27 baseline,Active,,00-0035190,False,Active,False,,2026-09-15T15:01:49+00:00,Sleeper,,H|P
Jeremy Chinn,LV,SS,DB,82.0,81.1,,0.0,0.0,81.1,baseline,Madden 27 baseline,Active,,00-0036293,False,Active,False,,2026-09-15T15:01:49+00:00,Sleeper,,SS
Quay Walker,LV,LB,LB,80.0,79.41,,0.0,0.0,79.41,baseline,Madden 27 baseline,Active,,00-0037074,False,Active,False,,2026-09-15T15:01:49+00:00,Sleeper,,RILB
Tre Tucker,LV,WR,WR,78.0,79.15,71.86092715231788,0.021333333333333336,0.0,78.99,baseline,Madden 27 + nflverse performance,Active,,00-0038563,False,Active,False,,2026-09-15T15:01:49+00:00,Sleeper,,WR
Jackson Powers-Johnson,LV,RG,OL,78.0,78.51,,0.0,0.0,78.51,baseline,Madden 27 baseline,Active,,00-0039735,False,Active,False,,2026-09-15T15:01:49+00:00,Sleeper,,RG
Nakobe Dean,LV,LB,LB,78.0,78.45,,0.0,0.0,78.45,baseline,Madden 27 baseline,Active,,00-0037615,False,Active,False,,2026-09-15T15:01:49+00:00,Sleeper,,LILB
Jalen Nailor,LV,WR,WR,77.0,78.47,73.43708609271523,0.02666666666666667,0.0,78.34,baseline,Madden 27 + nflverse performance,Active,,00-0037291,False,Active,False,,2026-09-15T15:01:49+00:00,Sleeper,,WR
Matt Gay,LV,K,ST,75.0,78.0,,0.0,0.0,78.0,baseline,Madden 27 baseline,Active,,00-0035269,False,Active,False,,2026-09-15T15:01:49+00:00,Sleeper,,PK
Eric Stokes,LV,CB,DB,77.0,77.73,,0.0,0.0,77.73,baseline,Madden 27 baseline,Active,,00-0036901,False,Active,False,,2026-09-15T15:01:49+00:00,Sleeper,,LCB
Kwity Paye,LV,EDGE,DL,77.0,77.05,,0.0,0.0,77.05,baseline,Madden 27 baseline,Active,,00-0036479,False,Active,False,,2026-09-15T15:01:49+00:00,Sleeper,,SLB
Fernando Mendoza,LV,QB,QB,74.0,76.56,,0.0,0.0,76.56,baseline,Madden 27 baseline,Active,,00-0041562,False,Active,False,,2026-09-15T15:01:49+00:00,Sleeper,,QB
Treydan Stukes,LV,FS,DB,76.0,76.22,,0.0,0.0,76.22,baseline,Madden 27 baseline,Active,,00-0040868,False,Active,False,,2026-09-15T15:01:49+00:00,Sleeper,,FS
Folorunso Fatukasi,LV,DE,DL,73.0,76.0,,0.0,0.0,76.0,baseline,Prior-year Madden -2 baseline,Active,,00-0034275,False,Active,False,,2026-09-15T15:01:49+00:00,Sleeper,,RDE
Malcolm Koonce,LV,EDGE,DL,75.0,75.59,,0.0,0.0,75.59,baseline,Madden 27 baseline,Active,,00-0036989,False,Active,False,,2026-09-15T15:01:49+00:00,Sleeper,,WLB
Keyron Crawford,LV,EDGE,DL,75.0,75.52,,0.0,0.0,75.52,baseline,Madden 27 baseline,Inactive,IR,00-0041553,False,Out,True,,2026-09-15T15:01:49+00:00,Sleeper,,SLB
Kirk Cousins,LV,QB,QB,73.0,75.52,66.43243243243244,0.048,0.0,75.08,baseline,Madden 27 + nflverse performance,Active,,00-0029604,False,Active,False,,2026-09-15T15:01:49+00:00,Sleeper,,QB
Jermod McCoy,LV,CB,DB,74.0,75.0,,0.0,0.0,75.0,baseline,Madden 27 baseline,Active,,00-0041563,False,Active,False,,2026-09-15T15:01:49+00:00,Sleeper,,LCB
Darien Porter,LV,CB,DB,74.0,74.97,,0.0,0.0,74.97,baseline,Madden 27 baseline,Active,Questionable,00-0040641,False,Questionable,False,,2026-09-15T15:01:49+00:00,Sleeper,,RCB
Jack Bech,LV,WR,WR,72.0,74.35,77.15894039735099,0.021333333333333336,0.0,74.41,baseline,Madden 27 + nflverse performance,Active,,00-0040729,False,Active,False,,2026-09-15T15:01:49+00:00,Sleeper,,WR
Trey Zuhn III,LV,LG,OL,73.0,74.1,,0.0,0.0,74.1,baseline,Madden 27 baseline,Active,,00-0040871,False,Active,False,,2026-09-15T15:01:49+00:00,Sleeper,,RT
Adam Butler,LV,DT,DL,73.0,73.63,,0.0,0.0,73.63,baseline,Madden 27 baseline,Active,,00-0033381,False,Active,False,,2026-09-15T15:01:49+00:00,Sleeper,,NT
DJ Glaze,LV,RT,OL,72.0,73.35,,0.0,0.0,73.35,baseline,Madden 27 baseline,Active,,00-0039349,False,Active,False,,2026-09-15T15:01:49+00:00,Sleeper,,RT
Mike Washington Jr.,LV,HB,RB,70.0,73.0,69.02717391304347,0.022400000000000003,0.0,72.91,baseline,Madden 27 + nflverse performance,Active,,00-0040878,False,Active,False,,2026-09-15T15:01:49+00:00,Sleeper,,RB
Phillip Dorsett II,LV,WR,WR,71.0,72.71,,0.0,0.0,72.71,baseline,Madden 27 baseline,,,,False,,False,,,,,
Michael Mayer,LV,TE,TE,72.0,72.16,81.29374999999999,0.04666666666666667,0.0,72.59,baseline,Madden 27 + nflverse performance,Active,,00-0039066,False,Active,False,,2026-09-15T15:01:49+00:00,Sleeper,,TE
Isaiah Pola-Mao,LV,FS,DB,71.0,72.52,,0.0,0.0,72.52,baseline,Madden 27 baseline,Active,,00-0037512,False,Active,False,,2026-09-15T15:01:49+00:00,Sleeper,,FS
Brennan Jackson,LV,EDGE,DL,70.0,71.48,,0.0,0.0,71.48,baseline,Madden 27 baseline,Inactive,IR,00-0039836,False,Out,True,,2026-09-15T15:01:49+00:00,Sleeper,,SLB|WLB
Charles Grant,LV,LT,OL,70.0,71.42,,0.0,0.0,71.42,baseline,Madden 27 baseline,Active,,00-0040151,False,Active,False,,2026-09-15T15:01:49+00:00,Sleeper,,LT
Caleb Rogers,LV,RG,OL,70.0,71.3,,0.0,0.0,71.3,baseline,Madden 27 baseline,Active,,00-0040150,False,Active,False,,2026-09-15T15:01:49+00:00,Sleeper,,RG
Malik Benson,LV,WR,WR,69.0,71.32,62.817880794702,0.010666666666666668,0.0,71.23,baseline,Madden 27 + nflverse performance,Active,,00-0040894,False,Active,False,,2026-09-15T15:01:49+00:00,Sleeper,,PR|WR
Dylan Laube,LV,HB,RB,68.0,71.0,57.12500000000001,0.0,0.0,71.0,baseline,Madden 27 baseline,Active,,00-0039407,False,Active,False,,2026-09-15T15:01:49+00:00,Sleeper,,KR|PR|RB
Chris Collier,LV,HB,RB,71.0,71.0,,0.0,0.0,71.0,baseline,Replacement-level estimate baseline,Inactive,IR,00-0039244,False,Out,True,,2026-09-15T15:01:49+00:00,Sleeper,,RB
Jonah Laulu,LV,DT,DL,69.0,70.82,,0.0,0.0,70.82,baseline,Madden 27 baseline,Active,,00-0039423,False,Active,False,,2026-09-15T15:01:49+00:00,Sleeper,,LDE
Tommy Eichenberg,LV,LB,LB,70.0,70.62,,0.0,0.0,70.62,baseline,Madden 27 baseline,Active,,00-0039374,False,Active,False,,2026-09-15T15:01:49+00:00,Sleeper,,LILB
Darrell Luter Jr,LV,CB,DB,69.0,70.47,,0.0,0.0,70.47,baseline,Madden 27 baseline,Active,Out,00-0038594,True,Out,True,,2026-09-15T15:01:49+00:00,Sleeper,,LCB
Dont'e Thornton Jr,LV,WR,WR,68.0,70.37,,0.0,0.0,70.37,baseline,Madden 27 baseline,Inactive,IR,00-0040581,False,Out,True,,2026-09-15T15:01:49+00:00,Sleeper,,WR
Spencer Burford,LV,LG,OL,69.0,70.29,,0.0,0.0,70.29,baseline,Madden 27 baseline,Active,,00-0037829,False,Active,False,,2026-09-15T15:01:49+00:00,Sleeper,,LG
Tonka Hemingway,LV,DT,DL,68.0,70.0,,0.0,0.0,70.0,baseline,Madden 27 baseline,Active,,00-0040169,False,Active,False,,2026-09-15T15:01:49+00:00,Sleeper,,RDE
Aidan O'Connell,LV,QB,QB,67.0,70.0,,0.0,0.0,70.0,baseline,Madden 27 baseline,Active,Out,00-0038579,False,Out,True,,2026-09-15T15:01:49+00:00,Sleeper,,QB
Hezekiah Masses,LV,CB,DB,68.0,69.66,,0.0,0.0,69.66,baseline,Madden 27 baseline,Active,,00-0040889,False,Active,False,,2026-09-15T15:01:49+00:00,Sleeper,,RCB
Benito Jones,LV,DT,DL,68.0,69.6,,0.0,0.0,69.6,baseline,Madden 27 baseline,,,,False,,False,,,,,
Chase Roberts,LV,WR,WR,67.0,69.59,,0.0,0.0,69.59,baseline,Madden 27 baseline,RES,,00-0041004,False,,False,,,,,
Ian Thomas,LV,TE,TE,69.0,69.42,,0.0,0.0,69.42,baseline,Madden 27 baseline,Active,,00-0034365,False,Active,False,,2026-09-15T15:01:49+00:00,Sleeper,,TE
Dalton Johnson,LV,SS,DB,68.0,69.23,,0.0,0.0,69.23,baseline,Madden 27 baseline,Active,Out,00-0040883,False,Out,True,,2026-09-15T15:01:49+00:00,Sleeper,,SS
JJ Pegues,LV,DT,DL,67.0,68.93,,0.0,0.0,68.93,baseline,Madden 27 baseline,Active,Out,00-0040199,False,Out,True,,2026-09-15T15:01:49+00:00,Sleeper,,NT
Dareke Young,LV,WR,WR,66.0,68.33,56.473509933774835,0.0,0.0,68.33,baseline,Madden 27 baseline,Active,,00-0037093,False,Active,False,,2026-09-15T15:01:49+00:00,Sleeper,,KR|WR
Albert Okwuegbunam,LV,TE,TE,67.0,67.54,,0.0,0.0,67.54,baseline,Madden 27 baseline,DEV,,00-0036423,False,,False,,,,,
Bryce Cabeldue,LV,LG,OL,66.0,67.51,,0.0,0.0,67.51,baseline,Madden 27 baseline,Active,Out,00-0040650,True,Out,True,,2026-09-15T15:01:49+00:00,Sleeper,,LG
Segun Olubi,LV,LB,LB,66.0,67.46,,0.0,0.0,67.46,baseline,Madden 27 baseline,Active,,00-0037527,False,Active,False,,2026-09-15T15:01:49+00:00,Sleeper,,LILB
Thomas Booker IV,LV,DT,DL,66.0,67.07,,0.0,0.0,67.07,baseline,Madden 27 baseline,Active,,00-0037262,False,Active,False,,2026-09-15T15:01:49+00:00,Sleeper,,LDE
Chigozie Anusiem,LV,CB,DB,65.0,66.8,,0.0,0.0,66.8,baseline,Madden 27 baseline,Inactive,IR,00-0039676,False,Out,True,,2026-09-15T15:01:49+00:00,Sleeper,,RCB
Connor Heyward,LV,TE,TE,66.0,66.74,59.78804347826088,0.006666666666666667,0.0,66.69,baseline,Madden 27 + nflverse performance,Active,,00-0037304,False,Active,False,,2026-09-15T15:01:49+00:00,Sleeper,,FB
Brandon Cleveland,LV,DT,DL,65.0,66.66,,0.0,0.0,66.66,baseline,Madden 27 baseline,Active,,00-0040902,False,Active,False,,2026-09-15T15:01:49+00:00,Sleeper,,
Patrick Johnson,LV,EDGE,DL,65.0,66.46,,0.0,0.0,66.46,baseline,Madden 27 baseline,Active,,00-0036922,False,Active,False,,2026-09-15T15:01:49+00:00,Sleeper,,SLB
Deven Thompkins,LV,WR,WR,64.0,65.98,,0.0,0.0,65.98,baseline,Madden 27 baseline,Active,,00-0037487,False,Active,False,,2026-09-15T15:01:49+00:00,Sleeper,,
Cameron McGrone,LV,LB,LB,64.0,65.68,,0.0,0.0,65.68,baseline,Madden 27 baseline,Active,,00-0036644,False,Active,False,,2026-09-15T15:01:49+00:00,Sleeper,,
Greedy Vance Jr,LV,CB,DB,63.0,65.37,,0.0,0.0,65.37,baseline,Madden 27 baseline,Active,,00-0040489,False,Active,False,,2026-09-15T15:01:49+00:00,Sleeper,,
Justin Pickett,LV,RG,OL,63.0,65.32,,0.0,0.0,65.32,baseline,Madden 27 baseline,Inactive,IR,00-0041003,False,Out,True,,2026-09-15T15:01:49+00:00,Sleeper,,RG
Jahfari Harvey,LV,EDGE,DL,63.0,65.09,,0.0,0.0,65.09,baseline,Madden 27 baseline,DEV,,00-0040604,False,,False,,,,,
Treven Ma'ae,LV,DT,DL,63.0,64.78,,0.0,0.0,64.78,baseline,Madden 27 baseline,CUT,,00-0040487,False,,False,,,,,
Isaiah Jatta,LV,RT,OL,62.0,64.33,,0.0,0.0,64.33,baseline,Madden 27 baseline,CUT,,00-0040999,False,,False,,,,,
Gary Smith III,LV,DT,DL,62.0,64.23,,0.0,0.0,64.23,baseline,Madden 27 baseline,DEV,,00-0041007,False,,False,,,,,
Tristin McCollum,LV,FS,DB,62.0,64.2,,0.0,0.0,64.2,baseline,Madden 27 baseline,Active,,00-0037461,False,Active,False,,2026-09-15T15:01:49+00:00,Sleeper,,FS
Cody Lindenberg,LV,LB,LB,62.0,64.14,,0.0,0.0,64.14,baseline,Madden 27 baseline,Active,Out,00-0040228,False,Out,True,,2026-09-15T15:01:49+00:00,Sleeper,,RILB
Tanner Wall,LV,FS,DB,61.0,63.05,,0.0,0.0,63.05,baseline,Madden 27 baseline,,,,False,,False,,,,,
Justin Shorter,LV,WR,WR,60.0,63.0,,0.0,0.0,63.0,baseline,Madden 27 baseline,Inactive,IR,00-0038590,False,Out,True,,2026-09-15T15:01:49+00:00,Sleeper,,WR
Will Putnam,LV,C,OL,59.0,61.97,,0.0,0.0,61.97,baseline,Madden 27 baseline,Active,,00-0039544,False,Active,False,,2026-09-15T15:01:49+00:00,Sleeper,,
Carter Runyon,LV,TE,TE,59.0,61.17,,0.0,0.0,61.17,baseline,Madden 27 baseline,Inactive,IR,00-0040488,False,Out,True,,2026-09-15T15:01:49+00:00,Sleeper,,TE
Alex Ward,LV,LS,ST,62.0,59.0,,0.0,0.0,59.0,baseline,Madden 27 baseline,Active,,00-0038360,False,Active,False,,2026-09-15T15:01:49+00:00,Sleeper,,LS
Aaron Brewer,MIA,C,OL,90.0,89.71,,0.0,0.0,89.71,baseline,Madden 27 baseline,Active,,00-0036171,False,Active,False,,2026-09-15T15:01:49+00:00,Sleeper,,C
De'Von Achane,MIA,HB,RB,88.0,88.23,76.58152173913044,0.0352,0.0,87.82,baseline,Madden 27 + nflverse performance,Active,,00-0039040,False,Active,False,,2026-09-15T15:01:49+00:00,Sleeper,,RB
Jordyn Brooks,MIA,LB,LB,84.0,83.19,,0.0,0.0,83.19,baseline,Madden 27 baseline,Active,,00-0036409,False,Active,False,,2026-09-15T15:01:49+00:00,Sleeper,,WLB
Zach Sieler,MIA,DT,DL,83.0,82.23,,0.0,0.0,82.23,baseline,Madden 27 baseline,Active,,00-0034285,False,Active,False,,2026-09-15T15:01:49+00:00,Sleeper,,RDT
Patrick Paul,MIA,LT,OL,80.0,80.79,,0.0,0.0,80.79,baseline,Madden 27 baseline,Active,,00-0039899,False,Active,False,,2026-09-15T15:01:49+00:00,Sleeper,,LT
Bradley Pinion,MIA,P,ST,77.0,79.34,,0.0,0.0,79.34,baseline,Madden 27 baseline,Active,,00-0032065,False,Active,False,,2026-09-15T15:01:49+00:00,Sleeper,,H|P
Kadyn Proctor,MIA,LG,OL,77.0,77.59,,0.0,0.0,77.59,baseline,Madden 27 baseline,Active,,00-0041521,False,Active,False,,2026-09-15T15:01:49+00:00,Sleeper,,LG
Chris Johnson,MIA,CB,DB,76.0,77.06,,0.0,0.0,77.06,baseline,Madden 27 baseline,Active,,00-0041533,False,Active,False,,2026-09-15T15:01:49+00:00,Sleeper,,SCB
Zane Gonzalez,MIA,K,ST,74.0,77.0,,0.0,0.0,77.0,baseline,Madden 27 baseline,,,,False,,False,,,,,
Jacob Rodriguez,MIA,LB,LB,76.0,76.32,,0.0,0.0,76.32,baseline,Madden 27 baseline,Active,,00-0041522,False,Active,False,,2026-09-15T15:01:49+00:00,Sleeper,,MLB
Tutu Atwell,MIA,WR,WR,75.0,76.29,,0.0,0.0,76.29,baseline,Madden 27 baseline,,,,False,,False,,,,,
Ollie Gordon II,MIA,HB,RB,73.0,75.91,,0.0,0.0,75.91,baseline,Madden 27 baseline,Active,,00-0040198,False,Active,False,,2026-09-15T15:01:49+00:00,Sleeper,,RB
Jalen Tolbert,MIA,WR,WR,74.0,75.8,,0.0,0.0,75.8,baseline,Madden 27 baseline,Active,Out,00-0037666,False,Out,True,,2026-09-15T15:01:49+00:00,Sleeper,,WR
Malik Willis,MIA,QB,QB,74.0,76.05,68.24324324324326,0.0432,0.0,75.71,baseline,Madden 27 + nflverse performance,Active,,00-0038128,False,Active,False,,2026-09-15T15:01:49+00:00,Sleeper,,QB
Jaylen Wright,MIA,HB,RB,73.0,75.7,56.18478260869566,0.0032,0.0,75.64,baseline,Madden 27 + nflverse performance,Active,,00-0039874,False,Active,False,,2026-09-15T15:01:49+00:00,Sleeper,,KR|RB
Kenneth Grant,MIA,DT,DL,75.0,75.45,,0.0,0.0,75.45,baseline,Madden 27 baseline,Inactive,IR,00-0040127,False,Out,True,,2026-09-15T15:01:49+00:00,Sleeper,,LDT
Austin Jackson,MIA,RT,OL,74.0,75.26,,0.0,0.0,75.26,baseline,Madden 27 baseline,Active,,00-0036248,False,Active,False,,2026-09-15T15:01:49+00:00,Sleeper,,RT
Riley Patterson,MIA,K,ST,72.0,75.0,,0.0,0.0,75.0,baseline,Madden 27 baseline,Active,,00-0036816,False,Active,False,,2026-09-15T15:01:49+00:00,Sleeper,,PK
Joshua Uche,MIA,EDGE,DL,75.0,74.96,,0.0,0.0,74.96,baseline,Madden 27 baseline,ACT,,00-0036159,False,,False,,,,Josh Uche,RDE
Chop Robinson,MIA,EDGE,DL,75.0,74.95,,0.0,0.0,74.95,baseline,Madden 27 baseline,Active,,00-0039911,False,Active,False,,2026-09-15T15:01:49+00:00,Sleeper,,LDE
Darrell Baker Jr,MIA,CB,DB,74.0,74.94,,0.0,0.0,74.94,baseline,Madden 27 baseline,Active,PUP,00-0037549,False,Out,True,,2026-09-15T15:01:49+00:00,Sleeper,,LCB
Malik Washington,MIA,WR,WR,73.0,74.56,79.1523178807947,0.04266666666666667,0.0,74.76,baseline,Madden 27 + nflverse performance,Active,,00-0039880,False,Active,False,,2026-09-15T15:01:49+00:00,Sleeper,,KR|PR|WR
Lonnie Johnson Jr,MIA,FS,DB,73.0,74.45,,0.0,0.0,74.45,baseline,Madden 27 baseline,,,,False,,False,,,,,
Clelin Ferrell,MIA,EDGE,DL,73.0,73.91,,0.0,0.0,73.91,baseline,Madden 27 baseline,Active,,00-0035692,False,Active,False,,2026-09-15T15:01:49+00:00,Sleeper,,LDE
Caleb Douglas,MIA,WR,WR,71.0,73.53,83.19536423841059,0.037333333333333336,0.0,73.89,baseline,Madden 27 + nflverse performance,Active,,00-0041523,False,Active,False,,2026-09-15T15:01:49+00:00,Sleeper,,WR
Chris Bell,MIA,WR,WR,71.0,73.34,68.158940397351,0.010666666666666668,0.0,73.28,baseline,Madden 27 + nflverse performance,Active,,00-0041525,False,Active,False,,2026-09-15T15:01:49+00:00,Sleeper,,WR
JuJu Brents,MIA,CB,DB,72.0,73.26,,0.0,0.0,73.26,baseline,Madden 27 baseline,Active,,,False,Active,False,,2026-09-15T15:01:49+00:00,Sleeper,,
Trey Moore,MIA,EDGE,DL,72.0,72.68,,0.0,0.0,72.68,baseline,Madden 27 baseline,Inactive,IR,00-0041526,False,Out,True,,2026-09-15T15:01:49+00:00,Sleeper,,SLB
Terrace Marshall Jr,MIA,WR,WR,70.0,72.66,,0.0,0.0,72.66,baseline,Madden 27 baseline,,,,False,,False,,,,,
Willie Gay Jr,MIA,LB,LB,72.0,72.49,,0.0,0.0,72.49,baseline,Madden 27 baseline,Active,,00-0036362,False,Active,False,,2026-09-15T15:01:49+00:00,Sleeper,,SLB
Jordan Phillips,MIA,DT,DL,71.0,72.11,,0.0,0.0,72.11,baseline,Madden 27 baseline,Active,,00-0040175,False,Active,False,,2026-09-15T15:01:49+00:00,Sleeper,,
Alex Austin,MIA,CB,DB,70.0,71.96,,0.0,0.0,71.96,baseline,Madden 27 baseline,CUT,,00-0038646,False,,False,,,,,
Ronnie Harrison Jr,MIA,LB,LB,71.0,71.87,,0.0,0.0,71.87,baseline,Madden 27 baseline,Active,Questionable,00-0034779,False,Questionable,False,,2026-09-15T15:01:49+00:00,Sleeper,,WLB
Max Llewellyn,MIA,EDGE,DL,71.0,71.87,,0.0,0.0,71.87,baseline,Madden 27 baseline,Active,,00-0041531,False,Active,False,,2026-09-15T15:01:49+00:00,Sleeper,,
David Ojabo,MIA,EDGE,DL,72.0,71.86,,0.0,0.0,71.86,baseline,Madden 27 baseline,,,,False,,False,,,,,
Jalen Reagor,MIA,WR,WR,70.0,71.83,,0.0,0.0,71.83,baseline,Madden 27 baseline,Active,,00-0036387,False,Active,False,,2026-09-15T15:01:49+00:00,Sleeper,,
Michael Taaffe,MIA,FS,DB,70.0,71.19,,0.0,0.0,71.19,baseline,Madden 27 baseline,Active,,00-0041528,False,Active,False,,2026-09-15T15:01:49+00:00,Sleeper,,FS
Donovan Edwards,MIA,HB,RB,68.0,71.0,,0.0,0.0,71.0,baseline,Madden 27 baseline,CUT,,00-0040400,False,,False,,,,,
Kevin Coleman Jr.,MIA,WR,WR,69.0,71.1,59.36423841059603,0.010666666666666668,0.0,70.97,baseline,Madden 27 + nflverse performance,Active,,00-0041529,False,Active,False,,2026-09-15T15:01:49+00:00,Sleeper,,PR|WR
Jamaree Salyer,MIA,LT,OL,69.0,70.78,,0.0,0.0,70.78,baseline,Madden 27 baseline,,,,False,,False,,,,,
Tahj Washington,MIA,WR,WR,68.0,70.68,,0.0,0.0,70.68,baseline,Madden 27 baseline,,,,False,,False,,,,,
Caedan Wallace,MIA,RG,OL,69.0,70.6,,0.0,0.0,70.6,baseline,Madden 27 baseline,Active,,00-0039863,True,Active,False,,2026-09-15T15:01:49+00:00,Sleeper,,RG|RT
Marco Wilson,MIA,CB,DB,69.0,70.51,,0.0,0.0,70.51,baseline,Madden 27 baseline,,,,False,,False,,,,,
Jason Marshall Jr,MIA,CB,DB,69.0,70.46,,0.0,0.0,70.46,baseline,Madden 27 baseline,Active,,00-0040178,False,Active,False,,2026-09-15T15:01:49+00:00,Sleeper,,LCB
Kyle Louis,MIA,LB,LB,69.0,70.12,,0.0,0.0,70.12,baseline,Madden 27 baseline,Active,Out,00-0041527,False,Out,True,,2026-09-15T15:01:49+00:00,Sleeper,,SS
Greg Dulcich,MIA,TE,TE,70.0,69.76,71.55624999999999,0.013333333333333334,0.0,69.78,baseline,Madden 27 + nflverse performance,Active,,00-0037252,False,Active,False,,2026-09-15T15:01:49+00:00,Sleeper,,TE
A.J. Green III,MIA,CB,DB,67.0,69.11,,0.0,0.0,69.11,baseline,Madden 27 baseline,CUT,,00-0036114,False,,False,,,,,
Jonah Savaiinaea,MIA,RG,OL,68.0,68.97,,0.0,0.0,68.97,baseline,Madden 27 baseline,Active,,00-0040742,False,Active,False,,2026-09-15T15:01:49+00:00,Sleeper,,RG
Malik Herring,MIA,DE,DL,68.92,68.92,,0.0,0.0,68.92,baseline,Replacement-level estimate baseline,Active,,00-0036682,False,Active,False,,2026-09-15T15:01:49+00:00,Sleeper,,LDE
Keith Cooper Jr.,MIA,DT,DL,68.92,68.92,,0.0,0.0,68.92,baseline,Replacement-level estimate baseline,Active,,00-0040655,False,Active,False,,2026-09-15T15:01:49+00:00,Sleeper,,LDT
DJ Campbell,MIA,RG,OL,67.0,68.74,,0.0,0.0,68.74,baseline,Madden 27 baseline,Active,Out,00-0041530,False,Out,True,,2026-09-15T15:01:49+00:00,Sleeper,,RG
Ethan Bonner,MIA,CB,DB,67.0,68.54,,0.0,0.0,68.54,baseline,Madden 27 baseline,Active,,00-0038684,False,Active,False,,2026-09-15T15:01:49+00:00,Sleeper,,
Justin Joly,MIA,TE,TE,68.0,68.5,,0.0,0.0,68.5,baseline,Madden 27 baseline,Active,Out,00-0041077,True,Out,True,,2026-09-15T15:01:49+00:00,Sleeper,,TE
Dante Trader Jr,MIA,SS,DB,67.0,68.47,,0.0,0.0,68.47,baseline,Madden 27 baseline,Active,,00-0040182,False,Active,False,,2026-09-15T15:01:49+00:00,Sleeper,,SS
Matthew Butler,MIA,DT,DL,67.0,68.43,,0.0,0.0,68.43,baseline,Madden 27 baseline,,,,False,,False,,,,,
Jarrett Kingston,MIA,LG,OL,67.0,68.09,,0.0,0.0,68.09,baseline,Madden 27 baseline,Active,,00-0039832,True,Active,False,,2026-09-15T15:01:49+00:00,Sleeper,,LG
Kyle McCord,MIA,QB,QB,65.0,68.0,,0.0,0.0,68.0,baseline,Madden 27 baseline,Active,,00-0040014,True,Active,False,,2026-09-15T15:01:49+00:00,Sleeper,,QB
Reese Taylor,MIA,CB,DB,66.0,67.97,,0.0,0.0,67.97,baseline,Madden 27 baseline,Active,Out,00-0038521,True,Out,True,,2026-09-15T15:01:49+00:00,Sleeper,,SCB
Marcellas Dial Jr,MIA,CB,DB,66.0,67.54,,0.0,0.0,67.54,baseline,Madden 27 baseline,Active,,00-0039390,True,Active,False,,2026-09-15T15:01:49+00:00,Sleeper,,RCB
Zayne Anderson,MIA,SS,DB,66.0,67.4,,0.0,0.0,67.4,baseline,Madden 27 baseline,Active,,00-0036677,False,Active,False,,2026-09-15T15:01:49+00:00,Sleeper,,FS
Zeek Biggers,MIA,DT,DL,65.0,67.05,,0.0,0.0,67.05,baseline,Madden 27 baseline,Active,,00-0040248,False,Active,False,,2026-09-15T15:01:49+00:00,Sleeper,,RDT
Cameron Goode,MIA,EDGE,DL,66.0,66.33,,0.0,0.0,66.33,baseline,Madden 27 baseline,,,,False,,False,,,,,
Chukwuebuka Godrick,MIA,LT,OL,66.25,66.25,,0.0,0.0,66.25,baseline,Replacement-level estimate baseline,Active,Out,00-0039174,False,Out,True,,2026-09-15T15:01:49+00:00,Sleeper,,LT
Will Kacmarek,MIA,TE,TE,65.0,66.29,57.868750000000006,0.006666666666666667,0.0,66.23,baseline,Madden 27 + nflverse performance,Active,,00-0041524,False,Active,False,,2026-09-15T15:01:49+00:00,Sleeper,,TE
Charlie Heck,MIA,LT,OL,64.0,66.12,,0.0,0.0,66.12,baseline,Madden 27 baseline,,,,False,,False,,,,,
Miles Battle,MIA,CB,DB,64.0,66.11,,0.0,0.0,66.11,baseline,Madden 27 baseline,CUT,,00-0039312,False,,False,,,,,
Brady Cook,MIA,QB,QB,63.0,66.0,,0.0,0.0,66.0,baseline,Madden 27 baseline,Active,Out,00-0040398,True,Out,True,,2026-09-15T15:01:49+00:00,Sleeper,,QB
Carlos Washington Jr,MIA,HB,RB,63.0,66.0,,0.0,0.0,66.0,baseline,Madden 27 baseline,Active,,00-0038930,False,Active,False,,2026-09-15T15:01:49+00:00,Sleeper,,
Julius Wood,MIA,SS,DB,64.0,65.69,,0.0,0.0,65.69,baseline,Madden 27 baseline,Active,,00-0039532,True,Active,False,,2026-09-15T15:01:49+00:00,Sleeper,,SS
Louis Moore,MIA,FS,DB,64.0,65.45,,0.0,0.0,65.45,baseline,Madden 27 baseline,CUT,,00-0041160,False,,False,,,,,
Kevin Cline,MIA,RT,OL,63.0,65.27,,0.0,0.0,65.27,baseline,Madden 27 baseline,CUT,,00-0041137,False,,False,,,,,
Storm Duck,MIA,CB,DB,63.0,65.08,,0.0,0.0,65.08,baseline,Madden 27 baseline,Active,PUP,00-0039481,False,Out,True,,2026-09-15T15:01:49+00:00,Sleeper,,RCB
Jackson Woodard,MIA,LB,LB,63.0,64.89,,0.0,0.0,64.89,baseline,Madden 27 baseline,Active,,00-0040066,False,Active,False,,2026-09-15T15:01:49+00:00,Sleeper,,MLB
Major Burns,MIA,SS,DB,63.0,64.7,,0.0,0.0,64.7,baseline,Madden 27 baseline,Active,,00-0040268,False,Active,False,,2026-09-15T15:01:49+00:00,Sleeper,,
Andrew Meyer,MIA,C,OL,62.0,64.62,,0.0,0.0,64.62,baseline,Madden 27 baseline,Active,,00-0039485,False,Active,False,,2026-09-15T15:01:49+00:00,Sleeper,,C
Robert Beal Jr,MIA,EDGE,DL,63.0,64.44,,0.0,0.0,64.44,baseline,Madden 27 baseline,,,00-0038603,False,,False,,,,,RDE
Seydou Traore,MIA,TE,TE,63.0,64.25,,0.0,0.0,64.25,baseline,Madden 27 baseline,Active,,00-0041579,False,Active,False,,2026-09-15T15:01:49+00:00,Sleeper,,TE
Mark Gronowski,MIA,QB,QB,61.0,64.0,,0.0,0.0,64.0,baseline,Madden 27 baseline,,,,False,,False,,,,,
Ben Sims,MIA,TE,TE,62.0,63.36,,0.0,0.0,63.36,baseline,Madden 27 baseline,CUT,,00-0038809,False,,False,,,,,
Josh Priebe,MIA,LG,OL,61.0,63.18,,0.0,0.0,63.18,baseline,Madden 27 baseline,CUT,,00-0040307,False,,False,,,,,
Jim Bonifas,MIA,C,OL,60.0,63.0,,0.0,0.0,63.0,baseline,Madden 27 baseline,,,,False,,False,,,,,
Cam Miller,MIA,QB,QB,60.0,63.0,,0.0,0.0,63.0,baseline,Madden 27 baseline,CUT,,00-0040222,False,,False,,,,,
Tucker Addington,MIA,LS,ST,56.0,53.0,,0.0,0.0,53.0,baseline,Madden 27 baseline,Active,Questionable,00-0037686,False,Questionable,False,,2026-09-15T15:01:49+00:00,Sleeper,,LS
Justin Jefferson,MIN,WR,WR,94.0,94.01,91.03973509933775,0.048,0.0,93.87,baseline,Madden 27 + nflverse performance,Active,,00-0036322,False,Active,False,,2026-09-15T15:01:49+00:00,Sleeper,,WR
Christian Darrisaw,MIN,LT,OL,90.0,89.91,,0.0,0.0,89.91,baseline,Madden 27 baseline,Active,,00-0036616,False,Active,False,,2026-09-15T15:01:49+00:00,Sleeper,,LT
Brian O'Neill,MIN,RT,OL,87.0,87.41,,0.0,0.0,87.41,baseline,Madden 27 baseline,Active,,00-0034158,False,Active,False,,2026-09-15T15:01:49+00:00,Sleeper,,RT
Harrison Smith,MIN,FS,DB,86.0,86.58,,0.0,0.0,86.58,baseline,Prior-year Madden -2 baseline,Active,,00-0029606,False,Active,False,,2026-09-15T15:01:49+00:00,Sleeper,,FS
Will Reichard,MIN,K,ST,82.0,85.0,,0.0,0.0,85.0,baseline,Madden 27 baseline,Active,,00-0039404,False,Active,False,,2026-09-15T15:01:49+00:00,Sleeper,,PK
Jordan Addison,MIN,WR,WR,84.0,84.7,59.36423841059603,0.010666666666666668,0.0,84.43,baseline,Madden 27 + nflverse performance,Active,,00-0038994,False,Active,False,,2026-09-15T15:01:49+00:00,Sleeper,,WR
Byron Murphy Jr,MIN,CB,DB,84.0,84.36,,0.0,0.0,84.36,baseline,Madden 27 baseline,Active,,00-0035236,False,Active,False,,2026-09-15T15:01:49+00:00,Sleeper,,SCB
Andrew Van Ginkel,MIN,EDGE,DL,83.0,82.16,,0.0,0.0,82.16,baseline,Madden 27 baseline,Active,,00-0035272,False,Active,False,,2026-09-15T15:01:49+00:00,Sleeper,,WLB
Jordan Mason,MIN,HB,RB,81.0,81.88,78.17391304347825,0.048,0.0,81.7,baseline,Madden 27 + nflverse performance,Active,Questionable,00-0037525,False,Questionable,False,,2026-09-15T15:01:49+00:00,Sleeper,,RB
Jauan Jennings,MIN,WR,WR,81.0,81.61,58.082781456953654,0.005333333333333334,0.0,81.48,baseline,Madden 27 + nflverse performance,Active,,00-0036259,False,Active,False,,2026-09-15T15:01:49+00:00,Sleeper,,WR
Aaron Jones Sr,MIN,HB,RB,80.0,81.58,74.70108695652173,0.038400000000000004,0.0,81.32,baseline,Madden 27 + nflverse performance,Active,,00-0033293,False,Active,False,,2026-09-15T15:01:49+00:00,Sleeper,,RB
T.J. Hockenson,MIN,TE,TE,83.0,81.14,86.07499999999999,0.03333333333333333,0.0,81.3,baseline,Madden 27 + nflverse performance,Active,,00-0035229,False,Active,False,,2026-09-15T15:01:49+00:00,Sleeper,,TE
Isaiah Rodgers Sr,MIN,CB,DB,81.0,80.97,,0.0,0.0,80.97,baseline,Madden 27 baseline,Active,,00-0036222,False,Active,False,,2026-09-15T15:01:49+00:00,Sleeper,,
Blake Cashman,MIN,LB,LB,81.0,80.94,,0.0,0.0,80.94,baseline,Madden 27 baseline,Active,,00-0035276,False,Active,False,,2026-09-15T15:01:49+00:00,Sleeper,,RILB
Josh Metellus,MIN,SS,DB,82.0,80.45,,0.0,0.0,80.45,baseline,Madden 27 baseline,ACT,,00-0036348,False,,False,,,,Joshua Metellus,SS
Johnny Hekker,MIN,P,ST,77.0,80.0,,0.0,0.0,80.0,baseline,Madden 27 baseline,,,,False,,False,,,,,
Jalen Redmond,MIN,DT,DL,79.0,79.52,,0.0,0.0,79.52,baseline,Madden 27 baseline,Active,,00-0038778,False,Active,False,,2026-09-15T15:01:49+00:00,Sleeper,,RDE
Will Fries,MIN,RG,OL,78.0,78.88,,0.0,0.0,78.88,baseline,Madden 27 baseline,Active,,00-0036483,False,Active,False,,2026-09-15T15:01:49+00:00,Sleeper,,RG
James Pierre,MIN,CB,DB,77.0,77.9,,0.0,0.0,77.9,baseline,Madden 27 baseline,Active,,00-0035795,False,Active,False,,2026-09-15T15:01:49+00:00,Sleeper,,RCB
Eric Wilson,MIN,LB,LB,77.0,77.28,,0.0,0.0,77.28,baseline,Madden 27 baseline,Active,,00-0033336,False,Active,False,,2026-09-15T15:01:49+00:00,Sleeper,,LILB
Dallas Turner,MIN,EDGE,DL,77.0,77.21,,0.0,0.0,77.21,baseline,Madden 27 baseline,Active,,00-0039924,False,Active,False,,2026-09-15T15:01:49+00:00,Sleeper,,SLB
Andrew DePaola,MIN,LS,ST,80.0,77.0,,0.0,0.0,77.0,baseline,Madden 27 baseline,Active,,00-0029714,False,Active,False,,2026-09-15T15:01:49+00:00,Sleeper,,LS
Kyler Murray,MIN,QB,QB,75.0,76.83,56.9864864864865,0.008,0.0,76.67,baseline,Madden 27 + nflverse performance,Active,Out,00-0035228,False,Out,True,,2026-09-15T15:01:49+00:00,Sleeper,,QB
Caleb Banks,MIN,DT,DL,76.0,76.65,,0.0,0.0,76.65,baseline,Madden 27 baseline,Active,,00-0041033,False,Active,False,,2026-09-15T15:01:49+00:00,Sleeper,,NT
Ivan Pace Jr,MIN,LB,LB,76.0,76.59,,0.0,0.0,76.59,baseline,Madden 27 baseline,Active,,00-0038807,False,Active,False,,2026-09-15T15:01:49+00:00,Sleeper,,RILB
Donovan Jackson,MIN,LG,OL,75.0,76.04,,0.0,0.0,76.04,baseline,Madden 27 baseline,Active,,00-0040661,False,Active,False,,2026-09-15T15:01:49+00:00,Sleeper,,LG
Jake Golday,MIN,LB,LB,74.0,74.61,,0.0,0.0,74.61,baseline,Madden 27 baseline,Active,,00-0041495,False,Active,False,,2026-09-15T15:01:49+00:00,Sleeper,,LILB
Domonique Orange,MIN,DT,DL,73.0,73.91,,0.0,0.0,73.91,baseline,Madden 27 baseline,Active,,00-0041046,False,Active,False,,2026-09-15T15:01:49+00:00,Sleeper,,NT
Jakobe Thomas,MIN,SS,DB,73.0,73.87,,0.0,0.0,73.87,baseline,Madden 27 baseline,Active,Out,00-0041054,False,Out,True,,2026-09-15T15:01:49+00:00,Sleeper,,SS
Caleb Tiernan,MIN,LT,OL,72.0,73.87,,0.0,0.0,73.87,baseline,Madden 27 baseline,Active,Out,00-0041053,False,Out,True,,2026-09-15T15:01:49+00:00,Sleeper,,RT
J.J. McCarthy,MIN,QB,QB,71.0,73.67,,0.0,0.0,73.67,baseline,Madden 27 baseline,Active,Out,00-0039923,False,Out,True,,2026-09-15T15:01:49+00:00,Sleeper,,QB
Josh Oliver,MIN,TE,TE,73.0,73.09,74.74999999999999,0.02666666666666667,0.0,73.13,baseline,Madden 27 + nflverse performance,Active,,00-0035249,False,Active,False,,2026-09-15T15:01:49+00:00,Sleeper,,TE
Tai Felton,MIN,WR,WR,71.0,73.08,,0.0,0.0,73.08,baseline,Madden 27 baseline,Active,,00-0040154,False,Active,False,,2026-09-15T15:01:49+00:00,Sleeper,,KR|PR|WR
Jamal Adams,MIN,LB,LB,72.0,73.07,,0.0,0.0,73.07,baseline,Madden 27 baseline,Inactive,IR,00-0033872,False,Out,True,,2026-09-15T15:01:49+00:00,Sleeper,,RILB
Demond Claiborne,MIN,HB,RB,70.0,73.0,,0.0,0.0,73.0,baseline,Madden 27 baseline,Active,Out,00-0041104,False,Out,True,,2026-09-15T15:01:49+00:00,Sleeper,,KR|RB
Zavier Scott,MIN,HB,RB,70.0,73.0,,0.0,0.0,73.0,baseline,Madden 27 baseline,,,,False,,False,,,,,
Blake Brandel,MIN,C,OL,71.0,72.79,,0.0,0.0,72.79,baseline,Madden 27 baseline,Active,,00-0036347,False,Active,False,,2026-09-15T15:01:49+00:00,Sleeper,,C
Jay Ward,MIN,FS,DB,71.0,72.4,,0.0,0.0,72.4,baseline,Madden 27 baseline,Active,,00-0038578,False,Active,False,,2026-09-15T15:01:49+00:00,Sleeper,,SS
Brett Thorson,MIN,P,ST,71.0,71.0,,0.0,0.0,71.0,baseline,Replacement-level estimate baseline,Active,,00-0041581,False,Active,False,,2026-09-15T15:01:49+00:00,Sleeper,,P
Carson Wentz,MIN,QB,QB,68.0,71.0,67.48648648648648,0.0304,0.0,70.89,baseline,Madden 27 + nflverse performance,Active,,00-0032950,False,Active,False,,2026-09-15T15:01:49+00:00,Sleeper,,QB
Theo Jackson,MIN,FS,DB,70.0,70.83,,0.0,0.0,70.83,baseline,Madden 27 baseline,Active,,00-0037301,False,Active,False,,2026-09-15T15:01:49+00:00,Sleeper,,FS
Tavierre Thomas,MIN,FS,DB,69.0,70.78,,0.0,0.0,70.78,baseline,Madden 27 baseline,Active,,00-0034488,False,Active,False,,2026-09-15T15:01:49+00:00,Sleeper,,
Max Bredeson,MIN,FB,RB,71.0,70.73,,0.0,0.0,70.73,baseline,Madden 27 baseline,Active,,00-0041081,False,Active,False,,2026-09-15T15:01:49+00:00,Sleeper,,FB
Dillon Bell,MIN,WR,WR,68.0,70.61,,0.0,0.0,70.61,baseline,Madden 27 baseline,Active,,00-0041342,False,Active,False,,2026-09-15T15:01:49+00:00,Sleeper,,
Levi Drake Rodriguez,MIN,DT,DL,69.0,70.46,,0.0,0.0,70.46,baseline,Madden 27 baseline,Active,,00-0039421,False,Active,False,,2026-09-15T15:01:49+00:00,Sleeper,,LDE
Charles Demmings,MIN,CB,DB,69.0,70.09,,0.0,0.0,70.09,baseline,Madden 27 baseline,Active,,00-0041083,False,Active,False,,2026-09-15T15:01:49+00:00,Sleeper,,LCB
Bo Richter,MIN,EDGE,DL,69.0,69.33,,0.0,0.0,69.33,baseline,Madden 27 baseline,Active,,00-0039718,False,Active,False,,2026-09-15T15:01:49+00:00,Sleeper,,WLB
Tyrion Ingram-Dawkins,MIN,EDGE,DL,67.0,68.77,,0.0,0.0,68.77,baseline,Madden 27 baseline,Active,,00-0040173,False,Active,False,,2026-09-15T15:01:49+00:00,Sleeper,,RDE
Myles Price,MIN,WR,WR,66.0,68.59,56.473509933774835,0.0,0.0,68.59,baseline,Madden 27 baseline,Active,,00-0040506,False,Active,False,,2026-09-15T15:01:49+00:00,Sleeper,,KR|PR|WR
Tyreek Chappell,MIN,CB,DB,67.93,67.93,,0.0,0.0,67.93,baseline,Replacement-level estimate baseline,Inactive,IR,00-0041344,False,Out,True,,2026-09-15T15:01:49+00:00,Sleeper,,SCB
Trevor Keegan,MIN,LG,OL,66.0,67.89,,0.0,0.0,67.89,baseline,Madden 27 baseline,Active,,00-0039310,True,Active,False,,2026-09-15T15:01:49+00:00,Sleeper,,RG
Dwight McGlothern,MIN,CB,DB,66.0,67.85,,0.0,0.0,67.85,baseline,Madden 27 baseline,CUT,,00-0039714,False,,False,,,,,
Isaiahh Loudermilk,MIN,DT,DL,65.0,66.93,,0.0,0.0,66.93,baseline,Madden 27 baseline,,,,False,,False,,,,,
Zemaiah Vaughn,MIN,CB,DB,65.0,66.82,,0.0,0.0,66.82,baseline,Madden 27 baseline,Active,Out,00-0040507,False,Out,True,,2026-09-15T15:01:49+00:00,Sleeper,,RCB
Eric Johnson II,MIN,DT,DL,65.0,66.62,,0.0,0.0,66.62,baseline,Madden 27 baseline,,,,False,,False,,,,,
Taki Taimani,MIN,DT,DL,65.0,66.34,,0.0,0.0,66.34,baseline,Madden 27 baseline,Inactive,IR,00-0039720,False,Out,True,,2026-09-15T15:01:49+00:00,Sleeper,,NT
Chaz Chambliss,MIN,EDGE,DL,65.0,66.09,,0.0,0.0,66.09,baseline,Madden 27 baseline,Active,,00-0040496,False,Active,False,,2026-09-15T15:01:49+00:00,Sleeper,,SLB
Ryan Van Demark,MIN,RT,OL,64.0,65.98,,0.0,0.0,65.98,baseline,Madden 27 baseline,Active,,00-0037404,False,Active,False,,2026-09-15T15:01:49+00:00,Sleeper,,LT
Tyler Batty,MIN,EDGE,DL,63.0,65.31,,0.0,0.0,65.31,baseline,Madden 27 baseline,Inactive,IR,00-0040492,False,Out,True,,2026-09-15T15:01:49+00:00,Sleeper,,SLB
Gavin Bartholomew,MIN,TE,TE,64.0,65.09,,0.0,0.0,65.09,baseline,Madden 27 baseline,Active,,00-0040215,False,Active,False,,2026-09-15T15:01:49+00:00,Sleeper,,TE
Smith Vilbert,MIN,DT,DL,63.0,64.89,,0.0,0.0,64.89,baseline,Madden 27 baseline,CUT,,00-0041432,False,,False,,,,,
Gavin Gerhardt,MIN,C,OL,62.0,64.87,,0.0,0.0,64.87,baseline,Madden 27 baseline,,,,False,,False,,,,,
Jacob Thomas,MIN,SS,DB,63.0,64.76,,0.0,0.0,64.76,baseline,Madden 27 baseline,Active,,00-0041354,False,Active,False,,2026-09-15T15:01:49+00:00,Sleeper,,FS
Michael Jurgens,MIN,C,OL,62.0,64.75,,0.0,0.0,64.75,baseline,Madden 27 baseline,Inactive,IR,00-0039419,False,Out,True,,2026-09-15T15:01:49+00:00,Sleeper,,C
Delby Lemieux,MIN,RG,OL,62.0,64.5,,0.0,0.0,64.5,baseline,Madden 27 baseline,CUT,,00-0041349,False,,False,,,,,
Nick Samac,MIN,C,OL,62.0,64.5,,0.0,0.0,64.5,baseline,Madden 27 baseline,Active,Out,00-0039237,True,Out,True,,2026-09-15T15:01:49+00:00,Sleeper,,C
Marcus Allen,MIN,CB,DB,62.0,64.44,,0.0,0.0,64.44,baseline,Madden 27 baseline,Inactive,,00-0041340,False,Active,False,,2026-09-15T15:01:49+00:00,Sleeper,,
Tomas Rimac,MIN,RG,OL,62.0,64.35,,0.0,0.0,64.35,baseline,Madden 27 baseline,CUT,,00-0041351,False,,False,,,,,
Elijah Williams,MIN,DT,DL,62.0,64.1,,0.0,0.0,64.1,baseline,Madden 27 baseline,Active,Out,00-0040624,False,Out,True,,2026-09-15T15:01:49+00:00,Sleeper,,LDE
Vershon Lee,MIN,LG,OL,62.0,64.02,,0.0,0.0,64.02,baseline,Madden 27 baseline,,,,False,,False,,,,,
Joe Huber,MIN,RG,OL,62.0,64.0,,0.0,0.0,64.0,baseline,Madden 27 baseline,Active,,00-0040500,False,Active,False,,2026-09-15T15:01:49+00:00,Sleeper,,LG
Jordan Mims,MIN,HB,RB,61.0,64.0,,0.0,0.0,64.0,baseline,Madden 27 baseline,,,,False,,False,,,,,
Kahlef Hailassie,MIN,SS,DB,61.0,63.99,,0.0,0.0,63.99,baseline,Madden 27 baseline,,,,False,,False,,,,,
Benjamin Yurosek,MIN,TE,TE,62.0,63.5,,0.0,0.0,63.5,baseline,Madden 27 baseline,,,00-0040509,False,,False,,,,Ben Yurosek,TE
Bangally Kamara,MIN,LB,LB,61.0,63.02,,0.0,0.0,63.02,baseline,Madden 27 baseline,Active,,00-0041431,False,Active,False,,2026-09-15T15:01:49+00:00,Sleeper,,
Max Brosmer,MIN,QB,QB,59.0,62.0,,0.0,0.0,62.0,baseline,Madden 27 baseline,Active,,00-0040494,False,Active,False,,2026-09-15T15:01:49+00:00,Sleeper,,
Josh Ross,MIN,LB,LB,57.0,59.96,,0.0,0.0,59.96,baseline,Madden 27 baseline,CUT,,00-0037184,False,,False,,,,,
Christian Gonzalez,NE,CB,DB,98.0,96.51,,0.0,0.0,96.51,baseline,Madden 27 baseline,Active,,00-0039147,False,Active,False,,2026-09-15T15:01:49+00:00,Sleeper,,RCB
Drake Maye,NE,QB,QB,92.0,91.79,66.01351351351353,0.05280000000000001,0.0,90.43,baseline,Madden 27 + nflverse performance,Active,,00-0039851,False,Active,False,,2026-09-15T15:01:49+00:00,Sleeper,,QB
A.J. Brown,NE,WR,WR,89.0,89.02,72.37086092715232,0.021333333333333336,0.0,88.66,baseline,Madden 27 + nflverse performance,Inactive,IR,00-0035676,False,Out,True,,2026-09-15T15:01:49+00:00,Sleeper,,WR
Mike Onwenu,NE,RG,OL,86.0,86.33,,0.0,0.0,86.33,baseline,Madden 27 baseline,Active,,00-0036198,False,Active,False,,2026-09-15T15:01:49+00:00,Sleeper,,RG
Carlton Davis III,NE,CB,DB,85.0,85.5,,0.0,0.0,85.5,baseline,Madden 27 baseline,Active,,00-0034778,False,Active,False,,2026-09-15T15:01:49+00:00,Sleeper,,LCB
Milton Williams,NE,DT,DL,86.0,85.21,,0.0,0.0,85.21,baseline,Madden 27 baseline,Active,,00-0036916,False,Active,False,,2026-09-15T15:01:49+00:00,Sleeper,,RDE
Robert Spillane,NE,LB,LB,85.0,84.89,,0.0,0.0,84.89,baseline,Madden 27 baseline,Active,,00-0034720,False,Active,False,,2026-09-15T15:01:49+00:00,Sleeper,,RILB
Kevin Byard III,NE,FS,DB,86.0,84.56,,0.0,0.0,84.56,baseline,Madden 27 baseline,Active,,00-0033132,False,Active,False,,2026-09-15T15:01:49+00:00,Sleeper,,FS
Hunter Henry,NE,TE,TE,86.0,84.08,76.26875,0.020000000000000004,0.0,83.92,baseline,Madden 27 + nflverse performance,Active,,00-0033090,False,Active,False,,2026-09-15T15:01:49+00:00,Sleeper,,TE
Alijah Vera-Tucker,NE,LG,OL,83.0,83.41,,0.0,0.0,83.41,baseline,Madden 27 baseline,Active,,00-0036979,False,Active,False,,2026-09-15T15:01:49+00:00,Sleeper,,LG
TreVeyon Henderson,NE,HB,RB,82.0,83.01,,0.0,0.0,83.01,baseline,Madden 27 baseline,Active,Out,00-0040734,False,Out,True,,2026-09-15T15:01:49+00:00,Sleeper,,RB
Morgan Moses,NE,RT,OL,82.0,82.9,,0.0,0.0,82.9,baseline,Madden 27 baseline,Active,,00-0031330,False,Active,False,,2026-09-15T15:01:49+00:00,Sleeper,,RT
Marcus Jones,NE,CB,DB,82.0,82.31,,0.0,0.0,82.31,baseline,Madden 27 baseline,Active,,00-0037253,False,Active,False,,2026-09-15T15:01:49+00:00,Sleeper,,PR|SCB
Craig Woodson,NE,SS,DB,83.0,82.25,,0.0,0.0,82.25,baseline,Madden 27 baseline,Active,,00-0040716,False,Active,False,,2026-09-15T15:01:49+00:00,Sleeper,,SS
Will Campbell,NE,LT,OL,81.0,81.79,,0.0,0.0,81.79,baseline,Madden 27 baseline,Active,,00-0040699,False,Active,False,,2026-09-15T15:01:49+00:00,Sleeper,,LT
DaQuan Jones,NE,DE,DL,79.0,81.7,,0.0,0.0,81.7,baseline,Prior-year Madden -2 baseline,Active,,00-0031054,False,Active,False,,2026-09-15T15:01:49+00:00,Sleeper,,RDE
Harold Landry III,NE,EDGE,DL,82.0,81.45,,0.0,0.0,81.45,baseline,Madden 27 baseline,Active,PUP,00-0034828,False,Out,True,,2026-09-15T15:01:49+00:00,Sleeper,,WLB
Bryce Baringer,NE,P,ST,78.0,81.0,,0.0,0.0,81.0,baseline,Madden 27 baseline,Inactive,IR,00-0038610,False,Out,True,,2026-09-15T15:01:49+00:00,Sleeper,,H|P
Reggie Gilliam,NE,FB,RB,83.0,80.84,,0.0,0.0,80.84,baseline,Madden 27 baseline,Active,,00-0036187,False,Active,False,,2026-09-15T15:01:49+00:00,Sleeper,,FB
Rhamondre Stevenson,NE,HB,RB,79.0,80.57,80.9782608695652,0.0576,0.0,80.59,baseline,Madden 27 + nflverse performance,Active,,00-0036875,False,Active,False,,2026-09-15T15:01:49+00:00,Sleeper,,RB
Romeo Doubs,NE,WR,WR,79.0,80.23,60.25827814569537,0.016,0.0,79.91,baseline,Madden 27 + nflverse performance,Active,,00-0037816,False,Active,False,,2026-09-15T15:01:49+00:00,Sleeper,,WR
Christian Barmore,NE,DT,DL,79.0,79.71,,0.0,0.0,79.71,baseline,Madden 27 baseline,Active,,00-0036981,False,Active,False,,2026-09-15T15:01:49+00:00,Sleeper,,LDE
DeMario Douglas,NE,WR,WR,77.0,78.32,74.57615894039735,0.037333333333333336,0.0,78.18,baseline,Madden 27 + nflverse performance,Active,,00-0038621,False,Active,False,,2026-09-15T15:01:49+00:00,Sleeper,,PR|WR
Mack Hollins,NE,WR,WR,76.0,77.98,77.52980132450331,0.02666666666666667,0.0,77.97,baseline,Madden 27 + nflverse performance,Active,,00-0033555,False,Active,False,,2026-09-15T15:01:49+00:00,Sleeper,,WR
Dre'Mont Jones,NE,EDGE,DL,77.0,77.34,,0.0,0.0,77.34,baseline,Madden 27 baseline,Active,,00-0035678,False,Active,False,,2026-09-15T15:01:49+00:00,Sleeper,,SLB
Andres Borregales,NE,K,ST,74.0,77.0,,0.0,0.0,77.0,baseline,Madden 27 baseline,,,00-0040200,False,,False,,,,Andy Borregales,PK
Gabe Jacas,NE,EDGE,DL,76.0,76.56,,0.0,0.0,76.56,baseline,Madden 27 baseline,Active,,00-0041569,False,Active,False,,2026-09-15T15:01:49+00:00,Sleeper,,SLB
Greg Van Roten,NE,LG,OL,73.0,76.0,,0.0,0.0,76.0,baseline,Prior-year Madden -2 baseline,Active,,00-0029685,False,Active,False,,2026-09-15T15:01:49+00:00,Sleeper,,LG
Caleb Lomu,NE,LT,OL,75.0,75.84,,0.0,0.0,75.84,baseline,Madden 27 baseline,Active,,00-0041541,False,Active,False,,2026-09-15T15:01:49+00:00,Sleeper,,RT
Kyle Williams,NE,WR,WR,73.0,74.99,56.473509933774835,0.0,0.0,74.99,baseline,Madden 27 baseline,Active,,00-0040131,False,Active,False,,2026-09-15T15:01:49+00:00,Sleeper,,KR|WR
Christian Elliss,NE,LB,LB,73.0,73.63,,0.0,0.0,73.63,baseline,Madden 27 baseline,Active,,00-0036813,False,Active,False,,2026-09-15T15:01:49+00:00,Sleeper,,LILB
Kindle Vildor,NE,CB,DB,71.0,72.67,,0.0,0.0,72.67,baseline,Madden 27 baseline,Active,,00-0036307,False,Active,False,,2026-09-15T15:01:49+00:00,Sleeper,,
Jack Westover,NE,FB,RB,72.0,72.18,,0.0,0.0,72.18,baseline,Madden 27 baseline,,,,False,,False,,,,,
K.J. Britt,NE,LB,LB,71.0,72.17,,0.0,0.0,72.17,baseline,Madden 27 baseline,Active,,00-0036643,False,Active,False,,2026-09-15T15:01:49+00:00,Sleeper,,
Joshua Farmer,NE,DT,DL,71.0,71.72,,0.0,0.0,71.72,baseline,Madden 27 baseline,Active,,00-0040171,False,Active,False,,2026-09-15T15:01:49+00:00,Sleeper,,RDE
Jared Wilson,NE,C,OL,70.0,71.7,,0.0,0.0,71.7,baseline,Madden 27 baseline,Active,,00-0040147,False,Active,False,,2026-09-15T15:01:49+00:00,Sleeper,,C
Darius Muasau,NE,LB,LB,70.0,71.39,,0.0,0.0,71.39,baseline,Madden 27 baseline,Active,,00-0039829,True,Active,False,,2026-09-15T15:01:49+00:00,Sleeper,,LILB
Jam Miller,NE,HB,RB,68.0,71.0,,0.0,0.0,71.0,baseline,Madden 27 baseline,CUT,,00-0041129,False,,False,,,,,
Myles Montgomery,NE,HB,RB,71.0,71.0,,0.0,0.0,71.0,baseline,Replacement-level estimate baseline,Inactive,IR,00-0041323,False,Out,True,,2026-09-15T15:01:49+00:00,Sleeper,,RB
Corey Kiner,NE,HB,RB,71.0,71.0,63.31521739130435,0.019200000000000002,0.0,70.85,baseline,Replacement-level estimate + nflverse performance,Active,,00-0040556,False,Active,False,,2026-09-15T15:01:49+00:00,Sleeper,,RB
Efton Chism III,NE,WR,WR,68.0,70.47,,0.0,0.0,70.47,baseline,Madden 27 baseline,Active,Out,00-0040563,False,Out,True,,2026-09-15T15:01:49+00:00,Sleeper,,KR|WR
Bradyn Swinson,NE,EDGE,DL,69.0,70.35,,0.0,0.0,70.35,baseline,Madden 27 baseline,,,,False,,False,,,,,
Chad Muma,NE,LB,LB,69.0,70.2,,0.0,0.0,70.2,baseline,Madden 27 baseline,,,,False,,False,,,,,
Cory Durden,NE,DT,DL,68.0,70.17,,0.0,0.0,70.17,baseline,Madden 27 baseline,Active,,00-0038653,False,Active,False,,2026-09-15T15:01:49+00:00,Sleeper,,NT
Dell Pettus,NE,SS,DB,69.0,70.05,,0.0,0.0,70.05,baseline,Madden 27 baseline,Active,,00-0039692,False,Active,False,,2026-09-15T15:01:49+00:00,Sleeper,,SS
Jeremiah Pharms Jr,NE,DT,DL,69.0,69.96,,0.0,0.0,69.96,baseline,Madden 27 baseline,Active,,00-0037711,False,Active,False,,2026-09-15T15:01:49+00:00,Sleeper,,
Karon Prunty,NE,CB,DB,68.0,69.6,,0.0,0.0,69.6,baseline,Madden 27 baseline,Active,Out,00-0041088,False,Out,True,,2026-09-15T15:01:49+00:00,Sleeper,,RCB
Jesse Luketa,NE,EDGE,DL,68.0,69.56,,0.0,0.0,69.56,baseline,Madden 27 baseline,,,,False,,False,,,,,
Jaylen Reed,NE,FS,DB,68.0,69.28,,0.0,0.0,69.28,baseline,Madden 27 baseline,Active,,00-0040204,True,Active,False,,2026-09-15T15:01:49+00:00,Sleeper,,FS
Elijah Ponder,NE,EDGE,DL,68.0,68.96,,0.0,0.0,68.96,baseline,Madden 27 baseline,Active,,00-0040574,False,Active,False,,2026-09-15T15:01:49+00:00,Sleeper,,WLB
Dametrious Crownover,NE,RT,OL,67.0,68.85,,0.0,0.0,68.85,baseline,Madden 27 baseline,Active,,00-0041103,False,Active,False,,2026-09-15T15:01:49+00:00,Sleeper,,LT
Quintayvious Hutchins,NE,EDGE,DL,67.0,68.42,,0.0,0.0,68.42,baseline,Madden 27 baseline,Active,,00-0041402,False,Active,False,,2026-09-15T15:01:49+00:00,Sleeper,,WLB
Namdi Obiazor,NE,LB,LB,67.0,68.06,,0.0,0.0,68.06,baseline,Madden 27 baseline,Active,,00-0041109,False,Active,False,,2026-09-15T15:01:49+00:00,Sleeper,,LILB
Nick DeGennaro,NE,WR,WR,65.0,68.0,,0.0,0.0,68.0,baseline,Madden 27 baseline,CUT,,00-0041317,False,,False,,,,,
Terrell Jennings,NE,HB,RB,65.0,68.0,,0.0,0.0,68.0,baseline,Madden 27 baseline,,,,False,,False,,,,,
Channing Canada,NE,CB,DB,67.93,67.93,,0.0,0.0,67.93,baseline,Replacement-level estimate baseline,Active,,00-0041316,False,Active,False,,2026-09-15T15:01:49+00:00,Sleeper,,LCB
Leonard Taylor III,NE,DT,DL,65.0,67.67,,0.0,0.0,67.67,baseline,Madden 27 baseline,Active,,00-0039289,False,Active,False,,2026-09-15T15:01:49+00:00,Sleeper,,LDE
Charles Woods,NE,CB,DB,65.0,67.55,,0.0,0.0,67.55,baseline,Madden 27 baseline,Active,,00-0039770,False,Active,False,,2026-09-15T15:01:49+00:00,Sleeper,,SCB
David Blay Jr.,NE,DT,DL,66.0,67.39,,0.0,0.0,67.39,baseline,Madden 27 baseline,,,,False,,False,,,,,
Ben Brown,NE,C,OL,65.0,67.24,,0.0,0.0,67.24,baseline,Madden 27 baseline,Active,Out,00-0037413,False,Out,True,,2026-09-15T15:01:49+00:00,Sleeper,,C|RG
Brenden Schooler,NE,SS,DB,66.0,67.14,,0.0,0.0,67.14,baseline,Madden 27 baseline,Active,PUP,00-0037205,False,Out,True,,2026-09-15T15:01:49+00:00,Sleeper,,FS
Kobee Minor,NE,CB,DB,65.0,67.07,,0.0,0.0,67.07,baseline,Madden 27 baseline,CUT,,00-0040252,False,,False,,,,,
Andrew Rupcich,NE,LG,OL,64.0,66.05,,0.0,0.0,66.05,baseline,Madden 27 baseline,,,,False,,False,,,,,
Marcus Bryant,NE,LT,OL,64.0,65.94,,0.0,0.0,65.94,baseline,Madden 27 baseline,Inactive,IR,00-0040226,False,Out,True,,2026-09-15T15:01:49+00:00,Sleeper,,RT
Eric Gregory,NE,DT,DL,64.0,65.94,,0.0,0.0,65.94,baseline,Madden 27 baseline,Active,,00-0040371,False,Active,False,,2026-09-15T15:01:49+00:00,Sleeper,,
Erick Hunter,NE,MLB,LB,65.85,65.85,,0.0,0.0,65.85,baseline,Replacement-level estimate baseline,Active,,00-0041455,False,Active,False,,2026-09-15T15:01:49+00:00,Sleeper,,RILB
John Saunders Jr,NE,FS,DB,64.0,65.74,,0.0,0.0,65.74,baseline,Madden 27 baseline,CUT,,00-0040310,False,,False,,,,,
Walter Rouse,NE,RT,OL,63.0,65.54,,0.0,0.0,65.54,baseline,Madden 27 baseline,Active,Out,00-0039828,True,Out,True,,2026-09-15T15:01:49+00:00,Sleeper,,RG
Casey Rogers,NE,DT,DL,64.0,65.53,,0.0,0.0,65.53,baseline,Madden 27 baseline,CUT,,00-0039510,False,,False,,,,,
Eli Raridon,NE,TE,TE,64.0,65.26,67.43124999999999,0.006666666666666667,0.0,65.27,baseline,Madden 27 + nflverse performance,Active,,00-0041395,False,Active,False,,2026-09-15T15:01:49+00:00,Sleeper,,TE
Jacob Rizy,NE,C,OL,62.0,64.82,,0.0,0.0,64.82,baseline,Madden 27 baseline,Active,,00-0041325,False,Active,False,,2026-09-15T15:01:49+00:00,Sleeper,,
Tanner Arkin,NE,TE,TE,64.79,64.79,,0.0,0.0,64.79,baseline,Replacement-level estimate baseline,Active,,00-0041314,False,Active,False,,2026-09-15T15:01:49+00:00,Sleeper,,TE
Mike Brown,NE,FS,DB,63.0,64.72,,0.0,0.0,64.72,baseline,Madden 27 baseline,Active,,00-0037493,False,Active,False,,2026-09-15T15:01:49+00:00,Sleeper,,
Julian Hill,NE,TE,TE,63.0,64.67,,0.0,0.0,64.67,baseline,Madden 27 baseline,Inactive,IR,00-0038720,False,Out,True,,2026-09-15T15:01:49+00:00,Sleeper,,TE
Tommy DeVito,NE,QB,QB,61.0,64.0,,0.0,0.0,64.0,baseline,Madden 27 baseline,Active,,00-0038476,False,Active,False,,2026-09-15T15:01:49+00:00,Sleeper,,QB
CJ Dippre,NE,TE,TE,62.0,63.89,,0.0,0.0,63.89,baseline,Madden 27 baseline,,,,False,,False,,,,,
Behren Morton,NE,QB,QB,60.0,63.0,,0.0,0.0,63.0,baseline,Madden 27 baseline,Active,Out,00-0041123,False,Out,True,,2026-09-15T15:01:49+00:00,Sleeper,,QB
Julian Ashby,NE,LS,ST,65.0,62.0,,0.0,0.0,62.0,baseline,Madden 27 baseline,Active,,00-0040246,False,Active,False,,2026-09-15T15:01:49+00:00,Sleeper,,LS
Amari Gainer,NE,LB,LB,59.0,61.75,,0.0,0.0,61.75,baseline,Madden 27 baseline,,,,False,,False,,,,,
Erik McCoy,NO,C,OL,87.0,87.42,,0.0,0.0,87.42,baseline,Madden 27 baseline,Active,,00-0035242,False,Active,False,,2026-09-15T15:01:49+00:00,Sleeper,,C
Chris Olave,NO,WR,WR,87.0,87.44,86.41390728476821,0.06933333333333334,0.0,87.37,baseline,Madden 27 + nflverse performance,Active,,00-0037239,False,Active,False,,2026-09-15T15:01:49+00:00,Sleeper,,WR
Travis Etienne Jr,NO,HB,RB,87.0,87.26,78.78804347826086,0.0288,0.0,87.02,baseline,Madden 27 + nflverse performance,Active,,00-0036973,False,Active,False,,2026-09-15T15:01:49+00:00,Sleeper,,RB
Justin Reid,NO,FS,DB,84.0,83.05,,0.0,0.0,83.05,baseline,Madden 27 baseline,Active,,00-0034361,False,Active,False,,2026-09-15T15:01:49+00:00,Sleeper,,SS
Kaden Elliss,NO,LB,LB,83.0,82.94,,0.0,0.0,82.94,baseline,Madden 27 baseline,Active,,00-0035316,False,Active,False,,2026-09-15T15:01:49+00:00,Sleeper,,LILB
Chase Young,NO,EDGE,DL,81.0,80.91,,0.0,0.0,80.91,baseline,Madden 27 baseline,Active,,00-0036321,False,Active,False,,2026-09-15T15:01:49+00:00,Sleeper,,SLB
Alvin Kamara,NO,HB,RB,79.0,80.66,,0.0,0.0,80.66,baseline,Madden 27 baseline,Active,Out,00-0033906,False,Out,True,,2026-09-15T15:01:49+00:00,Sleeper,,RB
David Edwards,NO,LG,OL,79.0,80.24,,0.0,0.0,80.24,baseline,Madden 27 baseline,Active,,00-0035668,False,Active,False,,2026-09-15T15:01:49+00:00,Sleeper,,LG
Charlie Smyth,NO,K,ST,77.0,80.0,,0.0,0.0,80.0,baseline,Madden 27 baseline,Active,,00-0039229,False,Active,False,,2026-09-15T15:01:49+00:00,Sleeper,,
Carl Granderson,NO,EDGE,DL,79.0,79.59,,0.0,0.0,79.59,baseline,Madden 27 baseline,Active,,00-0035402,False,Active,False,,2026-09-15T15:01:49+00:00,Sleeper,,WLB
Cameron Jordan,NO,EDGE,DL,79.0,79.32,,0.0,0.0,79.32,baseline,Madden 27 baseline,Active,Out,00-0027962,False,Out,True,,2026-09-15T15:01:49+00:00,Sleeper,,LDE
Tyler Shough,NO,QB,QB,77.0,79.0,77.91891891891892,0.08960000000000001,0.0,78.9,baseline,Madden 27 + nflverse performance,Active,,00-0040743,False,Active,False,,2026-09-15T15:01:49+00:00,Sleeper,,QB
Kelvin Banks Jr,NO,LT,OL,77.0,78.47,,0.0,0.0,78.47,baseline,Madden 27 baseline,Active,,00-0040125,False,Active,False,,2026-09-15T15:01:49+00:00,Sleeper,,LT
Kendre Miller,NO,HB,RB,76.0,78.18,72.21739130434783,0.0288,0.0,78.01,baseline,Madden 27 + nflverse performance,Active,,00-0038551,False,Active,False,,2026-09-15T15:01:49+00:00,Sleeper,,KR|RB
Ryan Wright,NO,P,ST,75.0,78.0,,0.0,0.0,78.0,baseline,Madden 27 baseline,Active,,00-0037500,False,Active,False,,2026-09-15T15:01:49+00:00,Sleeper,,H|P
Julian Blackmon,NO,SS,DB,78.0,77.92,,0.0,0.0,77.92,baseline,Madden 27 baseline,Active,,00-0036253,False,Active,False,,2026-09-15T15:01:49+00:00,Sleeper,,FS
Jordyn Tyson,NO,WR,WR,76.0,77.8,,0.0,0.0,77.8,baseline,Madden 27 baseline,Inactive,IR,00-0041029,False,Out,True,,2026-09-15T15:01:49+00:00,Sleeper,,WR
Juwan Johnson,NO,TE,TE,79.0,77.29,87.675,0.04666666666666667,0.0,77.77,baseline,Madden 27 + nflverse performance,Active,,00-0036040,False,Active,False,,2026-09-15T15:01:49+00:00,Sleeper,,TE
Davon Godchaux,NO,DT,DL,78.0,77.49,,0.0,0.0,77.49,baseline,Madden 27 baseline,Active,,00-0033860,False,Active,False,,2026-09-15T15:01:49+00:00,Sleeper,,NT
Taliese Fuaga,NO,RT,OL,77.0,77.34,,0.0,0.0,77.34,baseline,Madden 27 baseline,Active,,00-0039339,False,Active,False,,2026-09-15T15:01:49+00:00,Sleeper,,RT
Jonas Sanker,NO,SS,DB,77.0,77.24,,0.0,0.0,77.24,baseline,Madden 27 baseline,Active,,00-0040643,False,Active,False,,2026-09-15T15:01:49+00:00,Sleeper,,FS|SCB
Anfernee Jennings,NO,EDGE,DL,77.0,77.13,,0.0,0.0,77.13,baseline,Madden 27 baseline,Active,,00-0036193,False,Active,False,,2026-09-15T15:01:49+00:00,Sleeper,,WLB
Kool-Aid McKinstry,NO,CB,DB,76.0,76.92,,0.0,0.0,76.92,baseline,Madden 27 baseline,Active,,00-0039860,False,Active,False,,2026-09-15T15:01:49+00:00,Sleeper,,LCB
Cesar Ruiz,NO,RG,OL,76.0,76.91,,0.0,0.0,76.91,baseline,Madden 27 baseline,Active,,00-0036408,False,Active,False,,2026-09-15T15:01:49+00:00,Sleeper,,RG
Devaughn Vele,NO,WR,WR,74.0,75.88,88.60927152317882,0.048,0.0,76.49,baseline,Madden 27 + nflverse performance,Active,,00-0039424,False,Active,False,,2026-09-15T15:01:49+00:00,Sleeper,,WR
Martin Emerson Jr,NO,CB,DB,75.0,76.39,,0.0,0.0,76.39,baseline,Madden 27 baseline,Active,,00-0037250,False,Active,False,,2026-09-15T15:01:49+00:00,Sleeper,,RCB
Zach Wood,NO,LS,ST,79.0,76.0,,0.0,0.0,76.0,baseline,Madden 27 baseline,Active,,00-0033063,False,Active,False,,2026-09-15T15:01:49+00:00,Sleeper,,LS
Daniel Carlson,NO,K,ST,76.0,76.0,,0.0,0.0,76.0,baseline,Prior-year Madden -2 baseline,Active,,00-0034161,False,Active,False,,2026-09-15T15:01:49+00:00,Sleeper,,PK
Christen Miller,NO,DT,DL,75.0,75.77,,0.0,0.0,75.77,baseline,Madden 27 baseline,Active,,00-0041390,False,Active,False,,2026-09-15T15:01:49+00:00,Sleeper,,NT
Pete Werner,NO,LB,LB,75.0,75.67,,0.0,0.0,75.67,baseline,Madden 27 baseline,Active,,00-0036927,False,Active,False,,2026-09-15T15:01:49+00:00,Sleeper,,RILB
Bryan Bresee,NO,DT,DL,75.0,75.36,,0.0,0.0,75.36,baseline,Madden 27 baseline,Inactive,IR,00-0038995,False,Out,True,,2026-09-15T15:01:49+00:00,Sleeper,,RDE
Ty Chandler,NO,HB,RB,72.0,75.0,,0.0,0.0,75.0,baseline,Madden 27 baseline,Inactive,IR,00-0037276,False,Out,True,,2026-09-15T15:01:49+00:00,Sleeper,,KR|RB
Devin Neal,NO,HB,RB,72.0,74.99,,0.0,0.0,74.99,baseline,Madden 27 baseline,RES,,00-0040202,False,,False,,,,,
Nathan Shepherd,NO,DT,DL,74.0,74.89,,0.0,0.0,74.89,baseline,Madden 27 baseline,Active,,00-0034760,False,Active,False,,2026-09-15T15:01:49+00:00,Sleeper,,NT
Quincy Riley,NO,CB,DB,73.0,74.62,,0.0,0.0,74.62,baseline,Madden 27 baseline,Active,,00-0040166,False,Active,False,,2026-09-15T15:01:49+00:00,Sleeper,,RCB
Jordan Howden,NO,FS,DB,74.0,74.34,,0.0,0.0,74.34,baseline,Madden 27 baseline,Active,,00-0038588,False,Active,False,,2026-09-15T15:01:49+00:00,Sleeper,,SCB
Isaac Yiadom,NO,CB,DB,72.0,73.61,,0.0,0.0,73.61,baseline,Madden 27 baseline,,,,False,,False,,,,,
Spencer Rattler,NO,QB,QB,71.0,73.61,,0.0,0.0,73.61,baseline,Madden 27 baseline,Active,,00-0039376,False,Active,False,,2026-09-15T15:01:49+00:00,Sleeper,,QB
Tyree Wilson,NO,EDGE,DL,73.0,73.6,,0.0,0.0,73.6,baseline,Madden 27 baseline,Active,,00-0038541,False,Active,False,,2026-09-15T15:01:49+00:00,Sleeper,,LDE
Trey Palmer,NO,WR,WR,71.0,73.44,,0.0,0.0,73.44,baseline,Madden 27 baseline,Active,,00-0039052,False,Active,False,,2026-09-15T15:01:49+00:00,Sleeper,,
Dillon Radunz,NO,LG,OL,72.0,73.32,,0.0,0.0,73.32,baseline,Madden 27 baseline,Inactive,IR,00-0036619,False,Out,True,,2026-09-15T15:01:49+00:00,Sleeper,,LG
Noah Fant,NO,TE,TE,73.0,72.48,86.95624999999998,0.05333333333333334,0.0,73.25,baseline,Madden 27 + nflverse performance,Active,,00-0035644,False,Active,False,,2026-09-15T15:01:49+00:00,Sleeper,,TE
Audric Estime,NO,HB,RB,70.0,73.0,,0.0,0.0,73.0,baseline,Madden 27 baseline,Inactive,IR,00-0039373,False,Out,True,,2026-09-15T15:01:49+00:00,Sleeper,,RB
Bryce Lance,NO,WR,WR,70.0,72.57,75.13907284768212,0.021333333333333336,0.0,72.62,baseline,Madden 27 + nflverse performance,Active,,00-0041067,False,Active,False,,2026-09-15T15:01:49+00:00,Sleeper,,WR
Jeremiah Wright,NO,RG,OL,71.0,72.38,,0.0,0.0,72.38,baseline,Madden 27 baseline,Active,,00-0041065,False,Active,False,,2026-09-15T15:01:49+00:00,Sleeper,,RG
Mason Tipton,NO,WR,WR,70.0,72.23,,0.0,0.0,72.23,baseline,Madden 27 baseline,Active,PUP,00-0039623,False,Out,True,,2026-09-15T15:01:49+00:00,Sleeper,,KR|PR|WR
Bub Means,NO,WR,WR,70.0,72.19,,0.0,0.0,72.19,baseline,Madden 27 baseline,,,,False,,False,,,,,
Khristian Boyd,NO,DT,DL,70.0,71.26,,0.0,0.0,71.26,baseline,Madden 27 baseline,Active,Out,00-0039401,False,Out,True,,2026-09-15T15:01:49+00:00,Sleeper,,NT
Ronnie Bell,NO,WR,WR,69.0,71.22,,0.0,0.0,71.22,baseline,Madden 27 baseline,,,,False,,False,,,,,
Barion Brown,NO,WR,WR,69.0,71.02,58.39403973509934,0.0,0.0,71.02,baseline,Madden 27 baseline,Active,,00-0041099,False,Active,False,,2026-09-15T15:01:49+00:00,Sleeper,,KR|PR|WR
Jalen Cropper,NO,WR,WR,68.0,70.91,,0.0,0.0,70.91,baseline,Madden 27 baseline,,,00-0038740,False,,False,,,,,
Danny Stutsman,NO,LB,LB,70.0,70.9,,0.0,0.0,70.9,baseline,Madden 27 baseline,Active,,00-0040155,False,Active,False,,2026-09-15T15:01:49+00:00,Sleeper,,RILB
Colby Wooden,NO,DT,DL,69.0,70.6,,0.0,0.0,70.6,baseline,Madden 27 baseline,Active,,00-0038387,True,Active,False,,2026-09-15T15:01:49+00:00,Sleeper,,RDE
Chris Rumph II,NO,EDGE,DL,69.0,69.91,,0.0,0.0,69.91,baseline,Madden 27 baseline,Active,,00-0036867,False,Active,False,,2026-09-15T15:01:49+00:00,Sleeper,,WLB
Decamerion Richardson,NO,CB,DB,69.0,69.83,,0.0,0.0,69.83,baseline,Madden 27 baseline,Active,,00-0039357,True,Active,False,,2026-09-15T15:01:49+00:00,Sleeper,,LCB
Vernon Broughton,NO,DT,DL,68.0,69.82,,0.0,0.0,69.82,baseline,Madden 27 baseline,Active,,00-0040642,False,Active,False,,2026-09-15T15:01:49+00:00,Sleeper,,LDE
Fadil Diggs,NO,EDGE,DL,68.0,69.1,,0.0,0.0,69.1,baseline,Madden 27 baseline,Active,,00-0040249,False,Active,False,,2026-09-15T15:01:49+00:00,Sleeper,,
Zach Wilson,NO,QB,QB,66.0,69.0,,0.0,0.0,69.0,baseline,Madden 27 baseline,Active,Out,00-0037013,False,Out,True,,2026-09-15T15:01:49+00:00,Sleeper,,QB
Jaylan Ford,NO,LB,LB,67.0,68.25,,0.0,0.0,68.25,baseline,Madden 27 baseline,Inactive,IR,00-0039388,False,Out,True,,2026-09-15T15:01:49+00:00,Sleeper,,RILB
Lorenzo Styles Jr.,NO,SS,DB,66.0,67.96,,0.0,0.0,67.96,baseline,Madden 27 baseline,Inactive,IR,00-0041089,False,Out,True,,2026-09-15T15:01:49+00:00,Sleeper,,SCB
Oscar Delp,NO,TE,TE,67.0,67.74,,0.0,0.0,67.74,baseline,Madden 27 baseline,Active,Out,00-0041041,False,Out,True,,2026-09-15T15:01:49+00:00,Sleeper,,TE
Myles Cole,NO,DT,DL,66.0,67.73,,0.0,0.0,67.73,baseline,Madden 27 baseline,CUT,,00-0039425,False,,False,,,,,SLB
John Ridgeway III,NO,DT,DL,66.0,67.38,,0.0,0.0,67.38,baseline,Madden 27 baseline,Active,Out,00-0037283,False,Out,True,,2026-09-15T15:01:49+00:00,Sleeper,,RDE
Rejzohn Wright,NO,CB,DB,65.0,67.04,,0.0,0.0,67.04,baseline,Madden 27 baseline,Inactive,IR,00-0038781,False,Out,True,,2026-09-15T15:01:49+00:00,Sleeper,,RCB
TJ Hall,NO,CB,DB,64.0,66.29,,0.0,0.0,66.29,baseline,Madden 27 baseline,Active,,00-0041114,False,Active,False,,2026-09-15T15:01:49+00:00,Sleeper,,
Asim Richards,NO,RT,OL,64.0,66.25,,0.0,0.0,66.25,baseline,Madden 27 baseline,Active,,00-0038601,False,Active,False,,2026-09-15T15:01:49+00:00,Sleeper,,LT
Mason Murphy,NO,RT,OL,66.25,66.25,,0.0,0.0,66.25,baseline,Replacement-level estimate baseline,Active,,00-0041173,False,Active,False,,2026-09-15T15:01:49+00:00,Sleeper,,RT
Kevin Austin Jr,NO,WR,WR,62.0,65.0,,0.0,0.0,65.0,baseline,Madden 27 baseline,Active,,00-0037231,False,Active,False,,2026-09-15T15:01:49+00:00,Sleeper,,
Isaiah Stalbird,NO,LB,LB,63.0,64.83,,0.0,0.0,64.83,baseline,Madden 27 baseline,Active,,00-0039622,False,Active,False,,2026-09-15T15:01:49+00:00,Sleeper,,LILB
Mike Reid,NO,CB,DB,62.0,64.47,,0.0,0.0,64.47,baseline,Madden 27 baseline,Active,,,False,Active,False,,2026-09-15T15:01:49+00:00,Sleeper,,
Moliki Matavao,NO,TE,TE,62.0,63.82,,0.0,0.0,63.82,baseline,Madden 27 baseline,Inactive,IR,00-0040244,False,Out,True,,2026-09-15T15:01:49+00:00,Sleeper,,TE
Alan Herron,NO,RT,OL,61.0,63.68,,0.0,0.0,63.68,baseline,Madden 27 baseline,Active,,00-0041330,False,Active,False,,2026-09-15T15:01:49+00:00,Sleeper,,
Barry Wesley,NO,LT,OL,61.0,63.58,,0.0,0.0,63.58,baseline,Madden 27 baseline,CUT,,00-0038304,False,,False,,,,,
Xavier Truss,NO,RT,OL,61.0,63.28,,0.0,0.0,63.28,baseline,Madden 27 baseline,CUT,,00-0040451,False,,False,,,,,
Zaire Mitchell-Paden,NO,TE,TE,60.0,62.0,,0.0,0.0,62.0,baseline,Madden 27 baseline,,,,False,,False,,,,,
Torricelli Simpkins III,NO,C,OL,58.0,61.0,,0.0,0.0,61.0,baseline,Madden 27 baseline,,,,False,,False,,,,,
Will Sherman,NO,RG,OL,59.0,60.91,,0.0,0.0,60.91,baseline,Madden 27 baseline,ACT,,00-0036535,False,,False,,,,William Sherman,RG
Andrew Thomas,NYG,LT,OL,93.0,92.29,,0.0,0.0,92.29,baseline,Madden 27 baseline,Active,,00-0036386,False,Active,False,,2026-09-15T15:01:49+00:00,Sleeper,,LT
Brian Burns,NYG,EDGE,DL,89.0,87.37,,0.0,0.0,87.37,baseline,Madden 27 baseline,Active,,00-0035713,False,Active,False,,2026-09-15T15:01:49+00:00,Sleeper,,WLB
Malik Nabers,NYG,WR,WR,86.0,86.32,83.04635761589404,0.048,0.0,86.16,baseline,Madden 27 + nflverse performance,Active,,00-0039337,False,Active,False,,2026-09-15T15:01:49+00:00,Sleeper,,WR
D.J. Reader,NYG,DT,DL,84.0,83.14,,0.0,0.0,83.14,baseline,Madden 27 baseline,Active,,00-0032424,False,Active,False,,2026-09-15T15:01:49+00:00,Sleeper,,NT
Jevon Holland,NYG,FS,DB,83.0,82.89,,0.0,0.0,82.89,baseline,Madden 27 baseline,Active,,00-0036998,False,Active,False,,2026-09-15T15:01:49+00:00,Sleeper,,FS|PR
Tremaine Edmunds,NYG,LB,LB,83.0,82.7,,0.0,0.0,82.7,baseline,Madden 27 baseline,Active,,00-0034673,False,Active,False,,2026-09-15T15:01:49+00:00,Sleeper,,RILB
Cam Skattebo,NYG,HB,RB,81.0,82.15,79.8586956521739,0.0576,0.0,82.02,baseline,Madden 27 + nflverse performance,Active,,00-0040715,False,Active,False,,2026-09-15T15:01:49+00:00,Sleeper,,RB
Jermaine Eluemunor,NYG,RT,OL,80.0,80.99,,0.0,0.0,80.99,baseline,Madden 27 baseline,Active,,00-0033290,False,Active,False,,2026-09-15T15:01:49+00:00,Sleeper,,RT
Abdul Carter,NYG,EDGE,DL,81.0,80.88,,0.0,0.0,80.88,baseline,Madden 27 baseline,Active,,00-0040677,False,Active,False,,2026-09-15T15:01:49+00:00,Sleeper,,SLB
Tyrone Tracy Jr,NYG,HB,RB,79.0,80.58,62.79891304347826,0.0064,0.0,80.47,baseline,Madden 27 + nflverse performance,Active,,00-0039384,False,Active,False,,2026-09-15T15:01:49+00:00,Sleeper,,KR|RB
Greg Newsome II,NYG,CB,DB,79.0,79.8,,0.0,0.0,79.8,baseline,Madden 27 baseline,Active,,00-0036996,False,Active,False,,2026-09-15T15:01:49+00:00,Sleeper,,RCB
Najee Harris,NYG,HB,RB,78.0,79.73,,0.0,0.0,79.73,baseline,Prior-year Madden -2 baseline,Active,Out,00-0036893,False,Out,True,,2026-09-15T15:01:49+00:00,Sleeper,,RB
Paulson Adebo,NYG,CB,DB,79.0,79.69,,0.0,0.0,79.69,baseline,Madden 27 baseline,Active,,00-0036937,False,Active,False,,2026-09-15T15:01:49+00:00,Sleeper,,LCB
Jaxson Dart,NYG,QB,QB,77.0,79.1,81.58108108108108,0.046400000000000004,0.0,79.22,baseline,Madden 27 + nflverse performance,Active,,00-0040691,False,Active,False,,2026-09-15T15:01:49+00:00,Sleeper,,QB
Darius Slayton,NYG,WR,WR,78.0,79.21,,0.0,0.0,79.21,baseline,Madden 27 baseline,CUT,,00-0035535,False,,False,,,,,
Patrick Ricard,NYG,FB,RB,82.0,79.0,57.12500000000001,0.0,0.0,79.0,baseline,Madden 27 baseline,Active,,00-0033376,False,Active,False,,2026-09-15T15:01:49+00:00,Sleeper,,FB
Jordan Stout,NYG,P,ST,76.0,79.0,,0.0,0.0,79.0,baseline,Madden 27 baseline,Active,,00-0038094,False,Active,False,,2026-09-15T15:01:49+00:00,Sleeper,,H|P
Francis Mauigoa,NYG,RG,OL,78.0,78.89,,0.0,0.0,78.89,baseline,Madden 27 baseline,Active,,00-0041505,False,Active,False,,2026-09-15T15:01:49+00:00,Sleeper,,RG
Arvell Reese,NYG,LB,LB,79.0,78.64,,0.0,0.0,78.64,baseline,Madden 27 baseline,Active,,00-0041509,False,Active,False,,2026-09-15T15:01:49+00:00,Sleeper,,LILB
Dru Phillips,NYG,CB,DB,78.0,78.62,,0.0,0.0,78.62,baseline,Madden 27 baseline,Active,,00-0039821,False,Active,False,,2026-09-15T15:01:49+00:00,Sleeper,,SCB
Kayvon Thibodeaux,NYG,EDGE,DL,78.0,78.3,,0.0,0.0,78.3,baseline,Madden 27 baseline,Active,,00-0037611,False,Active,False,,2026-09-15T15:01:49+00:00,Sleeper,,SLB
Darnell Mooney,NYG,WR,WR,76.0,77.91,70.04304635761589,0.010666666666666668,0.0,77.83,baseline,Madden 27 + nflverse performance,Active,,00-0036309,False,Active,False,,2026-09-15T15:01:49+00:00,Sleeper,,WR
Devin Singletary,NYG,HB,RB,75.0,77.48,73.59782608695653,0.019200000000000002,0.0,77.41,baseline,Madden 27 + nflverse performance,Active,,00-0035250,False,Active,False,,2026-09-15T15:01:49+00:00,Sleeper,,KR|RB
Shelby Harris,NYG,DT,DL,77.0,77.12,,0.0,0.0,77.12,baseline,Madden 27 baseline,Active,,00-0031270,False,Active,False,,2026-09-15T15:01:49+00:00,Sleeper,,LDE
Calvin Austin,NYG,WR,WR,76.0,76.84,,0.0,0.0,76.84,baseline,Madden 27 baseline,Inactive,IR,00-0037837,False,Out,True,,2026-09-15T15:01:49+00:00,Sleeper,,PR|WR
Micah McFadden,NYG,LB,LB,76.0,76.47,,0.0,0.0,76.47,baseline,Madden 27 baseline,Active,,00-0037259,False,Active,False,,2026-09-15T15:01:49+00:00,Sleeper,,RILB
JuJu Smith-Schuster,NYG,WR,WR,75.0,76.31,,0.0,0.0,76.31,baseline,Madden 27 baseline,,,,False,,False,,,,,
Ar'Darius Washington,NYG,CB,DB,75.0,76.24,,0.0,0.0,76.24,baseline,Madden 27 baseline,Active,,00-0036587,False,Active,False,,2026-09-15T15:01:49+00:00,Sleeper,,FS
Tyler Nubin,NYG,SS,DB,75.0,76.08,,0.0,0.0,76.08,baseline,Madden 27 baseline,Active,,00-0039861,False,Active,False,,2026-09-15T15:01:49+00:00,Sleeper,,SS
Theo Johnson,NYG,TE,TE,77.0,76.02,64.02499999999999,0.006666666666666667,0.0,75.94,baseline,Madden 27 + nflverse performance,Active,,00-0039847,False,Active,False,,2026-09-15T15:01:49+00:00,Sleeper,,TE
Colton Hood,NYG,CB,DB,75.0,75.67,,0.0,0.0,75.67,baseline,Madden 27 baseline,Active,,00-0041462,False,Active,False,,2026-09-15T15:01:49+00:00,Sleeper,,RCB
Deonte Banks,NYG,CB,DB,75.0,75.53,,0.0,0.0,75.53,baseline,Madden 27 baseline,Active,,00-0039000,False,Active,False,,2026-09-15T15:01:49+00:00,Sleeper,,KR|LCB
Jon Runyan,NYG,LG,OL,74.0,75.33,,0.0,0.0,75.33,baseline,Madden 27 baseline,Active,,00-0036246,False,Active,False,,2026-09-15T15:01:49+00:00,Sleeper,,LG
Isaiah Likely,NYG,TE,TE,75.0,74.11,92.01249999999999,0.05333333333333334,0.0,75.06,baseline,Madden 27 + nflverse performance,Active,,00-0037838,False,Active,False,,2026-09-15T15:01:49+00:00,Sleeper,,TE
Malachi Fields,NYG,WR,WR,73.0,75.03,71.04304635761589,0.021333333333333336,0.0,74.94,baseline,Madden 27 + nflverse performance,Active,,00-0041042,False,Active,False,,2026-09-15T15:01:49+00:00,Sleeper,,WR
John Michael Schmitz Jr,NYG,C,OL,73.0,74.68,,0.0,0.0,74.68,baseline,Madden 27 baseline,Active,,00-0039019,False,Active,False,,2026-09-15T15:01:49+00:00,Sleeper,,C
Odell Beckham Jr,NYG,WR,WR,72.0,74.22,,0.0,0.0,74.22,baseline,Madden 27 baseline,Active,,00-0031235,False,Active,False,,2026-09-15T15:01:49+00:00,Sleeper,,WR
Jason Pinnock,NYG,SS,DB,73.0,74.15,,0.0,0.0,74.15,baseline,Madden 27 baseline,Active,Out,00-0036502,False,Out,True,,2026-09-15T15:01:49+00:00,Sleeper,,SS
Chauncey Golston,NYG,EDGE,DL,73.0,74.14,,0.0,0.0,74.14,baseline,Madden 27 baseline,Active,,00-0036982,False,Active,False,,2026-09-15T15:01:49+00:00,Sleeper,,RDE
Braxton Berrios,NYG,WR,WR,72.0,73.83,56.473509933774835,0.0,0.0,73.83,baseline,Madden 27 baseline,Active,,00-0034419,False,Active,False,,2026-09-15T15:01:49+00:00,Sleeper,,
Malik Harrison,NYG,LB,LB,73.0,73.71,,0.0,0.0,73.71,baseline,Madden 27 baseline,Active,,00-0036280,True,Active,False,,2026-09-15T15:01:49+00:00,Sleeper,,LILB
Darius Alexander,NYG,DT,DL,72.0,73.57,,0.0,0.0,73.57,baseline,Madden 27 baseline,Active,,00-0040694,False,Active,False,,2026-09-15T15:01:49+00:00,Sleeper,,RDE
Jameis Winston,NYG,QB,QB,71.0,73.56,,0.0,0.0,73.56,baseline,Madden 27 baseline,Active,,00-0031503,False,Active,False,,2026-09-15T15:01:49+00:00,Sleeper,,QB
Lucas Patrick,NYG,LG,OL,72.0,73.32,,0.0,0.0,73.32,baseline,Madden 27 baseline,,,,False,,False,,,,,
Isaiah Hodgins,NYG,WR,WR,71.0,73.27,,0.0,0.0,73.27,baseline,Madden 27 baseline,,,,False,,False,,,,,
Evan Neal,NYG,RG,OL,73.0,73.21,,0.0,0.0,73.21,baseline,Madden 27 baseline,,,,False,,False,,,,,
Ben Sauls,NYG,K,ST,70.0,73.0,,0.0,0.0,73.0,baseline,Madden 27 baseline,CUT,,00-0040530,False,,False,,,,,
Roy Robertson-Harris,NYG,DT,DL,72.0,72.96,,0.0,0.0,72.96,baseline,Madden 27 baseline,Inactive,IR,00-0032667,False,Out,True,,2026-09-15T15:01:49+00:00,Sleeper,,LDE
Xavier Gipson,NYG,WR,WR,71.0,72.85,,0.0,0.0,72.85,baseline,Madden 27 baseline,,,,False,,False,,,,,
Jalin Hyatt,NYG,WR,WR,70.0,72.47,,0.0,0.0,72.47,baseline,Madden 27 baseline,Active,,00-0038938,False,Active,False,,2026-09-15T15:01:49+00:00,Sleeper,,
Aaron Stinnie,NYG,LG,OL,69.0,71.0,,0.0,0.0,71.0,baseline,Madden 27 baseline,Active,,00-0034668,False,Active,False,,2026-09-15T15:01:49+00:00,Sleeper,,LG|RG
Dominic Zvada,NYG,K,ST,71.0,71.0,,0.0,0.0,71.0,baseline,Replacement-level estimate baseline,Active,,00-0041145,False,Active,False,,2026-09-15T15:01:49+00:00,Sleeper,,PK
Leki Fotu,NYG,DT,DL,70.0,70.54,,0.0,0.0,70.54,baseline,Madden 27 baseline,,,,False,,False,,,,,
Chris Manhertz,NYG,TE,TE,71.0,70.18,,0.0,0.0,70.18,baseline,Madden 27 baseline,Active,,00-0031484,False,Active,False,,2026-09-15T15:01:49+00:00,Sleeper,,
Marlon Davidson,NYG,DT,DL,69.0,70.03,,0.0,0.0,70.03,baseline,Madden 27 baseline,,,,False,,False,,,,,
Beaux Collins,NYG,WR,WR,67.0,70.0,,0.0,0.0,70.0,baseline,Madden 27 baseline,,,,False,,False,,,,,
Eric Gray,NYG,HB,RB,67.0,70.0,,0.0,0.0,70.0,baseline,Madden 27 baseline,CUT,,00-0038396,False,,False,,,,,
Sam Roberts,NYG,DT,DL,68.0,69.74,,0.0,0.0,69.74,baseline,Madden 27 baseline,,,,False,,False,,,,,
Korie Black,NYG,CB,DB,68.0,69.55,,0.0,0.0,69.55,baseline,Madden 27 baseline,Inactive,IR,00-0040243,False,Out,True,,2026-09-15T15:01:49+00:00,Sleeper,,LCB
Zacch Pickens,NYG,DT,DL,68.0,69.4,,0.0,0.0,69.4,baseline,Madden 27 baseline,,,,False,,False,,,,,
J.C. Davis,NYG,LT,OL,67.0,68.95,,0.0,0.0,68.95,baseline,Madden 27 baseline,Active,Out,00-0041101,False,Out,True,,2026-09-15T15:01:49+00:00,Sleeper,,LT
Marcus Mbow,NYG,RT,OL,67.0,68.84,,0.0,0.0,68.84,baseline,Madden 27 baseline,Active,,00-0040181,False,Active,False,,2026-09-15T15:01:49+00:00,Sleeper,,RT
Gunner Olszewski,NYG,WR,WR,66.0,68.19,,0.0,0.0,68.19,baseline,Madden 27 baseline,Inactive,IR,00-0035645,False,Out,True,,2026-09-15T15:01:49+00:00,Sleeper,,PR|WR
Bobby Jamison-Travis,NYG,DT,DL,66.0,68.05,,0.0,0.0,68.05,baseline,Madden 27 baseline,Active,Out,00-0041095,False,Out,True,,2026-09-15T15:01:49+00:00,Sleeper,,LDE
Josh Tupou,NYG,DT,DL,67.0,67.94,,0.0,0.0,67.94,baseline,Madden 27 baseline,Active,,00-0033347,False,Active,False,,2026-09-15T15:01:49+00:00,Sleeper,,
Zaire Barnes,NYG,LB,LB,66.0,67.3,,0.0,0.0,67.3,baseline,Madden 27 baseline,Active,,00-0038399,False,Active,False,,2026-09-15T15:01:49+00:00,Sleeper,,RILB
Jake Kubas,NYG,RG,OL,65.0,66.93,,0.0,0.0,66.93,baseline,Madden 27 baseline,,,,False,,False,,,,,
Jack Kelly,NYG,LB,LB,65.0,66.86,,0.0,0.0,66.86,baseline,Madden 27 baseline,Active,,00-0041102,False,Active,False,,2026-09-15T15:01:49+00:00,Sleeper,,LILB
Bryan Hudson,NYG,C,OL,66.25,66.25,,0.0,0.0,66.25,baseline,Replacement-level estimate baseline,Active,,00-0039446,False,Active,False,,2026-09-15T15:01:49+00:00,Sleeper,,C
Thomas Fidone II,NYG,TE,TE,63.0,66.0,,0.0,0.0,66.0,baseline,Prior-year Madden -2 baseline,Active,Out,00-0040225,False,Out,True,,2026-09-15T15:01:49+00:00,Sleeper,,TE
C.J. Okoye,NYG,DT,DL,63.0,65.13,,0.0,0.0,65.13,baseline,Madden 27 baseline,Active,,,True,Active,False,,2026-09-15T15:01:49+00:00,Sleeper,,
Nic Jones,NYG,CB,DB,62.0,65.0,,0.0,0.0,65.0,baseline,Prior-year Madden -2 baseline,Active,Out,00-0038986,False,Out,True,,2026-09-15T15:01:49+00:00,Sleeper,,SCB
Beau Brade,NYG,SS,DB,63.0,64.94,,0.0,0.0,64.94,baseline,Madden 27 baseline,CUT,,00-0039241,False,,False,,,,,
Elijah Campbell,NYG,FS,DB,62.0,64.5,,0.0,0.0,64.5,baseline,Madden 27 baseline,Active,,00-0034248,False,Active,False,,2026-09-15T15:01:49+00:00,Sleeper,,FS
Raheem Layne,NYG,FS,DB,61.0,62.88,,0.0,0.0,62.88,baseline,Madden 27 baseline,Active,,00-0037468,False,Active,False,,2026-09-15T15:01:49+00:00,Sleeper,,
Ben Mann,NYG,LS,ST,65.0,62.0,,0.0,0.0,62.0,baseline,Madden 27 baseline,Active,,00-0041143,False,Active,False,,2026-09-15T15:01:49+00:00,Sleeper,,LS
Brandon Allen,NYG,QB,QB,54.0,57.0,,0.0,0.0,57.0,baseline,Madden 27 baseline,,,,False,,False,,,,,
Demario Davis,NYJ,LB,LB,90.0,88.91,,0.0,0.0,88.91,baseline,Madden 27 baseline,Active,,00-0029607,False,Active,False,,2026-09-15T15:01:49+00:00,Sleeper,,WLB
Minkah Fitzpatrick,NYJ,SS,DB,89.0,88.11,,0.0,0.0,88.11,baseline,Madden 27 baseline,Active,Questionable,00-0034789,False,Questionable,False,,2026-09-15T15:01:49+00:00,Sleeper,,FS
Breece Hall,NYJ,HB,RB,87.0,86.95,86.44021739130434,0.0704,0.0,86.91,baseline,Madden 27 + nflverse performance,Active,,00-0038120,False,Active,False,,2026-09-15T15:01:49+00:00,Sleeper,,RB
Garrett Wilson,NYJ,WR,WR,86.0,86.11,83.02980132450331,0.037333333333333336,0.0,86.0,baseline,Madden 27 + nflverse performance,Active,,00-0037740,False,Active,False,,2026-09-15T15:01:49+00:00,Sleeper,,WR
Armand Membou,NYJ,RT,OL,83.0,83.59,,0.0,0.0,83.59,baseline,Madden 27 baseline,Active,,00-0040123,False,Active,False,,2026-09-15T15:01:49+00:00,Sleeper,,RT
David Bailey,NYJ,EDGE,DL,81.0,80.96,,0.0,0.0,80.96,baseline,Madden 27 baseline,Active,,00-0041026,False,Active,False,,2026-09-15T15:01:49+00:00,Sleeper,,LDE
Joe Tippmann,NYJ,RG,OL,80.0,80.43,,0.0,0.0,80.43,baseline,Madden 27 baseline,Active,,00-0039145,False,Active,False,,2026-09-15T15:01:49+00:00,Sleeper,,RG
Jason Sanders,NYJ,K,ST,77.0,80.0,,0.0,0.0,80.0,baseline,Madden 27 baseline,Active,,00-0034794,False,Active,False,,2026-09-15T15:01:49+00:00,Sleeper,,PK
T'Vondre Sweat,NYJ,DT,DL,79.0,79.01,,0.0,0.0,79.01,baseline,Madden 27 baseline,Active,,00-0039886,False,Active,False,,2026-09-15T15:01:49+00:00,Sleeper,,LDT
David Onyemata,NYJ,DT,DL,78.0,78.19,,0.0,0.0,78.19,baseline,Madden 27 baseline,Active,,00-0033051,False,Active,False,,2026-09-15T15:01:49+00:00,Sleeper,,RDT
Tim Patrick,NYJ,WR,WR,76.0,77.87,,0.0,0.0,77.87,baseline,Madden 27 baseline,Inactive,IR,00-0033375,False,Out,True,,2026-09-15T15:01:49+00:00,Sleeper,,WR
Harrison Phillips,NYJ,DT,DL,78.0,77.78,,0.0,0.0,77.78,baseline,Madden 27 baseline,Active,,00-0034782,False,Active,False,,2026-09-15T15:01:49+00:00,Sleeper,,RDT
Andre Cisco,NYJ,FS,DB,77.0,77.55,,0.0,0.0,77.55,baseline,Madden 27 baseline,Active,,00-0036941,False,Active,False,,2026-09-15T15:01:49+00:00,Sleeper,,SS
Will McDonald IV,NYJ,EDGE,DL,78.0,77.53,,0.0,0.0,77.53,baseline,Madden 27 baseline,Active,,00-0039142,False,Active,False,,2026-09-15T15:01:49+00:00,Sleeper,,RDE
Brandon Stephens,NYJ,CB,DB,76.0,77.1,,0.0,0.0,77.1,baseline,Madden 27 baseline,Active,,00-0036987,False,Active,False,,2026-09-15T15:01:49+00:00,Sleeper,,RCB
Jamien Sherwood,NYJ,LB,LB,76.0,76.97,,0.0,0.0,76.97,baseline,Madden 27 baseline,Active,,00-0036500,False,Active,False,,2026-09-15T15:01:49+00:00,Sleeper,,MLB
Omar Cooper Jr.,NYJ,WR,WR,75.0,76.9,68.19867549668875,0.005333333333333334,0.0,76.85,baseline,Madden 27 + nflverse performance,Active,Out,00-0041511,False,Out,True,,2026-09-15T15:01:49+00:00,Sleeper,,WR
Olu Fashanu,NYJ,LT,OL,75.0,76.41,,0.0,0.0,76.41,baseline,Madden 27 baseline,Active,,00-0039790,False,Active,False,,2026-09-15T15:01:49+00:00,Sleeper,,LT
Adonai Mitchell,NYJ,WR,WR,75.0,76.41,76.66887417218544,0.016,0.0,76.41,baseline,Madden 27 + nflverse performance,Active,,00-0039890,False,Active,False,,2026-09-15T15:01:49+00:00,Sleeper,,WR
Nahshon Wright,NYJ,CB,DB,75.0,76.35,,0.0,0.0,76.35,baseline,Madden 27 baseline,Active,,00-0036986,False,Active,False,,2026-09-15T15:01:49+00:00,Sleeper,,LCB
Dane Belton,NYJ,SS,DB,76.0,76.17,,0.0,0.0,76.17,baseline,Madden 27 baseline,Active,,00-0038123,False,Active,False,,2026-09-15T15:01:49+00:00,Sleeper,,SCB|SS
Dylan Parham,NYJ,LG,OL,75.0,76.0,,0.0,0.0,76.0,baseline,Madden 27 baseline,Active,,00-0037255,False,Active,False,,2026-09-15T15:01:49+00:00,Sleeper,,LG
Blake Grupe,NYJ,K,ST,73.0,76.0,,0.0,0.0,76.0,baseline,Madden 27 baseline,Active,Out,00-0038905,True,Out,True,,2026-09-15T15:01:49+00:00,Sleeper,,PK
Austin McNamara,NYJ,P,ST,73.0,76.0,,0.0,0.0,76.0,baseline,Madden 27 baseline,Active,,00-0039634,False,Active,False,,2026-09-15T15:01:49+00:00,Sleeper,,H|P
Jarvis Brownlee Jr,NYJ,CB,DB,75.0,75.95,,0.0,0.0,75.95,baseline,Madden 27 baseline,Active,Questionable,00-0039372,False,Questionable,False,,2026-09-15T15:01:49+00:00,Sleeper,,SCB
D'Angelo Ponds,NYJ,CB,DB,75.0,75.78,,0.0,0.0,75.78,baseline,Madden 27 baseline,Active,Out,00-0041038,False,Out,True,,2026-09-15T15:01:49+00:00,Sleeper,,SCB
Azareye'h Thomas,NYJ,CB,DB,74.0,75.53,,0.0,0.0,75.53,baseline,Madden 27 baseline,Active,,00-0040133,False,Active,False,,2026-09-15T15:01:49+00:00,Sleeper,,LCB
Jowon Briggs,NYJ,DT,DL,74.0,75.18,,0.0,0.0,75.18,baseline,Madden 27 baseline,Active,,00-0039431,False,Active,False,,2026-09-15T15:01:49+00:00,Sleeper,,RDT
Trevin Wallace,NYJ,LB,LB,74.0,74.95,,0.0,0.0,74.95,baseline,Madden 27 baseline,Active,Out,00-0039347,True,Out,True,,2026-09-15T15:01:49+00:00,Sleeper,,SLB
Braelon Allen,NYJ,HB,RB,72.0,74.92,69.41847826086956,0.032,0.0,74.74,baseline,Madden 27 + nflverse performance,Active,,00-0039794,False,Active,False,,2026-09-15T15:01:49+00:00,Sleeper,,RB
Geno Smith,NYJ,QB,QB,72.0,75.0,67.95945945945945,0.038400000000000004,0.0,74.73,baseline,Madden 27 + nflverse performance,Active,,00-0030565,False,Active,False,,2026-09-15T15:01:49+00:00,Sleeper,,QB
Joseph Ossai,NYJ,EDGE,DL,74.0,74.55,,0.0,0.0,74.55,baseline,Madden 27 baseline,Active,Out,00-0036902,False,Out,True,,2026-09-15T15:01:49+00:00,Sleeper,,RDE
Jordan Meredith,NYJ,C,OL,72.0,73.73,,0.0,0.0,73.73,baseline,Madden 27 baseline,Active,,00-0036604,True,Active,False,,2026-09-15T15:01:49+00:00,Sleeper,,C
Mason Taylor,NYJ,TE,TE,74.0,73.86,62.91875,0.020000000000000004,0.0,73.64,baseline,Madden 27 + nflverse performance,Active,,00-0040736,False,Active,False,,2026-09-15T15:01:49+00:00,Sleeper,,TE
Josh Myers,NYJ,C,OL,72.0,73.62,,0.0,0.0,73.62,baseline,Madden 27 baseline,Active,,00-0036622,False,Active,False,,2026-09-15T15:01:49+00:00,Sleeper,,C
Kenyon Sadiq,NYJ,TE,TE,74.0,73.41,77.20625,0.020000000000000004,0.0,73.49,baseline,Madden 27 + nflverse performance,Active,,00-0041032,False,Active,False,,2026-09-15T15:01:49+00:00,Sleeper,,TE
Darrell Jackson Jr.,NYJ,DT,DL,72.0,73.26,,0.0,0.0,73.26,baseline,Madden 27 baseline,Active,,00-0041549,False,Active,False,,2026-09-15T15:01:49+00:00,Sleeper,,LDT
Kingsley Enagbare,NYJ,EDGE,DL,72.0,73.2,,0.0,0.0,73.2,baseline,Madden 27 baseline,Active,,00-0037083,False,Active,False,,2026-09-15T15:01:49+00:00,Sleeper,,LDE
Isaiah Davis,NYJ,HB,RB,70.0,73.0,,0.0,0.0,73.0,baseline,Madden 27 baseline,Active,,00-0039798,False,Active,False,,2026-09-15T15:01:49+00:00,Sleeper,,KR|RB
Cade York,NYJ,K,ST,70.0,73.0,,0.0,0.0,73.0,baseline,Madden 27 baseline,,,,False,,False,,,,,
Tre Brown,NYJ,CB,DB,71.0,72.29,,0.0,0.0,72.29,baseline,Madden 27 baseline,Inactive,IR,00-0036885,False,Out,True,,2026-09-15T15:01:49+00:00,Sleeper,,RCB
Samuel Womack III,NYJ,CB,DB,71.0,72.23,,0.0,0.0,72.23,baseline,Madden 27 baseline,Active,,00-0037830,False,Active,False,,2026-09-15T15:01:49+00:00,Sleeper,,
Malachi Moore,NYJ,FS,DB,71.0,71.98,,0.0,0.0,71.98,baseline,Madden 27 baseline,Active,,00-0040165,False,Active,False,,2026-09-15T15:01:49+00:00,Sleeper,,FS
Mykal Walker,NYJ,LB,LB,70.0,71.22,,0.0,0.0,71.22,baseline,Madden 27 baseline,RES,,00-0036300,False,,False,,,,,
Caullin Lacy,NYJ,WR,WR,69.0,71.14,,0.0,0.0,71.14,baseline,Madden 27 baseline,CUT,,00-0041199,False,,False,,,,,
Tyler Baron,NYJ,EDGE,DL,69.0,70.59,,0.0,0.0,70.59,baseline,Madden 27 baseline,Active,PUP,00-0040196,False,Out,True,,2026-09-15T15:01:49+00:00,Sleeper,,RDE
Mazi Smith,NYJ,DT,DL,70.0,70.4,,0.0,0.0,70.4,baseline,Madden 27 baseline,,,,False,,False,,,,,
Cade Klubnik,NYJ,QB,QB,67.0,70.0,,0.0,0.0,70.0,baseline,Madden 27 baseline,Active,,00-0041056,False,Active,False,,2026-09-15T15:01:49+00:00,Sleeper,,QB
Kene Nwangwu,NYJ,HB,RB,67.0,70.0,,0.0,0.0,70.0,baseline,Madden 27 baseline,Active,Out,00-0036842,False,Out,True,,2026-09-15T15:01:49+00:00,Sleeper,,KR|RB
Arian Smith,NYJ,WR,WR,68.0,69.92,58.082781456953654,0.005333333333333334,0.0,69.86,baseline,Madden 27 + nflverse performance,Active,,00-0040582,False,Active,False,,2026-09-15T15:01:49+00:00,Sleeper,,KR|WR
Anez Cooper,NYJ,RG,OL,68.0,69.66,,0.0,0.0,69.66,baseline,Madden 27 baseline,Inactive,IR,00-0041097,False,Out,True,,2026-09-15T15:01:49+00:00,Sleeper,,LG
Qwan'tez Stiggers,NYJ,CB,DB,68.0,69.44,,0.0,0.0,69.44,baseline,Madden 27 baseline,Active,,00-0039789,False,Active,False,,2026-09-15T15:01:49+00:00,Sleeper,,RCB
Andrew Beck,NYJ,FB,RB,68.0,69.25,,0.0,0.0,69.25,baseline,Madden 27 baseline,Active,,00-0034959,False,Active,False,,2026-09-15T15:01:49+00:00,Sleeper,,FB
Chukwuma Okorafor,NYJ,RT,OL,67.0,69.24,,0.0,0.0,69.24,baseline,Madden 27 baseline,Active,,00-0034768,False,Active,False,,2026-09-15T15:01:49+00:00,Sleeper,,RT
Isaiah Williams,NYJ,WR,WR,67.0,69.26,63.60596026490067,0.005333333333333334,0.0,69.23,baseline,Madden 27 + nflverse performance,Active,,00-0039451,False,Active,False,,2026-09-15T15:01:49+00:00,Sleeper,,KR|PR|WR
Thomas Hennessy,NYJ,LS,ST,72.0,69.0,,0.0,0.0,69.0,baseline,Madden 27 baseline,Active,,00-0033260,False,Active,False,,2026-09-15T15:01:49+00:00,Sleeper,,LS
Jeremy Ruckert,NYJ,TE,TE,68.0,68.91,62.00625,0.006666666666666667,0.0,68.86,baseline,Madden 27 + nflverse performance,Active,,00-0037805,False,Active,False,,2026-09-15T15:01:49+00:00,Sleeper,,TE
Braiden McGregor,NYJ,EDGE,DL,67.0,68.6,,0.0,0.0,68.6,baseline,Madden 27 baseline,Active,,00-0039284,False,Active,False,,2026-09-15T15:01:49+00:00,Sleeper,,RDE
Max Mitchell,NYJ,LT,OL,66.0,67.95,,0.0,0.0,67.95,baseline,Madden 27 baseline,Active,,00-0038114,False,Active,False,,2026-09-15T15:01:49+00:00,Sleeper,,LT
Eric Watts,NYJ,DT,DL,66.0,67.93,,0.0,0.0,67.93,baseline,Madden 27 baseline,,,,False,,False,,,,,
Kiko Mauigoa,NYJ,LB,LB,66.0,67.84,,0.0,0.0,67.84,baseline,Madden 27 baseline,Active,,,False,Active,False,,2026-09-15T15:01:49+00:00,Sleeper,,
Jelani Woods,NYJ,TE,TE,67.0,67.65,,0.0,0.0,67.65,baseline,Madden 27 baseline,Active,,00-0037755,False,Active,False,,2026-09-15T15:01:49+00:00,Sleeper,,TE
Bailey Zappe,NYJ,QB,QB,64.0,67.0,,0.0,0.0,67.0,baseline,Madden 27 baseline,Active,,00-0038108,False,Active,False,,2026-09-15T15:01:49+00:00,Sleeper,,
VJ Payne,NYJ,SS,DB,65.0,66.92,,0.0,0.0,66.92,baseline,Madden 27 baseline,Inactive,IR,00-0041120,False,Out,True,,2026-09-15T15:01:49+00:00,Sleeper,,FS
Kingsley Jonathan,NYJ,EDGE,DL,65.0,66.57,,0.0,0.0,66.57,baseline,Madden 27 baseline,Inactive,IR,00-0037431,False,Out,True,,2026-09-15T15:01:49+00:00,Sleeper,,LDE
Keidron Smith,NYJ,SS,DB,64.0,66.11,,0.0,0.0,66.11,baseline,Madden 27 baseline,,,,False,,False,,,,,
Dean Clark,NYJ,FS,DB,64.0,65.79,,0.0,0.0,65.79,baseline,Madden 27 baseline,Active,,00-0040396,False,Active,False,,2026-09-15T15:01:49+00:00,Sleeper,,
Mory Bamba,NYJ,CB,DB,64.0,65.74,,0.0,0.0,65.74,baseline,Madden 27 baseline,Active,,00-0041196,False,Active,False,,2026-09-15T15:01:49+00:00,Sleeper,,
Marcelino McCrary-Ball,NYJ,LB,LB,64.0,65.55,,0.0,0.0,65.55,baseline,Madden 27 baseline,Active,,00-0037526,False,Active,False,,2026-09-15T15:01:49+00:00,Sleeper,,WLB
Jack Heflin,NYJ,DT,DL,64.0,65.26,,0.0,0.0,65.26,baseline,Madden 27 baseline,Active,,00-0036788,False,Active,False,,2026-09-15T15:01:49+00:00,Sleeper,,
Jordan Clark,NYJ,CB,DB,63.0,65.25,,0.0,0.0,65.25,baseline,Madden 27 baseline,Active,,00-0040397,False,Active,False,,2026-09-15T15:01:49+00:00,Sleeper,,
Marquis Hayes,NYJ,LG,OL,63.0,64.65,,0.0,0.0,64.65,baseline,Madden 27 baseline,DEV,,00-0037748,False,,False,,,,,
Landon Young,NYJ,RT,OL,62.0,64.34,,0.0,0.0,64.34,baseline,Madden 27 baseline,,,,False,,False,,,,,
Jarius Monroe,NYJ,FS,DB,62.0,64.32,,0.0,0.0,64.32,baseline,Madden 27 baseline,CUT,,00-0039285,False,,False,,,,,
Courtland Ford,NYJ,LT,OL,58.0,60.89,,0.0,0.0,60.89,baseline,Madden 27 baseline,CUT,,00-0041507,False,,False,,,,,
Xavier Newman,NYJ,C,OL,56.0,58.88,,0.0,0.0,58.88,baseline,Madden 27 baseline,Active,,,False,Active,False,,2026-09-15T15:01:49+00:00,Sleeper,,
Lane Johnson,PHI,RT,OL,97.0,96.59,,0.0,0.0,96.59,baseline,Madden 27 baseline,Active,,00-0030561,False,Active,False,,2026-09-15T15:01:49+00:00,Sleeper,,RT
DeVonta Smith,PHI,WR,WR,92.0,91.68,77.96026490066225,0.032,0.0,91.24,baseline,Madden 27 + nflverse performance,Active,,00-0036912,False,Active,False,,2026-09-15T15:01:49+00:00,Sleeper,,WR
Jordan Mailata,PHI,LT,OL,91.0,91.08,,0.0,0.0,91.08,baseline,Madden 27 baseline,Active,,00-0034429,False,Active,False,,2026-09-15T15:01:49+00:00,Sleeper,,LT
Zack Baun,PHI,LB,LB,92.0,90.87,,0.0,0.0,90.87,baseline,Madden 27 baseline,Active,,00-0036418,False,Active,False,,2026-09-15T15:01:49+00:00,Sleeper,,LILB
Saquon Barkley,PHI,HB,RB,92.0,91.24,74.125,0.048,0.0,90.42,baseline,Madden 27 + nflverse performance,Active,,00-0034844,False,Active,False,,2026-09-15T15:01:49+00:00,Sleeper,,RB
Quinyon Mitchell,PHI,CB,DB,89.0,88.73,,0.0,0.0,88.73,baseline,Madden 27 baseline,Active,,00-0039888,False,Active,False,,2026-09-15T15:01:49+00:00,Sleeper,,RCB
Cooper DeJean,PHI,CB,DB,89.0,88.5,,0.0,0.0,88.5,baseline,Madden 27 baseline,Active,,00-0039841,False,Active,False,,2026-09-15T15:01:49+00:00,Sleeper,,FS|SCB
Jalen Carter,PHI,DT,DL,89.0,87.76,,0.0,0.0,87.76,baseline,Madden 27 baseline,Active,,00-0038386,False,Active,False,,2026-09-15T15:01:49+00:00,Sleeper,,LDE
Dallas Goedert,PHI,TE,TE,89.0,86.28,89.17499999999998,0.03333333333333333,0.0,86.38,baseline,Madden 27 + nflverse performance,Active,,00-0034351,False,Active,False,,2026-09-15T15:01:49+00:00,Sleeper,,TE
Landon Dickerson,PHI,LG,OL,85.0,84.81,,0.0,0.0,84.81,baseline,Madden 27 baseline,Inactive,Out,00-0037002,False,Out,True,,2026-09-15T15:01:49+00:00,Sleeper,,LG
Jonathan Greenard,PHI,EDGE,DL,85.0,84.51,,0.0,0.0,84.51,baseline,Madden 27 baseline,Active,Out,00-0036224,False,Out,True,,2026-09-15T15:01:49+00:00,Sleeper,,SLB
Jalen Hurts,PHI,QB,QB,82.0,83.42,76.47297297297297,0.04000000000000001,0.0,83.14,baseline,Madden 27 + nflverse performance,Active,,00-0036389,False,Active,False,,2026-09-15T15:01:49+00:00,Sleeper,,QB
Riq Woolen,PHI,CB,DB,82.0,82.31,,0.0,0.0,82.31,baseline,Madden 27 baseline,Active,,00-0037079,False,Active,False,,2026-09-15T15:01:49+00:00,Sleeper,,LCB
Jake Elliott,PHI,K,ST,79.0,82.0,,0.0,0.0,82.0,baseline,Madden 27 baseline,Active,,00-0033787,False,Active,False,,2026-09-15T15:01:49+00:00,Sleeper,,PK
Braden Mann,PHI,P,ST,79.0,81.95,,0.0,0.0,81.95,baseline,Madden 27 baseline,Active,,00-0036313,False,Active,False,,2026-09-15T15:01:49+00:00,Sleeper,,H|P
Nolan Smith Jr,PHI,EDGE,DL,83.0,81.54,,0.0,0.0,81.54,baseline,Madden 27 baseline,Active,,00-0039013,False,Active,False,,2026-09-15T15:01:49+00:00,Sleeper,,WLB
Jordan Davis,PHI,DT,DL,82.0,81.23,,0.0,0.0,81.23,baseline,Madden 27 baseline,Active,,00-0037073,False,Active,False,,2026-09-15T15:01:49+00:00,Sleeper,,
Tank Bigsby,PHI,HB,RB,77.0,79.3,60.342391304347835,0.0032,0.0,79.24,baseline,Madden 27 + nflverse performance,Active,,00-0038555,False,Active,False,,2026-09-15T15:01:49+00:00,Sleeper,,KR|RB
Marquise Brown,PHI,WR,WR,78.0,79.07,,0.0,0.0,79.07,baseline,Madden 27 baseline,Active,,00-0035662,False,Active,False,,2026-09-15T15:01:49+00:00,Sleeper,Hollywood Brown,WR
Jihaad Campbell,PHI,LB,LB,79.0,79.06,,0.0,0.0,79.06,baseline,Madden 27 baseline,Active,,00-0040708,False,Active,False,,2026-09-15T15:01:49+00:00,Sleeper,,RILB
Cam Jurgens,PHI,C,OL,77.0,77.78,,0.0,0.0,77.78,baseline,Madden 27 baseline,Active,,00-0038112,False,Active,False,,2026-09-15T15:01:49+00:00,Sleeper,,C
Dontayvion Wicks,PHI,WR,WR,76.0,77.51,83.00331125827815,0.021333333333333336,0.0,77.63,baseline,Madden 27 + nflverse performance,Active,,00-0038393,False,Active,False,,2026-09-15T15:01:49+00:00,Sleeper,,WR
Arnold Ebiketie,PHI,EDGE,DL,77.0,77.03,,0.0,0.0,77.03,baseline,Madden 27 baseline,Active,,00-0038116,False,Active,False,,2026-09-15T15:01:49+00:00,Sleeper,,SLB
Makai Lemon,PHI,WR,WR,76.0,77.06,61.86423841059603,0.021333333333333336,0.0,76.74,baseline,Madden 27 + nflverse performance,Active,,00-0040867,False,Active,False,,2026-09-15T15:01:49+00:00,Sleeper,,PR|WR
Dameon Pierce,PHI,HB,RB,74.0,76.18,,0.0,0.0,76.18,baseline,Madden 27 baseline,Active,,00-0037258,False,Active,False,,2026-09-15T15:01:49+00:00,Sleeper,,
Moro Ojomo,PHI,DT,DL,75.0,76.03,,0.0,0.0,76.03,baseline,Madden 27 baseline,Active,,00-0038412,False,Active,False,,2026-09-15T15:01:49+00:00,Sleeper,,RDE
Elijah Moore,PHI,WR,WR,75.0,75.97,,0.0,0.0,75.97,baseline,Madden 27 baseline,Active,Out,00-0036980,False,Out,True,,2026-09-15T15:01:49+00:00,Sleeper,,PR|WR
A.J. Epenesa,PHI,EDGE,DL,75.0,75.83,,0.0,0.0,75.83,baseline,Madden 27 baseline,Active,,00-0036192,False,Active,False,,2026-09-15T15:01:49+00:00,Sleeper,,WLB
Tyler Steen,PHI,RG,OL,74.0,75.58,,0.0,0.0,75.58,baseline,Madden 27 baseline,Active,,00-0039001,False,Active,False,,2026-09-15T15:01:49+00:00,Sleeper,,RG
Michael Carter II,PHI,SS,DB,74.0,75.52,,0.0,0.0,75.52,baseline,Madden 27 baseline,Active,,00-0036501,False,Active,False,,2026-09-15T15:01:49+00:00,Sleeper,,
Will Shipley,PHI,HB,RB,73.0,75.56,65.125,0.0064,0.0,75.49,baseline,Madden 27 + nflverse performance,Active,,00-0039746,False,Active,False,,2026-09-15T15:01:49+00:00,Sleeper,,KR|RB
Marcus Epps,PHI,SS,DB,75.0,75.06,,0.0,0.0,75.06,baseline,Madden 27 baseline,Active,Questionable,00-0034993,False,Questionable,False,,2026-09-15T15:01:49+00:00,Sleeper,,SS
Elijah Mitchell,PHI,HB,RB,72.0,75.0,,0.0,0.0,75.0,baseline,Madden 27 baseline,,,,False,,False,,,,,
Jalyx Hunt,PHI,EDGE,DL,74.0,74.87,,0.0,0.0,74.87,baseline,Madden 27 baseline,Active,,00-0039740,False,Active,False,,2026-09-15T15:01:49+00:00,Sleeper,,SLB
Markel Bell,PHI,RT,OL,73.0,74.48,,0.0,0.0,74.48,baseline,Madden 27 baseline,Active,,00-0041554,False,Active,False,,2026-09-15T15:01:49+00:00,Sleeper,,LT|RT
Andrew Mukuba,PHI,FS,DB,74.0,74.32,,0.0,0.0,74.32,baseline,Madden 27 baseline,Active,,00-0040749,False,Active,False,,2026-09-15T15:01:49+00:00,Sleeper,,FS
Kelee Ringo,PHI,CB,DB,73.0,74.01,,0.0,0.0,74.01,baseline,Madden 27 baseline,Active,,00-0039140,False,Active,False,,2026-09-15T15:01:49+00:00,Sleeper,,RCB
Michael Carter,PHI,HB,RB,71.0,74.0,,0.0,0.0,74.0,baseline,Madden 27 baseline,Active,,00-0036501,True,Active,False,,2026-09-15T15:01:49+00:00,Sleeper,,SS
Andy Dalton,PHI,QB,QB,71.0,73.63,,0.0,0.0,73.63,baseline,Madden 27 baseline,Active,,00-0027973,False,Active,False,,2026-09-15T15:01:49+00:00,Sleeper,,QB
Jakorian Bennett,PHI,CB,DB,73.0,73.6,,0.0,0.0,73.6,baseline,Madden 27 baseline,Inactive,IR,00-0039072,False,Out,True,,2026-09-15T15:01:49+00:00,Sleeper,,LCB
Jonathan Jones,PHI,CB,DB,72.0,73.34,,0.0,0.0,73.34,baseline,Madden 27 baseline,Active,,00-0032580,False,Active,False,,2026-09-15T15:01:49+00:00,Sleeper,,LCB
Carson Steele,PHI,HB,RB,70.0,73.0,,0.0,0.0,73.0,baseline,Madden 27 baseline,Active,,00-0039325,False,Active,False,,2026-09-15T15:01:49+00:00,Sleeper,,
Mac McWilliams,PHI,CB,DB,71.0,72.47,,0.0,0.0,72.47,baseline,Madden 27 baseline,Active,,00-0040071,False,Active,False,,2026-09-15T15:01:49+00:00,Sleeper,,SCB
Ambry Thomas,PHI,CB,DB,71.0,72.23,,0.0,0.0,72.23,baseline,Madden 27 baseline,,,,False,,False,,,,,
Ty Robinson,PHI,DT,DL,71.0,72.04,,0.0,0.0,72.04,baseline,Madden 27 baseline,Active,,00-0040662,False,Active,False,,2026-09-15T15:01:49+00:00,Sleeper,,RDE
Quez Watkins,PHI,WR,WR,69.0,71.53,,0.0,0.0,71.53,baseline,Madden 27 baseline,,,,False,,False,,,,,
Eli Stowers,PHI,TE,TE,72.0,71.39,,0.0,0.0,71.39,baseline,Madden 27 baseline,Inactive,IR,00-0041483,False,Out,True,,2026-09-15T15:01:49+00:00,Sleeper,,TE
Darius Cooper,PHI,WR,WR,68.0,70.83,56.473509933774835,0.0,0.0,70.83,baseline,Madden 27 baseline,Active,,00-0040024,False,Active,False,,2026-09-15T15:01:49+00:00,Sleeper,,WR
Michael Jordan,PHI,LG,OL,69.0,70.81,,0.0,0.0,70.81,baseline,Madden 27 baseline,,,,False,,False,,,,,
Johnny Wilson,PHI,WR,WR,68.0,70.5,,0.0,0.0,70.5,baseline,Madden 27 baseline,Inactive,IR,00-0039236,False,Out,True,,2026-09-15T15:01:49+00:00,Sleeper,,WR
Smael Mondon Jr,PHI,LB,LB,69.0,70.14,,0.0,0.0,70.14,baseline,Madden 27 baseline,Active,,00-0040013,False,Active,False,,2026-09-15T15:01:49+00:00,Sleeper,,LILB
Danny Gray,PHI,WR,WR,68.0,70.14,,0.0,0.0,70.14,baseline,Madden 27 baseline,Active,Questionable,00-0037828,False,Questionable,False,,2026-09-15T15:01:49+00:00,Sleeper,,
Cole Payton,PHI,QB,QB,67.0,70.0,,0.0,0.0,70.0,baseline,Madden 27 baseline,Active,Out,00-0040891,False,Out,True,,2026-09-15T15:01:49+00:00,Sleeper,,QB
Byron Young,PHI,DT,DL,69.0,69.97,,0.0,0.0,69.97,baseline,Madden 27 baseline,Active,,00-0038978,False,Active,False,,2026-09-15T15:01:49+00:00,Sleeper,,LDE
Micah Morris,PHI,RG,OL,68.0,69.48,,0.0,0.0,69.48,baseline,Madden 27 baseline,Active,Out,00-0040897,False,Out,True,,2026-09-15T15:01:49+00:00,Sleeper,,RG
Grant Calcaterra,PHI,TE,TE,69.0,69.18,,0.0,0.0,69.18,baseline,Madden 27 baseline,Inactive,IR,00-0037086,False,Out,True,,2026-09-15T15:01:49+00:00,Sleeper,,TE
Keyshawn James-Newby,PHI,EDGE,DL,68.0,69.0,,0.0,0.0,69.0,baseline,Madden 27 baseline,Active,,00-0040908,False,Active,False,,2026-09-15T15:01:49+00:00,Sleeper,,
Tanner McKee,PHI,QB,QB,66.0,69.0,,0.0,0.0,69.0,baseline,Madden 27 baseline,Active,Out,00-0038400,False,Out,True,,2026-09-15T15:01:49+00:00,Sleeper,,QB
Jeremiah Trotter Jr,PHI,LB,LB,67.0,68.91,,0.0,0.0,68.91,baseline,Madden 27 baseline,Active,,00-0039826,False,Active,False,,2026-09-15T15:01:49+00:00,Sleeper,,RILB
Johnny Mundt,PHI,TE,TE,68.0,68.63,,0.0,0.0,68.63,baseline,Madden 27 baseline,Active,,00-0033246,False,Active,False,,2026-09-15T15:01:49+00:00,Sleeper,,TE
Drew Kendall,PHI,RG,OL,66.0,67.96,,0.0,0.0,67.96,baseline,Madden 27 baseline,Active,,00-0040587,False,Active,False,,2026-09-15T15:01:49+00:00,Sleeper,,C
Fred Johnson,PHI,LT,OL,65.0,67.53,,0.0,0.0,67.53,baseline,Madden 27 baseline,Active,,00-0034951,False,Active,False,,2026-09-15T15:01:49+00:00,Sleeper,,RT
Cole Wisniewski,PHI,FS,DB,65.0,66.69,,0.0,0.0,66.69,baseline,Madden 27 baseline,Active,,00-0040905,False,Active,False,,2026-09-15T15:01:49+00:00,Sleeper,,
Britain Covey,PHI,WR,WR,65.0,66.43,56.473509933774835,0.0,0.0,66.43,baseline,Madden 27 baseline,Active,,00-0037132,False,Active,False,,2026-09-15T15:01:49+00:00,Sleeper,,
Gabe Hall,PHI,DT,DL,64.0,65.87,,0.0,0.0,65.87,baseline,Madden 27 baseline,Active,,00-0039265,False,Active,False,,2026-09-15T15:01:49+00:00,Sleeper,,
Chance Campbell,PHI,LB,LB,64.0,65.74,,0.0,0.0,65.74,baseline,Madden 27 baseline,Active,,00-0037312,False,Active,False,,2026-09-15T15:01:49+00:00,Sleeper,,
E.J. Jenkins,PHI,TE,TE,64.79,64.79,,0.0,0.0,64.79,baseline,Replacement-level estimate baseline,Active,,00-0038498,False,Active,False,,2026-09-15T15:01:49+00:00,Sleeper,,TE
Willie Lampkin IV,PHI,C,OL,61.0,63.61,,0.0,0.0,63.61,baseline,Madden 27 baseline,Active,,00-0040631,False,Active,False,,2026-09-15T15:01:49+00:00,Sleeper,,LG
J.T. Gray,PHI,SS,DB,62.0,63.34,,0.0,0.0,63.34,baseline,Madden 27 baseline,,,,False,,False,,,,,
John Ojukwu,PHI,LT,OL,61.0,63.33,,0.0,0.0,63.33,baseline,Madden 27 baseline,Active,,00-0038852,False,Active,False,,2026-09-15T15:01:49+00:00,Sleeper,,
Hollin Pierce,PHI,LT,OL,61.0,63.32,,0.0,0.0,63.32,baseline,Madden 27 baseline,,,,False,,False,,,,,
Rocco Underwood,PHI,LS,ST,65.0,62.0,,0.0,0.0,62.0,baseline,Madden 27 baseline,Active,,00-0040925,False,Active,False,,2026-09-15T15:01:49+00:00,Sleeper,,LS
Jake Majors,PHI,C,OL,59.0,61.76,,0.0,0.0,61.76,baseline,Madden 27 baseline,Active,,00-0040422,False,Active,False,,2026-09-15T15:01:49+00:00,Sleeper,,
Uar Bernard,PHI,DT,DL,59.0,60.29,,0.0,0.0,60.29,baseline,Madden 27 baseline,Active,,00-0041580,False,Active,False,,2026-09-15T15:01:49+00:00,Sleeper,,
Cam Heyward,PIT,DT,DL,95.0,93.18,,0.0,0.0,93.18,baseline,Madden 27 baseline,,,00-0027969,False,,False,,,,Cameron Heyward,RDE
T.J. Watt,PIT,EDGE,DL,93.0,92.22,,0.0,0.0,92.22,baseline,Madden 27 baseline,Active,,00-0033886,False,Active,False,,2026-09-15T15:01:49+00:00,Sleeper,,WLB
Jalen Ramsey,PIT,FS,DB,90.0,89.53,,0.0,0.0,89.53,baseline,Madden 27 baseline,Active,,00-0033055,False,Active,False,,2026-09-15T15:01:49+00:00,Sleeper,,SCB
Chris Boswell,PIT,K,ST,86.0,88.84,,0.0,0.0,88.84,baseline,Madden 27 baseline,Active,,00-0031136,False,Active,False,,2026-09-15T15:01:49+00:00,Sleeper,,PK
Alex Highsmith,PIT,EDGE,DL,87.0,86.65,,0.0,0.0,86.65,baseline,Madden 27 baseline,Active,,00-0036333,False,Active,False,,2026-09-15T15:01:49+00:00,Sleeper,,SLB
Jamel Dean,PIT,CB,DB,86.0,86.02,,0.0,0.0,86.02,baseline,Madden 27 baseline,Active,,00-0035699,False,Active,False,,2026-09-15T15:01:49+00:00,Sleeper,,RCB
Zach Frazier,PIT,C,OL,85.0,85.76,,0.0,0.0,85.76,baseline,Madden 27 baseline,Active,,00-0039896,False,Active,False,,2026-09-15T15:01:49+00:00,Sleeper,,C
DK Metcalf,PIT,WR,WR,85.0,85.54,78.67549668874172,0.05333333333333334,0.0,85.17,baseline,Madden 27 + nflverse performance,Active,,00-0035640,False,Active,False,,2026-09-15T15:01:49+00:00,Sleeper,,WR
Joey Porter,PIT,CB,DB,85.0,84.89,,0.0,0.0,84.89,baseline,Madden 27 baseline,Active,Out,00-0039167,False,Out,True,,2026-09-15T15:01:49+00:00,Sleeper,,LCB
Rico Dowdle,PIT,HB,RB,84.0,84.88,69.02717391304347,0.0256,0.0,84.47,baseline,Madden 27 + nflverse performance,Active,,00-0036139,False,Active,False,,2026-09-15T15:01:49+00:00,Sleeper,,PR|RB
Jaylen Warren,PIT,HB,RB,83.0,84.21,78.4945652173913,0.032,0.0,84.03,baseline,Madden 27 + nflverse performance,Active,,00-0037228,False,Active,False,,2026-09-15T15:01:49+00:00,Sleeper,,RB
Michael Pittman,PIT,WR,WR,83.0,83.62,76.29139072847683,0.016,0.0,83.5,baseline,Madden 27 + nflverse performance,Active,,00-0036252,False,Active,False,,2026-09-15T15:01:49+00:00,Sleeper,,WR
Aaron Rodgers,PIT,QB,QB,79.0,80.46,73.77027027027026,0.064,0.0,80.03,baseline,Madden 27 + nflverse performance,Active,,00-0023459,False,Active,False,,2026-09-15T15:01:49+00:00,Sleeper,,QB
Patrick Queen,PIT,LB,LB,80.0,79.96,,0.0,0.0,79.96,baseline,Madden 27 baseline,Active,,00-0036323,False,Active,False,,2026-09-15T15:01:49+00:00,Sleeper,,RILB
Jaquan Brisker,PIT,SS,DB,81.0,79.93,,0.0,0.0,79.93,baseline,Madden 27 baseline,Active,,00-0038135,False,Active,False,,2026-09-15T15:01:49+00:00,Sleeper,,FS
DeShon Elliott,PIT,SS,DB,80.0,79.05,,0.0,0.0,79.05,baseline,Madden 27 baseline,Inactive,IR,00-0034277,False,Out,True,,2026-09-15T15:01:49+00:00,Sleeper,,SS
Pat Freiermuth,PIT,TE,TE,79.0,78.13,87.1,0.03333333333333333,0.0,78.43,baseline,Madden 27 + nflverse performance,Active,,00-0036894,False,Active,False,,2026-09-15T15:01:49+00:00,Sleeper,,TE
Nick Herbig,PIT,EDGE,DL,78.0,78.4,,0.0,0.0,78.4,baseline,Madden 27 baseline,Active,,00-0038577,False,Active,False,,2026-09-15T15:01:49+00:00,Sleeper,,WLB
Troy Fautanu,PIT,LT,OL,77.0,78.14,,0.0,0.0,78.14,baseline,Madden 27 baseline,Active,,00-0039871,False,Active,False,,2026-09-15T15:01:49+00:00,Sleeper,,LT
Mason McCormick,PIT,LG,OL,77.0,77.97,,0.0,0.0,77.97,baseline,Madden 27 baseline,Active,,00-0039358,False,Active,False,,2026-09-15T15:01:49+00:00,Sleeper,,LG
Sebastian Joseph-Day,PIT,DT,DL,78.0,77.71,,0.0,0.0,77.71,baseline,Madden 27 baseline,Active,,00-0034810,False,Active,False,,2026-09-15T15:01:49+00:00,Sleeper,,NT
Derrick Harmon,PIT,DT,DL,77.0,77.31,,0.0,0.0,77.31,baseline,Madden 27 baseline,Active,,00-0040678,False,Active,False,,2026-09-15T15:01:49+00:00,Sleeper,,LDE
Asante Samuel Jr,PIT,CB,DB,76.0,77.23,,0.0,0.0,77.23,baseline,Madden 27 baseline,Active,,00-0036617,False,Active,False,,2026-09-15T15:01:49+00:00,Sleeper,,LCB
Rayshawn Jenkins,PIT,FS,DB,77.0,76.6,,0.0,0.0,76.6,baseline,Madden 27 baseline,Active,,00-0033941,False,Active,False,,2026-09-15T15:01:49+00:00,Sleeper,,SS
Keeanu Benton,PIT,DT,DL,76.0,76.57,,0.0,0.0,76.57,baseline,Madden 27 baseline,Active,,00-0039110,False,Active,False,,2026-09-15T15:01:49+00:00,Sleeper,,NT
Max Iheanachor,PIT,LT,OL,75.0,76.11,,0.0,0.0,76.11,baseline,Madden 27 baseline,Active,,00-0041482,False,Active,False,,2026-09-15T15:01:49+00:00,Sleeper,,RT
Germie Bernard,PIT,WR,WR,74.0,75.97,,0.0,0.0,75.97,baseline,Madden 27 baseline,Active,,00-0041489,False,Active,False,,2026-09-15T15:01:49+00:00,Sleeper,,WR
Brandin Echols,PIT,CB,DB,75.0,75.77,,0.0,0.0,75.77,baseline,Madden 27 baseline,Active,,00-0036504,False,Active,False,,2026-09-15T15:01:49+00:00,Sleeper,,SCB
Payton Wilson,PIT,LB,LB,75.0,75.65,,0.0,0.0,75.65,baseline,Madden 27 baseline,Active,,00-0039741,False,Active,False,,2026-09-15T15:01:49+00:00,Sleeper,,LILB
Cole Holcomb,PIT,LB,LB,75.0,75.61,,0.0,0.0,75.61,baseline,Madden 27 baseline,Active,,00-0035286,False,Active,False,,2026-09-15T15:01:49+00:00,Sleeper,,LILB
Cameron Johnston,PIT,P,ST,72.0,75.0,,0.0,0.0,75.0,baseline,Madden 27 baseline,Active,,00-0033729,False,Active,False,,2026-09-15T15:01:49+00:00,Sleeper,,H|P
Darnell Washington,PIT,TE,TE,76.0,74.99,71.55624999999999,0.013333333333333334,0.0,74.94,baseline,Madden 27 + nflverse performance,Active,,00-0038558,False,Active,False,,2026-09-15T15:01:49+00:00,Sleeper,,TE
Gennings Dunker,PIT,LG,OL,72.0,73.49,,0.0,0.0,73.49,baseline,Madden 27 baseline,Active,Out,00-0041396,False,Out,True,,2026-09-15T15:01:49+00:00,Sleeper,,LG
Roman Wilson,PIT,WR,WR,71.0,73.27,73.68211920529801,0.032,0.0,73.28,baseline,Madden 27 + nflverse performance,Active,,00-0039739,False,Active,False,,2026-09-15T15:01:49+00:00,Sleeper,,KR|PR|WR
Jack Sawyer,PIT,EDGE,DL,72.0,73.21,,0.0,0.0,73.21,baseline,Madden 27 baseline,Active,,00-0040160,False,Active,False,,2026-09-15T15:01:49+00:00,Sleeper,,SLB
Daylen Everette,PIT,CB,DB,72.0,72.97,,0.0,0.0,72.97,baseline,Madden 27 baseline,Active,,00-0041393,False,Active,False,,2026-09-15T15:01:49+00:00,Sleeper,,RCB
A.T. Perry,PIT,WR,WR,70.0,72.6,,0.0,0.0,72.6,baseline,Madden 27 baseline,,,,False,,False,,,,,
Ben Skowronek,PIT,WR,WR,70.0,72.53,,0.0,0.0,72.53,baseline,Madden 27 baseline,Active,,00-0036862,False,Active,False,,2026-09-15T15:01:49+00:00,Sleeper,,WR
Eli Heidenreich,PIT,HB,RB,69.0,72.0,57.12500000000001,0.0,0.0,72.0,baseline,Madden 27 baseline,Active,,00-0041490,False,Active,False,,2026-09-15T15:01:49+00:00,Sleeper,,KR|RB
Dean Lowry,PIT,DT,DL,71.0,71.89,,0.0,0.0,71.89,baseline,Madden 27 baseline,,,,False,,False,,,,,
Logan Lee,PIT,DT,DL,70.0,71.44,,0.0,0.0,71.44,baseline,Madden 27 baseline,Inactive,IR,00-0039389,False,Out,True,,2026-09-15T15:01:49+00:00,Sleeper,,RDE
Drew Allar,PIT,QB,QB,68.0,71.0,,0.0,0.0,71.0,baseline,Madden 27 baseline,Active,Out,00-0041565,False,Out,True,,2026-09-15T15:01:49+00:00,Sleeper,,QB
Travis Homer,PIT,HB,RB,68.0,71.0,,0.0,0.0,71.0,baseline,Madden 27 baseline,Active,,00-0035594,False,Active,False,,2026-09-15T15:01:49+00:00,Sleeper,,
Brock Hoffman,PIT,RG,OL,69.0,70.75,,0.0,0.0,70.75,baseline,Madden 27 baseline,Active,,00-0037336,False,Active,False,,2026-09-15T15:01:49+00:00,Sleeper,,RG
Yahya Black,PIT,DT,DL,68.0,69.39,,0.0,0.0,69.39,baseline,Madden 27 baseline,Active,,00-0040188,False,Active,False,,2026-09-15T15:01:49+00:00,Sleeper,,RDE
Jamin Davis,PIT,LB,LB,69.0,69.37,,0.0,0.0,69.37,baseline,Madden 27 baseline,,,,False,,False,,,,,
Donte Kent,PIT,CB,DB,68.0,69.35,,0.0,0.0,69.35,baseline,Madden 27 baseline,Active,PUP,00-0040232,False,Out,True,,2026-09-15T15:01:49+00:00,Sleeper,,KR|PR|SCB
Kaden Wetjen,PIT,WR,WR,68.0,69.3,56.473509933774835,0.0,0.0,69.3,baseline,Madden 27 baseline,Active,,00-0041397,False,Active,False,,2026-09-15T15:01:49+00:00,Sleeper,,KR|PR|WR
Mason Rudolph,PIT,QB,QB,66.0,69.0,,0.0,0.0,69.0,baseline,Madden 27 baseline,Active,,00-0034771,False,Active,False,,2026-09-15T15:01:49+00:00,Sleeper,,QB
Spencer Anderson,PIT,RG,OL,67.0,68.99,,0.0,0.0,68.99,baseline,Madden 27 baseline,Active,,00-0038645,False,Active,False,,2026-09-15T15:01:49+00:00,Sleeper,,RG
Gabe Rubio,PIT,DT,DL,67.0,68.68,,0.0,0.0,68.68,baseline,Madden 27 baseline,ACT,,00-0041400,False,,False,,,,,
Robert Tonyan,PIT,TE,TE,67.0,67.95,,0.0,0.0,67.95,baseline,Madden 27 baseline,Active,,00-0033757,False,Active,False,,2026-09-15T15:01:49+00:00,Sleeper,,TE
Kevin Jobity Jr.,PIT,DT,DL,66.0,67.61,,0.0,0.0,67.61,baseline,Madden 27 baseline,Active,,00-0041261,False,Active,False,,2026-09-15T15:01:49+00:00,Sleeper,,LDE
Will Howard,PIT,QB,QB,64.0,67.0,,0.0,0.0,67.0,baseline,Madden 27 baseline,Active,Out,00-0040203,False,Out,True,,2026-09-15T15:01:49+00:00,Sleeper,,QB
Jack Driscoll,PIT,RT,OL,65.0,66.97,,0.0,0.0,66.97,baseline,Madden 27 baseline,Inactive,IR,00-0036396,False,Out,True,,2026-09-15T15:01:49+00:00,Sleeper,,LT
Robert Spears-Jennings,PIT,SS,DB,65.0,66.77,,0.0,0.0,66.77,baseline,Madden 27 baseline,Active,,00-0041401,False,Active,False,,2026-09-15T15:01:49+00:00,Sleeper,,FS
Esezi Otomewo,PIT,DT,DL,65.0,66.63,,0.0,0.0,66.63,baseline,Madden 27 baseline,Active,,00-0037274,False,Active,False,,2026-09-15T15:01:49+00:00,Sleeper,,
Lew Nichols,PIT,HB,RB,63.0,66.0,,0.0,0.0,66.0,baseline,Madden 27 baseline,Active,,00-0038409,False,Active,False,,2026-09-15T15:01:49+00:00,Sleeper,,
Carson Bruener,PIT,LB,LB,64.0,65.79,,0.0,0.0,65.79,baseline,Madden 27 baseline,Active,,00-0040231,False,Active,False,,2026-09-15T15:01:49+00:00,Sleeper,,RILB
Jaheim Bell,PIT,TE,TE,65.0,65.74,,0.0,0.0,65.74,baseline,Madden 27 baseline,CUT,,00-0039420,False,,False,,,,,
Jacoby Windmon,PIT,EDGE,DL,64.0,65.74,,0.0,0.0,65.74,baseline,Madden 27 baseline,Active,,00-0039457,False,Active,False,,2026-09-15T15:01:49+00:00,Sleeper,,
Dylan Cook,PIT,RT,OL,63.0,65.17,,0.0,0.0,65.17,baseline,Madden 27 baseline,Active,,00-0037480,False,Active,False,,2026-09-15T15:01:49+00:00,Sleeper,,LT|RT
D'Shawn Jamison,PIT,CB,DB,63.0,65.15,,0.0,0.0,65.15,baseline,Madden 27 baseline,,,,False,,False,,,,,
Brandon Smith,PIT,WR,WR,62.0,64.63,,0.0,0.0,64.63,baseline,Madden 27 baseline,Active,,00-0036775,False,Active,False,,2026-09-15T15:01:49+00:00,Sleeper,,
Tamon Lynum,PIT,CB,DB,62.0,64.28,,0.0,0.0,64.28,baseline,Madden 27 baseline,CUT,,00-0041488,False,,False,,,,,
Sebastian Castro,PIT,FS,DB,62.0,64.26,,0.0,0.0,64.26,baseline,Madden 27 baseline,Active,,00-0040527,False,Active,False,,2026-09-15T15:01:49+00:00,Sleeper,,
Lake McRee,PIT,TE,TE,61.0,62.97,,0.0,0.0,62.97,baseline,Madden 27 baseline,Active,,00-0041263,False,Active,False,,2026-09-15T15:01:49+00:00,Sleeper,,
Riley Nowakowski,PIT,TE,TE,61.0,62.9,57.12500000000001,0.0,0.0,62.9,baseline,Madden 27 baseline,Active,,00-0041398,False,Active,False,,2026-09-15T15:01:49+00:00,Sleeper,,FB
Greg Crippen,PIT,C,OL,58.0,61.0,,0.0,0.0,61.0,baseline,Madden 27 baseline,CUT,,00-0041430,False,,False,,,,,
Christian Kuntz,PIT,LS,ST,62.0,59.0,,0.0,0.0,59.0,baseline,Madden 27 baseline,Active,,00-0034051,False,Active,False,,2026-09-15T15:01:49+00:00,Sleeper,,LS
Ryan McCollum,PIT,C,OL,54.0,57.0,,0.0,0.0,57.0,baseline,Madden 27 baseline,Active,,00-0036783,False,Active,False,,2026-09-15T15:01:49+00:00,Sleeper,,C
Jaxon Smith-Njigba,SEA,WR,WR,99.0,98.27,90.98344370860927,0.05866666666666667,0.0,97.84,baseline,Madden 27 + nflverse performance,Active,,00-0038543,False,Active,False,,2026-09-15T15:01:49+00:00,Sleeper,,WR
Devon Witherspoon,SEA,CB,DB,91.0,90.08,,0.0,0.0,90.08,baseline,Madden 27 baseline,Active,,00-0039169,False,Active,False,,2026-09-15T15:01:49+00:00,Sleeper,,LCB
Michael Dickson,SEA,P,ST,85.0,88.0,,0.0,0.0,88.0,baseline,Madden 27 baseline,Active,,00-0034160,False,Active,False,,2026-09-15T15:01:49+00:00,Sleeper,,H|P
Sam Darnold,SEA,QB,QB,87.0,87.62,58.567567567567565,0.0032,0.0,87.53,baseline,Madden 27 + nflverse performance,Active,Out,00-0034869,False,Out,True,,2026-09-15T15:01:49+00:00,Sleeper,,QB
Leonard Williams,SEA,DT,DL,88.0,87.11,,0.0,0.0,87.11,baseline,Madden 27 baseline,Active,,00-0031933,False,Active,False,,2026-09-15T15:01:49+00:00,Sleeper,,LDE
Jason Myers,SEA,K,ST,84.0,87.0,,0.0,0.0,87.0,baseline,Madden 27 baseline,Active,,00-0031492,False,Active,False,,2026-09-15T15:01:49+00:00,Sleeper,,PK
DeMarcus Lawrence,SEA,EDGE,DL,87.0,86.32,,0.0,0.0,86.32,baseline,Madden 27 baseline,Active,,00-0031411,False,Active,False,,2026-09-15T15:01:49+00:00,Sleeper,,WLB
Byron Murphy II,SEA,DT,DL,85.0,84.93,,0.0,0.0,84.93,baseline,Madden 27 baseline,Active,,00-0039309,False,Active,False,,2026-09-15T15:01:49+00:00,Sleeper,,NT
Nick Emmanwori,SEA,SS,DB,86.0,84.83,,0.0,0.0,84.83,baseline,Madden 27 baseline,Active,Out,00-0040733,False,Out,True,,2026-09-15T15:01:49+00:00,Sleeper,,SCB
Julian Love,SEA,SS,DB,85.0,84.35,,0.0,0.0,84.35,baseline,Madden 27 baseline,Active,,00-0034974,False,Active,False,,2026-09-15T15:01:49+00:00,Sleeper,,FS
Zach Charbonnet,SEA,HB,RB,83.0,83.79,,0.0,0.0,83.79,baseline,Madden 27 baseline,Active,PUP,00-0039165,False,Out,True,,2026-09-15T15:01:49+00:00,Sleeper,,RB
Cooper Kupp,SEA,WR,WR,83.0,83.91,72.06953642384106,0.016,0.0,83.72,baseline,Madden 27 + nflverse performance,Active,,00-0033908,False,Active,False,,2026-09-15T15:01:49+00:00,Sleeper,,WR
Abraham Lucas,SEA,RT,OL,83.0,83.69,,0.0,0.0,83.69,baseline,Madden 27 baseline,Active,,00-0037812,False,Active,False,,2026-09-15T15:01:49+00:00,Sleeper,,RT
Ernest Jones IV,SEA,LB,LB,84.0,83.54,,0.0,0.0,83.54,baseline,Madden 27 baseline,Active,,00-0036994,False,Active,False,,2026-09-15T15:01:49+00:00,Sleeper,,RILB
Charles Cross,SEA,LT,OL,83.0,83.5,,0.0,0.0,83.5,baseline,Madden 27 baseline,Active,,00-0037821,False,Active,False,,2026-09-15T15:01:49+00:00,Sleeper,,LT
Rashid Shaheed,SEA,WR,WR,79.0,79.8,65.27814569536423,0.016,0.0,79.57,baseline,Madden 27 + nflverse performance,Active,,00-0037545,False,Active,False,,2026-09-15T15:01:49+00:00,Sleeper,,KR|PR|WR
Jarran Reed,SEA,DT,DL,78.0,78.18,,0.0,0.0,78.18,baseline,Madden 27 baseline,Active,,00-0032387,False,Active,False,,2026-09-15T15:01:49+00:00,Sleeper,,RDE
Josh Jobe,SEA,CB,DB,77.0,77.7,,0.0,0.0,77.7,baseline,Madden 27 baseline,Active,,00-0037137,False,Active,False,,2026-09-15T15:01:49+00:00,Sleeper,,RCB
Jadarian Price,SEA,HB,RB,75.0,77.34,76.05434782608695,0.032,0.0,77.3,baseline,Madden 27 + nflverse performance,Active,,00-0041512,False,Active,False,,2026-09-15T15:01:49+00:00,Sleeper,,KR|RB
Derick Hall,SEA,EDGE,DL,77.0,77.12,,0.0,0.0,77.12,baseline,Madden 27 baseline,Active,,00-0039047,False,Active,False,,2026-09-15T15:01:49+00:00,Sleeper,,SLB
Tory Horton,SEA,WR,WR,75.0,76.65,,0.0,0.0,76.65,baseline,Madden 27 baseline,Active,Out,00-0040648,False,Out,True,,2026-09-15T15:01:49+00:00,Sleeper,,PR|WR
Uchenna Nwosu,SEA,EDGE,DL,76.0,76.62,,0.0,0.0,76.62,baseline,Madden 27 baseline,Active,,00-0034350,False,Active,False,,2026-09-15T15:01:49+00:00,Sleeper,,SLB
Drake Thomas,SEA,LB,LB,75.0,75.98,,0.0,0.0,75.98,baseline,Madden 27 baseline,Active,,00-0038922,False,Active,False,,2026-09-15T15:01:49+00:00,Sleeper,,LILB
Grey Zabel,SEA,LG,OL,75.0,75.85,,0.0,0.0,75.85,baseline,Madden 27 baseline,Active,,00-0040639,False,Active,False,,2026-09-15T15:01:49+00:00,Sleeper,,LG
Emanuel Wilson,SEA,HB,RB,73.0,75.84,60.766304347826086,0.0064,0.0,75.74,baseline,Madden 27 + nflverse performance,Active,,00-0038797,False,Active,False,,2026-09-15T15:01:49+00:00,Sleeper,,RB
Tyrice Knight,SEA,LB,LB,75.0,75.46,,0.0,0.0,75.46,baseline,Madden 27 baseline,Active,,00-0039815,False,Active,False,,2026-09-15T15:01:49+00:00,Sleeper,,LILB
Ty Okada,SEA,FS,DB,75.0,75.32,,0.0,0.0,75.32,baseline,Madden 27 baseline,Active,Out,00-0038765,False,Out,True,,2026-09-15T15:01:49+00:00,Sleeper,,SS
Bud Clark,SEA,FS,DB,75.0,75.28,,0.0,0.0,75.28,baseline,Madden 27 baseline,Inactive,IR,00-0041463,False,Out,True,,2026-09-15T15:01:49+00:00,Sleeper,,SS
Dante Fowler Jr,SEA,EDGE,DL,75.0,75.08,,0.0,0.0,75.08,baseline,Madden 27 baseline,Active,,00-0032052,False,Active,False,,2026-09-15T15:01:49+00:00,Sleeper,,WLB
A.J. Barner,SEA,TE,TE,75.0,74.4,69.75,0.013333333333333334,0.0,74.34,baseline,Madden 27 + nflverse performance,Active,,00-0039793,False,Active,False,,2026-09-15T15:01:49+00:00,Sleeper,,TE
Josh Jones,SEA,LT,OL,71.0,72.96,,0.0,0.0,72.96,baseline,Madden 27 baseline,Active,,00-0036363,False,Active,False,,2026-09-15T15:01:49+00:00,Sleeper,,LT
Anthony Bradford,SEA,RG,OL,72.0,72.85,,0.0,0.0,72.85,baseline,Madden 27 baseline,Active,,00-0039020,False,Active,False,,2026-09-15T15:01:49+00:00,Sleeper,,RG
Julian Neal,SEA,CB,DB,71.0,72.58,,0.0,0.0,72.58,baseline,Madden 27 baseline,Active,,00-0040873,False,Active,False,,2026-09-15T15:01:49+00:00,Sleeper,,RCB
Christian Haynes,SEA,LG,OL,71.0,72.14,,0.0,0.0,72.14,baseline,Madden 27 baseline,Active,,00-0039839,False,Active,False,,2026-09-15T15:01:49+00:00,Sleeper,,RG
Beau Stephens,SEA,RG,OL,70.0,71.7,,0.0,0.0,71.7,baseline,Madden 27 baseline,Active,Out,00-0040882,False,Out,True,,2026-09-15T15:01:49+00:00,Sleeper,,LG
Jake Bobo,SEA,WR,WR,69.0,71.65,,0.0,0.0,71.65,baseline,Madden 27 baseline,Inactive,IR,00-0038752,False,Out,True,,2026-09-15T15:01:49+00:00,Sleeper,,WR
Robbie Ouzts,SEA,FB,RB,73.0,71.63,,0.0,0.0,71.63,baseline,Madden 27 baseline,Inactive,IR,00-0040649,False,Out,True,,2026-09-15T15:01:49+00:00,Sleeper,,FB
Elijah Arroyo,SEA,TE,TE,71.0,71.02,,0.0,0.0,71.02,baseline,Madden 27 baseline,Active,,00-0040739,False,Active,False,,2026-09-15T15:01:49+00:00,Sleeper,,TE
Velus Jones Jr,SEA,HB,RB,68.0,71.0,,0.0,0.0,71.0,baseline,Madden 27 baseline,Active,,00-0037745,False,Active,False,,2026-09-15T15:01:49+00:00,Sleeper,,
Jalen Sundell,SEA,C,OL,69.0,70.83,,0.0,0.0,70.83,baseline,Madden 27 baseline,Active,,00-0039926,False,Active,False,,2026-09-15T15:01:49+00:00,Sleeper,,C
Montorie Foster Jr.,SEA,WR,WR,70.67,70.67,56.473509933774835,0.0,0.0,70.67,baseline,Replacement-level estimate baseline,Active,,00-0040621,False,Active,False,,2026-09-15T15:01:49+00:00,Sleeper,,WR
Rylie Mills,SEA,DT,DL,69.0,70.57,,0.0,0.0,70.57,baseline,Madden 27 baseline,Active,,00-0040647,False,Active,False,,2026-09-15T15:01:49+00:00,Sleeper,,RDE
Nehemiah Pritchett,SEA,CB,DB,69.0,70.52,,0.0,0.0,70.52,baseline,Madden 27 baseline,Active,,00-0039795,False,Active,False,,2026-09-15T15:01:49+00:00,Sleeper,,LCB
Rodney Thomas II,SEA,SS,DB,69.0,70.47,,0.0,0.0,70.47,baseline,Madden 27 baseline,Active,,00-0037323,False,Active,False,,2026-09-15T15:01:49+00:00,Sleeper,,
George Holani,SEA,HB,RB,67.0,70.0,66.91847826086956,0.0256,0.0,69.92,baseline,Madden 27 + nflverse performance,Active,,00-0039299,False,Active,False,,2026-09-15T15:01:49+00:00,Sleeper,,KR|RB
Ricky White III,SEA,WR,WR,67.0,69.75,,0.0,0.0,69.75,baseline,Madden 27 baseline,Active,,00-0040653,False,Active,False,,2026-09-15T15:01:49+00:00,Sleeper,,
Emmanuel Henderson Jr.,SEA,WR,WR,67.0,69.31,,0.0,0.0,69.31,baseline,Madden 27 baseline,Active,,00-0040895,False,Active,False,,2026-09-15T15:01:49+00:00,Sleeper,,
Mike Morris,SEA,DT,DL,68.0,69.27,,0.0,0.0,69.27,baseline,Madden 27 baseline,Active,Out,00-0038591,False,Out,True,,2026-09-15T15:01:49+00:00,Sleeper,,LDE
Jalen Milroe,SEA,QB,QB,66.0,69.0,,0.0,0.0,69.0,baseline,Madden 27 baseline,Active,Out,00-0040673,False,Out,True,,2026-09-15T15:01:49+00:00,Sleeper,,QB
Drew Lock,SEA,QB,QB,66.0,69.0,68.72972972972974,0.0352,0.0,68.99,baseline,Madden 27 + nflverse performance,Active,,00-0035704,False,Active,False,,2026-09-15T15:01:49+00:00,Sleeper,,QB
Michael Dansby,SEA,CB,DB,67.0,68.77,,0.0,0.0,68.77,baseline,Madden 27 baseline,Active,,00-0040910,False,Active,False,,2026-09-15T15:01:49+00:00,Sleeper,,
D'Anthony Bell,SEA,FS,DB,67.0,68.61,,0.0,0.0,68.61,baseline,Madden 27 baseline,Active,,00-0037332,False,Active,False,,2026-09-15T15:01:49+00:00,Sleeper,,
Andre Fuller,SEA,CB,DB,67.0,68.54,,0.0,0.0,68.54,baseline,Madden 27 baseline,Active,,00-0040903,False,Active,False,,2026-09-15T15:01:49+00:00,Sleeper,,
Jamie Sheriff,SEA,EDGE,DL,67.0,68.36,,0.0,0.0,68.36,baseline,Madden 27 baseline,,,,False,,False,,,,,
Shemar Jean-Charles,SEA,CB,DB,66.0,67.94,,0.0,0.0,67.94,baseline,Madden 27 baseline,,,,False,,False,,,,,
Eric Saubert,SEA,TE,TE,67.0,67.79,56.0125,0.0,0.0,67.79,baseline,Madden 27 baseline,Active,,00-0033576,False,Active,False,,2026-09-15T15:01:49+00:00,Sleeper,,TE
Olusegun Oluwatimi,SEA,C,OL,66.0,67.75,,0.0,0.0,67.75,baseline,Madden 27 baseline,,,00-0038593,False,,False,,,,Olu Oluwatimi,C
Cody White,SEA,WR,WR,64.0,67.0,58.082781456953654,0.005333333333333334,0.0,66.95,baseline,Madden 27 + nflverse performance,,,,False,,False,,,,,
Bobby Hart,SEA,LT,OL,64.0,66.84,,0.0,0.0,66.84,baseline,Madden 27 baseline,Active,,00-0031622,False,Active,False,,2026-09-15T15:01:49+00:00,Sleeper,,
Maxen Hook,SEA,FS,DB,65.0,66.78,,0.0,0.0,66.78,baseline,Madden 27 baseline,Active,,00-0040026,False,Active,False,,2026-09-15T15:01:49+00:00,Sleeper,,
Deven Eastern,SEA,DT,DL,64.0,66.6,,0.0,0.0,66.6,baseline,Madden 27 baseline,Active,,00-0040904,False,Active,False,,2026-09-15T15:01:49+00:00,Sleeper,,
Connor O'Toole,SEA,EDGE,DL,64.0,65.73,,0.0,0.0,65.73,baseline,Madden 27 baseline,Active,,00-0040061,False,Active,False,,2026-09-15T15:01:49+00:00,Sleeper,,SLB
Nick Vannett,SEA,TE,TE,64.0,65.6,,0.0,0.0,65.6,baseline,Madden 27 baseline,,,,False,,False,,,,,
Chazz Surratt,SEA,LB,LB,64.0,65.54,,0.0,0.0,65.54,baseline,Madden 27 baseline,Active,,00-0037003,False,Active,False,,2026-09-15T15:01:49+00:00,Sleeper,,LILB
AJ Finley,SEA,SS,DB,63.0,65.46,,0.0,0.0,65.46,baseline,Madden 27 baseline,Active,,00-0038866,False,Active,False,,2026-09-15T15:01:49+00:00,Sleeper,,SS
Logan Brown,SEA,RT,OL,63.0,65.03,,0.0,0.0,65.03,baseline,Madden 27 baseline,Active,,00-0040495,False,Active,False,,2026-09-15T15:01:49+00:00,Sleeper,,
Brandon Pili,SEA,DT,DL,63.0,64.57,,0.0,0.0,64.57,baseline,Madden 27 baseline,Active,,00-0038694,False,Active,False,,2026-09-15T15:01:49+00:00,Sleeper,,NT
Federico Maranges,SEA,C,OL,61.0,63.58,,0.0,0.0,63.58,baseline,Madden 27 baseline,Active,,00-0040764,False,Active,False,,2026-09-15T15:01:49+00:00,Sleeper,,
Amari Kight,SEA,RT,OL,60.0,62.85,,0.0,0.0,62.85,baseline,Madden 27 baseline,Inactive,Questionable,00-0040059,False,Questionable,False,,2026-09-15T15:01:49+00:00,Sleeper,,
Patrick O'Connell,SEA,LB,LB,57.0,59.54,,0.0,0.0,59.54,baseline,Madden 27 baseline,Active,,00-0038764,False,Active,False,,2026-09-15T15:01:49+00:00,Sleeper,,RILB
Chris Stoll,SEA,LS,ST,62.0,59.0,,0.0,0.0,59.0,baseline,Madden 27 baseline,Active,,00-0038769,False,Active,False,,2026-09-15T15:01:49+00:00,Sleeper,,LS
Trent Williams,SF,LT,OL,96.0,95.51,,0.0,0.0,95.51,baseline,Madden 27 baseline,Active,,00-0027857,False,Active,False,,2026-09-15T15:01:49+00:00,Sleeper,,LT
Christian McCaffrey,SF,HB,RB,97.0,95.87,80.16304347826086,0.032,0.0,95.37,baseline,Madden 27 + nflverse performance,Active,,00-0033280,False,Active,False,,2026-09-15T15:01:49+00:00,Sleeper,,RB
Fred Warner,SF,LB,LB,97.0,95.08,,0.0,0.0,95.08,baseline,Madden 27 baseline,Active,,00-0034815,False,Active,False,,2026-09-15T15:01:49+00:00,Sleeper,,MLB
Nick Bosa,SF,EDGE,DL,94.0,93.64,,0.0,0.0,93.64,baseline,Madden 27 baseline,Active,,00-0035717,False,Active,False,,2026-09-15T15:01:49+00:00,Sleeper,,RDE
George Kittle,SF,TE,TE,96.0,93.0,71.6,0.03333333333333333,0.0,92.29,baseline,Madden 27 + nflverse performance,Active,,00-0033288,False,Active,False,,2026-09-15T15:01:49+00:00,Sleeper,,TE
Mike Evans,SF,WR,WR,91.0,90.67,84.98675496688742,0.037333333333333336,0.0,90.46,baseline,Madden 27 + nflverse performance,Active,,00-0031408,False,Active,False,,2026-09-15T15:01:49+00:00,Sleeper,,WR
Dre Greenlaw,SF,LB,LB,87.0,86.6,,0.0,0.0,86.6,baseline,Madden 27 baseline,Active,,00-0034982,False,Active,False,,2026-09-15T15:01:49+00:00,Sleeper,,WLB
Brock Purdy,SF,QB,QB,85.0,86.13,75.75675675675674,0.054400000000000004,0.0,85.57,baseline,Madden 27 + nflverse performance,Active,,00-0037834,False,Active,False,,2026-09-15T15:01:49+00:00,Sleeper,,QB
Kyle Juszczyk,SF,FB,RB,88.0,85.34,,0.0,0.0,85.34,baseline,Madden 27 baseline,Active,,00-0029892,False,Active,False,,2026-09-15T15:01:49+00:00,Sleeper,,FB
Dominick Puni,SF,RG,OL,82.0,82.05,,0.0,0.0,82.05,baseline,Madden 27 baseline,Active,,00-0039351,False,Active,False,,2026-09-15T15:01:49+00:00,Sleeper,,RG
Colton McKivitz,SF,RT,OL,81.0,82.02,,0.0,0.0,82.02,baseline,Madden 27 baseline,Active,,00-0036256,False,Active,False,,2026-09-15T15:01:49+00:00,Sleeper,,RT
Deommodore Lenoir,SF,CB,DB,81.0,81.32,,0.0,0.0,81.32,baseline,Madden 27 baseline,Active,,00-0036563,False,Active,False,,2026-09-15T15:01:49+00:00,Sleeper,,RCB
Ricky Pearsall,SF,WR,WR,80.0,80.9,,0.0,0.0,80.9,baseline,Madden 27 baseline,Inactive,IR,00-0039916,False,Out,True,,2026-09-15T15:01:49+00:00,Sleeper,,PR|WR
Eddy Pineiro,SF,K,ST,77.0,80.0,,0.0,0.0,80.0,baseline,Madden 27 baseline,Active,,00-0034173,False,Active,False,,2026-09-15T15:01:49+00:00,Sleeper,,PK
Christian Kirk,SF,WR,WR,78.0,79.41,,0.0,0.0,79.41,baseline,Madden 27 baseline,Inactive,IR,00-0034775,False,Out,True,,2026-09-15T15:01:49+00:00,Sleeper,,WR
Corliss Waitman,SF,P,ST,76.0,79.0,,0.0,0.0,79.0,baseline,Madden 27 baseline,Active,,00-0035821,False,Active,False,,2026-09-15T15:01:49+00:00,Sleeper,,H|P
Brandon Aiyuk,SF,WR,WR,77.0,78.68,,0.0,0.0,78.68,baseline,Madden 27 baseline,Active,DNR,,False,Active,False,,2026-09-15T15:01:49+00:00,Sleeper,,
Deebo Samuel Sr,SF,WR,WR,77.0,77.84,86.9271523178808,0.037333333333333336,0.0,78.18,baseline,Madden 27 + nflverse performance,Active,,00-0035719,False,Active,False,,2026-09-15T15:01:49+00:00,Sleeper,,KR|WR
Osa Odighizuwa,SF,DT,DL,77.0,77.75,,0.0,0.0,77.75,baseline,Madden 27 baseline,Active,,00-0036942,False,Active,False,,2026-09-15T15:01:49+00:00,Sleeper,,LDT
Renardo Green,SF,CB,DB,77.0,77.67,,0.0,0.0,77.67,baseline,Madden 27 baseline,Active,,00-0039345,False,Active,False,,2026-09-15T15:01:49+00:00,Sleeper,,LCB
Mykel Williams,SF,EDGE,DL,77.0,77.67,,0.0,0.0,77.67,baseline,Madden 27 baseline,Active,PUP,00-0040660,False,Out,True,,2026-09-15T15:01:49+00:00,Sleeper,,RDE
Demarcus Robinson,SF,WR,WR,76.0,77.54,79.5,0.016,0.0,77.57,baseline,Madden 27 + nflverse performance,Active,,00-0032775,False,Active,False,,2026-09-15T15:01:49+00:00,Sleeper,,WR
Mac Jones,SF,QB,QB,75.0,77.37,,0.0,0.0,77.37,baseline,Madden 27 baseline,Active,,00-0036972,False,Active,False,,2026-09-15T15:01:49+00:00,Sleeper,,QB
Jake Brendel,SF,C,OL,76.0,77.05,,0.0,0.0,77.05,baseline,Madden 27 baseline,Active,,00-0032701,False,Active,False,,2026-09-15T15:01:49+00:00,Sleeper,,C
Nate Hobbs,SF,CB,DB,76.0,77.03,,0.0,0.0,77.03,baseline,Madden 27 baseline,Inactive,IR,00-0036871,False,Out,True,,2026-09-15T15:01:49+00:00,Sleeper,,RCB
Jack Jones,SF,CB,DB,76.0,76.79,,0.0,0.0,76.79,baseline,Madden 27 baseline,Active,,00-0038039,False,Active,False,,2026-09-15T15:01:49+00:00,Sleeper,,LCB
De'Zhaun Stribling,SF,WR,WR,74.0,76.09,,0.0,0.0,76.09,baseline,Madden 27 baseline,Active,Out,00-0041035,False,Out,True,,2026-09-15T15:01:49+00:00,Sleeper,,WR
Upton Stout,SF,CB,DB,75.0,75.97,,0.0,0.0,75.97,baseline,Madden 27 baseline,Active,,00-0040152,False,Active,False,,2026-09-15T15:01:49+00:00,Sleeper,,SCB
Khalil Herbert,SF,HB,RB,73.0,75.82,,0.0,0.0,75.82,baseline,Madden 27 baseline,,,,False,,False,,,,,
Romello Height,SF,EDGE,DL,75.0,75.76,,0.0,0.0,75.76,baseline,Madden 27 baseline,Active,,00-0041556,False,Active,False,,2026-09-15T15:01:49+00:00,Sleeper,,RDE
Jordan James,SF,HB,RB,73.0,75.59,,0.0,0.0,75.59,baseline,Madden 27 baseline,Active,Out,00-0040177,False,Out,True,,2026-09-15T15:01:49+00:00,Sleeper,,RB
Kaelon Black,SF,HB,RB,72.0,75.0,77.51086956521738,0.044800000000000006,0.0,75.11,baseline,Madden 27 + nflverse performance,Active,,00-0041052,False,Active,False,,2026-09-15T15:01:49+00:00,Sleeper,,RB
Isaac Guerendo,SF,HB,RB,72.0,75.0,,0.0,0.0,75.0,baseline,Madden 27 baseline,Active,PUP,00-0039363,False,Out,True,,2026-09-15T15:01:49+00:00,Sleeper,,KR|RB
Ji'Ayir Brown,SF,SS,DB,74.0,74.97,,0.0,0.0,74.97,baseline,Madden 27 baseline,Active,,00-0038554,False,Active,False,,2026-09-15T15:01:49+00:00,Sleeper,,FS
Malik Mustapha,SF,FS,DB,74.0,74.06,,0.0,0.0,74.06,baseline,Madden 27 baseline,Active,,00-0039360,False,Active,False,,2026-09-15T15:01:49+00:00,Sleeper,,SS
Ashtyn Davis,SF,FS,DB,73.0,74.05,,0.0,0.0,74.05,baseline,Madden 27 baseline,Active,,00-0036329,False,Active,False,,2026-09-15T15:01:49+00:00,Sleeper,,SS
Keion White,SF,EDGE,DL,73.0,73.99,,0.0,0.0,73.99,baseline,Madden 27 baseline,Active,,00-0039148,False,Active,False,,2026-09-15T15:01:49+00:00,Sleeper,,LDE
Kevin Givens,SF,DT,DL,73.0,73.88,,0.0,0.0,73.88,baseline,Madden 27 baseline,Active,,00-0035026,False,Active,False,,2026-09-15T15:01:49+00:00,Sleeper,,
Jacob Cowing,SF,WR,WR,71.0,73.47,56.473509933774835,0.0,0.0,73.47,baseline,Madden 27 baseline,Active,,00-0039365,False,Active,False,,2026-09-15T15:01:49+00:00,Sleeper,,KR|PR|WR
Marques Sigle,SF,SS,DB,73.0,73.45,,0.0,0.0,73.45,baseline,Madden 27 baseline,Active,,00-0040185,False,Active,False,,2026-09-15T15:01:49+00:00,Sleeper,,SS
Gracen Halton,SF,DT,DL,72.0,73.45,,0.0,0.0,73.45,baseline,Madden 27 baseline,Active,,00-0041557,False,Active,False,,2026-09-15T15:01:49+00:00,Sleeper,,RDT
Alfred Collins,SF,DT,DL,72.0,72.66,,0.0,0.0,72.66,baseline,Madden 27 baseline,Inactive,IR,00-0040721,False,Out,True,,2026-09-15T15:01:49+00:00,Sleeper,,RDT
Cam Sample,SF,EDGE,DL,71.0,72.57,,0.0,0.0,72.57,baseline,Madden 27 baseline,,,,False,,False,,,,,
Nick Martin,SF,LB,LB,71.0,71.93,,0.0,0.0,71.93,baseline,Madden 27 baseline,Inactive,IR,00-0040135,False,Out,True,,2026-09-15T15:01:49+00:00,Sleeper,,MLB
Jake Tonges,SF,TE,TE,72.0,71.77,,0.0,0.0,71.77,baseline,Madden 27 baseline,Active,Questionable,00-0037112,False,Questionable,False,,2026-09-15T15:01:49+00:00,Sleeper,,TE
Jarrett Patterson,SF,RG,OL,70.0,71.67,,0.0,0.0,71.67,baseline,Madden 27 baseline,Active,,00-0038615,True,Active,False,,2026-09-15T15:01:49+00:00,Sleeper,,C
Darrick Forrest,SF,FS,DB,71.0,71.65,,0.0,0.0,71.65,baseline,Madden 27 baseline,Inactive,IR,00-0036638,False,Out,True,,2026-09-15T15:01:49+00:00,Sleeper,,FS
Robert Jones,SF,RG,OL,70.0,71.48,,0.0,0.0,71.48,baseline,Madden 27 baseline,,,,False,,False,,,,,
Tatum Bethune,SF,LB,LB,70.0,71.46,,0.0,0.0,71.46,baseline,Madden 27 baseline,Active,Out,00-0039435,False,Out,True,,2026-09-15T15:01:49+00:00,Sleeper,,MLB
Jordan Watkins,SF,WR,WR,69.0,71.41,,0.0,0.0,71.41,baseline,Madden 27 baseline,Active,Out,00-0040172,False,Out,True,,2026-09-15T15:01:49+00:00,Sleeper,,PR|WR
Ephesians Prysock,SF,CB,DB,70.0,71.35,,0.0,0.0,71.35,baseline,Madden 27 baseline,Active,Out,00-0041068,False,Out,True,,2026-09-15T15:01:49+00:00,Sleeper,,RCB
Malik Turner,SF,WR,WR,68.0,70.5,,0.0,0.0,70.5,baseline,Madden 27 baseline,,,,False,,False,,,,,
CJ West,SF,DT,DL,69.0,70.46,,0.0,0.0,70.46,baseline,Madden 27 baseline,Active,,00-0040711,False,Active,False,,2026-09-15T15:01:49+00:00,Sleeper,,LDT
Enrique Cruz Jr.,SF,RT,OL,68.0,69.83,,0.0,0.0,69.83,baseline,Madden 27 baseline,Active,Out,00-0041090,False,Out,True,,2026-09-15T15:01:49+00:00,Sleeper,,LT
Sam Okuayinonu,SF,EDGE,DL,68.0,69.59,,0.0,0.0,69.59,baseline,Madden 27 baseline,Inactive,IR,00-0037602,False,Out,True,,2026-09-15T15:01:49+00:00,Sleeper,,LDE
James Thompson Jr.,SF,DT,DL,68.92,68.92,,0.0,0.0,68.92,baseline,Replacement-level estimate baseline,Active,,00-0041363,False,Active,False,,2026-09-15T15:01:49+00:00,Sleeper,,RDT
Brandon Parker,SF,RT,OL,67.0,68.91,,0.0,0.0,68.91,baseline,Madden 27 baseline,,,,False,,False,,,,,
Colton Dowell,SF,WR,WR,66.0,68.84,,0.0,0.0,68.84,baseline,Madden 27 baseline,,,,False,,False,,,,,
Carver Willis,SF,LG,OL,67.0,68.68,,0.0,0.0,68.68,baseline,Madden 27 baseline,Active,,00-0041061,False,Active,False,,2026-09-15T15:01:49+00:00,Sleeper,,LG
Jaden Dugger,SF,LB,LB,67.0,68.63,,0.0,0.0,68.63,baseline,Madden 27 baseline,Active,,00-0041078,False,Active,False,,2026-09-15T15:01:49+00:00,Sleeper,,SLB
Connor Colby,SF,LG,OL,67.0,68.58,,0.0,0.0,68.58,baseline,Madden 27 baseline,Active,,00-0040245,False,Active,False,,2026-09-15T15:01:49+00:00,Sleeper,,LG
Khalid Kareem,SF,EDGE,DL,67.0,68.53,,0.0,0.0,68.53,baseline,Madden 27 baseline,Active,,00-0036341,True,Active,False,,2026-09-15T15:01:49+00:00,Sleeper,,LDE
Vederian Lowe,SF,LT,OL,66.0,68.39,,0.0,0.0,68.39,baseline,Madden 27 baseline,Active,,00-0037287,False,Active,False,,2026-09-15T15:01:49+00:00,Sleeper,,LT
Siran Neal,SF,SS,DB,66.0,67.93,,0.0,0.0,67.93,baseline,Madden 27 baseline,Active,,00-0034391,False,Active,False,,2026-09-15T15:01:49+00:00,Sleeper,,FS
Luke Gifford,SF,LB,LB,66.0,67.13,,0.0,0.0,67.13,baseline,Madden 27 baseline,Active,,00-0035413,False,Active,False,,2026-09-15T15:01:49+00:00,Sleeper,,SLB
Austen Pleasants,SF,LT,OL,65.0,67.13,,0.0,0.0,67.13,baseline,Madden 27 baseline,Inactive,IR,00-0035829,False,Out,True,,2026-09-15T15:01:49+00:00,Sleeper,,LT
Quinton Bell,SF,EDGE,DL,66.0,66.82,,0.0,0.0,66.82,baseline,Madden 27 baseline,,,,False,,False,,,,,
Jalen Graham,SF,LB,LB,65.0,66.75,,0.0,0.0,66.75,baseline,Madden 27 baseline,Active,,00-0038648,False,Active,False,,2026-09-15T15:01:49+00:00,Sleeper,,
Patrick McMorris,SF,FS,DB,64.0,66.18,,0.0,0.0,66.18,baseline,Madden 27 baseline,CUT,,00-0039881,False,,False,,,,,
Jon Weeks,SF,LS,ST,69.0,66.0,,0.0,0.0,66.0,baseline,Madden 27 baseline,Active,,00-0027224,False,Active,False,,2026-09-15T15:01:49+00:00,Sleeper,,LS
Kurtis Rourke,SF,QB,QB,63.0,66.0,,0.0,0.0,66.0,baseline,Madden 27 baseline,Active,Out,00-0040589,False,Out,True,,2026-09-15T15:01:49+00:00,Sleeper,,QB
Luke Farrell,SF,TE,TE,64.0,65.48,71.98125,0.013333333333333334,0.0,65.57,baseline,Madden 27 + nflverse performance,Active,,00-0036887,False,Active,False,,2026-09-15T15:01:49+00:00,Sleeper,,TE
Nick Zakelj,SF,LG,OL,63.0,64.61,,0.0,0.0,64.61,baseline,Madden 27 baseline,Inactive,IR,00-0037831,False,Out,True,,2026-09-15T15:01:49+00:00,Sleeper,,LG
Brayden Willis,SF,TE,TE,63.0,64.55,,0.0,0.0,64.55,baseline,Madden 27 baseline,Active,,00-0038643,False,Active,False,,2026-09-15T15:01:49+00:00,Sleeper,,
Garret Wallow,SF,LB,LB,62.0,64.44,,0.0,0.0,64.44,baseline,Madden 27 baseline,Active,,00-0036844,False,Active,False,,2026-09-15T15:01:49+00:00,Sleeper,,WLB
Brett Toth,SF,C,OL,62.0,64.38,,0.0,0.0,64.38,baseline,Madden 27 baseline,Inactive,IR,00-0035743,False,Out,True,,2026-09-15T15:01:49+00:00,Sleeper,,C
Tristan Wirfs,TB,LT,OL,95.0,94.51,,0.0,0.0,94.51,baseline,Madden 27 baseline,Active,,00-0036406,False,Active,False,,2026-09-15T15:01:49+00:00,Sleeper,,LT
Vita Vea,TB,DT,DL,94.0,92.07,,0.0,0.0,92.07,baseline,Madden 27 baseline,Active,,00-0034773,False,Active,False,,2026-09-15T15:01:49+00:00,Sleeper,,NT
Antoine Winfield Jr,TB,FS,DB,93.0,90.98,,0.0,0.0,90.98,baseline,Madden 27 baseline,Active,,00-0036411,False,Active,False,,2026-09-15T15:01:49+00:00,Sleeper,,FS
Bucky Irving,TB,HB,RB,86.0,86.17,83.42391304347825,0.0256,0.0,86.1,baseline,Madden 27 + nflverse performance,Active,,00-0039361,False,Active,False,,2026-09-15T15:01:49+00:00,Sleeper,,RB
Luke Goedeke,TB,RT,OL,84.0,84.84,,0.0,0.0,84.84,baseline,Madden 27 baseline,Active,,00-0037835,False,Active,False,,2026-09-15T15:01:49+00:00,Sleeper,,RT
Baker Mayfield,TB,QB,QB,83.0,84.1,72.0945945945946,0.044800000000000006,0.0,83.56,baseline,Madden 27 + nflverse performance,Active,,00-0034855,False,Active,False,,2026-09-15T15:01:49+00:00,Sleeper,,QB
Chris Godwin Jr,TB,WR,WR,82.0,83.28,77.37748344370861,0.021333333333333336,0.0,83.15,baseline,Madden 27 + nflverse performance,Active,,00-0033921,False,Active,False,,2026-09-15T15:01:49+00:00,Sleeper,,WR
Emeka Egbuka,TB,WR,WR,81.0,82.42,80.47019867549669,0.032,0.0,82.36,baseline,Madden 27 + nflverse performance,Active,,00-0040129,False,Active,False,,2026-09-15T15:01:49+00:00,Sleeper,,WR
Zyon McCollum,TB,CB,DB,81.0,81.17,,0.0,0.0,81.17,baseline,Madden 27 baseline,Active,,00-0037268,False,Active,False,,2026-09-15T15:01:49+00:00,Sleeper,,LCB
Alex Anzalone,TB,LB,LB,81.0,81.13,,0.0,0.0,81.13,baseline,Madden 27 baseline,Active,,00-0033914,False,Active,False,,2026-09-15T15:01:49+00:00,Sleeper,,LILB
Chase McLaughlin,TB,K,ST,78.0,81.0,,0.0,0.0,81.0,baseline,Madden 27 baseline,Active,,00-0035358,False,Active,False,,2026-09-15T15:01:49+00:00,Sleeper,,PK
Rueben Bain Jr.,TB,EDGE,DL,80.0,80.41,,0.0,0.0,80.41,baseline,Madden 27 baseline,Active,,00-0041031,False,Active,False,,2026-09-15T15:01:49+00:00,Sleeper,,WLB
Kenny Gainwell,TB,HB,RB,79.0,80.61,67.16847826086956,0.016,0.0,80.39,baseline,Madden 27 + nflverse performance,Active,,00-0036919,False,Active,False,,2026-09-15T15:01:49+00:00,Sleeper,,KR|RB
Jacob Parrish,TB,CB,DB,79.0,79.57,,0.0,0.0,79.57,baseline,Madden 27 baseline,Active,Questionable,00-0040143,False,Questionable,False,,2026-09-15T15:01:49+00:00,Sleeper,,SCB
Yaya Diaby,TB,EDGE,DL,79.0,79.35,,0.0,0.0,79.35,baseline,Madden 27 baseline,Active,,00-0039068,False,Active,False,,2026-09-15T15:01:49+00:00,Sleeper,,SLB
Tykee Smith,TB,SS,DB,79.0,79.1,,0.0,0.0,79.1,baseline,Madden 27 baseline,Active,,00-0039846,False,Active,False,,2026-09-15T15:01:49+00:00,Sleeper,,SS
Riley Dixon,TB,P,ST,76.0,79.0,,0.0,0.0,79.0,baseline,Madden 27 baseline,Active,,00-0032943,False,Active,False,,2026-09-15T15:01:49+00:00,Sleeper,,H|P
Cody Mauch,TB,RG,OL,78.0,78.5,,0.0,0.0,78.5,baseline,Madden 27 baseline,Active,,00-0039157,False,Active,False,,2026-09-15T15:01:49+00:00,Sleeper,,RG
A'Shawn Robinson,TB,DT,DL,77.0,77.23,,0.0,0.0,77.23,baseline,Madden 27 baseline,Active,,00-0032889,False,Active,False,,2026-09-15T15:01:49+00:00,Sleeper,,RDE
Al-Quadin Muhammad,TB,EDGE,DL,76.0,76.91,,0.0,0.0,76.91,baseline,Madden 27 baseline,Active,,00-0033964,False,Active,False,,2026-09-15T15:01:49+00:00,Sleeper,,WLB
Graham Barton,TB,C,OL,76.0,76.88,,0.0,0.0,76.88,baseline,Madden 27 baseline,Active,,00-0039905,False,Active,False,,2026-09-15T15:01:49+00:00,Sleeper,,C
Calijah Kancey,TB,DT,DL,76.0,76.64,,0.0,0.0,76.64,baseline,Madden 27 baseline,Active,,00-0039063,False,Active,False,,2026-09-15T15:01:49+00:00,Sleeper,,LDE
Benjamin Morrison,TB,CB,DB,75.0,75.94,,0.0,0.0,75.94,baseline,Madden 27 baseline,Active,,00-0040747,False,Active,False,,2026-09-15T15:01:49+00:00,Sleeper,,RCB
Jalen McMillan,TB,WR,WR,74.0,75.53,,0.0,0.0,75.53,baseline,Madden 27 baseline,Active,Out,00-0039855,False,Out,True,,2026-09-15T15:01:49+00:00,Sleeper,,WR
Ben Bredeson,TB,LG,OL,74.0,75.22,,0.0,0.0,75.22,baseline,Madden 27 baseline,Active,,00-0036132,False,Active,False,,2026-09-15T15:01:49+00:00,Sleeper,,LG
Josiah Trotter,TB,LB,LB,75.0,75.19,,0.0,0.0,75.19,baseline,Madden 27 baseline,Active,,00-0041502,False,Active,False,,2026-09-15T15:01:49+00:00,Sleeper,,RILB
Cade Otton,TB,TE,TE,75.0,74.86,77.61874999999999,0.03333333333333333,0.0,74.95,baseline,Madden 27 + nflverse performance,Active,,00-0038129,False,Active,False,,2026-09-15T15:01:49+00:00,Sleeper,,TE
Anthony Nelson,TB,EDGE,DL,74.0,74.91,,0.0,0.0,74.91,baseline,Madden 27 baseline,Active,,00-0035254,False,Active,False,,2026-09-15T15:01:49+00:00,Sleeper,,SLB
Ifeatu Melifonwu,TB,SS,DB,74.0,74.69,,0.0,0.0,74.69,baseline,Madden 27 baseline,Active,,00-0036993,False,Active,False,,2026-09-15T15:01:49+00:00,Sleeper,,FS
Tez Johnson,TB,WR,WR,73.0,74.47,56.22847682119206,0.005333333333333334,0.0,74.37,baseline,Madden 27 + nflverse performance,Active,,00-0040237,False,Active,False,,2026-09-15T15:01:49+00:00,Sleeper,,PR|WR
Christian Rozeboom,TB,LB,LB,73.0,74.33,,0.0,0.0,74.33,baseline,Madden 27 baseline,Active,,00-0035942,False,Active,False,,2026-09-15T15:01:49+00:00,Sleeper,,LILB
Sean Tucker,TB,HB,RB,71.0,74.0,,0.0,0.0,74.0,baseline,Madden 27 baseline,Active,Out,00-0038951,False,Out,True,,2026-09-15T15:01:49+00:00,Sleeper,,KR|RB
Chris Braswell,TB,EDGE,DL,73.0,73.97,,0.0,0.0,73.97,baseline,Madden 27 baseline,,,,False,,False,,,,,
Keionte Scott,TB,CB,DB,73.0,73.96,,0.0,0.0,73.96,baseline,Madden 27 baseline,Active,,00-0041057,False,Active,False,,2026-09-15T15:01:49+00:00,Sleeper,,SCB
Ted Hurst III,TB,WR,WR,72.0,73.96,73.1456953642384,0.016,0.0,73.95,baseline,Madden 27 + nflverse performance,Active,,00-0041048,False,Active,False,,2026-09-15T15:01:49+00:00,Sleeper,,WR
SirVocea Dennis,TB,LB,LB,72.0,73.12,,0.0,0.0,73.12,baseline,Madden 27 baseline,Active,,00-0039049,False,Active,False,,2026-09-15T15:01:49+00:00,Sleeper,,RILB
Elijah Roberts,TB,DT,DL,70.0,71.66,,0.0,0.0,71.66,baseline,Madden 27 baseline,Active,,00-0040183,False,Active,False,,2026-09-15T15:01:49+00:00,Sleeper,,LDE
David Sills V,TB,WR,WR,69.0,71.6,,0.0,0.0,71.6,baseline,Madden 27 baseline,,,00-0035359,False,,False,,,,,WR
Demonte Capehart,TB,DT,DL,70.0,71.1,,0.0,0.0,71.1,baseline,Madden 27 baseline,Active,Out,00-0041079,False,Out,True,,2026-09-15T15:01:49+00:00,Sleeper,,RDE
Mohamed Kamara,TB,EDGE,DL,70.0,71.03,,0.0,0.0,71.03,baseline,Madden 27 baseline,Inactive,IR,00-0039877,False,Out,True,,2026-09-15T15:01:49+00:00,Sleeper,,WLB
Jake Browning,TB,QB,QB,68.0,71.0,,0.0,0.0,71.0,baseline,Madden 27 baseline,,,,False,,False,,,,,
Josh Williams,TB,HB,RB,68.0,71.0,57.12500000000001,0.0,0.0,71.0,baseline,Madden 27 baseline,Active,,00-0040429,False,Active,False,,2026-09-15T15:01:49+00:00,Sleeper,,
Dan Feeney,TB,RG,OL,70.0,70.82,,0.0,0.0,70.82,baseline,Madden 27 baseline,Active,,00-0033910,False,Active,False,,2026-09-15T15:01:49+00:00,Sleeper,,C|RG
Josh Hayes,TB,CB,DB,69.0,70.62,,0.0,0.0,70.62,baseline,Madden 27 baseline,Inactive,IR,00-0039051,False,Out,True,,2026-09-15T15:01:49+00:00,Sleeper,,RCB
Billy Schrauth,TB,LG,OL,69.0,70.6,,0.0,0.0,70.6,baseline,Madden 27 baseline,Active,Out,00-0041082,False,Out,True,,2026-09-15T15:01:49+00:00,Sleeper,,LG
Elijah Klein,TB,C,OL,68.0,70.3,,0.0,0.0,70.3,baseline,Madden 27 baseline,,,,False,,False,,,,,
Rakeem Nunez-Roches Sr,TB,DT,DL,69.0,70.27,,0.0,0.0,70.27,baseline,Madden 27 baseline,Active,,00-0031957,False,Active,False,,2026-09-15T15:01:49+00:00,Sleeper,,NT
David Walker,TB,EDGE,DL,69.0,70.25,,0.0,0.0,70.25,baseline,Madden 27 baseline,Active,,00-0040158,False,Active,False,,2026-09-15T15:01:49+00:00,Sleeper,,SLB
Elijah Simmons,TB,DT,DL,67.0,68.66,,0.0,0.0,68.66,baseline,Madden 27 baseline,Active,Out,00-0040384,False,Out,True,,2026-09-15T15:01:49+00:00,Sleeper,,NT
Justin Skule,TB,RT,OL,67.0,68.62,,0.0,0.0,68.62,baseline,Madden 27 baseline,Active,Out,00-0034989,False,Out,True,,2026-09-15T15:01:49+00:00,Sleeper,,RT
Chase Lucas,TB,CB,DB,66.0,67.97,,0.0,0.0,67.97,baseline,Madden 27 baseline,,,,False,,False,,,,,
Ayden Garnes,TB,CB,DB,67.93,67.93,,0.0,0.0,67.93,baseline,Replacement-level estimate baseline,Active,,00-0041253,False,Active,False,,2026-09-15T15:01:49+00:00,Sleeper,,RCB
Dennis Houston,TB,WR,WR,65.0,67.89,,0.0,0.0,67.89,baseline,Madden 27 baseline,CUT,,00-0037570,False,,False,,,,,
Miles Killebrew,TB,SS,DB,67.0,67.56,,0.0,0.0,67.56,baseline,Madden 27 baseline,Active,,00-0032399,False,Active,False,,2026-09-15T15:01:49+00:00,Sleeper,,SS
Damarion Williams,TB,CB,DB,65.0,67.04,,0.0,0.0,67.04,baseline,Madden 27 baseline,,,,False,,False,,,,,
John Bullock,TB,LB,LB,65.0,66.78,,0.0,0.0,66.78,baseline,Madden 27 baseline,CUT,,00-0040416,False,,False,,,,,
Kameron Johnson,TB,WR,WR,64.0,66.36,56.473509933774835,0.0,0.0,66.36,baseline,Madden 27 baseline,Active,,00-0039589,False,Active,False,,2026-09-15T15:01:49+00:00,Sleeper,,KR|PR|WR
Luke Haggard,TB,RG,OL,64.0,66.25,,0.0,0.0,66.25,baseline,Madden 27 baseline,Active,,00-0038818,False,Active,False,,2026-09-15T15:01:49+00:00,Sleeper,,RG
Ko Kieft,TB,TE,TE,65.0,66.13,,0.0,0.0,66.13,baseline,Madden 27 baseline,Active,,00-0037311,False,Active,False,,2026-09-15T15:01:49+00:00,Sleeper,,TE
Jalon Daniels,TB,QB,QB,66.0,66.0,,0.0,0.0,66.0,baseline,Replacement-level estimate baseline,Active,,00-0041251,False,Active,False,,2026-09-15T15:01:49+00:00,Sleeper,,QB
Kevin Knowles,TB,CB,DB,64.0,65.83,,0.0,0.0,65.83,baseline,Madden 27 baseline,Active,,00-0040089,True,Active,False,,2026-09-15T15:01:49+00:00,Sleeper,,SCB
Marcus Banks,TB,FS,DB,64.0,65.7,,0.0,0.0,65.7,baseline,Madden 27 baseline,,,,False,,False,,,,,
JJ Roberts,TB,SS,DB,64.0,65.55,,0.0,0.0,65.55,baseline,Madden 27 baseline,Active,,00-0040425,False,Active,False,,2026-09-15T15:01:49+00:00,Sleeper,,
Rashad Wisdom,TB,FS,DB,64.0,65.51,,0.0,0.0,65.51,baseline,Madden 27 baseline,Active,,00-0039596,False,Active,False,,2026-09-15T15:01:49+00:00,Sleeper,,
Javin Wright,TB,LB,LB,64.0,65.45,,0.0,0.0,65.45,baseline,Madden 27 baseline,Active,,00-0041424,False,Active,False,,2026-09-15T15:01:49+00:00,Sleeper,,
Payne Durham,TB,TE,TE,64.0,65.19,,0.0,0.0,65.19,baseline,Madden 27 baseline,Active,,00-0039050,False,Active,False,,2026-09-15T15:01:49+00:00,Sleeper,,TE
Bauer Sharp,TB,TE,TE,63.0,64.2,56.0125,0.0,0.0,64.2,baseline,Madden 27 baseline,Active,,00-0041094,False,Active,False,,2026-09-15T15:01:49+00:00,Sleeper,,TE
Paul Rubelt,TB,RT,OL,61.0,63.49,,0.0,0.0,63.49,baseline,Madden 27 baseline,Active,,00-0041583,False,Active,False,,2026-09-15T15:01:49+00:00,Sleeper,,
Nick Jackson,TB,LB,LB,61.0,63.36,,0.0,0.0,63.36,baseline,Madden 27 baseline,CUT,,00-0040625,False,,False,,,,,
Devin Culp,TB,TE,TE,62.0,63.08,,0.0,0.0,63.08,baseline,Madden 27 baseline,Active,,00-0039754,False,Active,False,,2026-09-15T15:01:49+00:00,Sleeper,,
Kemon Hall,TB,CB,DB,60.0,62.89,,0.0,0.0,62.89,baseline,Madden 27 baseline,,,,False,,False,,,,,
Benjamin Chukwuma,TB,LT,OL,60.0,62.45,,0.0,0.0,62.45,baseline,Madden 27 baseline,Active,,00-0040417,False,Active,False,,2026-09-15T15:01:49+00:00,Sleeper,,LT
Ben Scott,TB,C,OL,58.0,61.0,,0.0,0.0,61.0,baseline,Madden 27 baseline,Active,,00-0040427,False,Active,False,,2026-09-15T15:01:49+00:00,Sleeper,,
Connor Bazelak,TB,QB,QB,57.0,60.0,,0.0,0.0,60.0,baseline,Madden 27 baseline,CUT,,00-0040415,False,,False,,,,,
Evan Deckers,TB,LS,ST,60.0,57.0,,0.0,0.0,57.0,baseline,Madden 27 baseline,Active,,00-0038817,False,Active,False,,2026-09-15T15:01:49+00:00,Sleeper,,LS
Scott Daly,TB,LS,ST,59.0,56.0,,0.0,0.0,56.0,baseline,Madden 27 baseline,,,,False,,False,,,,,
Nash Hutmacher,TB,LG,OL,53.0,55.52,,0.0,0.0,55.52,baseline,Madden 27 baseline,CUT,,00-0040420,False,,False,,,,,
Jeffery Simmons,TEN,DT,DL,95.0,93.88,,0.0,0.0,93.88,baseline,Madden 27 baseline,Active,,00-0035643,False,Active,False,,2026-09-15T15:01:49+00:00,Sleeper,,LDT
Peter Skoronski,TEN,LG,OL,84.0,84.62,,0.0,0.0,84.62,baseline,Madden 27 baseline,Active,,00-0039034,False,Active,False,,2026-09-15T15:01:49+00:00,Sleeper,,LG
Wan'Dale Robinson,TEN,WR,WR,84.0,84.28,76.94701986754967,0.032,0.0,84.05,baseline,Madden 27 + nflverse performance,Active,,00-0038117,False,Active,False,,2026-09-15T15:01:49+00:00,Sleeper,,WR
Tony Pollard,TEN,HB,RB,83.0,83.97,67.01086956521739,0.022400000000000003,0.0,83.59,baseline,Madden 27 + nflverse performance,Active,,00-0035261,False,Active,False,,2026-09-15T15:01:49+00:00,Sleeper,,RB
Cor'Dale Flott,TEN,CB,DB,81.0,81.16,,0.0,0.0,81.16,baseline,Madden 27 baseline,Active,,00-0037758,False,Active,False,,2026-09-15T15:01:49+00:00,Sleeper,,LCB
Tommy Townsend,TEN,P,ST,78.0,81.0,,0.0,0.0,81.0,baseline,Madden 27 baseline,Active,,00-0035889,False,Active,False,,2026-09-15T15:01:49+00:00,Sleeper,,H|P
JC Latham,TEN,RT,OL,79.0,79.67,,0.0,0.0,79.67,baseline,Madden 27 baseline,Active,,00-0039731,False,Active,False,,2026-09-15T15:01:49+00:00,Sleeper,,RT
Alontae Taylor,TEN,CB,DB,79.0,79.27,,0.0,0.0,79.27,baseline,Madden 27 baseline,Active,,00-0038121,False,Active,False,,2026-09-15T15:01:49+00:00,Sleeper,,RCB
Tyjae Spears,TEN,HB,RB,77.0,79.32,67.8913043478261,0.009600000000000001,0.0,79.21,baseline,Madden 27 + nflverse performance,Active,,00-0039032,False,Active,False,,2026-09-15T15:01:49+00:00,Sleeper,,RB
Joey Slye,TEN,K,ST,76.0,79.0,,0.0,0.0,79.0,baseline,Madden 27 baseline,Active,,00-0035192,False,Active,False,,2026-09-15T15:01:49+00:00,Sleeper,,PK
Calvin Ridley,TEN,WR,WR,78.0,78.96,,0.0,0.0,78.96,baseline,Madden 27 baseline,Active,,00-0034837,False,Active,False,,2026-09-15T15:01:49+00:00,Sleeper,,WR
John Franklin-Myers,TEN,EDGE,DL,78.0,78.79,,0.0,0.0,78.79,baseline,Madden 27 baseline,Active,,00-0034805,False,Active,False,,2026-09-15T15:01:49+00:00,Sleeper,,LDE
Keldric Faulk,TEN,EDGE,DL,78.0,78.66,,0.0,0.0,78.66,baseline,Madden 27 baseline,Active,,00-0041508,False,Active,False,,2026-09-15T15:01:49+00:00,Sleeper,,LDE
Cedric Gray,TEN,LB,LB,78.0,78.55,,0.0,0.0,78.55,baseline,Madden 27 baseline,Active,Out,00-0039858,False,Out,True,,2026-09-15T15:01:49+00:00,Sleeper,,WLB
Elic Ayomanor,TEN,WR,WR,77.0,78.61,71.95364238410596,0.016,0.0,78.5,baseline,Madden 27 + nflverse performance,Active,,00-0040170,False,Active,False,,2026-09-15T15:01:49+00:00,Sleeper,,WR
Carnell Tate,TEN,WR,WR,77.0,78.56,76.3907284768212,0.032,0.0,78.49,baseline,Madden 27 + nflverse performance,Active,,00-0041438,False,Active,False,,2026-09-15T15:01:49+00:00,Sleeper,,WR
Cody Barton,TEN,LB,LB,78.0,78.19,,0.0,0.0,78.19,baseline,Madden 27 baseline,Active,,00-0035672,False,Active,False,,2026-09-15T15:01:49+00:00,Sleeper,,MLB
Amani Hooker,TEN,SS,DB,78.0,78.02,,0.0,0.0,78.02,baseline,Madden 27 baseline,Active,,00-0035632,False,Active,False,,2026-09-15T15:01:49+00:00,Sleeper,,SS
Jermaine Johnson II,TEN,EDGE,DL,77.0,77.58,,0.0,0.0,77.58,baseline,Madden 27 baseline,Active,,00-0037663,False,Active,False,,2026-09-15T15:01:49+00:00,Sleeper,,RDE
Cam Ward,TEN,QB,QB,75.0,77.04,68.21621621621621,0.0512,0.0,76.59,baseline,Madden 27 + nflverse performance,Active,,00-0040676,False,Active,False,,2026-09-15T15:01:49+00:00,Sleeper,,QB
Jacob Martin,TEN,EDGE,DL,76.0,75.99,,0.0,0.0,75.99,baseline,Madden 27 baseline,Active,,00-0034163,False,Active,False,,2026-09-15T15:01:49+00:00,Sleeper,,RDE
Joshua Williams,TEN,CB,DB,75.0,75.88,,0.0,0.0,75.88,baseline,Madden 27 baseline,Inactive,IR,00-0038043,False,Out,True,,2026-09-15T15:01:49+00:00,Sleeper,,RCB
Tony Adams,TEN,SS,DB,75.0,75.7,,0.0,0.0,75.7,baseline,Madden 27 baseline,Active,,00-0037155,False,Active,False,,2026-09-15T15:01:49+00:00,Sleeper,,FS
Chimere Dike,TEN,WR,WR,74.0,75.52,63.60596026490067,0.005333333333333334,0.0,75.46,baseline,Madden 27 + nflverse performance,Active,,00-0040705,False,Active,False,,2026-09-15T15:01:49+00:00,Sleeper,,KR|PR|WR
Dan Moore,TEN,LT,OL,73.0,74.47,,0.0,0.0,74.47,baseline,Madden 27 baseline,Active,,00-0036869,False,Active,False,,2026-09-15T15:01:49+00:00,Sleeper,,LT
Jaylon Jones,TEN,CB,DB,73.0,74.32,,0.0,0.0,74.32,baseline,Madden 27 baseline,Active,Out,00-0038407,True,Out,True,,2026-09-15T15:01:49+00:00,Sleeper,,
Oluwafemi Oladejo,TEN,EDGE,DL,73.0,74.0,,0.0,0.0,74.0,baseline,Madden 27 baseline,Active,,00-0040752,False,Active,False,,2026-09-15T15:01:49+00:00,Sleeper,,LDE
K.J. Osborn,TEN,WR,WR,71.0,73.55,,0.0,0.0,73.55,baseline,Madden 27 baseline,Active,,00-0036345,False,Active,False,,2026-09-15T15:01:49+00:00,Sleeper,,
Nazeeh Johnson,TEN,CB,DB,72.0,73.13,,0.0,0.0,73.13,baseline,Madden 27 baseline,,,,False,,False,,,,,
Kevin Winston Jr,TEN,FS,DB,73.0,73.1,,0.0,0.0,73.1,baseline,Madden 27 baseline,Active,,00-0040141,False,Active,False,,2026-09-15T15:01:49+00:00,Sleeper,,FS
Cordell Volson,TEN,RG,OL,72.0,72.99,,0.0,0.0,72.99,baseline,Madden 27 baseline,,,,False,,False,,,,,
Anthony Hill Jr.,TEN,LB,LB,72.0,72.92,,0.0,0.0,72.92,baseline,Madden 27 baseline,Active,,00-0041479,False,Active,False,,2026-09-15T15:01:49+00:00,Sleeper,,MLB
Solomon Thomas,TEN,DT,DL,72.0,72.64,,0.0,0.0,72.64,baseline,Madden 27 baseline,Active,,00-0033870,False,Active,False,,2026-09-15T15:01:49+00:00,Sleeper,,RDT
Terrell Burgess,TEN,FS,DB,71.0,72.16,,0.0,0.0,72.16,baseline,Madden 27 baseline,Active,,00-0036421,True,Active,False,,2026-09-15T15:01:49+00:00,Sleeper,,FS
Kalel Mullings,TEN,HB,RB,69.0,72.0,,0.0,0.0,72.0,baseline,Madden 27 baseline,Active,,00-0040205,False,Active,False,,2026-09-15T15:01:49+00:00,Sleeper,,
Nick Singleton,TEN,HB,RB,69.0,72.0,,0.0,0.0,72.0,baseline,Madden 27 baseline,,,,False,,False,,,,,
Marcus Harris,TEN,CB,DB,71.0,71.94,,0.0,0.0,71.94,baseline,Madden 27 baseline,Active,,00-0040201,False,Active,False,,2026-09-15T15:01:49+00:00,Sleeper,,SCB
Fernando Carmona,TEN,LG,OL,70.0,71.3,,0.0,0.0,71.3,baseline,Madden 27 baseline,Active,,00-0040881,False,Active,False,,2026-09-15T15:01:49+00:00,Sleeper,,LG|RG
Jordan Elliott,TEN,DT,DL,70.0,71.23,,0.0,0.0,71.23,baseline,Madden 27 baseline,Active,,00-0036266,False,Active,False,,2026-09-15T15:01:49+00:00,Sleeper,,RDT
Gunnar Helm,TEN,TE,TE,71.0,70.95,78.84374999999999,0.03333333333333333,0.0,71.21,baseline,Madden 27 + nflverse performance,Active,,00-0040584,False,Active,False,,2026-09-15T15:01:49+00:00,Sleeper,,TE
Xavier Restrepo,TEN,WR,WR,69.0,71.21,,0.0,0.0,71.21,baseline,Madden 27 baseline,Active,,00-0040522,False,Active,False,,2026-09-15T15:01:49+00:00,Sleeper,,
Will Levis,TEN,QB,QB,68.0,71.0,,0.0,0.0,71.0,baseline,Madden 27 baseline,CUT,,00-0039152,False,,False,,,,,
Mohamoud Diabate,TEN,LB,LB,70.0,70.85,,0.0,0.0,70.85,baseline,Madden 27 baseline,Active,,00-0038711,False,Active,False,,2026-09-15T15:01:49+00:00,Sleeper,,SLB|WLB
Daniel Bellinger,TEN,TE,TE,70.0,70.55,63.3875,0.006666666666666667,0.0,70.5,baseline,Madden 27 + nflverse performance,Active,,00-0038115,False,Active,False,,2026-09-15T15:01:49+00:00,Sleeper,,TE
Khalen Saunders,TEN,DT,DL,69.0,70.48,,0.0,0.0,70.48,baseline,Madden 27 baseline,,,,False,,False,,,,,
Jaylon Jones,TEN,CB,DB,69.0,70.32,,0.0,0.0,70.32,baseline,Madden 27 baseline,Active,Out,00-0038407,True,Out,True,,2026-09-15T15:01:49+00:00,Sleeper,,RCB
Julius Chestnut,TEN,HB,RB,67.0,70.0,,0.0,0.0,70.0,baseline,Madden 27 baseline,Active,,00-0037594,False,Active,False,,2026-09-15T15:01:49+00:00,Sleeper,,KR|RB
Jalyn Holmes,TEN,EDGE,DL,68.0,69.81,,0.0,0.0,69.81,baseline,Madden 27 baseline,Active,,00-0034264,False,Active,False,,2026-09-15T15:01:49+00:00,Sleeper,,
Austin Schlottmann,TEN,C,OL,68.0,69.78,,0.0,0.0,69.78,baseline,Madden 27 baseline,Active,,00-0034112,False,Active,False,,2026-09-15T15:01:49+00:00,Sleeper,,C
Jackie Marshall,TEN,DT,DL,68.0,69.57,,0.0,0.0,69.57,baseline,Madden 27 baseline,Active,Out,00-0040892,False,Out,True,,2026-09-15T15:01:49+00:00,Sleeper,,LDT
Andre James,TEN,C,OL,67.0,69.38,,0.0,0.0,69.38,baseline,Madden 27 baseline,CUT,,00-0035127,False,,False,,,,,
Jackson Slater,TEN,RG,OL,68.0,69.37,,0.0,0.0,69.37,baseline,Madden 27 baseline,Active,,00-0040190,False,Active,False,,2026-09-15T15:01:49+00:00,Sleeper,,RG
Kylen Granson,TEN,TE,TE,69.0,69.07,,0.0,0.0,69.07,baseline,Madden 27 baseline,Active,,00-0036876,False,Active,False,,2026-09-15T15:01:49+00:00,Sleeper,,TE
Micah Robinson,TEN,CB,DB,67.0,68.49,,0.0,0.0,68.49,baseline,Madden 27 baseline,Active,,00-0040020,False,Active,False,,2026-09-15T15:01:49+00:00,Sleeper,,LCB|PR
Owen Pappoe,TEN,LB,LB,67.0,68.47,,0.0,0.0,68.47,baseline,Madden 27 baseline,Active,Out,00-0038600,True,Out,True,,2026-09-15T15:01:49+00:00,Sleeper,,WLB
James Williams Sr,TEN,LB,LB,67.0,68.26,,0.0,0.0,68.26,baseline,Madden 27 baseline,Active,,00-0039430,False,Active,False,,2026-09-15T15:01:49+00:00,Sleeper,,SLB
Mitchell Trubisky,TEN,QB,QB,65.0,68.0,,0.0,0.0,68.0,baseline,Madden 27 baseline,Active,,00-0033869,False,Active,False,,2026-09-15T15:01:49+00:00,Sleeper,,QB
Bryce Oliver,TEN,WR,WR,65.0,67.76,,0.0,0.0,67.76,baseline,Madden 27 baseline,,,,False,,False,,,,,
Erick Hallett II,TEN,SS,DB,66.0,67.74,,0.0,0.0,67.74,baseline,Madden 27 baseline,Active,,00-0038620,False,Active,False,,2026-09-15T15:01:49+00:00,Sleeper,,SS
Jaylen Harrell,TEN,EDGE,DL,66.0,67.53,,0.0,0.0,67.53,baseline,Madden 27 baseline,Inactive,IR,00-0039436,False,Out,True,,2026-09-15T15:01:49+00:00,Sleeper,,RDE
Pat Coogan,TEN,C,OL,65.0,67.47,,0.0,0.0,67.47,baseline,Madden 27 baseline,Active,,00-0040893,False,Active,False,,2026-09-15T15:01:49+00:00,Sleeper,,C
Nazir Stackhouse,TEN,DT,DL,66.0,67.36,,0.0,0.0,67.36,baseline,Madden 27 baseline,Active,,00-0040041,True,Active,False,,2026-09-15T15:01:49+00:00,Sleeper,,LDT
Hendon Hooker,TEN,QB,QB,64.0,66.99,,0.0,0.0,66.99,baseline,Madden 27 baseline,Active,,00-0038550,False,Active,False,,2026-09-15T15:01:49+00:00,Sleeper,,
Truman Jones,TEN,EDGE,DL,65.0,66.72,,0.0,0.0,66.72,baseline,Madden 27 baseline,Active,,00-0038514,False,Active,False,,2026-09-15T15:01:49+00:00,Sleeper,,RDE
Jerrick Reed II,TEN,FS,DB,65.0,66.7,,0.0,0.0,66.7,baseline,Madden 27 baseline,DEV,,00-0038613,False,,False,,,,,
Timmy Horne,TEN,DT,DL,65.0,66.39,,0.0,0.0,66.39,baseline,Madden 27 baseline,Active,,00-0037585,False,Active,False,,2026-09-15T15:01:49+00:00,Sleeper,,
Mason Kinsey,TEN,WR,WR,63.0,66.0,,0.0,0.0,66.0,baseline,Madden 27 baseline,,,,False,,False,,,,,
Garrett Dellinger,TEN,RG,OL,64.0,65.81,,0.0,0.0,65.81,baseline,Madden 27 baseline,CUT,,00-0040079,False,,False,,,,,
Austin Deculus,TEN,LT,OL,64.0,65.67,,0.0,0.0,65.67,baseline,Madden 27 baseline,CUT,,00-0037302,False,,False,,,,,
James Hudson III,TEN,LT,OL,63.0,65.22,,0.0,0.0,65.22,baseline,Madden 27 baseline,Active,,00-0036866,True,Active,False,,2026-09-15T15:01:49+00:00,Sleeper,,LT
Earnest Brown IV,TEN,EDGE,DL,63.0,64.99,,0.0,0.0,64.99,baseline,Madden 27 baseline,,,,False,,False,,,,,
Kendell Brooks,TEN,FS,DB,63.0,64.83,,0.0,0.0,64.83,baseline,Madden 27 baseline,Inactive,IR,00-0038703,False,Out,True,,2026-09-15T15:01:49+00:00,Sleeper,,SS
Zach Thomas,TEN,RG,OL,63.0,64.64,,0.0,0.0,64.64,baseline,Madden 27 baseline,CUT,,00-0037618,False,,False,,,,,
Atonio Mafi,TEN,LG,OL,62.0,63.99,,0.0,0.0,63.99,baseline,Madden 27 baseline,Active,Out,00-0038586,True,Out,True,,2026-09-15T15:01:49+00:00,Sleeper,,LG
Drew Moss,TEN,LG,OL,62.0,63.95,,0.0,0.0,63.95,baseline,Madden 27 baseline,Active,,00-0040557,False,Active,False,,2026-09-15T15:01:49+00:00,Sleeper,,
Dorian Mausi Jr,TEN,LB,LB,62.0,63.82,,0.0,0.0,63.82,baseline,Madden 27 baseline,Inactive,IR,00-0040503,False,Out,True,,2026-09-15T15:01:49+00:00,Sleeper,,SLB
David Martin-Robinson,TEN,TE,TE,62.0,63.63,,0.0,0.0,63.63,baseline,Madden 27 baseline,Active,,00-0039648,False,Active,False,,2026-09-15T15:01:49+00:00,Sleeper,,TE
Brandon Crenshaw-Dickson,TEN,RT,OL,61.0,63.45,,0.0,0.0,63.45,baseline,Madden 27 baseline,Active,,00-0040512,False,Active,False,,2026-09-15T15:01:49+00:00,Sleeper,,RT
Morgan Cox,TEN,LS,ST,66.0,63.0,,0.0,0.0,63.0,baseline,Madden 27 baseline,Active,,00-0027557,False,Active,False,,2026-09-15T15:01:49+00:00,Sleeper,,LS
Jaren Kanak,TEN,TE,TE,60.0,61.85,,0.0,0.0,61.85,baseline,Madden 27 baseline,Inactive,IR,00-0040901,False,Out,True,,2026-09-15T15:01:49+00:00,Sleeper,,TE
Laremy Tunsil,WAS,LT,OL,94.0,92.84,,0.0,0.0,92.84,baseline,Madden 27 baseline,Inactive,IR,00-0032380,False,Out,True,,2026-09-15T15:01:49+00:00,Sleeper,,LT
Terry McLaurin,WAS,WR,WR,91.0,91.05,69.21854304635762,0.021333333333333336,0.0,90.58,baseline,Madden 27 + nflverse performance,Active,,00-0035659,False,Active,False,,2026-09-15T15:01:49+00:00,Sleeper,,WR
Stefon Diggs,WAS,WR,WR,87.0,88.2,85.93377483443709,0.048,0.0,88.09,baseline,Prior-year Madden -2 + nflverse performance,Active,,00-0031588,False,Active,False,,2026-09-15T15:01:49+00:00,Sleeper,,WR
Sam Cosmi,WAS,RG,OL,87.0,86.68,,0.0,0.0,86.68,baseline,Madden 27 baseline,Active,,00-0036618,False,Active,False,,2026-09-15T15:01:49+00:00,Sleeper,,RG
Daron Payne,WAS,DT,DL,84.0,83.63,,0.0,0.0,83.63,baseline,Madden 27 baseline,Active,,00-0034333,False,Active,False,,2026-09-15T15:01:49+00:00,Sleeper,,NT
Leo Chenal,WAS,LB,LB,84.0,83.08,,0.0,0.0,83.08,baseline,Madden 27 baseline,Active,,00-0037819,False,Active,False,,2026-09-15T15:01:49+00:00,Sleeper,,RILB
Jayden Daniels,WAS,QB,QB,80.0,81.17,74.8108108108108,0.054400000000000004,0.0,80.82,baseline,Madden 27 + nflverse performance,Active,,00-0039910,False,Active,False,,2026-09-15T15:01:49+00:00,Sleeper,,QB
Jacory Croskey-Merritt,WAS,HB,RB,79.0,80.75,77.91304347826087,0.0512,0.0,80.6,baseline,Madden 27 + nflverse performance,Active,,00-0040242,False,Active,False,,2026-09-15T15:01:49+00:00,Sleeper,,RB
Nick Cross,WAS,SS,DB,81.0,80.47,,0.0,0.0,80.47,baseline,Madden 27 baseline,Active,,00-0037616,False,Active,False,,2026-09-15T15:01:49+00:00,Sleeper,,SS
Rachaad White,WAS,HB,RB,78.0,80.1,69.90217391304348,0.022400000000000003,0.0,79.87,baseline,Madden 27 + nflverse performance,Active,,00-0037256,False,Active,False,,2026-09-15T15:01:49+00:00,Sleeper,,RB
Odafe Oweh,WAS,EDGE,DL,80.0,79.65,,0.0,0.0,79.65,baseline,Madden 27 baseline,Active,,00-0036940,False,Active,False,,2026-09-15T15:01:49+00:00,Sleeper,,WLB
Dorance Armstrong,WAS,EDGE,DL,79.0,79.53,,0.0,0.0,79.53,baseline,Madden 27 baseline,Active,Sus,00-0034373,False,Out,True,,2026-09-15T15:01:49+00:00,Sleeper,,SLB
Frankie Luvu,WAS,LB,LB,79.0,78.87,,0.0,0.0,78.87,baseline,Madden 27 baseline,Active,Questionable,00-0034302,False,Questionable,False,,2026-09-15T15:01:49+00:00,Sleeper,,LILB
Tress Way,WAS,P,ST,77.0,78.85,,0.0,0.0,78.85,baseline,Madden 27 baseline,Active,,00-0030140,False,Active,False,,2026-09-15T15:01:49+00:00,Sleeper,,H|P
Rasul Douglas,WAS,CB,DB,77.0,78.42,,0.0,0.0,78.42,baseline,Madden 27 baseline,Active,,00-0033551,False,Active,False,,2026-09-15T15:01:49+00:00,Sleeper,,LCB
Sonny Styles,WAS,LB,LB,78.0,78.37,,0.0,0.0,78.37,baseline,Madden 27 baseline,Active,,00-0041028,False,Active,False,,2026-09-15T15:01:49+00:00,Sleeper,,RILB
Amik Robertson,WAS,CB,DB,77.0,78.23,,0.0,0.0,78.23,baseline,Madden 27 baseline,Active,,00-0036375,False,Active,False,,2026-09-15T15:01:49+00:00,Sleeper,,SCB
Ahkello Witherspoon,WAS,CB,DB,77.0,78.13,,0.0,0.0,78.13,baseline,Madden 27 baseline,RET,,00-0033783,False,,False,,,,,
Trey Amos,WAS,CB,DB,77.0,77.9,,0.0,0.0,77.9,baseline,Madden 27 baseline,Inactive,IR,00-0040731,False,Out,True,,2026-09-15T15:01:49+00:00,Sleeper,,LCB
Mike Sainristil,WAS,CB,DB,77.0,77.57,,0.0,0.0,77.57,baseline,Madden 27 baseline,Active,,00-0039898,False,Active,False,,2026-09-15T15:01:49+00:00,Sleeper,,RCB
Quan Martin,WAS,FS,DB,77.0,77.31,,0.0,0.0,77.31,baseline,Madden 27 baseline,Active,,00-0039149,False,Active,False,,2026-09-15T15:01:49+00:00,Sleeper,,FS
Jer'Zhan Newton,WAS,DT,DL,76.0,76.87,,0.0,0.0,76.87,baseline,Madden 27 baseline,Inactive,IR,00-0039906,False,Out,True,,2026-09-15T15:01:49+00:00,Sleeper,,LDE
Jerome Ford,WAS,HB,RB,74.0,76.72,,0.0,0.0,76.72,baseline,Madden 27 baseline,,,,False,,False,,,,,
Charles Omenihu,WAS,DT,DL,76.0,76.63,,0.0,0.0,76.63,baseline,Madden 27 baseline,Active,,00-0035279,False,Active,False,,2026-09-15T15:01:49+00:00,Sleeper,,RDE
Deatrich Wise Jr,WAS,DT,DL,76.0,76.39,,0.0,0.0,76.39,baseline,Madden 27 baseline,Active,PUP,00-0033947,False,Out,True,,2026-09-15T15:01:49+00:00,Sleeper,,RDE
Jaylin Lane,WAS,WR,WR,75.0,76.23,63.102649006622514,0.005333333333333334,0.0,76.16,baseline,Madden 27 + nflverse performance,Active,,00-0040164,False,Active,False,,2026-09-15T15:01:49+00:00,Sleeper,,KR|PR|WR
Dyami Brown,WAS,WR,WR,74.0,75.93,59.36423841059603,0.010666666666666668,0.0,75.75,baseline,Madden 27 + nflverse performance,Active,,00-0036626,False,Active,False,,2026-09-15T15:01:49+00:00,Sleeper,,KR|WR
Matt Haack,WAS,P,ST,73.0,75.75,,0.0,0.0,75.75,baseline,Madden 27 baseline,,,,False,,False,,,,,
Andrew Wylie,WAS,RG,OL,75.0,75.73,,0.0,0.0,75.73,baseline,Madden 27 baseline,Active,,00-0033831,False,Active,False,,2026-09-15T15:01:49+00:00,Sleeper,,RT
Antonio Williams,WAS,WR,WR,73.0,74.94,84.1456953642384,0.021333333333333336,0.0,75.14,baseline,Madden 27 + nflverse performance,Active,,00-0041040,False,Active,False,,2026-09-15T15:01:49+00:00,Sleeper,,WR
K'Lavon Chaisson,WAS,EDGE,DL,75.0,75.05,,0.0,0.0,75.05,baseline,Madden 27 baseline,Active,,00-0036286,False,Active,False,,2026-09-15T15:01:49+00:00,Sleeper,,SLB
Jeremy McNichols,WAS,HB,RB,72.0,75.0,,0.0,0.0,75.0,baseline,Madden 27 baseline,Inactive,IR,00-0033955,False,Out,True,,2026-09-15T15:01:49+00:00,Sleeper,,RB
Chris Paul,WAS,LG,OL,74.0,74.94,,0.0,0.0,74.94,baseline,Madden 27 baseline,Active,,00-0037092,False,Active,False,,2026-09-15T15:01:49+00:00,Sleeper,,
Van Jefferson,WAS,WR,WR,73.0,74.93,,0.0,0.0,74.93,baseline,Madden 27 baseline,Active,,00-0036415,False,Active,False,,2026-09-15T15:01:49+00:00,Sleeper,,
Marcus Mariota,WAS,QB,QB,72.0,74.78,,0.0,0.0,74.78,baseline,Madden 27 baseline,Active,,00-0032268,False,Active,False,,2026-09-15T15:01:49+00:00,Sleeper,,QB
Chigoziem Okonkwo,WAS,TE,TE,76.0,74.8,72.48124999999999,0.020000000000000004,0.0,74.75,baseline,Madden 27 + nflverse performance,,,00-0037809,False,,False,,,,Chig Okonkwo,TE
Treylon Burks,WAS,WR,WR,73.0,74.3,,0.0,0.0,74.3,baseline,Madden 27 baseline,Active,Out,00-0037742,False,Out,True,,2026-09-15T15:01:49+00:00,Sleeper,,PR|WR
Luke McCaffrey,WAS,WR,WR,72.0,73.87,,0.0,0.0,73.87,baseline,Madden 27 baseline,Active,Out,00-0039355,False,Out,True,,2026-09-15T15:01:49+00:00,Sleeper,,KR|PR|WR
Kaytron Allen,WAS,HB,RB,71.0,74.0,63.994565217391305,0.0128,0.0,73.87,baseline,Madden 27 + nflverse performance,Active,,00-0041096,False,Active,False,,2026-09-15T15:01:49+00:00,Sleeper,,RB
Nick Allegretti,WAS,C,OL,72.0,73.83,,0.0,0.0,73.83,baseline,Madden 27 baseline,Active,,00-0035149,False,Active,False,,2026-09-15T15:01:49+00:00,Sleeper,,C
Tim Settle Jr,WAS,DT,DL,72.0,73.66,,0.0,0.0,73.66,baseline,Madden 27 baseline,Active,,00-0034397,False,Active,False,,2026-09-15T15:01:49+00:00,Sleeper,,LDE
Joshua Josephs,WAS,EDGE,DL,72.0,73.41,,0.0,0.0,73.41,baseline,Madden 27 baseline,Active,,00-0041074,False,Active,False,,2026-09-15T15:01:49+00:00,Sleeper,,WLB
Josh Conerly Jr,WAS,RT,OL,72.0,73.38,,0.0,0.0,73.38,baseline,Madden 27 baseline,Active,,00-0040686,False,Active,False,,2026-09-15T15:01:49+00:00,Sleeper,,RT
Antonio Hamilton Sr,WAS,CB,DB,72.0,73.37,,0.0,0.0,73.37,baseline,Madden 27 baseline,,,,False,,False,,,,,
Javon Kinlaw,WAS,DT,DL,72.0,73.29,,0.0,0.0,73.29,baseline,Madden 27 baseline,Active,,00-0036260,False,Active,False,,2026-09-15T15:01:49+00:00,Sleeper,,RDE
Jeremy Reaves,WAS,SS,DB,73.0,73.26,,0.0,0.0,73.26,baseline,Madden 27 baseline,Active,,00-0034465,False,Active,False,,2026-09-15T15:01:49+00:00,Sleeper,,FS
Drake Jackson,WAS,EDGE,DL,73.0,73.01,,0.0,0.0,73.01,baseline,Madden 27 baseline,RES,,00-0037826,False,,False,,,,,
Will Harris,WAS,FS,DB,72.0,72.66,,0.0,0.0,72.66,baseline,Madden 27 baseline,,,,False,,False,,,,,
DJ Johnson,WAS,EDGE,DL,71.0,71.75,,0.0,0.0,71.75,baseline,Madden 27 baseline,Active,,00-0038535,False,Active,False,,2026-09-15T15:01:49+00:00,Sleeper,,
Shy Tuttle,WAS,DT,DL,71.0,71.69,,0.0,0.0,71.69,baseline,Madden 27 baseline,Active,,00-0035409,False,Active,False,,2026-09-15T15:01:49+00:00,Sleeper,,LDE
Brandon Coleman,WAS,LT,OL,70.0,71.59,,0.0,0.0,71.59,baseline,Madden 27 baseline,Active,,00-0039913,False,Active,False,,2026-09-15T15:01:49+00:00,Sleeper,,LT
Percy Butler,WAS,FS,DB,70.0,71.32,,0.0,0.0,71.32,baseline,Madden 27 baseline,Active,,00-0038100,False,Active,False,,2026-09-15T15:01:49+00:00,Sleeper,,FS
Jake Moody,WAS,K,ST,68.0,71.0,,0.0,0.0,71.0,baseline,Madden 27 baseline,,,,False,,False,,,,,
Drew Stevens,WAS,K,ST,71.0,71.0,,0.0,0.0,71.0,baseline,Replacement-level estimate baseline,Active,,00-0041182,False,Active,False,,2026-09-15T15:01:49+00:00,Sleeper,,PK
Darius Rush,WAS,CB,DB,69.0,70.51,,0.0,0.0,70.51,baseline,Madden 27 baseline,Active,,00-0038388,False,Active,False,,2026-09-15T15:01:49+00:00,Sleeper,,
Tyler Ott,WAS,LS,ST,73.0,70.0,,0.0,0.0,70.0,baseline,Madden 27 baseline,Active,,00-0031156,False,Active,False,,2026-09-15T15:01:49+00:00,Sleeper,,LS
Nick Nash,WAS,WR,WR,67.0,69.35,,0.0,0.0,69.35,baseline,Madden 27 baseline,CUT,,00-0040551,False,,False,,,,,
Chris Paul Jr,WAS,LB,LB,68.0,69.33,,0.0,0.0,69.33,baseline,Madden 27 baseline,Active,,00-0037092,True,Active,False,,2026-09-15T15:01:49+00:00,Sleeper,,LG
Ben Sinnott,WAS,TE,TE,69.0,69.12,,0.0,0.0,69.12,baseline,Madden 27 baseline,Active,,00-0039912,False,Active,False,,2026-09-15T15:01:49+00:00,Sleeper,,TE
Ricky Barber,WAS,DT,DL,68.92,68.92,,0.0,0.0,68.92,baseline,Replacement-level estimate baseline,Active,Out,00-0040314,False,Out,True,,2026-09-15T15:01:49+00:00,Sleeper,,NT
D.J. Davidson,WAS,DT,DL,67.0,68.63,,0.0,0.0,68.63,baseline,Madden 27 baseline,RET,,00-0037260,False,,False,,,,,
Jordan Magee,WAS,LB,LB,67.0,68.54,,0.0,0.0,68.54,baseline,Madden 27 baseline,Active,Questionable,00-0039368,False,Questionable,False,,2026-09-15T15:01:49+00:00,Sleeper,,LILB
Fabian Moreau,WAS,CB,DB,67.93,67.93,,0.0,0.0,67.93,baseline,Replacement-level estimate baseline,Active,,00-0033918,False,Active,False,,2026-09-15T15:01:49+00:00,Sleeper,,RCB
Javontae Jean-Baptiste,WAS,EDGE,DL,66.0,67.58,,0.0,0.0,67.58,baseline,Madden 27 baseline,Active,,00-0039412,False,Active,False,,2026-09-15T15:01:49+00:00,Sleeper,,SLB
Kain Medrano,WAS,LB,LB,66.0,67.36,,0.0,0.0,67.36,baseline,Madden 27 baseline,Active,,00-0040216,False,Active,False,,2026-09-15T15:01:49+00:00,Sleeper,,LILB
John Bates,WAS,TE,TE,66.0,67.01,71.1,0.020000000000000004,0.0,67.09,baseline,Madden 27 + nflverse performance,Active,,00-0036628,False,Active,False,,2026-09-15T15:01:49+00:00,Sleeper,,TE
Malaesala Aumavae-Laulu,WAS,RT,OL,65.0,67.06,,0.0,0.0,67.06,baseline,Madden 27 baseline,,,,False,,False,,,,,
Matt Gulbin,WAS,C,OL,64.0,66.8,,0.0,0.0,66.8,baseline,Madden 27 baseline,Active,,00-0041108,False,Active,False,,2026-09-15T15:01:49+00:00,Sleeper,,C
Ale Kaho,WAS,LB,LB,65.0,66.71,,0.0,0.0,66.71,baseline,Madden 27 baseline,Active,,00-0040318,False,Active,False,,2026-09-15T15:01:49+00:00,Sleeper,,
Tyler Owens,WAS,SS,DB,65.0,66.6,,0.0,0.0,66.6,baseline,Madden 27 baseline,Active,Questionable,00-0039681,False,Questionable,False,,2026-09-15T15:01:49+00:00,Sleeper,,SS
Tanoa Togiai,WAS,LG,OL,66.25,66.25,,0.0,0.0,66.25,baseline,Replacement-level estimate baseline,Active,,00-0041183,False,Active,False,,2026-09-15T15:01:49+00:00,Sleeper,,LG
Tyler Cooper,WAS,RG,OL,64.0,65.86,,0.0,0.0,65.86,baseline,Madden 27 baseline,,,,False,,False,,,,,
Qwuantrezz Knight,WAS,SS,DB,64.0,65.63,,0.0,0.0,65.63,baseline,Madden 27 baseline,CUT,,00-0037522,False,,False,,,,,
Athan Kaliakmanis,WAS,QB,QB,62.0,65.0,,0.0,0.0,65.0,baseline,Madden 27 baseline,Active,Out,00-0041117,False,Out,True,,2026-09-15T15:01:49+00:00,Sleeper,,QB
Lawrence Cager,WAS,TE,TE,64.0,64.93,,0.0,0.0,64.93,baseline,Madden 27 baseline,,,,False,,False,,,,,
Trent Scott,WAS,RT,OL,60.0,62.47,,0.0,0.0,62.47,baseline,Madden 27 baseline,Active,,00-0034571,False,Active,False,,2026-09-15T15:01:49+00:00,Sleeper,,
Colson Yankoff,WAS,TE,TE,61.0,62.42,56.0125,0.0,0.0,62.42,baseline,Madden 27 baseline,Active,,00-0039686,False,Active,False,,2026-09-15T15:01:49+00:00,Sleeper,,TE
Sam Hartman,WAS,QB,QB,58.0,61.0,,0.0,0.0,61.0,baseline,Madden 27 baseline,Active,,00-0039677,False,Active,False,,2026-09-15T15:01:49+00:00,Sleeper,,
Julian Good-Jones,WAS,C,OL,56.0,58.87,,0.0,0.0,58.87,baseline,Madden 27 baseline,Active,,00-0035997,False,Active,False,,2026-09-15T15:01:49+00:00,Sleeper,,C
Foster Sarell,WAS,LT,OL,55.0,57.93,,0.0,0.0,57.93,baseline,Madden 27 baseline,,,,False,,False,,,,,
