sleeper_player_id,player_name,name_key,team_abbr,position,active,roster_status,injury_status,practice_participation,injury_start_date,depth_chart_position,news_updated,availability_state,definitively_unavailable,source,updated_at_utc
3207,Andrew Billings,andrewbillings,ARI,DT,True,Active,,,,NT,1773771935668,Active,False,Sleeper,2026-09-03T14:35:58+00:00
6416,Andrew Wingard,andrewwingard,ARI,DB,True,Active,,,,FS,1773264351415,Active,False,Sleeper,2026-09-03T14:35:58+00:00
ARI,Arizona Cardinals,arizonacardinals,ARI,DEF,True,,,,,,,Active,False,Sleeper,2026-09-03T14:35:58+00:00
7681,Baron Browning,baronbrowning,ARI,LB,True,Active,,,,LOLB,1764368139627,Active,False,Sleeper,2026-09-03T14:35:58+00:00
2091,Bashaud Breeland,bashaudbreeland,ARI,CB,True,Active,,,,,1641345029845,Active,False,Sleeper,2026-09-03T14:35:58+00:00
7467,Blake Gillikin,blakegillikin,ARI,P,True,Active,Questionable,,,P,1787451328052,Questionable,False,Sleeper,2026-09-03T14:35:58+00:00
4081,Budda Baker,buddabaker,ARI,DB,True,Active,,,,SS,1783826407288,Active,False,Sleeper,2026-09-03T14:35:58+00:00
13058,Cam Horsley,camhorsley,ARI,DT,True,Active,,,,,1785829816757,Active,False,Sleeper,2026-09-03T14:35:58+00:00
13840,Cameron Robertson,cameronrobertson,ARI,DE,True,Active,,,,,1777520722477,Active,False,Sleeper,2026-09-03T14:35:58+00:00
13272,Carson Beck,carsonbeck,ARI,QB,True,Active,,,,QB,1788228313292,Active,False,Sleeper,2026-09-03T14:35:58+00:00
2063,Casey Kreiter,caseykreiter,ARI,LS,True,Active,,,,LS,1773260450968,Active,False,Sleeper,2026-09-03T14:35:58+00:00
10955,Chad Ryland,chadryland,ARI,K,True,Active,,,,K,1787465429577,Active,False,Sleeper,2026-09-03T14:35:58+00:00
13459,Chase Bisontis,chasebisontis,ARI,G,True,Inactive,IR,,,OL,1786824011059,Out,True,Sleeper,2026-09-03T14:35:58+00:00
12648,Cody Simon,codysimon,ARI,LB,True,Active,,,,LILB,1770072341365,Active,False,Sleeper,2026-09-03T14:35:58+00:00
11173,D'Shawn Jamison,dshawnjamison,ARI,CB,True,Active,,,,,1696782059348,Active,False,Sleeper,2026-09-03T14:35:58+00:00
11744,Dadrion Taylor-Demerson,dadriontaylordemerson,ARI,DB,True,Active,Questionable,,,FS,1787453428246,Questionable,False,Sleeper,2026-09-03T14:35:58+00:00
13671,Damonic Williams,damonicwilliams,ARI,DT,True,Active,,,,,1777464032696,Active,False,Sleeper,2026-09-03T14:35:58+00:00
11015,Dante Stills,dantestills,ARI,DT,True,Active,,,,RDE,1757261430921,Active,False,Sleeper,2026-09-03T14:35:58+00:00
11658,Darius Robinson,dariusrobinson,ARI,DL,True,Active,,,,RDE,1763927732922,Active,False,Sleeper,2026-09-03T14:35:58+00:00
11444,Demontrey Jacobs,demontreyjacobs,ARI,T,True,Active,,,,,1758657662448,Active,False,Sleeper,2026-09-03T14:35:58+00:00
12657,Denzel Burke,denzelburke,ARI,CB,True,Active,,,,RCB,1770082251292,Active,False,Sleeper,2026-09-03T14:35:58+00:00
6847,Devin Duvernay,devinduvernay,ARI,WR,True,Active,,,,SWR,1782260424474,Active,False,Sleeper,2026-09-03T14:35:58+00:00
7285,Donald Rutledge,donaldrutledge,ARI,LB,True,Active,,,,,,Active,False,Sleeper,2026-09-03T14:35:58+00:00
5524,Duplicate Player,duplicateplayer,ARI,,False,Inactive,,,,,,Inactive,True,Sleeper,2026-09-03T14:35:58+00:00
11336,Eku Leota,ekuleota,ARI,LB,True,Active,,,,ROLB,1764712238467,Active,False,Sleeper,2026-09-03T14:35:58+00:00
10231,Elijah Higgins,elijahhiggins,ARI,TE,True,Active,,,,TE,1787976942822,Active,False,Sleeper,2026-09-03T14:35:58+00:00
4592,Elijah Wilkinson,elijahwilkinson,ARI,OL,True,Active,,,,OL,1781623223148,Active,False,Sleeper,2026-09-03T14:35:58+00:00
12871,Eugene Asante,eugeneasante,ARI,LB,True,Active,,,,,1786434036143,Active,False,Sleeper,2026-09-03T14:35:58+00:00
9220,Evan Hull,evanhull,ARI,RB,True,Active,,,,,1788237916868,Active,False,Sleeper,2026-09-03T14:35:58+00:00
6011,Gardner Minshew,gardnerminshew,ARI,QB,True,Active,,,,QB,1787976042600,Active,False,Sleeper,2026-09-03T14:35:58+00:00
10932,Garrett Williams,garrettwilliams,ARI,DB,True,Active,,,,NB,1787273454174,Active,False,Sleeper,2026-09-03T14:35:58+00:00
13670,Harrison Wallace,harrisonwallace,ARI,WR,True,Active,,,,,1788238817429,Active,False,Sleeper,2026-09-03T14:35:58+00:00
12692,Hayden Conner,haydenconner,ARI,OL,True,Active,,,,OL,1764816633612,Active,False,Sleeper,2026-09-03T14:35:58+00:00
6084,Hjalte Froholdt,hjaltefroholdt,ARI,G,True,Active,,,,OL,1787710242091,Active,False,Sleeper,2026-09-03T14:35:58+00:00
7535,Hunter Long,hunterlong,ARI,TE,True,Active,,,,TE,1788111957736,Active,False,Sleeper,2026-09-03T14:35:58+00:00
7559,Ihmir Smith-Marsette,ihmirsmithmarsette,ARI,WR,True,Active,,,,,1788238216850,Active,False,Sleeper,2026-09-03T14:35:58+00:00
3248,Isaac Seumalo,isaacseumalo,ARI,G,True,Active,,,,OL,1781623223023,Active,False,Sleeper,2026-09-03T14:35:58+00:00
4451,Isaac Whitney,isaacwhitney,ARI,WR,False,Inactive,,,,,1628544033963,Inactive,True,Sleeper,2026-09-03T14:35:58+00:00
11718,Isaiah Adams,isaiahadams,ARI,OL,True,Active,,,,OL,1784679009353,Active,False,Sleeper,2026-09-03T14:35:58+00:00
8680,Jack Gibbens,jackgibbens,ARI,LB,True,Active,,,,LILB,1773771935654,Active,False,Sleeper,2026-09-03T14:35:58+00:00
3257,Jacoby Brissett,jacobybrissett,ARI,QB,True,Active,,,,QB,1787976641795,Active,False,Sleeper,2026-09-03T14:35:58+00:00
11034,Jalen Brooks,jalenbrooks,ARI,WR,True,Active,,,,SWR,1788060952486,Active,False,Sleeper,2026-09-03T14:35:58+00:00
4137,James Conner,jamesconner,ARI,RB,True,Inactive,IR,,,RB,1788134158103,Out,True,Sleeper,2026-09-03T14:35:58+00:00
13879,Jameson Geers,jamesongeers,ARI,TE,True,Inactive,IR,,,TE,1786824303267,Out,True,Sleeper,2026-09-03T14:35:58+00:00
13094,Jared Harrison-Hunte,jaredharrisonhunte,ARI,DT,True,Active,,,,,1788334227800,Active,False,Sleeper,2026-09-03T14:35:58+00:00
13581,Jayden Williams,jaydenwilliams,ARI,OL,True,Active,,,,OL,1777160423996,Active,False,Sleeper,2026-09-03T14:35:58+00:00
13287,Jeremiyah Love,jeremiyahlove,ARI,RB,True,Active,Questionable,,,RB,1788291621446,Questionable,False,Sleeper,2026-09-03T14:35:58+00:00
8683,Joey Blount,joeyblount,ARI,DB,True,Inactive,IR,,,DB,1786338636882,Out,True,Sleeper,2026-09-03T14:35:58+00:00
10946,Jon Gaines,jongaines,ARI,OL,True,Active,,,,OL,1781623224071,Active,False,Sleeper,2026-09-03T14:35:58+00:00
12579,Jordan Burch,jordanburch,ARI,DL,True,Active,,,,LOLB,1745634022125,Active,False,Sleeper,2026-09-03T14:35:58+00:00
12798,Josh Fryar,joshfryar,ARI,OL,True,Active,,,,OL,,Active,False,Sleeper,2026-09-03T14:35:58+00:00
1920,Josh Mauro,joshmauro,ARI,DE,True,Active,,,,,1630522860371,Active,False,Sleeper,2026-09-03T14:35:58+00:00
4999,Josh Sweat,joshsweat,ARI,DE,True,Active,,,,ROLB,1787604641269,Active,False,Sleeper,2026-09-03T14:35:58+00:00
13503,Kaleb Proctor,kalebproctor,ARI,DT,True,Inactive,IR,,,DL,1784935558153,Out,True,Sleeper,2026-09-03T14:35:58+00:00
11830,Kalen King,kalenking,ARI,CB,True,Active,,,,,1766524214842,Active,False,Sleeper,2026-09-03T14:35:58+00:00
13551,Karson Sharar,karsonsharar,ARI,LB,True,Active,,,,RILB,1786155624392,Active,False,Sleeper,2026-09-03T14:35:58+00:00
11014,Kei'Trel Clark,keitrelclark,ARI,DB,True,Active,,,,LCB,1781125816542,Active,False,Sleeper,2026-09-03T14:35:58+00:00
4454,Kendrick Bourne,kendrickbourne,ARI,WR,True,Active,,,,SWR,1787252130274,Active,False,Sleeper,2026-09-03T14:35:58+00:00
3527,Kevin Peterson,kevinpeterson,ARI,CB,True,Active,,,,,1642099509905,Active,False,Sleeper,2026-09-03T14:35:58+00:00
12736,Kitan Crawford,kitancrawford,ARI,DB,True,Active,,,,SS,1785985243984,Active,False,Sleeper,2026-09-03T14:35:58+00:00
5861,L.J. Collier,ljcollier,ARI,DE,True,Active,,,,LDE,1773097835737,Active,False,Sleeper,2026-09-03T14:35:58+00:00
6131,Mack Wilson,mackwilson,ARI,LB,True,Active,,,,RILB,1785366013375,Active,False,Sleeper,2026-09-03T14:35:58+00:00
11628,Marvin Harrison,marvinharrison,ARI,WR,True,Active,,,,LWR,1788389435181,Active,False,Sleeper,2026-09-03T14:35:58+00:00
5363,Matt Pryor,mattpryor,ARI,T,True,Active,,,,,1773360045656,Active,False,Sleeper,2026-09-03T14:35:58+00:00
11693,Max Melton,maxmelton,ARI,DB,True,Active,,,,RCB,1767558902581,Active,False,Sleeper,2026-09-03T14:35:58+00:00
10232,Michael Wilson,michaelwilson,ARI,WR,True,Active,,,,RWR,1788403835584,Active,False,Sleeper,2026-09-03T14:35:58+00:00
10890,Paris Johnson,parisjohnson,ARI,OL,True,Active,,,,OL,1785016205069,Active,False,Sleeper,2026-09-03T14:35:58+00:00
13297,Reggie Virgil,reggievirgil,ARI,WR,True,Active,,,,LWR,1788061252400,Active,False,Sleeper,2026-09-03T14:35:58+00:00
7799,Roy Lopez,roylopez,ARI,DT,True,Active,,,,NT,1773098434594,Active,False,Sleeper,2026-09-03T14:35:58+00:00
6400,Ryan Bee,ryanbee,ARI,DE,True,Active,,,,,1627497945350,Active,False,Sleeper,2026-09-03T14:35:58+00:00
4836,Ryan Langford,ryanlangford,ARI,,True,Active,,,,,,Active,False,Sleeper,2026-09-03T14:35:58+00:00
12217,Shawn Bowman,shawnbowman,ARI,TE,True,Active,,,,,1788238517358,Active,False,Sleeper,2026-09-03T14:35:58+00:00
7812,Simi Fehoko,simifehoko,ARI,WR,True,Active,,,,RWR,1787988043310,Active,False,Sleeper,2026-09-03T14:35:58+00:00
11343,Starling Thomas,starlingthomas,ARI,CB,True,Active,,,,,1779172519078,Active,False,Sleeper,2026-09-03T14:35:58+00:00
7103,Tavien Feaster,tavienfeaster,ARI,RB,True,Active,,,,,1640840438408,Active,False,Sleeper,2026-09-03T14:35:58+00:00
8227,Teagan Quitoriano,teaganquitoriano,ARI,TE,True,Active,,,,,1788238216835,Active,False,Sleeper,2026-09-03T14:35:58+00:00
11716,Tip Reiman,tipreiman,ARI,TE,True,Active,PUP,,,TE,1788301823743,Out,True,Sleeper,2026-09-03T14:35:58+00:00
11381,Travis Vokolek,travisvokolek,ARI,TE,True,Active,,,,,1784788210744,Active,False,Sleeper,2026-09-03T14:35:58+00:00
11589,Trey Benson,treybenson,ARI,RB,True,Inactive,IR,,,RB,1787706941742,Out,True,Sleeper,2026-09-03T14:35:58+00:00
8130,Trey McBride,treymcbride,ARI,TE,True,Active,,,,TE,1788392434701,Active,False,Sleeper,2026-09-03T14:35:58+00:00
8132,Tyler Allgeier,tylerallgeier,ARI,RB,True,Active,,,,RB,1788193811704,Active,False,Sleeper,2026-09-03T14:35:58+00:00
12918,Valentin Senn,valentinsenn,ARI,OL,True,Active,,,,,1786227032708,Active,False,Sleeper,2026-09-03T14:35:58+00:00
13230,Vershon Lee,vershonlee,ARI,OL,True,Active,,,,,,Active,False,Sleeper,2026-09-03T14:35:58+00:00
12552,Walter Nolen,walternolen,ARI,DL,True,Active,,,,LDE,1785724560834,Active,False,Sleeper,2026-09-03T14:35:58+00:00
12565,Will Johnson,willjohnson,ARI,DB,True,Active,Questionable,,,LCB,1767731713741,Questionable,False,Sleeper,2026-09-03T14:35:58+00:00
13672,Wydett Williams,wydettwilliams,ARI,DB,True,Active,,,,,1777520122496,Active,False,Sleeper,2026-09-03T14:35:58+00:00
8295,Zach Carter,zachcarter,ARI,DL,True,Inactive,IR,,,LDE,1788216315628,Out,True,Sleeper,2026-09-03T14:35:58+00:00
7637,Zaven Collins,zavencollins,ARI,LB,True,Active,,,,LOLB,1775096416800,Active,False,Sleeper,2026-09-03T14:35:58+00:00
8122,Zonovan Knight,zonovanknight,ARI,RB,True,Active,,,,RB,1786077909551,Active,False,Sleeper,2026-09-03T14:35:58+00:00
6836,A.J. Terrell,ajterrell,ATL,CB,True,Active,,,,RCB,1773677425570,Active,False,Sleeper,2026-09-03T14:35:58+00:00
13552,Anterio Thompson,anteriothompson,ATL,DT,True,Active,PUP,,,RDE,1788216614452,Out,True,Sleeper,2026-09-03T14:35:58+00:00
12460,Antwane Wells,antwanewells,ATL,WR,True,Active,,,,,1781730614267,Active,False,Sleeper,2026-09-03T14:35:58+00:00
ATL,Atlanta Falcons,atlantafalcons,ATL,DEF,True,,,,,,,Active,False,Sleeper,2026-09-03T14:35:58+00:00
3202,Austin Hooper,austinhooper,ATL,TE,True,Active,,,,TE,1780438849368,Active,False,Sleeper,2026-09-03T14:35:58+00:00
13389,Avieon Terrell,avieonterrell,ATL,DB,True,Active,,,,LCB,1778796636651,Active,False,Sleeper,2026-09-03T14:35:58+00:00
12889,Beaux Collins,beauxcollins,ATL,WR,True,Inactive,IR,,,,1788149108143,Out,True,Sleeper,2026-09-03T14:35:58+00:00
9509,Bijan Robinson,bijanrobinson,ATL,RB,True,Active,,,,RB,1788382833391,Active,False,Sleeper,2026-09-03T14:35:58+00:00
12647,Billy Bowman,billybowman,ATL,DB,True,Active,Questionable,,,NB,1788190813109,Questionable,False,Sleeper,2026-09-03T14:35:58+00:00
11740,Brandon Dorlus,brandondorlus,ATL,DE,True,Active,,,,RDE,1779566157090,Active,False,Sleeper,2026-09-03T14:35:58+00:00
8154,Brian Robinson,brianrobinson,ATL,RB,True,Active,,,,RB,1788302122859,Active,False,Sleeper,2026-09-03T14:35:58+00:00
6791,C.J. Henderson,cjhenderson,ATL,CB,True,Active,,,,LCB,1756342825622,Active,False,Sleeper,2026-09-03T14:35:58+00:00
8383,Cameron Thomas,cameronthomas,ATL,DL,True,Active,,,,ROLB,1773093633965,Active,False,Sleeper,2026-09-03T14:35:58+00:00
12586,Cameron Williams,cameronwilliams,ATL,OL,True,Active,,,,OL,1785802810930,Active,False,Sleeper,2026-09-03T14:35:58+00:00
13701,Carlos Allen,carlosallen,ATL,DT,True,Active,,,,,,Active,False,Sleeper,2026-09-03T14:35:58+00:00
13595,Cash Jones,cashjones,ATL,RB,True,Active,,,,,1788238517361,Active,False,Sleeper,2026-09-03T14:35:58+00:00
7075,Charlie Woerner,charliewoerner,ATL,TE,True,Active,,,,TE,1780442450084,Active,False,Sleeper,2026-09-03T14:35:58+00:00
7521,Chris Blair,chrisblair,ATL,WR,True,Active,,,,LWR,1767685510813,Active,False,Sleeper,2026-09-03T14:35:58+00:00
5895,Chris Lindstrom,chrislindstrom,ATL,G,True,Active,,,,OL,1781623223344,Active,False,Sleeper,2026-09-03T14:35:58+00:00
8278,Christian Harris,christianharris,ATL,LB,True,Active,,,,LILB,1773108336606,Active,False,Sleeper,2026-09-03T14:35:58+00:00
4574,Cooper Rush,cooperrush,ATL,QB,True,Active,,,,QB,1788037249260,Active,False,Sleeper,2026-09-03T14:35:58+00:00
4282,Corey Levin,coreylevin,ATL,G,True,Active,,,,OL,1785373514358,Active,False,Sleeper,2026-09-03T14:35:58+00:00
5351,Da'Shawn Hand,dashawnhand,ATL,DT,True,Active,,,,LDE,1788391234433,Active,False,Sleeper,2026-09-03T14:35:58+00:00
6882,Darnay Holmes,darnayholmes,ATL,CB,True,Active,,,,,1773810638145,Active,False,Sleeper,2026-09-03T14:35:58+00:00
7730,Darren Hall,darrenhall,ATL,CB,True,Inactive,IR,,,DB,1788038449505,Out,True,Sleeper,2026-09-03T14:35:58+00:00
8372,DeAngelo Malone,deangelomalone,ATL,DL,True,Active,PUP,,,LB,1785883208696,Out,True,Sleeper,2026-09-03T14:35:58+00:00
11050,DeMarcco Hellams,demarccohellams,ATL,DB,True,Active,,,,SS,1786807860387,Active,False,Sleeper,2026-09-03T14:35:58+00:00
7677,Divine Deablo,divinedeablo,ATL,LB,True,Active,,,,RILB,1787181316697,Active,False,Sleeper,2026-09-03T14:35:58+00:00
8112,Drake London,drakelondon,ATL,WR,True,Active,,,,LWR,1788209110954,Active,False,Sleeper,2026-09-03T14:35:58+00:00
5088,Duke Ejiofor,dukeejiofor,ATL,LB,True,Active,,,,,1646943636853,Active,False,Sleeper,2026-09-03T14:35:58+00:00
11474,Dylan Drummond,dylandrummond,ATL,WR,True,Active,,,,,1788237916883,Active,False,Sleeper,2026-09-03T14:35:58+00:00
5147,Emmanuel Ellerbee,emmanuelellerbee,ATL,LB,True,Inactive,,,,,1659750608885,Active,False,Sleeper,2026-09-03T14:35:58+00:00
13583,Ethan Onianwa,ethanonianwa,ATL,G,True,Active,,,,OL,1777160424137,Active,False,Sleeper,2026-09-03T14:35:58+00:00
4922,Garrett Scantling,garrettscantling,ATL,WR,True,Active,,,,,,Active,False,Sleeper,2026-09-03T14:35:58+00:00
10899,Gervon Dexter,gervondexter,ATL,DL,True,Active,,,,NT,1788390934468,Active,False,Sleeper,2026-09-03T14:35:58+00:00
13555,Harold Perkins,haroldperkins,ATL,LB,True,Active,,,,ROLB,1777155328412,Active,False,Sleeper,2026-09-03T14:35:58+00:00
5150,Heath Harding,heathharding,ATL,CB,False,Active,,,,,,Active,False,Sleeper,2026-09-03T14:35:58+00:00
11770,JD Bertrand,jdbertrand,ATL,LB,True,Inactive,IR,,,RILB,1788219314515,Out,True,Sleeper,2026-09-03T14:35:58+00:00
13602,Jack Strand,jackstrand,ATL,QB,True,Active,,,,QB,1785513933480,Active,False,Sleeper,2026-09-03T14:35:58+00:00
13846,Jack Velling,jackvelling,ATL,TE,True,Active,,,,,1788237616612,Active,False,Sleeper,2026-09-03T14:35:58+00:00
8119,Jahan Dotson,jahandotson,ATL,WR,True,Active,,,,RWR,1788021647085,Active,False,Sleeper,2026-09-03T14:35:58+00:00
6093,Jake Bailey,jakebailey,ATL,P,True,Active,,,,P,1773164140788,Active,False,Sleeper,2026-09-03T14:35:58+00:00
2172,Jake Matthews,jakematthews,ATL,T,True,Active,,,,OL,1781623222914,Active,False,Sleeper,2026-09-03T14:35:58+00:00
12568,Jalon Walker,jalonwalker,ATL,DL,True,Inactive,IR,,,LB,1786078510314,Out,True,Sleeper,2026-09-03T14:35:58+00:00
13700,James Brockermeyer,jamesbrockermeyer,ATL,C,True,Active,,,,,,Active,False,Sleeper,2026-09-03T14:35:58+00:00
12585,James Pearce,jamespearce,ATL,DL,True,Active,Sus,,,LOLB,1787040343851,Out,True,Sleeper,2026-09-03T14:35:58+00:00
10986,Jammie Robinson,jammierobinson,ATL,DB,True,Active,,,,,1760637632062,Active,False,Sleeper,2026-09-03T14:35:58+00:00
13048,Jared Ivey,jaredivey,ATL,DE,True,Active,,,,LOLB,,Active,False,Sleeper,2026-09-03T14:35:58+00:00
6121,Jawaan Taylor,jawaantaylor,ATL,OL,True,Active,,,,OL,1786412433184,Active,False,Sleeper,2026-09-03T14:35:58+00:00
5017,Jessie Bates,jessiebates,ATL,DB,True,Active,,,,SS,1787010937604,Active,False,Sleeper,2026-09-03T14:35:58+00:00
13792,Josh Thompson,joshthompson,ATL,G,True,Active,,,,,,Active,False,Sleeper,2026-09-03T14:35:58+00:00
5757,Josh Woods,joshwoods,ATL,LB,True,Active,,,,RILB,1767248128310,Active,False,Sleeper,2026-09-03T14:35:58+00:00
13703,Kam Dewberry,kamdewberry,ATL,OL,True,Active,,,,,1788221715596,Active,False,Sleeper,2026-09-03T14:35:58+00:00
13482,Kendal Daniels,kendaldaniels,ATL,LB,True,Active,,,,LILB,1779910229445,Active,False,Sleeper,2026-09-03T14:35:58+00:00
11194,Keshawn Banks,keshawnbanks,ATL,LB,True,Inactive,IR,,,DL,1788224415928,Out,True,Sleeper,2026-09-03T14:35:58+00:00
6864,Khalid Kareem,khalidkareem,ATL,DE,True,Active,,,,,1778796037094,Active,False,Sleeper,2026-09-03T14:35:58+00:00
7153,Kyle Hinton,kylehinton,ATL,G,True,Active,,,,OL,1640291437772,Active,False,Sleeper,2026-09-03T14:35:58+00:00
7553,Kyle Pitts,kylepitts,ATL,TE,True,Active,,,,TE,1788018646696,Active,False,Sleeper,2026-09-03T14:35:58+00:00
7231,LaCale London,lacalelondon,ATL,DT,True,Active,,,,LDE,1773333643123,Active,False,Sleeper,2026-09-03T14:35:58+00:00
812,Lee Smith,leesmith,ATL,TE,True,Active,,,,,1643165135105,Active,False,Sleeper,2026-09-03T14:35:58+00:00
7313,Liam McCullough,liammccullough,ATL,LS,True,Active,,,,LS,1741325130075,Active,False,Sleeper,2026-09-03T14:35:58+00:00
11698,Maason Smith,maasonsmith,ATL,DT,True,Active,,,,NT,1776462028936,Active,False,Sleeper,2026-09-03T14:35:58+00:00
13974,Malcolm DeWalt,malcolmdewalt,ATL,CB,True,Active,,,,NB,,Active,False,Sleeper,2026-09-03T14:35:58+00:00
11210,Malik Heath,malikheath,ATL,WR,True,Active,,,,,1784787910657,Active,False,Sleeper,2026-09-03T14:35:58+00:00
12895,Malik Verdon,malikverdon,ATL,DB,True,Inactive,IR,,,LB,1786580412422,Out,True,Sleeper,2026-09-03T14:35:58+00:00
10910,Matthew Bergeron,matthewbergeron,ATL,OL,True,Active,,,,OL,1785630947303,Active,False,Sleeper,2026-09-03T14:35:58+00:00
11813,Michael Jerrell,michaeljerrell,ATL,OT,True,Active,,,,OL,1756236308940,Active,False,Sleeper,2026-09-03T14:35:58+00:00
11559,Michael Penix,michaelpenix,ATL,QB,True,Active,Questionable,,,QB,1788442240963,Questionable,False,Sleeper,2026-09-03T14:35:58+00:00
5691,Mike Ford,mikeford,ATL,DB,True,Active,,,,RCB,1767247828378,Active,False,Sleeper,2026-09-03T14:35:58+00:00
4982,Mike Hughes,mikehughes,ATL,CB,True,Active,,,,LCB,1785366313345,Active,False,Sleeper,2026-09-03T14:35:58+00:00
650,Nick Folk,nickfolk,ATL,K,True,Active,,,,K,1787499631583,Active,False,Sleeper,2026-09-03T14:35:58+00:00
8523,Nick Muse,nickmuse,ATL,TE,True,Active,,,,,1788238216837,Active,False,Sleeper,2026-09-03T14:35:58+00:00
6271,Olamide Zaccheaus,olamidezaccheaus,ATL,WR,True,Active,,,,SWR,1787853051646,Active,False,Sleeper,2026-09-03T14:35:58+00:00
13704,Riley Mahlman,rileymahlman,ATL,OT,True,Active,,,,,,Active,False,Sleeper,2026-09-03T14:35:58+00:00
7979,Ryan Neuzil,ryanneuzil,ATL,OL,True,Active,,,,OL,1781623223637,Active,False,Sleeper,2026-09-03T14:35:58+00:00
4170,Samson Ebukam,samsonebukam,ATL,DE,True,Active,,,,LOLB,1773351044645,Active,False,Sleeper,2026-09-03T14:35:58+00:00
4598,Storm Norton,stormnorton,ATL,T,True,Active,PUP,,,OL,1781623223149,Out,True,Sleeper,2026-09-03T14:35:58+00:00
10919,Sydney Brown,sydneybrown,ATL,DB,True,Active,,,,FS,1774054541740,Active,False,Sleeper,2026-09-03T14:35:58+00:00
7593,Trey Sermon,treysermon,ATL,RB,True,Inactive,IR,,,RB,1787182516868,Out,True,Sleeper,2026-09-03T14:35:58+00:00
6768,Tua Tagovailoa,tuatagovailoa,ATL,QB,True,Active,,,,QB,1788015346317,Active,False,Sleeper,2026-09-03T14:35:58+00:00
8207,Tyler Goodson,tylergoodson,ATL,RB,True,Active,,,,,1788237616612,Active,False,Sleeper,2026-09-03T14:35:58+00:00
8073,Tyrone Wheatley,tyronewheatley,ATL,OL,True,Active,Questionable,,,,1755303307369,Questionable,False,Sleeper,2026-09-03T14:35:58+00:00
13343,Vinny Anthony,vinnyanthony,ATL,WR,True,Active,,,,,1788238216850,Active,False,Sleeper,2026-09-03T14:35:58+00:00
12591,Xavier Watts,xavierwatts,ATL,DB,True,Active,,,,FS,1787011237772,Active,False,Sleeper,2026-09-03T14:35:58+00:00
10992,Yasir Abdullah,yasirabdullah,ATL,LB,True,Active,,,,ROLB,1788111958051,Active,False,Sleeper,2026-09-03T14:35:58+00:00
2427,Za'Darius Smith,zadariussmith,ATL,LB,True,Active,,,,RDE,1787076602860,Active,False,Sleeper,2026-09-03T14:35:58+00:00
10934,Zach Harrison,zachharrison,ATL,DE,True,Active,,,,,1788233117184,Active,False,Sleeper,2026-09-03T14:35:58+00:00
13320,Zachariah Branch,zachariahbranch,ATL,WR,True,Active,,,,SWR,1788408036294,Active,False,Sleeper,2026-09-03T14:35:58+00:00
8505,AJ Arcuri,ajarcuri,BAL,OT,True,Active,,,,,1651363520583,Active,False,Sleeper,2026-09-03T14:35:58+00:00
4683,Aaron Bailey,aaronbailey,BAL,QB,True,Active,,,,QB,,Active,False,Sleeper,2026-09-03T14:35:58+00:00
13302,Adam Randall,adamrandall,BAL,RB,True,Inactive,IR,,,RB,1788207014914,Out,True,Sleeper,2026-09-03T14:35:58+00:00
3590,Adam Redmond,adamredmond,BAL,C,True,Active,,,,,1621438206841,Active,False,Sleeper,2026-09-03T14:35:58+00:00
11722,Adisa Isaac,adisaisaac,BAL,DE,True,Active,,,,,1788110157666,Active,False,Sleeper,2026-09-03T14:35:58+00:00
12696,Aeneas Peebles,aeneaspeebles,BAL,DT,True,Active,Questionable,,,RDE,1786308331151,Questionable,False,Sleeper,2026-09-03T14:35:58+00:00
1805,Alejandro Villanueva,alejandrovillanueva,BAL,OT,True,Active,,,,,1646868930261,Active,False,Sleeper,2026-09-03T14:35:58+00:00
5888,Amani Oruwariye,amanioruwariye,BAL,CB,True,Active,,,,,1756708550514,Active,False,Sleeper,2026-09-03T14:35:58+00:00
11045,Andrew Vorhees,andrewvorhees,BAL,OL,True,Active,,,,OL,1785373214246,Active,False,Sleeper,2026-09-03T14:35:58+00:00
1298,Anthony Levine,anthonylevine,BAL,DB,True,Active,,,,,1617821448085,Active,False,Sleeper,2026-09-03T14:35:58+00:00
BAL,Baltimore Ravens,baltimoreravens,BAL,DEF,True,,,,,,,Active,False,Sleeper,2026-09-03T14:35:58+00:00
4744,Barrett Burns,barrettburns,BAL,TE,True,Active,,,,,,Active,False,Sleeper,2026-09-03T14:35:58+00:00
12714,Bilhal Kone,bilhalkone,BAL,CB,True,Inactive,IR,,,RCB,1788216614469,Out,True,Sleeper,2026-09-03T14:35:58+00:00
7122,Broderick Washington,broderickwashington,BAL,DT,True,Active,,,,RDE,1785512734117,Active,False,Sleeper,2026-09-03T14:35:58+00:00
125,Calais Campbell,calaiscampbell,BAL,DE,True,Active,,,,LDE,1781035841269,Active,False,Sleeper,2026-09-03T14:35:58+00:00
12041,Carl Jones,carljones,BAL,DL,True,Active,,,,,1765233614702,Active,False,Sleeper,2026-09-03T14:35:58+00:00
12681,Carson Vinson,carsonvinson,BAL,OT,True,Active,,,,OL,1781619623639,Active,False,Sleeper,2026-09-03T14:35:58+00:00
13514,Chandler Rivers,chandlerrivers,BAL,CB,True,Active,,,,RCB,1777148122980,Active,False,Sleeper,2026-09-03T14:35:58+00:00
4107,Chidobe Awuzie,chidobeawuzie,BAL,CB,True,Active,,,,RCB,1773254150445,Active,False,Sleeper,2026-09-03T14:35:58+00:00
3269,Chris Moore,chrismoore,BAL,WR,True,Active,,,,,1788304222958,Active,False,Sleeper,2026-09-03T14:35:58+00:00
5969,Chuma Edoga,chumaedoga,BAL,OT,True,Active,,,,,1764989731308,Active,False,Sleeper,2026-09-03T14:35:58+00:00
4347,Daniel Henry,danielhenry,BAL,FS,False,Active,,Out,,,,Active,False,Sleeper,2026-09-03T14:35:58+00:00
7118,Danny Pinter,dannypinter,BAL,G,True,Inactive,IR,,,OL,1787787658587,Out,True,Sleeper,2026-09-03T14:35:58+00:00
12229,David Olajiga,davidolajiga,BAL,DL,True,Active,,,,,,Active,False,Sleeper,2026-09-03T14:35:58+00:00
3198,Derrick Henry,derrickhenry,BAL,RB,True,Active,,,,RB,1788285320692,Active,False,Sleeper,2026-09-03T14:35:58+00:00
11629,Devontez Walker,devontezwalker,BAL,WR,True,Active,,,,RWR,1787986244067,Active,False,Sleeper,2026-09-03T14:35:58+00:00
13735,Dominic DeLuca,dominicdeluca,BAL,LB,True,Active,,,,,,Active,False,Sleeper,2026-09-03T14:35:58+00:00
5008,Durham Smythe,durhamsmythe,BAL,TE,True,Active,,,,TE,1780442449933,Active,False,Sleeper,2026-09-03T14:35:58+00:00
13268,Elijah Sarratt,elijahsarratt,BAL,WR,True,Active,,,,LWR,1787985943985,Active,False,Sleeper,2026-09-03T14:35:58+00:00
12629,Emery Jones,emeryjones,BAL,OL,True,Active,,,,OL,1781619623691,Active,False,Sleeper,2026-09-03T14:35:58+00:00
13733,Ethan Burke,ethanburke,BAL,DE,True,Active,,,,LOLB,,Active,False,Sleeper,2026-09-03T14:35:58+00:00
4123,Ethan Pocic,ethanpocic,BAL,OL,True,Active,,,,OL,1787280656256,Active,False,Sleeper,2026-09-03T14:35:58+00:00
13023,Gerad Lichtenhan,geradlichtenhan,BAL,OT,True,Active,,,,,,Active,False,Sleeper,2026-09-03T14:35:58+00:00
13293,Ja'Kobi Lane,jakobilane,BAL,WR,True,Active,,,,RWR,1787707541788,Active,False,Sleeper,2026-09-03T14:35:58+00:00
13851,Jahquez Robinson,jahquezrobinson,BAL,DB,True,Inactive,IR,,,,1787185217626,Out,True,Sleeper,2026-09-03T14:35:58+00:00
10937,Jake Moody,jakemoody,BAL,K,True,Active,,,,,1788216613411,Active,False,Sleeper,2026-09-03T14:35:58+00:00
13024,Jay Higgins,jayhiggins,BAL,LB,True,Active,Questionable,,,RILB,1786842606840,Questionable,False,Sleeper,2026-09-03T14:35:58+00:00
7058,Jaylinn Hawkins,jaylinnhawkins,BAL,SS,True,Active,,,,FS,1773257749212,Active,False,Sleeper,2026-09-03T14:35:58+00:00
13350,Joe Fagnano,joefagnano,BAL,QB,True,Active,,,,QB,1777477532069,Active,False,Sleeper,2026-09-03T14:35:58+00:00
1553,John Jenkins,johnjenkins,BAL,DT,True,Active,,,,NT,1785828615613,Active,False,Sleeper,2026-09-03T14:35:58+00:00
6875,John Simpson,johnsimpson,BAL,G,True,Active,,,,OL,1781619622656,Active,False,Sleeper,2026-09-03T14:35:58+00:00
7087,Jonathan Ward,jonathanward,BAL,RB,True,Active,,,,,1788304523023,Active,False,Sleeper,2026-09-03T14:35:58+00:00
2369,Jordan Richards,jordanrichards,BAL,DB,True,Active,,,,,1612121135898,Active,False,Sleeper,2026-09-03T14:35:58+00:00
13273,Josh Cuevas,joshcuevas,BAL,TE,True,Active,,,,TE,1787984743637,Active,False,Sleeper,2026-09-03T14:35:58+00:00
11049,Jovaughn Gwyn,jovaughngwyn,BAL,OL,True,Active,,,,OL,1682810124151,Active,False,Sleeper,2026-09-03T14:35:58+00:00
5995,Justice Hill,justicehill,BAL,RB,True,Active,,,,RB,1787628042622,Active,False,Sleeper,2026-09-03T14:35:58+00:00
6947,K'Von Wallace,kvonwallace,BAL,DB,True,Active,,,,,1788236415837,Active,False,Sleeper,2026-09-03T14:35:58+00:00
13214,Kaimon Rucker,kaimonrucker,BAL,LB,True,Active,,,,,1747742432000,Active,False,Sleeper,2026-09-03T14:35:58+00:00
13156,Keondre Jackson,keondrejackson,BAL,DB,True,Active,,,,SS,,Active,False,Sleeper,2026-09-03T14:35:58+00:00
13172,Keyon Martin,keyonmartin,BAL,CB,True,Active,,,,NB,1764120927328,Active,False,Sleeper,2026-09-03T14:35:58+00:00
8339,Kyle Hamilton,kylehamilton,BAL,DB,True,Active,,,,SS,1783358415001,Active,False,Sleeper,2026-09-03T14:35:58+00:00
12699,LaJohntay Wester,lajohntaywester,BAL,WR,True,Active,,,,SWR,1782249624074,Active,False,Sleeper,2026-09-03T14:35:58+00:00
4881,Lamar Jackson,lamarjackson,BAL,QB,True,Active,,,,QB,1788387933622,Active,False,Sleeper,2026-09-03T14:35:58+00:00
12567,Malaki Starks,malakistarks,BAL,DB,True,Active,,,,FS,1783797605515,Active,False,Sleeper,2026-09-03T14:35:58+00:00
5012,Mark Andrews,markandrews,BAL,TE,True,Active,,,,TE,1787893256491,Active,False,Sleeper,2026-09-03T14:35:58+00:00
4071,Marlon Humphrey,marlonhumphrey,BAL,CB,True,Active,,,,NB,1787009437458,Active,False,Sleeper,2026-09-03T14:35:58+00:00
13324,Matt Hibner,matthibner,BAL,TE,True,Active,,,,TE,1787984443815,Active,False,Sleeper,2026-09-03T14:35:58+00:00
6714,Mazzi Wilkins,mazziwilkins,BAL,DB,True,Active,,,,,1695773138501,Active,False,Sleeper,2026-09-03T14:35:58+00:00
12571,Mike Green,mikegreen,BAL,DL,True,Active,,,,ROLB,1770091251894,Active,False,Sleeper,2026-09-03T14:35:58+00:00
11656,Nate Wiggins,natewiggins,BAL,CB,True,Active,,,,LCB,1786983035556,Active,False,Sleeper,2026-09-03T14:35:58+00:00
13728,Nick Dawkins,nickdawkins,BAL,OL,True,Active,,,,,,Active,False,Sleeper,2026-09-03T14:35:58+00:00
6594,Nick Moore,nickmoore,BAL,LS,True,Active,,,,LS,1767460846084,Active,False,Sleeper,2026-09-03T14:35:58+00:00
3258,Nick Vannett,nickvannett,BAL,TE,True,Active,,,,,1788394235188,Active,False,Sleeper,2026-09-03T14:35:58+00:00
6818,Nnamdi Madubuike,nnamdimadubuike,BAL,DT,True,Active,Questionable,,,LDE,1788148207949,Questionable,False,Sleeper,2026-09-03T14:35:58+00:00
11570,Rasheen Ali,rasheenali,BAL,RB,True,Active,,,,RB,1787985343951,Active,False,Sleeper,2026-09-03T14:35:58+00:00
7571,Rashod Bateman,rashodbateman,BAL,WR,True,Active,,,,LWR,1788385233009,Active,False,Sleeper,2026-09-03T14:35:58+00:00
13584,Rayshaun Benny,rayshaunbenny,BAL,DT,True,Active,,,,,1786694452588,Active,False,Sleeper,2026-09-03T14:35:58+00:00
11696,Roger Rosengarten,rogerrosengarten,BAL,OL,True,Active,,,,OL,1781619623415,Active,False,Sleeper,2026-09-03T14:35:58+00:00
3162,Ronnie Stanley,ronniestanley,BAL,T,True,Active,,,,OL,1781619622187,Active,False,Sleeper,2026-09-03T14:35:58+00:00
4960,Roquan Smith,roquansmith,BAL,LB,True,Active,,,,RILB,1782681620995,Active,False,Sleeper,2026-09-03T14:35:58+00:00
13553,Ryan Eckley,ryaneckley,BAL,P,True,Active,,,,P,1777153225312,Active,False,Sleeper,2026-09-03T14:35:58+00:00
8206,Skylar Thompson,skylarthompson,BAL,QB,True,Inactive,IR,,,QB,1786562720771,Out,True,Sleeper,2026-09-03T14:35:58+00:00
11730,T.J. Tampa,tjtampa,BAL,DB,True,Active,,,,LCB,1761697222453,Active,False,Sleeper,2026-09-03T14:35:58+00:00
10944,Tavius Robinson,taviusrobinson,BAL,DE,True,Active,,,,LOLB,1770138938063,Active,False,Sleeper,2026-09-03T14:35:58+00:00
12640,Teddye Buchanan,teddyebuchanan,BAL,LB,True,Active,Questionable,,,LILB,1786749045001,Questionable,False,Sleeper,2026-09-03T14:35:58+00:00
8400,Travis Jones,travisjones,BAL,DL,True,Active,,,,NT,1786479041995,Active,False,Sleeper,2026-09-03T14:35:58+00:00
10935,Trenton Simpson,trentonsimpson,BAL,LB,True,Active,,,,LILB,1767902151935,Active,False,Sleeper,2026-09-03T14:35:58+00:00
4135,Trey Hendrickson,treyhendrickson,BAL,DE,True,Active,,,,ROLB,1773240647521,Active,False,Sleeper,2026-09-03T14:35:58+00:00
13705,Ty Pezza,typezza,BAL,TE,True,Active,,,,,,Active,False,Sleeper,2026-09-03T14:35:58+00:00
7083,Tyler Huntley,tylerhuntley,BAL,QB,True,Active,,,,QB,1787985044100,Active,False,Sleeper,2026-09-03T14:35:58+00:00
12711,Tyler Loop,tylerloop,BAL,K,True,Active,,,,K,1788233413803,Active,False,Sleeper,2026-09-03T14:35:58+00:00
13447,Vega Ioane,vegaioane,BAL,OG,True,Active,,,,OL,1781619623842,Active,False,Sleeper,2026-09-03T14:35:58+00:00
13042,Xavier Guillory,xavierguillory,BAL,WR,True,Active,,,,,1788304823012,Active,False,Sleeper,2026-09-03T14:35:58+00:00
4924,Zach Terrell,zachterrell,BAL,QB,True,Active,,,,,,Active,False,Sleeper,2026-09-03T14:35:58+00:00
9997,Zay Flowers,zayflowers,BAL,WR,True,Active,Questionable,,,SWR,1788372931356,Questionable,False,Sleeper,2026-09-03T14:35:58+00:00
13460,Zion Young,zionyoung,BAL,DE,True,Active,,,,LOLB,1777081217510,Active,False,Sleeper,2026-09-03T14:35:58+00:00
8774,Alec Anderson,alecanderson,BUF,OL,True,Active,,,,OL,1787703042064,Active,False,Sleeper,2026-09-03T14:35:58+00:00
11041,Andre Jones,andrejones,BUF,DE,True,Active,,,,,1769841321395,Active,False,Sleeper,2026-09-03T14:35:58+00:00
11455,Anthony Kendall,anthonykendall,BUF,CB,True,Active,,,,,1786608315908,Active,False,Sleeper,2026-09-03T14:35:58+00:00
13570,Ar'maj Reed-Adams,armajreedadams,BUF,G,True,Active,,,,OL,,Active,False,Sleeper,2026-09-03T14:35:58+00:00
4989,Austin Corbett,austincorbett,BUF,OL,True,Active,,,,OL,1781619622374,Active,False,Sleeper,2026-09-03T14:35:58+00:00
4967,Bradley Chubb,bradleychubb,BUF,LB,True,Active,,,,ROLB,1782588012514,Active,False,Sleeper,2026-09-03T14:35:58+00:00
BUF,Buffalo Bills,buffalobills,BUF,DEF,True,,,,,,,Active,False,Sleeper,2026-09-03T14:35:58+00:00
5893,C.J. Gardner-Johnson,cjgardnerjohnson,BUF,DB,True,Active,,,,SS,1786054259340,Active,False,Sleeper,2026-09-03T14:35:58+00:00
12686,Chase Lundt,chaselundt,BUF,OL,True,Active,,,,,1786758053377,Active,False,Sleeper,2026-09-03T14:35:58+00:00
8487,Christian Benford,christianbenford,BUF,DB,True,Active,,,,LCB,1767755116289,Active,False,Sleeper,2026-09-03T14:35:58+00:00
11682,Cole Bishop,colebishop,BUF,DB,True,Active,,,,FS,1785874508108,Active,False,Sleeper,2026-09-03T14:35:58+00:00
5913,Connor McGovern,connormcgovern,BUF,G,True,Active,,,,OL,1788307225730,Active,False,Sleeper,2026-09-03T14:35:58+00:00
4983,DJ Moore,djmoore,BUF,WR,True,Active,,,,LWR,1788104455410,Active,False,Sleeper,2026-09-03T14:35:58+00:00
10236,Dalton Kincaid,daltonkincaid,BUF,TE,True,Active,,,,TE,1788357029149,Active,False,Sleeper,2026-09-03T14:35:58+00:00
7787,Damar Hamlin,damarhamlin,BUF,DB,True,Active,,,,SS,1774636204775,Active,False,Sleeper,2026-09-03T14:35:58+00:00
2407,Daryl Williams,darylwilliams,BUF,OL,True,Active,,,,,1647267912862,Active,False,Sleeper,2026-09-03T14:35:58+00:00
13454,Davison Igbinosun,davisonigbinosun,BUF,CB,True,Active,,,,RCB,1777081217657,Active,False,Sleeper,2026-09-03T14:35:58+00:00
5906,Dawson Knox,dawsonknox,BUF,TE,True,Active,,,,TE,1787585139061,Active,False,Sleeper,2026-09-03T14:35:58+00:00
11706,DeWayne Carter,dewaynecarter,BUF,DT,True,Active,,,,NT,1779311743448,Active,False,Sleeper,2026-09-03T14:35:58+00:00
8104,Dee Alford,deealford,BUF,DB,True,Active,,,,NB,1773092435231,Active,False,Sleeper,2026-09-03T14:35:58+00:00
6610,Demetrius Flannigan-Fowles,demetriusflanniganfowles,BUF,LB,True,Inactive,IR,,,LB,1786085111961,Out,True,Sleeper,2026-09-03T14:35:58+00:00
12652,Deone Walker,deonewalker,BUF,DT,True,Active,,,,NT,1770144038709,Active,False,Sleeper,2026-09-03T14:35:58+00:00
4102,Dion Dawkins,diondawkins,BUF,OT,True,Active,,,,OL,1781619622264,Active,False,Sleeper,2026-09-03T14:35:58+00:00
12687,Dorian Strong,dorianstrong,BUF,CB,True,Inactive,PUP,,,DB,1781536858949,Out,True,Sleeper,2026-09-03T14:35:58+00:00
10923,Dorian Williams,dorianwilliams,BUF,LB,True,Active,,,,LILB,1785882609619,Active,False,Sleeper,2026-09-03T14:35:58+00:00
4754,Duplicate Player,duplicateplayer,BUF,,False,Inactive,,,,,,Inactive,True,Sleeper,2026-09-03T14:35:58+00:00
5841,Ed Oliver,edoliver,BUF,DT,True,Active,,,,RDE,1780446650238,Active,False,Sleeper,2026-09-03T14:35:58+00:00
11573,Frank Gore,frankgore,BUF,RB,True,Active,,,,,1788305123986,Active,False,Sleeper,2026-09-03T14:35:58+00:00
6923,Geno Stone,genostone,BUF,DB,True,Active,,,,,1788236415881,Active,False,Sleeper,2026-09-03T14:35:58+00:00
5970,Greg Dortch,gregdortch,BUF,WR,True,Active,,,,,1788294622984,Active,False,Sleeper,2026-09-03T14:35:58+00:00
5981,Greg Gaines,greggaines,BUF,DT,True,Active,,,,RDE,1787124054427,Active,False,Sleeper,2026-09-03T14:35:58+00:00
7627,Greg Rousseau,gregrousseau,BUF,DE,True,Active,,,,LOLB,1770143138584,Active,False,Sleeper,2026-09-03T14:35:58+00:00
13696,Ja'Mori Maclin,jamorimaclin,BUF,WR,True,Active,,,,,1788306023796,Active,False,Sleeper,2026-09-03T14:35:58+00:00
12658,Jackson Hawes,jacksonhawes,BUF,TE,True,Active,,,,TE,1787273154595,Active,False,Sleeper,2026-09-03T14:35:58+00:00
13511,Jalon Kilgore,jalonkilgore,BUF,CB,True,Active,,,,SS,1777148122993,Active,False,Sleeper,2026-09-03T14:35:58+00:00
8138,James Cook,jamescook,BUF,RB,True,Active,,,,RB,1788054650619,Active,False,Sleeper,2026-09-03T14:35:58+00:00
11759,Javon Solomon,javonsolomon,BUF,DE,True,Active,,,,ROLB,1726946455932,Active,False,Sleeper,2026-09-03T14:35:58+00:00
6787,Jedrick Wills,jedrickwills,BUF,OT,True,Active,,,,,1788129959164,Active,False,Sleeper,2026-09-03T14:35:58+00:00
12397,Joe Andreessen,joeandreessen,BUF,LB,True,Active,,,,RILB,1735579816995,Active,False,Sleeper,2026-09-03T14:35:58+00:00
12661,Jordan Hancock,jordanhancock,BUF,DB,True,Active,,,,NB,1757982936835,Active,False,Sleeper,2026-09-03T14:35:58+00:00
4984,Josh Allen,joshallen,BUF,QB,True,Active,,,,QB,1787676047663,Active,False,Sleeper,2026-09-03T14:35:58+00:00
7670,Joshua Palmer,joshuapalmer,BUF,WR,True,Active,,,,RWR,1787515232792,Active,False,Sleeper,2026-09-03T14:35:58+00:00
13505,Jude Bowry,judebowry,BUF,OT,True,Active,Questionable,,,OL,1787625344116,Questionable,False,Sleeper,2026-09-03T14:35:58+00:00
13488,Kaleb Elarms-Orr,kalebelarmsorr,BUF,LB,True,Active,,,,LILB,1777140921718,Active,False,Sleeper,2026-09-03T14:35:58+00:00
13694,Kani Walker,kaniwalker,BUF,DB,True,Active,,,,,,Active,False,Sleeper,2026-09-03T14:35:58+00:00
12765,Keleki Latu,kelekilatu,BUF,TE,True,Active,,,,TE,1766871304018,Active,False,Sleeper,2026-09-03T14:35:58+00:00
11637,Keon Coleman,keoncoleman,BUF,WR,True,Active,Questionable,,,LWR,1788291021323,Questionable,False,Sleeper,2026-09-03T14:35:58+00:00
12764,Keonta Jenkins,keontajenkins,BUF,LB,True,Active,,,,,1769841321407,Active,False,Sleeper,2026-09-03T14:35:58+00:00
8134,Khalil Shakir,khalilshakir,BUF,WR,True,Active,Questionable,,,SWR,1788384333173,Questionable,False,Sleeper,2026-09-03T14:35:58+00:00
5127,Kyle Allen,kyleallen,BUF,QB,True,Active,,,,QB,1779920430620,Active,False,Sleeper,2026-09-03T14:35:58+00:00
12580,Landon Jackson,landonjackson,BUF,DL,True,Active,,,,LDE,1785882308897,Active,False,Sleeper,2026-09-03T14:35:58+00:00
6903,Lloyd Cushenberry,lloydcushenberry,BUF,C,True,Active,,,,OL,1781619622627,Active,False,Sleeper,2026-09-03T14:35:58+00:00
12596,Maxwell Hairston,maxwellhairston,BUF,DB,True,Active,,,,RCB,1787075103864,Active,False,Sleeper,2026-09-03T14:35:58+00:00
7342,Michael Hoecht,michaelhoecht,BUF,DT,True,Active,Questionable,,,ROLB,1785880508748,Questionable,False,Sleeper,2026-09-03T14:35:58+00:00
6958,Mike Danna,mikedanna,BUF,DE,True,Active,,,,LOLB,1778530843501,Active,False,Sleeper,2026-09-03T14:35:58+00:00
11044,Nick Broeker,nickbroeker,BUF,OL,True,Active,,,,,1781619623205,Active,False,Sleeper,2026-09-03T14:35:58+00:00
10895,O'Cyrus Torrence,ocyrustorrence,BUF,OL,True,Active,,,,OL,1781619623208,Active,False,Sleeper,2026-09-03T14:35:58+00:00
8273,Phidarian Mathis,phidarianmathis,BUF,DL,True,Active,Sus,,,NT,1786758653306,Out,True,Sleeper,2026-09-03T14:35:58+00:00
11575,Ray Davis,raydavis,BUF,RB,True,Active,,,,RB,1787941227836,Active,False,Sleeper,2026-09-03T14:35:58+00:00
3576,Reid Ferguson,reidferguson,BUF,LS,True,Active,,,,LS,1741501558080,Active,False,Sleeper,2026-09-03T14:35:58+00:00
7224,Sam Franklin,samfranklin,BUF,DB,True,Active,,,,FS,1772221252246,Active,False,Sleeper,2026-09-03T14:35:58+00:00
8002,Shane Buechele,shanebuechele,BUF,QB,True,Active,,,,,1788304823026,Active,False,Sleeper,2026-09-03T14:35:58+00:00
2330,Shaq Thompson,shaqthompson,BUF,LB,True,Active,,,,,1770142538463,Active,False,Sleeper,2026-09-03T14:35:58+00:00
13402,Skyler Bell,skylerbell,BUF,WR,True,Active,,,,SWR,1787889356434,Active,False,Sleeper,2026-09-03T14:35:58+00:00
7691,Spencer Brown,spencerbrown,BUF,OT,True,Active,,,,OL,1781619622810,Active,False,Sleeper,2026-09-03T14:35:58+00:00
1548,Star Lotulelei,starlotulelei,BUF,DT,True,Active,,,,,1647636024067,Active,False,Sleeper,2026-09-03T14:35:58+00:00
12756,Stephen Gosnell,stephengosnell,BUF,WR,True,Active,,,,,1788305423790,Active,False,Sleeper,2026-09-03T14:35:58+00:00
12612,T.J. Sanders,tjsanders,BUF,DL,True,Active,,,,LDE,1763957736732,Active,False,Sleeper,2026-09-03T14:35:58+00:00
13455,TJ Parker,tjparker,BUF,DE,True,Active,,,,LOLB,1777081217398,Active,False,Sleeper,2026-09-03T14:35:58+00:00
12380,Te'Cory Couch,tecorycouch,BUF,CB,True,Active,,,,,1769841321466,Active,False,Sleeper,2026-09-03T14:35:58+00:00
8311,Terrel Bernard,terrelbernard,BUF,LB,True,Active,Questionable,,,RILB,1783560007741,Questionable,False,Sleeper,2026-09-03T14:35:58+00:00
13568,Tommy Doman,tommydoman,BUF,P,True,Active,,,,P,1777160424211,Active,False,Sleeper,2026-09-03T14:35:58+00:00
11824,Travis Clayton,travisclayton,BUF,OT,True,Active,,,,,1749186340106,Active,False,Sleeper,2026-09-03T14:35:58+00:00
5154,Trent Sherfield,trentsherfield,BUF,WR,True,Active,,,,,1788304523019,Active,False,Sleeper,2026-09-03T14:35:58+00:00
6039,Ty Johnson,tyjohnson,BUF,RB,True,Active,Questionable,,,RB,1788375631768,Questionable,False,Sleeper,2026-09-03T14:35:58+00:00
11791,Tylan Grable,tylangrable,BUF,OL,True,Active,,,,OL,1764534058908,Active,False,Sleeper,2026-09-03T14:35:58+00:00
7042,Tyler Bass,tylerbass,BUF,K,True,Active,,,,K,1787082604573,Active,False,Sleeper,2026-09-03T14:35:58+00:00
11377,Tyrell Shavers,tyrellshavers,BUF,WR,True,Active,PUP,,,RWR,1788292822435,Out,True,Sleeper,2026-09-03T14:35:58+00:00
13506,Zane Durant,zanedurant,BUF,DT,True,Inactive,IR,,,RDE,1788149408253,Out,True,Sleeper,2026-09-03T14:35:58+00:00
1674,A.J. Bouye,ajbouye,CAR,CB,True,Active,,,,,1647276914028,Active,False,Sleeper,2026-09-03T14:35:58+00:00
6828,AJ Dillon,ajdillon,CAR,RB,True,Active,,,,RB,1787987143468,Active,False,Sleeper,2026-09-03T14:35:58+00:00
13706,Aaron Hall,aaronhall,CAR,DT,True,Active,,,,LDE,,Active,False,Sleeper,2026-09-03T14:35:58+00:00
12797,Ahmani Marshall,ahmanimarshall,CAR,RB,True,Active,,,,,1788126958592,Active,False,Sleeper,2026-09-03T14:35:58+00:00
8389,Akayleb Evans,akaylebevans,CAR,DB,True,Active,Questionable,,,RCB,1787971842041,Questionable,False,Sleeper,2026-09-03T14:35:58+00:00
13978,Albert Reese,albertreese,CAR,OT,True,Active,,,,OL,,Active,False,Sleeper,2026-09-03T14:35:58+00:00
7933,Alex Kessman,alexkessman,CAR,K,True,Active,,,,,1640634949942,Active,False,Sleeper,2026-09-03T14:35:58+00:00
12138,Anthony Goodlow,anthonygoodlow,CAR,DE,True,Active,,,,,1769841921638,Active,False,Sleeper,2026-09-03T14:35:58+00:00
12939,Anthony Tyus,anthonytyus,CAR,RB,True,Active,,,,,1788310224506,Active,False,Sleeper,2026-09-03T14:35:58+00:00
12956,Bam Martin-Scott,bammartinscott,CAR,LB,True,Active,IR,,,LILB,1788217815166,Out,True,Sleeper,2026-09-03T14:35:58+00:00
7722,Bobby Brown,bobbybrown,CAR,DT,True,Active,,,,NT,1785795310146,Active,False,Sleeper,2026-09-03T14:35:58+00:00
5944,Bobby Okereke,bobbyokereke,CAR,LB,True,Active,,,,LILB,1788031249943,Active,False,Sleeper,2026-09-03T14:35:58+00:00
7697,Brady Christensen,bradychristensen,CAR,T,True,Inactive,IR,,,OL,1788306623919,Out,True,Sleeper,2026-09-03T14:35:58+00:00
9228,Bryce Young,bryceyoung,CAR,QB,True,Active,,,,QB,1787765749673,Active,False,Sleeper,2026-09-03T14:35:58+00:00
11157,Brycen Tremayne,brycentremayne,CAR,WR,True,Active,,,,RWR,1776728135079,Active,False,Sleeper,2026-09-03T14:35:58+00:00
7451,Cam Gill,camgill,CAR,LB,True,Active,,,,,1784920256496,Active,False,Sleeper,2026-09-03T14:35:58+00:00
12682,Cam Jackson,camjackson,CAR,DT,True,Active,,,,NT,1759679753966,Active,False,Sleeper,2026-09-03T14:35:58+00:00
CAR,Carolina Panthers,carolinapanthers,CAR,DEF,True,,,,,,,Active,False,Sleeper,2026-09-03T14:35:58+00:00
11806,Casey Washington,caseywashington,CAR,WR,True,Active,,,,,1788309624501,Active,False,Sleeper,2026-09-03T14:35:58+00:00
10953,Chandler Zavala,chandlerzavala,CAR,G,True,Active,,,,,1785374114487,Active,False,Sleeper,2026-09-03T14:35:58+00:00
11771,Chau Smith-Wade,chausmithwade,CAR,DB,True,Active,,,,NB,1770254751547,Active,False,Sleeper,2026-09-03T14:35:58+00:00
13353,Chris Brazzell,chrisbrazzell,CAR,WR,True,Inactive,IR,,,,1785555638825,Out,True,Sleeper,2026-09-03T14:35:58+00:00
7594,Chuba Hubbard,chubahubbard,CAR,RB,True,Active,Questionable,,,RB,1788366030517,Questionable,False,Sleeper,2026-09-03T14:35:58+00:00
11305,Claudin Cherelus,claudincherelus,CAR,LB,True,Active,,,,RILB,1773435612212,Active,False,Sleeper,2026-09-03T14:35:58+00:00
11954,Corey Bullock,coreybullock,CAR,OL,True,Active,,,,OL,1785984643579,Active,False,Sleeper,2026-09-03T14:35:58+00:00
12957,Corey Thornton,coreythornton,CAR,CB,True,Active,,,,,1785374114489,Active,False,Sleeper,2026-09-03T14:35:58+00:00
7003,Damien Lewis,damienlewis,CAR,G,True,Active,,,,OL,1786578310632,Active,False,Sleeper,2026-09-03T14:35:58+00:00
1494,Damontre Moore,damontremoore,CAR,DE,True,Active,,,,,1636674651319,Active,False,Sleeper,2026-09-03T14:35:58+00:00
2505,Darren Waller,darrenwaller,CAR,TE,True,Active,,,,TE,1788401135607,Active,False,Sleeper,2026-09-03T14:35:58+00:00
4274,David Moore,davidmoore,CAR,WR,True,Active,,,,,1788309024541,Active,False,Sleeper,2026-09-03T14:35:58+00:00
6784,Derrick Brown,derrickbrown,CAR,DT,True,Active,Questionable,,,LDE,1786815901930,Questionable,False,Sleeper,2026-09-03T14:35:58+00:00
8329,Devin Lloyd,devinlloyd,CAR,LB,True,Active,Questionable,,,RILB,1787873154500,Questionable,False,Sleeper,2026-09-03T14:35:58+00:00
13977,Devonta Smith,devontasmith,CAR,CB,True,Active,,,,,,Active,False,Sleeper,2026-09-03T14:35:58+00:00
7531,Feleipe Franks,feleipefranks,CAR,TE,True,Active,,,,TE,1774205754255,Active,False,Sleeper,2026-09-03T14:35:58+00:00
13415,Haynes King,haynesking,CAR,QB,True,Active,Questionable,,,QB,1787607041378,Questionable,False,Sleeper,2026-09-03T14:35:58+00:00
8451,Ikem Ekwonu,ikemekwonu,CAR,T,True,Active,PUP,,,OL,1788216914336,Out,True,Sleeper,2026-09-03T14:35:58+00:00
13709,Isaia Glass,isaiaglass,CAR,OL,True,Active,,,,,,Active,False,Sleeper,2026-09-03T14:35:58+00:00
6781,Isaiah Simmons,isaiahsimmons,CAR,DB,True,Active,,,,,1773169542483,Active,False,Sleeper,2026-09-03T14:35:58+00:00
7621,J.T. Ibe,jtibe,CAR,DB,True,Active,,,,,1628092510152,Active,False,Sleeper,2026-09-03T14:35:58+00:00
439,JJ Jansen,jjjansen,CAR,LS,True,Active,,,,LS,1739602221935,Active,False,Sleeper,2026-09-03T14:35:58+00:00
11600,Ja'Tavion Sanders,jatavionsanders,CAR,TE,True,Active,,,,TE,1787853651725,Active,False,Sleeper,2026-09-03T14:35:58+00:00
13179,Ja'seem Reed,jaseemreed,CAR,WR,True,Active,,,,,1788391533981,Active,False,Sleeper,2026-09-03T14:35:58+00:00
13586,Jackson Kuwatch,jacksonkuwatch,CAR,LB,True,Active,,,,LILB,1777160424110,Active,False,Sleeper,2026-09-03T14:35:58+00:00
7635,Jaelan Phillips,jaelanphillips,CAR,LB,True,Active,Questionable,,,LOLB,1787352029460,Questionable,False,Sleeper,2026-09-03T14:35:58+00:00
8081,Jake Curhan,jakecurhan,CAR,T,True,Active,,,,,1741911330522,Active,False,Sleeper,2026-09-03T14:35:58+00:00
11646,Jalen Coker,jalencoker,CAR,WR,True,Active,,,,SWR,1788193511692,Active,False,Sleeper,2026-09-03T14:35:58+00:00
7642,Jaycee Horn,jayceehorn,CAR,CB,True,Active,,,,RCB,1785271261033,Active,False,Sleeper,2026-09-03T14:35:58+00:00
12523,Jimmy Horn,jimmyhorn,CAR,WR,True,Active,,,,SWR,1787987443594,Active,False,Sleeper,2026-09-03T14:35:58+00:00
8147,John Metchie,johnmetchie,CAR,WR,True,Active,,,,LWR,1787988043652,Active,False,Sleeper,2026-09-03T14:35:58+00:00
11583,Jonathon Brooks,jonathonbrooks,CAR,RB,True,Active,Questionable,,,RB,1788380733952,Questionable,False,Sleeper,2026-09-03T14:35:58+00:00
5320,Kendall Donnerson,kendalldonnerson,CAR,DE,False,Inactive,,,,,1622068505843,Inactive,True,Sleeper,2026-09-03T14:35:58+00:00
8160,Kenny Pickett,kennypickett,CAR,QB,True,Active,,,,QB,1786071309541,Active,False,Sleeper,2026-09-03T14:35:58+00:00
12611,Lathan Ransom,lathanransom,CAR,DB,True,Active,,,,FS,1770255951583,Active,False,Sleeper,2026-09-03T14:35:58+00:00
13362,Lee Hunter,leehunter,CAR,DL,True,Active,,,,RDE,1779003356405,Active,False,Sleeper,2026-09-03T14:35:58+00:00
8462,Luke Fortner,lukefortner,CAR,G,True,Active,,,,OL,1781623223814,Active,False,Sleeper,2026-09-03T14:35:58+00:00
13090,Mapalo Mwansa,mapalomwansa,CAR,LB,True,Active,,,,,,Active,False,Sleeper,2026-09-03T14:35:58+00:00
7868,Mason Stokke,masonstokke,CAR,FB,True,Active,,,,,1620002436980,Active,False,Sleeper,2026-09-03T14:35:58+00:00
7618,Micah Simon,micahsimon,CAR,WR,True,Active,,,,,1629420311214,Active,False,Sleeper,2026-09-03T14:35:58+00:00
6025,Mike Jackson,mikejackson,CAR,CB,True,Active,,,,LCB,1785252059221,Active,False,Sleeper,2026-09-03T14:35:58+00:00
12473,Mitchell Evans,mitchellevans,CAR,TE,True,Active,,,,TE,1785796811515,Active,False,Sleeper,2026-09-03T14:35:58+00:00
13444,Monroe Freeling,monroefreeling,CAR,OT,True,Active,,,,OL,1784770806383,Active,False,Sleeper,2026-09-03T14:35:58+00:00
12562,Nic Scourton,nicscourton,CAR,DL,True,Inactive,IR,,,LB,1784920256498,Out,True,Sleeper,2026-09-03T14:35:58+00:00
6301,Nick Scott,nickscott,CAR,DB,True,Active,,,,FS,1773594329741,Active,False,Sleeper,2026-09-03T14:35:58+00:00
13980,Parker Petersen,parkerpetersen,CAR,DT,True,Active,,,,,1785995746149,Active,False,Sleeper,2026-09-03T14:35:58+00:00
7674,Patrick Jones,patrickjones,CAR,DE,True,Active,,,,ROLB,1784921456604,Active,False,Sleeper,2026-09-03T14:35:58+00:00
12610,Princely Umanmielen,princelyumanmielen,CAR,DL,True,Active,,,,LOLB,1762996233956,Active,False,Sleeper,2026-09-03T14:35:58+00:00
8511,Rasheed Walker,rasheedwalker,CAR,OL,True,Active,,,,OL,1781623223742,Active,False,Sleeper,2026-09-03T14:35:58+00:00
7041,Robert Hunt,roberthunt,CAR,OL,True,Active,,,,OL,1781623223463,Active,False,Sleeper,2026-09-03T14:35:58+00:00
12961,Ryan Fitzgerald,ryanfitzgerald,CAR,K,True,Active,,,,K,1787422224833,Active,False,Sleeper,2026-09-03T14:35:58+00:00
11039,Ryan Hayes,ryanhayes,CAR,OL,True,Inactive,IR,,,OL,1788225015783,Out,True,Sleeper,2026-09-03T14:35:58+00:00
13528,Sam Hecht,samhecht,CAR,C,True,Active,,,,OL,1777148122932,Active,False,Sleeper,2026-09-03T14:35:58+00:00
1516,Sam Martin,sammartin,CAR,P,True,Active,,,,P,1753808122919,Active,False,Sleeper,2026-09-03T14:35:58+00:00
7790,Stone Forsythe,stoneforsythe,CAR,T,True,Active,,,,OL,1773190543343,Active,False,Sleeper,2026-09-03T14:35:58+00:00
4104,Taylor Moton,taylormoton,CAR,T,True,Active,PUP,,,OL,1788217514303,Out,True,Sleeper,2026-09-03T14:35:58+00:00
12801,TeRah Edwards,terahedwards,CAR,DL,True,Active,,,,NT,1788135659706,Active,False,Sleeper,2026-09-03T14:35:58+00:00
7301,Tershawn Wharton,tershawnwharton,CAR,DT,True,Active,PUP,,,RDE,1788192913348,Out,True,Sleeper,2026-09-03T14:35:58+00:00
12526,Tetairoa McMillan,tetairoamcmillan,CAR,WR,True,Active,,,,LWR,1788377432096,Active,False,Sleeper,2026-09-03T14:35:58+00:00
11441,Thomas Incoom,thomasincoom,CAR,LB,True,Active,,,,ROLB,1786153824355,Active,False,Sleeper,2026-09-03T14:35:58+00:00
7694,Tommy Tremble,tommytremble,CAR,TE,True,Active,,,,TE,1787424625321,Active,False,Sleeper,2026-09-03T14:35:58+00:00
13030,Torricelli Simpkins,torricellisimpkins,CAR,OL,True,Active,,,,,1788222615933,Active,False,Sleeper,2026-09-03T14:35:58+00:00
7659,Tre'von Moehrig,trevonmoehrig,CAR,DB,True,Active,,,,SS,1783963224032,Active,False,Sleeper,2026-09-03T14:35:58+00:00
7120,Trevis Gipson,trevisgipson,CAR,LB,True,Active,,,,ROLB,1773242749241,Active,False,Sleeper,2026-09-03T14:35:58+00:00
12531,Trevor Etienne,trevoretienne,CAR,RB,True,Active,IR,,,RB,1788208215125,Out,True,Sleeper,2026-09-03T14:35:58+00:00
11993,Tyrek Funderburk,tyrekfunderburk,CAR,CB,True,Inactive,Questionable,,,,1788396335919,Questionable,False,Sleeper,2026-09-03T14:35:58+00:00
6315,Tyrel Dodson,tyreldodson,CAR,LB,True,Active,,,,,1788308724210,Active,False,Sleeper,2026-09-03T14:35:58+00:00
13485,Will Lee,willlee,CAR,CB,True,Active,,,,LCB,1777140921723,Active,False,Sleeper,2026-09-03T14:35:58+00:00
4490,Wyatt Houston,wyatthouston,CAR,TE,True,Active,,,,TE,,Active,False,Sleeper,2026-09-03T14:35:58+00:00
11626,Xavier Legette,xavierlegette,CAR,WR,True,Active,Questionable,,,RWR,1787598339943,Questionable,False,Sleeper,2026-09-03T14:35:58+00:00
13522,Zakee Wheatley,zakeewheatley,CAR,DB,True,Active,,,,SS,1777148122960,Active,False,Sleeper,2026-09-03T14:35:58+00:00
12856,Zion Childress,zionchildress,CAR,DB,True,Active,,,,,1788191713008,Active,False,Sleeper,2026-09-03T14:35:58+00:00
11760,Austin Booker,austinbooker,CHI,DL,True,Active,Questionable,,,RDE,1787881555818,Questionable,False,Sleeper,2026-09-03T14:35:58+00:00
11860,Beanie Bishop,beaniebishop,CHI,CB,True,Active,Sus,,,DB,1788224415930,Out,True,Sleeper,2026-09-03T14:35:58+00:00
13715,Beau Gardner,beaugardner,CHI,LS,True,Active,,,,LS,,Active,False,Sleeper,2026-09-03T14:35:58+00:00
8479,Braxton Jones,braxtonjones,CHI,OL,True,Active,,,,OL,1786935619499,Active,False,Sleeper,2026-09-03T14:35:58+00:00
8423,Brittain Brown,brittainbrown,CHI,RB,True,Inactive,IR,,,RB,1788193513409,Out,True,Sleeper,2026-09-03T14:35:58+00:00
7704,Buddy Johnson,buddyjohnson,CHI,LB,True,Active,,,,,1788223515910,Active,False,Sleeper,2026-09-03T14:35:58+00:00
13714,Caden Barnett,cadenbarnett,CHI,OG,True,Active,,,,,,Active,False,Sleeper,2026-09-03T14:35:58+00:00
2020,Cairo Santos,cairosantos,CHI,K,True,Active,,,,K,1787460628920,Active,False,Sleeper,2026-09-03T14:35:58+00:00
11560,Caleb Williams,calebwilliams,CHI,QB,True,Active,,,,QB,1787929826255,Active,False,Sleeper,2026-09-03T14:35:58+00:00
6314,Cam Lewis,camlewis,CHI,CB,True,Active,,,,FS,1786919717110,Active,False,Sleeper,2026-09-03T14:35:58+00:00
1737,Case Keenum,casekeenum,CHI,QB,True,Active,,,,QB,1780608036183,Active,False,Sleeper,2026-09-03T14:35:58+00:00
CHI,Chicago Bears,chicagobears,CHI,DEF,True,,,,,,,Active,False,Sleeper,2026-09-03T14:35:58+00:00
11768,Christian Jones,christianjones,CHI,OL,True,Active,,,,,,Active,False,Sleeper,2026-09-03T14:35:58+00:00
10954,Clark Phillips,clarkphillips,CHI,CB,True,Active,,,,RCB,1788111957839,Active,False,Sleeper,2026-09-03T14:35:58+00:00
8293,Coby Bryant,cobybryant,CHI,DB,True,Inactive,IR,,,FS,1788306023762,Out,True,Sleeper,2026-09-03T14:35:58+00:00
6826,Cole Kmet,colekmet,CHI,TE,True,Active,,,,TE,1788357329619,Active,False,Sleeper,2026-09-03T14:35:58+00:00
12517,Colston Loveland,colstonloveland,CHI,TE,True,Active,,,,TE,1788060651161,Active,False,Sleeper,2026-09-03T14:35:58+00:00
6790,D'Andre Swift,dandreswift,CHI,RB,True,Active,,,,RB,1788287420740,Active,False,Sleeper,2026-09-03T14:35:58+00:00
8367,D'Marco Jackson,dmarcojackson,CHI,LB,True,Active,,,,ROLB,1773083733087,Active,False,Sleeper,2026-09-03T14:35:58+00:00
8833,Dallis Flowers,dallisflowers,CHI,CB,True,Inactive,IR,,,DB,1786340737008,Out,True,Sleeper,2026-09-03T14:35:58+00:00
8520,Daniel Hardy,danielhardy,CHI,LB,True,Active,,,,LDE,1773013525659,Active,False,Sleeper,2026-09-03T14:35:58+00:00
1127,Danny Trevathan,dannytrevathan,CHI,LB,True,Active,,,,,1647466538690,Active,False,Sleeper,2026-09-03T14:35:58+00:00
10887,Darnell Wright,darnellwright,CHI,OL,True,Active,,,,OL,1785876607897,Active,False,Sleeper,2026-09-03T14:35:58+00:00
11772,Deantre Prince,deantreprince,CHI,CB,True,Active,,,,,1787040943523,Active,False,Sleeper,2026-09-03T14:35:58+00:00
5843,Devin Bush,devinbush,CHI,LB,True,Active,,,,MLB,1783279206241,Active,False,Sleeper,2026-09-03T14:35:58+00:00
13371,Dillon Thieneman,dillonthieneman,CHI,DB,True,Active,,,,SS,1780761953686,Active,False,Sleeper,2026-09-03T14:35:58+00:00
5282,Duplicate Player,duplicateplayer,CHI,WR,False,Inactive,,,,,,Inactive,True,Sleeper,2026-09-03T14:35:58+00:00
8509,Elijah Hicks,elijahhicks,CHI,DB,True,Active,Questionable,,,SS,1787701841950,Questionable,False,Sleeper,2026-09-03T14:35:58+00:00
4930,Franko House,frankohouse,CHI,TE,True,Active,,,,,,Active,False,Sleeper,2026-09-03T14:35:58+00:00
5855,Garrett Bradbury,garrettbradbury,CHI,C,True,Active,,,,OL,1781623223339,Active,False,Sleeper,2026-09-03T14:35:58+00:00
2592,Grady Jarrett,gradyjarrett,CHI,DT,True,Active,,,,RDT,1770313256206,Active,False,Sleeper,2026-09-03T14:35:58+00:00
13712,Hayden Large,haydenlarge,CHI,TE,True,Inactive,IR,,,TE,1788306323960,Out,True,Sleeper,2026-09-03T14:35:58+00:00
12746,JP Richardson,jprichardson,CHI,WR,True,Active,,,,,1788310524614,Active,False,Sleeper,2026-09-03T14:35:58+00:00
8363,Jack Sanborn,jacksanborn,CHI,LB,True,Active,,,,LOLB,1788307824583,Active,False,Sleeper,2026-09-03T14:35:58+00:00
13079,Jahdae Walker,jahdaewalker,CHI,WR,True,Active,,,,LWR,1788055251706,Active,False,Sleeper,2026-09-03T14:35:58+00:00
6858,James Lynch,jameslynch,CHI,DT,True,Active,,,,RDT,1773855344146,Active,False,Sleeper,2026-09-03T14:35:58+00:00
12035,Jamree Kromah,jamreekromah,CHI,DL,True,Active,,,,LDE,1726690857352,Active,False,Sleeper,2026-09-03T14:35:58+00:00
13711,Jayden Loving,jaydenloving,CHI,DT,True,Active,,,,LDT,,Active,False,Sleeper,2026-09-03T14:35:58+00:00
6839,Jaylon Johnson,jaylonjohnson,CHI,DB,True,Active,Questionable,,,RCB,1788333027763,Questionable,False,Sleeper,2026-09-03T14:35:58+00:00
8702,Jaylon Jones,jaylonjones,CHI,CB,True,Inactive,Questionable,,,,1788396936162,Questionable,False,Sleeper,2026-09-03T14:35:58+00:00
3247,Joe Thuney,joethuney,CHI,OL,True,Active,,,,OL,1781623222971,Active,False,Sleeper,2026-09-03T14:35:58+00:00
6952,Jonah Jackson,jonahjackson,CHI,G,True,Active,,,,OL,1781623223484,Active,False,Sleeper,2026-09-03T14:35:58+00:00
6965,Jonathan Garvin,jonathangarvin,CHI,LB,True,Inactive,IR,,,DL,1785865807859,Out,True,Sleeper,2026-09-03T14:35:58+00:00
10977,Jordan McFadden,jordanmcfadden,CHI,OL,True,Active,,,,OL,1682799327176,Active,False,Sleeper,2026-09-03T14:35:58+00:00
13540,Jordan van den Berg,jordanvandenberg,CHI,DL,True,Active,,,,LDT,1777153225336,Active,False,Sleeper,2026-09-03T14:35:58+00:00
8714,Josh Blackwell,joshblackwell,CHI,CB,True,Active,,,,NB,1763173506670,Active,False,Sleeper,2026-09-03T14:35:58+00:00
8755,Kaden Davis,kadendavis,CHI,WR,True,Active,,,,,1788309924404,Active,False,Sleeper,2026-09-03T14:35:58+00:00
3634,Kalif Raymond,kalifraymond,CHI,WR,True,Active,,,,SWR,1787600740404,Active,False,Sleeper,2026-09-03T14:35:58+00:00
5371,Kentavius Street,kentaviusstreet,CHI,DT,True,Active,,,,RDT,1773188443155,Active,False,Sleeper,2026-09-03T14:35:58+00:00
13512,Keyshaun Elliott,keyshaunelliott,CHI,LB,True,Active,Questionable,,,MLB,1787702141699,Questionable,False,Sleeper,2026-09-03T14:35:58+00:00
11891,Kyle Hergel,kylehergel,CHI,OL,True,Active,,,,,1728332727293,Active,False,Sleeper,2026-09-03T14:35:58+00:00
12534,Kyle Monangai,kylemonangai,CHI,RB,True,Active,Questionable,,,RB,1788383732965,Questionable,False,Sleeper,2026-09-03T14:35:58+00:00
8365,Kyler Gordon,kylergordon,CHI,DB,True,Active,PUP,,,NB,1788193813726,Out,True,Sleeper,2026-09-03T14:35:58+00:00
13456,Logan Jones,loganjones,CHI,C,True,Active,,,,OL,1777081217612,Active,False,Sleeper,2026-09-03T14:35:58+00:00
12707,Luke Newman,lukenewman,CHI,OG,True,Active,,,,OL,1767249628526,Active,False,Sleeper,2026-09-03T14:35:58+00:00
12519,Luther Burden,lutherburden,CHI,WR,True,Active,Questionable,,,RWR,1788307525610,Questionable,False,Sleeper,2026-09-03T14:35:58+00:00
13489,Malik Muhammad,malikmuhammad,CHI,CB,True,Active,,,,LCB,1777140921714,Active,False,Sleeper,2026-09-03T14:35:58+00:00
4965,Marcus Davenport,marcusdavenport,CHI,DE,True,Active,,,,,1787010937605,Active,False,Sleeper,2026-09-03T14:35:58+00:00
13917,Marlen Sewell,marlensewell,CHI,DB,True,Active,,,,,,Active,False,Sleeper,2026-09-03T14:35:58+00:00
6124,Montez Sweat,montezsweat,CHI,DE,True,Active,,,,LDE,1786916416661,Active,False,Sleeper,2026-09-03T14:35:58+00:00
8328,Nephi Sewell,nephisewell,CHI,LB,True,Inactive,IR,,,LB,1787702441968,Out,True,Sleeper,2026-09-03T14:35:58+00:00
6825,Neville Gallimore,nevillegallimore,CHI,DT,True,Active,,,,LDT,1773084933478,Active,False,Sleeper,2026-09-03T14:35:58+00:00
8107,Nikola Kalinic,nikolakalinic,CHI,TE,True,Inactive,IR,,,TE,1787096450285,Out,True,Sleeper,2026-09-03T14:35:58+00:00
10984,Noah Sewell,noahsewell,CHI,LB,True,Active,PUP,,,ROLB,1788194113438,Out,True,Sleeper,2026-09-03T14:35:58+00:00
12606,Ozzy Trapilo,ozzytrapilo,CHI,OL,True,Active,,,,OL,1786930818721,Active,False,Sleeper,2026-09-03T14:35:58+00:00
12267,Qadir Ismail,qadirismail,CHI,WR,True,Active,,,,,1788394535073,Active,False,Sleeper,2026-09-03T14:35:58+00:00
5096,Ray-Ray McCloud,rayraymccloud,CHI,WR,True,Inactive,IR,,,RWR,1788193213320,Out,True,Sleeper,2026-09-03T14:35:58+00:00
11260,Robert Burns,robertburns,CHI,FB,True,Active,,,,,,Active,False,Sleeper,2026-09-03T14:35:58+00:00
11620,Rome Odunze,romeodunze,CHI,WR,True,Active,,,,LWR,1788208510963,Active,False,Sleeper,2026-09-03T14:35:58+00:00
10235,Roschon Johnson,roschonjohnson,CHI,RB,True,Active,,,,RB,1787472329141,Active,False,Sleeper,2026-09-03T14:35:58+00:00
12637,Ruben Hyppolite,rubenhyppolite,CHI,LB,True,Inactive,IR,,,LB,1788224415963,Out,True,Sleeper,2026-09-03T14:35:58+00:00
6918,Salvon Ahmed,salvonahmed,CHI,RB,True,Active,,,,,1788308424202,Active,False,Sleeper,2026-09-03T14:35:58+00:00
13322,Sam Roush,samroush,CHI,TE,True,Active,,,,TE,1788054651396,Active,False,Sleeper,2026-09-03T14:35:58+00:00
6290,Scotty Miller,scottymiller,CHI,WR,True,Active,,,,,1788310224508,Active,False,Sleeper,2026-09-03T14:35:58+00:00
5638,Shaq Roland,shaqroland,CHI,WR,True,Active,,,,,1529018101361,Active,False,Sleeper,2026-09-03T14:35:58+00:00
12616,Shemar Turner,shemarturner,CHI,DE,True,Active,PUP,,,RDE,1788193813740,Out,True,Sleeper,2026-09-03T14:35:58+00:00
8584,Skyler Thomas,skylerthomas,CHI,DB,True,Active,,,,,,Active,False,Sleeper,2026-09-03T14:35:58+00:00
6451,Stephen Carlson,stephencarlson,CHI,TE,True,Active,,,,,1788309624489,Active,False,Sleeper,2026-09-03T14:35:58+00:00
5960,T.J. Edwards,tjedwards,CHI,LB,True,Active,,,,LOLB,1786000246829,Active,False,Sleeper,2026-09-03T14:35:58+00:00
12208,Theo Benedet,theobenedet,CHI,OT,True,Active,,,,OL,1764118226425,Active,False,Sleeper,2026-09-03T14:35:58+00:00
6465,Thomas Ives,thomasives,CHI,WR,True,Inactive,,,,,1629505856455,Active,False,Sleeper,2026-09-03T14:35:58+00:00
7836,Tony Fields,tonyfields,CHI,LB,True,Active,IR,,,LB,1788218115003,Out,True,Sleeper,2026-09-03T14:35:58+00:00
11732,Tory Taylor,torytaylor,CHI,P,True,Active,,,,P,1714241736145,Active,False,Sleeper,2026-09-03T14:35:58+00:00
10897,Tyrique Stevenson,tyriquestevenson,CHI,CB,True,Active,Questionable,,,LCB,1788333027751,Questionable,False,Sleeper,2026-09-03T14:35:58+00:00
11256,Tyson Bagent,tysonbagent,CHI,QB,True,Active,,,,QB,1788054051736,Active,False,Sleeper,2026-09-03T14:35:58+00:00
14030,Wayne Matthews,waynematthews,CHI,LB,True,Active,,,,,,Active,False,Sleeper,2026-09-03T14:35:58+00:00
4238,Xavier Woods,xavierwoods,CHI,DB,True,Active,Questionable,,,FS,1786832405177,Questionable,False,Sleeper,2026-09-03T14:35:58+00:00
11299,Zavier Scott,zavierscott,CHI,RB,True,Active,,,,,1788309024526,Active,False,Sleeper,2026-09-03T14:35:58+00:00
13411,Zavion Thomas,zavionthomas,CHI,WR,True,Active,,,,SWR,1788101755305,Active,False,Sleeper,2026-09-03T14:35:58+00:00
11666,Amarius Mims,amariusmims,CIN,OL,True,Active,,,,OL,1781619623303,Active,False,Sleeper,2026-09-03T14:35:58+00:00
10226,Andrei Iosivas,andreiiosivas,CIN,WR,True,Active,,,,SWR,1787586039192,Active,False,Sleeper,2026-09-03T14:35:58+00:00
5020,B.J. Hill,bjhill,CIN,DT,True,Active,,,,LDT,1786809661174,Active,False,Sleeper,2026-09-03T14:35:58+00:00
12646,Barrett Carter,barrettcarter,CIN,LB,True,Active,,,,MLB,1783819208152,Active,False,Sleeper,2026-09-03T14:35:58+00:00
10961,Blake Freeland,blakefreeland,CIN,OL,True,Active,,,,,1785990344453,Active,False,Sleeper,2026-09-03T14:35:58+00:00
8343,Boye Mafe,boyemafe,CIN,DL,True,Active,,,,RDE,1773089733804,Active,False,Sleeper,2026-09-03T14:35:58+00:00
13083,Bralyn Lux,bralynlux,CIN,DB,True,Active,,,,,1756230309343,Active,False,Sleeper,2026-09-03T14:35:58+00:00
13546,Brian Parker,brianparker,CIN,OT,True,Active,,,,OL,,Active,False,Sleeper,2026-09-03T14:35:58+00:00
8294,Bryan Cook,bryancook,CIN,DB,True,Active,,,,FS,1787701841951,Active,False,Sleeper,2026-09-03T14:35:58+00:00
13364,Cashius Howell,cashiushowell,CIN,DL,True,Active,,,,LDE,1786231213960,Active,False,Sleeper,2026-09-03T14:35:58+00:00
11785,Cedric Johnson,cedricjohnson,CIN,DE,True,Active,,,,RDE,1770314456386,Active,False,Sleeper,2026-09-03T14:35:58+00:00
9224,Chase Brown,chasebrown,CIN,RB,True,Active,,,,RB,1788374732171,Active,False,Sleeper,2026-09-03T14:35:58+00:00
CIN,Cincinnati Bengals,cincinnatibengals,CIN,DEF,True,,,,,,,Active,False,Sleeper,2026-09-03T14:35:58+00:00
13477,Colbie Young,colbieyoung,CIN,WR,True,Active,,,,LWR,1787975442509,Active,False,Sleeper,2026-09-03T14:35:58+00:00
4270,Colin Holba,colinholba,CIN,LS,True,Active,,,,,1609971652227,Active,False,Sleeper,2026-09-03T14:35:58+00:00
13486,Connor Lew,connorlew,CIN,C,True,Active,,,,OL,1785375315210,Active,False,Sleeper,2026-09-03T14:35:58+00:00
11032,DJ Ivey,djivey,CIN,CB,True,Active,,,,RCB,1729439407742,Active,False,Sleeper,2026-09-03T14:35:58+00:00
10894,DJ Turner,djturner,CIN,DB,True,Active,,,,RCB,1785370213877,Active,False,Sleeper,2026-09-03T14:35:58+00:00
5867,Dalton Risner,daltonrisner,CIN,G,True,Active,,,,OL,1781619622478,Active,False,Sleeper,2026-09-03T14:35:58+00:00
1334,Damion Square,damionsquare,CIN,DT,True,Active,,,,,1631667606019,Active,False,Sleeper,2026-09-03T14:35:58+00:00
8286,Dax Hill,daxhill,CIN,DB,True,Active,Questionable,,,LCB,1786485043544,Questionable,False,Sleeper,2026-09-03T14:35:58+00:00
12617,Demetrius Knight,demetriusknight,CIN,LB,True,Active,,,,LOLB,1783581610371,Active,False,Sleeper,2026-09-03T14:35:58+00:00
5847,Dexter Lawrence,dexterlawrence,CIN,DT,True,Active,,,,RDT,1776638726490,Active,False,Sleeper,2026-09-03T14:35:58+00:00
13264,Dohnte Meyers,dohntemeyers,CIN,WR,True,Active,,,,RWR,1788110756008,Active,False,Sleeper,2026-09-03T14:35:58+00:00
6001,Drew Sample,drewsample,CIN,TE,True,Active,,,,TE,1780438849568,Active,False,Sleeper,2026-09-03T14:35:58+00:00
12627,Dylan Fairchild,dylanfairchild,CIN,OL,True,Active,,,,OL,1781619623675,Active,False,Sleeper,2026-09-03T14:35:58+00:00
11592,Erick All,erickall,CIN,TE,True,Active,,,,TE,1785445823666,Active,False,Sleeper,2026-09-03T14:35:58+00:00
7839,Evan McPherson,evanmcpherson,CIN,K,True,Active,,,,K,1787974842481,Active,False,Sleeper,2026-09-03T14:35:58+00:00
12841,Garmon Randolph,garmonrandolph,CIN,LB,True,Active,,,,,1788363331553,Active,False,Sleeper,2026-09-03T14:35:58+00:00
12751,Howard Cross,howardcross,CIN,DT,True,Active,,,,,1746807923611,Active,False,Sleeper,2026-09-03T14:35:58+00:00
10909,Isaiah Foskey,isaiahfoskey,CIN,DL,True,Active,,,,,1767670209597,Active,False,Sleeper,2026-09-03T14:35:58+00:00
7564,Ja'Marr Chase,jamarrchase,CIN,WR,True,Active,Questionable,,,LWR,1788389433715,Questionable,False,Sleeper,2026-09-03T14:35:58+00:00
8481,Ja'Sir Taylor,jasirtaylor,CIN,DB,True,Active,IR,,,DB,1788216914341,Out,True,Sleeper,2026-09-03T14:35:58+00:00
13282,Jack Endries,jackendries,CIN,TE,True,Active,,,,TE,1786816501976,Active,False,Sleeper,2026-09-03T14:35:58+00:00
12759,Jacob Bayer,jacobbayer,CIN,C,True,Active,,,,OL,,Active,False,Sleeper,2026-09-03T14:35:58+00:00
5222,Jalen Davis,jalendavis,CIN,CB,True,Active,,,,NB,1771618256298,Active,False,Sleeper,2026-09-03T14:35:58+00:00
12674,Jalen Rivers,jalenrivers,CIN,OL,True,Active,,,,OL,1763784317063,Active,False,Sleeper,2026-09-03T14:35:58+00:00
11737,Javon Foster,javonfoster,CIN,OL,True,Active,,,,OL,1714241736131,Active,False,Sleeper,2026-09-03T14:35:58+00:00
6770,Joe Burrow,joeburrow,CIN,QB,True,Active,,,,QB,1787966740657,Active,False,Sleeper,2026-09-03T14:35:58+00:00
19,Joe Flacco,joeflacco,CIN,QB,True,Active,,,,QB,1781961641331,Active,False,Sleeper,2026-09-03T14:35:58+00:00
6105,Joe Giles-Harris,joegilesharris,CIN,LB,True,Active,,,,,1767733215286,Active,False,Sleeper,2026-09-03T14:35:58+00:00
4032,Jonathan Allen,jonathanallen,CIN,DT,True,Active,,,,LDT,1773347144182,Active,False,Sleeper,2026-09-03T14:35:58+00:00
10927,Jordan Battle,jordanbattle,CIN,DB,True,Active,,,,SS,1767910552872,Active,False,Sleeper,2026-09-03T14:35:58+00:00
4228,Jordan Evans,jordanevans,CIN,LB,True,Inactive,,,,,1659750909178,Active,False,Sleeper,2026-09-03T14:35:58+00:00
12761,Jordan Moore,jordanmoore,CIN,WR,True,Active,,,,,,Active,False,Sleeper,2026-09-03T14:35:58+00:00
260,Josh Johnson,joshjohnson,CIN,QB,True,Active,,,,,1788302424141,Active,False,Sleeper,2026-09-03T14:35:58+00:00
11764,Josh Newton,joshnewton,CIN,CB,True,Active,,,,NB,1785375615078,Active,False,Sleeper,2026-09-03T14:35:58+00:00
12971,Ke'Shawn Williams,keshawnwilliams,CIN,WR,True,Active,,,,SWR,1765923046526,Active,False,Sleeper,2026-09-03T14:35:58+00:00
11649,Kendall Milton,kendallmilton,CIN,RB,True,Active,,,,,1788309624516,Active,False,Sleeper,2026-09-03T14:35:58+00:00
13436,Kentrel Bullock,kentrelbullock,CIN,RB,True,Active,,,,,1788309924400,Active,False,Sleeper,2026-09-03T14:35:58+00:00
11688,Kris Jenkins,krisjenkins,CIN,DL,True,Active,,,,LDT,1786754452834,Active,False,Sleeper,2026-09-03T14:35:58+00:00
6872,Kyle Dugger,kyledugger,CIN,DB,True,Active,,,,SS,1775160028349,Active,False,Sleeper,2026-09-03T14:35:58+00:00
13574,Landon Robinson,landonrobinson,CIN,NT,True,Active,,,,RDT,1777160424109,Active,False,Sleeper,2026-09-03T14:35:58+00:00
1174,Mike Daniels,mikedaniels,CIN,DT,True,Active,,,,,1644790554808,Active,False,Sleeper,2026-09-03T14:35:58+00:00
4993,Mike Gesicki,mikegesicki,CIN,TE,True,Active,,,,TE,1788375632206,Active,False,Sleeper,2026-09-03T14:35:58+00:00
12709,Myles Hinton,myleshinton,CIN,OT,True,Active,,,,OL,1780014924129,Active,False,Sleeper,2026-09-03T14:35:58+00:00
10875,Myles Murphy,mylesmurphy,CIN,DL,True,Active,Questionable,,,LDE,1786825203376,Questionable,False,Sleeper,2026-09-03T14:35:58+00:00
13318,Noah Thomas,noahthomas,CIN,WR,True,Active,,,,,1788310524616,Active,False,Sleeper,2026-09-03T14:35:58+00:00
5031,Oren Burks,orenburks,CIN,LB,True,Active,,,,ROLB,1762105805099,Active,False,Sleeper,2026-09-03T14:35:58+00:00
4948,Orlando Brown,orlandobrown,CIN,T,True,Active,,,,OL,1781619622340,Active,False,Sleeper,2026-09-03T14:35:58+00:00
12058,PJ Jules,pjjules,CIN,DB,True,Active,,,,FS,1767670509605,Active,False,Sleeper,2026-09-03T14:35:58+00:00
2167,Ricardo Allen,ricardoallen,CIN,DB,True,Active,,,,,1645497359174,Active,False,Sleeper,2026-09-03T14:35:58+00:00
8510,Russ Yeast,russyeast,CIN,DB,True,Active,,,,,1756369227076,Active,False,Sleeper,2026-09-03T14:35:58+00:00
12163,Ryan Rehkow,ryanrehkow,CIN,P,True,Active,,,,P,,Active,False,Sleeper,2026-09-03T14:35:58+00:00
4147,Samaje Perine,samajeperine,CIN,RB,True,Active,,,,RB,1787967340644,Active,False,Sleeper,2026-09-03T14:35:58+00:00
11251,Shaka Heyward,shakaheyward,CIN,LB,True,Active,,,,,1767670209608,Active,False,Sleeper,2026-09-03T14:35:58+00:00
12560,Shemar Stewart,shemarstewart,CIN,DL,True,Active,Questionable,,,RDE,1788394235147,Questionable,False,Sleeper,2026-09-03T14:35:58+00:00
12255,Swayze Bozeman,swayzebozeman,CIN,LB,True,Active,,,,MLB,1767665408946,Active,False,Sleeper,2026-09-03T14:35:58+00:00
7818,T.J. Slaton,tjslaton,CIN,DT,True,Active,,,,RDT,1770314156314,Active,False,Sleeper,2026-09-03T14:35:58+00:00
13469,Tacario Davis,tacariodavis,CIN,CB,True,Active,,,,LCB,1777088415893,Active,False,Sleeper,2026-09-03T14:35:58+00:00
12543,Tahj Brooks,tahjbrooks,CIN,RB,True,Active,,,,RB,1787975142456,Active,False,Sleeper,2026-09-03T14:35:58+00:00
5409,Tanner Hudson,tannerhudson,CIN,TE,True,Active,,,,,1788309024493,Active,False,Sleeper,2026-09-03T14:35:58+00:00
3376,Ted Karras,tedkarras,CIN,OL,True,Active,,,,OL,1781619622195,Active,False,Sleeper,2026-09-03T14:35:58+00:00
6801,Tee Higgins,teehiggins,CIN,WR,True,Active,Questionable,,,RWR,1788390933916,Questionable,False,Sleeper,2026-09-03T14:35:58+00:00
2316,Trae Waynes,traewaynes,CIN,CB,True,Active,,,,,1655841904496,Active,False,Sleeper,2026-09-03T14:35:58+00:00
12717,Trikweze Bridges,trikwezebridges,CIN,DB,True,Active,,,,,1758842421935,Active,False,Sleeper,2026-09-03T14:35:58+00:00
13086,William Wagner,williamwagner,CIN,LS,True,Active,,,,LS,,Active,False,Sleeper,2026-09-03T14:35:58+00:00
1958,Xavier Su'a-Filo,xaviersuafilo,CIN,G,True,Active,,,,,1642463156718,Active,False,Sleeper,2026-09-03T14:35:58+00:00
13104,Adin Huntington,adinhuntington,CLE,DT,True,Active,,,,LDT,1766188220383,Active,False,Sleeper,2026-09-03T14:35:58+00:00
8376,Alex Wright,alexwright,CLE,DL,True,Inactive,IR,,,DL,1787510432622,Out,True,Sleeper,2026-09-03T14:35:58+00:00
11261,Andre Szmyt,andreszmyt,CLE,K,True,Active,,,,K,1787888756692,Active,False,Sleeper,2026-09-03T14:35:58+00:00
13473,Austin Barber,austinbarber,CLE,OT,True,Active,,,,OL,1781619623866,Active,False,Sleeper,2026-09-03T14:35:58+00:00
7048,Benny LeMay,bennylemay,CLE,RB,True,Active,,,,,1641490817822,Active,False,Sleeper,2026-09-03T14:35:58+00:00
11201,Blake Whiteheart,blakewhiteheart,CLE,TE,True,Active,,,,TE,1780442450453,Active,False,Sleeper,2026-09-03T14:35:58+00:00
11959,Bryce Oliver,bryceoliver,CLE,WR,True,Active,,,,,1788394835029,Active,False,Sleeper,2026-09-03T14:35:58+00:00
13580,Carsen Ryan,carsenryan,CLE,TE,True,Active,,,,TE,1787890256713,Active,False,Sleeper,2026-09-03T14:35:58+00:00
12578,Carson Schwesinger,carsonschwesinger,CLE,LB,True,Active,,,,MLB,1788033649056,Active,False,Sleeper,2026-09-03T14:35:58+00:00
2883,Chase Williams,chasewilliams,CLE,ILB,True,Active,,,,,,Active,False,Sleeper,2026-09-03T14:35:58+00:00
7283,Chris Williams,chriswilliams,CLE,DT,True,Active,,,,,1788363931956,Active,False,Sleeper,2026-09-03T14:35:58+00:00
CLE,Cleveland Browns,clevelandbrowns,CLE,DEF,True,,,,,,,Active,False,Sleeper,2026-09-03T14:35:58+00:00
5721,Corey Bojorquez,coreybojorquez,CLE,P,True,Active,,,,P,1704647421874,Active,False,Sleeper,2026-09-03T14:35:58+00:00
6476,D'Angelo Ross,dangeloross,CLE,DB,True,Active,,,,,1773447311930,Active,False,Sleeper,2026-09-03T14:35:58+00:00
8386,Damarri Mathis,damarrimathis,CLE,DB,True,Inactive,IR,,,DB,1786520450026,Out,True,Sleeper,2026-09-03T14:35:58+00:00
7053,Daniel Thomas,danielthomas,CLE,DB,True,Active,,,,SS,1774055140636,Active,False,Sleeper,2026-09-03T14:35:58+00:00
10956,Dawand Jones,dawandjones,CLE,OL,True,Active,,,,OL,1785371714630,Active,False,Sleeper,2026-09-03T14:35:58+00:00
13346,Denzel Boston,denzelboston,CLE,WR,True,Active,,,,LWR,1787977241862,Active,False,Sleeper,2026-09-03T14:35:58+00:00
4964,Denzel Ward,denzelward,CLE,CB,True,Active,,,,LCB,1785287102404,Active,False,Sleeper,2026-09-03T14:35:58+00:00
4065,Derek Barnett,derekbarnett,CLE,DE,True,Active,,,,LDE,1787510432614,Active,False,Sleeper,2026-09-03T14:35:58+00:00
4017,Deshaun Watson,deshaunwatson,CLE,QB,True,Active,,,,QB,1787766049916,Active,False,Sleeper,2026-09-03T14:35:58+00:00
12486,Dillon Gabriel,dillongabriel,CLE,QB,True,Inactive,IR,,,QB,1788202512654,Out,True,Sleeper,2026-09-03T14:35:58+00:00
12783,Donovan McMillon,donovanmcmillon,CLE,DB,True,Active,,,,,,Active,False,Sleeper,2026-09-03T14:35:58+00:00
12469,Dylan Sampson,dylansampson,CLE,RB,True,Active,,,,RB,1788442540984,Active,False,Sleeper,2026-09-03T14:35:58+00:00
13165,Easton Mascarenas-Arnold,eastonmascarenasarnold,CLE,LB,True,Active,,,,LOLB,,Active,False,Sleeper,2026-09-03T14:35:58+00:00
11757,Edefuan Ulofoshio,edefuanulofoshio,CLE,LB,True,Active,IR,,,LB,1788225015802,Out,True,Sleeper,2026-09-03T14:35:58+00:00
5877,Elgton Jenkins,elgtonjenkins,CLE,G,True,Active,,,,OL,1786229432645,Active,False,Sleeper,2026-09-03T14:35:58+00:00
12319,Elijah Chatman,elijahchatman,CLE,DT,True,Inactive,IR,,,DL,1788225015794,Out,True,Sleeper,2026-09-03T14:35:58+00:00
13360,Emmanuel McNeil-Warren,emmanuelmcneilwarren,CLE,DB,True,Active,,,,FS,1778796636676,Active,False,Sleeper,2026-09-03T14:35:58+00:00
6799,Grant Delpit,grantdelpit,CLE,DB,True,Active,,,,SS,1785376514281,Active,False,Sleeper,2026-09-03T14:35:58+00:00
12506,Harold Fannin,haroldfannin,CLE,TE,True,Active,,,,TE,1788063951416,Active,False,Sleeper,2026-09-03T14:35:58+00:00
12503,Isaiah Bond,isaiahbond,CLE,WR,True,Active,Questionable,,,SWR,1788380134246,Questionable,False,Sleeper,2026-09-03T14:35:58+00:00
10943,Isaiah McGuire,isaiahmcguire,CLE,DL,True,Active,,,,LDE,1765128346563,Active,False,Sleeper,2026-09-03T14:35:58+00:00
1529,J.C. Tretter,jctretter,CLE,C,True,Active,,,,,1661444403806,Active,False,Sleeper,2026-09-03T14:35:58+00:00
11439,Jaleel McLaughlin,jaleelmclaughlin,CLE,RB,True,Active,,,,,1788311723384,Active,False,Sleeper,2026-09-03T14:35:58+00:00
11633,Jamari Thrash,jamarithrash,CLE,WR,True,Inactive,IR,,,,1786228233190,Out,True,Sleeper,2026-09-03T14:35:58+00:00
11665,Jared Verse,jaredverse,CLE,DL,True,Active,,,,RDE,1782303630436,Active,False,Sleeper,2026-09-03T14:35:58+00:00
7651,Jeremiah Owusu-Koramoah,jeremiahowusukoramoah,CLE,LB,True,Active,PUP,,,LB,1778263540307,Out,True,Sleeper,2026-09-03T14:35:58+00:00
6783,Jerry Jeudy,jerryjeudy,CLE,WR,True,Active,,,,RWR,1787774748986,Active,False,Sleeper,2026-09-03T14:35:58+00:00
13435,Joe Royer,joeroyer,CLE,TE,True,Active,PUP,,,TE,1788125758011,Out,True,Sleeper,2026-09-03T14:35:58+00:00
13524,Justin Jefferson,justinjefferson,CLE,LB,True,Active,,,,ROLB,1777148122942,Active,False,Sleeper,2026-09-03T14:35:58+00:00
13298,KC Concepcion,kcconcepcion,CLE,WR,True,Active,,,,SWR,1788401435470,Active,False,Sleeper,2026-09-03T14:35:58+00:00
11817,KT Leveston,ktleveston,CLE,OL,True,Active,,,,,1749258046129,Active,False,Sleeper,2026-09-03T14:35:58+00:00
8375,Kalia Davis,kaliadavis,CLE,DL,True,Inactive,IR,,,LDT,1788363631994,Out,True,Sleeper,2026-09-03T14:35:58+00:00
7692,Kendrick Green,kendrickgreen,CLE,C,True,Inactive,IR,,,OL,1786155024997,Out,True,Sleeper,2026-09-03T14:35:58+00:00
13747,Khordae Sydnor,khordaesydnor,CLE,DL,True,Active,,,,,,Active,False,Sleeper,2026-09-03T14:35:58+00:00
13749,Kole Wilson,kolewilson,CLE,WR,True,Active,,,,,1788309024580,Active,False,Sleeper,2026-09-03T14:35:58+00:00
13601,Logan Fano,loganfano,CLE,DE,True,Active,,,,,1788116758200,Active,False,Sleeper,2026-09-03T14:35:58+00:00
11013,Luke Wypler,lukewypler,CLE,OL,True,Active,,,,OL,1785376214700,Active,False,Sleeper,2026-09-03T14:35:58+00:00
11617,Malachi Corley,malachicorley,CLE,WR,True,Active,,,,SWR,1781310034068,Active,False,Sleeper,2026-09-03T14:35:58+00:00
3236,Maliek Collins,maliekcollins,CLE,DT,True,Active,,,,LDT,1787615442225,Active,False,Sleeper,2026-09-03T14:35:58+00:00
1124,Malik Jackson,malikjackson,CLE,DT,True,Active,,,,,1689348941998,Active,False,Sleeper,2026-09-03T14:35:58+00:00
12573,Mason Graham,masongraham,CLE,DL,True,Active,,,,RDT,1785542136131,Active,False,Sleeper,2026-09-03T14:35:58+00:00
10918,Mekhi Blackmon,mekhiblackmon,CLE,CB,True,Active,,,,LCB,1787956239661,Active,False,Sleeper,2026-09-03T14:35:58+00:00
12154,Messiah Swinson,messiahswinson,CLE,TE,True,Active,,,,,1788363931970,Active,False,Sleeper,2026-09-03T14:35:58+00:00
2471,Michael Burton,michaelburton,CLE,FB,True,Active,,,,RB,1780611636881,Active,False,Sleeper,2026-09-03T14:35:58+00:00
11692,Mike Hall,mikehall,CLE,DT,True,Active,,,,RDT,1787098251107,Active,False,Sleeper,2026-09-03T14:35:58+00:00
6946,Myles Bryant,mylesbryant,CLE,DB,True,Active,,,,,1775510121246,Active,False,Sleeper,2026-09-03T14:35:58+00:00
11836,Myles Harden,mylesharden,CLE,DB,True,Active,,,,NB,1785657652024,Active,False,Sleeper,2026-09-03T14:35:58+00:00
6817,Noah Igbinoghene,noahigbinoghene,CLE,CB,True,Active,,,,RCB,1788292222845,Active,False,Sleeper,2026-09-03T14:35:58+00:00
13526,Parker Brailsford,parkerbrailsford,CLE,C,True,Active,Questionable,,,OL,1786065307748,Questionable,False,Sleeper,2026-09-03T14:35:58+00:00
6214,Quincy Williams,quincywilliams,CLE,LB,True,Active,,,,LOLB,1783830007619,Active,False,Sleeper,2026-09-03T14:35:58+00:00
12512,Quinshon Judkins,quinshonjudkins,CLE,RB,True,Active,,,,RB,1787964640980,Active,False,Sleeper,2026-09-03T14:35:58+00:00
12472,Raheim Sanders,raheimsanders,CLE,RB,True,Active,,,,RB,1786913115288,Active,False,Sleeper,2026-09-03T14:35:58+00:00
7498,Rex Sunahara,rexsunahara,CLE,LS,True,Active,,,,LS,1772774102342,Active,False,Sleeper,2026-09-03T14:35:58+00:00
11352,Ronnie Hickman,ronniehickman,CLE,DB,True,Active,,,,FS,1781224847245,Active,False,Sleeper,2026-09-03T14:35:58+00:00
7844,Sam Kamara,samkamara,CLE,LB,True,Active,,,,,1788363631966,Active,False,Sleeper,2026-09-03T14:35:58+00:00
8368,Sam Williams,samwilliams,CLE,DL,True,Active,,,,RDE,1788307225764,Active,False,Sleeper,2026-09-03T14:35:58+00:00
12524,Shedeur Sanders,shedeursanders,CLE,QB,True,Active,,,,QB,1787581838383,Active,False,Sleeper,2026-09-03T14:35:58+00:00
13450,Spencer Fano,spencerfano,CLE,OT,True,Active,,,,OL,1781619623845,Active,False,Sleeper,2026-09-03T14:35:58+00:00
13306,Taylen Green,taylengreen,CLE,QB,True,Active,,,,QB,1788125457916,Active,False,Sleeper,2026-09-03T14:35:58+00:00
4181,Tedric Thompson,tedricthompson,CLE,DB,True,Active,,,,,1641343229303,Active,False,Sleeper,2026-09-03T14:35:58+00:00
7663,Teven Jenkins,tevenjenkins,CLE,OL,True,Active,,,,OL,1781619622843,Active,False,Sleeper,2026-09-03T14:35:58+00:00
13569,Toriano Pride,torianopride,CLE,CB,True,Active,,,,NB,1777160424062,Active,False,Sleeper,2026-09-03T14:35:58+00:00
11054,Travis Bell,travisbell,CLE,DL,True,Inactive,IR,,,DL,1788224415946,Out,True,Sleeper,2026-09-03T14:35:58+00:00
7595,Tylan Wallace,tylanwallace,CLE,WR,True,Active,,,,RWR,1782249623411,Active,False,Sleeper,2026-09-03T14:35:58+00:00
13752,Tyreak Sapp,tyreaksapp,CLE,DE,True,Active,,,,,1777377625366,Active,False,Sleeper,2026-09-03T14:35:58+00:00
7667,Tyson Campbell,tysoncampbell,CLE,CB,True,Active,,,,RCB,1767930054965,Active,False,Sleeper,2026-09-03T14:35:58+00:00
5901,Tytus Howard,tytushoward,CLE,OL,True,Active,,,,OL,1781619622526,Active,False,Sleeper,2026-09-03T14:35:58+00:00
13748,Wes Pahl,wespahl,CLE,P,True,Active,,,,,,Active,False,Sleeper,2026-09-03T14:35:58+00:00
12083,Winston Reid,winstonreid,CLE,LB,True,Active,,,,LOLB,1775520619362,Active,False,Sleeper,2026-09-03T14:35:58+00:00
11715,Zak Zinter,zakzinter,CLE,OL,True,Active,,,,OL,1766188520395,Active,False,Sleeper,2026-09-03T14:35:58+00:00
8445,Zion Johnson,zionjohnson,CLE,G,True,Active,,,,OL,1781619622928,Active,False,Sleeper,2026-09-03T14:35:58+00:00
13745,Zion Washington,zionwashington,CLE,DB,True,Active,,,,,,Active,False,Sleeper,2026-09-03T14:35:58+00:00
8821,Adedayo Odeleye,adedayoodeleye,DAL,DE,True,Active,,,,,1767750017032,Active,False,Sleeper,2026-09-03T14:35:58+00:00
12698,Ajani Cornelius,ajanicornelius,DAL,OL,True,Active,,,,OL,1786928718522,Active,False,Sleeper,2026-09-03T14:35:58+00:00
12855,Alijah Clark,alijahclark,DAL,DB,True,Active,,,,SS,1786928118588,Active,False,Sleeper,2026-09-03T14:35:58+00:00
11006,Ameer Speed,ameerspeed,DAL,CB,True,Active,,,,NB,1781821524016,Active,False,Sleeper,2026-09-03T14:35:58+00:00
13582,Anthony Smith,anthonysmith,DAL,WR,True,Active,,,,,1788309924388,Active,False,Sleeper,2026-09-03T14:35:58+00:00
11533,Brandon Aubrey,brandonaubrey,DAL,K,True,Active,,,,K,1787974542490,Active,False,Sleeper,2026-09-03T14:35:58+00:00
11593,Brevyn Spann-Ford,brevynspannford,DAL,TE,True,Active,,,,TE,1784767205726,Active,False,Sleeper,2026-09-03T14:35:58+00:00
10884,Broderick Jones,broderickjones,DAL,OL,True,Active,,,,OL,1788064853134,Active,False,Sleeper,2026-09-03T14:35:58+00:00
1113,Bryan Anger,bryananger,DAL,P,True,Active,,,,P,1741738810421,Active,False,Sleeper,2026-09-03T14:35:58+00:00
11769,Caelen Carson,caelencarson,DAL,DB,True,Active,,,,LCB,1767226826917,Active,False,Sleeper,2026-09-03T14:35:58+00:00
13376,Caleb Downs,calebdowns,DAL,DB,True,Active,,,,NB,1777018808205,Active,False,Sleeper,2026-09-03T14:35:58+00:00
13726,Camden Brown,camdenbrown,DAL,WR,True,Active,,,,RWR,1788043550674,Active,False,Sleeper,2026-09-03T14:35:58+00:00
6786,CeeDee Lamb,ceedeelamb,DAL,WR,True,Active,,,,LWR,1788301822078,Active,False,Sleeper,2026-09-03T14:35:58+00:00
8381,Cobie Durant,cobiedurant,DAL,DB,True,Active,,,,RCB,1773416749987,Active,False,Sleeper,2026-09-03T14:35:58+00:00
11719,Cooper Beebe,cooperbeebe,DAL,OL,True,Active,,,,OL,1781623224207,Active,False,Sleeper,2026-09-03T14:35:58+00:00
8020,Curtis Robinson,curtisrobinson,DAL,LB,True,Active,,,,,1777326619487,Active,False,Sleeper,2026-09-03T14:35:58+00:00
13355,DJ Rogers,djrogers,DAL,TE,True,Inactive,IR,,,TE,1788217514294,Out,True,Sleeper,2026-09-03T14:35:58+00:00
8476,DaRon Bland,daronbland,DAL,DB,True,Active,,,,LCB,1785444325446,Active,False,Sleeper,2026-09-03T14:35:58+00:00
3294,Dak Prescott,dakprescott,DAL,QB,True,Active,,,,QB,1788394235117,Active,False,Sleeper,2026-09-03T14:35:58+00:00
DAL,Dallas Cowboys,dallascowboys,DAL,DEF,True,,,,,,,Active,False,Sleeper,2026-09-03T14:35:58+00:00
3240,Darian Thompson,darianthompson,DAL,DB,True,Active,,,,,1650040820673,Active,False,Sleeper,2026-09-03T14:35:58+00:00
10933,DeMarvion Overshown,demarvionovershown,DAL,LB,True,Active,,,,RILB,1787014838334,Active,False,Sleeper,2026-09-03T14:35:58+00:00
11017,Dee Winters,deewinters,DAL,LB,True,Active,,,,LILB,1782303630301,Active,False,Sleeper,2026-09-03T14:35:58+00:00
8271,Derion Kendrick,derionkendrick,DAL,DB,True,Active,,,,,1774636504156,Active,False,Sleeper,2026-09-03T14:35:58+00:00
13496,Devin Moore,devinmoore,DAL,CB,True,Active,IR,,,LCB,1788195013358,Out,True,Sleeper,2026-09-03T14:35:58+00:00
12556,Donovan Ezeiruaku,donovanezeiruaku,DAL,DL,True,Active,,,,ROLB,1785361813011,Active,False,Sleeper,2026-09-03T14:35:58+00:00
13498,Drew Shelton,drewshelton,DAL,OT,True,Active,,,,OL,1781623224839,Active,False,Sleeper,2026-09-03T14:35:58+00:00
7506,Duplicate Player,duplicateplayer,DAL,DB,False,Inactive,,,,,,Inactive,True,Sleeper,2026-09-03T14:35:58+00:00
8736,Elijah Garcia,elijahgarcia,DAL,DT,True,Active,,,,,1785009306478,Active,False,Sleeper,2026-09-03T14:35:58+00:00
11199,Emari Demercado,emaridemercado,DAL,RB,True,Active,,,,RB,1788207014965,Active,False,Sleeper,2026-09-03T14:35:58+00:00
8137,George Pickens,georgepickens,DAL,WR,True,Active,,,,RWR,1788373231907,Active,False,Sleeper,2026-09-03T14:35:58+00:00
11510,Hunter Luepke,hunterluepke,DAL,FB,True,Active,,,,RB,1780611637525,Active,False,Sleeper,2026-09-03T14:35:58+00:00
7516,Hunter Niswander,hunterniswander,DAL,P,True,Active,,,,,1649957715076,Active,False,Sleeper,2026-09-03T14:35:58+00:00
11514,Isaiah Land,isaiahland,DAL,LB,True,Active,,,,,1727131519764,Active,False,Sleeper,2026-09-03T14:35:58+00:00
9227,Israel Abanikanda,israelabanikanda,DAL,RB,True,Active,,,,,1788309624482,Active,False,Sleeper,2026-09-03T14:35:58+00:00
5004,Ito Smith,itosmith,DAL,RB,True,Active,,,,,1647118812936,Active,False,Sleeper,2026-09-03T14:35:58+00:00
13381,Jaishawn Barham,jaishawnbarham,DAL,LB,True,Active,,,,LILB,1787013338077,Active,False,Sleeper,2026-09-03T14:35:58+00:00
8110,Jake Ferguson,jakeferguson,DAL,TE,True,Active,,,,TE,1788396936130,Active,False,Sleeper,2026-09-03T14:35:58+00:00
6711,Jalen Thompson,jalenthompson,DAL,DB,True,Active,,,,SS,1786224632887,Active,False,Sleeper,2026-09-03T14:35:58+00:00
8494,James Houston,jameshouston,DAL,LB,True,Active,,,,LOLB,1785804611042,Active,False,Sleeper,2026-09-03T14:35:58+00:00
7588,Javonte Williams,javontewilliams,DAL,RB,True,Active,,,,RB,1788285320708,Active,False,Sleeper,2026-09-03T14:35:58+00:00
11557,Joe Milton,joemilton,DAL,QB,True,Active,,,,,1788408638215,Active,False,Sleeper,2026-09-03T14:35:58+00:00
3241,Jonathan Bullard,jonathanbullard,DAL,DE,True,Active,Questionable,,,LDE,1786305330844,Questionable,False,Sleeper,2026-09-03T14:35:58+00:00
10225,Jonathan Mingo,jonathanmingo,DAL,WR,True,Active,,,,LWR,1785362413055,Active,False,Sleeper,2026-09-03T14:35:58+00:00
13325,Jordan Hudson,jordanhudson,DAL,WR,True,Active,,,,,1788310524604,Active,False,Sleeper,2026-09-03T14:35:58+00:00
12853,Justin Barron,justinbarron,DAL,LB,True,Active,,,,,1767468646732,Active,False,Sleeper,2026-09-03T14:35:58+00:00
8917,KaVontae Turpin,kavontaeturpin,DAL,WR,True,Active,,,,SWR,1787282154767,Active,False,Sleeper,2026-09-03T14:35:58+00:00
3186,Kenny Clark,kennyclark,DAL,DE,True,Active,,,,NT,1773173141563,Active,False,Sleeper,2026-09-03T14:35:58+00:00
13480,LT Overton,ltoverton,DAL,DE,True,Active,,,,NT,1777140921739,Active,False,Sleeper,2026-09-03T14:35:58+00:00
10871,Luke Schoonmaker,lukeschoonmaker,DAL,TE,True,Active,,,,TE,1780438849885,Active,False,Sleeper,2026-09-03T14:35:58+00:00
13359,Malachi Lawrence,malachilawrence,DAL,DL,True,Active,,,,RDE,1780761653123,Active,False,Sleeper,2026-09-03T14:35:58+00:00
8800,Malik Davis,malikdavis,DAL,RB,True,Active,,,,RB,1788121256953,Active,False,Sleeper,2026-09-03T14:35:58+00:00
4074,Malik Hooker,malikhooker,DAL,DB,True,Active,,,,FS,1785362713438,Active,False,Sleeper,2026-09-03T14:35:58+00:00
12101,Marcellus Johnson,marcellusjohnson,DAL,OL,True,Active,,,,,,Active,False,Sleeper,2026-09-03T14:35:58+00:00
11720,Marist Liufau,maristliufau,DAL,LB,True,Active,IR,,,LILB,1788194713350,Out,True,Sleeper,2026-09-03T14:35:58+00:00
8399,Markquese Bell,markquesebell,DAL,DB,True,Active,,,,SS,1781661029425,Active,False,Sleeper,2026-09-03T14:35:58+00:00
6881,Matt Hennessy,matthennessy,DAL,OL,True,Inactive,IR,,,OL,1781819422838,Out,True,Sleeper,2026-09-03T14:35:58+00:00
4915,Michael Coe,michaelcoe,DAL,CB,True,Active,,,,,,Active,False,Sleeper,2026-09-03T14:35:58+00:00
13401,Michael Trigg,michaeltrigg,DAL,TE,True,Active,,,,,1788310224497,Active,False,Sleeper,2026-09-03T14:35:58+00:00
13227,Mitch Van Vooren,mitchvanvooren,DAL,WR,True,Active,,,,,1788310824763,Active,False,Sleeper,2026-09-03T14:35:58+00:00
7448,Nick Leverett,nickleverett,DAL,G,True,Active,,,,,1728926113948,Active,False,Sleeper,2026-09-03T14:35:58+00:00
8331,Otito Ogbonnia,otitoogbonnia,DAL,DL,True,Active,,,,LDE,1773175543259,Active,False,Sleeper,2026-09-03T14:35:58+00:00
6419,P.J. Locke,pjlocke,DAL,DB,True,Active,,,,FS,1786930219268,Active,False,Sleeper,2026-09-03T14:35:58+00:00
11508,Princeton Fant,princetonfant,DAL,TE,True,Inactive,IR,,,TE,1786078510328,Out,True,Sleeper,2026-09-03T14:35:58+00:00
6118,Quinnen Williams,quinnenwilliams,DAL,DT,True,Active,,,,RDE,1786402830470,Active,False,Sleeper,2026-09-03T14:35:58+00:00
5839,Rashan Gary,rashangary,DAL,LB,True,Active,,,,LOLB,1773678025673,Active,False,Sleeper,2026-09-03T14:35:58+00:00
12037,Reddy Steward,reddysteward,DAL,CB,True,Active,,,,,1788123357593,Active,False,Sleeper,2026-09-03T14:35:58+00:00
11783,Ryan Flournoy,ryanflournoy,DAL,WR,True,Active,,,,SWR,1788397836167,Active,False,Sleeper,2026-09-03T14:35:58+00:00
8162,Sam Howell,samhowell,DAL,QB,True,Active,,,,QB,1788304523035,Active,False,Sleeper,2026-09-03T14:35:58+00:00
12559,Shavon Revel,shavonrevel,DAL,DB,True,Active,,,,RCB,1780625137834,Active,False,Sleeper,2026-09-03T14:35:58+00:00
12614,Shemar James,shemarjames,DAL,LB,True,Active,,,,RILB,1769535640577,Active,False,Sleeper,2026-09-03T14:35:58+00:00
11516,T.J. Bass,tjbass,DAL,OL,True,Active,,,,OL,1773802837098,Active,False,Sleeper,2026-09-03T14:35:58+00:00
6899,Terence Steele,terencesteele,DAL,T,True,Active,,,,OL,1781623223506,Active,False,Sleeper,2026-09-03T14:35:58+00:00
13756,Tommy Dunn,tommydunn,DAL,DT,True,Active,,,,,,Active,False,Sleeper,2026-09-03T14:35:58+00:00
5461,Trent Sieg,trentsieg,DAL,LS,True,Active,,,,LS,1741630808247,Active,False,Sleeper,2026-09-03T14:35:58+00:00
12599,Tyler Booker,tylerbooker,DAL,OL,True,Active,,,,OL,1781623224580,Active,False,Sleeper,2026-09-03T14:35:58+00:00
11657,Tyler Guyton,tylerguyton,DAL,OL,True,Active,Questionable,,,OL,1785885308967,Questionable,False,Sleeper,2026-09-03T14:35:58+00:00
8449,Tyler Smith,tylersmith,DAL,OL,True,Active,,,,OL,1785372314195,Active,False,Sleeper,2026-09-03T14:35:58+00:00
11512,Tyrus Wheat,tyruswheat,DAL,DE,True,Active,,,,LOLB,1773253849011,Active,False,Sleeper,2026-09-03T14:35:58+00:00
871,Von Miller,vonmiller,DAL,LB,True,Active,,,,ROLB,1787010637578,Active,False,Sleeper,2026-09-03T14:35:58+00:00
10922,Wanya Morris,wanyamorris,DAL,OL,True,Active,,,,,1788129659096,Active,False,Sleeper,2026-09-03T14:35:58+00:00
8025,Adam Prentice,adamprentice,DEN,FB,True,Active,,,,,1788309924390,Active,False,Sleeper,2026-09-03T14:35:58+00:00
6869,Adam Trautman,adamtrautman,DEN,TE,True,Active,,,,TE,1780438849629,Active,False,Sleeper,2026-09-03T14:35:58+00:00
7093,Adrian Killins,adriankillins,DEN,RB,True,Inactive,,,,,1647224412229,Active,False,Sleeper,2026-09-03T14:35:58+00:00
11023,Alex Forsyth,alexforsyth,DEN,OL,True,Active,,,,OL,1785989744022,Active,False,Sleeper,2026-09-03T14:35:58+00:00
11443,Alex Palczewski,alexpalczewski,DEN,T,True,Active,,,,OL,1772761259241,Active,False,Sleeper,2026-09-03T14:35:58+00:00
2617,Alex Singleton,alexsingleton,DEN,LB,True,Active,,,,RILB,1782933623259,Active,False,Sleeper,2026-09-03T14:35:58+00:00
5910,Ben Powers,benpowers,DEN,G,True,Active,,,,OL,1781619622553,Active,False,Sleeper,2026-09-03T14:35:58+00:00
11563,Bo Nix,bonix,DEN,QB,True,Active,,,,QB,1788359729580,Active,False,Sleeper,2026-09-03T14:35:58+00:00
6911,Brandon Jones,brandonjones,DEN,DB,True,Active,,,,FS,1785977742445,Active,False,Sleeper,2026-09-03T14:35:58+00:00
13393,Brent Austin,brentaustin,DEN,DB,True,Active,,,,,,Active,False,Sleeper,2026-09-03T14:35:58+00:00
12735,Caleb Lohner,caleblohner,DEN,TE,True,Active,IR,,,TE,1788195313569,Out,True,Sleeper,2026-09-03T14:35:58+00:00
7010,Calvin Throckmorton,calvinthrockmorton,DEN,OL,True,Active,,,,,1712003157178,Active,False,Sleeper,2026-09-03T14:35:58+00:00
6565,Cody Conway,codyconway,DEN,OL,True,Active,,,,,1649711146700,Active,False,Sleeper,2026-09-03T14:35:58+00:00
11644,Cody Schrader,codyschrader,DEN,RB,True,Active,,,,,1788310224492,Active,False,Sleeper,2026-09-03T14:35:58+00:00
5045,Courtland Sutton,courtlandsutton,DEN,WR,True,Active,,,,LWR,1787806560122,Active,False,Sleeper,2026-09-03T14:35:58+00:00
4278,D.J. Jones,djjones,DEN,DT,True,Active,,,,NT,1770559804754,Active,False,Sleeper,2026-09-03T14:35:58+00:00
13577,Dallen Bentley,dallenbentley,DEN,TE,True,Active,,,,TE,1777576824694,Active,False,Sleeper,2026-09-03T14:35:58+00:00
13336,Dane Key,danekey,DEN,WR,True,Active,,,,,1788310224531,Active,False,Sleeper,2026-09-03T14:35:58+00:00
11243,David Ebuka Agoha,davidebukaagoha,DEN,DL,True,Active,,,,,1785725461337,Active,False,Sleeper,2026-09-03T14:35:58+00:00
DEN,Denver Broncos,denverbroncos,DEN,DEF,True,,,,,,,Active,False,Sleeper,2026-09-03T14:35:58+00:00
8004,Devon Key,devonkey,DEN,DB,True,Active,,,,FS,1777592154605,Active,False,Sleeper,2026-09-03T14:35:58+00:00
12427,Dondrea Tillman,dondreatillman,DEN,DT,True,Active,,,,ROLB,1776722733972,Active,False,Sleeper,2026-09-03T14:35:58+00:00
6034,Donnie Lewis,donnielewis,DEN,CB,True,Inactive,,,,,1662149736746,Active,False,Sleeper,2026-09-03T14:35:58+00:00
5797,Duplicate Player,duplicateplayer,DEN,ILB,False,Inactive,,,,,1563581419918,Inactive,True,Sleeper,2026-09-03T14:35:58+00:00
4066,Evan Engram,evanengram,DEN,TE,True,Active,,,,TE,1787948128580,Active,False,Sleeper,2026-09-03T14:35:58+00:00
8347,Eyioma Uwazurike,eyiomauwazurike,DEN,DL,True,Active,,,,NT,1770560704787,Active,False,Sleeper,2026-09-03T14:35:58+00:00
12110,Frank Crum,frankcrum,DEN,OT,True,Active,IR,,,OL,1788218714545,Out,True,Sleeper,2026-09-03T14:35:58+00:00
4053,Garett Bolles,garettbolles,DEN,OT,True,Active,,,,OL,1781619622261,Active,False,Sleeper,2026-09-03T14:35:58+00:00
13982,Gavin Ortega,gavinortega,DEN,C,True,Active,,,,,,Active,False,Sleeper,2026-09-03T14:35:58+00:00
2135,Ha Ha Clinton-Dix,hahaclintondix,DEN,DB,True,Active,,,,,1635812428005,Active,False,Sleeper,2026-09-03T14:35:58+00:00
6806,J.K. Dobbins,jkdobbins,DEN,RB,True,Active,,,,RB,1788391834654,Active,False,Sleeper,2026-09-03T14:35:58+00:00
11011,JL Skinner,jlskinner,DEN,DB,True,Active,,,,SS,1784000127299,Active,False,Sleeper,2026-09-03T14:35:58+00:00
8752,Ja'Quan McMillian,jaquanmcmillian,DEN,CB,True,Active,,,,NB,1773436212057,Active,False,Sleeper,2026-09-03T14:35:58+00:00
12557,Jahdae Barron,jahdaebarron,DEN,DB,True,Active,,,,LCB,1770559204615,Active,False,Sleeper,2026-09-03T14:35:58+00:00
6136,Jarrett Stidham,jarrettstidham,DEN,QB,True,Active,,,,QB,1788401735283,Active,False,Sleeper,2026-09-03T14:35:58+00:00
7526,Jaylen Waddle,jaylenwaddle,DEN,WR,True,Active,,,,RWR,1788236114106,Active,False,Sleeper,2026-09-03T14:35:58+00:00
12693,Jeremy Crawshaw,jeremycrawshaw,DEN,P,True,Active,,,,P,1745705730621,Active,False,Sleeper,2026-09-03T14:35:58+00:00
12770,Johnny Walker,johnnywalker,DEN,DE,True,Active,,,,,1781731513575,Active,False,Sleeper,2026-09-03T14:35:58+00:00
13345,Jonah Coleman,jonahcoleman,DEN,RB,True,Active,,,,RB,1788364230291,Active,False,Sleeper,2026-09-03T14:35:58+00:00
11714,Jonah Elliss,jonahelliss,DEN,DE,True,Active,,,,LOLB,1770558604618,Active,False,Sleeper,2026-09-03T14:35:58+00:00
1574,Jonathan Cooper,jonathancooper,DEN,G,True,Active,,,,,1565997049861,Active,False,Sleeper,2026-09-03T14:35:58+00:00
7765,Jonathon Cooper,jonathoncooper,DEN,DL,True,Active,NA,,,LOLB,1788220515200,Active,False,Sleeper,2026-09-03T14:35:58+00:00
8370,Jordan Jackson,jordanjackson,DEN,DL,True,Active,,,,LDE,1741153842807,Active,False,Sleeper,2026-09-03T14:35:58+00:00
13209,Jordan Turner,jordanturner,DEN,LB,True,Active,,,,LILB,1786436137489,Active,False,Sleeper,2026-09-03T14:35:58+00:00
4579,Josh Banderas,joshbanderas,DEN,OLB,False,Active,COV,,,SLB,,Out,True,Sleeper,2026-09-03T14:35:58+00:00
6977,Justin Strnad,justinstrnad,DEN,LB,True,Active,,,,LILB,1772998224453,Active,False,Sleeper,2026-09-03T14:35:58+00:00
13499,Kage Casey,kagecasey,DEN,OT,True,Active,,,,OL,1781619623955,Active,False,Sleeper,2026-09-03T14:35:58+00:00
12781,Karene Reid,karenereid,DEN,LB,True,Active,,,,RILB,1767748816690,Active,False,Sleeper,2026-09-03T14:35:58+00:00
13981,Kolbe Katsis,kolbekatsis,DEN,WR,True,Active,,,,,1788310224544,Active,False,Sleeper,2026-09-03T14:35:58+00:00
11765,Kris Abrams-Draine,krisabramsdraine,DEN,DB,True,Active,,,,RCB,1734978653979,Active,False,Sleeper,2026-09-03T14:35:58+00:00
12111,Levelle Bailey,levellebailey,DEN,LB,True,Inactive,IR,,,LB,1787358929892,Out,True,Sleeper,2026-09-03T14:35:58+00:00
5938,Lil'Jordan Humphrey,liljordanhumphrey,DEN,WR,True,Active,,,,LWR,1781299232809,Active,False,Sleeper,2026-09-03T14:35:58+00:00
8249,Lucas Krull,lucaskrull,DEN,TE,True,Active,,,,,1788309624514,Active,False,Sleeper,2026-09-03T14:35:58+00:00
13866,Luke Basso,lukebasso,DEN,LS,True,Active,,,,,,Active,False,Sleeper,2026-09-03T14:35:58+00:00
8474,Luke Wattenberg,lukewattenberg,DEN,OL,True,Active,Questionable,,,OL,1786411233601,Questionable,False,Sleeper,2026-09-03T14:35:58+00:00
7018,Malcolm Roach,malcolmroach,DEN,DT,True,Active,,,,LDE,1770567005359,Active,False,Sleeper,2026-09-03T14:35:58+00:00
9494,Marvin Mims,marvinmims,DEN,WR,True,Active,Questionable,,,SWR,1788214514626,Questionable,False,Sleeper,2026-09-03T14:35:58+00:00
8495,Matt Henningsen,matthenningsen,DEN,DE,True,Inactive,IR,,,DL,1786339237722,Out,True,Sleeper,2026-09-03T14:35:58+00:00
6905,Matt Peart,mattpeart,DEN,T,True,Active,,,,OL,1785990044569,Active,False,Sleeper,2026-09-03T14:35:58+00:00
8076,Michael Bandy,michaelbandy,DEN,WR,True,Active,,,,,1788309624530,Active,False,Sleeper,2026-09-03T14:35:58+00:00
5898,Michael Deiter,michaeldeiter,DEN,OL,True,Inactive,IR,,,OL,1786665046862,Out,True,Sleeper,2026-09-03T14:35:58+00:00
8202,Michael Woods,michaelwoods,DEN,WR,True,Inactive,Questionable,,,,1782443431262,Questionable,False,Sleeper,2026-09-03T14:35:58+00:00
4966,Mike McGlinchey,mikemcglinchey,DEN,T,True,Active,,,,OL,1781619622391,Active,False,Sleeper,2026-09-03T14:35:58+00:00
13578,Miles Scott,milesscott,DEN,DB,True,Active,,,,,1788122458731,Active,False,Sleeper,2026-09-03T14:35:58+00:00
8071,Mitchell Fraboni,mitchellfraboni,DEN,LS,True,Active,,,,,1753323032885,Active,False,Sleeper,2026-09-03T14:35:58+00:00
11433,Nate Adkins,nateadkins,DEN,TE,True,Active,,,,TE,1786404331736,Active,False,Sleeper,2026-09-03T14:35:58+00:00
11833,Nick Gargiulo,nickgargiulo,DEN,OL,True,Active,PUP,,,OL,1788219015500,Out,True,Sleeper,2026-09-03T14:35:58+00:00
1604,Nick Williams,nickwilliams,DEN,WR,True,Active,,,,,1693172141154,Active,False,Sleeper,2026-09-03T14:35:58+00:00
8280,Nik Bonitto,nikbonitto,DEN,LB,True,Active,,,,ROLB,1786119616468,Active,False,Sleeper,2026-09-03T14:35:58+00:00
12492,Pat Bryant,patbryant,DEN,WR,True,Active,,,,SWR,1787606440768,Active,False,Sleeper,2026-09-03T14:35:58+00:00
7641,Pat Surtain,patsurtain,DEN,CB,True,Active,,,,RCB,1780447250030,Active,False,Sleeper,2026-09-03T14:35:58+00:00
12636,Que Robinson,querobinson,DEN,LB,True,Active,,,,LOLB,1770555304347,Active,False,Sleeper,2026-09-03T14:35:58+00:00
7699,Quinn Meinerz,quinnmeinerz,DEN,OL,True,Active,,,,OL,1781619622776,Active,False,Sleeper,2026-09-03T14:35:58+00:00
12489,RJ Harvey,rjharvey,DEN,RB,True,Active,,,,RB,1787715642672,Active,False,Sleeper,2026-09-03T14:35:58+00:00
13579,Red Murdock,redmurdock,DEN,LB,True,Active,,,,,1788122458712,Active,False,Sleeper,2026-09-03T14:35:58+00:00
10930,Riley Moss,rileymoss,DEN,DB,True,Active,Questionable,,,LCB,1788215414555,Questionable,False,Sleeper,2026-09-03T14:35:58+00:00
7187,Rojesterman Farris,rojestermanfarris,DEN,DB,True,Active,,,,,,Active,False,Sleeper,2026-09-03T14:35:58+00:00
12628,Sai'vion Jones,saivionjones,DEN,DE,True,Active,,,,RDE,1745638821498,Active,False,Sleeper,2026-09-03T14:35:58+00:00
7583,Sam Ehlinger,samehlinger,DEN,QB,True,Active,,,,QB,1786568725069,Active,False,Sleeper,2026-09-03T14:35:58+00:00
14059,Sean Fresch,seanfresch,DEN,CB,True,Active,,,,,1781652025703,Active,False,Sleeper,2026-09-03T14:35:58+00:00
7811,Talanoa Hufanga,talanoahufanga,DEN,DB,True,Active,,,,SS,1767979558474,Active,False,Sleeper,2026-09-03T14:35:58+00:00
7879,Tristen Hoge,tristenhoge,DEN,G,True,Active,,,,,,Active,False,Sleeper,2026-09-03T14:35:58+00:00
11627,Troy Franklin,troyfranklin,DEN,WR,True,Active,,,,SWR,1787980543050,Active,False,Sleeper,2026-09-03T14:35:58+00:00
8377,Tycen Anderson,tycenanderson,DEN,DB,True,Active,,,,SS,1773985253397,Active,False,Sleeper,2026-09-03T14:35:58+00:00
8208,Tyler Badie,tylerbadie,DEN,RB,True,Active,,,,RB,1778512808501,Active,False,Sleeper,2026-09-03T14:35:58+00:00
13984,Tyler Miller,tylermiller,DEN,OL,True,Active,,,,,,Active,False,Sleeper,2026-09-03T14:35:58+00:00
13472,Tyler Onyedim,tyleronyedim,DEN,DT,True,Active,,,,LDE,1782486036749,Active,False,Sleeper,2026-09-03T14:35:58+00:00
3678,Wil Lutz,willutz,DEN,K,True,Active,,,,K,1787425825358,Active,False,Sleeper,2026-09-03T14:35:58+00:00
5871,Zach Allen,zachallen,DEN,DE,True,Active,,,,RDE,1767981358750,Active,False,Sleeper,2026-09-03T14:35:58+00:00
13740,Aamaris Brown,aamarisbrown,DET,DB,True,Active,,,,,,Active,False,Sleeper,2026-09-03T14:35:58+00:00
12706,Ahmed Hassanein,ahmedhassanein,DET,DE,True,Active,,,,LDE,1767735315326,Active,False,Sleeper,2026-09-03T14:35:58+00:00
8289,Aidan Hutchinson,aidanhutchinson,DET,DL,True,Active,,,,LDE,1782008447723,Active,False,Sleeper,2026-09-03T14:35:58+00:00
7679,Alim McNeill,alimmcneill,DET,NT,True,Active,,,,RDT,1785728761434,Active,False,Sleeper,2026-09-03T14:35:58+00:00
7936,Amen Ogbongbemiga,amenogbongbemiga,DET,LB,True,Active,,,,,1786433737043,Active,False,Sleeper,2026-09-03T14:35:58+00:00
7547,Amon-Ra St. Brown,amonrastbrown,DET,WR,True,Active,,,,SWR,1788361530209,Active,False,Sleeper,2026-09-03T14:35:58+00:00
13358,Anthony Lucas,anthonylucas,DET,DL,True,Active,,,,,1777441230645,Active,False,Sleeper,2026-09-03T14:35:58+00:00
5361,Avonte Maddox,avontemaddox,DET,CB,True,Active,,,,FS,1775574026399,Active,False,Sleeper,2026-09-03T14:35:58+00:00
7060,Ben Bartch,benbartch,DET,OL,True,Active,,,,OL,1774451115536,Active,False,Sleeper,2026-09-03T14:35:58+00:00
8850,Ben Stille,benstille,DET,DT,True,Active,,,,,1786181128745,Active,False,Sleeper,2026-09-03T14:35:58+00:00
13446,Blake Miller,blakemiller,DET,OT,True,Active,,,,OL,1781652027456,Active,False,Sleeper,2026-09-03T14:35:58+00:00
10905,Brian Branch,brianbranch,DET,DB,True,Active,PUP,,,SS,1788138608013,Out,True,Sleeper,2026-09-03T14:35:58+00:00
7891,Brock Wright,brockwright,DET,TE,True,Active,,,,TE,1787427625599,Active,False,Sleeper,2026-09-03T14:35:58+00:00
6724,C.J. Moore,cjmoore,DET,DB,True,Active,,,,,1715109605471,Active,False,Sleeper,2026-09-03T14:35:58+00:00
8502,Cade Mays,cademays,DET,OL,True,Active,IR,,,OL,1788143407933,Out,True,Sleeper,2026-09-03T14:35:58+00:00
11345,Chris Smith,chrissmith,DET,DL,True,Active,,,,,,Active,False,Sleeper,2026-09-03T14:35:58+00:00
11427,Christian Izien,christianizien,DET,DB,True,Active,,,,SS,1787936729005,Active,False,Sleeper,2026-09-03T14:35:58+00:00
11788,Christian Mahogany,christianmahogany,DET,OL,True,Active,,,,OL,1785547236581,Active,False,Sleeper,2026-09-03T14:35:58+00:00
4224,Chuck Clark,chuckclark,DET,DB,True,Active,,,,FS,1774988439383,Active,False,Sleeper,2026-09-03T14:35:58+00:00
7887,D'Angelo Amos,dangeloamos,DET,DB,True,Active,,,,,1624399501952,Active,False,Sleeper,2026-09-03T14:35:58+00:00
5372,D.J. Reed,djreed,DET,CB,True,Active,Questionable,,,RCB,1786434337182,Questionable,False,Sleeper,2026-09-03T14:35:58+00:00
6868,DJ Wonnum,djwonnum,DET,DE,True,Active,,,,RDE,1773802238624,Active,False,Sleeper,2026-09-03T14:35:58+00:00
8309,Damone Clark,damoneclark,DET,LB,True,Inactive,IR,,,LB,1787936128780,Out,True,Sleeper,2026-09-03T14:35:58+00:00
7726,Derrick Barnes,derrickbarnes,DET,LB,True,Active,,,,ROLB,1767672309452,Active,False,Sleeper,2026-09-03T14:35:58+00:00
13458,Derrick Moore,derrickmoore,DET,DE,True,Active,Questionable,,,RDE,1787879155472,Questionable,False,Sleeper,2026-09-03T14:35:58+00:00
DET,Detroit Lions,detroitlions,DET,DEF,True,,,,,,,Active,False,Sleeper,2026-09-03T14:35:58+00:00
8784,Devin Cochran,devincochran,DET,OL,True,Active,,,,,1732938057258,Active,False,Sleeper,2026-09-03T14:35:58+00:00
6119,Devin White,devinwhite,DET,LB,True,Active,,,,MLB,1785678953503,Active,False,Sleeper,2026-09-03T14:35:58+00:00
12732,Dominic Lovett,dominiclovett,DET,WR,True,Active,,,,,1788311424792,Active,False,Sleeper,2026-09-03T14:35:58+00:00
11780,Elijah Klein,elijahklein,DET,OG,True,Active,,,,,1784218860256,Active,False,Sleeper,2026-09-03T14:35:58+00:00
11689,Ennis Rakestraw,ennisrakestraw,DET,DB,True,Active,Questionable,,,NB,1787323838360,Questionable,False,Sleeper,2026-09-03T14:35:58+00:00
14035,Eric O'Neill,ericoneill,DET,DE,True,Active,,,,LDE,,Active,False,Sleeper,2026-09-03T14:35:58+00:00
11746,Giovanni Manu,giovannimanu,DET,OL,True,Active,PUP,,,OL,1788218115017,Out,True,Sleeper,2026-09-03T14:35:58+00:00
12159,Hogan Hatten,hoganhatten,DET,LS,True,Active,,,,LS,,Active,False,Sleeper,2026-09-03T14:35:58+00:00
12535,Isaac TeSlaa,isaacteslaa,DET,WR,True,Active,,,,LWR,1788378632137,Active,False,Sleeper,2026-09-03T14:35:58+00:00
8205,Isiah Pacheco,isiahpacheco,DET,RB,True,Inactive,IR,,,RB,1788372331442,Out,True,Sleeper,2026-09-03T14:35:58+00:00
12356,Jabari Small,jabarismall,DET,RB,True,Active,,,,,1788393634832,Active,False,Sleeper,2026-09-03T14:35:58+00:00
10880,Jack Campbell,jackcampbell,DET,LB,True,Active,,,,MLB,1782656419651,Active,False,Sleeper,2026-09-03T14:35:58+00:00
6523,Jack Fox,jackfox,DET,P,True,Active,,,,P,1666979413138,Active,False,Sleeper,2026-09-03T14:35:58+00:00
12938,Jackson Meeks,jacksonmeeks,DET,TE,True,Active,,,,TE,1787505631946,Active,False,Sleeper,2026-09-03T14:35:58+00:00
11237,Jacob Saylors,jacobsaylors,DET,RB,True,Active,,,,RB,1788098755009,Active,False,Sleeper,2026-09-03T14:35:58+00:00
9221,Jahmyr Gibbs,jahmyrgibbs,DET,RB,True,Active,,,,RB,1788366031161,Active,False,Sleeper,2026-09-03T14:35:58+00:00
11539,Jake Bates,jakebates,DET,K,True,Active,,,,K,1788040850294,Active,False,Sleeper,2026-09-03T14:35:58+00:00
8148,Jameson Williams,jamesonwilliams,DET,WR,True,Active,,,,RWR,1788364530619,Active,False,Sleeper,2026-09-03T14:35:58+00:00
3163,Jared Goff,jaredgoff,DET,QB,True,Active,,,,QB,1788362730485,Active,False,Sleeper,2026-09-03T14:35:58+00:00
13494,Jimmy Rolder,jimmyrolder,DET,LB,True,Active,Questionable,,,LOLB,1787323838374,Questionable,False,Sleeper,2026-09-03T14:35:58+00:00
7014,Joe Bachie,joebachie,DET,LB,True,Active,,,,,1777509618689,Active,False,Sleeper,2026-09-03T14:35:58+00:00
13774,Josh Gesky,joshgesky,DET,G,True,Active,,,,,,Active,False,Sleeper,2026-09-03T14:35:58+00:00
4179,Joshua Dobbs,joshuadobbs,DET,QB,True,Active,,,,QB,1788052251731,Active,False,Sleeper,2026-09-03T14:35:58+00:00
10893,Juice Scruggs,juicescruggs,DET,OL,True,Active,,,,OL,1781652026936,Active,False,Sleeper,2026-09-03T14:35:58+00:00
13397,Keith Abney,keithabney,DET,DB,True,Active,,,,LCB,1777143026800,Active,False,Sleeper,2026-09-03T14:35:58+00:00
13412,Kendrick Law,kendricklaw,DET,WR,True,Inactive,IR,,,,1781769316050,Out,True,Sleeper,2026-09-03T14:35:58+00:00
8348,Kerby Joseph,kerbyjoseph,DET,DB,True,Active,PUP,,,FS,1788139208423,Out,True,Sleeper,2026-09-03T14:35:58+00:00
7200,Khalil Dorsey,khalildorsey,DET,CB,True,Active,,,,RCB,1763865325914,Active,False,Sleeper,2026-09-03T14:35:58+00:00
7838,Larry Borom,larryborom,DET,OL,True,Active,,,,OL,1781652026494,Active,False,Sleeper,2026-09-03T14:35:58+00:00
7661,Levi Onwuzurike,levionwuzurike,DET,DE,True,Active,,,,LDT,1785447023656,Active,False,Sleeper,2026-09-03T14:35:58+00:00
11520,Lucky Jackson,luckyjackson,DET,WR,True,Active,,,,,1788310524623,Active,False,Sleeper,2026-09-03T14:35:58+00:00
13314,Luke Altmyer,lukealtmyer,DET,QB,True,Active,,,,,1788311125671,Active,False,Sleeper,2026-09-03T14:35:58+00:00
8334,Malcolm Rodriguez,malcolmrodriguez,DET,LB,True,Active,Questionable,,,LOLB,1785859219864,Questionable,False,Sleeper,2026-09-03T14:35:58+00:00
12936,Mason Miller,masonmiller,DET,OL,True,Active,,,,,,Active,False,Sleeper,2026-09-03T14:35:58+00:00
11804,Mekhi Wingo,mekhiwingo,DET,DT,True,Active,Questionable,,,LDT,1786678249414,Questionable,False,Sleeper,2026-09-03T14:35:58+00:00
8750,Michael Niese,michaelniese,DET,G,True,Inactive,IR,,,OL,1788224715741,Out,True,Sleeper,2026-09-03T14:35:58+00:00
6992,Michael Warren,michaelwarren,DET,RB,True,Inactive,,,,,1629159044233,Active,False,Sleeper,2026-09-03T14:35:58+00:00
12660,Miles Frazier,milesfrazier,DET,OG,True,Active,,,,OL,1764647429532,Active,False,Sleeper,2026-09-03T14:35:58+00:00
11160,Nick Whiteside,nickwhiteside,DET,CB,True,Active,,,,,1767670809383,Active,False,Sleeper,2026-09-03T14:35:58+00:00
7629,Payton Turner,paytonturner,DET,DE,True,Inactive,IR,,,DL,1787876455103,Out,True,Sleeper,2026-09-03T14:35:58+00:00
7643,Penei Sewell,peneisewell,DET,T,True,Active,,,,OL,1781652026462,Active,False,Sleeper,2026-09-03T14:35:58+00:00
6128,Rock Ya-Sin,rockyasin,DET,CB,True,Active,,,,RCB,1773186642904,Active,False,Sleeper,2026-09-03T14:35:58+00:00
8303,Roger McCreary,rogermccreary,DET,DB,True,Active,,,,NB,1773453314031,Active,False,Sleeper,2026-09-03T14:35:58+00:00
10859,Sam LaPorta,samlaporta,DET,TE,True,Active,Questionable,,,TE,1787687139761,Questionable,False,Sleeper,2026-09-03T14:35:58+00:00
12575,Seth McLaughlin,sethmclaughlin,DET,OL,True,Active,,,,,1788396636392,Active,False,Sleeper,2026-09-03T14:35:58+00:00
11729,Sione Vaki,sionevaki,DET,RB,True,Active,,,,RB,1788036649122,Active,False,Sleeper,2026-09-03T14:35:58+00:00
13547,Skyler Gill-Howard,skylergillhoward,DET,DT,True,Active,,,,RDT,1777153225253,Active,False,Sleeper,2026-09-03T14:35:58+00:00
12613,Tate Ratledge,tateratledge,DET,OL,True,Active,,,,OL,1781652027053,Active,False,Sleeper,2026-09-03T14:35:58+00:00
8250,Tay Martin,taymartin,DET,WR,True,Active,,,,LWR,1781769316038,Active,False,Sleeper,2026-09-03T14:35:58+00:00
13249,Thomas Gordon,thomasgordon,DET,TE,True,Active,,,,,1788311424804,Active,False,Sleeper,2026-09-03T14:35:58+00:00
11872,Thomas Harper,thomasharper,DET,DB,True,Active,,,,SS,1786754753602,Active,False,Sleeper,2026-09-03T14:35:58+00:00
6588,Tom Kennedy,tomkennedy,DET,WR,True,Active,,,,,1788311125656,Active,False,Sleeper,2026-09-03T14:35:58+00:00
11348,Trevor Nowaske,trevornowaske,DET,LB,True,Active,,,,ROLB,1758240623143,Active,False,Sleeper,2026-09-03T14:35:58+00:00
12554,Tyleik Williams,tyleikwilliams,DET,DL,True,Active,,,,LDT,1770417352242,Active,False,Sleeper,2026-09-03T14:35:58+00:00
5133,Tyler Conklin,tylerconklin,DET,TE,True,Active,,,,TE,1788294621935,Active,False,Sleeper,2026-09-03T14:35:58+00:00
10941,Tyler Lacy,tylerlacy,DET,DE,True,Active,,,,RDE,1726417212901,Active,False,Sleeper,2026-09-03T14:35:58+00:00
13575,Tyre West,tyrewest,DET,DT,True,Active,,,,,1777160424060,Active,False,Sleeper,2026-09-03T14:35:58+00:00
7654,Aaron Banks,aaronbanks,GB,OL,True,Active,,,,OL,1785370513953,Active,False,Sleeper,2026-09-03T14:35:58+00:00
4913,Aiulua Fanene,aiuluafanene,GB,DT,True,Active,,,,,,Active,False,Sleeper,2026-09-03T14:35:58+00:00
12577,Anthony Belton,anthonybelton,GB,OT,True,Active,,,,OL,1781652027101,Active,False,Sleeper,2026-09-03T14:35:58+00:00
13224,Anthony Campbell,anthonycampbell,GB,DT,True,Active,,,,RDE,1769061943800,Active,False,Sleeper,2026-09-03T14:35:58+00:00
8569,Arron Mosby,arronmosby,GB,LB,True,Active,,,,,1755390016456,Active,False,Sleeper,2026-09-03T14:35:58+00:00
12644,Barryn Sorrell,barrynsorrell,GB,DE,True,Active,,,,ROLB,1770425152724,Active,False,Sleeper,2026-09-03T14:35:58+00:00
7671,Benjamin St-Juste,benjaminstjuste,GB,DB,True,Active,,,,RCB,1773156939932,Active,False,Sleeper,2026-09-03T14:35:58+00:00
8204,Bo Melton,bomelton,GB,WR,True,Active,,,,RWR,1787977242647,Active,False,Sleeper,2026-09-03T14:35:58+00:00
13369,Brandon Cisse,brandoncisse,GB,DB,True,Active,,,,LCB,1778948452490,Active,False,Sleeper,2026-09-03T14:35:58+00:00
11193,Brenton Cox,brentoncox,GB,LB,True,Active,,,,LOLB,1773254749051,Active,False,Sleeper,2026-09-03T14:35:58+00:00
3239,Bronson Kaufusi,bronsonkaufusi,GB,TE,True,Active,,,,,1630520460191,Active,False,Sleeper,2026-09-03T14:35:58+00:00
11042,Carrington Valentine,carringtonvalentine,GB,DB,True,Active,Questionable,,,RCB,1786483842998,Questionable,False,Sleeper,2026-09-03T14:35:58+00:00
11370,Chris Brooks,chrisbrooks,GB,RB,True,Active,,,,RB,1788321324598,Active,False,Sleeper,2026-09-03T14:35:58+00:00
13674,Chris Hilton,chrishilton,GB,WR,True,Active,,,,,1788312024709,Active,False,Sleeper,2026-09-03T14:35:58+00:00
13468,Chris McClellan,chrismcclellan,GB,DT,True,Active,,,,RDE,1777088415938,Active,False,Sleeper,2026-09-03T14:35:58+00:00
8167,Christian Watson,christianwatson,GB,WR,True,Active,,,,LWR,1788183010478,Active,False,Sleeper,2026-09-03T14:35:58+00:00
12669,Collin Oliver,collinoliver,GB,DE,True,Active,IR,,,ROLB,1788305423768,Out,True,Sleeper,2026-09-03T14:35:58+00:00
12816,Dalton Cooper,daltoncooper,GB,OT,True,Active,,,,,,Active,False,Sleeper,2026-09-03T14:35:58+00:00
13492,Dani Dennis-Sutton,danidennissutton,GB,DE,True,Active,Questionable,,,LOLB,1786918517174,Questionable,False,Sleeper,2026-09-03T14:35:58+00:00
8674,Daniel Whelan,danielwhelan,GB,P,True,Active,,,,P,,Active,False,Sleeper,2026-09-03T14:35:58+00:00
6540,DeAndre Thompkins,deandrethompkins,GB,WR,True,Inactive,,,,,1629945607116,Active,False,Sleeper,2026-09-03T14:35:58+00:00
8270,Devonte Wyatt,devontewyatt,GB,DL,True,Active,,,,RDE,1785195050092,Active,False,Sleeper,2026-09-03T14:35:58+00:00
13907,Dillon Wade,dillonwade,GB,G,True,Active,,,,,,Active,False,Sleeper,2026-09-03T14:35:58+00:00
13544,Domani Jackson,domanijackson,GB,CB,True,Active,,,,,1788111357572,Active,False,Sleeper,2026-09-03T14:35:58+00:00
12153,Donovan Jennings,donovanjennings,GB,OL,True,Active,,,,OL,1785457226217,Active,False,Sleeper,2026-09-03T14:35:58+00:00
13210,Drake Dabney,drakedabney,GB,TE,True,Active,,,,,1788311424790,Active,False,Sleeper,2026-09-03T14:35:58+00:00
11687,Edgerrin Cooper,edgerrincooper,GB,LB,True,Active,,,,LILB,1786377941722,Active,False,Sleeper,2026-09-03T14:35:58+00:00
11739,Evan Williams,evanwilliams,GB,DB,True,Active,,,,FS,1767926454767,Active,False,Sleeper,2026-09-03T14:35:58+00:00
GB,Green Bay Packers,greenbaypackers,GB,DEF,True,,,,,,,Active,False,Sleeper,2026-09-03T14:35:58+00:00
5957,Isaac Nauta,isaacnauta,GB,TE,True,Inactive,,,,,1629945307384,Active,False,Sleeper,2026-09-03T14:35:58+00:00
7782,Isaiah McDuffie,isaiahmcduffie,GB,LB,True,Active,,,,RILB,1783969526378,Active,False,Sleeper,2026-09-03T14:35:58+00:00
13074,Isaiah Neyor,isaiahneyor,GB,WR,True,Active,,,,,1788311724785,Active,False,Sleeper,2026-09-03T14:35:58+00:00
13770,J. Michael Sturdivant,jmichaelsturdivant,GB,WR,True,Active,,,,LWR,1788117056521,Active,False,Sleeper,2026-09-03T14:35:58+00:00
11776,Jacob Monk,jacobmonk,GB,OL,True,Active,,,,OL,1786410333482,Active,False,Sleeper,2026-09-03T14:35:58+00:00
11795,Jaden Crumedy,jadencrumedy,GB,DT,True,Active,,,,,1768976457502,Active,False,Sleeper,2026-09-03T14:35:58+00:00
13521,Jager Burton,jagerburton,GB,C,True,Active,,,,OL,1785692455579,Active,False,Sleeper,2026-09-03T14:35:58+00:00
11686,Javon Bullard,javonbullard,GB,DB,True,Active,,,,NB,1788392434687,Active,False,Sleeper,2026-09-03T14:35:58+00:00
3256,Javon Hargrave,javonhargrave,GB,DT,True,Active,,,,NT,1786434036126,Active,False,Sleeper,2026-09-03T14:35:58+00:00
10222,Jayden Reed,jaydenreed,GB,WR,True,Active,,,,SWR,1788210011035,Active,False,Sleeper,2026-09-03T14:35:58+00:00
12729,John Williams,johnwilliams,GB,OL,True,Active,,,,OL,1786753853193,Active,False,Sleeper,2026-09-03T14:35:58+00:00
12931,Johnathan Baldwin,johnathanbaldwin,GB,DB,True,Inactive,IR,,,,1786415733257,Out,True,Sleeper,2026-09-03T14:35:58+00:00
8344,Jonathan Ford,jonathanford,GB,DL,True,Active,,,,NT,1773258650775,Active,False,Sleeper,2026-09-03T14:35:58+00:00
4144,Jonnu Smith,jonnusmith,GB,TE,True,Active,,,,TE,1787848852476,Active,False,Sleeper,2026-09-03T14:35:58+00:00
6804,Jordan Love,jordanlove,GB,QB,True,Active,,,,QB,1788205212992,Active,False,Sleeper,2026-09-03T14:35:58+00:00
11660,Jordan Morgan,jordanmorgan,GB,OL,True,Active,,,,OL,,Active,False,Sleeper,2026-09-03T14:35:58+00:00
11035,Jordon Riley,jordonriley,GB,DL,True,Active,PUP,,,NT,1788218415181,Out,True,Sleeper,2026-09-03T14:35:58+00:00
5850,Josh Jacobs,joshjacobs,GB,RB,True,Active,NA,,,RB,1788282322362,Active,False,Sleeper,2026-09-03T14:35:58+00:00
10212,Josh Whyle,joshwhyle,GB,TE,True,Active,,,,TE,1786481443031,Active,False,Sleeper,2026-09-03T14:35:58+00:00
12504,Kaleb Johnson,kalebjohnson,GB,RB,True,Active,,,,RB,1788275119018,Active,False,Sleeper,2026-09-03T14:35:58+00:00
11787,Kamal Hadden,kamalhadden,GB,DB,True,Active,,,,NB,1785728161751,Active,False,Sleeper,2026-09-03T14:35:58+00:00
11009,Karl Brooks,karlbrooks,GB,DT,True,Active,,,,LDE,1770418852547,Active,False,Sleeper,2026-09-03T14:35:58+00:00
11648,Kedon Slovis,kedonslovis,GB,QB,True,Active,,,,,1788364531548,Active,False,Sleeper,2026-09-03T14:35:58+00:00
6333,Keisean Nixon,keiseannixon,GB,CB,True,Active,,,,LCB,1785477929836,Active,False,Sleeper,2026-09-03T14:35:58+00:00
6175,Kerrith Whyte,kerrithwhyte,GB,RB,True,Active,,,,,1640840438409,Active,False,Sleeper,2026-09-03T14:35:58+00:00
11763,Kitan Oladapo,kitanoladapo,GB,DB,True,Active,,,,SS,1723514453122,Active,False,Sleeper,2026-09-03T14:35:58+00:00
7197,Kristian Welch,kristianwelch,GB,LB,True,Active,,,,,1773112537012,Active,False,Sleeper,2026-09-03T14:35:58+00:00
12548,Lenny Krieg,lennykrieg,GB,K,True,Active,,,,,1788394834997,Active,False,Sleeper,2026-09-03T14:35:58+00:00
10885,Lukas Van Ness,lukasvanness,GB,DL,True,Active,,,,LOLB,1787083504137,Active,False,Sleeper,2026-09-03T14:35:58+00:00
9481,Luke Musgrave,lukemusgrave,GB,TE,True,Active,PUP,,,TE,1788297321695,Out,True,Sleeper,2026-09-03T14:35:58+00:00
11581,MarShawn Lloyd,marshawnlloyd,GB,RB,True,Active,,,,RB,1788384932956,Active,False,Sleeper,2026-09-03T14:35:58+00:00
13013,Mark Redman,markredman,GB,TE,True,Active,,,,TE,1788122757554,Active,False,Sleeper,2026-09-03T14:35:58+00:00
14045,Marlon Jones,marlonjones,GB,CB,True,Inactive,IR,,,,1786433737104,Out,True,Sleeper,2026-09-03T14:35:58+00:00
6461,Matt Orzech,mattorzech,GB,LS,True,Active,,,,LS,1788222615916,Active,False,Sleeper,2026-09-03T14:35:58+00:00
12501,Matthew Golden,matthewgolden,GB,WR,True,Active,,,,RWR,1788441640553,Active,False,Sleeper,2026-09-03T14:35:58+00:00
7640,Micah Parsons,micahparsons,GB,LB,True,Active,PUP,,,ROLB,1788312323425,Out,True,Sleeper,2026-09-03T14:35:58+00:00
13863,Murvin Kenion,murvinkenion,GB,DB,True,Active,,,,,,Active,False,Sleeper,2026-09-03T14:35:58+00:00
7807,Nick Niemann,nickniemann,GB,LB,True,Active,,,,RILB,1768091107682,Active,False,Sleeper,2026-09-03T14:35:58+00:00
13771,Nyjalik Kelly,nyjalikkelly,GB,DE,True,Active,,,,,1777464032685,Active,False,Sleeper,2026-09-03T14:35:58+00:00
5325,Peter Kalambayi,peterkalambayi,GB,LB,True,Active,,,,,1623120605170,Active,False,Sleeper,2026-09-03T14:35:58+00:00
8116,Pierre Strong,pierrestrong,GB,RB,True,Active,,,,,1788311125635,Active,False,Sleeper,2026-09-03T14:35:58+00:00
13430,RJ Maryland,rjmaryland,GB,TE,True,Inactive,Questionable,,,,1786662646073,Questionable,False,Sleeper,2026-09-03T14:35:58+00:00
12482,Savion Williams,savionwilliams,GB,WR,True,Inactive,IR,,,LWR,1788291922823,Out,True,Sleeper,2026-09-03T14:35:58+00:00
4959,Scott Daly,scottdaly,GB,LS,True,Active,,,,,1778513709667,Active,False,Sleeper,2026-09-03T14:35:58+00:00
8460,Sean Rhyan,seanrhyan,GB,OL,True,Active,,,,OL,1781652026719,Active,False,Sleeper,2026-09-03T14:35:58+00:00
8168,Skyy Moore,skyymoore,GB,WR,True,Active,,,,SWR,1782249623564,Active,False,Sleeper,2026-09-03T14:35:58+00:00
12113,Thomas Yassmin,thomasyassmin,GB,TE,True,Inactive,IR,,,TE,1788218115003,Out,True,Sleeper,2026-09-03T14:35:58+00:00
11793,Travis Glover,travisglover,GB,OT,True,Active,,,,OL,1786753853204,Active,False,Sleeper,2026-09-03T14:35:58+00:00
11309,Trey Dean,treydean,GB,DB,True,Inactive,IR,,,DB,1788225015785,Out,True,Sleeper,2026-09-03T14:35:58+00:00
13545,Trey Smack,treysmack,GB,K,True,Active,,,,K,1787376931334,Active,False,Sleeper,2026-09-03T14:35:58+00:00
9484,Tucker Kraft,tuckerkraft,GB,TE,True,Active,Questionable,,,TE,1787848551253,Questionable,False,Sleeper,2026-09-03T14:35:58+00:00
11712,Ty'Ron Hopper,tyronhopper,GB,LB,True,Active,,,,LILB,1735010421132,Active,False,Sleeper,2026-09-03T14:35:58+00:00
827,Tyrod Taylor,tyrodtaylor,GB,QB,True,Active,,,,QB,1779916830172,Active,False,Sleeper,2026-09-03T14:35:58+00:00
12704,Warren Brinson,warrenbrinson,GB,DL,True,Active,Questionable,,,LDE,1787619942640,Questionable,False,Sleeper,2026-09-03T14:35:58+00:00
1103,Whitney Mercilus,whitneymercilus,GB,LB,True,Active,,,,,1649272853151,Active,False,Sleeper,2026-09-03T14:35:58+00:00
6788,Xavier McKinney,xaviermckinney,GB,DB,True,Active,,,,SS,1783963223917,Active,False,Sleeper,2026-09-03T14:35:58+00:00
8463,Zach Bako-Bewele,zachbakobewele,GB,OL,True,Active,,,,OL,1786408532252,Active,False,Sleeper,2026-09-03T14:35:58+00:00
5346,Zaire Franklin,zairefranklin,GB,LB,True,Active,,,,RILB,1783268404448,Active,False,Sleeper,2026-09-03T14:35:58+00:00
13572,Aiden Fisher,aidenfisher,HOU,LB,True,Active,,,,MLB,1777160424226,Active,False,Sleeper,2026-09-03T14:35:58+00:00
12600,Aireontae Ersery,aireontaeersery,HOU,OL,True,Active,,,,OL,1781619623637,Active,False,Sleeper,2026-09-03T14:35:58+00:00
11062,Ali Gaye,aligaye,HOU,DE,True,Inactive,IR,,,DL,1788218415169,Out,True,Sleeper,2026-09-03T14:35:58+00:00
13049,Alijah Huzzie,alijahhuzzie,HOU,DB,True,Active,,,,,1762953047360,Active,False,Sleeper,2026-09-03T14:35:58+00:00
13050,Austin Brinkman,austinbrinkman,HOU,LS,True,Active,,,,LS,,Active,False,Sleeper,2026-09-03T14:35:58+00:00
6485,Azeez Al-Shaair,azeezalshaair,HOU,LB,True,Active,,,,MLB,1785451524310,Active,False,Sleeper,2026-09-03T14:35:58+00:00
11684,Blake Fisher,blakefisher,HOU,OL,True,Active,,,,OL,1781619623378,Active,False,Sleeper,2026-09-03T14:35:58+00:00
5060,Braden Smith,bradensmith,HOU,OL,True,Inactive,IR,,,OL,1788307824649,Out,True,Sleeper,2026-09-03T14:35:58+00:00
7568,Brevin Jordan,brevinjordan,HOU,TE,True,Active,Questionable,,,TE,1788306023770,Questionable,False,Sleeper,2026-09-03T14:35:58+00:00
12171,British Brooks,britishbrooks,HOU,RB,True,Active,Questionable,,,RB,1787616042171,Questionable,False,Sleeper,2026-09-03T14:35:58+00:00
6833,Bryce Hall,brycehall,HOU,CB,True,Active,,,,,1787041843899,Active,False,Sleeper,2026-09-03T14:35:58+00:00
9758,C.J. Stroud,cjstroud,HOU,QB,True,Active,,,,QB,1788370530952,Active,False,Sleeper,2026-09-03T14:35:58+00:00
11599,Cade Stover,cadestover,HOU,TE,True,Active,,,,TE,1780438850031,Active,False,Sleeper,2026-09-03T14:35:58+00:00
11710,Calen Bullock,calenbullock,HOU,DB,True,Active,,,,SS,1768313416305,Active,False,Sleeper,2026-09-03T14:35:58+00:00
11553,Chad Cota,chadcota,HOU,S,True,Active,,,,,,Active,False,Sleeper,2026-09-03T14:35:58+00:00
11679,Chris Braswell,chrisbraswell,HOU,LB,True,Active,,,,,1788131159645,Active,False,Sleeper,2026-09-03T14:35:58+00:00
13769,Collin Wright,collinwright,HOU,CB,True,Active,,,,RCB,1777377625349,Active,False,Sleeper,2026-09-03T14:35:58+00:00
6656,Connor Strachan,connorstrachan,HOU,LB,True,Active,,,,,,Active,False,Sleeper,2026-09-03T14:35:58+00:00
5001,Dalton Schultz,daltonschultz,HOU,TE,True,Active,,,,TE,1788394235162,Active,False,Sleeper,2026-09-03T14:35:58+00:00
13861,Daniel Sobkowicz,danielsobkowicz,HOU,WR,True,Active,,,,,1788271518981,Active,False,Sleeper,2026-09-03T14:35:58+00:00
2393,Danielle Hunter,daniellehunter,HOU,DE,True,Active,,,,RDE,1782303629451,Active,False,Sleeper,2026-09-03T14:35:58+00:00
5892,David Montgomery,davidmontgomery,HOU,RB,True,Active,,,,RB,1788274218985,Active,False,Sleeper,2026-09-03T14:35:58+00:00
7585,Davis Mills,davismills,HOU,QB,True,Active,,,,QB,1784337923253,Active,False,Sleeper,2026-09-03T14:35:58+00:00
8308,Derek Stingley,derekstingley,HOU,DB,True,Active,,,,LCB,1772763659526,Active,False,Sleeper,2026-09-03T14:35:58+00:00
13924,Dominic Bailey,dominicbailey,HOU,DL,True,Active,,,,,,Active,False,Sleeper,2026-09-03T14:35:58+00:00
8391,Dominique Robinson,dominiquerobinson,HOU,DL,True,Active,Questionable,,,RDE,1788212114159,Questionable,False,Sleeper,2026-09-03T14:35:58+00:00
10958,Dylan Horton,dylanhorton,HOU,DL,True,Inactive,IR,,,DL,1787705142202,Out,True,Sleeper,2026-09-03T14:35:58+00:00
6218,E.J. Speed,ejspeed,HOU,LB,True,Active,PUP,,,LOLB,1788195913675,Out,True,Sleeper,2026-09-03T14:35:58+00:00
8452,Ed Ingram,edingram,HOU,G,True,Active,,,,OL,1781619622955,Active,False,Sleeper,2026-09-03T14:35:58+00:00
5610,Evan Brown,evanbrown,HOU,C,True,Active,,,,OL,1773547222640,Active,False,Sleeper,2026-09-03T14:35:58+00:00
13502,Febechi Nwaiwu,febechinwaiwu,HOU,OL,True,Active,,,,OL,1781619623917,Active,False,Sleeper,2026-09-03T14:35:58+00:00
5985,Foster Moreau,fostermoreau,HOU,TE,True,Active,,,,TE,1780442450020,Active,False,Sleeper,2026-09-03T14:35:58+00:00
7973,Foster Sarell,fostersarell,HOU,T,True,Active,,,,,,Active,False,Sleeper,2026-09-03T14:35:58+00:00
5445,George Odum,georgeodum,HOU,DB,True,Active,,,,,1788121858643,Active,False,Sleeper,2026-09-03T14:35:58+00:00
12705,Graham Mertz,grahammertz,HOU,QB,True,Inactive,IR,,,QB,1786860910169,Out,True,Sleeper,2026-09-03T14:35:58+00:00
10970,Henry To'oTo'o,henrytootoo,HOU,LB,True,Active,,,,ROLB,1786042251807,Active,False,Sleeper,2026-09-03T14:35:58+00:00
HOU,Houston Texans,houstontexans,HOU,DEF,True,,,,,,,Active,False,Sleeper,2026-09-03T14:35:58+00:00
8901,Ja'Marcus Ingram,jamarcusingram,HOU,CB,True,Inactive,IR,,,LCB,1788132059625,Out,True,Sleeper,2026-09-03T14:35:58+00:00
1947,Jadeveon Clowney,jadeveonclowney,HOU,DE,True,Active,Questionable,,,RDE,1788314723744,Questionable,False,Sleeper,2026-09-03T14:35:58+00:00
10960,Jake Andrews,jakeandrews,HOU,OL,True,Active,,,,OL,1758343831268,Active,False,Sleeper,2026-09-03T14:35:58+00:00
4313,Jake Eldrenkamp,jakeeldrenkamp,HOU,OL,True,Active,,,,,1576362902907,Active,False,Sleeper,2026-09-03T14:35:58+00:00
8349,Jake Hansen,jakehansen,HOU,LB,True,Active,Questionable,,,ROLB,1785658252208,Questionable,False,Sleeper,2026-09-03T14:35:58+00:00
8733,Jake Hummel,jakehummel,HOU,LB,True,Active,,,,MLB,1773171343078,Active,False,Sleeper,2026-09-03T14:35:58+00:00
8314,Jalen Pitre,jalenpitre,HOU,DB,True,Active,,,,NB,1786946722069,Active,False,Sleeper,2026-09-03T14:35:58+00:00
11805,Jamal Hill,jamalhill,HOU,LB,True,Active,,,,,1788122458720,Active,False,Sleeper,2026-09-03T14:35:58+00:00
13767,James Neal,jamesneal,HOU,OT,True,Active,,,,,,Active,False,Sleeper,2026-09-03T14:35:58+00:00
11056,Jared Wayne,jaredwayne,HOU,WR,True,Active,,,,,1768958411063,Active,False,Sleeper,2026-09-03T14:35:58+00:00
11588,Jawhar Jordan,jawharjordan,HOU,RB,True,Active,,,,,1788272118990,Active,False,Sleeper,2026-09-03T14:35:58+00:00
12484,Jayden Higgins,jaydenhiggins,HOU,WR,True,Inactive,IR,,,,1787339422095,Out,True,Sleeper,2026-09-03T14:35:58+00:00
12536,Jaylin Noel,jaylinnoel,HOU,WR,True,Active,Questionable,,,SWR,1787182816703,Questionable,False,Sleeper,2026-09-03T14:35:58+00:00
12626,Jaylin Smith,jaylinsmith,HOU,CB,True,Active,,,,RCB,1780075239715,Active,False,Sleeper,2026-09-03T14:35:58+00:00
12848,Josh Kelly,joshkelly,HOU,WR,True,Active,,,,,1788271819216,Active,False,Sleeper,2026-09-03T14:35:58+00:00
13054,Junior Tafuna,juniortafuna,HOU,DT,True,Active,,,,,1769840421308,Active,False,Sleeper,2026-09-03T14:35:58+00:00
13051,K.C. Ossai,kcossai,HOU,LB,True,Inactive,IR,,,LB,1787416524208,Out,True,Sleeper,2026-09-03T14:35:58+00:00
13878,Ka'ena De Cambra,kaenadecambra,HOU,C,True,Active,,,,,,Active,False,Sleeper,2026-09-03T14:35:58+00:00
3451,Ka'imi Fairbairn,kaimifairbairn,HOU,K,True,Active,,,,K,1787986543802,Active,False,Sleeper,2026-09-03T14:35:58+00:00
13215,Kai Kroeger,kaikroeger,HOU,P,True,Active,,,,P,1773190243397,Active,False,Sleeper,2026-09-03T14:35:58+00:00
11685,Kamari Lassiter,kamarilassiter,HOU,DB,True,Active,,,,RCB,1770426052802,Active,False,Sleeper,2026-09-03T14:35:58+00:00
13406,Kamari Ramsey,kamariramsey,HOU,DB,True,Active,,,,NB,1778740832528,Active,False,Sleeper,2026-09-03T14:35:58+00:00
13374,Kayden McDonald,kaydenmcdonald,HOU,DL,True,Active,,,,LDT,1777073415199,Active,False,Sleeper,2026-09-03T14:35:58+00:00
9504,Kayshon Boutte,kayshonboutte,HOU,WR,True,Active,,,,RWR,1788444340887,Active,False,Sleeper,2026-09-03T14:35:58+00:00
6005,Kevin Givens,kevingivens,HOU,DT,True,Active,,,,,1788333927921,Active,False,Sleeper,2026-09-03T14:35:58+00:00
13442,Keylan Rutledge,keylanrutledge,HOU,G,True,Active,,,,OL,1781619623901,Active,False,Sleeper,2026-09-03T14:35:58+00:00
13541,Lewis Bond,lewisbond,HOU,WR,True,Active,,,,,1788270918999,Active,False,Sleeper,2026-09-03T14:35:58+00:00
8360,Logan Hall,loganhall,HOU,DL,True,Active,,,,RDT,1785282002660,Active,False,Sleeper,2026-09-03T14:35:58+00:00
5055,M.J. Stewart,mjstewart,HOU,DB,True,Active,PUP,,,FS,1788196213534,Out,True,Sleeper,2026-09-03T14:35:58+00:00
2340,Mario Edwards,marioedwards,HOU,DE,True,Active,,,,LDT,1785725461433,Active,False,Sleeper,2026-09-03T14:35:58+00:00
13307,Marlin Klein,marlinklein,HOU,TE,True,Active,,,,TE,1787350829212,Active,False,Sleeper,2026-09-03T14:35:58+00:00
10926,Marte Mapu,martemapu,HOU,DB,True,Inactive,Questionable,,,,1788231917193,Questionable,False,Sleeper,2026-09-03T14:35:58+00:00
11068,Mitch Tinsley,mitchtinsley,HOU,WR,True,Active,,,,,1788269418949,Active,False,Sleeper,2026-09-03T14:35:58+00:00
11838,Nate Thomas,natethomas,HOU,OL,True,Active,,,,OL,1788128459778,Active,False,Sleeper,2026-09-03T14:35:58+00:00
7569,Nico Collins,nicocollins,HOU,WR,True,Active,,,,LWR,1788065751701,Active,False,Sleeper,2026-09-03T14:35:58+00:00
13437,Noah Whittington,noahwhittington,HOU,RB,True,Active,,,,,1788271219331,Active,False,Sleeper,2026-09-03T14:35:58+00:00
8406,Reed Blankenship,reedblankenship,HOU,DB,True,Active,,,,FS,1773097235713,Active,False,Sleeper,2026-09-03T14:35:58+00:00
13860,Sabastian Harsh,sabastianharsh,HOU,DE,True,Active,,,,LDE,,Active,False,Sleeper,2026-09-03T14:35:58+00:00
13922,Sam Hagen,samhagen,HOU,OL,True,Inactive,IR,,,OL,1788308124172,Out,True,Sleeper,2026-09-03T14:35:58+00:00
3188,Sheldon Rankins,sheldonrankins,HOU,DT,True,Active,,,,LDT,1781019039945,Active,False,Sleeper,2026-09-03T14:35:58+00:00
3227,T.J. Green,tjgreen,HOU,DB,True,Active,,,,,1635183657850,Active,False,Sleeper,2026-09-03T14:35:58+00:00
9502,Tank Dell,tankdell,HOU,WR,True,Inactive,IR,,,SWR,1788297321695,Out,True,Sleeper,2026-09-03T14:35:58+00:00
7711,Tommy Togiai,tommytogiai,HOU,DT,True,Active,,,,RDT,1770428753113,Active,False,Sleeper,2026-09-03T14:35:58+00:00
5328,Tremon Smith,tremonsmith,HOU,DB,True,Active,,,,LCB,1760843112627,Active,False,Sleeper,2026-09-03T14:35:58+00:00
2543,Trent Brown,trentbrown,HOU,OL,True,Active,,,,OL,1781619622152,Active,False,Sleeper,2026-09-03T14:35:58+00:00
13490,Wade Woodaz,wadewoodaz,HOU,LB,True,Active,Questionable,,,LOLB,1787675447982,Questionable,False,Sleeper,2026-09-03T14:35:58+00:00
10892,Will Anderson,willanderson,HOU,DL,True,Active,,,,LDE,1782109260160,Active,False,Sleeper,2026-09-03T14:35:58+00:00
12474,Woody Marks,woodymarks,HOU,RB,True,Active,,,,RB,1788383132960,Active,False,Sleeper,2026-09-03T14:35:58+00:00
5097,Wyatt Teller,wyattteller,HOU,G,True,Active,,,,OL,1781619622366,Active,False,Sleeper,2026-09-03T14:35:58+00:00
10218,Xavier Hutchinson,xavierhutchinson,HOU,WR,True,Active,,,,LWR,1787588439020,Active,False,Sleeper,2026-09-03T14:35:58+00:00
8799,Zaire Mitchell-Paden,zairemitchellpaden,HOU,TE,True,Active,,,,,1788310824776,Active,False,Sleeper,2026-09-03T14:35:58+00:00
13384,AJ Haulcy,ajhaulcy,IND,DB,True,Active,Questionable,,,SS,1788304823029,Questionable,False,Sleeper,2026-09-03T14:35:58+00:00
10957,Adetomiwa Adebawore,adetomiwaadebawore,IND,DL,True,Active,,,,RDT,1770431150471,Active,False,Sleeper,2026-09-03T14:35:58+00:00
6860,Akeem Davis-Gaither,akeemdavisgaither,IND,LB,True,Active,,,,LOLB,1783916417922,Active,False,Sleeper,2026-09-03T14:35:58+00:00
4937,Al Riles,alriles,IND,WR,True,Active,,,,,,Active,False,Sleeper,2026-09-03T14:35:58+00:00
8142,Alec Pierce,alecpierce,IND,WR,True,Active,Questionable,,,LWR,1788297321732,Questionable,False,Sleeper,2026-09-03T14:35:58+00:00
14041,Anderson Castle,andersoncastle,IND,RB,True,Active,,,,,1788312324684,Active,False,Sleeper,2026-09-03T14:35:58+00:00
11762,Anthony Gould,anthonygould,IND,WR,True,Active,,,,,1788313524684,Active,False,Sleeper,2026-09-03T14:35:58+00:00
9229,Anthony Richardson,anthonyrichardson,IND,QB,True,Active,,,,QB,1788303322531,Active,False,Sleeper,2026-09-03T14:35:58+00:00
5067,Arden Key,ardenkey,IND,DE,True,Active,,,,LDE,1773364845908,Active,False,Sleeper,2026-09-03T14:35:58+00:00
6427,Ashton Dulin,ashtondulin,IND,WR,True,Active,,,,SWR,1787774148762,Active,False,Sleeper,2026-09-03T14:35:58+00:00
11066,Austin Ajiake,austinajiake,IND,LB,True,Active,,,,ROLB,1767669009196,Active,False,Sleeper,2026-09-03T14:35:58+00:00
8459,Bernhard Raimann,bernhardraimann,IND,OL,True,Active,,,,OL,1781619622984,Active,False,Sleeper,2026-09-03T14:35:58+00:00
3669,Brian Poole,brianpoole,IND,CB,True,Active,,,,,1634742939434,Active,False,Sleeper,2026-09-03T14:35:58+00:00
13481,Bryce Boettcher,bryceboettcher,IND,LB,True,Active,,,,MLB,1780460153680,Active,False,Sleeper,2026-09-03T14:35:58+00:00
13388,CJ Allen,cjallen,IND,LB,True,Active,,,,MLB,1786915216493,Active,False,Sleeper,2026-09-03T14:35:58+00:00
13373,Caden Curry,cadencurry,IND,DL,True,Active,,,,LDE,1777152931536,Active,False,Sleeper,2026-09-03T14:35:58+00:00
7715,Cam Bynum,cambynum,IND,DB,True,Active,,,,FS,1767719112437,Active,False,Sleeper,2026-09-03T14:35:58+00:00
8341,Cam Taylor-Britt,camtaylorbritt,IND,DB,True,Active,Sus,,,RCB,1786149923804,Out,True,Sleeper,2026-09-03T14:35:58+00:00
13784,Cameron Ball,cameronball,IND,DT,True,Active,,,,,1777464032709,Active,False,Sleeper,2026-09-03T14:35:58+00:00
10988,Cameron Mitchell,cameronmitchell,IND,DB,True,Inactive,IR,,,DB,1786000546331,Out,True,Sleeper,2026-09-03T14:35:58+00:00
13407,Carson Towt,carsontowt,IND,TE,True,Inactive,IR,,,TE,1787124054406,Out,True,Sleeper,2026-09-03T14:35:58+00:00
5493,Charvarius Ward,charvariusward,IND,CB,True,Active,Questionable,,,LCB,1787675748078,Questionable,False,Sleeper,2026-09-03T14:35:58+00:00
12829,Coleman Owen,colemanowen,IND,WR,True,Inactive,IR,,,,1788196813760,Out,True,Sleeper,2026-09-03T14:35:58+00:00
6453,D.J. Montgomery,djmontgomery,IND,WR,True,Inactive,IR,,,,1788196813756,Out,True,Sleeper,2026-09-03T14:35:58+00:00
1429,D.J. Swearinger,djswearinger,IND,DB,True,Active,,,,,1610408743819,Active,False,Sleeper,2026-09-03T14:35:58+00:00
12471,DJ Giddens,djgiddens,IND,RB,True,Active,,,,RB,1788053150374,Active,False,Sleeper,2026-09-03T14:35:58+00:00
12184,Dalton Tucker,daltontucker,IND,OL,True,Active,,,,OL,1767301232508,Active,False,Sleeper,2026-09-03T14:35:58+00:00
5870,Daniel Jones,danieljones,IND,QB,True,Active,,,,QB,1788408336234,Active,False,Sleeper,2026-09-03T14:35:58+00:00
10975,Daniel Scott,danielscott,IND,DB,True,Active,,,,,1781300432907,Active,False,Sleeper,2026-09-03T14:35:58+00:00
13339,Davon Booth,davonbooth,IND,RB,True,Active,,,,,1788312625381,Active,False,Sleeper,2026-09-03T14:35:58+00:00
3172,DeForest Buckner,deforestbuckner,IND,DT,True,Active,,,,RDT,1786946722052,Active,False,Sleeper,2026-09-03T14:35:58+00:00
13333,Deion Burks,deionburks,IND,WR,True,Active,,,,SWR,1777584057525,Active,False,Sleeper,2026-09-03T14:35:58+00:00
8489,Drew Ogletree,drewogletree,IND,TE,True,Active,,,,TE,1780442450276,Active,False,Sleeper,2026-09-03T14:35:58+00:00
13518,George Gumbs,georgegumbs,IND,DE,True,Active,,,,RDE,1777148122968,Active,False,Sleeper,2026-09-03T14:35:58+00:00
4168,Grover Stewart,groverstewart,IND,DT,True,Active,,,,LDT,1770433250598,Active,False,Sleeper,2026-09-03T14:35:58+00:00
12723,Hunter Wohler,hunterwohler,IND,DB,True,Active,,,,SS,1786752953018,Active,False,Sleeper,2026-09-03T14:35:58+00:00
IND,Indianapolis Colts,indianapoliscolts,IND,DEF,True,,,,,,,Active,False,Sleeper,2026-09-03T14:35:58+00:00
12594,JT Tuimoloau,jttuimoloau,IND,DL,True,Active,,,,LDE,1770428152950,Active,False,Sleeper,2026-09-03T14:35:58+00:00
1706,Jack Doyle,jackdoyle,IND,TE,True,Active,,,,,1646685355679,Active,False,Sleeper,2026-09-03T14:35:58+00:00
13497,Jalen Farmer,jalenfarmer,IND,G,True,Active,,,,OL,1781619623936,Active,False,Sleeper,2026-09-03T14:35:58+00:00
7262,Jalen Morton,jalenmorton,IND,QB,True,Active,,,,,1628264742884,Active,False,Sleeper,2026-09-03T14:35:58+00:00
12642,Jalen Travis,jalentravis,IND,OT,True,Active,,,,OL,1781619623655,Active,False,Sleeper,2026-09-03T14:35:58+00:00
11777,Jaylon Carlies,jayloncarlies,IND,DB,True,Active,,,,LOLB,1765052137401,Active,False,Sleeper,2026-09-03T14:35:58+00:00
11052,Jaylon Jones,jaylonjones,IND,DB,True,Active,,,,LCB,1762017954687,Active,False,Sleeper,2026-09-03T14:35:58+00:00
6129,Jerry Tillery,jerrytillery,IND,DT,True,Active,,,,LDT,1773812139562,Active,False,Sleeper,2026-09-03T14:35:58+00:00
13107,Johnathan Edwards,johnathanedwards,IND,DB,True,Active,,,,NB,1757352951690,Active,False,Sleeper,2026-09-03T14:35:58+00:00
5520,Jonathan Owens,jonathanowens,IND,DB,True,Active,,,,FS,1773432010544,Active,False,Sleeper,2026-09-03T14:35:58+00:00
6813,Jonathan Taylor,jonathantaylor,IND,RB,True,Active,,,,RB,1788381032885,Active,False,Sleeper,2026-09-03T14:35:58+00:00
9500,Josh Downs,joshdowns,IND,WR,True,Active,Questionable,,,SWR,1788297321715,Questionable,False,Sleeper,2026-09-03T14:35:58+00:00
8713,Josh Sills,joshsills,IND,OL,True,Active,,,,,1756343725717,Active,False,Sleeper,2026-09-03T14:35:58+00:00
12625,Justin Walley,justinwalley,IND,CB,True,Active,,,,NB,1780432551040,Active,False,Sleeper,2026-09-03T14:35:58+00:00
13823,Kapena Gushiken,kapenagushiken,IND,DB,True,Active,,,,LCB,,Active,False,Sleeper,2026-09-03T14:35:58+00:00
1479,Keenan Allen,keenanallen,IND,WR,True,Active,,,,RWR,1788292523043,Active,False,Sleeper,2026-09-03T14:35:58+00:00
13965,Kenneth Harris,kennethharris,IND,CB,True,Active,,,,,1787936729022,Active,False,Sleeper,2026-09-03T14:35:58+00:00
11669,Laiatu Latu,laiatulatu,IND,DL,True,Active,,,,RDE,1767717912405,Active,False,Sleeper,2026-09-03T14:35:58+00:00
3155,Laquon Treadwell,laquontreadwell,IND,WR,True,Active,,,,RWR,1786746944740,Active,False,Sleeper,2026-09-03T14:35:58+00:00
3598,Luke Rhodes,lukerhodes,IND,LS,True,Active,,,,LS,1641395407797,Active,False,Sleeper,2026-09-03T14:35:58+00:00
8485,Luke Tenuta,luketenuta,IND,OL,True,Active,,,,,1722994515216,Active,False,Sleeper,2026-09-03T14:35:58+00:00
11709,Matt Goncalves,mattgoncalves,IND,OL,True,Active,,,,OL,1781619623360,Active,False,Sleeper,2026-09-03T14:35:58+00:00
8316,Micheal Clemons,michealclemons,IND,DL,True,Active,,,,RDE,1773253248838,Active,False,Sleeper,2026-09-03T14:35:58+00:00
13788,Mitchell Melton,mitchellmelton,IND,DE,True,Active,,,,,,Active,False,Sleeper,2026-09-03T14:35:58+00:00
4054,Mo Alie-Cox,moaliecox,IND,TE,True,Active,,,,TE,1780438849460,Active,False,Sleeper,2026-09-03T14:35:58+00:00
7496,Nick Westbrook-Ikhine,nickwestbrookikhine,IND,WR,True,Active,,,,,1788207316325,Active,False,Sleeper,2026-09-03T14:35:58+00:00
13945,Nolan Rucci,nolanrucci,IND,OT,True,Active,,,,,,Active,False,Sleeper,2026-09-03T14:35:58+00:00
4443,Pharaoh Brown,pharaohbrown,IND,TE,True,Active,,,,,1788312924739,Active,False,Sleeper,2026-09-03T14:35:58+00:00
4970,Quenton Nelson,quentonnelson,IND,OL,True,Active,,,,OL,1781619622315,Active,False,Sleeper,2026-09-03T14:35:58+00:00
13039,Reid Holskey,reidholskey,IND,OL,True,Active,,,,,,Active,False,Sleeper,2026-09-03T14:35:58+00:00
4331,Rigoberto Sanchez,rigobertosanchez,IND,P,True,Active,,,,P,1787877655194,Active,False,Sleeper,2026-09-03T14:35:58+00:00
12470,Riley Leonard,rileyleonard,IND,QB,True,Active,,,,QB,1788041450096,Active,False,Sleeper,2026-09-03T14:35:58+00:00
13265,Rob Carter,robcarter,IND,CB,True,Active,,,,,,Active,False,Sleeper,2026-09-03T14:35:58+00:00
6893,Robert Windsor,robertwindsor,IND,DT,True,Active,,,,,1649302255957,Active,False,Sleeper,2026-09-03T14:35:58+00:00
3808,Rolan Milligan,rolanmilligan,IND,DB,True,Active,,,,,1628264442665,Active,False,Sleeper,2026-09-03T14:35:58+00:00
8412,Roy Mbaeteka,roymbaeteka,IND,OL,True,Active,,,,,1714422920411,Active,False,Sleeper,2026-09-03T14:35:58+00:00
8290,Sauce Gardner,saucegardner,IND,DB,True,Active,Questionable,,,RCB,1785863719725,Questionable,False,Sleeper,2026-09-03T14:35:58+00:00
6964,Sean McKeon,seanmckeon,IND,TE,True,Inactive,Questionable,,,,1786833305449,Questionable,False,Sleeper,2026-09-03T14:35:58+00:00
11758,Sedrick Van Pran-Granger,sedrickvanprangranger,IND,OL,True,Active,,,,OL,1788129358744,Active,False,Sleeper,2026-09-03T14:35:58+00:00
13424,Seth McGowan,sethmcgowan,IND,RB,True,Active,,,,RB,1788053150370,Active,False,Sleeper,2026-09-03T14:35:58+00:00
12185,Spencer Shrader,spencershrader,IND,K,True,Active,,,,K,1788124257618,Active,False,Sleeper,2026-09-03T14:35:58+00:00
13787,Tahj Chambers,tahjchambers,IND,LB,True,Active,,,,ROLB,,Active,False,Sleeper,2026-09-03T14:35:58+00:00
11735,Tanor Bortolini,tanorbortolini,IND,OL,True,Active,,,,OL,1781619623408,Active,False,Sleeper,2026-09-03T14:35:58+00:00
12691,Tim Smith,timsmith,IND,DL,True,Active,,,,LDT,1745703634555,Active,False,Sleeper,2026-09-03T14:35:58+00:00
12836,Trey Washington,treywashington,IND,DB,True,Active,,,,,1762021855268,Active,False,Sleeper,2026-09-03T14:35:58+00:00
12518,Tyler Warren,tylerwarren,IND,TE,True,Active,Questionable,,,TE,1788297321748,Questionable,False,Sleeper,2026-09-03T14:35:58+00:00
13785,West Weeks,westweeks,IND,LB,True,Active,,,,,,Active,False,Sleeper,2026-09-03T14:35:58+00:00
10220,Will Mallory,willmallory,IND,TE,True,Active,IR,,,TE,1788196514145,Out,True,Sleeper,2026-09-03T14:35:58+00:00
13476,Albert Regis,albertregis,JAX,DT,True,Active,,,,LDT,1777088415966,Active,False,Sleeper,2026-09-03T14:35:58+00:00
2359,Ameer Abdullah,ameerabdullah,JAX,RB,True,Active,,,,RB,1787370630740,Active,False,Sleeper,2026-09-03T14:35:58+00:00
10876,Anton Harrison,antonharrison,JAX,OL,True,Active,,,,OL,1781619623232,Active,False,Sleeper,2026-09-03T14:35:58+00:00
10974,Antonio Johnson,antoniojohnson,JAX,DB,True,Active,,,,SS,1767906652387,Active,False,Sleeper,2026-09-03T14:35:58+00:00
2322,Arik Armstead,arikarmstead,JAX,DE,True,Active,,,,RDT,1783531540319,Active,False,Sleeper,2026-09-03T14:35:58+00:00
7746,Austin Trammell,austintrammell,JAX,WR,True,Active,,,,,1788313825010,Active,False,Sleeper,2026-09-03T14:35:58+00:00
12910,B.J. Green,bjgreen,JAX,DE,True,Active,,,,LDE,,Active,False,Sleeper,2026-09-03T14:35:58+00:00
12490,Bhayshul Tuten,bhayshultuten,JAX,RB,True,Active,Questionable,,,RB,1788399334998,Questionable,False,Sleeper,2026-09-03T14:35:58+00:00
1617,Bradley McDougald,bradleymcdougald,JAX,DB,True,Active,,,,,1632255651455,Active,False,Sleeper,2026-09-03T14:35:58+00:00
1988,Brandon Linder,brandonlinder,JAX,OL,True,Active,,,,,1648486214184,Active,False,Sleeper,2026-09-03T14:35:58+00:00
12917,Branson Combs,bransoncombs,JAX,LB,True,Active,,,,ROLB,1762044657667,Active,False,Sleeper,2026-09-03T14:35:58+00:00
9480,Brenton Strange,brentonstrange,JAX,TE,True,Active,,,,TE,1787593539462,Active,False,Sleeper,2026-09-03T14:35:58+00:00
11631,Brian Thomas,brianthomas,JAX,WR,True,Active,,,,LWR,1788383134639,Active,False,Sleeper,2026-09-03T14:35:58+00:00
13650,Bryan Thomas,bryanthomas,JAX,DE,True,Active,,,,,,Active,False,Sleeper,2026-09-03T14:35:58+00:00
13554,CJ Williams,cjwilliams,JAX,WR,True,Active,,,,LWR,1787410523046,Active,False,Sleeper,2026-09-03T14:35:58+00:00
12632,Caleb Ransaw,calebransaw,JAX,DB,True,Active,,,,SS,1786927818395,Active,False,Sleeper,2026-09-03T14:35:58+00:00
11786,Cam Little,camlittle,JAX,K,True,Active,,,,K,1787971541927,Active,False,Sleeper,2026-09-03T14:35:58+00:00
12912,Cam'Ron Silmon-Craig,camronsilmoncraig,JAX,DB,True,Active,,,,,,Active,False,Sleeper,2026-09-03T14:35:58+00:00
11851,Carter Bradley,carterbradley,JAX,QB,True,Inactive,IR,,,QB,1788219015532,Out,True,Sleeper,2026-09-03T14:35:58+00:00
10219,Chris Rodriguez,chrisrodriguez,JAX,RB,True,Active,,,,RB,1787761847400,Active,False,Sleeper,2026-09-03T14:35:58+00:00
11018,Christian Braswell,christianbraswell,JAX,DB,True,Active,,,,LCB,1785391818338,Active,False,Sleeper,2026-09-03T14:35:58+00:00
7785,Cole Van Lanen,colevanlanen,JAX,OL,True,Active,,,,OL,1787276454551,Active,False,Sleeper,2026-09-03T14:35:58+00:00
6972,DaVon Hamilton,davonhamilton,JAX,DT,True,Active,,,,LDT,1770503760679,Active,False,Sleeper,2026-09-03T14:35:58+00:00
8469,Daniel Faalele,danielfaalele,JAX,T,True,Active,,,,OL,1787183717410,Active,False,Sleeper,2026-09-03T14:35:58+00:00
12900,Danny Striggow,dannystriggow,JAX,DL,True,Active,,,,RDE,1785548736850,Active,False,Sleeper,2026-09-03T14:35:58+00:00
5158,Dennis Gardeck,dennisgardeck,JAX,LB,True,Active,,,,LOLB,1773074732104,Active,False,Sleeper,2026-09-03T14:35:58+00:00
8009,Dylan Moses,dylanmoses,JAX,LB,True,Active,,,,,1649715347779,Active,False,Sleeper,2026-09-03T14:35:58+00:00
13052,Eli Cox,elicox,JAX,C,True,Active,,,,,1753567860222,Active,False,Sleeper,2026-09-03T14:35:58+00:00
13475,Emmanuel Pregnon,emmanuelpregnon,JAX,G,True,Active,,,,OL,1781619623902,Active,False,Sleeper,2026-09-03T14:35:58+00:00
3268,Eric Murray,ericmurray,JAX,DB,True,Active,,,,FS,1770497759893,Active,False,Sleeper,2026-09-03T14:35:58+00:00
6922,Ezra Cleveland,ezracleveland,JAX,G,True,Active,,,,OL,1781619622630,Active,False,Sleeper,2026-09-03T14:35:58+00:00
5332,Foyesade Oluokun,foyesadeoluokun,JAX,LB,True,Active,,,,MLB,1782670820078,Active,False,Sleeper,2026-09-03T14:35:58+00:00
13659,Garrett DiGiorgio,garrettdigiorgio,JAX,G,True,Inactive,IR,,,OL,1786228832634,Out,True,Sleeper,2026-09-03T14:35:58+00:00
5027,Geron Christian,geronchristian,JAX,OL,True,Active,,,,,1762833932683,Active,False,Sleeper,2026-09-03T14:35:58+00:00
12389,Hayden Rucci,haydenrucci,JAX,TE,True,Active,,,,,1788363331569,Active,False,Sleeper,2026-09-03T14:35:58+00:00
13348,J'Mari Taylor,jmaritaylor,JAX,RB,True,Active,,,,,1788314725187,Active,False,Sleeper,2026-09-03T14:35:58+00:00
12916,Jabbar Muhammad,jabbarmuhammad,JAX,CB,True,Active,,,,,1756230309259,Active,False,Sleeper,2026-09-03T14:35:58+00:00
12653,Jack Kiser,jackkiser,JAX,LB,True,Active,,,,,1788223215509,Active,False,Sleeper,2026-09-03T14:35:58+00:00
JAX,Jacksonville Jaguars,jacksonvillejaguars,JAX,DEF,True,,,,,,,Active,False,Sleeper,2026-09-03T14:35:58+00:00
6179,Jahlani Tavai,jahlanitavai,JAX,LB,True,Active,,,,MLB,1786182029295,Active,False,Sleeper,2026-09-03T14:35:58+00:00
5947,Jakobi Meyers,jakobimeyers,JAX,WR,True,Active,Questionable,,,RWR,1788383134625,Questionable,False,Sleeper,2026-09-03T14:35:58+00:00
13474,Jalen Huskey,jalenhuskey,JAX,DB,True,Active,,,,FS,1777088416074,Active,False,Sleeper,2026-09-03T14:35:58+00:00
12708,Jalen McLeod,jalenmcleod,JAX,DE,True,Active,,,,,1785548736842,Active,False,Sleeper,2026-09-03T14:35:58+00:00
13146,Jared Bartlett,jaredbartlett,JAX,LB,True,Inactive,IR,,,LB,1786231815562,Out,True,Sleeper,2026-09-03T14:35:58+00:00
11725,Jarrian Jones,jarrianjones,JAX,DB,True,Active,,,,NB,1770501660201,Active,False,Sleeper,2026-09-03T14:35:58+00:00
13646,Jimto Obidegwu,jimtoobidegwu,JAX,OL,True,Active,,,,,,Active,False,Sleeper,2026-09-03T14:35:58+00:00
13428,Joey Aguilar,joeyaguilar,JAX,QB,True,Active,,,,,1788314124996,Active,False,Sleeper,2026-09-03T14:35:58+00:00
1443,Johnathan Cyprien,johnathancyprien,JAX,SS,True,Active,,,,,1608083152211,Active,False,Sleeper,2026-09-03T14:35:58+00:00
12744,Jonah Monheim,jonahmonheim,JAX,OL,True,Active,,,,OL,1745710827464,Active,False,Sleeper,2026-09-03T14:35:58+00:00
13394,Josh Cameron,joshcameron,JAX,WR,True,Active,,,,RWR,1787370031026,Active,False,Sleeper,2026-09-03T14:35:58+00:00
5840,Josh Hines-Allen,joshhinesallen,JAX,DE,True,Active,,,,RDE,1782598812995,Active,False,Sleeper,2026-09-03T14:35:58+00:00
4129,Jourdan Lewis,jourdanlewis,JAX,CB,True,Active,,,,NB,1785544836372,Active,False,Sleeper,2026-09-03T14:35:58+00:00
11429,Kaevon Merriweather,kaevonmerriweather,JAX,DB,True,Active,,,,,1788363331590,Active,False,Sleeper,2026-09-03T14:35:58+00:00
12911,Keivie Rose,keivierose,JAX,DL,True,Inactive,IR,,,DL,1788225616146,Out,True,Sleeper,2026-09-03T14:35:58+00:00
12544,LeQuint Allen,lequintallen,JAX,RB,True,Active,Questionable,,,RB,1788371431375,Questionable,False,Sleeper,2026-09-03T14:35:58+00:00
5314,Logan Cooke,logancooke,JAX,P,True,Active,,,,P,1659549927410,Active,False,Sleeper,2026-09-03T14:35:58+00:00
5615,Matt Dickerson,mattdickerson,JAX,DE,True,Active,,,,RDT,1771290027832,Active,False,Sleeper,2026-09-03T14:35:58+00:00
13645,Michael Wortham,michaelwortham,JAX,WR,True,Active,,,,,1788315025464,Active,False,Sleeper,2026-09-03T14:35:58+00:00
8305,Montaric Brown,montaricbrown,JAX,DB,True,Active,,,,LCB,1773073232191,Active,False,Sleeper,2026-09-03T14:35:58+00:00
13299,Nate Boerkircher,nateboerkircher,JAX,TE,True,Active,,,,TE,1787855751919,Active,False,Sleeper,2026-09-03T14:35:58+00:00
4464,Nick Mullens,nickmullens,JAX,QB,True,Active,,,,,1788313224930,Active,False,Sleeper,2026-09-03T14:35:58+00:00
13587,Parker Hughes,parkerhughes,JAX,LB,True,Inactive,IR,,,LB,1787014238254,Out,True,Sleeper,2026-09-03T14:35:58+00:00
9487,Parker Washington,parkerwashington,JAX,WR,True,Active,,,,SWR,1788303322529,Active,False,Sleeper,2026-09-03T14:35:58+00:00
6306,Patrick Mekari,patrickmekari,JAX,OL,True,Active,IR,,,OL,1788218714547,Out,True,Sleeper,2026-09-03T14:35:58+00:00
12500,Quinn Ewers,quinnewers,JAX,QB,True,Active,,,,QB,1788050150165,Active,False,Sleeper,2026-09-03T14:35:58+00:00
7536,Quintin Morris,quintinmorris,JAX,TE,True,Active,,,,TE,1780442450154,Active,False,Sleeper,2026-09-03T14:35:58+00:00
12702,Rayuan Lane,rayuanlane,JAX,DB,True,Active,,,,FS,1745705730612,Active,False,Sleeper,2026-09-03T14:35:58+00:00
7689,Robert Hainsey,roberthainsey,JAX,OL,True,Active,,,,OL,1781619622812,Active,False,Sleeper,2026-09-03T14:35:58+00:00
7295,Ross Matiscik,rossmatiscik,JAX,LS,True,Active,,,,LS,1781818224776,Active,False,Sleeper,2026-09-03T14:35:58+00:00
11695,Ruke Orhorhoro,rukeorhorhoro,JAX,DT,True,Active,,,,RDT,1776461129011,Active,False,Sleeper,2026-09-03T14:35:58+00:00
6094,Sam Mustipher,sammustipher,JAX,OL,True,Inactive,IR,,,OL,1788219015516,Out,True,Sleeper,2026-09-03T14:35:58+00:00
13660,T.J. Bollers,tjbollers,JAX,DL,True,Active,,,,,,Active,False,Sleeper,2026-09-03T14:35:58+00:00
13408,Tanner Koziol,tannerkoziol,JAX,TE,True,Active,,,,TE,1787424025037,Active,False,Sleeper,2026-09-03T14:35:58+00:00
8013,Tim Jones,timjones,JAX,WR,True,Active,,,,,1788313524687,Active,False,Sleeper,2026-09-03T14:35:58+00:00
12530,Travis Hunter,travishunter,JAX,WR,True,Active,,,,SWR,1788318324144,Active,False,Sleeper,2026-09-03T14:35:58+00:00
8265,Travon Walker,travonwalker,JAX,LB,True,Active,,,,LDE,1775340606584,Active,False,Sleeper,2026-09-03T14:35:58+00:00
13356,Trebor Pena,treborpena,JAX,WR,True,Active,,,,,1788314425106,Active,False,Sleeper,2026-09-03T14:35:58+00:00
7523,Trevor Lawrence,trevorlawrence,JAX,QB,True,Active,,,,QB,1788102655311,Active,False,Sleeper,2026-09-03T14:35:58+00:00
10947,Ventrell Miller,ventrellmiller,JAX,LB,True,Active,,,,ROLB,1782976827884,Active,False,Sleeper,2026-09-03T14:35:58+00:00
7657,Walker Little,walkerlittle,JAX,T,True,Active,,,,OL,1781619622686,Active,False,Sleeper,2026-09-03T14:35:58+00:00
13493,Wesley Williams,wesleywilliams,JAX,DE,True,Active,,,,RDE,1777140921705,Active,False,Sleeper,2026-09-03T14:35:58+00:00
12633,Wyatt Milum,wyattmilum,JAX,OL,True,Active,Questionable,,,OL,1787097950301,Questionable,False,Sleeper,2026-09-03T14:35:58+00:00
13588,Zach Durfee,zachdurfee,JAX,DE,True,Active,IR,,,LDE,1788131759423,Out,True,Sleeper,2026-09-03T14:35:58+00:00
7069,Alohi Gilman,alohigilman,KC,DB,True,Active,Questionable,,,FS,1787443227254,Questionable,False,Sleeper,2026-09-03T14:35:58+00:00
12863,Andrew Armstrong,andrewarmstrong,KC,WR,True,Active,,,,,1788314124994,Active,False,Sleeper,2026-09-03T14:35:58+00:00
2062,Anthony Hitchens,anthonyhitchens,KC,LB,True,Active,,,,,1645569307021,Active,False,Sleeper,2026-09-03T14:35:58+00:00
12623,Ashton Gillotte,ashtongillotte,KC,DE,True,Active,Questionable,,,RDE,1787277055138,Questionable,False,Sleeper,2026-09-03T14:35:58+00:00
11273,Ben VanSumeren,benvansumeren,KC,LB,True,Active,,,,,1788314425106,Active,False,Sleeper,2026-09-03T14:35:58+00:00
12455,Brashard Smith,brashardsmith,KC,RB,True,Active,,,,RB,1787992243840,Active,False,Sleeper,2026-09-03T14:35:58+00:00
13664,Bryson Eason,brysoneason,KC,DL,True,Active,,,,RDT,1777377625164,Active,False,Sleeper,2026-09-03T14:35:58+00:00
11823,C.J. Hanson,cjhanson,KC,OG,True,Inactive,IR,,,OL,1788225616132,Out,True,Sleeper,2026-09-03T14:35:58+00:00
11315,Cam Jones,camjones,KC,LB,True,Active,,,,,1785075610378,Active,False,Sleeper,2026-09-03T14:35:58+00:00
10949,Chamarri Conner,chamarriconner,KC,DB,True,Active,,,,SS,1783484436247,Active,False,Sleeper,2026-09-03T14:35:58+00:00
3558,Chris Jones,chrisjones,KC,DT,True,Active,Questionable,,,LDT,1788405335858,Questionable,False,Sleeper,2026-09-03T14:35:58+00:00
8413,Chris Oladokun,chrisoladokun,KC,QB,True,Inactive,IR,,,QB,1788219615997,Out,True,Sleeper,2026-09-03T14:35:58+00:00
12183,Chris Roland-Wallace,chrisrolandwallace,KC,CB,True,Active,,,,NB,1786925118136,Active,False,Sleeper,2026-09-03T14:35:58+00:00
13900,Cole Brevard,colebrevard,KC,DT,True,Active,,,,,,Active,False,Sleeper,2026-09-03T14:35:58+00:00
7329,Cole Christiansen,colechristiansen,KC,LB,True,Active,,,,,1715694054984,Active,False,Sleeper,2026-09-03T14:35:58+00:00
13174,Cooper McDonald,coopermcdonald,KC,LB,True,Active,,,,ROLB,,Active,False,Sleeper,2026-09-03T14:35:58+00:00
7644,Creed Humphrey,creedhumphrey,KC,OL,True,Active,,,,OL,1781619622781,Active,False,Sleeper,2026-09-03T14:35:58+00:00
13413,Cyrus Allen,cyrusallen,KC,WR,True,Active,,,,SWR,1788360629767,Active,False,Sleeper,2026-09-03T14:35:58+00:00
13903,D'Arco Perkins-McAllister,darcoperkinsmcallister,KC,CB,True,Active,,,,,,Active,False,Sleeper,2026-09-03T14:35:58+00:00
13794,DeShon Singleton,deshonsingleton,KC,DB,True,Active,,,,,,Active,False,Sleeper,2026-09-03T14:35:58+00:00
13730,Diego Pounds,diegopounds,KC,OT,True,Active,,,,OL,1788064253159,Active,False,Sleeper,2026-09-03T14:35:58+00:00
5737,Drew Scott,drewscott,KC,LS,True,Active,,,,,1627332033021,Active,False,Sleeper,2026-09-03T14:35:58+00:00
6141,Drue Tranquill,druetranquill,KC,LB,True,Active,Questionable,,,LOLB,1786436137479,Questionable,False,Sleeper,2026-09-03T14:35:58+00:00
13778,EJ Smith,ejsmith,KC,RB,True,Inactive,IR,,,RB,1788219915617,Out,True,Sleeper,2026-09-03T14:35:58+00:00
4263,Elijah McGuire,elijahmcguire,KC,RB,True,Active,,,,,1642633817596,Active,False,Sleeper,2026-09-03T14:35:58+00:00
3197,Emmanuel Ogbah,emmanuelogbah,KC,DE,True,Active,,,,,1788120957447,Active,False,Sleeper,2026-09-03T14:35:58+00:00
13337,Emmett Johnson,emmettjohnson,KC,RB,True,Active,,,,RB,1788402635507,Active,False,Sleeper,2026-09-03T14:35:58+00:00
12902,Ethan Downs,ethandowns,KC,DE,True,Inactive,IR,,,LB,1785297906579,Out,True,Sleeper,2026-09-03T14:35:58+00:00
12162,Ethan Driskell,ethandriskell,KC,OL,True,Active,,,,,1756346125517,Active,False,Sleeper,2026-09-03T14:35:58+00:00
10872,Felix Anudike-Uzomah,felixanudikeuzomah,KC,DE,True,Active,,,,RDE,1785545736545,Active,False,Sleeper,2026-09-03T14:35:58+00:00
13404,Garrett Nussmeier,garrettnussmeier,KC,QB,True,Active,,,,QB,1787976642934,Active,False,Sleeper,2026-09-03T14:35:58+00:00
8385,George Karlaftis,georgekarlaftis,KC,DL,True,Active,,,,LDE,1780532460465,Active,False,Sleeper,2026-09-03T14:35:58+00:00
4227,Harrison Butker,harrisonbutker,KC,K,True,Active,,,,K,1784822422465,Active,False,Sleeper,2026-09-03T14:35:58+00:00
11756,Hunter Nourzad,hunternourzad,KC,OL,True,Active,,,,OL,1714250438767,Active,False,Sleeper,2026-09-03T14:35:58+00:00
8710,Jack Cochrane,jackcochrane,KC,LB,True,Active,,,,ROLB,1774029038113,Active,False,Sleeper,2026-09-03T14:35:58+00:00
13678,Jack Pyburn,jackpyburn,KC,DE,True,Active,,,,LDE,1788215713633,Active,False,Sleeper,2026-09-03T14:35:58+00:00
11728,Jaden Hicks,jadenhicks,KC,DB,True,Active,,,,SS,1770504960478,Active,False,Sleeper,2026-09-03T14:35:58+00:00
13500,Jadon Canady,jadoncanady,KC,CB,True,Active,,,,NB,1777140921653,Active,False,Sleeper,2026-09-03T14:35:58+00:00
12817,Jake Briningstool,jakebriningstool,KC,TE,True,Active,,,,TE,1785443423180,Active,False,Sleeper,2026-09-03T14:35:58+00:00
12505,Jalen Royals,jalenroyals,KC,WR,True,Active,,,,LWR,1787496631257,Active,False,Sleeper,2026-09-03T14:35:58+00:00
1785,James Winchester,jameswinchester,KC,LS,True,Active,,,,LS,1772917218778,Active,False,Sleeper,2026-09-03T14:35:58+00:00
11595,Jared Wiley,jaredwiley,KC,TE,True,Active,,,,TE,1781220047811,Active,False,Sleeper,2026-09-03T14:35:58+00:00
13419,Jaydn Ott,jaydnott,KC,RB,True,Active,,,,,1788315025468,Active,False,Sleeper,2026-09-03T14:35:58+00:00
7834,Jaylon Moore,jaylonmoore,KC,OL,True,Active,,,,OL,1781619622830,Active,False,Sleeper,2026-09-03T14:35:58+00:00
13392,Jeff Caldwell,jeffcaldwell,KC,WR,True,Inactive,IR,,,,1787699741662,Out,True,Sleeper,2026-09-03T14:35:58+00:00
12672,Jeffrey Bassa,jeffreybassa,KC,LB,True,Active,,,,MLB,1786924818027,Active,False,Sleeper,2026-09-03T14:35:58+00:00
13173,Jimmy Holiday,jimmyholiday,KC,WR,True,Inactive,IR,,,,1788198314766,Out,True,Sleeper,2026-09-03T14:35:58+00:00
6677,Joe Forson,joeforson,KC,WR,False,Practice Squad,NA,,,SWR,,Inactive,True,Sleeper,2026-09-03T14:35:58+00:00
13342,John Michael Gyllenborg,johnmichaelgyllenborg,KC,TE,True,Inactive,IR,,,TE,1785276001616,Out,True,Sleeper,2026-09-03T14:35:58+00:00
12553,Josh Simmons,joshsimmons,KC,OL,True,Active,Questionable,,,OL,1788395435417,Questionable,False,Sleeper,2026-09-03T14:35:58+00:00
8455,Joshua Ezeudu,joshuaezeudu,KC,OL,True,Active,,,,OL,1787706642345,Active,False,Sleeper,2026-09-03T14:35:58+00:00
7591,Justin Fields,justinfields,KC,QB,True,Active,,,,QB,1787457628557,Active,False,Sleeper,2026-09-03T14:35:58+00:00
7732,Justin Hilliard,justinhilliard,KC,LB,True,Active,,,,,1663715123830,Active,False,Sleeper,2026-09-03T14:35:58+00:00
8857,Kader Kohou,kaderkohou,KC,CB,True,Active,,,,,1788314425122,Active,False,Sleeper,2026-09-03T14:35:58+00:00
13918,Kahlil Benson,kahlilbenson,KC,T,True,Active,,,,OL,,Active,False,Sleeper,2026-09-03T14:35:58+00:00
KC,Kansas City Chiefs,kansascitychiefs,KC,DEF,True,,,,,,,Active,False,Sleeper,2026-09-03T14:35:58+00:00
8151,Kenneth Walker,kennethwalker,KC,RB,True,Active,,,,RB,1788370530954,Active,False,Sleeper,2026-09-03T14:35:58+00:00
7756,Khyiris Tonga,khyiristonga,KC,DT,True,Active,,,,RDT,1773082232853,Active,False,Sleeper,2026-09-03T14:35:58+00:00
11681,Kingsley Suamataia,kingsleysuamataia,KC,OL,True,Active,,,,OL,1781619623332,Active,False,Sleeper,2026-09-03T14:35:58+00:00
6829,Kristian Fulton,kristianfulton,KC,CB,True,Active,,,,LCB,1785996345952,Active,False,Sleeper,2026-09-03T14:35:58+00:00
7117,L'Jarius Sneed,ljariussneed,KC,CB,True,Active,Questionable,,,LCB,1786436137463,Questionable,False,Sleeper,2026-09-03T14:35:58+00:00
13385,Mansoor Delane,mansoordelane,KC,DB,True,Active,,,,RCB,1787012438868,Active,False,Sleeper,2026-09-03T14:35:58+00:00
11828,Marcus Harris,marcusharris,KC,DL,True,Active,,,,,1765992052649,Active,False,Sleeper,2026-09-03T14:35:58+00:00
8486,Matt Araiza,mattaraiza,KC,P,True,Active,,,,P,1776701131776,Active,False,Sleeper,2026-09-03T14:35:58+00:00
8477,Matt Waletzko,mattwaletzko,KC,OL,True,Inactive,IR,,,OL,1787358929908,Out,True,Sleeper,2026-09-03T14:35:58+00:00
8709,Mike Caliendo,mikecaliendo,KC,G,True,Active,,,,OL,1773545422655,Active,False,Sleeper,2026-09-03T14:35:58+00:00
12897,Nathan Carter,nathancarter,KC,RB,True,Active,,,,,1788313825009,Active,False,Sleeper,2026-09-03T14:35:58+00:00
7648,Nick Bolton,nickbolton,KC,LB,True,Active,,,,MLB,1782699622928,Active,False,Sleeper,2026-09-03T14:35:58+00:00
11320,Nikko Remigio,nikkoremigio,KC,WR,True,Active,,,,SWR,1782253224042,Active,False,Sleeper,2026-09-03T14:35:58+00:00
7828,Noah Gray,noahgray,KC,TE,True,Active,,,,TE,1787979042986,Active,False,Sleeper,2026-09-03T14:35:58+00:00
12622,Nohl Williams,nohlwilliams,KC,CB,True,Active,,,,FS,1770504060395,Active,False,Sleeper,2026-09-03T14:35:58+00:00
13905,Omari Evans,omarievans,KC,WR,True,Active,,,,,1788314725183,Active,False,Sleeper,2026-09-03T14:35:58+00:00
12615,Omarr Norman-Lott,omarrnormanlott,KC,DT,True,Active,PUP,,,RDT,1788198614416,Out,True,Sleeper,2026-09-03T14:35:58+00:00
4046,Patrick Mahomes,patrickmahomes,KC,QB,True,Active,Questionable,,,QB,1788027047609,Questionable,False,Sleeper,2026-09-03T14:35:58+00:00
13789,Pete Nygra,petenygra,KC,OL,True,Active,,,,,,Active,False,Sleeper,2026-09-03T14:35:58+00:00
13390,Peter Woods,peterwoods,KC,DL,True,Active,,,,LDT,1780983337333,Active,False,Sleeper,2026-09-03T14:35:58+00:00
13372,R Mason Thomas,rmasonthomas,KC,DL,True,Active,,,,LDE,1777074616633,Active,False,Sleeper,2026-09-03T14:35:58+00:00
10229,Rashee Rice,rasheerice,KC,WR,True,Active,,,,SWR,1788046851046,Active,False,Sleeper,2026-09-03T14:35:58+00:00
11353,Tanner McCalister,tannermccalister,KC,DB,True,Active,,,,,1756106753298,Active,False,Sleeper,2026-09-03T14:35:58+00:00
1466,Travis Kelce,traviskelce,KC,TE,True,Active,,,,TE,1788442540618,Active,False,Sleeper,2026-09-03T14:35:58+00:00
7777,Trey Smith,treysmith,KC,OL,True,Active,Questionable,,,OL,1786985734543,Questionable,False,Sleeper,2026-09-03T14:35:58+00:00
8188,Tyquan Thornton,tyquanthornton,KC,WR,True,Active,,,,LWR,1787978743145,Active,False,Sleeper,2026-09-03T14:35:58+00:00
8336,Tyreke Smith,tyrekesmith,KC,DL,True,Active,,,,,1788223215495,Active,False,Sleeper,2026-09-03T14:35:58+00:00
13793,Xavier Nwankpa,xaviernwankpa,KC,DB,True,Active,,,,,,Active,False,Sleeper,2026-09-03T14:35:58+00:00
11624,Xavier Worthy,xavierworthy,KC,WR,True,Active,,,,RWR,1787974542477,Active,False,Sleeper,2026-09-03T14:35:58+00:00
13341,Akheem Mesidor,akheemmesidor,LAC,DL,True,Active,,,,ROLB,1780619739279,Active,False,Sleeper,2026-09-03T14:35:58+00:00
6109,Alec Ingold,alecingold,LAC,FB,True,Active,,,,RB,1781216403514,Active,False,Sleeper,2026-09-03T14:35:58+00:00
13534,Alex Harkey,alexharkey,LAC,OT,True,Active,,,,OL,1777153225269,Active,False,Sleeper,2026-09-03T14:35:58+00:00
12928,Amar Johnson,amarjohnson,LAC,RB,True,Active,,,,,1752949810943,Active,False,Sleeper,2026-09-03T14:35:58+00:00
11084,Andre Carter,andrecarter,LAC,LB,True,Active,,,,,1786437037451,Active,False,Sleeper,2026-09-03T14:35:58+00:00
12703,Branson Taylor,bransontaylor,LAC,OL,True,Inactive,IR,,,OL,1788130259345,Out,True,Sleeper,2026-09-03T14:35:58+00:00
13380,Brenen Thompson,brenenthompson,LAC,WR,True,Active,Questionable,,,RWR,1787511032781,Questionable,False,Sleeper,2026-09-03T14:35:58+00:00
596,Bryan Bulaga,bryanbulaga,LAC,T,True,Inactive,,,,,1700186712758,Active,False,Sleeper,2026-09-03T14:35:58+00:00
2327,Bud Dupree,buddupree,LAC,LB,True,Active,,,,LOLB,1781667929905,Active,False,Sleeper,2026-09-03T14:35:58+00:00
11749,Cam Hart,camhart,LAC,CB,True,Active,,,,RCB,1770948016431,Active,False,Sleeper,2026-09-03T14:35:58+00:00
8259,Cameron Dicker,camerondicker,LAC,K,True,Active,Questionable,,,K,1787936127141,Questionable,False,Sleeper,2026-09-03T14:35:58+00:00
2126,Caraun Reid,caraunreid,LAC,DT,True,Active,,,,,1607218822645,Active,False,Sleeper,2026-09-03T14:35:58+00:00
8127,Charlie Kolar,charliekolar,LAC,TE,True,Active,,,,TE,1788380432388,Active,False,Sleeper,2026-09-03T14:35:58+00:00
2517,Christian Covington,christiancovington,LAC,DT,True,Active,,,,,1693089614484,Active,False,Sleeper,2026-09-03T14:35:58+00:00
8448,Cole Strange,colestrange,LAC,OL,True,Active,,,,OL,1781623223795,Active,False,Sleeper,2026-09-03T14:35:58+00:00
12773,DJ Uiagalelei,djuiagalelei,LAC,QB,True,Active,,,,,1788315925253,Active,False,Sleeper,2026-09-03T14:35:58+00:00
10914,Daiyan Henley,daiyanhenley,LAC,LB,True,Active,,,,RILB,1783909217681,Active,False,Sleeper,2026-09-03T14:35:58+00:00
13202,Dalevon Campbell,dalevoncampbell,LAC,WR,True,Inactive,IR,,,,1788229816652,Out,True,Sleeper,2026-09-03T14:35:58+00:00
4092,Dalvin Tomlinson,dalvintomlinson,LAC,DT,True,Active,,,,NT,1773436212025,Active,False,Sleeper,2026-09-03T14:35:58+00:00
4033,David Njoku,davidnjoku,LAC,TE,True,Active,,,,TE,1787959840224,Active,False,Sleeper,2026-09-03T14:35:58+00:00
8519,Deane Leonard,deaneleonard,LAC,DB,True,Active,,,,RCB,1773165040794,Active,False,Sleeper,2026-09-03T14:35:58+00:00
6348,Del'Shawn Phillips,delshawnphillips,LAC,LB,True,Active,,,,RILB,1773247248226,Active,False,Sleeper,2026-09-03T14:35:58+00:00
2353,Denzel Perryman,denzelperryman,LAC,LB,True,Inactive,IR,,,LILB,1788318626029,Out,True,Sleeper,2026-09-03T14:35:58+00:00
10234,Derius Davis,deriusdavis,LAC,WR,True,Active,,,,SWR,1782253224110,Active,False,Sleeper,2026-09-03T14:35:58+00:00
4971,Derwin James,derwinjames,LAC,DB,True,Active,,,,NB,1783923618611,Active,False,Sleeper,2026-09-03T14:35:58+00:00
13632,Devonte Ross,devonteross,LAC,WR,True,Active,,,,,1788395135013,Active,False,Sleeper,2026-09-03T14:35:58+00:00
5051,Donte Jackson,dontejackson,LAC,CB,True,Active,,,,LCB,1771022404475,Active,False,Sleeper,2026-09-03T14:35:58+00:00
7682,Elijah Molden,elijahmolden,LAC,CB,True,Active,,,,FS,1770947116366,Active,False,Sleeper,2026-09-03T14:35:58+00:00
13630,Evan Svoboda,evansvoboda,LAC,TE,True,Active,,,,,1788317425382,Active,False,Sleeper,2026-09-03T14:35:58+00:00
6045,Gary Jennings,garyjennings,LAC,WR,True,Active,,,,,1788316825515,Active,False,Sleeper,2026-09-03T14:35:58+00:00
13399,Genesis Smith,genesissmith,LAC,DB,True,Active,,,,SS,1777139133041,Active,False,Sleeper,2026-09-03T14:35:58+00:00
13603,Gregory Desrosiers,gregorydesrosiers,LAC,RB,True,Active,,,,,1788316225422,Active,False,Sleeper,2026-09-03T14:35:58+00:00
13590,Isaiah World,isaiahworld,LAC,OT,True,Active,PUP,,,OL,1788219015501,Out,True,Sleeper,2026-09-03T14:35:58+00:00
13131,Isas Waxter,isaswaxter,LAC,DB,True,Active,,,,,1759274154207,Active,False,Sleeper,2026-09-03T14:35:58+00:00
5087,JK Scott,jkscott,LAC,P,True,Active,,,,P,1679088914663,Active,False,Sleeper,2026-09-03T14:35:58+00:00
13636,Jacob Spomer,jacobspomer,LAC,C,True,Active,,,,OL,,Active,False,Sleeper,2026-09-03T14:35:58+00:00
13606,Jahmeer Carter,jahmeercarter,LAC,DL,True,Active,,,,,,Active,False,Sleeper,2026-09-03T14:35:58+00:00
13451,Jake Slaughter,jakeslaughter,LAC,C,True,Active,,,,OL,1787511932856,Active,False,Sleeper,2026-09-03T14:35:58+00:00
12620,Jamaree Caldwell,jamareecaldwell,LAC,DT,True,Active,,,,LDE,1770962424444,Active,False,Sleeper,2026-09-03T14:35:58+00:00
11673,Joe Alt,joealt,LAC,OL,True,Active,,,,OL,1785282302273,Active,False,Sleeper,2026-09-03T14:35:58+00:00
11736,Jordan Jefferson,jordanjefferson,LAC,DT,True,Active,,,,,1724114120085,Active,False,Sleeper,2026-09-03T14:35:58+00:00
1238,Josh Harris,joshharris,LAC,LS,True,Active,,,,LS,1773261049742,Active,False,Sleeper,2026-09-03T14:35:58+00:00
12814,Josh Kaltenberger,joshkaltenberger,LAC,OL,True,Inactive,,,,,,Active,False,Sleeper,2026-09-03T14:35:58+00:00
11701,Junior Colson,juniorcolson,LAC,LB,True,Active,,,,,1788124859405,Active,False,Sleeper,2026-09-03T14:35:58+00:00
11743,Justin Eboigbe,justineboigbe,LAC,DL,True,Active,,,,LDE,1768504805334,Active,False,Sleeper,2026-09-03T14:35:58+00:00
6797,Justin Herbert,justinherbert,LAC,QB,True,Active,,,,QB,1787925325728,Active,False,Sleeper,2026-09-03T14:35:58+00:00
6866,KJ Hill,kjhill,LAC,WR,True,Active,,,,,1635006055579,Active,False,Sleeper,2026-09-03T14:35:58+00:00
8296,Kaiir Elam,kaiirelam,LAC,DB,True,Active,,,,,1788110157676,Active,False,Sleeper,2026-09-03T14:35:58+00:00
7947,Kayode Awosika,kayodeawosika,LAC,OL,True,Active,,,,OL,1774467329698,Active,False,Sleeper,2026-09-03T14:35:58+00:00
12670,KeAndre Lambert-Smith,keandrelambertsmith,LAC,WR,True,Active,,,,LWR,1787961340373,Active,False,Sleeper,2026-09-03T14:35:58+00:00
9511,Keaton Mitchell,keatonmitchell,LAC,RB,True,Active,Questionable,,,RB,1788216311742,Questionable,False,Sleeper,2026-09-03T14:35:58+00:00
11022,Kendall Williamson,kendallwilliamson,LAC,DB,True,Active,,,,FS,1785991244238,Active,False,Sleeper,2026-09-03T14:35:58+00:00
2036,Khalil Mack,khalilmack,LAC,LB,True,Active,,,,ROLB,1772976623049,Active,False,Sleeper,2026-09-03T14:35:58+00:00
11647,Kimani Vidal,kimanividal,LAC,RB,True,Active,,,,RB,1788035448437,Active,False,Sleeper,2026-09-03T14:35:58+00:00
12643,Kyle Kennard,kylekennard,LAC,DE,True,Inactive,IR,,,LB,1788231617301,Out,True,Sleeper,2026-09-03T14:35:58+00:00
11635,Ladd McConkey,laddmcconkey,LAC,WR,True,Active,,,,SWR,1788183610471,Active,False,Sleeper,2026-09-03T14:35:58+00:00
12252,Laekin Vakalahi,laekinvakalahi,LAC,T,True,Active,,,,,1778783135650,Active,False,Sleeper,2026-09-03T14:35:58+00:00
13607,Lander Barton,landerbarton,LAC,LB,True,Active,,,,,1777464032963,Active,False,Sleeper,2026-09-03T14:35:58+00:00
13535,Logan Taylor,logantaylor,LAC,G,True,Active,,,,OL,1777153225238,Active,False,Sleeper,2026-09-03T14:35:58+00:00
LAC,Los Angeles Chargers,losangeleschargers,LAC,DEF,True,,,,,,,Active,False,Sleeper,2026-09-03T14:35:58+00:00
12835,Marlowe Wax,marlowewax,LAC,LB,True,Active,,,,LILB,,Active,False,Sleeper,2026-09-03T14:35:58+00:00
13589,Nadame Tucker,nadametucker,LAC,DE,True,Active,,,,,,Active,False,Sleeper,2026-09-03T14:35:58+00:00
13527,Nick Barrett,nickbarrett,LAC,DT,True,Active,,,,NT,1777148122938,Active,False,Sleeper,2026-09-03T14:35:58+00:00
12838,Nikko Reed,nikkoreed,LAC,DB,True,Active,,,,,1786755652959,Active,False,Sleeper,2026-09-03T14:35:58+00:00
12507,Omarion Hampton,omarionhampton,LAC,RB,True,Active,,,,RB,1788032749140,Active,False,Sleeper,2026-09-03T14:35:58+00:00
12493,Oronde Gadsden,orondegadsden,LAC,TE,True,Active,,,,TE,1788316223952,Active,False,Sleeper,2026-09-03T14:35:58+00:00
12901,Patrick Herbert,patrickherbert,LAC,TE,True,Active,,,,,1788317725486,Active,False,Sleeper,2026-09-03T14:35:58+00:00
9754,Quentin Johnston,quentinjohnston,LAC,WR,True,Active,,,,LWR,1787924760376,Active,False,Sleeper,2026-09-03T14:35:58+00:00
12694,RJ Mickens,rjmickens,LAC,DB,True,Active,,,,SS,1771021504442,Active,False,Sleeper,2026-09-03T14:35:58+00:00
7639,Rashawn Slater,rashawnslater,LAC,T,True,Active,Questionable,,,OL,1787415924114,Questionable,False,Sleeper,2026-09-03T14:35:58+00:00
13633,Rodney Shelley,rodneyshelley,LAC,CB,True,Active,,,,NB,,Active,False,Sleeper,2026-09-03T14:35:58+00:00
10994,Scott Matlock,scottmatlock,LAC,DT,True,Inactive,IR,,,RB,1788207614880,Out,True,Sleeper,2026-09-03T14:35:58+00:00
13604,Sincere Brown,sincerebrown,LAC,WR,True,Inactive,IR,,,,1788230416212,Out,True,Sleeper,2026-09-03T14:35:58+00:00
11779,Tarheeb Still,tarheebstill,LAC,DB,True,Active,,,,LCB,1768505705308,Active,False,Sleeper,2026-09-03T14:35:58+00:00
7443,Teair Tart,teairtart,LAC,DT,True,Active,,,,RDE,1769457633585,Active,False,Sleeper,2026-09-03T14:35:58+00:00
13631,Terry Webb,terrywebb,LAC,DL,True,Active,,,,,,Active,False,Sleeper,2026-09-03T14:35:58+00:00
12860,Theo Wease,theowease,LAC,WR,True,Active,,,,,1788394834998,Active,False,Sleeper,2026-09-03T14:35:58+00:00
13558,Tim Keenan,timkeenan,LAC,DT,True,Active,,,,,1777160424153,Active,False,Sleeper,2026-09-03T14:35:58+00:00
13495,Travis Burke,travisburke,LAC,OT,True,Active,,,,OL,1781623224870,Active,False,Sleeper,2026-09-03T14:35:58+00:00
12509,Tre' Harris,treharris,LAC,WR,True,Active,Questionable,,,RWR,1787960440399,Questionable,False,Sleeper,2026-09-03T14:35:58+00:00
8444,Trevor Penning,trevorpenning,LAC,T,True,Active,,,,OL,1781623223742,Active,False,Sleeper,2026-09-03T14:35:58+00:00
7610,Trey Lance,treylance,LAC,QB,True,Active,,,,QB,1788146106475,Active,False,Sleeper,2026-09-03T14:35:58+00:00
6213,Trey Pipkins,treypipkins,LAC,T,True,Active,,,,OL,1781623223312,Active,False,Sleeper,2026-09-03T14:35:58+00:00
6941,Troy Dye,troydye,LAC,LB,True,Active,,,,RILB,1770946816533,Active,False,Sleeper,2026-09-03T14:35:58+00:00
10898,Tuli Tuipulotu,tulituipulotu,LAC,DL,True,Active,,,,LOLB,1785799811127,Active,False,Sleeper,2026-09-03T14:35:58+00:00
6835,Tyler Biadasz,tylerbiadasz,LAC,C,True,Inactive,IR,,,OL,1787506532074,Out,True,Sleeper,2026-09-03T14:35:58+00:00
2227,Aaron Donald,aarondonald,LAR,DT,True,Active,,,,NT,1788312923441,Active,False,Sleeper,2026-09-03T14:35:58+00:00
7872,Alaric Jackson,alaricjackson,LAR,OL,True,Active,Questionable,,,OL,1785453625213,Questionable,False,Sleeper,2026-09-03T14:35:58+00:00
6386,Alex Bachman,alexbachman,LAR,WR,True,Active,,,,,1788317125351,Active,False,Sleeper,2026-09-03T14:35:58+00:00
12094,Alex Johnson,alexjohnson,LAR,CB,True,Inactive,IR,,,DB,1788129059046,Out,True,Sleeper,2026-09-03T14:35:58+00:00
202,Andrew Whitworth,andrewwhitworth,LAR,OL,True,Active,,,,,1653152412701,Active,False,Sleeper,2026-09-03T14:35:58+00:00
4933,Anthony McMeans,anthonymcmeans,LAR,G,True,Active,,,,RG,,Active,False,Sleeper,2026-09-03T14:35:58+00:00
13855,Austin Blaske,austinblaske,LAR,OL,True,Active,,,,,,Active,False,Sleeper,2026-09-03T14:35:58+00:00
11782,Beaux Limmer,beauxlimmer,LAR,OL,True,Active,,,,OL,1723679161978,Active,False,Sleeper,2026-09-03T14:35:58+00:00
7369,Bill Murray,billmurray,LAR,DT,True,Active,,,,OL,1785186950183,Active,False,Sleeper,2026-09-03T14:35:58+00:00
13008,Bill Norton,billnorton,LAR,DL,True,Active,,,,,,Active,False,Sleeper,2026-09-03T14:35:58+00:00
11586,Blake Corum,blakecorum,LAR,RB,True,Active,,,,RB,1788372931363,Active,False,Sleeper,2026-09-03T14:35:58+00:00
6566,Blake Hance,blakehance,LAR,OG,True,Active,,,,,1785285603225,Active,False,Sleeper,2026-09-03T14:35:58+00:00
11677,Braden Fiske,bradenfiske,LAR,DL,True,Active,,,,LDE,1771026904849,Active,False,Sleeper,2026-09-03T14:35:58+00:00
13011,Brennan Presley,brennanpresley,LAR,WR,True,Active,,,,,1788318026081,Active,False,Sleeper,2026-09-03T14:35:58+00:00
10917,Byron Young,byronyoung,LAR,LB,True,Active,,,,LOLB,1780451452804,Active,False,Sleeper,2026-09-03T14:35:58+00:00
13270,CJ Daniels,cjdaniels,LAR,WR,True,Active,,,,RWR,1787960140145,Active,False,Sleeper,2026-09-03T14:35:58+00:00
12230,Cam Lampkin,camlampkin,LAR,DB,True,Active,,,,,1726344660481,Active,False,Sleeper,2026-09-03T14:35:58+00:00
6865,Colby Parkinson,colbyparkinson,LAR,TE,True,Active,,,,TE,1787587838858,Active,False,Sleeper,2026-09-03T14:35:58+00:00
5454,Coleman Shelton,colemanshelton,LAR,OL,True,Active,,,,OL,1782591612425,Active,False,Sleeper,2026-09-03T14:35:58+00:00
13321,Dan Villari,danvillari,LAR,TE,True,Active,,,,,1788318026098,Active,False,Sleeper,2026-09-03T14:35:58+00:00
14072,Daniel Rickert,danielrickert,LAR,DE,True,Inactive,IR,,,,1787706042401,Out,True,Sleeper,2026-09-03T14:35:58+00:00
13856,Darryl Peterson,darrylpeterson,LAR,LB,True,Active,,,,,,Active,False,Sleeper,2026-09-03T14:35:58+00:00
2133,Davante Adams,davanteadams,LAR,WR,True,Active,,,,RWR,1788397836168,Active,False,Sleeper,2026-09-03T14:35:58+00:00
1428,David Quessenberry,davidquessenberry,LAR,OL,True,Active,,,,OL,1782591612190,Active,False,Sleeper,2026-09-03T14:35:58+00:00
10214,Davis Allen,davisallen,LAR,TE,True,Active,Questionable,,,TE,1787614241786,Questionable,False,Sleeper,2026-09-03T14:35:58+00:00
7348,Dayan Lake,dayanlake,LAR,DB,True,Active,,,,,1629305452011,Active,False,Sleeper,2026-09-03T14:35:58+00:00
13315,Dean Connors,deanconnors,LAR,RB,True,Active,,,,,1788317725472,Active,False,Sleeper,2026-09-03T14:35:58+00:00
11021,Desjuan Johnson,desjuanjohnson,LAR,DT,True,Active,,,,ROLB,1768775727997,Active,False,Sleeper,2026-09-03T14:35:58+00:00
5308,Duplicate Player,duplicateplayer,LAR,DE,False,Inactive,Out,,,LDE,,Out,True,Sleeper,2026-09-03T14:35:58+00:00
11803,Dylan McMahon,dylanmcmahon,LAR,OL,True,Active,,,,OL,1714256136484,Active,False,Sleeper,2026-09-03T14:35:58+00:00
13812,Eddie Walls,eddiewalls,LAR,DL,True,Inactive,IR,,,LB,1780642241371,Out,True,Sleeper,2026-09-03T14:35:58+00:00
12227,Elias Neal,eliasneal,LAR,LB,True,Active,,,,,1769327151338,Active,False,Sleeper,2026-09-03T14:35:58+00:00
10882,Emmanuel Forbes,emmanuelforbes,LAR,CB,True,Active,,,,RCB,1777851306249,Active,False,Sleeper,2026-09-03T14:35:58+00:00
290,Eric Weddle,ericweddle,LAR,FS,True,Inactive,,,,,1644849959725,Active,False,Sleeper,2026-09-03T14:35:58+00:00
11051,Ethan Evans,ethanevans,LAR,P,True,Active,,,,P,1731112827696,Active,False,Sleeper,2026-09-03T14:35:58+00:00
7750,Grant Stuard,grantstuard,LAR,LB,True,Active,,,,RILB,1773376246696,Active,False,Sleeper,2026-09-03T14:35:58+00:00
12015,Harrison Mevis,harrisonmevis,LAR,K,True,Active,,,,K,1787898057539,Active,False,Sleeper,2026-09-03T14:35:58+00:00
13665,Jack Bouwmeester,jackbouwmeester,LAR,P,True,Active,,,,,,Active,False,Sleeper,2026-09-03T14:35:58+00:00
12142,Jaylen McCollough,jaylenmccollough,LAR,DB,True,Active,,,,SS,1767996960650,Active,False,Sleeper,2026-09-03T14:35:58+00:00
8373,Jaylen Watson,jaylenwatson,LAR,DB,True,Active,,,,LCB,1773076532525,Active,False,Sleeper,2026-09-03T14:35:58+00:00
2469,Joe Cardona,joecardona,LAR,LS,True,Active,,,,LS,1773098135931,Active,False,Sleeper,2026-09-03T14:35:58+00:00
13010,Jordan Waters,jordanwaters,LAR,RB,True,Active,,,,,1788318325457,Active,False,Sleeper,2026-09-03T14:35:58+00:00
11623,Jordan Whittington,jordanwhittington,LAR,WR,True,Active,,,,SWR,1787339727345,Active,False,Sleeper,2026-09-03T14:35:58+00:00
12621,Josaiah Stewart,josaiahstewart,LAR,DE,True,Active,,,,LOLB,1769210737775,Active,False,Sleeper,2026-09-03T14:35:58+00:00
12132,Josh Wallace,joshwallace,LAR,DB,True,Active,,,,NB,1768437958754,Active,False,Sleeper,2026-09-03T14:35:58+00:00
12141,Justin Dedich,justindedich,LAR,OL,True,Active,IR,,,OL,1788219915591,Out,True,Sleeper,2026-09-03T14:35:58+00:00
7136,Kam Curl,kamcurl,LAR,DB,True,Active,,,,SS,1783974025198,Active,False,Sleeper,2026-09-03T14:35:58+00:00
11726,Kamren Kinchens,kamrenkinchens,LAR,DB,True,Active,,,,FS,1767908452681,Active,False,Sleeper,2026-09-03T14:35:58+00:00
6682,Kareem Orr,kareemorr,LAR,DB,True,Active,,,,,1650147950487,Active,False,Sleeper,2026-09-03T14:35:58+00:00
13461,Keagen Trost,keagentrost,LAR,OL,True,Active,IR,,,OL,1788219314517,Out,True,Sleeper,2026-09-03T14:35:58+00:00
8739,Keir Thomas,keirthomas,LAR,DE,True,Inactive,IR,,,LB,1787620542466,Out,True,Sleeper,2026-09-03T14:35:58+00:00
7116,Kevin Dotson,kevindotson,LAR,OL,True,Active,,,,OL,1782591612688,Active,False,Sleeper,2026-09-03T14:35:58+00:00
10916,Kobie Turner,kobieturner,LAR,DT,True,Active,Questionable,,,RDE,1782613215002,Questionable,False,Sleeper,2026-09-03T14:35:58+00:00
12718,Konata Mumpfield,konatamumpfield,LAR,WR,True,Active,,,,LWR,1777573224836,Active,False,Sleeper,2026-09-03T14:35:58+00:00
8150,Kyren Williams,kyrenwilliams,LAR,RB,True,Active,,,,RB,1788297321732,Active,False,Sleeper,2026-09-03T14:35:58+00:00
6887,Larrell Murchison,larrellmurchison,LAR,DT,True,Active,,,,,1788110757564,Active,False,Sleeper,2026-09-03T14:35:58+00:00
LAR,Los Angeles Rams,losangelesrams,LAR,DEF,True,,,,,,,Active,False,Sleeper,2026-09-03T14:35:58+00:00
13597,Matthew Caldwell,matthewcaldwell,LAR,QB,True,Inactive,IR,,,QB,1788042350424,Out,True,Sleeper,2026-09-03T14:35:58+00:00
421,Matthew Stafford,matthewstafford,LAR,QB,True,Active,,,,QB,1788282620408,Active,False,Sleeper,2026-09-03T14:35:58+00:00
13278,Max Klare,maxklare,LAR,TE,True,Active,,,,TE,1787897457460,Active,False,Sleeper,2026-09-03T14:35:58+00:00
3973,Myles Garrett,mylesgarrett,LAR,DE,True,Active,Questionable,,,ROLB,1788225913021,Questionable,False,Sleeper,2026-09-03T14:35:58+00:00
8659,Nate Landman,natelandman,LAR,LB,True,Active,,,,LILB,1783491636950,Active,False,Sleeper,2026-09-03T14:35:58+00:00
13814,Nick Andersen,nickandersen,LAR,DB,True,Active,,,,,,Active,False,Sleeper,2026-09-03T14:35:58+00:00
13887,Nyzier Fourqurean,nyzierfourqurean,LAR,CB,True,Active,,,,,,Active,False,Sleeper,2026-09-03T14:35:58+00:00
12140,Omar Speights,omarspeights,LAR,LB,True,Active,,,,RILB,1767827445525,Active,False,Sleeper,2026-09-03T14:35:58+00:00
5226,Poona Ford,poonaford,LAR,DT,True,Active,,,,NT,1771024804708,Active,False,Sleeper,2026-09-03T14:35:58+00:00
9493,Puka Nacua,pukanacua,LAR,WR,True,Active,Questionable,,,LWR,1788297321603,Questionable,False,Sleeper,2026-09-03T14:35:58+00:00
8330,Quentin Lake,quentinlake,LAR,DB,True,Active,,,,NB,1771023604611,Active,False,Sleeper,2026-09-03T14:35:58+00:00
8195,Ronnie Rivers,ronnierivers,LAR,RB,True,Active,,,,RB,1779560456797,Active,False,Sleeper,2026-09-03T14:35:58+00:00
13000,Shaun Dolac,shaundolac,LAR,LB,True,Active,Questionable,,,LILB,1767748216438,Questionable,False,Sleeper,2026-09-03T14:35:58+00:00
10857,Stetson Bennett,stetsonbennett,LAR,QB,True,Active,,,,QB,1787898657558,Active,False,Sleeper,2026-09-03T14:35:58+00:00
10912,Steve Avila,steveavila,LAR,C,True,Active,,,,OL,1782591613117,Active,False,Sleeper,2026-09-03T14:35:58+00:00
11151,Tanner Ingle,tanneringle,LAR,DB,True,Active,,,,,1763861125299,Active,False,Sleeper,2026-09-03T14:35:58+00:00
12487,Terrance Ferguson,terranceferguson,LAR,TE,True,Active,Questionable,,,TE,1788228013262,Questionable,False,Sleeper,2026-09-03T14:35:58+00:00
8364,Trent McDuffie,trentmcduffie,LAR,DB,True,Active,,,,RCB,1773023726590,Active,False,Sleeper,2026-09-03T14:35:58+00:00
7562,Tutu Atwell,tutuatwell,LAR,WR,True,Active,,,,LWR,1787945428480,Active,False,Sleeper,2026-09-03T14:35:58+00:00
12676,Ty Hamilton,tyhamilton,LAR,DT,True,Active,,,,RDE,1745698527965,Active,False,Sleeper,2026-09-03T14:35:58+00:00
13275,Ty Simpson,tysimpson,LAR,QB,True,Active,,,,QB,1787896857354,Active,False,Sleeper,2026-09-03T14:35:58+00:00
11799,Tyler Davis,tylerdavis,LAR,DT,True,Active,,,,LDE,1733954434620,Active,False,Sleeper,2026-09-03T14:35:58+00:00
3271,Tyler Higbee,tylerhigbee,LAR,TE,True,Active,,,,TE,1787854551845,Active,False,Sleeper,2026-09-03T14:35:58+00:00
10965,Warren McClendon,warrenmcclendon,LAR,OL,True,Active,,,,OL,1782591613130,Active,False,Sleeper,2026-09-03T14:35:58+00:00
13808,Wesley Bailey,wesleybailey,LAR,DL,True,Active,,,,LOLB,,Active,False,Sleeper,2026-09-03T14:35:58+00:00
11168,Xavier Smith,xaviersmith,LAR,WR,True,Active,,,,SWR,1781299233276,Active,False,Sleeper,2026-09-03T14:35:58+00:00
7717,Zech McPhearson,zechmcphearson,LAR,CB,True,Inactive,IR,,,DB,1787621442801,Out,True,Sleeper,2026-09-03T14:35:58+00:00
6555,AJ Cole,ajcole,LV,P,True,Active,,,,P,1760295314558,Active,False,Sleeper,2026-09-03T14:35:58+00:00
4415,Adam Butler,adambutler,LV,DT,True,Active,,,,NT,1767400542034,Active,False,Sleeper,2026-09-03T14:35:58+00:00
10866,Aidan O'Connell,aidanoconnell,LV,QB,True,Active,,,,QB,1779924031748,Active,False,Sleeper,2026-09-03T14:35:58+00:00
6843,Albert Okwuegbunam,albertokwuegbunam,LV,TE,True,Active,,,,,1788315625085,Active,False,Sleeper,2026-09-03T14:35:58+00:00
11167,Alex Ward,alexward,LV,LS,True,Active,,,,LS,1768960811212,Active,False,Sleeper,2026-09-03T14:35:58+00:00
12527,Ashton Jeanty,ashtonjeanty,LV,RB,True,Active,Questionable,,,RB,1788367831171,Questionable,False,Sleeper,2026-09-03T14:35:58+00:00
10987,Atonio Mafi,atoniomafi,LV,OL,True,Active,,,,OL,1682799327159,Active,False,Sleeper,2026-09-03T14:35:58+00:00
13571,Brandon Cleveland,brandoncleveland,LV,DT,True,Active,,,,,1777610730019,Active,False,Sleeper,2026-09-03T14:35:58+00:00
11751,Brennan Jackson,brennanjackson,LV,DE,True,Inactive,IR,,,LB,1786821302777,Out,True,Sleeper,2026-09-03T14:35:58+00:00
11604,Brock Bowers,brockbowers,LV,TE,True,Active,,,,TE,1788393934822,Active,False,Sleeper,2026-09-03T14:35:58+00:00
12624,Caleb Rogers,calebrogers,LV,OL,True,Active,,,,OL,1786497046110,Active,False,Sleeper,2026-09-03T14:35:58+00:00
7814,Cameron McGrone,cameronmcgrone,LV,LB,True,Active,,,,,1778607321767,Active,False,Sleeper,2026-09-03T14:35:58+00:00
13122,Carter Runyon,carterrunyon,LV,TE,True,Active,IR,,,TE,1788198914581,Out,True,Sleeper,2026-09-03T14:35:58+00:00
12589,Charles Grant,charlesgrant,LV,OL,True,Active,,,,OL,1781623224595,Active,False,Sleeper,2026-09-03T14:35:58+00:00
13410,Chase Roberts,chaseroberts,LV,WR,True,Inactive,IR,,,,1788221115213,Out,True,Sleeper,2026-09-03T14:35:58+00:00
11938,Chigozie Anusiem,chigozieanusiem,LV,CB,True,Inactive,IR,,,DB,1787430926282,Out,True,Sleeper,2026-09-03T14:35:58+00:00
11963,Chris Collier,chriscollier,LV,RB,True,Inactive,IR,,,RB,1785714958620,Out,True,Sleeper,2026-09-03T14:35:58+00:00
6529,Chris Myarick,chrismyarick,LV,TE,True,Active,,,,,1788316525425,Active,False,Sleeper,2026-09-03T14:35:58+00:00
13895,Cian Slone,cianslone,LV,DE,True,Active,,,,,,Active,False,Sleeper,2026-09-03T14:35:58+00:00
12722,Cody Lindenberg,codylindenberg,LV,LB,True,Active,,,,RILB,1745710827479,Active,False,Sleeper,2026-09-03T14:35:58+00:00
7039,Cody White,codywhite,LV,WR,True,Active,,,,,1788316825520,Active,False,Sleeper,2026-09-03T14:35:58+00:00
8181,Connor Heyward,connorheyward,LV,TE,True,Active,,,,RB,1780611637341,Active,False,Sleeper,2026-09-03T14:35:58+00:00
13898,Corey Rucker,coreyrucker,LV,WR,True,Inactive,IR,,,,1781124916279,Out,True,Sleeper,2026-09-03T14:35:58+00:00
11708,DJ Glaze,djglaze,LV,OL,True,Active,,,,OL,1781623224289,Active,False,Sleeper,2026-09-03T14:35:58+00:00
13523,Dalton Johnson,daltonjohnson,LV,DB,True,Active,,,,SS,1777610129984,Active,False,Sleeper,2026-09-03T14:35:58+00:00
4718,Dare Ogunbowale,dareogunbowale,LV,RB,True,Active,,,,,1788314725196,Active,False,Sleeper,2026-09-03T14:35:58+00:00
8527,Dareke Young,darekeyoung,LV,WR,True,Active,,,,SWR,1782249623537,Active,False,Sleeper,2026-09-03T14:35:58+00:00
12584,Darien Porter,darienporter,LV,DB,True,Active,,,,RCB,1770945316304,Active,False,Sleeper,2026-09-03T14:35:58+00:00
10978,Darrell Luter,darrellluter,LV,CB,True,Active,,,,NB,1788276019583,Active,False,Sleeper,2026-09-03T14:35:58+00:00
8253,Deven Thompkins,deventhompkins,LV,WR,True,Active,,,,,1788316225422,Active,False,Sleeper,2026-09-03T14:35:58+00:00
13896,Devin Lafayette,devinlafayette,LV,DB,True,Active,,,,,,Active,False,Sleeper,2026-09-03T14:35:58+00:00
12541,Dont'e Thornton,dontethornton,LV,WR,True,Inactive,IR,,,LWR,1788233715733,Out,True,Sleeper,2026-09-03T14:35:58+00:00
11574,Dylan Laube,dylanlaube,LV,RB,True,Active,,,,RB,1780024826090,Active,False,Sleeper,2026-09-03T14:35:58+00:00
7628,Eric Stokes,ericstokes,LV,CB,True,Active,,,,LCB,1773075332269,Active,False,Sleeper,2026-09-03T14:35:58+00:00
13269,Fernando Mendoza,fernandomendoza,LV,QB,True,Active,,,,QB,1788371731173,Active,False,Sleeper,2026-09-03T14:35:58+00:00
5090,Folorunso Fatukasi,folorunsofatukasi,LV,DT,True,Active,,,,NT,1786819802388,Active,False,Sleeper,2026-09-03T14:35:58+00:00
13807,Gary Smith,garysmith,LV,DT,True,Active,,,,,1777440630253,Active,False,Sleeper,2026-09-03T14:35:58+00:00
13019,Greedy Vance,greedyvance,LV,CB,True,Active,,,,,1764711057213,Active,False,Sleeper,2026-09-03T14:35:58+00:00
13508,Hezekiah Masses,hezekiahmasses,LV,CB,True,Active,,,,LCB,1777610129953,Active,False,Sleeper,2026-09-03T14:35:58+00:00
4995,Ian Thomas,ianthomas,LV,TE,True,Active,,,,TE,1780442449953,Active,False,Sleeper,2026-09-03T14:35:58+00:00
8838,Isaiah Pola-Mao,isaiahpolamao,LV,DB,True,Active,,,,FS,1768235135560,Active,False,Sleeper,2026-09-03T14:35:58+00:00
12689,JJ Pegues,jjpegues,LV,DT,True,Active,,,,RDE,1766640035145,Active,False,Sleeper,2026-09-03T14:35:58+00:00
12483,Jack Bech,jackbech,LV,WR,True,Active,,,,LWR,1787958640119,Active,False,Sleeper,2026-09-03T14:35:58+00:00
11683,Jackson Powers-Johnson,jacksonpowersjohnson,LV,OL,True,Active,,,,OL,1781623224172,Active,False,Sleeper,2026-09-03T14:35:58+00:00
13195,Jahfari Harvey,jahfariharvey,LV,DE,True,Active,,,,,1766038556485,Active,False,Sleeper,2026-09-03T14:35:58+00:00
8180,Jalen Nailor,jalennailor,LV,WR,True,Active,,,,SWR,1787889956551,Active,False,Sleeper,2026-09-03T14:35:58+00:00
3868,Jalen Richard,jalenrichard,LV,RB,True,Active,,,,,1659801014055,Active,False,Sleeper,2026-09-03T14:35:58+00:00
2371,Jeremiah Poutasi,jeremiahpoutasi,LV,OL,True,Active,,,,,1641263760368,Active,False,Sleeper,2026-09-03T14:35:58+00:00
7016,Jeremy Chinn,jeremychinn,LV,DB,True,Active,,,,SS,1783909217129,Active,False,Sleeper,2026-09-03T14:35:58+00:00
13368,Jermod McCoy,jermodmccoy,LV,DB,True,Active,,,,RCB,1786577410807,Active,False,Sleeper,2026-09-03T14:35:58+00:00
11827,Jonah Laulu,jonahlaulu,LV,DL,True,Active,,,,RDE,1768233035385,Active,False,Sleeper,2026-09-03T14:35:58+00:00
13894,Justin Pickett,justinpickett,LV,G,True,Inactive,IR,,,OL,1786665346653,Out,True,Sleeper,2026-09-03T14:35:58+00:00
9489,Justin Shorter,justinshorter,LV,WR,True,Inactive,IR,,,,1777937415977,Out,True,Sleeper,2026-09-03T14:35:58+00:00
13911,Kamar Missouri,kamarmissouri,LV,OL,True,Active,,,,,,Active,False,Sleeper,2026-09-03T14:35:58+00:00
13804,Kansei Matsuzawa,kanseimatsuzawa,LV,K,True,Active,,,,,1788316225439,Active,False,Sleeper,2026-09-03T14:35:58+00:00
3367,Kavon Frazier,kavonfrazier,LV,DB,True,Active,,,,,1659192316796,Active,False,Sleeper,2026-09-03T14:35:58+00:00
13466,Keyron Crawford,keyroncrawford,LV,DE,True,Inactive,IR,,,DL,1788301824143,Out,True,Sleeper,2026-09-03T14:35:58+00:00
1166,Kirk Cousins,kirkcousins,LV,QB,True,Active,,,,QB,1788368130750,Active,False,Sleeper,2026-09-03T14:35:58+00:00
4986,Kolton Miller,koltonmiller,LV,T,True,Active,,,,OL,1781623223189,Active,False,Sleeper,2026-09-03T14:35:58+00:00
7633,Kwity Paye,kwitypaye,LV,DE,True,Active,,,,LOLB,1773090633829,Active,False,Sleeper,2026-09-03T14:35:58+00:00
LV,Las Vegas Raiders,lasvegasraiders,LV,DEF,True,,,,,,,Active,False,Sleeper,2026-09-03T14:35:58+00:00
7676,Malcolm Koonce,malcolmkoonce,LV,DE,True,Active,,,,ROLB,1773157240019,Active,False,Sleeper,2026-09-03T14:35:58+00:00
13329,Malik Benson,malikbenson,LV,WR,True,Active,,,,RWR,1787891756940,Active,False,Sleeper,2026-09-03T14:35:58+00:00
6083,Matt Gay,mattgay,LV,K,True,Active,,,,K,1787892057022,Active,False,Sleeper,2026-09-03T14:35:58+00:00
5991,Maxx Crosby,maxxcrosby,LV,DE,True,Active,,,,ROLB,1786210232937,Active,False,Sleeper,2026-09-03T14:35:58+00:00
9482,Michael Mayer,michaelmayer,LV,TE,True,Active,,,,TE,1787891456886,Active,False,Sleeper,2026-09-03T14:35:58+00:00
13305,Mike Washington,mikewashington,LV,RB,True,Active,,,,RB,1788303922406,Active,False,Sleeper,2026-09-03T14:35:58+00:00
8267,Nakobe Dean,nakobedean,LV,LB,True,Active,,,,RILB,1773094835393,Active,False,Sleeper,2026-09-03T14:35:58+00:00
5084,Natrell Jamerson,natrelljamerson,LV,DB,True,Active,,,,,1640490908002,Active,False,Sleeper,2026-09-03T14:35:58+00:00
13912,Niklas Henning,niklashenning,LV,T,True,Active,,,,,,Active,False,Sleeper,2026-09-03T14:35:58+00:00
6273,P.J. Johnson,pjjohnson,LV,DT,True,Active,,,,,1628554803687,Active,False,Sleeper,2026-09-03T14:35:58+00:00
7770,Patrick Johnson,patrickjohnson,LV,LB,True,Active,,,,LOLB,1785391818291,Active,False,Sleeper,2026-09-03T14:35:58+00:00
8266,Quay Walker,quaywalker,LV,LB,True,Active,,,,LILB,1782976827816,Active,False,Sleeper,2026-09-03T14:35:58+00:00
13416,Roman Hemby,romanhemby,LV,RB,True,Active,,,,,1788316825506,Active,False,Sleeper,2026-09-03T14:35:58+00:00
8620,Segun Olubi,segunolubi,LV,LB,True,Active,,,,LILB,1788233715745,Active,False,Sleeper,2026-09-03T14:35:58+00:00
8465,Spencer Burford,spencerburford,LV,OL,True,Active,,,,OL,1781623223832,Active,False,Sleeper,2026-09-03T14:35:58+00:00
5341,Taron Johnson,taronjohnson,LV,CB,True,Active,,,,NB,1779003356392,Active,False,Sleeper,2026-09-03T14:35:58+00:00
8380,Thomas Booker,thomasbooker,LV,DL,True,Active,,,,LDE,1773801937067,Active,False,Sleeper,2026-09-03T14:35:58+00:00
11761,Tommy Eichenberg,tommyeichenberg,LV,LB,True,Active,,,,LILB,1730056820648,Active,False,Sleeper,2026-09-03T14:35:58+00:00
12635,Tonka Hemingway,tonkahemingway,LV,DT,True,Active,,,,LDE,1770946216337,Active,False,Sleeper,2026-09-03T14:35:58+00:00
10213,Tre Tucker,tretucker,LV,WR,True,Active,,,,RWR,1787889056659,Active,False,Sleeper,2026-09-03T14:35:58+00:00
13467,Trey Zuhn,treyzuhn,LV,OT,True,Active,,,,OL,1781623224818,Active,False,Sleeper,2026-09-03T14:35:58+00:00
13398,Treydan Stukes,treydanstukes,LV,DB,True,Active,,,,NB,1777610129997,Active,False,Sleeper,2026-09-03T14:35:58+00:00
8542,Tristin McCollum,tristinmccollum,LV,DB,True,Active,,,,FS,1775257836626,Active,False,Sleeper,2026-09-03T14:35:58+00:00
8450,Tyler Linderbaum,tylerlinderbaum,LV,OL,True,Active,,,,OL,1781623223686,Active,False,Sleeper,2026-09-03T14:35:58+00:00
11878,Will Putnam,willputnam,LV,C,True,Active,,,,,1775521519394,Active,False,Sleeper,2026-09-03T14:35:58+00:00
6417,William Sweet,williamsweet,LV,OL,True,Active,,,,,1597281905527,Active,False,Sleeper,2026-09-03T14:35:58+00:00
6876,A.J. Green,ajgreen,MIA,CB,True,Active,,,,,1788216013423,Active,False,Sleeper,2026-09-03T14:35:58+00:00
12865,AJ Henning,ajhenning,MIA,WR,True,Active,,,,,1788232217547,Active,False,Sleeper,2026-09-03T14:35:58+00:00
7440,Aaron Brewer,aaronbrewer,MIA,OL,True,Active,,,,OL,1782854415841,Active,False,Sleeper,2026-09-03T14:35:58+00:00
1984,Allen Hurns,allenhurns,MIA,WR,True,Active,,,,,1648138821772,Active,False,Sleeper,2026-09-03T14:35:58+00:00
11855,Amari Gainer,amarigainer,MIA,LB,True,Active,,,,,1788333328187,Active,False,Sleeper,2026-09-03T14:35:58+00:00
12145,Andrew Meyer,andrewmeyer,MIA,C,True,Active,,,,OL,1766940312700,Active,False,Sleeper,2026-09-03T14:35:58+00:00
6821,Austin Jackson,austinjackson,MIA,T,True,Active,,,,OL,1785272461062,Active,False,Sleeper,2026-09-03T14:35:58+00:00
11082,Ben Sims,bensims,MIA,TE,True,Inactive,IR,,,TE,1788306623889,Out,True,Sleeper,2026-09-03T14:35:58+00:00
2468,Bradley Pinion,bradleypinion,MIA,P,True,Active,,,,P,1773962450225,Active,False,Sleeper,2026-09-03T14:35:58+00:00
11711,Caedan Wallace,caedanwallace,MIA,OL,True,Active,,,,OL,1786413632933,Active,False,Sleeper,2026-09-03T14:35:58+00:00
13296,Caleb Douglas,calebdouglas,MIA,WR,True,Active,,,,RWR,1788360329623,Active,False,Sleeper,2026-09-03T14:35:58+00:00
10948,Carter Warren,carterwarren,MIA,OL,True,Inactive,IR,,,OL,1781574610387,Out,True,Sleeper,2026-09-03T14:35:58+00:00
11663,Chop Robinson,choprobinson,MIA,DE,True,Active,,,,LDE,1780509358045,Active,False,Sleeper,2026-09-03T14:35:58+00:00
13311,Chris Bell,chrisbell,MIA,WR,True,Active,,,,LWR,1788305722667,Active,False,Sleeper,2026-09-03T14:35:58+00:00
13370,Chris Johnson,chrisjohnson,MIA,DB,True,Active,,,,NB,1780552504495,Active,False,Sleeper,2026-09-03T14:35:58+00:00
3589,Chris Milton,chrismilton,MIA,DB,True,Active,,,,,1617155717328,Active,False,Sleeper,2026-09-03T14:35:58+00:00
5842,Clelin Ferrell,clelinferrell,MIA,DE,True,Active,,,,,1788234016836,Active,False,Sleeper,2026-09-03T14:35:58+00:00
8214,Cole Turner,coleturner,MIA,TE,True,Inactive,IR,,,TE,1787874054706,Out,True,Sleeper,2026-09-03T14:35:58+00:00
13538,DJ Campbell,djcampbell,MIA,G,True,Active,,,,OL,1777153225222,Active,False,Sleeper,2026-09-03T14:35:58+00:00
14026,DJ Herman,djherman,MIA,LB,True,Active,,,,RB,,Active,False,Sleeper,2026-09-03T14:35:58+00:00
12673,Dante Trader,dantetrader,MIA,DB,True,Active,,,,SS,1771103110728,Active,False,Sleeper,2026-09-03T14:35:58+00:00
8666,Darrell Baker,darrellbaker,MIA,CB,True,Active,PUP,,,LCB,1788200114361,Out,True,Sleeper,2026-09-03T14:35:58+00:00
9226,De'Von Achane,devonachane,MIA,RB,True,Active,,,,RB,1788150906919,Active,False,Sleeper,2026-09-03T14:35:58+00:00
6745,Duplicate Player,duplicateplayer,MIA,G,False,Inactive,,,,,1628569244371,Inactive,True,Sleeper,2026-09-03T14:35:58+00:00
6197,Durval Queiroz Neto,durvalqueirozneto,MIA,G,True,Active,,,,,1641264360486,Active,False,Sleeper,2026-09-03T14:35:58+00:00
11391,Ethan Bonner,ethanbonner,MIA,CB,True,Active,,,,,1788216013407,Active,False,Sleeper,2026-09-03T14:35:58+00:00
8172,Greg Dulcich,gregdulcich,MIA,TE,True,Active,,,,TE,1788394835009,Active,False,Sleeper,2026-09-03T14:35:58+00:00
13130,Jackson Woodard,jacksonwoodard,MIA,LB,True,Active,,,,LOLB,1746691221364,Active,False,Sleeper,2026-09-03T14:35:58+00:00
13453,Jacob Rodriguez,jacobrodriguez,MIA,LB,True,Active,Questionable,,,LOLB,1787971242063,Questionable,False,Sleeper,2026-09-03T14:35:58+00:00
8117,Jalen Tolbert,jalentolbert,MIA,WR,True,Active,,,,LWR,1787972442091,Active,False,Sleeper,2026-09-03T14:35:58+00:00
12675,Jason Marshall,jasonmarshall,MIA,CB,True,Active,,,,LCB,1767135919931,Active,False,Sleeper,2026-09-03T14:35:58+00:00
11643,Jaylen Wright,jaylenwright,MIA,RB,True,Active,,,,RB,1787771748435,Active,False,Sleeper,2026-09-03T14:35:58+00:00
11775,Jaylin Simpson,jaylinsimpson,MIA,DB,True,Active,,,,,1788333627777,Active,False,Sleeper,2026-09-03T14:35:58+00:00
12598,Jonah Savaiinaea,jonahsavaiinaea,MIA,OL,True,Active,,,,OL,1782854416740,Active,False,Sleeper,2026-09-03T14:35:58+00:00
12103,Jordan Miller,jordanmiller,MIA,DT,True,Active,,,,,1788333328172,Active,False,Sleeper,2026-09-03T14:35:58+00:00
12679,Jordan Phillips,jordanphillips,MIA,DL,True,Active,,,,LDT,1771103710847,Active,False,Sleeper,2026-09-03T14:35:58+00:00
6167,Jordan Scarlett,jordanscarlett,MIA,RB,True,Inactive,,,,,1640749804791,Active,False,Sleeper,2026-09-03T14:35:58+00:00
6949,Jordyn Brooks,jordynbrooks,MIA,LB,True,Active,,,,MLB,1787782850271,Active,False,Sleeper,2026-09-03T14:35:58+00:00
12862,Josh Priebe,joshpriebe,MIA,OL,True,Active,,,,,,Active,False,Sleeper,2026-09-03T14:35:58+00:00
6921,Josh Uche,joshuche,MIA,LB,True,Active,,,,RDE,1773252648873,Active,False,Sleeper,2026-09-03T14:35:58+00:00
10906,JuJu Brents,jujubrents,MIA,DB,True,Active,,,,RCB,1787704542419,Active,False,Sleeper,2026-09-03T14:35:58+00:00
13448,Kadyn Proctor,kadynproctor,MIA,OT,True,Active,,,,OL,1782854416813,Active,False,Sleeper,2026-09-03T14:35:58+00:00
8088,Kalif Jackson,kalifjackson,MIA,TE,True,Active,,,,,,Active,False,Sleeper,2026-09-03T14:35:58+00:00
12937,Keith Cooper,keithcooper,MIA,DL,True,Active,,,,RDE,1760637632047,Active,False,Sleeper,2026-09-03T14:35:58+00:00
12564,Kenneth Grant,kennethgrant,MIA,DL,True,Active,IR,,,LDT,1788199815608,Out,True,Sleeper,2026-09-03T14:35:58+00:00
13338,Kevin Coleman,kevincoleman,MIA,WR,True,Active,,,,SWR,1787442027124,Active,False,Sleeper,2026-09-03T14:35:58+00:00
13479,Kyle Louis,kylelouis,MIA,LB,True,Active,,,,LOLB,1777140921740,Active,False,Sleeper,2026-09-03T14:35:58+00:00
12494,Kyle McCord,kylemccord,MIA,QB,True,Active,,,,QB,1788297321661,Active,False,Sleeper,2026-09-03T14:35:58+00:00
11281,Liam Anderson,liamanderson,MIA,LB,True,Active,,,,,1788333328204,Active,False,Sleeper,2026-09-03T14:35:58+00:00
11610,Malik Washington,malikwashington,MIA,WR,True,Active,,,,SWR,1787772948652,Active,False,Sleeper,2026-09-03T14:35:58+00:00
8161,Malik Willis,malikwillis,MIA,QB,True,Active,,,,QB,1787670347080,Active,False,Sleeper,2026-09-03T14:35:58+00:00
13071,Marques Cox,marquescox,MIA,OT,True,Active,,,,,,Active,False,Sleeper,2026-09-03T14:35:58+00:00
13566,Max Llewellyn,maxllewellyn,MIA,DE,True,Active,,,,,1788216313855,Active,False,Sleeper,2026-09-03T14:35:58+00:00
10877,Mazi Smith,mazismith,MIA,DL,True,Active,,,,,1788318025947,Active,False,Sleeper,2026-09-03T14:35:58+00:00
MIA,Miami Dolphins,miamidolphins,MIA,DEF,True,,,,,,,Active,False,Sleeper,2026-09-03T14:35:58+00:00
13517,Michael Taaffe,michaeltaaffe,MIA,DB,True,Active,,,,FS,1777148122972,Active,False,Sleeper,2026-09-03T14:35:58+00:00
12495,Ollie Gordon,olliegordon,MIA,RB,True,Active,Questionable,,,RB,1788369930946,Questionable,False,Sleeper,2026-09-03T14:35:58+00:00
11680,Patrick Paul,patrickpaul,MIA,OL,True,Active,,,,OL,1782854416441,Active,False,Sleeper,2026-09-03T14:35:58+00:00
13815,Rene Konga,renekonga,MIA,DL,True,Inactive,IR,,,DL,1785993045518,Out,True,Sleeper,2026-09-03T14:35:58+00:00
7922,Riley Patterson,rileypatterson,MIA,K,True,Active,,,,K,1786398330464,Active,False,Sleeper,2026-09-03T14:35:58+00:00
10966,Robert Beal,robertbeal,MIA,LB,True,Active,,,,LDE,1773360045655,Active,False,Sleeper,2026-09-03T14:35:58+00:00
5025,Ronnie Harrison,ronnieharrison,MIA,DB,True,Active,Questionable,,,ROLB,1787511632874,Questionable,False,Sleeper,2026-09-03T14:35:58+00:00
11421,Ryan Miller,ryanmiller,MIA,WR,True,Active,,,,RWR,1787935828716,Active,False,Sleeper,2026-09-03T14:35:58+00:00
13429,Seydou Traore,seydoutraore,MIA,TE,True,Active,,,,TE,1788037849655,Active,False,Sleeper,2026-09-03T14:35:58+00:00
3543,Spencer Pulley,spencerpulley,MIA,C,True,Active,,,,,1641264060396,Active,False,Sleeper,2026-09-03T14:35:58+00:00
12147,Storm Duck,stormduck,MIA,CB,True,Active,PUP,,,RCB,1788200714879,Out,True,Sleeper,2026-09-03T14:35:58+00:00
13116,Tre Watson,trewatson,MIA,TE,True,Active,,,,,1788333627762,Active,False,Sleeper,2026-09-03T14:35:58+00:00
13484,Trey Moore,treymoore,MIA,LB,True,Active,IR,,,ROLB,1788200414513,Out,True,Sleeper,2026-09-03T14:35:58+00:00
8933,Tucker Addington,tuckeraddington,MIA,LS,True,Active,,,,LS,,Active,False,Sleeper,2026-09-03T14:35:58+00:00
13434,Will Kacmarek,willkacmarek,MIA,TE,True,Active,Questionable,,,TE,1788023748181,Questionable,False,Sleeper,2026-09-03T14:35:58+00:00
12788,Will Sheppard,willsheppard,MIA,WR,True,Active,,,,,1788333627793,Active,False,Sleeper,2026-09-03T14:35:58+00:00
7023,Willie Gay,williegay,MIA,LB,True,Active,,,,MLB,1773256249346,Active,False,Sleeper,2026-09-03T14:35:58+00:00
3849,Wynton McManis,wyntonmcmanis,MIA,LB,True,Active,,,,,1632015647825,Active,False,Sleeper,2026-09-03T14:35:58+00:00
5297,Zach Sieler,zachsieler,MIA,DT,True,Active,Questionable,,,RDT,1787068245844,Questionable,False,Sleeper,2026-09-03T14:35:58+00:00
8000,Zayne Anderson,zayneanderson,MIA,DB,True,Active,,,,FS,1773265551312,Active,False,Sleeper,2026-09-03T14:35:58+00:00
12720,Zeek Biggers,zeekbiggers,MIA,DL,True,Active,,,,RDT,1745710827634,Active,False,Sleeper,2026-09-03T14:35:58+00:00
4199,Aaron Jones,aaronjones,MIN,RB,True,Active,,,,RB,1788443140756,Active,False,Sleeper,2026-09-03T14:35:58+00:00
7294,Amari Henderson,amarihenderson,MIN,CB,True,Active,,,,,,Active,False,Sleeper,2026-09-03T14:35:58+00:00
1721,Andrew DePaola,andrewdepaola,MIN,LS,True,Active,,,,LS,1773152740837,Active,False,Sleeper,2026-09-03T14:35:58+00:00
6183,Andrew Van Ginkel,andrewvanginkel,MIN,LB,True,Active,,,,ROLB,1782303629742,Active,False,Sleeper,2026-09-03T14:35:58+00:00
14024,Bangally Kamara,bangallykamara,MIN,LB,True,Active,,,,,,Active,False,Sleeper,2026-09-03T14:35:58+00:00
13121,Ben Yurosek,benyurosek,MIN,TE,True,Active,,,,TE,1781220048029,Active,False,Sleeper,2026-09-03T14:35:58+00:00
7129,Blake Brandel,blakebrandel,MIN,T,True,Active,,,,OL,1782858016046,Active,False,Sleeper,2026-09-03T14:35:58+00:00
6217,Blake Cashman,blakecashman,MIN,LB,True,Active,,,,RILB,1783837208516,Active,False,Sleeper,2026-09-03T14:35:58+00:00
11929,Bo Richter,borichter,MIN,DE,True,Active,,,,ROLB,1773121237715,Active,False,Sleeper,2026-09-03T14:35:58+00:00
13620,Brett Thorson,brettthorson,MIN,P,True,Active,,,,P,1788131159549,Active,False,Sleeper,2026-09-03T14:35:58+00:00
5047,Brian O'Neill,brianoneill,MIN,T,True,Active,,,,OL,1785288902583,Active,False,Sleeper,2026-09-03T14:35:58+00:00
7953,Bryan Mills,bryanmills,MIN,CB,True,Active,,,,,1640724901885,Active,False,Sleeper,2026-09-03T14:35:58+00:00
13857,Bryce Phillips,brycephillips,MIN,DB,True,Active,,,,,,Active,False,Sleeper,2026-09-03T14:35:58+00:00
12941,Bryson Nesbit,brysonnesbit,MIN,TE,True,Inactive,Questionable,,,,1788230716065,Questionable,False,Sleeper,2026-09-03T14:35:58+00:00
5864,Byron Murphy,byronmurphy,MIN,CB,True,Active,,,,NB,1767761416997,Active,False,Sleeper,2026-09-03T14:35:58+00:00
13445,Caleb Banks,calebbanks,MIN,DT,True,Active,,,,LDE,1785544536396,Active,False,Sleeper,2026-09-03T14:35:58+00:00
13463,Caleb Tiernan,calebtiernan,MIN,OT,True,Active,Questionable,,,OL,1786832105199,Questionable,False,Sleeper,2026-09-03T14:35:58+00:00
12062,Cam Grandy,camgrandy,MIN,TE,True,Active,,,,,1788333927894,Active,False,Sleeper,2026-09-03T14:35:58+00:00
13614,Cam'Ron Stewart,camronstewart,MIN,LB,True,Active,,,,,,Active,False,Sleeper,2026-09-03T14:35:58+00:00
3161,Carson Wentz,carsonwentz,MIN,QB,True,Active,,,,QB,1788199812406,Active,False,Sleeper,2026-09-03T14:35:58+00:00
13513,Charles Demmings,charlesdemmings,MIN,CB,True,Active,,,,LCB,1777148122986,Active,False,Sleeper,2026-09-03T14:35:58+00:00
12879,Chaz Chambliss,chazchambliss,MIN,DE,True,Active,,,,LOLB,1757482236123,Active,False,Sleeper,2026-09-03T14:35:58+00:00
7631,Christian Darrisaw,christiandarrisaw,MIN,T,True,Active,,,,OL,1785459626604,Active,False,Sleeper,2026-09-03T14:35:58+00:00
13616,Da'Veawn Armstead,daveawnarmstead,MIN,CB,True,Active,,,,,,Active,False,Sleeper,2026-09-03T14:35:58+00:00
11667,Dallas Turner,dallasturner,MIN,LB,True,Active,,,,LOLB,1767762916997,Active,False,Sleeper,2026-09-03T14:35:58+00:00
6931,DeeJay Dallas,deejaydallas,MIN,RB,True,Active,,,,,1788395435400,Active,False,Sleeper,2026-09-03T14:35:58+00:00
13347,Demond Claiborne,demondclaiborne,MIN,RB,True,Active,,,,RB,1788015646392,Active,False,Sleeper,2026-09-03T14:35:58+00:00
13621,Dillon Bell,dillonbell,MIN,WR,True,Active,,,,,1788318626017,Active,False,Sleeper,2026-09-03T14:35:58+00:00
13464,Domonique Orange,domoniqueorange,MIN,DT,True,Active,,,,NT,1777088415971,Active,False,Sleeper,2026-09-03T14:35:58+00:00
12555,Donovan Jackson,donovanjackson,MIN,OL,True,Active,,,,OL,1782858017025,Active,False,Sleeper,2026-09-03T14:35:58+00:00
12946,Dontae Fleming,dontaefleming,MIN,WR,True,Inactive,IR,,,,1788230416210,Out,True,Sleeper,2026-09-03T14:35:58+00:00
11905,Dwight McGlothern,dwightmcglothern,MIN,DB,True,Inactive,Questionable,,,,1788190213020,Questionable,False,Sleeper,2026-09-03T14:35:58+00:00
3637,Eddie Yarbrough,eddieyarbrough,MIN,DE,True,Active,,,,,1627410960148,Active,False,Sleeper,2026-09-03T14:35:58+00:00
13196,Elijah Williams,elijahwilliams,MIN,DL,True,Active,,,,RDE,1786921217413,Active,False,Sleeper,2026-09-03T14:35:58+00:00
4413,Eric Wilson,ericwilson,MIN,LB,True,Active,,,,LILB,1783862411503,Active,False,Sleeper,2026-09-03T14:35:58+00:00
12700,Gavin Bartholomew,gavinbartholomew,MIN,TE,True,Active,,,,TE,1786920317421,Active,False,Sleeper,2026-09-03T14:35:58+00:00
13559,Gavin Gerhardt,gavingerhardt,MIN,OL,True,Active,,,,,1777160424177,Active,False,Sleeper,2026-09-03T14:35:58+00:00
11446,Henry Byrd,henrybyrd,MIN,G,True,Active,,,,,1736980217508,Active,False,Sleeper,2026-09-03T14:35:58+00:00
7133,Isaiah Rodgers,isaiahrodgers,MIN,CB,True,Active,,,,RCB,1771027504822,Active,False,Sleeper,2026-09-03T14:35:58+00:00
11086,Ivan Pace,ivanpace,MIN,LB,True,Active,,,,LILB,1776719433933,Active,False,Sleeper,2026-09-03T14:35:58+00:00
11565,J.J. McCarthy,jjmccarthy,MIN,QB,True,Active,,,,QB,1788373531422,Active,False,Sleeper,2026-09-03T14:35:58+00:00
12740,Jack Nelson,jacknelson,MIN,OT,True,Active,,,,,1788236416361,Active,False,Sleeper,2026-09-03T14:35:58+00:00
12072,Jacob Roberts,jacobroberts,MIN,LB,True,Inactive,IR,,,,1788233717049,Out,True,Sleeper,2026-09-03T14:35:58+00:00
13618,Jacob Thomas,jacobthomas,MIN,DB,True,Active,Questionable,,,,1788017147544,Questionable,False,Sleeper,2026-09-03T14:35:58+00:00
13163,Jahvaree Ritzie,jahvareeritzie,MIN,DT,True,Active,,,,,,Active,False,Sleeper,2026-09-03T14:35:58+00:00
13391,Jake Golday,jakegolday,MIN,LB,True,Active,,,,RILB,1777077015698,Active,False,Sleeper,2026-09-03T14:35:58+00:00
13462,Jakobe Thomas,jakobethomas,MIN,DB,True,Active,Questionable,,,SS,1786831209074,Questionable,False,Sleeper,2026-09-03T14:35:58+00:00
11328,Jalen Redmond,jalenredmond,MIN,DE,True,Active,,,,RDE,1776200102835,Active,False,Sleeper,2026-09-03T14:35:58+00:00
4077,Jamal Adams,jamaladams,MIN,SS,True,Inactive,IR,,,LB,1787007637195,Out,True,Sleeper,2026-09-03T14:35:58+00:00
7419,James Pierre,jamespierre,MIN,CB,True,Active,,,,LCB,1773078632616,Active,False,Sleeper,2026-09-03T14:35:58+00:00
7049,Jauan Jennings,jauanjennings,MIN,WR,True,Active,,,,SWR,1787943628045,Active,False,Sleeper,2026-09-03T14:35:58+00:00
10939,Jay Ward,jayward,MIN,DB,True,Active,,,,FS,1786921217411,Active,False,Sleeper,2026-09-03T14:35:58+00:00
7599,Jermar Jefferson,jermarjefferson,MIN,RB,True,Inactive,IR,,,RB,1788231016736,Out,True,Sleeper,2026-09-03T14:35:58+00:00
11911,Jeshaun Jones,jeshaunjones,MIN,WR,True,Active,Sus,,,RWR,1787935528630,Out,True,Sleeper,2026-09-03T14:35:58+00:00
12774,Joe Huber,joehuber,MIN,OG,True,Active,,,,OL,,Active,False,Sleeper,2026-09-03T14:35:58+00:00
9756,Jordan Addison,jordanaddison,MIN,WR,True,Active,,,,RWR,1788034248421,Active,False,Sleeper,2026-09-03T14:35:58+00:00
8408,Jordan Mason,jordanmason,MIN,RB,True,Active,,,,RB,1788397235877,Active,False,Sleeper,2026-09-03T14:35:58+00:00
5973,Josh Oliver,josholiver,MIN,TE,True,Active,,,,TE,1785795010082,Active,False,Sleeper,2026-09-03T14:35:58+00:00
12887,Joshua Gray,joshuagray,MIN,OL,True,Active,,,,,,Active,False,Sleeper,2026-09-03T14:35:58+00:00
6901,Joshua Metellus,joshuametellus,MIN,DB,True,Active,,,,SS,1786920617537,Active,False,Sleeper,2026-09-03T14:35:58+00:00
6794,Justin Jefferson,justinjefferson,MIN,WR,True,Active,,,,LWR,1788372931740,Active,False,Sleeper,2026-09-03T14:35:58+00:00
11489,Kahlef Hailassie,kahlefhailassie,MIN,CB,True,Active,,,,,1767664209027,Active,False,Sleeper,2026-09-03T14:35:58+00:00
12391,Kenny Dyson,kennydyson,MIN,LB,True,Inactive,IR,,,LB,1788233418169,Out,True,Sleeper,2026-09-03T14:35:58+00:00
2130,Kyle Van Noy,kylevannoy,MIN,LB,True,Active,,,,,1788320126127,Active,False,Sleeper,2026-09-03T14:35:58+00:00
5849,Kyler Murray,kylermurray,MIN,QB,True,Active,,,,QB,1788209710989,Active,False,Sleeper,2026-09-03T14:35:58+00:00
11819,Levi Drake Rodriguez,levidrakerodriguez,MIN,DT,True,Active,,,,NT,1771041905962,Active,False,Sleeper,2026-09-03T14:35:58+00:00
13611,Marcus Allen,marcusallen,MIN,CB,True,Inactive,,,,DB,,Active,False,Sleeper,2026-09-03T14:35:58+00:00
13032,Marshall Lang,marshalllang,MIN,TE,True,Active,,,,,1788334227816,Active,False,Sleeper,2026-09-03T14:35:58+00:00
13516,Max Bredeson,maxbredeson,MIN,RB,True,Active,,,,RB,1780615238081,Active,False,Sleeper,2026-09-03T14:35:58+00:00
12775,Max Brosmer,maxbrosmer,MIN,QB,True,Active,,,,,1788395135019,Active,False,Sleeper,2026-09-03T14:35:58+00:00
13890,Michael Briscoe,michaelbriscoe,MIN,WR,True,Active,,,,,1788321625851,Active,False,Sleeper,2026-09-03T14:35:58+00:00
11818,Michael Jurgens,michaeljurgens,MIN,OL,True,Active,IR,,,OL,1788219615982,Out,True,Sleeper,2026-09-03T14:35:58+00:00
MIN,Minnesota Vikings,minnesotavikings,MIN,DEF,True,,,,,,,Active,False,Sleeper,2026-09-03T14:35:58+00:00
13075,Myles Price,mylesprice,MIN,WR,True,Active,,,,SWR,1786824902758,Active,False,Sleeper,2026-09-03T14:35:58+00:00
7853,Naquan Jones,naquanjones,MIN,DT,True,Active,Questionable,,,,1788334227832,Questionable,False,Sleeper,2026-09-03T14:35:58+00:00
11840,Nick Samac,nicksamac,MIN,C,True,Active,,,,OL,1725311745133,Active,False,Sleeper,2026-09-03T14:35:58+00:00
8822,Ryan Van Demark,ryanvandemark,MIN,OL,True,Active,,,,OL,1782858016408,Active,False,Sleeper,2026-09-03T14:35:58+00:00
5844,T.J. Hockenson,tjhockenson,MIN,TE,True,Active,,,,TE,1787188817527,Active,False,Sleeper,2026-09-03T14:35:58+00:00
12496,Tai Felton,taifelton,MIN,WR,True,Active,,,,LWR,1787457027781,Active,False,Sleeper,2026-09-03T14:35:58+00:00
11930,Taki Taimani,takitaimani,MIN,DL,True,Inactive,IR,,,DL,1787705442424,Out,True,Sleeper,2026-09-03T14:35:58+00:00
5519,Tavierre Thomas,tavierrethomas,MIN,DB,True,Active,,,,,1788117657081,Active,False,Sleeper,2026-09-03T14:35:58+00:00
8496,Theo Jackson,theojackson,MIN,DB,True,Active,,,,FS,1771040705730,Active,False,Sleeper,2026-09-03T14:35:58+00:00
14038,Trayvon Rudolph,trayvonrudolph,MIN,WR,True,Active,,,,,1788322226148,Active,False,Sleeper,2026-09-03T14:35:58+00:00
11774,Trevor Keegan,trevorkeegan,MIN,OL,True,Active,,,,OL,1785988243738,Active,False,Sleeper,2026-09-03T14:35:58+00:00
13609,Tristan Leigh,tristanleigh,MIN,OL,True,Active,,,,,,Active,False,Sleeper,2026-09-03T14:35:58+00:00
12608,Tyler Batty,tylerbatty,MIN,DL,True,Inactive,IR,,,LB,1788130859881,Out,True,Sleeper,2026-09-03T14:35:58+00:00
13613,Tyreek Chappell,tyreekchappell,MIN,CB,True,Inactive,IR,,,DB,1787705742442,Out,True,Sleeper,2026-09-03T14:35:58+00:00
12683,Tyrion Ingram-Dawkins,tyrioningramdawkins,MIN,DE,True,Active,,,,LDE,1761177629621,Active,False,Sleeper,2026-09-03T14:35:58+00:00
7758,Will Fries,willfries,MIN,G,True,Active,,,,OL,1782858016185,Active,False,Sleeper,2026-09-03T14:35:58+00:00
11792,Will Reichard,willreichard,MIN,K,True,Active,,,,K,1787980243012,Active,False,Sleeper,2026-09-03T14:35:58+00:00
12942,Zemaiah Vaughn,zemaiahvaughn,MIN,CB,True,Active,,,,RCB,1767043526611,Active,False,Sleeper,2026-09-03T14:35:58+00:00
5859,A.J. Brown,ajbrown,NE,WR,True,Active,,,,LWR,1787880655255,Active,False,Sleeper,2026-09-03T14:35:58+00:00
3692,Alex Redmond,alexredmond,NE,OG,True,Inactive,,,,,1639548320878,Active,False,Sleeper,2026-09-03T14:35:58+00:00
7638,Alijah Vera-Tucker,alijahveratucker,NE,OL,True,Active,,,,OL,1782944424586,Active,False,Sleeper,2026-09-03T14:35:58+00:00
12713,Andy Borregales,andyborregales,NE,K,True,Active,,,,K,1787886955857,Active,False,Sleeper,2026-09-03T14:35:58+00:00
13295,Behren Morton,behrenmorton,NE,QB,True,Active,,,,QB,1787891456886,Active,False,Sleeper,2026-09-03T14:35:58+00:00
8787,Ben Brown,benbrown,NE,OG,True,Active,,,,OL,1788236116324,Active,False,Sleeper,2026-09-03T14:35:58+00:00
8726,Brenden Schooler,brendenschooler,NE,DB,True,Active,PUP,,,SS,1788130559464,Out,True,Sleeper,2026-09-03T14:35:58+00:00
11007,Bryce Baringer,brycebaringer,NE,P,True,Inactive,IR,,,P,1788237017153,Out,True,Sleeper,2026-09-03T14:35:58+00:00
13441,Caleb Lomu,caleblomu,NE,OT,True,Active,,,,OL,1782944425741,Active,False,Sleeper,2026-09-03T14:35:58+00:00
13962,Cameron Dorner,camerondorner,NE,WR,True,Active,,,,,1788399636472,Active,False,Sleeper,2026-09-03T14:35:58+00:00
10210,Cameron Latu,cameronlatu,NE,TE,True,Active,,,,TE,1788233418179,Active,False,Sleeper,2026-09-03T14:35:58+00:00
5054,Carlton Davis,carltondavis,NE,CB,True,Active,,,,LCB,1786815302419,Active,False,Sleeper,2026-09-03T14:35:58+00:00
13828,Channing Canada,channingcanada,NE,CB,True,Active,,,,RCB,,Active,False,Sleeper,2026-09-03T14:35:58+00:00
12137,Charles Woods,charleswoods,NE,CB,True,Active,,,,NB,1766940612551,Active,False,Sleeper,2026-09-03T14:35:58+00:00
7664,Christian Barmore,christianbarmore,NE,DT,True,Active,,,,RDE,1771128312745,Active,False,Sleeper,2026-09-03T14:35:58+00:00
7921,Christian Elliss,christianelliss,NE,LB,True,Active,,,,RILB,1771048506494,Active,False,Sleeper,2026-09-03T14:35:58+00:00
10881,Christian Gonzalez,christiangonzalez,NE,DB,True,Active,,,,RCB,1787871654026,Active,False,Sleeper,2026-09-03T14:35:58+00:00
12491,Corey Kiner,coreykiner,NE,RB,True,Active,,,,RB,1788035150497,Active,False,Sleeper,2026-09-03T14:35:58+00:00
11338,Cory Durden,corydurden,NE,DT,True,Active,,,,NT,1756456226085,Active,False,Sleeper,2026-09-03T14:35:58+00:00
12654,Craig Woodson,craigwoodson,NE,DB,True,Active,,,,SS,1767987959845,Active,False,Sleeper,2026-09-03T14:35:58+00:00
8011,DJ Daniel,djdaniel,NE,CB,True,Active,,,,,,Active,False,Sleeper,2026-09-03T14:35:58+00:00
13543,Dametrious Crownover,dametriouscrownover,NE,OT,True,Active,,,,OL,1777153225186,Active,False,Sleeper,2026-09-03T14:35:58+00:00
11807,Darius Muasau,dariusmuasau,NE,LB,True,Active,,,,LILB,1788234016821,Active,False,Sleeper,2026-09-03T14:35:58+00:00
9501,DeMario Douglas,demariodouglas,NE,WR,True,Active,,,,SWR,1788015946415,Active,False,Sleeper,2026-09-03T14:35:58+00:00
12115,Dell Pettus,dellpettus,NE,DB,True,Active,,,,SS,1736978717545,Active,False,Sleeper,2026-09-03T14:35:58+00:00
11564,Drake Maye,drakemaye,NE,QB,True,Active,,,,QB,1787964340618,Active,False,Sleeper,2026-09-03T14:35:58+00:00
5865,Dre'Mont Jones,dremontjones,NE,DE,True,Active,,,,LOLB,1773075632355,Active,False,Sleeper,2026-09-03T14:35:58+00:00
12542,Efton Chism,eftonchism,NE,WR,True,Active,,,,RWR,1787505631946,Active,False,Sleeper,2026-09-03T14:35:58+00:00
13421,Eli Raridon,eliraridon,NE,TE,True,Active,,,,TE,1787681439023,Active,False,Sleeper,2026-09-03T14:35:58+00:00
12978,Elijah Ponder,elijahponder,NE,DE,True,Active,,,,ROLB,1763309721025,Active,False,Sleeper,2026-09-03T14:35:58+00:00
14073,Eric Butler,ericbutler,NE,DB,True,Inactive,Questionable,,,,1788396936145,Questionable,False,Sleeper,2026-09-03T14:35:58+00:00
12752,Eric Gregory,ericgregory,NE,DT,True,Active,,,,,1780016424457,Active,False,Sleeper,2026-09-03T14:35:58+00:00
13739,Erick Hunter,erickhunter,NE,LB,True,Active,,,,LILB,1788334527977,Active,False,Sleeper,2026-09-03T14:35:58+00:00
13457,Gabe Jacas,gabejacas,NE,DE,True,Active,,,,LOLB,1785657952574,Active,False,Sleeper,2026-09-03T14:35:58+00:00
4771,Greg Van Roten,gregvanroten,NE,OG,True,Active,,,,OL,1787099150978,Active,False,Sleeper,2026-09-03T14:35:58+00:00
5030,Harold Landry,haroldlandry,NE,LB,True,Active,PUP,,,ROLB,1788292523010,Out,True,Sleeper,2026-09-03T14:35:58+00:00
8123,Hassan Haskins,hassanhaskins,NE,RB,True,Active,,,,,1788399036070,Active,False,Sleeper,2026-09-03T14:35:58+00:00
3214,Hunter Henry,hunterhenry,NE,TE,True,Active,,,,TE,1788279920782,Active,False,Sleeper,2026-09-03T14:35:58+00:00
11972,Isaiah Iton,isaiahiton,NE,DL,True,Inactive,IR,,,DL,1788234615485,Out,True,Sleeper,2026-09-03T14:35:58+00:00
13966,Jacob Rizy,jacobrizy,NE,OL,True,Active,,,,,,Active,False,Sleeper,2026-09-03T14:35:58+00:00
12382,Jake Kubas,jakekubas,NE,OG,True,Active,,,,,,Active,False,Sleeper,2026-09-03T14:35:58+00:00
13652,Jalen Hunt,jalenhunt,NE,DL,True,Active,,,,,1788334527963,Active,False,Sleeper,2026-09-03T14:35:58+00:00
12592,Jared Wilson,jaredwilson,NE,OL,True,Active,,,,OL,1786659045612,Active,False,Sleeper,2026-09-03T14:35:58+00:00
12710,Jaylen Reed,jaylenreed,NE,DB,True,Active,,,,FS,1787613341947,Active,False,Sleeper,2026-09-03T14:35:58+00:00
8914,Jeremiah Pharms,jeremiahpharms,NE,DT,True,Active,,,,,1766880905184,Active,False,Sleeper,2026-09-03T14:35:58+00:00
13124,Jeremiah Webb,jeremiahwebb,NE,WR,True,Inactive,IR,,,,1785104414293,Out,True,Sleeper,2026-09-03T14:35:58+00:00
13967,Jimmy Kibble,jimmykibble,NE,WR,True,Inactive,Questionable,,,,1788394235116,Questionable,False,Sleeper,2026-09-03T14:35:58+00:00
10998,Jose Ramirez,joseramirez,NE,DL,True,Active,,,,,1788334827683,Active,False,Sleeper,2026-09-03T14:35:58+00:00
12587,Joshua Farmer,joshuafarmer,NE,DL,True,Active,,,,LDE,1780360241286,Active,False,Sleeper,2026-09-03T14:35:58+00:00
12727,Julian Ashby,julianashby,NE,LS,True,Active,,,,LS,1745710827604,Active,False,Sleeper,2026-09-03T14:35:58+00:00
11371,Julian Hill,julianhill,NE,TE,True,Inactive,IR,,,TE,1780442450470,Out,True,Sleeper,2026-09-03T14:35:58+00:00
7815,K.J. Britt,kjbritt,NE,LB,True,Active,,,,,1788233418168,Active,False,Sleeper,2026-09-03T14:35:58+00:00
13510,Karon Prunty,karonprunty,NE,DB,True,Active,,,,LCB,1777148123001,Active,False,Sleeper,2026-09-03T14:35:58+00:00
3233,Kevin Byard,kevinbyard,NE,DB,True,Active,,,,FS,1783833607688,Active,False,Sleeper,2026-09-03T14:35:58+00:00
13915,Khalil Jacobs,khaliljacobs,NE,LB,True,Inactive,IR,,,RILB,1788237017149,Out,True,Sleeper,2026-09-03T14:35:58+00:00
6928,Kindle Vildor,kindlevildor,NE,DB,True,Active,,,,,1773985553319,Active,False,Sleeper,2026-09-03T14:35:58+00:00
13830,Kyle Dixon,kyledixon,NE,WR,True,Active,,,,,1788399337196,Active,False,Sleeper,2026-09-03T14:35:58+00:00
12547,Kyle Williams,kylewilliams,NE,WR,True,Active,,,,SWR,1787886956368,Active,False,Sleeper,2026-09-03T14:35:58+00:00
1666,LaRoy Reynolds,laroyreynolds,NE,LB,True,Active,,,,,1641346229670,Active,False,Sleeper,2026-09-03T14:35:58+00:00
12969,Lan Larison,lanlarison,NE,RB,True,Active,,,,,1788399036068,Active,False,Sleeper,2026-09-03T14:35:58+00:00
12031,Leonard Taylor,leonardtaylor,NE,DL,True,Active,,,,RDE,1769327751815,Active,False,Sleeper,2026-09-03T14:35:58+00:00
11263,Lorenz Metz,lorenzmetz,NE,OL,True,Active,,,,,,Active,False,Sleeper,2026-09-03T14:35:58+00:00
4177,Mack Hollins,mackhollins,NE,WR,True,Active,,,,LWR,1788391834636,Active,False,Sleeper,2026-09-03T14:35:58+00:00
12728,Marcus Bryant,marcusbryant,NE,OL,True,Active,IR,,,OL,1788219915575,Out,True,Sleeper,2026-09-03T14:35:58+00:00
8359,Marcus Jones,marcusjones,NE,DB,True,Active,,,,NB,1767987359724,Active,False,Sleeper,2026-09-03T14:35:58+00:00
2944,Matt LaCosse,mattlacosse,NE,TE,True,Active,,,,,1657731046065,Active,False,Sleeper,2026-09-03T14:35:58+00:00
8532,Mike Brown,mikebrown,NE,DB,True,Active,,,,,1773271252152,Active,False,Sleeper,2026-09-03T14:35:58+00:00
7123,Mike Onwenu,mikeonwenu,NE,OL,True,Active,,,,OL,1782944424410,Active,False,Sleeper,2026-09-03T14:35:58+00:00
7696,Milton Williams,miltonwilliams,NE,DT,True,Active,,,,LDE,1767387641379,Active,False,Sleeper,2026-09-03T14:35:58+00:00
6173,Mitch Wishnowsky,mitchwishnowsky,NE,P,True,Active,,,,,1788018047627,Active,False,Sleeper,2026-09-03T14:35:58+00:00
2098,Morgan Moses,morganmoses,NE,OL,True,Active,,,,OL,1782944423880,Active,False,Sleeper,2026-09-03T14:35:58+00:00
13542,Namdi Obiazor,namdiobiazor,NE,LB,True,Active,,,,RILB,1777153225313,Active,False,Sleeper,2026-09-03T14:35:58+00:00
NE,New England Patriots,newenglandpatriots,NE,DEF,True,,,,,,,Active,False,Sleeper,2026-09-03T14:35:58+00:00
13573,Quintayvious Hutchins,quintayvioushutchins,NE,DE,True,Active,,,,ROLB,1786752352495,Active,False,Sleeper,2026-09-03T14:35:58+00:00
7204,Reggie Gilliam,reggiegilliam,NE,RB,True,Active,,,,RB,1781216403641,Active,False,Sleeper,2026-09-03T14:35:58+00:00
7611,Rhamondre Stevenson,rhamondrestevenson,NE,RB,True,Active,,,,RB,1788443440898,Active,False,Sleeper,2026-09-03T14:35:58+00:00
13970,Riley Wilson,rileywilson,NE,LB,True,Active,,,,,,Active,False,Sleeper,2026-09-03T14:35:58+00:00
5726,Robert Spillane,robertspillane,NE,LB,True,Active,,,,LILB,1782879617618,Active,False,Sleeper,2026-09-03T14:35:58+00:00
8121,Romeo Doubs,romeodoubs,NE,WR,True,Active,,,,RWR,1787967041153,Active,False,Sleeper,2026-09-03T14:35:58+00:00
3228,Sean Davis,seandavis,NE,DB,True,Active,,,,,1660008057640,Active,False,Sleeper,2026-09-03T14:35:58+00:00
8041,Shane Zylstra,shanezylstra,NE,TE,True,Active,,,,,1788399636473,Active,False,Sleeper,2026-09-03T14:35:58+00:00
13827,Tanner Arkin,tannerarkin,NE,TE,True,Active,,,,TE,1778285742728,Active,False,Sleeper,2026-09-03T14:35:58+00:00
11292,Tommy DeVito,tommydevito,NE,QB,True,Active,,,,QB,1779920431123,Active,False,Sleeper,2026-09-03T14:35:58+00:00
12529,TreVeyon Henderson,treveyonhenderson,NE,RB,True,Active,Questionable,,,RB,1788297321632,Questionable,False,Sleeper,2026-09-03T14:35:58+00:00
11812,Walter Rouse,walterrouse,NE,OL,True,Active,,,,OL,1788131159549,Active,False,Sleeper,2026-09-03T14:35:58+00:00
12570,Will Campbell,willcampbell,NE,OT,True,Active,,,,OL,1782944425518,Active,False,Sleeper,2026-09-03T14:35:58+00:00
5767,Adonis Alexander,adonisalexander,NO,DB,False,Inactive,,,,,1634607309220,Inactive,True,Sleeper,2026-09-03T14:35:58+00:00
13640,Alan Herron,alanherron,NO,OT,True,Active,,,,,,Active,False,Sleeper,2026-09-03T14:35:58+00:00
13639,Alex Wollschlaeger,alexwollschlaeger,NO,OT,True,Active,,,,,,Active,False,Sleeper,2026-09-03T14:35:58+00:00
4035,Alvin Kamara,alvinkamara,NO,RB,True,Active,Questionable,,,RB,1788380732532,Questionable,False,Sleeper,2026-09-03T14:35:58+00:00
6848,Anfernee Jennings,anferneejennings,NO,LB,True,Active,,,,ROLB,1777271737281,Active,False,Sleeper,2026-09-03T14:35:58+00:00
10968,Asim Richards,asimrichards,NO,OL,True,Active,,,,OL,1766637634923,Active,False,Sleeper,2026-09-03T14:35:58+00:00
11579,Audric Estime,audricestime,NO,RB,True,Active,,,,RB,1788013846288,Active,False,Sleeper,2026-09-03T14:35:58+00:00
13533,Barion Brown,barionbrown,NO,WR,True,Active,,,,SWR,1787979343054,Active,False,Sleeper,2026-09-03T14:35:58+00:00
11469,Barry Wesley,barrywesley,NO,OL,True,Inactive,Questionable,,,,1788396636394,Questionable,False,Sleeper,2026-09-03T14:35:58+00:00
1979,Blake Bortles,blakebortles,NO,QB,True,Active,,,,,1664980259619,Active,False,Sleeper,2026-09-03T14:35:58+00:00
10874,Bryan Bresee,bryanbresee,NO,DT,True,Inactive,IR,,,DL,1786179629177,Out,True,Sleeper,2026-09-03T14:35:58+00:00
13420,Bryce Lance,brycelance,NO,WR,True,Active,,,,RWR,1787979042988,Active,False,Sleeper,2026-09-03T14:35:58+00:00
13277,CJ Donaldson,cjdonaldson,NO,RB,True,Active,,,,,1788400236602,Active,False,Sleeper,2026-09-03T14:35:58+00:00
957,Cameron Jordan,cameronjordan,NO,DE,True,Active,Questionable,,,LOLB,1786503345653,Questionable,False,Sleeper,2026-09-03T14:35:58+00:00
5912,Carl Granderson,carlgranderson,NO,DE,True,Active,,,,LOLB,1767926154696,Active,False,Sleeper,2026-09-03T14:35:58+00:00
10444,Cedric Tillman,cedrictillman,NO,WR,True,Active,,,,,1788402935623,Active,False,Sleeper,2026-09-03T14:35:58+00:00
6816,Cesar Ruiz,cesarruiz,NO,OL,True,Active,,,,OL,1783218058789,Active,False,Sleeper,2026-09-03T14:35:58+00:00
11653,Charlie Smyth,charliesmyth,NO,K,True,Active,,,,,1788217213386,Active,False,Sleeper,2026-09-03T14:35:58+00:00
6782,Chase Young,chaseyoung,NO,DE,True,Active,,,,ROLB,1772750152552,Active,False,Sleeper,2026-09-03T14:35:58+00:00
8144,Chris Olave,chrisolave,NO,WR,True,Active,,,,LWR,1788187811227,Active,False,Sleeper,2026-09-03T14:35:58+00:00
7721,Chris Rumph,chrisrumph,NO,LB,True,Active,Questionable,,,LOLB,1786227332916,Questionable,False,Sleeper,2026-09-03T14:35:58+00:00
13387,Christen Miller,christenmiller,NO,DL,True,Active,,,,NT,1787702741879,Active,False,Sleeper,2026-09-03T14:35:58+00:00
10952,Colby Wooden,colbywooden,NO,DE,True,Active,,,,LDE,1788215414535,Active,False,Sleeper,2026-09-03T14:35:58+00:00
5095,Daniel Carlson,danielcarlson,NO,K,True,Active,,,,K,1788115256909,Active,False,Sleeper,2026-09-03T14:35:58+00:00
12650,Danny Stutsman,dannystutsman,NO,LB,True,Active,,,,RILB,1771191617881,Active,False,Sleeper,2026-09-03T14:35:58+00:00
5904,David Edwards,davidedwards,NO,OL,True,Active,,,,OL,1783218058675,Active,False,Sleeper,2026-09-03T14:35:58+00:00
5914,David Long,davidlong,NO,CB,True,Inactive,IR,,,DB,1788219915600,Out,True,Sleeper,2026-09-03T14:35:58+00:00
4207,Davon Godchaux,davongodchaux,NO,DT,True,Active,,,,NT,1771191617894,Active,False,Sleeper,2026-09-03T14:35:58+00:00
11738,Decamerion Richardson,decamerionrichardson,NO,CB,True,Active,,,,LCB,1788301823774,Active,False,Sleeper,2026-09-03T14:35:58+00:00
6752,Derrick Kelly II,derrickkelly,NO,,True,Active,,,,,,Active,False,Sleeper,2026-09-03T14:35:58+00:00
11834,Devaughn Vele,devaughnvele,NO,WR,True,Active,,,,SWR,1787979942372,Active,False,Sleeper,2026-09-03T14:35:58+00:00
12476,Devin Neal,devinneal,NO,RB,True,Inactive,IR,,,RB,1788209112606,Out,True,Sleeper,2026-09-03T14:35:58+00:00
7650,Dillon Radunz,dillonradunz,NO,OL,True,Inactive,IR,,,OL,1786579212439,Out,True,Sleeper,2026-09-03T14:35:58+00:00
13025,Easton Kilty,eastonkilty,NO,OL,True,Active,,,,,,Active,False,Sleeper,2026-09-03T14:35:58+00:00
5744,Eldridge Massington,eldridgemassington,NO,WR,True,Active,,,,,1533507902281,Active,False,Sleeper,2026-09-03T14:35:58+00:00
5875,Erik McCoy,erikmccoy,NO,OL,True,Active,,,,OL,1786068608870,Active,False,Sleeper,2026-09-03T14:35:58+00:00
2237,Ethan Westbrooks,ethanwestbrooks,NO,DT,True,Active,,,,,1581780958155,Active,False,Sleeper,2026-09-03T14:35:58+00:00
12609,Fadil Diggs,fadildiggs,NO,DL,True,Active,,,,,1745709036717,Active,False,Sleeper,2026-09-03T14:35:58+00:00
11893,Isaiah Stalbird,isaiahstalbird,NO,LB,True,Active,,,,LILB,1724983506662,Active,False,Sleeper,2026-09-03T14:35:58+00:00
12051,Jackson Sirmon,jacksonsirmon,NO,LB,True,Active,,,,,1779931233778,Active,False,Sleeper,2026-09-03T14:35:58+00:00
11506,Jalen Moreno-Cropper,jalenmorenocropper,NO,WR,True,Active,,,,,1788400836593,Active,False,Sleeper,2026-09-03T14:35:58+00:00
13638,Jay'Viar Suggs,jayviarsuggs,NO,DT,True,Active,,,,,,Active,False,Sleeper,2026-09-03T14:35:58+00:00
12196,Jayden Price,jaydenprice,NO,CB,True,Active,,,,NB,1767665408954,Active,False,Sleeper,2026-09-03T14:35:58+00:00
11747,Jaylan Ford,jaylanford,NO,LB,True,Active,IR,,,RILB,1788220215541,Out,True,Sleeper,2026-09-03T14:35:58+00:00
13483,Jeremiah Wright,jeremiahwright,NO,G,True,Active,,,,OL,1786926018255,Active,False,Sleeper,2026-09-03T14:35:58+00:00
8306,John Ridgeway,johnridgeway,NO,DL,True,Active,Questionable,,,RDE,1787272553999,Questionable,False,Sleeper,2026-09-03T14:35:58+00:00
12619,Jonas Sanker,jonassanker,NO,DB,True,Active,,,,NB,1771191617882,Active,False,Sleeper,2026-09-03T14:35:58+00:00
10985,Jordan Howden,jordanhowden,NO,DB,True,Active,,,,SS,1759809645625,Active,False,Sleeper,2026-09-03T14:35:58+00:00
13281,Jordyn Tyson,jordyntyson,NO,WR,True,Inactive,IR,,,RWR,1788145806507,Out,True,Sleeper,2026-09-03T14:35:58+00:00
7044,Julian Blackmon,julianblackmon,NO,DB,True,Active,,,,FS,1786296629934,Active,False,Sleeper,2026-09-03T14:35:58+00:00
5036,Justin Reid,justinreid,NO,DB,True,Active,,,,SS,1772750152536,Active,False,Sleeper,2026-09-03T14:35:58+00:00
7002,Juwan Johnson,juwanjohnson,NO,TE,True,Active,,,,TE,1788409236329,Active,False,Sleeper,2026-09-03T14:35:58+00:00
6302,Kaden Elliss,kadenelliss,NO,LB,True,Active,,,,LILB,1773195943515,Active,False,Sleeper,2026-09-03T14:35:58+00:00
12569,Kelvin Banks,kelvinbanks,NO,OL,True,Active,,,,OL,1785547836818,Active,False,Sleeper,2026-09-03T14:35:58+00:00
9757,Kendre Miller,kendremiller,NO,RB,True,Active,Questionable,,,RB,1788378933836,Questionable,False,Sleeper,2026-09-03T14:35:58+00:00
8200,Kevin Austin,kevinaustin,NO,WR,True,Active,,,,,1788393034648,Active,False,Sleeper,2026-09-03T14:35:58+00:00
11796,Khristian Boyd,khristianboyd,NO,DL,True,Active,,,,NT,1757030449258,Active,False,Sleeper,2026-09-03T14:35:58+00:00
11675,Kool-Aid McKinstry,koolaidmckinstry,NO,DB,True,Active,,,,LCB,1785728161721,Active,False,Sleeper,2026-09-03T14:35:58+00:00
3356,Kyle Murphy,kylemurphy,NO,OT,True,Active,,,,,1640054416821,Active,False,Sleeper,2026-09-03T14:35:58+00:00
13509,Lorenzo Styles,lorenzostyles,NO,DB,True,Inactive,IR,,,FS,1788318626006,Out,True,Sleeper,2026-09-03T14:35:58+00:00
444,Malcolm Jenkins,malcolmjenkins,NO,SS,True,Active,,,,,1648656626335,Active,False,Sleeper,2026-09-03T14:35:58+00:00
8390,Martin Emerson,martinemerson,NO,DB,True,Active,,,,RCB,1777574426858,Active,False,Sleeper,2026-09-03T14:35:58+00:00
13944,Mason Murphy,masonmurphy,NO,OT,True,Active,,,,OL,,Active,False,Sleeper,2026-09-03T14:35:58+00:00
11895,Mason Tipton,masontipton,NO,WR,True,Active,PUP,,,LWR,1788201914889,Out,True,Sleeper,2026-09-03T14:35:58+00:00
13643,Michael Heldman,michaelheldman,NO,DE,True,Inactive,IR,,,DL,1788220515223,Out,True,Sleeper,2026-09-03T14:35:58+00:00
12960,Mike Reid,mikereid,NO,CB,True,Active,,,,SS,1785392417719,Active,False,Sleeper,2026-09-03T14:35:58+00:00
12480,Moliki Matavao,molikimatavao,NO,TE,True,Inactive,IR,,,TE,1787697941804,Out,True,Sleeper,2026-09-03T14:35:58+00:00
5043,Nathan Shepherd,nathanshepherd,NO,DT,True,Active,,,,RDE,1785548436831,Active,False,Sleeper,2026-09-03T14:35:58+00:00
NO,New Orleans Saints,neworleanssaints,NO,DEF,True,,,,,,,Active,False,Sleeper,2026-09-03T14:35:58+00:00
10964,Nick Saldiveri,nicksaldiveri,NO,OL,True,Active,PUP,,,OL,1778717729178,Out,True,Sleeper,2026-09-03T14:35:58+00:00
5857,Noah Fant,noahfant,NO,TE,True,Active,,,,TE,1782072654493,Active,False,Sleeper,2026-09-03T14:35:58+00:00
13319,Oscar Delp,oscardelp,NO,TE,True,Active,Questionable,,,TE,1787614241787,Questionable,False,Sleeper,2026-09-03T14:35:58+00:00
7647,Pete Werner,petewerner,NO,LB,True,Active,Questionable,,,RILB,1786298129748,Questionable,False,Sleeper,2026-09-03T14:35:58+00:00
5343,Quentin Poling,quentinpoling,NO,LB,True,Inactive,,,,,1629654038793,Active,False,Sleeper,2026-09-03T14:35:58+00:00
12638,Quincy Riley,quincyriley,NO,CB,True,Active,Questionable,,,RCB,1787123454423,Questionable,False,Sleeper,2026-09-03T14:35:58+00:00
11330,Rejzohn Wright,rejzohnwright,NO,CB,True,Inactive,IR,,,DB,1787614241816,Out,True,Sleeper,2026-09-03T14:35:58+00:00
8528,Ryan Wright,ryanwright,NO,P,True,Active,,,,P,,Active,False,Sleeper,2026-09-03T14:35:58+00:00
11562,Spencer Rattler,spencerrattler,NO,QB,True,Active,,,,QB,1788060351089,Active,False,Sleeper,2026-09-03T14:35:58+00:00
8583,Stone Smartt,stonesmartt,NO,TE,True,Active,,,,,1788401136571,Active,False,Sleeper,2026-09-03T14:35:58+00:00
13556,TJ Hall,tjhall,NO,CB,True,Active,,,,,1778480106470,Active,False,Sleeper,2026-09-03T14:35:58+00:00
11670,Taliese Fuaga,taliesefuaga,NO,OL,True,Active,,,,OL,1783218059297,Active,False,Sleeper,2026-09-03T14:35:58+00:00
7543,Travis Etienne,travisetienne,NO,RB,True,Active,,,,RB,1788444341520,Active,False,Sleeper,2026-09-03T14:35:58+00:00
9492,Trey Palmer,treypalmer,NO,WR,True,Active,,,,,1788400836593,Active,False,Sleeper,2026-09-03T14:35:58+00:00
12079,Treyton Welch,treytonwelch,NO,TE,True,Active,,,,,1788393334759,Active,False,Sleeper,2026-09-03T14:35:58+00:00
8230,Ty Chandler,tychandler,NO,RB,True,Inactive,IR,,,RB,1787697641245,Out,True,Sleeper,2026-09-03T14:35:58+00:00
12545,Tyler Shough,tylershough,NO,QB,True,Active,,,,QB,1788443441305,Active,False,Sleeper,2026-09-03T14:35:58+00:00
10889,Tyree Wilson,tyreewilson,NO,LB,True,Active,,,,ROLB,1777349120317,Active,False,Sleeper,2026-09-03T14:35:58+00:00
12618,Vernon Broughton,vernonbroughton,NO,DT,True,Active,,,,LDE,1785548136880,Active,False,Sleeper,2026-09-03T14:35:58+00:00
7798,William Sherman,williamsherman,NO,T,True,Active,,,,OL,1733970934633,Active,False,Sleeper,2026-09-03T14:35:58+00:00
7538,Zach Wilson,zachwilson,NO,QB,True,Active,,,,QB,1787976942824,Active,False,Sleeper,2026-09-03T14:35:58+00:00
3882,Zach Wood,zachwood,NO,LS,True,Active,,,,LS,1756953002949,Active,False,Sleeper,2026-09-03T14:35:58+00:00
8139,Zamir White,zamirwhite,NO,RB,True,Active,,,,,1788403535586,Active,False,Sleeper,2026-09-03T14:35:58+00:00
5668,Aaron Stinnie,aaronstinnie,NYG,G,True,Active,,,,OL,1743032417495,Active,False,Sleeper,2026-09-03T14:35:58+00:00
12574,Abdul Carter,abdulcarter,NYG,DL,True,Active,,,,ROLB,1786562120666,Active,False,Sleeper,2026-09-03T14:35:58+00:00
6810,Andrew Thomas,andrewthomas,NYG,T,True,Active,,,,OL,1786067408657,Active,False,Sleeper,2026-09-03T14:35:58+00:00
3702,Andy Jones,andyjones,NYG,WR,False,Inactive,,,,,1628571344765,Inactive,True,Sleeper,2026-09-03T14:35:58+00:00
7970,Ar'Darius Washington,ardariuswashington,NYG,DB,True,Active,,,,NB,1773444611581,Active,False,Sleeper,2026-09-03T14:35:58+00:00
13377,Arvell Reese,arvellreese,NYG,LB,True,Active,,,,LILB,1783923620088,Active,False,Sleeper,2026-09-03T14:35:58+00:00
13926,Ben Barten,benbarten,NYG,DL,True,Active,,,,,1787175060199,Active,False,Sleeper,2026-09-03T14:35:58+00:00
13832,Ben Mann,benmann,NYG,LS,True,Active,,,,LS,,Active,False,Sleeper,2026-09-03T14:35:58+00:00
13532,Bobby Jamison-Travis,bobbyjamisontravis,NYG,DL,True,Active,,,,RDE,1777153225056,Active,False,Sleeper,2026-09-03T14:35:58+00:00
3557,Brandon Williams,brandonwilliams,NYG,CB,False,Inactive,,,,LCB,1614741312901,Inactive,True,Sleeper,2026-09-03T14:35:58+00:00
5121,Braxton Berrios,braxtonberrios,NYG,WR,True,Active,,,,,1788214513627,Active,False,Sleeper,2026-09-03T14:35:58+00:00
5862,Brian Burns,brianburns,NYG,DE,True,Active,,,,LOLB,1786059306905,Active,False,Sleeper,2026-09-03T14:35:58+00:00
12131,Bryan Hudson,bryanhudson,NYG,OL,True,Active,,,,OL,,Active,False,Sleeper,2026-09-03T14:35:58+00:00
11240,C.J. Okoye,cjokoye,NYG,DL,True,Active,,,,NT,1788017747617,Active,False,Sleeper,2026-09-03T14:35:58+00:00
8125,Calvin Austin,calvinaustin,NYG,WR,True,Inactive,IR,,,,1787873754443,Out,True,Sleeper,2026-09-03T14:35:58+00:00
12481,Cam Skattebo,camskattebo,NYG,RB,True,Active,,,,RB,1788055550573,Active,False,Sleeper,2026-09-03T14:35:58+00:00
13155,Chandler Martin,chandlermartin,NYG,LB,True,Active,,,,,1787125554394,Active,False,Sleeper,2026-09-03T14:35:58+00:00
10228,Charlie Jones,charliejones,NYG,WR,True,Active,,,,,1788400536464,Active,False,Sleeper,2026-09-03T14:35:58+00:00
7693,Chauncey Golston,chaunceygolston,NYG,DE,True,Active,,,,LDE,1786921517301,Active,False,Sleeper,2026-09-03T14:35:58+00:00
3048,Chris Manhertz,chrismanhertz,NYG,TE,True,Active,,,,TE,1780442449780,Active,False,Sleeper,2026-09-03T14:35:58+00:00
6147,Clayton Thorson,claytonthorson,NYG,QB,True,Active,,,,,1641678956950,Active,False,Sleeper,2026-09-03T14:35:58+00:00
13367,Colton Hood,coltonhood,NYG,DB,True,Active,Questionable,,,RCB,1787616942248,Questionable,False,Sleeper,2026-09-03T14:35:58+00:00
3322,DJ Reader,djreader,NYG,DT,True,Active,,,,NT,1778014259783,Active,False,Sleeper,2026-09-03T14:35:58+00:00
12888,Dalen Cambre,dalencambre,NYG,WR,True,Active,,,,,1788400236578,Active,False,Sleeper,2026-09-03T14:35:58+00:00
8472,Darian Kinnard,dariankinnard,NYG,T,True,Active,,,,,1788222015562,Active,False,Sleeper,2026-09-03T14:35:58+00:00
12581,Darius Alexander,dariusalexander,NYG,DL,True,Active,,,,RDE,1780551607912,Active,False,Sleeper,2026-09-03T14:35:58+00:00
6149,Darius Slayton,dariusslayton,NYG,WR,True,Active,,,,RWR,1788147006849,Active,False,Sleeper,2026-09-03T14:35:58+00:00
7090,Darnell Mooney,darnellmooney,NYG,WR,True,Active,,,,SWR,1787750446637,Active,False,Sleeper,2026-09-03T14:35:58+00:00
10878,Deonte Banks,deontebanks,NYG,DB,True,Active,,,,DB,1777735549954,Active,False,Sleeper,2026-09-03T14:35:58+00:00
6130,Devin Singletary,devinsingletary,NYG,RB,True,Active,,,,RB,1787959840222,Active,False,Sleeper,2026-09-03T14:35:58+00:00
13833,Dominic Zvada,dominiczvada,NYG,K,True,Active,,,,K,1787973341459,Active,False,Sleeper,2026-09-03T14:35:58+00:00
11700,Dru Phillips,druphillips,NYG,DB,True,Active,Questionable,,,NB,1786813501486,Questionable,False,Sleeper,2026-09-03T14:35:58+00:00
7748,Dwayne Johnson,dwaynejohnson,NYG,DB,True,Inactive,,,,,1641934839753,Active,False,Sleeper,2026-09-03T14:35:58+00:00
5534,Elijah Campbell,elijahcampbell,NYG,DB,True,Active,,,,FS,1773507320731,Active,False,Sleeper,2026-09-03T14:35:58+00:00
11717,Elijah Jones,elijahjones,NYG,DB,True,Active,,,,,1754002242428,Active,False,Sleeper,2026-09-03T14:35:58+00:00
13449,Francis Mauigoa,francismauigoa,NYG,OT,True,Active,Questionable,,,OL,1787278254850,Questionable,False,Sleeper,2026-09-03T14:35:58+00:00
13928,Geno VanDeMark,genovandemark,NYG,OL,True,Active,,,,,,Active,False,Sleeper,2026-09-03T14:35:58+00:00
14071,Grant Finley,grantfinley,NYG,FB,True,Active,,,,,1788400236606,Active,False,Sleeper,2026-09-03T14:35:58+00:00
7630,Greg Newsome,gregnewsome,NYG,CB,True,Active,Questionable,,,RCB,1786814701873,Questionable,False,Sleeper,2026-09-03T14:35:58+00:00
6699,Gunner Olszewski,gunnerolszewski,NYG,WR,True,Inactive,IR,,,,1780359341535,Out,True,Sleeper,2026-09-03T14:35:58+00:00
8131,Isaiah Likely,isaiahlikely,NYG,TE,True,Active,,,,TE,1788366330585,Active,False,Sleeper,2026-09-03T14:35:58+00:00
13530,J.C. Davis,jcdavis,NYG,OT,True,Active,,,,OL,1777153225136,Active,False,Sleeper,2026-09-03T14:35:58+00:00
8313,JT Woods,jtwoods,NYG,DB,True,Active,,,,,1786437037419,Active,False,Sleeper,2026-09-03T14:35:58+00:00
13531,Jack Kelly,jackkelly,NYG,LB,True,Active,,,,RILB,1777153225156,Active,False,Sleeper,2026-09-03T14:35:58+00:00
10215,Jake Haener,jakehaener,NYG,QB,True,Active,,,,,1788235215827,Active,False,Sleeper,2026-09-03T14:35:58+00:00
9497,Jalin Hyatt,jalinhyatt,NYG,WR,True,Active,,,,,1788226213024,Active,False,Sleeper,2026-09-03T14:35:58+00:00
2306,Jameis Winston,jameiswinston,NYG,QB,True,Active,,,,QB,1780095941477,Active,False,Sleeper,2026-09-03T14:35:58+00:00
11001,Jarrick Bernard-Converse,jarrickbernardconverse,NYG,CB,True,Inactive,IR,,,DB,1786232414391,Out,True,Sleeper,2026-09-03T14:35:58+00:00
14053,Jarrod Gray,jarrodgray,NYG,OL,True,Active,,,,,,Active,False,Sleeper,2026-09-03T14:35:58+00:00
7816,Jason Pinnock,jasonpinnock,NYG,CB,True,Active,,,,SS,1773419451719,Active,False,Sleeper,2026-09-03T14:35:58+00:00
12508,Jaxson Dart,jaxsondart,NYG,QB,True,Active,,,,QB,1788361529881,Active,False,Sleeper,2026-09-03T14:35:58+00:00
4190,Jermaine Eluemunor,jermaineeluemunor,NYG,OL,True,Active,,,,OL,1783311609061,Active,False,Sleeper,2026-09-03T14:35:58+00:00
7666,Jevon Holland,jevonholland,NYG,DB,True,Active,,,,FS,1786060812633,Active,False,Sleeper,2026-09-03T14:35:58+00:00
10896,John Michael Schmitz,johnmichaelschmitz,NYG,OL,True,Active,Questionable,,,OL,1786413032372,Questionable,False,Sleeper,2026-09-03T14:35:58+00:00
6980,Jon Runyan,jonrunyan,NYG,G,True,Active,,,,OL,1783311609281,Active,False,Sleeper,2026-09-03T14:35:58+00:00
8467,Jordan Stout,jordanstout,NYG,P,True,Active,,,,P,1773087333511,Active,False,Sleeper,2026-09-03T14:35:58+00:00
4371,Josh Tupou,joshtupou,NYG,DT,True,Active,,,,,1779931834896,Active,False,Sleeper,2026-09-03T14:35:58+00:00
8355,Kayvon Thibodeaux,kayvonthibodeaux,NYG,DL,True,Active,,,,ROLB,1779408642896,Active,False,Sleeper,2026-09-03T14:35:58+00:00
12384,Kingsley Eguakun,kingsleyeguakun,NYG,OL,True,Active,,,,,1786919417429,Active,False,Sleeper,2026-09-03T14:35:58+00:00
12716,Korie Black,korieblack,NYG,CB,True,Active,IR,,,LCB,1788220515214,Out,True,Sleeper,2026-09-03T14:35:58+00:00
7377,Kyle Murphy,kylemurphy,NYG,OL,True,Active,,,,,1639450806097,Active,False,Sleeper,2026-09-03T14:35:58+00:00
1642,Levine Toilolo,levinetoilolo,NYG,TE,True,Inactive,,,,,1628556643817,Active,False,Sleeper,2026-09-03T14:35:58+00:00
13285,Malachi Fields,malachifields,NYG,WR,True,Active,,,,LWR,1787932526550,Active,False,Sleeper,2026-09-03T14:35:58+00:00
11632,Malik Nabers,maliknabers,NYG,WR,True,Active,Questionable,,,LWR,1788379532360,Questionable,False,Sleeper,2026-09-03T14:35:58+00:00
12582,Marcus Mbow,marcusmbow,NYG,OL,True,Active,,,,OL,1745693729935,Active,False,Sleeper,2026-09-03T14:35:58+00:00
8396,Micah McFadden,micahmcfadden,NYG,LB,True,Active,,,,LILB,1773164440748,Active,False,Sleeper,2026-09-03T14:35:58+00:00
7528,Najee Harris,najeeharris,NYG,RB,True,Active,,,,RB,1788024947574,Active,False,Sleeper,2026-09-03T14:35:58+00:00
1035,Nate Ebner,nateebner,NYG,DB,True,Inactive,,,,,1637865623597,Active,False,Sleeper,2026-09-03T14:35:58+00:00
NYG,New York Giants,newyorkgiants,NYG,DEF,True,,,,,,,Active,False,Sleeper,2026-09-03T14:35:58+00:00
11029,Nic Jones,nicjones,NYG,CB,True,Active,,,,NB,1773335143319,Active,False,Sleeper,2026-09-03T14:35:58+00:00
2078,Odell Beckham,odellbeckham,NYG,WR,True,Active,,,,RWR,1788123957288,Active,False,Sleeper,2026-09-03T14:35:58+00:00
4353,Patrick Ricard,patrickricard,NYG,FB,True,Active,,,,RB,1780615237009,Active,False,Sleeper,2026-09-03T14:35:58+00:00
7669,Paulson Adebo,paulsonadebo,NYG,CB,True,Active,Questionable,,,LCB,1786814101617,Questionable,False,Sleeper,2026-09-03T14:35:58+00:00
8578,Raheem Layne,raheemlayne,NYG,DB,True,Active,,,,,1761416442637,Active,False,Sleeper,2026-09-03T14:35:58+00:00
11899,Rico Payton,ricopayton,NYG,CB,True,Inactive,IR,,,DB,1783545942071,Out,True,Sleeper,2026-09-03T14:35:58+00:00
3526,Roy Robertson-Harris,royrobertsonharris,NYG,DE,True,Inactive,IR,,,DL,1785996945485,Out,True,Sleeper,2026-09-03T14:35:58+00:00
13882,Ryan Schernecke,ryanschernecke,NYG,OL,True,Active,,,,,,Active,False,Sleeper,2026-09-03T14:35:58+00:00
2033,Shelby Harris,shelbyharris,NYG,DE,True,Active,,,,LDE,1777518321687,Active,False,Sleeper,2026-09-03T14:35:58+00:00
4349,Taquan Mizzell,taquanmizzell,NYG,RB,True,Inactive,,,,,1627665303950,Active,False,Sleeper,2026-09-03T14:35:58+00:00
13868,Thaddeus Dixon,thaddeusdixon,NYG,CB,True,Inactive,IR,,,DB,1778803536166,Out,True,Sleeper,2026-09-03T14:35:58+00:00
11597,Theo Johnson,theojohnson,NYG,TE,True,Active,Questionable,,,TE,1788301823760,Questionable,False,Sleeper,2026-09-03T14:35:58+00:00
12715,Thomas Fidone,thomasfidone,NYG,TE,True,Active,,,,TE,1785289204488,Active,False,Sleeper,2026-09-03T14:35:58+00:00
7149,Tommy Stevens,tommystevens,NYG,TE,True,Active,,,,,1641327609095,Active,False,Sleeper,2026-09-03T14:35:58+00:00
13137,Trace Ford,traceford,NYG,DL,True,Active,,,,,1767665408928,Active,False,Sleeper,2026-09-03T14:35:58+00:00
4968,Tremaine Edmunds,tremaineedmunds,NYG,LB,True,Active,,,,RILB,1783927219046,Active,False,Sleeper,2026-09-03T14:35:58+00:00
11674,Tyler Nubin,tylernubin,NYG,DB,True,Active,,,,SS,1779408642893,Active,False,Sleeper,2026-09-03T14:35:58+00:00
11655,Tyrone Tracy,tyronetracy,NYG,RB,True,Active,Questionable,,,RB,1788298521792,Questionable,False,Sleeper,2026-09-03T14:35:58+00:00
3763,Woodrow Hamilton,woodrowhamilton,NYG,DT,True,Active,,,,,1641934539927,Active,False,Sleeper,2026-09-03T14:35:58+00:00
11000,Zaire Barnes,zairebarnes,NYG,LB,True,Active,,,,RILB,1773526820582,Active,False,Sleeper,2026-09-03T14:35:58+00:00
11625,Adonai Mitchell,adonaimitchell,NYJ,WR,True,Active,,,,RWR,1788381332537,Active,False,Sleeper,2026-09-03T14:35:58+00:00
13779,Al-Jay Henderson,aljayhenderson,NYJ,RB,True,Active,,,,,,Active,False,Sleeper,2026-09-03T14:35:58+00:00
7698,Andre Cisco,andrecisco,NYJ,DB,True,Active,,,,FS,1786810801019,Active,False,Sleeper,2026-09-03T14:35:58+00:00
6323,Andrew Beck,andrewbeck,NYJ,RB,True,Active,,,,RB,1781216403497,Active,False,Sleeper,2026-09-03T14:35:58+00:00
13539,Anez Cooper,anezcooper,NYJ,G,True,Active,IR,,,OL,1788140407831,Out,True,Sleeper,2026-09-03T14:35:58+00:00
12539,Arian Smith,ariansmith,NYJ,WR,True,Active,,,,RWR,1781310034279,Active,False,Sleeper,2026-09-03T14:35:58+00:00
12572,Armand Membou,armandmembou,NYJ,OL,True,Active,,,,OL,1783311609969,Active,False,Sleeper,2026-09-03T14:35:58+00:00
12076,Austin McNamara,austinmcnamara,NYJ,P,True,Active,,,,P,,Active,False,Sleeper,2026-09-03T14:35:58+00:00
12601,Azareye'h Thomas,azareyehthomas,NYJ,DB,True,Active,,,,LCB,1780360841288,Active,False,Sleeper,2026-09-03T14:35:58+00:00
8157,Bailey Zappe,baileyzappe,NYJ,QB,True,Active,,,,,1788404435790,Active,False,Sleeper,2026-09-03T14:35:58+00:00
11058,Blake Grupe,blakegrupe,NYJ,K,True,Active,,,,K,1788214813724,Active,False,Sleeper,2026-09-03T14:35:58+00:00
11576,Braelon Allen,braelonallen,NYJ,RB,True,Active,,,,RB,1787893556505,Active,False,Sleeper,2026-09-03T14:35:58+00:00
12030,Braiden McGregor,braidenmcgregor,NYJ,DE,True,Active,,,,ROLB,1763601055975,Active,False,Sleeper,2026-09-03T14:35:58+00:00
7685,Brandon Stephens,brandonstephens,NYJ,DB,True,Active,,,,RCB,1785992444548,Active,False,Sleeper,2026-09-03T14:35:58+00:00
8155,Breece Hall,breecehall,NYJ,RB,True,Active,Questionable,,,RB,1788064251431,Questionable,False,Sleeper,2026-09-03T14:35:58+00:00
8046,Brendon White,brendonwhite,NYJ,LB,True,Active,,,,,1660141834980,Active,False,Sleeper,2026-09-03T14:35:58+00:00
13303,Cade Klubnik,cadeklubnik,NYJ,QB,True,Active,,,,QB,1788203114293,Active,False,Sleeper,2026-09-03T14:35:58+00:00
7061,Cameron Clark,cameronclark,NYJ,OT,True,Inactive,,,,,1651074030794,Active,False,Sleeper,2026-09-03T14:35:58+00:00
13839,Chase Curtis,chasecurtis,NYJ,TE,True,Inactive,Questionable,,,,1788393934824,Questionable,False,Sleeper,2026-09-03T14:35:58+00:00
5023,Chukwuma Okorafor,chukwumaokorafor,NYJ,OL,True,Active,,,,OL,1783311609137,Active,False,Sleeper,2026-09-03T14:35:58+00:00
14069,Connor Hulstein,connorhulstein,NYJ,TE,True,Inactive,Questionable,,,,1788231316129,Questionable,False,Sleeper,2026-09-03T14:35:58+00:00
13386,D'Angelo Ponds,dangeloponds,NYJ,DB,True,Active,Questionable,,,NB,1788213014177,Questionable,False,Sleeper,2026-09-03T14:35:58+00:00
8395,Dane Belton,danebelton,NYJ,DB,True,Active,,,,SS,1773098736095,Active,False,Sleeper,2026-09-03T14:35:58+00:00
13504,Darrell Jackson,darrelljackson,NYJ,DT,True,Active,,,,NT,1777140921640,Active,False,Sleeper,2026-09-03T14:35:58+00:00
13363,David Bailey,davidbailey,NYJ,LB,True,Active,,,,LOLB,1786483542972,Active,False,Sleeper,2026-09-03T14:35:58+00:00
3281,David Onyemata,davidonyemata,NYJ,DT,True,Active,,,,LDE,1773082234248,Active,False,Sleeper,2026-09-03T14:35:58+00:00
13438,DeaMonte Trayanum,deamontetrayanum,NYJ,RB,True,Inactive,,,,RB,,Active,False,Sleeper,2026-09-03T14:35:58+00:00
1052,Demario Davis,demariodavis,NYJ,LB,True,Active,,,,RILB,1783819206646,Active,False,Sleeper,2026-09-03T14:35:58+00:00
13725,Dominic Richardson,dominicrichardson,NYJ,RB,True,Inactive,IR,,,RB,1788231617282,Out,True,Sleeper,2026-09-03T14:35:58+00:00
8458,Dylan Parham,dylanparham,NYJ,OL,True,Active,,,,OL,1783311609507,Active,False,Sleeper,2026-09-03T14:35:58+00:00
6657,Freedom Akinmoladun,freedomakinmoladun,NYJ,DE,True,Active,,,,,1609790744660,Active,False,Sleeper,2026-09-03T14:35:58+00:00
8146,Garrett Wilson,garrettwilson,NYJ,WR,True,Active,,,,LWR,1788032148248,Active,False,Sleeper,2026-09-03T14:35:58+00:00
1373,Geno Smith,genosmith,NYJ,QB,True,Active,,,,QB,1787886955855,Active,False,Sleeper,2026-09-03T14:35:58+00:00
5049,Harrison Phillips,harrisonphillips,NYJ,DT,True,Active,,,,RDE,1767824145453,Active,False,Sleeper,2026-09-03T14:35:58+00:00
11571,Isaiah Davis,isaiahdavis,NYJ,RB,True,Active,Questionable,,,RB,1788392434696,Questionable,False,Sleeper,2026-09-03T14:35:58+00:00
11608,Isaiah Williams,isaiahwilliams,NYJ,WR,True,Active,,,,SWR,1786895112830,Active,False,Sleeper,2026-09-03T14:35:58+00:00
7880,Jack Heflin,jackheflin,NYJ,DT,True,Active,,,,,1770531904218,Active,False,Sleeper,2026-09-03T14:35:58+00:00
14023,Jaden Keller,jadenkeller,NYJ,LB,True,Active,,,,,,Active,False,Sleeper,2026-09-03T14:35:58+00:00
12925,Jamaal Pritchett,jamaalpritchett,NYJ,WR,True,Active,,,,,1788403537731,Active,False,Sleeper,2026-09-03T14:35:58+00:00
7841,Jamien Sherwood,jamiensherwood,NYJ,LB,True,Active,,,,LILB,1782703223263,Active,False,Sleeper,2026-09-03T14:35:58+00:00
11766,Jarvis Brownlee,jarvisbrownlee,NYJ,DB,True,Active,,,,NB,1786810260861,Active,False,Sleeper,2026-09-03T14:35:58+00:00
5119,Jason Sanders,jasonsanders,NYJ,K,True,Active,,,,,1788233115973,Active,False,Sleeper,2026-09-03T14:35:58+00:00
8219,Jelani Woods,jelaniwoods,NYJ,TE,True,Active,,,,TE,1786056059392,Active,False,Sleeper,2026-09-03T14:35:58+00:00
8145,Jeremy Ruckert,jeremyruckert,NYJ,TE,True,Active,,,,TE,1780442450236,Active,False,Sleeper,2026-09-03T14:35:58+00:00
10907,Joe Tippmann,joetippmann,NYJ,OL,True,Active,,,,OL,1783311609574,Active,False,Sleeper,2026-09-03T14:35:58+00:00
12923,Jordan Clark,jordanclark,NYJ,DB,True,Active,,,,,1765049438582,Active,False,Sleeper,2026-09-03T14:35:58+00:00
7873,Jordan Meredith,jordanmeredith,NYJ,OL,True,Active,,,,OL,1788129659102,Active,False,Sleeper,2026-09-03T14:35:58+00:00
7678,Joseph Ossai,josephossai,NYJ,DE,True,Active,Questionable,,,ROLB,1788212714668,Questionable,False,Sleeper,2026-09-03T14:35:58+00:00
7645,Josh Myers,joshmyers,NYJ,OL,True,Active,,,,OL,1783311609390,Active,False,Sleeper,2026-09-03T14:35:58+00:00
3668,Joshua Perkins,joshuaperkins,NYJ,TE,True,Active,,,,,1640841938739,Active,False,Sleeper,2026-09-03T14:35:58+00:00
11846,Jowon Briggs,jowonbriggs,NYJ,DE,True,Active,,,,LDE,1772756451820,Active,False,Sleeper,2026-09-03T14:35:58+00:00
6405,Ken Webster,kenwebster,NYJ,CB,True,Inactive,,,,,1640897143055,Active,False,Sleeper,2026-09-03T14:35:58+00:00
7720,Kene Nwangwu,kenenwangwu,NYJ,RB,True,Active,,,,RB,1780024825593,Active,False,Sleeper,2026-09-03T14:35:58+00:00
13330,Kenyon Sadiq,kenyonsadiq,NYJ,TE,True,Active,Questionable,,,TE,1788212411426,Questionable,False,Sleeper,2026-09-03T14:35:58+00:00
12666,Kiko Mauigoa,kikomauigoa,NYJ,LB,True,Active,,,,RILB,1786811701239,Active,False,Sleeper,2026-09-03T14:35:58+00:00
8382,Kingsley Enagbare,kingsleyenagbare,NYJ,DL,True,Active,,,,LOLB,1787091042615,Active,False,Sleeper,2026-09-03T14:35:58+00:00
8776,Kingsley Jonathan,kingsleyjonathan,NYJ,DT,True,Inactive,IR,,,DL,1787185818532,Out,True,Sleeper,2026-09-03T14:35:58+00:00
12429,Kohl Levao,kohllevao,NYJ,OL,True,Active,,,,,,Active,False,Sleeper,2026-09-03T14:35:58+00:00
12639,Malachi Moore,malachimoore,NYJ,DB,True,Active,,,,FS,1767823545211,Active,False,Sleeper,2026-09-03T14:35:58+00:00
13825,Malik McClain,malikmcclain,NYJ,WR,True,Active,,,,,1788403237684,Active,False,Sleeper,2026-09-03T14:35:58+00:00
8618,Marcelino McCrary-Ball,marcelinomccraryball,NYJ,LB,True,Active,,,,LILB,1775784947228,Active,False,Sleeper,2026-09-03T14:35:58+00:00
8507,Marquis Hayes,marquishayes,NYJ,OL,True,Active,,,,,1686613560688,Active,False,Sleeper,2026-09-03T14:35:58+00:00
12498,Mason Taylor,masontaylor,NYJ,TE,True,Active,,,,TE,1787784957676,Active,False,Sleeper,2026-09-03T14:35:58+00:00
8468,Max Mitchell,maxmitchell,NYJ,T,True,Active,,,,OL,1773257449351,Active,False,Sleeper,2026-09-03T14:35:58+00:00
4963,Minkah Fitzpatrick,minkahfitzpatrick,NYJ,DB,True,Active,,,,SS,1773064531000,Active,False,Sleeper,2026-09-03T14:35:58+00:00
13874,Mory Bamba,morybamba,NYJ,CB,True,Active,,,,,1788224115709,Active,False,Sleeper,2026-09-03T14:35:58+00:00
7012,Mykal Walker,mykalwalker,NYJ,LB,True,Inactive,IR,,,LB,1788220515186,Out,True,Sleeper,2026-09-03T14:35:58+00:00
3050,Myles White,myleswhite,NYJ,WR,False,Active,,,,SWR,,Active,False,Sleeper,2026-09-03T14:35:58+00:00
7687,Nahshon Wright,nahshonwright,NYJ,CB,True,Active,Questionable,,,LCB,1773182142772,Questionable,False,Sleeper,2026-09-03T14:35:58+00:00
12155,Nate Lynn,natelynn,NYJ,DL,True,Active,,,,,1777596628143,Active,False,Sleeper,2026-09-03T14:35:58+00:00
NYJ,New York Jets,newyorkjets,NYJ,DEF,True,,,,,,,Active,False,Sleeper,2026-09-03T14:35:58+00:00
11671,Olu Fashanu,olufashanu,NYJ,OL,True,Active,,,,OL,1749266146992,Active,False,Sleeper,2026-09-03T14:35:58+00:00
13276,Omar Cooper,omarcooper,NYJ,WR,True,Active,,,,SWR,1788376531919,Active,False,Sleeper,2026-09-03T14:35:58+00:00
13262,Paschal Ekeji,paschalekeji,NYJ,DE,True,Active,,,,,,Active,False,Sleeper,2026-09-03T14:35:58+00:00
13181,Payton Page,paytonpage,NYJ,DT,True,Active,,,,,,Active,False,Sleeper,2026-09-03T14:35:58+00:00
11755,Qwan'tez Stiggers,qwantezstiggers,NYJ,CB,True,Active,Questionable,,,RCB,1787184017431,Questionable,False,Sleeper,2026-09-03T14:35:58+00:00
3299,Ronald Blair,ronaldblair,NYJ,DE,True,Active,,,,,1639881954567,Active,False,Sleeper,2026-09-03T14:35:58+00:00
8478,Samuel Womack,samuelwomack,NYJ,CB,True,Active,,,,,1764700836191,Active,False,Sleeper,2026-09-03T14:35:58+00:00
11691,T'Vondre Sweat,tvondresweat,NYJ,DL,True,Active,,,,NT,1787009737632,Active,False,Sleeper,2026-09-03T14:35:58+00:00
4325,Thomas Hennessy,thomashennessy,NYJ,LS,True,Active,,,,LS,1570309238991,Active,False,Sleeper,2026-09-03T14:35:58+00:00
4351,Tim Patrick,timpatrick,NYJ,WR,True,Active,,,,LWR,1785287702682,Active,False,Sleeper,2026-09-03T14:35:58+00:00
7707,Tre Brown,trebrown,NYJ,CB,True,Inactive,IR,,,RCB,1788220815377,Out,True,Sleeper,2026-09-03T14:35:58+00:00
11724,Trevin Wallace,trevinwallace,NYJ,LB,True,Active,,,,RILB,1788216014367,Active,False,Sleeper,2026-09-03T14:35:58+00:00
6353,Troy Reeder,troyreeder,NYJ,LB,True,Active,,,,,1785194450320,Active,False,Sleeper,2026-09-03T14:35:58+00:00
12655,Tyler Baron,tylerbaron,NYJ,DE,True,Active,PUP,,,LOLB,1788220515223,Out,True,Sleeper,2026-09-03T14:35:58+00:00
13567,VJ Payne,vjpayne,NYJ,DB,True,Active,IR,,,SS,1788141007207,Out,True,Sleeper,2026-09-03T14:35:58+00:00
10883,Will McDonald,willmcdonald,NYJ,DE,True,Active,,,,ROLB,1777505418299,Active,False,Sleeper,2026-09-03T14:35:58+00:00
8926,Xavier Newman,xaviernewman,NYJ,OL,True,Active,,,,,1773335443325,Active,False,Sleeper,2026-09-03T14:35:58+00:00
4925,Jordan Wade,jordanwade,OAK,G,True,Active,,,,,,Active,False,Sleeper,2026-09-03T14:35:58+00:00
6802,A.J. Epenesa,ajepenesa,PHI,DE,True,Active,,,,ROLB,1781128516860,Active,False,Sleeper,2026-09-03T14:35:58+00:00
12604,Andrew Mukuba,andrewmukuba,PHI,DB,True,Active,,,,FS,1779911429616,Active,False,Sleeper,2026-09-03T14:35:58+00:00
829,Andy Dalton,andydalton,PHI,QB,True,Active,,,,QB,1787976042564,Active,False,Sleeper,2026-09-03T14:35:58+00:00
8325,Arnold Ebiketie,arnoldebiketie,PHI,DL,True,Active,,,,ROLB,1773417950011,Active,False,Sleeper,2026-09-03T14:35:58+00:00
7261,Arryn Siposs,arrynsiposs,PHI,P,True,Active,,,,,1676240451596,Active,False,Sleeper,2026-09-03T14:35:58+00:00
6950,Braden Mann,bradenmann,PHI,P,True,Active,,,,P,1773339643661,Active,False,Sleeper,2026-09-03T14:35:58+00:00
1098,Brandon Brooks,brandonbrooks,PHI,G,True,Inactive,,,,,1643215847058,Active,False,Sleeper,2026-09-03T14:35:58+00:00
8414,Britain Covey,britaincovey,PHI,WR,True,Active,,,,,1788403837412,Active,False,Sleeper,2026-09-03T14:35:58+00:00
10925,Byron Young,byronyoung,PHI,DL,True,Active,Questionable,,,RDE,1787184622736,Questionable,False,Sleeper,2026-09-03T14:35:58+00:00
8453,Cam Jurgens,camjurgens,PHI,OL,True,Active,,,,OL,1783362015801,Active,False,Sleeper,2026-09-03T14:35:58+00:00
11582,Carson Steele,carsonsteele,PHI,RB,True,Active,,,,,1788405935915,Active,False,Sleeper,2026-09-03T14:35:58+00:00
8369,Chance Campbell,chancecampbell,PHI,LB,True,Active,,,,,1788195913665,Active,False,Sleeper,2026-09-03T14:35:58+00:00
4935,Charles Walker,charleswalker,PHI,DT,True,Active,,,,,,Active,False,Sleeper,2026-09-03T14:35:58+00:00
13335,Cole Payton,colepayton,PHI,QB,True,Active,,,,QB,1786850407568,Active,False,Sleeper,2026-09-03T14:35:58+00:00
13561,Cole Wisniewski,colewisniewski,PHI,DB,True,Active,,,,,1788192913336,Active,False,Sleeper,2026-09-03T14:35:58+00:00
11678,Cooper DeJean,cooperdejean,PHI,DB,True,Active,Questionable,,,NB,1786659645736,Questionable,False,Sleeper,2026-09-03T14:35:58+00:00
5022,Dallas Goedert,dallasgoedert,PHI,TE,True,Active,,,,TE,1788356429232,Active,False,Sleeper,2026-09-03T14:35:58+00:00
8129,Dameon Pierce,dameonpierce,PHI,RB,True,Active,,,,,1788404137676,Active,False,Sleeper,2026-09-03T14:35:58+00:00
8176,Danny Gray,dannygray,PHI,WR,True,Active,,,,,1788282620408,Active,False,Sleeper,2026-09-03T14:35:58+00:00
13150,Darius Cooper,dariuscooper,PHI,WR,True,Active,,,,RWR,1787506232203,Active,False,Sleeper,2026-09-03T14:35:58+00:00
7525,DeVonta Smith,devontasmith,PHI,WR,True,Active,,,,LWR,1788063951418,Active,False,Sleeper,2026-09-03T14:35:58+00:00
9486,Dontayvion Wicks,dontayvionwicks,PHI,WR,True,Active,,,,RWR,1787767548071,Active,False,Sleeper,2026-09-03T14:35:58+00:00
12663,Drew Kendall,drewkendall,PHI,C,True,Active,,,,OL,1745698527993,Active,False,Sleeper,2026-09-03T14:35:58+00:00
6690,Duplicate Player,duplicateplayer,PHI,CB,False,Inactive,,,,,,Inactive,True,Sleeper,2026-09-03T14:35:58+00:00
11304,E.J. Jenkins,ejjenkins,PHI,TE,True,Active,,,,TE,1768343419420,Active,False,Sleeper,2026-09-03T14:35:58+00:00
13349,Eli Stowers,elistowers,PHI,TE,True,Active,Questionable,,,TE,1787772649217,Questionable,False,Sleeper,2026-09-03T14:35:58+00:00
7596,Elijah Moore,elijahmoore,PHI,WR,True,Active,,,,LWR,1788059452419,Active,False,Sleeper,2026-09-03T14:35:58+00:00
6024,Fred Johnson,fredjohnson,PHI,T,True,Active,,,,OL,1783362015275,Active,False,Sleeper,2026-09-03T14:35:58+00:00
12071,Gabe Hall,gabehall,PHI,DT,True,Active,,,,,1769195122678,Active,False,Sleeper,2026-09-03T14:35:58+00:00
8177,Grant Calcaterra,grantcalcaterra,PHI,TE,True,Inactive,IR,,,TE,1788301823709,Out,True,Sleeper,2026-09-03T14:35:58+00:00
12479,Ja'Quinden Jackson,jaquindenjackson,PHI,RB,True,Inactive,Questionable,,,,1788394235103,Questionable,False,Sleeper,2026-09-03T14:35:58+00:00
11412,Jacob Sykes,jacobsykes,PHI,DE,True,Active,,,,,1753261826120,Active,False,Sleeper,2026-09-03T14:35:58+00:00
4195,Jake Elliott,jakeelliott,PHI,K,True,Active,,,,K,1787455828479,Active,False,Sleeper,2026-09-03T14:35:58+00:00
12795,Jake Majors,jakemajors,PHI,OL,True,Active,,,,,1757461533478,Active,False,Sleeper,2026-09-03T14:35:58+00:00
10963,Jakorian Bennett,jakorianbennett,PHI,DB,True,Active,IR,,,LCB,1788220815370,Out,True,Sleeper,2026-09-03T14:35:58+00:00
10888,Jalen Carter,jalencarter,PHI,DL,True,Active,,,,RDE,1785259558460,Active,False,Sleeper,2026-09-03T14:35:58+00:00
6904,Jalen Hurts,jalenhurts,PHI,QB,True,Active,,,,QB,1788360929728,Active,False,Sleeper,2026-09-03T14:35:58+00:00
11703,Jalyx Hunt,jalyxhunt,PHI,DE,True,Active,,,,ROLB,1768346709192,Active,False,Sleeper,2026-09-03T14:35:58+00:00
12457,Jaydon Blue,jaydonblue,PHI,RB,True,Active,,,,,1788221714085,Active,False,Sleeper,2026-09-03T14:35:58+00:00
11752,Jeremiah Trotter,jeremiahtrotter,PHI,LB,True,Active,,,,RILB,1761346835230,Active,False,Sleeper,2026-09-03T14:35:58+00:00
12566,Jihaad Campbell,jihaadcampbell,PHI,LB,True,Active,,,,RILB,1785543336182,Active,False,Sleeper,2026-09-03T14:35:58+00:00
11097,John Ojukwu,johnojukwu,PHI,OT,True,Active,,,,,1788223215498,Active,False,Sleeper,2026-09-03T14:35:58+00:00
4314,Johnny Mundt,johnnymundt,PHI,TE,True,Active,,,,TE,1780442449892,Active,False,Sleeper,2026-09-03T14:35:58+00:00
11636,Johnny Wilson,johnnywilson,PHI,WR,True,Inactive,IR,,,,1787436026537,Out,True,Sleeper,2026-09-03T14:35:58+00:00
6900,Jonathan Greenard,jonathangreenard,PHI,DE,True,Active,PUP,,,LOLB,1787178316560,Out,True,Sleeper,2026-09-03T14:35:58+00:00
3415,Jonathan Jones,jonathanjones,PHI,DB,True,Active,Questionable,,,NB,1786484443505,Questionable,False,Sleeper,2026-09-03T14:35:58+00:00
8269,Jordan Davis,jordandavis,PHI,DL,True,Active,,,,NT,1772931018474,Active,False,Sleeper,2026-09-03T14:35:58+00:00
5362,Jordan Mailata,jordanmailata,PHI,T,True,Active,,,,OL,1783362015169,Active,False,Sleeper,2026-09-03T14:35:58+00:00
13824,Joshua Weru,joshuaweru,PHI,DE,True,Active,,,,,,Active,False,Sleeper,2026-09-03T14:35:58+00:00
10962,Kelee Ringo,keleeringo,PHI,DB,True,Active,,,,RCB,1754321414949,Active,False,Sleeper,2026-09-03T14:35:58+00:00
13562,Keyshawn James-Newby,keyshawnjamesnewby,PHI,DE,True,Active,,,,,1788192313123,Active,False,Sleeper,2026-09-03T14:35:58+00:00
11707,Kiran Amegadjie,kiranamegadjie,PHI,OL,True,Active,,,,,1785374714408,Active,False,Sleeper,2026-09-03T14:35:58+00:00
7665,Landon Dickerson,landondickerson,PHI,OL,True,Active,,,,OL,1783362015562,Active,False,Sleeper,2026-09-03T14:35:58+00:00
1340,Lane Johnson,lanejohnson,PHI,T,True,Active,,,,OL,1787699741021,Active,False,Sleeper,2026-09-03T14:35:58+00:00
12678,Mac McWilliams,macmcwilliams,PHI,CB,True,Active,,,,LCB,1754674243678,Active,False,Sleeper,2026-09-03T14:35:58+00:00
13294,Makai Lemon,makailemon,PHI,WR,True,Active,,,,SWR,1788011146074,Active,False,Sleeper,2026-09-03T14:35:58+00:00
6284,Marcus Epps,marcusepps,PHI,DB,True,Active,,,,SS,1774054241906,Active,False,Sleeper,2026-09-03T14:35:58+00:00
13465,Markel Bell,markelbell,PHI,OT,True,Active,Questionable,,,OL,1787621142686,Questionable,False,Sleeper,2026-09-03T14:35:58+00:00
5848,Marquise Brown,marquisebrown,PHI,WR,True,Active,,,,SWR,1787542234927,Active,False,Sleeper,2026-09-03T14:35:58+00:00
13598,Mason Reiger,masonreiger,PHI,DE,True,Active,,,,,1788037849658,Active,False,Sleeper,2026-09-03T14:35:58+00:00
13877,Maximus Pulley,maximuspulley,PHI,DB,True,Active,,,,,,Active,False,Sleeper,2026-09-03T14:35:58+00:00
13537,Micah Morris,micahmorris,PHI,G,True,Active,Questionable,,,OL,1785984043255,Questionable,False,Sleeper,2026-09-03T14:35:58+00:00
7835,Michael Carter,michaelcarter,PHI,CB,True,Active,,,,SS,1773081334332,Active,False,Sleeper,2026-09-03T14:35:58+00:00
11030,Moro Ojomo,moroojomo,PHI,DE,True,Active,,,,LDE,1768347309242,Active,False,Sleeper,2026-09-03T14:35:58+00:00
10873,Nolan Smith,nolansmith,PHI,LB,True,Active,,,,LOLB,1779375347657,Active,False,Sleeper,2026-09-03T14:35:58+00:00
PHI,Philadelphia Eagles,philadelphiaeagles,PHI,DEF,True,,,,,,,Active,False,Sleeper,2026-09-03T14:35:58+00:00
11662,Quinyon Mitchell,quinyonmitchell,PHI,CB,True,Active,,,,LCB,1787180716678,Active,False,Sleeper,2026-09-03T14:35:58+00:00
8374,Riq Woolen,riqwoolen,PHI,DB,True,Active,,,,RCB,1773196543602,Active,False,Sleeper,2026-09-03T14:35:58+00:00
12695,Robert Longerbeam,robertlongerbeam,PHI,DB,True,Active,,,,,1788364232098,Active,False,Sleeper,2026-09-03T14:35:58+00:00
13821,Rocco Underwood,roccounderwood,PHI,LS,True,Active,,,,LS,,Active,False,Sleeper,2026-09-03T14:35:58+00:00
4866,Saquon Barkley,saquonbarkley,PHI,RB,True,Active,,,,RB,1788397834774,Active,False,Sleeper,2026-09-03T14:35:58+00:00
12667,Smael Mondon,smaelmondon,PHI,LB,True,Active,,,,LILB,1753828826082,Active,False,Sleeper,2026-09-03T14:35:58+00:00
9225,Tank Bigsby,tankbigsby,PHI,RB,True,Active,,,,RB,1787934326784,Active,False,Sleeper,2026-09-03T14:35:58+00:00
9230,Tanner McKee,tannermckee,PHI,QB,True,Active,,,,QB,1787975742557,Active,False,Sleeper,2026-09-03T14:35:58+00:00
13820,Tucker Large,tuckerlarge,PHI,DB,True,Active,PUP,,,FS,1778040640034,Out,True,Sleeper,2026-09-03T14:35:58+00:00
12651,Ty Robinson,tyrobinson,PHI,DT,True,Active,,,,NT,1747347039953,Active,False,Sleeper,2026-09-03T14:35:58+00:00
10920,Tyler Steen,tylersteen,PHI,OL,True,Active,,,,OL,1783362015982,Active,False,Sleeper,2026-09-03T14:35:58+00:00
13560,Uar Bernard,uarbernard,PHI,DT,True,Active,,,,,1777160424290,Active,False,Sleeper,2026-09-03T14:35:58+00:00
11577,Will Shipley,willshipley,PHI,RB,True,Active,,,,RB,1786730441949,Active,False,Sleeper,2026-09-03T14:35:58+00:00
13004,Willie Lampkin,willielampkin,PHI,OL,True,Active,,,,OL,1780014624261,Active,False,Sleeper,2026-09-03T14:35:58+00:00
6815,Zack Baun,zackbaun,PHI,LB,True,Active,,,,LILB,1785446723575,Active,False,Sleeper,2026-09-03T14:35:58+00:00
96,Aaron Rodgers,aaronrodgers,PIT,QB,True,Active,,,,QB,1787870453802,Active,False,Sleeper,2026-09-03T14:35:58+00:00
7113,Alex Highsmith,alexhighsmith,PIT,LB,True,Active,,,,ROLB,1780551607961,Active,False,Sleeper,2026-09-03T14:35:58+00:00
7655,Asante Samuel,asantesamuel,PIT,CB,True,Active,,,,RCB,1773073232166,Active,False,Sleeper,2026-09-03T14:35:58+00:00
138,Ben Roethlisberger,benroethlisberger,PIT,QB,True,Active,,,,,1643296817250,Active,False,Sleeper,2026-09-03T14:35:58+00:00
7757,Ben Skowronek,benskowronek,PIT,WR,True,Active,Questionable,,,RWR,1788214814433,Questionable,False,Sleeper,2026-09-03T14:35:58+00:00
13680,Bishop Fitzgerald,bishopfitzgerald,PIT,DB,True,Active,,,,,1777377625189,Active,False,Sleeper,2026-09-03T14:35:58+00:00
12677,Bradyn Swinson,bradynswinson,PIT,DE,True,Active,,,,,1745698527966,Active,False,Sleeper,2026-09-03T14:35:58+00:00
7796,Brandin Echols,brandinechols,PIT,CB,True,Active,Questionable,,,NB,1786153824354,Questionable,False,Sleeper,2026-09-03T14:35:58+00:00
8756,Brandon Johnson,brandonjohnson,PIT,WR,True,Active,,,,,1788406537966,Active,False,Sleeper,2026-09-03T14:35:58+00:00
7865,Brandon Smith,brandonsmith,PIT,WR,True,Active,,,,,1788405638332,Active,False,Sleeper,2026-09-03T14:35:58+00:00
8790,Brock Hoffman,brockhoffman,PIT,C,True,Active,,,,OL,1774131348069,Active,False,Sleeper,2026-09-03T14:35:58+00:00
843,Cameron Heyward,cameronheyward,PIT,DT,True,Active,,,,RDE,1773197143604,Active,False,Sleeper,2026-09-03T14:35:58+00:00
4654,Cameron Johnston,cameronjohnston,PIT,P,True,Active,,,,P,1773176442036,Active,False,Sleeper,2026-09-03T14:35:58+00:00
12845,Car'lin Vigers,carlinvigers,PIT,CB,True,Active,,,,,,Active,False,Sleeper,2026-09-03T14:35:58+00:00
12733,Carson Bruener,carsonbruener,PIT,LB,True,Active,,,,LILB,1745710827492,Active,False,Sleeper,2026-09-03T14:35:58+00:00
1945,Chris Boswell,chrisboswell,PIT,K,True,Active,,,,K,1787420424674,Active,False,Sleeper,2026-09-03T14:35:58+00:00
4848,Christian Kuntz,christiankuntz,PIT,LS,True,Active,,,,LS,1766257528376,Active,False,Sleeper,2026-09-03T14:35:58+00:00
12210,Cole Burgess,coleburgess,PIT,WR,True,Inactive,IR,,,,1785977142507,Out,True,Sleeper,2026-09-03T14:35:58+00:00
6220,Cole Holcomb,coleholcomb,PIT,LB,True,Active,,,,RILB,1773075032129,Active,False,Sleeper,2026-09-03T14:35:58+00:00
5846,DK Metcalf,dkmetcalf,PIT,WR,True,Active,Questionable,,,LWR,1788374731698,Questionable,False,Sleeper,2026-09-03T14:35:58+00:00
11781,Daequan Hardy,daequanhardy,PIT,CB,True,Inactive,IR,,,DB,1778037039856,Out,True,Sleeper,2026-09-03T14:35:58+00:00
9479,Darnell Washington,darnellwashington,PIT,TE,True,Active,,,,TE,1788390634666,Active,False,Sleeper,2026-09-03T14:35:58+00:00
6016,Dax Raymond,daxraymond,PIT,TE,True,Active,,,,,1634094904503,Active,False,Sleeper,2026-09-03T14:35:58+00:00
13470,Daylen Everette,dayleneverette,PIT,CB,True,Active,,,,LCB,1777088415994,Active,False,Sleeper,2026-09-03T14:35:58+00:00
5071,DeShon Elliott,deshonelliott,PIT,DB,True,Active,IR,,,SS,1788202815707,Out,True,Sleeper,2026-09-03T14:35:58+00:00
12561,Derrick Harmon,derrickharmon,PIT,DL,True,Active,,,,LDE,1771222220556,Active,False,Sleeper,2026-09-03T14:35:58+00:00
12899,Doneiko Slaughter,doneikoslaughter,PIT,DB,True,Active,,,,,,Active,False,Sleeper,2026-09-03T14:35:58+00:00
12734,Donte Kent,dontekent,PIT,CB,True,Active,PUP,,,DB,1788221115197,Out,True,Sleeper,2026-09-03T14:35:58+00:00
11927,Doug Nester,dougnester,PIT,OL,True,Active,,,,,,Active,False,Sleeper,2026-09-03T14:35:58+00:00
13289,Drew Allar,drewallar,PIT,QB,True,Active,,,,QB,1787930726503,Active,False,Sleeper,2026-09-03T14:35:58+00:00
5845,Dwayne Haskins,dwaynehaskins,PIT,QB,False,Active,,,,,1649518240714,Active,False,Sleeper,2026-09-03T14:35:58+00:00
8865,Dylan Cook,dylancook,PIT,T,True,Active,,,,OL,1765405543790,Active,False,Sleeper,2026-09-03T14:35:58+00:00
13423,Eli Heidenreich,eliheidenreich,PIT,RB,True,Active,,,,RB,1787927425968,Active,False,Sleeper,2026-09-03T14:35:58+00:00
2118,Eric Ebron,ericebron,PIT,TE,True,Inactive,,,,,1733342417170,Active,False,Sleeper,2026-09-03T14:35:58+00:00
8342,Esezi Otomewo,eseziotomewo,PIT,DL,True,Active,,,,,1773115236224,Active,False,Sleeper,2026-09-03T14:35:58+00:00
13548,Gabriel Rubio,gabrielrubio,PIT,DL,True,Active,,,,LDE,1778479806554,Active,False,Sleeper,2026-09-03T14:35:58+00:00
13471,Gennings Dunker,genningsdunker,PIT,OT,True,Active,,,,OL,1777088416047,Active,False,Sleeper,2026-09-03T14:35:58+00:00
13274,Germie Bernard,germiebernard,PIT,WR,True,Active,,,,SWR,1787926825865,Active,False,Sleeper,2026-09-03T14:35:58+00:00
8091,J.T. Jones,jtjones,PIT,DE,True,Active,,,,,,Active,False,Sleeper,2026-09-03T14:35:58+00:00
6942,Jack Driscoll,jackdriscoll,PIT,T,True,Active,IR,,,OL,1788221416227,Out,True,Sleeper,2026-09-03T14:35:58+00:00
12593,Jack Sawyer,jacksawyer,PIT,DL,True,Active,,,,LOLB,1771221020396,Active,False,Sleeper,2026-09-03T14:35:58+00:00
11861,Jacoby Windmon,jacobywindmon,PIT,LB,True,Active,,,,,1781716513247,Active,False,Sleeper,2026-09-03T14:35:58+00:00
3160,Jalen Ramsey,jalenramsey,PIT,CB,True,Active,Questionable,,,NB,1787586338822,Questionable,False,Sleeper,2026-09-03T14:35:58+00:00
5946,Jamel Dean,jameldean,PIT,CB,True,Active,,,,RCB,1773082532908,Active,False,Sleeper,2026-09-03T14:35:58+00:00
8323,Jaquan Brisker,jaquanbrisker,PIT,DB,True,Active,Questionable,,,FS,1786910415875,Questionable,False,Sleeper,2026-09-03T14:35:58+00:00
8228,Jaylen Warren,jaylenwarren,PIT,RB,True,Active,,,,RB,1788359429557,Active,False,Sleeper,2026-09-03T14:35:58+00:00
10913,Joey Porter,joeyporter,PIT,DB,True,Active,,,,LCB,1788314123688,Active,False,Sleeper,2026-09-03T14:35:58+00:00
11858,Julius Welschof,juliuswelschof,PIT,DL,True,Active,,,,,1769842821464,Active,False,Sleeper,2026-09-03T14:35:58+00:00
13491,Kaden Wetjen,kadenwetjen,PIT,WR,True,Active,,,,SWR,1787899857819,Active,False,Sleeper,2026-09-03T14:35:58+00:00
10901,Keeanu Benton,keeanubenton,PIT,NT,True,Active,,,,RDE,1786860309876,Active,False,Sleeper,2026-09-03T14:35:58+00:00
13819,Kevin Jobity,kevinjobity,PIT,DL,True,Active,,,,NT,,Active,False,Sleeper,2026-09-03T14:35:58+00:00
11894,Kyler Baugh,kylerbaugh,PIT,DL,True,Active,,,,,1769841321371,Active,False,Sleeper,2026-09-03T14:35:58+00:00
13292,Lake McRee,lakemcree,PIT,TE,True,Active,,,,,1788406237835,Active,False,Sleeper,2026-09-03T14:35:58+00:00
9510,Lew Nichols,lewnichols,PIT,RB,True,Active,,,,,1788405038165,Active,False,Sleeper,2026-09-03T14:35:58+00:00
11811,Logan Lee,loganlee,PIT,DL,True,Inactive,IR,,,DL,1786693252652,Out,True,Sleeper,2026-09-03T14:35:58+00:00
11733,Mason McCormick,masonmccormick,PIT,OL,True,Active,,,,OL,1748392811850,Active,False,Sleeper,2026-09-03T14:35:58+00:00
4972,Mason Rudolph,masonrudolph,PIT,QB,True,Active,,,,QB,1787890256713,Active,False,Sleeper,2026-09-03T14:35:58+00:00
13200,Max Hurleman,maxhurleman,PIT,CB,True,Active,,,,,1788405937813,Active,False,Sleeper,2026-09-03T14:35:58+00:00
13443,Max Iheanachor,maxiheanachor,PIT,OT,True,Active,,,,OL,1787619642723,Active,False,Sleeper,2026-09-03T14:35:58+00:00
6819,Michael Pittman,michaelpittman,PIT,WR,True,Active,Questionable,,,RWR,1788206113029,Questionable,False,Sleeper,2026-09-03T14:35:58+00:00
10940,Nick Herbig,nickherbig,PIT,LB,True,Active,,,,ROLB,1780447850435,Active,False,Sleeper,2026-09-03T14:35:58+00:00
4926,Nick Schuessler,nickschuessler,PIT,QB,True,Active,,,,,,Active,False,Sleeper,2026-09-03T14:35:58+00:00
7600,Pat Freiermuth,patfreiermuth,PIT,TE,True,Active,,,,TE,1787629242824,Active,False,Sleeper,2026-09-03T14:35:58+00:00
6807,Patrick Queen,patrickqueen,PIT,LB,True,Active,,,,LILB,1783311609293,Active,False,Sleeper,2026-09-03T14:35:58+00:00
11727,Payton Wilson,paytonwilson,PIT,LB,True,Active,,,,RILB,1783927220115,Active,False,Sleeper,2026-09-03T14:35:58+00:00
PIT,Pittsburgh Steelers,pittsburghsteelers,PIT,DEF,True,,,,,,,Active,False,Sleeper,2026-09-03T14:35:58+00:00
4180,Rayshawn Jenkins,rayshawnjenkins,PIT,DB,True,Active,,,,SS,1785725461398,Active,False,Sleeper,2026-09-03T14:35:58+00:00
7021,Rico Dowdle,ricodowdle,PIT,RB,True,Active,,,,RB,1788206713287,Active,False,Sleeper,2026-09-03T14:35:58+00:00
13433,Riley Nowakowski,rileynowakowski,PIT,TE,True,Active,,,,RB,1781216404734,Active,False,Sleeper,2026-09-03T14:35:58+00:00
13576,Robert Spears-Jennings,robertspearsjennings,PIT,DB,True,Active,,,,FS,1778479806544,Active,False,Sleeper,2026-09-03T14:35:58+00:00
4602,Robert Tonyan,roberttonyan,PIT,TE,True,Active,,,,TE,1780622139428,Active,False,Sleeper,2026-09-03T14:35:58+00:00
11630,Roman Wilson,romanwilson,PIT,WR,True,Active,,,,LWR,1788388233663,Active,False,Sleeper,2026-09-03T14:35:58+00:00
8014,Ryan McCollum,ryanmccollum,PIT,C,True,Active,,,,OL,1741714861438,Active,False,Sleeper,2026-09-03T14:35:58+00:00
12955,Sebastian Castro,sebastiancastro,PIT,DB,True,Active,,,,,,Active,False,Sleeper,2026-09-03T14:35:58+00:00
5073,Sebastian Joseph-Day,sebastianjosephday,PIT,DT,True,Active,,,,NT,1773450913713,Active,False,Sleeper,2026-09-03T14:35:58+00:00
11028,Spencer Anderson,spenceranderson,PIT,OL,True,Active,,,,OL,1725381654597,Active,False,Sleeper,2026-09-03T14:35:58+00:00
12216,Steven Jones,stevenjones,PIT,OL,True,Active,,,,,1724114419770,Active,False,Sleeper,2026-09-03T14:35:58+00:00
4070,T.J. Watt,tjwatt,PIT,LB,True,Active,,,,LOLB,1780621537309,Active,False,Sleeper,2026-09-03T14:35:58+00:00
6012,Travis Homer,travishomer,PIT,RB,True,Active,,,,,1788405038120,Active,False,Sleeper,2026-09-03T14:35:58+00:00
11664,Troy Fautanu,troyfautanu,PIT,OL,True,Active,,,,OL,1748393112021,Active,False,Sleeper,2026-09-03T14:35:58+00:00
12511,Will Howard,willhoward,PIT,QB,True,Active,Questionable,,,QB,1788214814418,Questionable,False,Sleeper,2026-09-03T14:35:58+00:00
12665,Yahya Black,yahyablack,PIT,DT,True,Active,,,,NT,1745698527988,Active,False,Sleeper,2026-09-03T14:35:58+00:00
4167,Zach Banner,zachbanner,PIT,T,True,Active,,,,,1683299416498,Active,False,Sleeper,2026-09-03T14:35:58+00:00
11690,Zach Frazier,zachfrazier,PIT,OL,True,Active,,,,OL,1766193020887,Active,False,Sleeper,2026-09-03T14:35:58+00:00
11603,AJ Barner,ajbarner,SEA,TE,True,Active,,,,TE,1788382832748,Active,False,Sleeper,2026-09-03T14:35:58+00:00
11121,AJ Finley,ajfinley,SEA,DB,True,Active,,,,,1786065307763,Active,False,Sleeper,2026-09-03T14:35:58+00:00
8457,Abraham Lucas,abrahamlucas,SEA,OL,True,Active,,,,OL,1784218859598,Active,False,Sleeper,2026-09-03T14:35:58+00:00
13686,Aidan Hubbard,aidanhubbard,SEA,DE,True,Active,,,,,1777464032852,Active,False,Sleeper,2026-09-03T14:35:58+00:00
13565,Andre Fuller,andrefuller,SEA,CB,True,Active,,,,,1777606529667,Active,False,Sleeper,2026-09-03T14:35:58+00:00
10959,Anthony Bradford,anthonybradford,SEA,OL,True,Active,,,,OL,1784218859756,Active,False,Sleeper,2026-09-03T14:35:58+00:00
13635,Avery Smith,averysmith,SEA,CB,True,Active,,,,NB,1788140407792,Active,False,Sleeper,2026-09-03T14:35:58+00:00
13525,Beau Stephens,beaustephens,SEA,G,True,Active,,,,OL,1777148122947,Active,False,Sleeper,2026-09-03T14:35:58+00:00
1764,Benson Mayowa,bensonmayowa,SEA,DE,True,Active,,,,,1647495940838,Active,False,Sleeper,2026-09-03T14:35:58+00:00
11280,Brady Russell,bradyrussell,SEA,RB,True,Active,,,,RB,1781216404114,Active,False,Sleeper,2026-09-03T14:35:58+00:00
11396,Brandon Pili,brandonpili,SEA,DT,True,Active,Questionable,,,NT,1785693055780,Questionable,False,Sleeper,2026-09-03T14:35:58+00:00
12685,Bryce Cabeldue,brycecabeldue,SEA,OT,True,Active,,,,OL,1779912029315,Active,False,Sleeper,2026-09-03T14:35:58+00:00
13452,Bud Clark,budclark,SEA,DB,True,Inactive,IR,,,DB,1787936429015,Out,True,Sleeper,2026-09-03T14:35:58+00:00
11668,Byron Murphy,byronmurphy,SEA,DL,True,Active,,,,NT,1782616815092,Active,False,Sleeper,2026-09-03T14:35:58+00:00
8446,Charles Cross,charlescross,SEA,OL,True,Active,,,,OL,1784218859482,Active,False,Sleeper,2026-09-03T14:35:58+00:00
7673,Chazz Surratt,chazzsurratt,SEA,LB,True,Active,,,,LILB,1774458016105,Active,False,Sleeper,2026-09-03T14:35:58+00:00
11248,Chris Stoll,chrisstoll,SEA,LS,True,Active,,,,LS,,Active,False,Sleeper,2026-09-03T14:35:58+00:00
11704,Christian Haynes,christianhaynes,SEA,OL,True,Active,,,,OL,1784218860102,Active,False,Sleeper,2026-09-03T14:35:58+00:00
13037,Connor O'Toole,connorotoole,SEA,DE,True,Active,,,,ROLB,,Active,False,Sleeper,2026-09-03T14:35:58+00:00
4039,Cooper Kupp,cooperkupp,SEA,WR,True,Active,,,,SWR,1788320724431,Active,False,Sleeper,2026-09-03T14:35:58+00:00
2308,Dante Fowler,dantefowler,SEA,LB,True,Active,,,,LOLB,1778069742725,Active,False,Sleeper,2026-09-03T14:35:58+00:00
2064,DeMarcus Lawrence,demarcuslawrence,SEA,DE,True,Active,,,,LOLB,1786805761377,Active,False,Sleeper,2026-09-03T14:35:58+00:00
10911,Derick Hall,derickhall,SEA,DE,True,Active,,,,ROLB,1780443349600,Active,False,Sleeper,2026-09-03T14:35:58+00:00
13563,Deven Eastern,deveneastern,SEA,DT,True,Active,,,,,1785454825404,Active,False,Sleeper,2026-09-03T14:35:58+00:00
10891,Devon Witherspoon,devonwitherspoon,SEA,DB,True,Active,,,,LCB,1786809060241,Active,False,Sleeper,2026-09-03T14:35:58+00:00
11470,Drake Thomas,drakethomas,SEA,LB,True,Active,,,,LILB,1782307231312,Active,False,Sleeper,2026-09-03T14:35:58+00:00
5854,Drew Lock,drewlock,SEA,QB,True,Active,,,,QB,1787546436419,Active,False,Sleeper,2026-09-03T14:35:58+00:00
2531,Edmond Robinson,edmondrobinson,SEA,LB,True,Active,,,,,1629922504926,Active,False,Sleeper,2026-09-03T14:35:58+00:00
12521,Elijah Arroyo,elijaharroyo,SEA,TE,True,Active,,,,TE,1787979643081,Active,False,Sleeper,2026-09-03T14:35:58+00:00
11435,Emanuel Wilson,emanuelwilson,SEA,RB,True,Active,Questionable,,,RB,1787804459888,Questionable,False,Sleeper,2026-09-03T14:35:58+00:00
13313,Emmanuel Henderson,emmanuelhenderson,SEA,WR,True,Active,,,,,1788408938179,Active,False,Sleeper,2026-09-03T14:35:58+00:00
4189,Eric Saubert,ericsaubert,SEA,TE,True,Active,,,,TE,1785031207335,Active,False,Sleeper,2026-09-03T14:35:58+00:00
7672,Ernest Jones,ernestjones,SEA,LB,True,Active,,,,RILB,1783390818643,Active,False,Sleeper,2026-09-03T14:35:58+00:00
13045,Federico Maranges,federicomaranges,SEA,OL,True,Active,,,,,,Active,False,Sleeper,2026-09-03T14:35:58+00:00
12048,George Holani,georgeholani,SEA,RB,True,Active,,,,RB,1788192911753,Active,False,Sleeper,2026-09-03T14:35:58+00:00
12563,Grey Zabel,greyzabel,SEA,OT,True,Active,,,,OL,1784218860510,Active,False,Sleeper,2026-09-03T14:35:58+00:00
8861,Irv Charles,irvcharles,SEA,WR,True,Active,IR,,,LWR,1788212414843,Out,True,Sleeper,2026-09-03T14:35:58+00:00
1243,J.R. Sweezy,jrsweezy,SEA,OG,True,Active,,,,,1659191716784,Active,False,Sleeper,2026-09-03T14:35:58+00:00
13047,Jacardia Wright,jacardiawright,SEA,RB,True,Active,,,,,1788408638588,Active,False,Sleeper,2026-09-03T14:35:58+00:00
13286,Jadarian Price,jadarianprice,SEA,RB,True,Active,,,,RB,1788192012331,Active,False,Sleeper,2026-09-03T14:35:58+00:00
10867,Jake Bobo,jakebobo,SEA,WR,True,Inactive,IR,,,,1787423424538,Out,True,Sleeper,2026-09-03T14:35:58+00:00
12510,Jalen Milroe,jalenmilroe,SEA,QB,True,Active,,,,QB,1788057051898,Active,False,Sleeper,2026-09-03T14:35:58+00:00
12082,Jalen Sundell,jalensundell,SEA,C,True,Active,,,,OL,1784218860233,Active,False,Sleeper,2026-09-03T14:35:58+00:00
3220,Jarran Reed,jarranreed,SEA,DT,True,Active,,,,RDE,1767663308833,Active,False,Sleeper,2026-09-03T14:35:58+00:00
2747,Jason Myers,jasonmyers,SEA,K,True,Active,,,,K,1788103555778,Active,False,Sleeper,2026-09-03T14:35:58+00:00
9488,Jaxon Smith-Njigba,jaxonsmithnjigba,SEA,WR,True,Active,,,,LWR,1788359729945,Active,False,Sleeper,2026-09-03T14:35:58+00:00
8275,Josh Jobe,joshjobe,SEA,DB,True,Active,,,,RCB,1773086135093,Active,False,Sleeper,2026-09-03T14:35:58+00:00
6808,Josh Jones,joshjones,SEA,OL,True,Active,,,,OL,1784218859165,Active,False,Sleeper,2026-09-03T14:35:58+00:00
12151,Julian Hicks,julianhicks,SEA,WR,True,Active,,,,,1788409538331,Active,False,Sleeper,2026-09-03T14:35:58+00:00
5876,Julian Love,julianlove,SEA,DB,True,Active,,,,SS,1770690654191,Active,False,Sleeper,2026-09-03T14:35:58+00:00
13396,Julian Neal,julianneal,SEA,DB,True,Active,Questionable,,,RCB,1785691855751,Questionable,False,Sleeper,2026-09-03T14:35:58+00:00
6190,Keith Butler,keithbutler,SEA,LB,False,Active,,,,,,Active,False,Sleeper,2026-09-03T14:35:58+00:00
2311,Leonard Williams,leonardwilliams,SEA,DE,True,Active,,,,LDE,1787851853270,Active,False,Sleeper,2026-09-03T14:35:58+00:00
12878,Logan Brown,loganbrown,SEA,OT,True,Active,,,,,,Active,False,Sleeper,2026-09-03T14:35:58+00:00
13687,Marvin Jones,marvinjones,SEA,DE,True,Active,,,,,,Active,False,Sleeper,2026-09-03T14:35:58+00:00
12719,Mason Richman,masonrichman,SEA,OL,True,Inactive,IR,,,OL,1787703342048,Out,True,Sleeper,2026-09-03T14:35:58+00:00
12876,Maxen Hook,maxenhook,SEA,DB,True,Active,,,,,1771308029608,Active,False,Sleeper,2026-09-03T14:35:58+00:00
13564,Michael Dansby,michaeldansby,SEA,DB,True,Active,,,,,1777161924034,Active,False,Sleeper,2026-09-03T14:35:58+00:00
5011,Michael Dickson,michaeldickson,SEA,P,True,Active,,,,P,1770690054136,Active,False,Sleeper,2026-09-03T14:35:58+00:00
10982,Mike Morris,mikemorris,SEA,DE,True,Active,,,,LDE,1756953902665,Active,False,Sleeper,2026-09-03T14:35:58+00:00
13199,Montorie Foster,montoriefoster,SEA,WR,True,Active,,,,SWR,1787590239143,Active,False,Sleeper,2026-09-03T14:35:58+00:00
11753,Nehemiah Pritchett,nehemiahpritchett,SEA,CB,True,Active,,,,LCB,1754656841587,Active,False,Sleeper,2026-09-03T14:35:58+00:00
12597,Nick Emmanwori,nickemmanwori,SEA,DB,True,Active,Questionable,,,NB,1786491044520,Questionable,False,Sleeper,2026-09-03T14:35:58+00:00
13151,Nick Kallerup,nickkallerup,SEA,TE,True,Active,,,,TE,1767197424526,Active,False,Sleeper,2026-09-03T14:35:58+00:00
10979,Olu Oluwatimi,oluoluwatimi,SEA,C,True,Active,,,,OL,1755653423340,Active,False,Sleeper,2026-09-03T14:35:58+00:00
11230,Patrick O'Connell,patrickoconnell,SEA,LB,True,Active,,,,RILB,1726992362971,Active,False,Sleeper,2026-09-03T14:35:58+00:00
8676,Rashid Shaheed,rashidshaheed,SEA,WR,True,Active,,,,RWR,1788443740758,Active,False,Sleeper,2026-09-03T14:35:58+00:00
12475,Ricky White,rickywhite,SEA,WR,True,Active,,,,,1788409238233,Active,False,Sleeper,2026-09-03T14:35:58+00:00
12656,Robbie Ouzts,robbieouzts,SEA,RB,True,Inactive,IR,,,RB,1786750245438,Out,True,Sleeper,2026-09-03T14:35:58+00:00
8517,Rodney Thomas,rodneythomas,SEA,LB,True,Active,,,,,1788210913779,Active,False,Sleeper,2026-09-03T14:35:58+00:00
12680,Rylie Mills,ryliemills,SEA,DL,True,Active,,,,RDE,1765744227331,Active,False,Sleeper,2026-09-03T14:35:58+00:00
4943,Sam Darnold,samdarnold,SEA,QB,True,Active,,,,QB,1788393634847,Active,False,Sleeper,2026-09-03T14:35:58+00:00
SEA,Seattle Seahawks,seattleseahawks,SEA,DEF,True,,,,,,,Active,False,Sleeper,2026-09-03T14:35:58+00:00
4936,Skyler Howard,skylerhoward,SEA,QB,True,Active,,,,,,Active,False,Sleeper,2026-09-03T14:35:58+00:00
11661,Terrion Arnold,terrionarnold,SEA,DB,True,Active,NA,,,LCB,1788036348655,Active,False,Sleeper,2026-09-03T14:35:58+00:00
12497,Tory Horton,toryhorton,SEA,WR,True,Active,Questionable,,,RWR,1787874654383,Questionable,False,Sleeper,2026-09-03T14:35:58+00:00
6809,Trevon Diggs,trevondiggs,SEA,CB,True,Active,,,,,1788236415853,Active,False,Sleeper,2026-09-03T14:35:58+00:00
11233,Ty Okada,tyokada,SEA,DB,True,Active,,,,FS,1776739237889,Active,False,Sleeper,2026-09-03T14:35:58+00:00
11734,Tyrice Knight,tyriceknight,SEA,LB,True,Active,,,,LILB,1779912629723,Active,False,Sleeper,2026-09-03T14:35:58+00:00
5061,Uchenna Nwosu,uchennanwosu,SEA,LB,True,Active,,,,ROLB,1770690354232,Active,False,Sleeper,2026-09-03T14:35:58+00:00
13690,Uso Seumalo,usoseumalo,SEA,DT,True,Active,,,,,,Active,False,Sleeper,2026-09-03T14:35:58+00:00
8223,Velus Jones,velusjones,SEA,WR,True,Active,,,,,1788408338076,Active,False,Sleeper,2026-09-03T14:35:58+00:00
9753,Zach Charbonnet,zachcharbonnet,SEA,RB,True,Active,PUP,,,RB,1788209112588,Out,True,Sleeper,2026-09-03T14:35:58+00:00
12590,Alfred Collins,alfredcollins,SF,DL,True,Active,,,,LDT,1785545136424,Active,False,Sleeper,2026-09-03T14:35:58+00:00
11122,Andrew Farmer,andrewfarmer,SF,LB,True,Inactive,IR,,,DL,1785477929804,Out,True,Sleeper,2026-09-03T14:35:58+00:00
6855,Ashtyn Davis,ashtyndavis,SF,DB,True,Active,,,,SS,1788216914025,Active,False,Sleeper,2026-09-03T14:35:58+00:00
7469,Austen Pleasants,austenpleasants,SF,OL,True,Active,IR,,,OL,1788221115194,Out,True,Sleeper,2026-09-03T14:35:58+00:00
6803,Brandon Aiyuk,brandonaiyuk,SF,WR,True,Active,DNR,,,,1788219912216,Active,False,Sleeper,2026-09-03T14:35:58+00:00
12269,Brandon Codrington,brandoncodrington,SF,DB,True,Active,,,,,1788333927907,Active,False,Sleeper,2026-09-03T14:35:58+00:00
10224,Brayden Willis,braydenwillis,SF,TE,True,Active,Questionable,,,TE,1788305423799,Questionable,False,Sleeper,2026-09-03T14:35:58+00:00
6740,Brett Toth,bretttoth,SF,OL,True,Inactive,IR,,,OL,1788221416238,Out,True,Sleeper,2026-09-03T14:35:58+00:00
8183,Brock Purdy,brockpurdy,SF,QB,True,Active,,,,QB,1787979342089,Active,False,Sleeper,2026-09-03T14:35:58+00:00
12649,C.J. West,cjwest,SF,DT,True,Active,,,,LDT,1785830416756,Active,False,Sleeper,2026-09-03T14:35:58+00:00
13487,Carver Willis,carverwillis,SF,OL,True,Active,,,,OL,1786412433124,Active,False,Sleeper,2026-09-03T14:35:58+00:00
4950,Christian Kirk,christiankirk,SF,WR,True,Inactive,IR,,,SWR,1788209112557,Out,True,Sleeper,2026-09-03T14:35:58+00:00
4034,Christian McCaffrey,christianmccaffrey,SF,RB,True,Active,Questionable,,,RB,1788297921683,Questionable,False,Sleeper,2026-09-03T14:35:58+00:00
6889,Colton McKivitz,coltonmckivitz,SF,OL,True,Active,,,,OL,1784136043266,Active,False,Sleeper,2026-09-03T14:35:58+00:00
12742,Connor Colby,connorcolby,SF,OL,True,Active,,,,OL,1784136044344,Active,False,Sleeper,2026-09-03T14:35:58+00:00
7215,Corliss Waitman,corlisswaitman,SF,P,True,Active,,,,P,1773547522742,Active,False,Sleeper,2026-09-03T14:35:58+00:00
7827,Darrick Forrest,darrickforrest,SF,DB,True,Inactive,IR,,,DB,1780015824534,Out,True,Sleeper,2026-09-03T14:35:58+00:00
13417,De'Zhaun Stribling,dezhaunstribling,SF,WR,True,Active,Questionable,,,LWR,1788272118701,Questionable,False,Sleeper,2026-09-03T14:35:58+00:00
5872,Deebo Samuel,deebosamuel,SF,WR,True,Active,,,,RWR,1787971541293,Active,False,Sleeper,2026-09-03T14:35:58+00:00
3286,Demarcus Robinson,demarcusrobinson,SF,WR,True,Active,,,,RWR,1787354729510,Active,False,Sleeper,2026-09-03T14:35:58+00:00
7819,Deommodore Lenoir,deommodorelenoir,SF,DB,True,Active,,,,RCB,1787511332754,Active,False,Sleeper,2026-09-03T14:35:58+00:00
11723,Dominick Puni,dominickpuni,SF,OL,True,Active,Questionable,,,OL,1786934419276,Questionable,False,Sleeper,2026-09-03T14:35:58+00:00
3643,Doug Middleton,dougmiddleton,SF,DB,True,Active,,,,,1642023305659,Active,False,Sleeper,2026-09-03T14:35:58+00:00
11922,Drake Nugent,drakenugent,SF,OL,True,Active,,,,,,Active,False,Sleeper,2026-09-03T14:35:58+00:00
6056,Dre Greenlaw,dregreenlaw,SF,LB,True,Active,,,,ROLB,1786085712155,Active,False,Sleeper,2026-09-03T14:35:58+00:00
4121,Eddie Vanderdoes,eddievanderdoes,SF,DT,True,Active,,,,,1629229246609,Active,False,Sleeper,2026-09-03T14:35:58+00:00
5189,Eddy Pineiro,eddypineiro,SF,K,True,Active,,,,K,1787955039680,Active,False,Sleeper,2026-09-03T14:35:58+00:00
13507,Enrique Cruz,enriquecruz,SF,OL,True,Active,,,,OL,1777148123014,Active,False,Sleeper,2026-09-03T14:35:58+00:00
13478,Ephesians Prysock,ephesiansprysock,SF,CB,True,Active,Questionable,,,RCB,1787879155474,Questionable,False,Sleeper,2026-09-03T14:35:58+00:00
5041,Fred Warner,fredwarner,SF,LB,True,Active,,,,MLB,1785005406298,Active,False,Sleeper,2026-09-03T14:35:58+00:00
7821,Garret Wallow,garretwallow,SF,LB,True,Active,,,,MLB,1773189943269,Active,False,Sleeper,2026-09-03T14:35:58+00:00
4217,George Kittle,georgekittle,SF,TE,True,Active,Questionable,,,TE,1788354928848,Questionable,False,Sleeper,2026-09-03T14:35:58+00:00
4914,Glen Coffee,glencoffee,SF,RB,False,Active,,,,,,Active,False,Sleeper,2026-09-03T14:35:58+00:00
13501,Gracen Halton,gracenhalton,SF,DT,True,Active,Questionable,,,RDT,1786945221953,Questionable,False,Sleeper,2026-09-03T14:35:58+00:00
7409,Isaac Alarcon,isaacalarcon,SF,OT,True,Active,,,,,1760400024726,Active,False,Sleeper,2026-09-03T14:35:58+00:00
11651,Isaac Guerendo,isaacguerendo,SF,RB,True,Active,PUP,,,RB,1788133858130,Out,True,Sleeper,2026-09-03T14:35:58+00:00
8261,Jack Jones,jackjones,SF,DB,True,Active,,,,LCB,1786671947555,Active,False,Sleeper,2026-09-03T14:35:58+00:00
11616,Jacob Cowing,jacobcowing,SF,WR,True,Active,Questionable,,,SWR,1787699741664,Questionable,False,Sleeper,2026-09-03T14:35:58+00:00
13520,Jaden Dugger,jadendugger,SF,LB,True,Active,,,,LOLB,1777148122961,Active,False,Sleeper,2026-09-03T14:35:58+00:00
3439,Jake Brendel,jakebrendel,SF,OL,True,Active,,,,OL,1784136042777,Active,False,Sleeper,2026-09-03T14:35:58+00:00
8698,Jake Tonges,jaketonges,SF,TE,True,Active,,,,TE,1788321624501,Active,False,Sleeper,2026-09-03T14:35:58+00:00
12763,Jakob Robinson,jakobrobinson,SF,CB,True,Active,,,,,1786757753250,Active,False,Sleeper,2026-09-03T14:35:58+00:00
11025,Jalen Graham,jalengraham,SF,DB,True,Active,,,,,1769753441058,Active,False,Sleeper,2026-09-03T14:35:58+00:00
13655,Jalen Stroman,jalenstroman,SF,DB,True,Active,,,,,1777464032867,Active,False,Sleeper,2026-09-03T14:35:58+00:00
13656,James Thompson,jamesthompson,SF,DT,True,Active,,,,RDT,1777464032879,Active,False,Sleeper,2026-09-03T14:35:58+00:00
11005,Jarrett Patterson,jarrettpatterson,SF,OL,True,Active,,,,OL,1788129358759,Active,False,Sleeper,2026-09-03T14:35:58+00:00
10936,Ji'Ayir Brown,jiayirbrown,SF,DB,True,Active,,,,FS,1785543336181,Active,False,Sleeper,2026-09-03T14:35:58+00:00
548,Jon Weeks,jonweeks,SF,LS,True,Active,,,,,1741930832529,Active,False,Sleeper,2026-09-03T14:35:58+00:00
12467,Jordan James,jordanjames,SF,RB,True,Active,,,,RB,1788407436022,Active,False,Sleeper,2026-09-03T14:35:58+00:00
12634,Jordan Watkins,jordanwatkins,SF,WR,True,Active,,,,SWR,1787955039628,Active,False,Sleeper,2026-09-03T14:35:58+00:00
13414,Kaelon Black,kaelonblack,SF,RB,True,Active,,,,RB,1787937927311,Active,False,Sleeper,2026-09-03T14:35:58+00:00
10904,Keion White,keionwhite,SF,DL,True,Active,Questionable,,,RDE,1785657052243,Questionable,False,Sleeper,2026-09-03T14:35:58+00:00
5773,KhaDarel Hodge,khadarelhodge,SF,WR,True,Active,,,,,1788406838081,Active,False,Sleeper,2026-09-03T14:35:58+00:00
13432,Khalil Dinkins,khalildinkins,SF,TE,True,Active,,,,,1788407437985,Active,False,Sleeper,2026-09-03T14:35:58+00:00
12477,Kurtis Rourke,kurtisrourke,SF,QB,True,Active,Questionable,,,QB,1787704542415,Questionable,False,Sleeper,2026-09-03T14:35:58+00:00
1379,Kyle Juszczyk,kylejuszczyk,SF,FB,True,Active,Questionable,,,RB,1788392734673,Questionable,False,Sleeper,2026-09-03T14:35:58+00:00
7842,Luke Farrell,lukefarrell,SF,TE,True,Active,,,,TE,1780442450172,Active,False,Sleeper,2026-09-03T14:35:58+00:00
6612,Luke Gifford,lukegifford,SF,LB,True,Active,Questionable,,,LOLB,1786229432646,Questionable,False,Sleeper,2026-09-03T14:35:58+00:00
7527,Mac Jones,macjones,SF,QB,True,Active,,,,QB,1787958940040,Active,False,Sleeper,2026-09-03T14:35:58+00:00
11731,Malik Mustapha,malikmustapha,SF,DB,True,Active,Questionable,,,SS,1785359712498,Questionable,False,Sleeper,2026-09-03T14:35:58+00:00
5968,Mark Fields,markfields,SF,CB,True,Active,,,,,1614825619026,Active,False,Sleeper,2026-09-03T14:35:58+00:00
12668,Marques Sigle,marquessigle,SF,DB,True,Active,,,,SS,1786822807209,Active,False,Sleeper,2026-09-03T14:35:58+00:00
13596,Mikail Kamara,mikailkamara,SF,DE,True,Inactive,IR,,,DL,1785798910318,Out,True,Sleeper,2026-09-03T14:35:58+00:00
2216,Mike Evans,mikeevans,SF,WR,True,Active,Questionable,,,LWR,1788380134259,Questionable,False,Sleeper,2026-09-03T14:35:58+00:00
12602,Mykel Williams,mykelwilliams,SF,DL,True,Active,PUP,,,RDE,1788207614855,Out,True,Sleeper,2026-09-03T14:35:58+00:00
7823,Nate Hobbs,natehobbs,SF,CB,True,Inactive,IR,,,NB,1788306623925,Out,True,Sleeper,2026-09-03T14:35:58+00:00
5816,Nick Bosa,nickbosa,SF,DE,True,Active,Questionable,,,LDE,1788391834636,Questionable,False,Sleeper,2026-09-03T14:35:58+00:00
12630,Nick Martin,nickmartin,SF,LB,True,Inactive,,,,ROLB,1788216913988,Active,False,Sleeper,2026-09-03T14:35:58+00:00
8501,Nick Zakelj,nickzakelj,SF,OL,True,Inactive,IR,,,OL,1788221715583,Out,True,Sleeper,2026-09-03T14:35:58+00:00
5075,Ogbo Okoronkwo,ogbookoronkwo,SF,LB,True,Active,,,,,1785996345917,Active,False,Sleeper,2026-09-03T14:35:58+00:00
7695,Osa Odighizuwa,osaodighizuwa,SF,DT,True,Active,,,,RDT,1786085712142,Active,False,Sleeper,2026-09-03T14:35:58+00:00
11697,Renardo Green,renardogreen,SF,DB,True,Active,Questionable,,,LCB,1787281555476,Questionable,False,Sleeper,2026-09-03T14:35:58+00:00
11638,Ricky Pearsall,rickypearsall,SF,WR,True,Inactive,IR,,,,1786640437842,Out,True,Sleeper,2026-09-03T14:35:58+00:00
13361,Romello Height,romelloheight,SF,LB,True,Active,Questionable,,,LDE,1787520634223,Questionable,False,Sleeper,2026-09-03T14:35:58+00:00
8540,Sam Okuayinonu,samokuayinonu,SF,DE,True,Active,Questionable,,,LDE,1787358029730,Questionable,False,Sleeper,2026-09-03T14:35:58+00:00
SF,San Francisco 49ers,sanfrancisco49ers,SF,DEF,True,,,,,,,Active,False,Sleeper,2026-09-03T14:35:58+00:00
10983,Sean Clifford,seanclifford,SF,QB,True,Active,,,,,1788309024564,Active,False,Sleeper,2026-09-03T14:35:58+00:00
13073,Sebastian Valdez,sebastianvaldez,SF,DL,True,Active,,,,,1769754040867,Active,False,Sleeper,2026-09-03T14:35:58+00:00
8220,Sincere McCormick,sinceremccormick,SF,RB,True,Active,,,,,1788406838079,Active,False,Sleeper,2026-09-03T14:35:58+00:00
5098,Siran Neal,siranneal,SF,CB,True,Active,,,,FS,1788209112641,Active,False,Sleeper,2026-09-03T14:35:58+00:00
11842,Tatum Bethune,tatumbethune,SF,LB,True,Active,,,,LOLB,1786757453102,Active,False,Sleeper,2026-09-03T14:35:58+00:00
1039,Tavon Wilson,tavonwilson,SF,DB,True,Inactive,,,,,1643263514749,Active,False,Sleeper,2026-09-03T14:35:58+00:00
734,Trent Williams,trentwilliams,SF,T,True,Active,,,,OL,1784136042676,Active,False,Sleeper,2026-09-03T14:35:58+00:00
12631,Upton Stout,uptonstout,SF,CB,True,Active,Questionable,,,NB,1787703642523,Questionable,False,Sleeper,2026-09-03T14:35:58+00:00
8482,Vederian Lowe,vederianlowe,SF,OT,True,Active,Questionable,,,OL,1785198051213,Questionable,False,Sleeper,2026-09-03T14:35:58+00:00
7788,Victor Dimukeje,victordimukeje,SF,LB,True,Inactive,IR,,,DL,1787878255283,Out,True,Sleeper,2026-09-03T14:35:58+00:00
13795,Vincent Anthony,vincentanthony,SF,DE,True,Active,,,,,,Active,False,Sleeper,2026-09-03T14:35:58+00:00
13663,Wesley Grimes,wesleygrimes,SF,WR,True,Active,,,,,1788407437985,Active,False,Sleeper,2026-09-03T14:35:58+00:00
13662,Will Pauling,willpauling,SF,WR,True,Active,,,,,1788407738584,Active,False,Sleeper,2026-09-03T14:35:58+00:00
3218,A'Shawn Robinson,ashawnrobinson,TB,DT,True,Active,,,,RDE,1773287151694,Active,False,Sleeper,2026-09-03T14:35:58+00:00
4259,Al-Quadin Muhammad,alquadinmuhammad,TB,DE,True,Active,,,,ROLB,1773359445281,Active,False,Sleeper,2026-09-03T14:35:58+00:00
4118,Alex Anzalone,alexanzalone,TB,LB,True,Active,,,,RILB,1783912817242,Active,False,Sleeper,2026-09-03T14:35:58+00:00
2366,Ali Marpet,alimarpet,TB,G,True,Active,,,,,1646018755989,Active,False,Sleeper,2026-09-03T14:35:58+00:00
6003,Anthony Nelson,anthonynelson,TB,LB,True,Active,,,,LOLB,1781226647351,Active,False,Sleeper,2026-09-03T14:35:58+00:00
6888,Antoine Winfield,antoinewinfield,TB,DB,True,Active,,,,FS,1768233335543,Active,False,Sleeper,2026-09-03T14:35:58+00:00
7959,Augie Contressa,augiecontressa,TB,DB,True,Active,,,,,,Active,False,Sleeper,2026-09-03T14:35:58+00:00
4838,Austin Albrecht,austinalbrecht,TB,OL,True,Active,,,,,,Active,False,Sleeper,2026-09-03T14:35:58+00:00
13959,Ayden Garnes,aydengarnes,TB,DB,True,Active,,,,LCB,,Active,False,Sleeper,2026-09-03T14:35:58+00:00
4892,Baker Mayfield,bakermayfield,TB,QB,True,Active,,,,QB,1788282322399,Active,False,Sleeper,2026-09-03T14:35:58+00:00
13308,Bauer Sharp,bauersharp,TB,TE,True,Active,,,,TE,1780442450830,Active,False,Sleeper,2026-09-03T14:35:58+00:00
6934,Ben Bredeson,benbredeson,TB,G,True,Active,,,,OL,1784218859118,Active,False,Sleeper,2026-09-03T14:35:58+00:00
12789,Ben Scott,benscott,TB,OL,True,Active,,,,,,Active,False,Sleeper,2026-09-03T14:35:58+00:00
12794,Benjamin Chukwuma,benjaminchukwuma,TB,OL,True,Active,,,,OL,,Active,False,Sleeper,2026-09-03T14:35:58+00:00
12576,Benjamin Morrison,benjaminmorrison,TB,DB,True,Active,,,,RCB,1785728761445,Active,False,Sleeper,2026-09-03T14:35:58+00:00
13515,Billy Schrauth,billyschrauth,TB,G,True,Active,,,,OL,1788307225768,Active,False,Sleeper,2026-09-03T14:35:58+00:00
1423,Blidi Wreh-Wilson,blidiwrehwilson,TB,CB,True,Active,,,,,1623295214528,Active,False,Sleeper,2026-09-03T14:35:58+00:00
11584,Bucky Irving,buckyirving,TB,RB,True,Active,,,,RB,1788106855538,Active,False,Sleeper,2026-09-03T14:35:58+00:00
12984,CJ Dippre,cjdippre,TB,TE,True,Active,,,,,1788355529365,Active,False,Sleeper,2026-09-03T14:35:58+00:00
8111,Cade Otton,cadeotton,TB,TE,True,Active,,,,TE,1787683839436,Active,False,Sleeper,2026-09-03T14:35:58+00:00
10879,Calijah Kancey,calijahkancey,TB,DL,True,Active,,,,LDE,1777348220270,Active,False,Sleeper,2026-09-03T14:35:58+00:00
6650,Chase McLaughlin,chasemclaughlin,TB,K,True,Active,,,,K,1784682309241,Active,False,Sleeper,2026-09-03T14:35:58+00:00
4037,Chris Godwin,chrisgodwin,TB,WR,True,Active,,,,SWR,1788400235219,Active,False,Sleeper,2026-09-03T14:35:58+00:00
7346,Christian Rozeboom,christianrozeboom,TB,LB,True,Active,,,,RILB,1781716812855,Active,False,Sleeper,2026-09-03T14:35:58+00:00
10902,Cody Mauch,codymauch,TB,T,True,Active,,,,OL,1784218859854,Active,False,Sleeper,2026-09-03T14:35:58+00:00
8361,Damarion Williams,damarionwilliams,TB,DB,True,Inactive,Questionable,,,,1788397235875,Questionable,False,Sleeper,2026-09-03T14:35:58+00:00
4122,Dan Feeney,danfeeney,TB,OL,True,Active,,,,OL,1754324415159,Active,False,Sleeper,2026-09-03T14:35:58+00:00
1592,Darren Fells,darrenfells,TB,TE,True,Active,,,,,1641878430945,Active,False,Sleeper,2026-09-03T14:35:58+00:00
6154,David Sills,davidsills,TB,WR,True,Active,IR,,,RWR,1788213014173,Out,True,Sleeper,2026-09-03T14:35:58+00:00
12645,David Walker,davidwalker,TB,LB,True,Active,,,,LOLB,1785802511202,Active,False,Sleeper,2026-09-03T14:35:58+00:00
13519,DeMonte Capehart,demontecapehart,TB,DT,True,Active,,,,NT,1777148122966,Active,False,Sleeper,2026-09-03T14:35:58+00:00
14020,Dean Patterson,deanpatterson,TB,WR,True,Active,,,,,1788410438344,Active,False,Sleeper,2026-09-03T14:35:58+00:00
8801,Dennis Houston,dennishouston,TB,WR,True,Inactive,Questionable,,,,1788147608040,Questionable,False,Sleeper,2026-09-03T14:35:58+00:00
13676,Deshawn McKnight,deshawnmcknight,TB,DL,True,Inactive,IR,,,DL,1787701541931,Out,True,Sleeper,2026-09-03T14:35:58+00:00
11820,Devin Culp,devinculp,TB,TE,True,Active,,,,,1788409838361,Active,False,Sleeper,2026-09-03T14:35:58+00:00
6185,Easton Stick,eastonstick,TB,QB,True,Active,,,,,1788409838379,Active,False,Sleeper,2026-09-03T14:35:58+00:00
12671,Elijah Roberts,elijahroberts,TB,DT,True,Active,,,,RDE,1745698527979,Active,False,Sleeper,2026-09-03T14:35:58+00:00
12919,Elijah Simmons,elijahsimmons,TB,DL,True,Active,,,,NT,,Active,False,Sleeper,2026-09-03T14:35:58+00:00
12514,Emeka Egbuka,emekaegbuka,TB,WR,True,Active,Questionable,,,LWR,1788369630969,Questionable,False,Sleeper,2026-09-03T14:35:58+00:00
13316,Eric Rivers,ericrivers,TB,WR,True,Active,,,,,1788411038534,Active,False,Sleeper,2026-09-03T14:35:58+00:00
11426,Evan Deckers,evandeckers,TB,LS,True,Active,,,,LS,1731259527765,Active,False,Sleeper,2026-09-03T14:35:58+00:00
5514,Evan Perroni,evanperroni,TB,,True,Active,,,,,,Active,False,Sleeper,2026-09-03T14:35:58+00:00
12792,Garrett Greene,garrettgreene,TB,QB,True,Active,,,,,1788410438334,Active,False,Sleeper,2026-09-03T14:35:58+00:00
11659,Graham Barton,grahambarton,TB,OL,True,Active,,,,OL,1784218860071,Active,False,Sleeper,2026-09-03T14:35:58+00:00
13961,Henry Lutovsky,henrylutovsky,TB,OG,True,Active,,,,,,Active,False,Sleeper,2026-09-03T14:35:58+00:00
7680,Ifeatu Melifonwu,ifeatumelifonwu,TB,CB,True,Active,,,,,1785359712497,Active,False,Sleeper,2026-09-03T14:35:58+00:00
13132,JJ Roberts,jjroberts,TB,DB,True,Active,,,,,1787014838335,Active,False,Sleeper,2026-09-03T14:35:58+00:00
12605,Jacob Parrish,jacobparrish,TB,DB,True,Active,,,,NB,1785830416796,Active,False,Sleeper,2026-09-03T14:35:58+00:00
11618,Jalen McMillan,jalenmcmillan,TB,WR,True,Active,Questionable,,,RWR,1788282921948,Questionable,False,Sleeper,2026-09-03T14:35:58+00:00
13425,Jalon Daniels,jalondaniels,TB,QB,True,Active,,,,QB,1788100255087,Active,False,Sleeper,2026-09-03T14:35:58+00:00
13763,Javin Wright,javinwright,TB,LB,True,Active,,,,,1777464032813,Active,False,Sleeper,2026-09-03T14:35:58+00:00
13020,Jayson Jones,jaysonjones,TB,DL,True,Active,,,,,1767671109840,Active,False,Sleeper,2026-09-03T14:35:58+00:00
10999,Josh Hayes,joshhayes,TB,CB,True,Active,IR,,,RCB,1788222015575,Out,True,Sleeper,2026-09-03T14:35:58+00:00
12787,Josh Williams,joshwilliams,TB,RB,True,Active,,,,,1788410138489,Active,False,Sleeper,2026-09-03T14:35:58+00:00
13379,Josiah Trotter,josiahtrotter,TB,LB,True,Active,,,,LILB,1777076117448,Active,False,Sleeper,2026-09-03T14:35:58+00:00
6221,Justin Skule,justinskule,TB,OT,True,Active,,,,OL,1784218858983,Active,False,Sleeper,2026-09-03T14:35:58+00:00
11994,Kameron Johnson,kameronjohnson,TB,WR,True,Active,,,,SWR,1782249623954,Active,False,Sleeper,2026-09-03T14:35:58+00:00
13382,Keionte Scott,keiontescott,TB,DB,True,Active,,,,NB,1788307225719,Active,False,Sleeper,2026-09-03T14:35:58+00:00
7567,Kenny Gainwell,kennygainwell,TB,RB,True,Active,,,,RB,1787944828216,Active,False,Sleeper,2026-09-03T14:35:58+00:00
12819,Kevin Knowles,kevinknowles,TB,DB,True,Active,,,,LDE,1788319227231,Active,False,Sleeper,2026-09-03T14:35:58+00:00
8484,Ko Kieft,kokieft,TB,TE,True,Active,,,,TE,1785447923809,Active,False,Sleeper,2026-09-03T14:35:58+00:00
8454,Luke Goedeke,lukegoedeke,TB,OL,True,Active,,,,OL,1784218859586,Active,False,Sleeper,2026-09-03T14:35:58+00:00
11420,Luke Haggard,lukehaggard,TB,OT,True,Active,,,,OL,1763314821665,Active,False,Sleeper,2026-09-03T14:35:58+00:00
3272,Miles Killebrew,mileskillebrew,TB,DB,True,Active,,,,FS,1773375646608,Active,False,Sleeper,2026-09-03T14:35:58+00:00
11754,Mohamed Kamara,mohamedkamara,TB,DL,True,Inactive,IR,,,LB,1788234916167,Out,True,Sleeper,2026-09-03T14:35:58+00:00
13762,Paul Rubelt,paulrubelt,TB,OL,True,Active,,,,,,Active,False,Sleeper,2026-09-03T14:35:58+00:00
10227,Payne Durham,paynedurham,TB,TE,True,Active,,,,TE,1780442450327,Active,False,Sleeper,2026-09-03T14:35:58+00:00
2993,Rakeem Nunez-Roches,rakeemnunezroches,TB,DT,True,Active,,,,LDE,1775447118452,Active,False,Sleeper,2026-09-03T14:35:58+00:00
11966,Rashad Wisdom,rashadwisdom,TB,DB,True,Active,,,,,1766338515251,Active,False,Sleeper,2026-09-03T14:35:58+00:00
3383,Riley Dixon,rileydixon,TB,P,True,Active,,,,P,1679422821051,Active,False,Sleeper,2026-09-03T14:35:58+00:00
12796,Roman Parodie,romanparodie,TB,CB,True,Active,,,,,1786436137504,Active,False,Sleeper,2026-09-03T14:35:58+00:00
13340,Rueben Bain,ruebenbain,TB,DL,True,Active,Questionable,,,LOLB,1787774448801,Questionable,False,Sleeper,2026-09-03T14:35:58+00:00
6060,Sean Murphy-Bunting,seanmurphybunting,TB,CB,True,Active,,,,,1788216014357,Active,False,Sleeper,2026-09-03T14:35:58+00:00
9506,Sean Tucker,seantucker,TB,RB,True,Active,Questionable,,,RB,1788366631123,Questionable,False,Sleeper,2026-09-03T14:35:58+00:00
13737,Silas Walters,silaswalters,TB,DB,True,Active,,,,,,Active,False,Sleeper,2026-09-03T14:35:58+00:00
10980,SirVocea Dennis,sirvoceadennis,TB,LB,True,Active,,,,LILB,1767921954438,Active,False,Sleeper,2026-09-03T14:35:58+00:00
TB,Tampa Bay Buccaneers,tampabaybuccaneers,TB,DEF,True,,,,,,,Active,False,Sleeper,2026-09-03T14:35:58+00:00
13317,Ted Hurst,tedhurst,TB,WR,True,Active,,,,LWR,1788270918646,Active,False,Sleeper,2026-09-03T14:35:58+00:00
12485,Tez Johnson,tezjohnson,TB,WR,True,Active,,,,RWR,1787972742085,Active,False,Sleeper,2026-09-03T14:35:58+00:00
6793,Tristan Wirfs,tristanwirfs,TB,T,True,Active,,,,OL,1787671247526,Active,False,Sleeper,2026-09-03T14:35:58+00:00
11705,Tykee Smith,tykeesmith,TB,DB,True,Active,,,,SS,1768233035389,Active,False,Sleeper,2026-09-03T14:35:58+00:00
4969,Vita Vea,vitavea,TB,DT,True,Active,,,,NT,1787181017028,Active,False,Sleeper,2026-09-03T14:35:58+00:00
14078,Xavier Williams,xavierwilliams,TB,DB,True,Inactive,IR,,,,1788235216484,Out,True,Sleeper,2026-09-03T14:35:58+00:00
14022,Yasir Holmes,yasirholmes,TB,LB,True,Active,,,,,,Active,False,Sleeper,2026-09-03T14:35:58+00:00
10921,Yaya Diaby,yayadiaby,TB,DL,True,Active,,,,ROLB,1767922854281,Active,False,Sleeper,2026-09-03T14:35:58+00:00
8384,Zyon McCollum,zyonmccollum,TB,DB,True,Active,,,,LCB,1787270453987,Active,False,Sleeper,2026-09-03T14:35:58+00:00
8333,Alontae Taylor,alontaetaylor,TEN,DB,True,Active,,,,LCB,1773114035583,Active,False,Sleeper,2026-09-03T14:35:58+00:00
5908,Amani Hooker,amanihooker,TEN,DB,True,Active,,,,SS,1785265560573,Active,False,Sleeper,2026-09-03T14:35:58+00:00
13365,Anthony Hill,anthonyhill,TEN,LB,True,Active,,,,LOLB,1777079418682,Active,False,Sleeper,2026-09-03T14:35:58+00:00
5439,Austin Schlottmann,austinschlottmann,TEN,G,True,Active,,,,OL,1784236833636,Active,False,Sleeper,2026-09-03T14:35:58+00:00
12782,Brandon Crenshaw-Dickson,brandoncrenshawdickson,TEN,OT,True,Active,,,,OL,,Active,False,Sleeper,2026-09-03T14:35:58+00:00
3474,Briean Boddy-Calhoun,brieanboddycalhoun,TEN,CB,True,Active,,,,,1641260460242,Active,False,Sleeper,2026-09-03T14:35:58+00:00
5223,Caleb Scott,calebscott,TEN,WR,True,Active,,,,,1640842239083,Active,False,Sleeper,2026-09-03T14:35:58+00:00
4981,Calvin Ridley,calvinridley,TEN,WR,True,Active,,,,RWR,1787019639668,Active,False,Sleeper,2026-09-03T14:35:58+00:00
12522,Cam Ward,camward,TEN,QB,True,Active,,,,QB,1787544636127,Active,False,Sleeper,2026-09-03T14:35:58+00:00
13279,Carnell Tate,carnelltate,TEN,WR,True,Active,Questionable,,,LWR,1788297321590,Questionable,False,Sleeper,2026-09-03T14:35:58+00:00
11742,Cedric Gray,cedricgray,TEN,LB,True,Active,,,,LOLB,1783221660186,Active,False,Sleeper,2026-09-03T14:35:58+00:00
12540,Chimere Dike,chimeredike,TEN,WR,True,Active,,,,SWR,1788055851868,Active,False,Sleeper,2026-09-03T14:35:58+00:00
6065,Cody Barton,codybarton,TEN,LB,True,Active,,,,MLB,1768112109157,Active,False,Sleeper,2026-09-03T14:35:58+00:00
8310,Cor'Dale Flott,cordaleflott,TEN,DB,True,Active,,,,RCB,1773086135066,Active,False,Sleeper,2026-09-03T14:35:58+00:00
7714,Dan Moore,danmoore,TEN,OT,True,Active,,,,OL,1784236833943,Active,False,Sleeper,2026-09-03T14:35:58+00:00
8225,Daniel Bellinger,danielbellinger,TEN,TE,True,Active,,,,TE,1786290028229,Active,False,Sleeper,2026-09-03T14:35:58+00:00
12357,David Martin-Robinson,davidmartinrobinson,TEN,TE,True,Active,,,,TE,1768025102697,Active,False,Sleeper,2026-09-03T14:35:58+00:00
11750,Dominique Hampton,dominiquehampton,TEN,CB,True,Inactive,IR,,,LB,1787790059632,Out,True,Sleeper,2026-09-03T14:35:58+00:00
5288,Donnie Ernsberger,donnieernsberger,TEN,TE,False,Inactive,Questionable,,,,1628987137889,Questionable,False,Sleeper,2026-09-03T14:35:58+00:00
12944,Dorian Mausi,dorianmausi,TEN,LB,True,Active,IR,,,ROLB,1788222315673,Out,True,Sleeper,2026-09-03T14:35:58+00:00
12754,Drew Moss,drewmoss,TEN,OL,True,Active,,,,,,Active,False,Sleeper,2026-09-03T14:35:58+00:00
12499,Elic Ayomanor,elicayomanor,TEN,WR,True,Active,,,,LWR,1787111751420,Active,False,Sleeper,2026-09-03T14:35:58+00:00
11019,Erick Hallett,erickhallett,TEN,DB,True,Active,,,,,1765989652271,Active,False,Sleeper,2026-09-03T14:35:58+00:00
13529,Fernando Carmona,fernandocarmona,TEN,G,True,Active,,,,OL,1784236835240,Active,False,Sleeper,2026-09-03T14:35:58+00:00
12741,Garrett Dellinger,garrettdellinger,TEN,OG,True,Active,,,,OL,1765649708969,Active,False,Sleeper,2026-09-03T14:35:58+00:00
12502,Gunnar Helm,gunnarhelm,TEN,TE,True,Active,,,,TE,1788390034187,Active,False,Sleeper,2026-09-03T14:35:58+00:00
9998,Hendon Hooker,hendonhooker,TEN,QB,True,Active,,,,,1780608036672,Active,False,Sleeper,2026-09-03T14:35:58+00:00
11672,JC Latham,jclatham,TEN,OL,True,Active,,,,OL,1785453625213,Active,False,Sleeper,2026-09-03T14:35:58+00:00
13549,Jackie Marshall,jackiemarshall,TEN,DE,True,Active,,,,LDT,1777596028102,Active,False,Sleeper,2026-09-03T14:35:58+00:00
12664,Jackson Slater,jacksonslater,TEN,OL,True,Active,,,,OL,1745698527990,Active,False,Sleeper,2026-09-03T14:35:58+00:00
5378,Jacob Martin,jacobmartin,TEN,DE,True,Active,,,,LDE,1773332743061,Active,False,Sleeper,2026-09-03T14:35:58+00:00
13679,Jalen McMurray,jalenmcmurray,TEN,CB,True,Active,,,,,,Active,False,Sleeper,2026-09-03T14:35:58+00:00
5333,Jalyn Holmes,jalynholmes,TEN,DE,True,Active,,,,,1781677830684,Active,False,Sleeper,2026-09-03T14:35:58+00:00
7728,James Hudson,jameshudson,TEN,OT,True,Active,,,,OL,1782944424567,Active,False,Sleeper,2026-09-03T14:35:58+00:00
11847,James Williams,jameswilliams,TEN,DB,True,Active,,,,ROLB,1764439249112,Active,False,Sleeper,2026-09-03T14:35:58+00:00
13422,Jaren Kanak,jarenkanak,TEN,TE,True,Inactive,IR,,,TE,1786946722005,Out,True,Sleeper,2026-09-03T14:35:58+00:00
11835,Jaylen Harrell,jaylenharrell,TEN,DE,True,Inactive,IR,,,DL,1786946721985,Out,True,Sleeper,2026-09-03T14:35:58+00:00
6125,Jeffery Simmons,jefferysimmons,TEN,DT,True,Active,,,,LDT,1785542736060,Active,False,Sleeper,2026-09-03T14:35:58+00:00
8398,Jermaine Johnson,jermainejohnson,TEN,LB,True,Active,,,,RDE,1772119207996,Active,False,Sleeper,2026-09-03T14:35:58+00:00
10997,Jerrick Reed,jerrickreed,TEN,DB,True,Active,,,,,1788235815880,Active,False,Sleeper,2026-09-03T14:35:58+00:00
11113,Joel Wilson,joelwilson,TEN,TE,True,Active,,,,,1788126057846,Active,False,Sleeper,2026-09-03T14:35:58+00:00
6528,Joey Slye,joeyslye,TEN,K,True,Active,,,,K,1787547036436,Active,False,Sleeper,2026-09-03T14:35:58+00:00
5466,John Franklin-Myers,johnfranklinmyers,TEN,DT,True,Active,,,,RDT,1786085712168,Active,False,Sleeper,2026-09-03T14:35:58+00:00
6841,Jordan Elliott,jordanelliott,TEN,DT,True,Active,,,,RDT,1773199243729,Active,False,Sleeper,2026-09-03T14:35:58+00:00
8470,Joshua Williams,joshuawilliams,TEN,CB,True,Active,IR,,,LCB,1788222015575,Out,True,Sleeper,2026-09-03T14:35:58+00:00
8254,Julius Chestnut,juliuschestnut,TEN,RB,True,Active,,,,RB,1780024825668,Active,False,Sleeper,2026-09-03T14:35:58+00:00
7066,K.J. Osborn,kjosborn,TEN,WR,True,Active,,,,,1788127858868,Active,False,Sleeper,2026-09-03T14:35:58+00:00
12516,Kalel Mullings,kalelmullings,TEN,RB,True,Active,,,,,1786155025020,Active,False,Sleeper,2026-09-03T14:35:58+00:00
13395,Keldric Faulk,keldricfaulk,TEN,DL,True,Active,Questionable,,,LDE,1779931233728,Questionable,False,Sleeper,2026-09-03T14:35:58+00:00
12588,Kevin Winston,kevinwinston,TEN,DB,True,Active,,,,FS,1779407442863,Active,False,Sleeper,2026-09-03T14:35:58+00:00
7602,Kylen Granson,kylengranson,TEN,TE,True,Active,,,,TE,1780442450107,Active,False,Sleeper,2026-09-03T14:35:58+00:00
13144,Laki Tasi,lakitasi,TEN,DL,True,Active,,,,,1785725461367,Active,False,Sleeper,2026-09-03T14:35:58+00:00
12712,Marcus Harris,marcusharris,TEN,DB,True,Active,,,,NB,1785547536793,Active,False,Sleeper,2026-09-03T14:35:58+00:00
13118,Melvin Smith,melvinsmith,TEN,DB,True,Active,,,,LCB,1788223816008,Active,False,Sleeper,2026-09-03T14:35:58+00:00
12730,Micah Robinson,micahrobinson,TEN,CB,True,Active,,,,RCB,1766942412933,Active,False,Sleeper,2026-09-03T14:35:58+00:00
7607,Michael Carter,michaelcarter,TEN,RB,True,Active,,,,,1788183310827,Active,False,Sleeper,2026-09-03T14:35:58+00:00
7878,Milo Eifler,miloeifler,TEN,LB,True,Inactive,IR,,,LB,1787625044288,Out,True,Sleeper,2026-09-03T14:35:58+00:00
3976,Mitchell Trubisky,mitchelltrubisky,TEN,QB,True,Active,Questionable,,,QB,1787189718123,Questionable,False,Sleeper,2026-09-03T14:35:58+00:00
11350,Mohamoud Diabate,mohamouddiabate,TEN,LB,True,Active,,,,,1788235815891,Active,False,Sleeper,2026-09-03T14:35:58+00:00
525,Morgan Cox,morgancox,TEN,LS,True,Active,,,,LS,1773073533393,Active,False,Sleeper,2026-09-03T14:35:58+00:00
12927,Nazir Stackhouse,nazirstackhouse,TEN,DL,True,Active,,,,RDT,1785371714558,Active,False,Sleeper,2026-09-03T14:35:58+00:00
13288,Nicholas Singleton,nicholassingleton,TEN,RB,True,Active,,,,RB,1788101155159,Active,False,Sleeper,2026-09-03T14:35:58+00:00
12583,Oluwafemi Oladejo,oluwafemioladejo,TEN,DL,True,Active,,,,RDE,1785447623791,Active,False,Sleeper,2026-09-03T14:35:58+00:00
10969,Owen Pappoe,owenpappoe,TEN,LB,True,Active,,,,MLB,1788123058897,Active,False,Sleeper,2026-09-03T14:35:58+00:00
13550,Pat Coogan,patcoogan,TEN,C,True,Active,,,,OL,1777153225169,Active,False,Sleeper,2026-09-03T14:35:58+00:00
10886,Peter Skoronski,peterskoronski,TEN,OL,True,Active,,,,OL,1786131614643,Active,False,Sleeper,2026-09-03T14:35:58+00:00
13891,Rasheed Miller,rasheedmiller,TEN,OL,True,Active,,,,,,Active,False,Sleeper,2026-09-03T14:35:58+00:00
4939,Roderick Henderson,roderickhenderson,TEN,DT,True,Active,,,,,,Active,False,Sleeper,2026-09-03T14:35:58+00:00
12234,Shemar Bartholomew,shemarbartholomew,TEN,CB,True,Active,,,,,1788364232131,Active,False,Sleeper,2026-09-03T14:35:58+00:00
4058,Solomon Thomas,solomonthomas,TEN,DT,True,Active,,,,LDT,1773270951976,Active,False,Sleeper,2026-09-03T14:35:58+00:00
4114,Tanoh Kpassagnon,tanohkpassagnon,TEN,DE,True,Inactive,IR,,,DL,1788222615931,Out,True,Sleeper,2026-09-03T14:35:58+00:00
TEN,Tennessee Titans,tennesseetitans,TEN,DEF,True,,,,,,,Active,False,Sleeper,2026-09-03T14:35:58+00:00
7036,Terrell Burgess,terrellburgess,TEN,DB,True,Active,,,,FS,1788235215843,Active,False,Sleeper,2026-09-03T14:35:58+00:00
8654,Timmy Horne,timmyhorne,TEN,DT,True,Active,,,,,1767733815412,Active,False,Sleeper,2026-09-03T14:35:58+00:00
7307,Tommy Townsend,tommytownsend,TEN,P,True,Active,,,,P,1773192943403,Active,False,Sleeper,2026-09-03T14:35:58+00:00
8860,Tony Adams,tonyadams,TEN,DB,True,Active,,,,SS,1773357045181,Active,False,Sleeper,2026-09-03T14:35:58+00:00
5967,Tony Pollard,tonypollard,TEN,RB,True,Active,,,,RB,1787937327415,Active,False,Sleeper,2026-09-03T14:35:58+00:00
11319,Truman Jones,trumanjones,TEN,DE,True,Active,,,,RDE,1761678355978,Active,False,Sleeper,2026-09-03T14:35:58+00:00
9508,Tyjae Spears,tyjaespears,TEN,RB,True,Active,,,,RB,1787893856526,Active,False,Sleeper,2026-09-03T14:35:58+00:00
13600,Tyren Montgomery,tyrenmontgomery,TEN,WR,True,Active,,,,,1777593025492,Active,False,Sleeper,2026-09-03T14:35:58+00:00
8126,Wan'Dale Robinson,wandalerobinson,TEN,WR,True,Active,Questionable,,,SWR,1787942727973,Questionable,False,Sleeper,2026-09-03T14:35:58+00:00
12520,Xavier Restrepo,xavierrestrepo,TEN,WR,True,Active,,,,,1788318025898,Active,False,Sleeper,2026-09-03T14:35:58+00:00
13176,Ale Kaho,alekaho,WAS,LB,True,Active,,,,,1764216321283,Active,False,Sleeper,2026-09-03T14:35:58+00:00
6896,Amik Robertson,amikrobertson,WAS,CB,True,Active,,,,NB,1773081032741,Active,False,Sleeper,2026-09-03T14:35:58+00:00
4693,Andrew Wylie,andrewwylie,WAS,G,True,Active,,,,OL,1784236833416,Active,False,Sleeper,2026-09-03T14:35:58+00:00
13301,Antonio Williams,antoniowilliams,WAS,WR,True,Active,,,,SWR,1788320424359,Active,False,Sleeper,2026-09-03T14:35:58+00:00
13557,Athan Kaliakmanis,athankaliakmanis,WAS,QB,True,Active,,,,QB,1779924031805,Active,False,Sleeper,2026-09-03T14:35:58+00:00
11596,Ben Sinnott,bensinnott,WAS,TE,True,Active,Questionable,,,TE,1787666447489,Questionable,False,Sleeper,2026-09-03T14:35:58+00:00
11702,Brandon Coleman,brandoncoleman,WAS,OL,True,Active,,,,OL,,Active,False,Sleeper,2026-09-03T14:35:58+00:00
6006,Byron Cowart,byroncowart,WAS,DT,True,Active,,,,,1786491644720,Active,False,Sleeper,2026-09-03T14:35:58+00:00
5934,Charles Omenihu,charlesomenihu,WAS,DE,True,Active,,,,LDE,1773287151694,Active,False,Sleeper,2026-09-03T14:35:58+00:00
8210,Chig Okonkwo,chigokonkwo,WAS,TE,True,Active,,,,TE,1787719542922,Active,False,Sleeper,2026-09-03T14:35:58+00:00
8522,Chris Paul,chrispaul,WAS,OL,True,Active,,,,OL,1784236834178,Active,False,Sleeper,2026-09-03T14:35:58+00:00
5405,Cole Boozer,coleboozer,WAS,OT,True,Inactive,,,,,1546275044466,Active,False,Sleeper,2026-09-03T14:35:58+00:00
11942,Colson Yankoff,colsonyankoff,WAS,TE,True,Active,,,,TE,1781220047876,Active,False,Sleeper,2026-09-03T14:35:58+00:00
6659,Craig Reynolds,craigreynolds,WAS,RB,True,Active,,,,,1788236415900,Active,False,Sleeper,2026-09-03T14:35:58+00:00
12164,Curtis Jacobs,curtisjacobs,WAS,LB,True,Inactive,IR,,,LB,1788235816552,Out,True,Sleeper,2026-09-03T14:35:58+00:00
1472,D.J. Hayden,djhayden,WAS,CB,True,Active,,,,,1649451624262,Active,False,Sleeper,2026-09-03T14:35:58+00:00
2329,D.J. Humphries,djhumphries,WAS,OL,True,Active,,,,OL,1787703642495,Active,False,Sleeper,2026-09-03T14:35:58+00:00
10938,D.J. Johnson,djjohnson,WAS,LB,True,Active,,,,,1754764552848,Active,False,Sleeper,2026-09-03T14:35:58+00:00
10990,Darius Rush,dariusrush,WAS,DB,True,Active,,,,,1767671109841,Active,False,Sleeper,2026-09-03T14:35:58+00:00
4976,Daron Payne,daronpayne,WAS,DT,True,Active,,,,RDE,1771302327564,Active,False,Sleeper,2026-09-03T14:35:58+00:00
4174,Deatrich Wise,deatrichwise,WAS,DE,True,Active,PUP,,,LDE,1788189611920,Out,True,Sleeper,2026-09-03T14:35:58+00:00
2643,Deshazor Everett,deshazoreverett,WAS,DB,True,Active,,,,,1647534905973,Active,False,Sleeper,2026-09-03T14:35:58+00:00
5330,Dorance Armstrong,dorancearmstrong,WAS,DE,True,Active,Sus,,,LOLB,1786748144785,Out,True,Sleeper,2026-09-03T14:35:58+00:00
8351,Drake Jackson,drakejackson,WAS,DL,True,Inactive,IR,,,DL,1787676048157,Out,True,Sleeper,2026-09-03T14:35:58+00:00
13968,Drew Stevens,drewstevens,WAS,K,True,Active,,,,K,1787015137759,Active,False,Sleeper,2026-09-03T14:35:58+00:00
7587,Dyami Brown,dyamibrown,WAS,WR,True,Active,,,,LWR,1786389642879,Active,False,Sleeper,2026-09-03T14:35:58+00:00
2314,Ereck Flowers,ereckflowers,WAS,T,True,Active,,,,,1647453053629,Active,False,Sleeper,2026-09-03T14:35:58+00:00
12811,Esa Pole,esapole,WAS,OT,True,Active,,,,,1757553653335,Active,False,Sleeper,2026-09-03T14:35:58+00:00
4126,Fabian Moreau,fabianmoreau,WAS,CB,True,Active,,,,RCB,1788270618873,Active,False,Sleeper,2026-09-03T14:35:58+00:00
5580,Frankie Luvu,frankieluvu,WAS,LB,True,Active,,,,LILB,1768247736564,Active,False,Sleeper,2026-09-03T14:35:58+00:00
13675,Fred Davis,freddavis,WAS,CB,True,Active,,,,,1785390617660,Active,False,Sleeper,2026-09-03T14:35:58+00:00
2418,Gabe Wright,gabewright,WAS,DT,True,Active,,,,,1623119405057,Active,False,Sleeper,2026-09-03T14:35:58+00:00
5048,Isaac Yiadom,isaacyiadom,WAS,CB,True,Active,,,,,1788364232169,Active,False,Sleeper,2026-09-03T14:35:58+00:00
12045,Jack Westover,jackwestover,WAS,TE,True,Active,,,,,1788364232186,Active,False,Sleeper,2026-09-03T14:35:58+00:00
13120,Jacoby Jones,jacobyjones,WAS,WR,True,Inactive,IR,,,,1788231617282,Out,True,Sleeper,2026-09-03T14:35:58+00:00
12533,Jacory Croskey-Merritt,jacorycroskeymerritt,WAS,RB,True,Active,Questionable,,,RB,1788292523026,Questionable,False,Sleeper,2026-09-03T14:35:58+00:00
13760,Jaden Bradley,jadenbradley,WAS,WR,True,Active,,,,,1788235816168,Active,False,Sleeper,2026-09-03T14:35:58+00:00
6792,Javon Kinlaw,javonkinlaw,WAS,DT,True,Active,,,,LDE,1771302627601,Active,False,Sleeper,2026-09-03T14:35:58+00:00
11816,Javontae Jean-Baptiste,javontaejeanbaptiste,WAS,DL,True,Active,,,,LOLB,1786812001263,Active,False,Sleeper,2026-09-03T14:35:58+00:00
11566,Jayden Daniels,jaydendaniels,WAS,QB,True,Active,,,,QB,1787769648358,Active,False,Sleeper,2026-09-03T14:35:58+00:00
12641,Jaylin Lane,jaylinlane,WAS,WR,True,Active,,,,SWR,1779910829192,Active,False,Sleeper,2026-09-03T14:35:58+00:00
13761,Jeffrey M'ba,jeffreymba,WAS,DL,True,Active,,,,,,Active,False,Sleeper,2026-09-03T14:35:58+00:00
11699,Jer'Zhan Newton,jerzhannewton,WAS,DL,True,Inactive,IR,,,RDE,1788217213371,Out,True,Sleeper,2026-09-03T14:35:58+00:00
4219,Jeremy McNichols,jeremymcnichols,WAS,RB,True,Inactive,IR,,,RB,1788199812407,Out,True,Sleeper,2026-09-03T14:35:58+00:00
5792,Jeremy Reaves,jeremyreaves,WAS,DB,True,Active,,,,FS,1768247136709,Active,False,Sleeper,2026-09-03T14:35:58+00:00
8143,Jerome Ford,jeromeford,WAS,RB,True,Inactive,Questionable,,,,1787525134593,Questionable,False,Sleeper,2026-09-03T14:35:58+00:00
7716,John Bates,johnbates,WAS,TE,True,Active,Questionable,,,TE,1786946722142,Questionable,False,Sleeper,2026-09-03T14:35:58+00:00
11778,Jordan Magee,jordanmagee,WAS,LB,True,Active,Questionable,,,LILB,1787183417933,Questionable,False,Sleeper,2026-09-03T14:35:58+00:00
12558,Josh Conerly,joshconerly,WAS,OL,True,Active,,,,OL,1784236834969,Active,False,Sleeper,2026-09-03T14:35:58+00:00
13366,Joshua Josephs,joshuajosephs,WAS,DL,True,Active,,,,ROLB,1777142123675,Active,False,Sleeper,2026-09-03T14:35:58+00:00
12883,Joshua Simon,joshuasimon,WAS,TE,True,Active,,,,,1788364232207,Active,False,Sleeper,2026-09-03T14:35:58+00:00
7402,Julian Good-Jones,juliangoodjones,WAS,G,True,Active,,,,,1759875359566,Active,False,Sleeper,2026-09-03T14:35:58+00:00
6800,K'Lavon Chaisson,klavonchaisson,WAS,LB,True,Active,,,,ROLB,1788392134836,Active,False,Sleeper,2026-09-03T14:35:58+00:00
12684,Kain Medrano,kainmedrano,WAS,LB,True,Active,,,,LILB,1785828916517,Active,False,Sleeper,2026-09-03T14:35:58+00:00
13405,Kaytron Allen,kaytronallen,WAS,RB,True,Active,,,,RB,1788196812262,Active,False,Sleeper,2026-09-03T14:35:58+00:00
3159,Laremy Tunsil,laremytunsil,WAS,OL,True,Inactive,IR,,,OL,1788215414520,Out,True,Sleeper,2026-09-03T14:35:58+00:00
8362,Leo Chenal,leochenal,WAS,LB,True,Active,,,,RILB,1773199243733,Active,False,Sleeper,2026-09-03T14:35:58+00:00
11650,Luke McCaffrey,lukemccaffrey,WAS,WR,True,Active,,,,SWR,1787983243545,Active,False,Sleeper,2026-09-03T14:35:58+00:00
13854,Malik Spencer,malikspencer,WAS,DB,True,Inactive,IR,,,,1787790659412,Out,True,Sleeper,2026-09-03T14:35:58+00:00
2307,Marcus Mariota,marcusmariota,WAS,QB,True,Active,Questionable,,,QB,1788211514236,Questionable,False,Sleeper,2026-09-03T14:35:58+00:00
13536,Matt Gulbin,mattgulbin,WAS,OL,True,Active,,,,OL,1777153225296,Active,False,Sleeper,2026-09-03T14:35:58+00:00
11676,Mike Sainristil,mikesainristil,WAS,DB,True,Active,,,,RCB,1768248339588,Active,False,Sleeper,2026-09-03T14:35:58+00:00
6292,Nick Allegretti,nickallegretti,WAS,G,True,Active,Questionable,,,OL,1787276155428,Questionable,False,Sleeper,2026-09-03T14:35:58+00:00
8392,Nick Cross,nickcross,WAS,DB,True,Active,,,,SS,1783318810681,Active,False,Sleeper,2026-09-03T14:35:58+00:00
7626,Odafe Oweh,odafeoweh,WAS,LB,True,Active,Questionable,,,LOLB,1787092543406,Questionable,False,Sleeper,2026-09-03T14:35:58+00:00
8394,Percy Butler,percybutler,WAS,DB,True,Active,,,,SS,1759543843155,Active,False,Sleeper,2026-09-03T14:35:58+00:00
10903,Quan Martin,quanmartin,WAS,DB,True,Active,,,,FS,1768248639597,Active,False,Sleeper,2026-09-03T14:35:58+00:00
13870,Quentin Moore,quentinmoore,WAS,TE,True,Inactive,IR,,,TE,1788231617304,Out,True,Sleeper,2026-09-03T14:35:58+00:00
8136,Rachaad White,rachaadwhite,WAS,RB,True,Active,Questionable,,,RB,1787955639316,Questionable,False,Sleeper,2026-09-03T14:35:58+00:00
4136,Rasul Douglas,rasuldouglas,WAS,CB,True,Active,,,,LCB,1785183350487,Active,False,Sleeper,2026-09-03T14:35:58+00:00
12844,Ricky Barber,rickybarber,WAS,DT,True,Active,,,,NT,,Active,False,Sleeper,2026-09-03T14:35:58+00:00
13418,Robert Henry,roberthenry,WAS,RB,True,Active,,,,,1788199514636,Active,False,Sleeper,2026-09-03T14:35:58+00:00
7652,Sam Cosmi,samcosmi,WAS,OL,True,Active,,,,OL,1784236833818,Active,False,Sleeper,2026-09-03T14:35:58+00:00
11558,Sam Hartman,samhartman,WAS,QB,True,Active,,,,,1788235815844,Active,False,Sleeper,2026-09-03T14:35:58+00:00
6627,Shy Tuttle,shytuttle,WAS,DT,True,Active,,,,RDE,1788270618868,Active,False,Sleeper,2026-09-03T14:35:58+00:00
13375,Sonny Styles,sonnystyles,WAS,LB,True,Active,,,,RILB,1782703224020,Active,False,Sleeper,2026-09-03T14:35:58+00:00
2449,Stefon Diggs,stefondiggs,WAS,WR,True,Active,,,,RWR,1788029747911,Active,False,Sleeper,2026-09-03T14:35:58+00:00
12550,T.J. Maguranyanga,tjmaguranyanga,WAS,DE,True,Inactive,IR,,,DL,1788236416362,Out,True,Sleeper,2026-09-03T14:35:58+00:00
13871,Tanoa Togiai,tanoatogiai,WAS,G,True,Active,,,,OL,,Active,False,Sleeper,2026-09-03T14:35:58+00:00
3333,Temarrick Hemingway,temarrickhemingway,WAS,TE,True,Active,,,,,1641879031265,Active,False,Sleeper,2026-09-03T14:35:58+00:00
10972,Terell Smith,terellsmith,WAS,DB,True,Active,,,,,1788318025930,Active,False,Sleeper,2026-09-03T14:35:58+00:00
14086,Terrelle Smith,terrellesmith,WAS,FB,True,Active,,,,,,Active,False,Sleeper,2026-09-03T14:35:58+00:00
5927,Terry McLaurin,terrymclaurin,WAS,WR,True,Active,,,,LWR,1788236414114,Active,False,Sleeper,2026-09-03T14:35:58+00:00
5366,Tim Settle,timsettle,WAS,DT,True,Active,Questionable,,,NT,1787411123702,Questionable,False,Sleeper,2026-09-03T14:35:58+00:00
5423,Trent Scott,trentscott,WAS,T,True,Active,,,,,1773337243465,Active,False,Sleeper,2026-09-03T14:35:58+00:00
1506,Tress Way,tressway,WAS,P,True,Active,,,,P,1786153524787,Active,False,Sleeper,2026-09-03T14:35:58+00:00
12595,Trey Amos,treyamos,WAS,DB,True,Inactive,IR,,,LCB,1788189011727,Out,True,Sleeper,2026-09-03T14:35:58+00:00
8135,Treylon Burks,treylonburks,WAS,WR,True,Active,,,,RWR,1787578238005,Active,False,Sleeper,2026-09-03T14:35:58+00:00
1844,Tyler Ott,tylerott,WAS,LS,True,Active,,,,LS,1764814833638,Active,False,Sleeper,2026-09-03T14:35:58+00:00
11934,Tyler Owens,tylerowens,WAS,DB,True,Active,,,,NB,1762719612158,Active,False,Sleeper,2026-09-03T14:35:58+00:00
WAS,Washington Commanders,washingtoncommanders,WAS,DEF,True,,,,,,,Active,False,Sleeper,2026-09-03T14:35:58+00:00
3309,Wendell Smallwood,wendellsmallwood,WAS,RB,True,Active,,,,,1641276961310,Active,False,Sleeper,2026-09-03T14:35:58+00:00
