fighter,division,sample,data_completeness,td_attempts_per15,td_landed_per15,td_accuracy,repeat_attempt_rate,control_per15,control_seconds_per_td_landed,td_defense,opponent_td_attempts_per15,opponent_control_per15,opponent_control_seconds_per_td_allowed,sub_attempts_per15,opponent_sub_attempts_per15,submission_loss_rate,active_wrestling_rounds,repeat_attempt_rounds,td_attempts_per15_pct,td_landed_per15_pct,td_accuracy_pct,repeat_attempt_rate_pct,control_per15_pct,control_seconds_per_td_landed_pct,td_defense_pct,opponent_control_per15_pct,opponent_control_seconds_per_td_allowed_pct,sub_attempts_per15_pct,opponent_sub_attempts_per15_pct,submission_loss_rate_pct,chain_wrestling_score,control_retention_score,takedown_resistance_score,bottom_escape_score,submission_pressure_score,submission_resistance_score
Merab Dvalishvili,Men’s Bantamweight,8,1.0,17.589864466705954,4.949911608721273,0.2814070351758794,0.9117647058823529,4.463759575721863,54.107142857142854,0.75,3.1820860341779613,0.7469063052445493,56.333333333333336,0.3535651149086623,0.0,0.0,34,31,100.0,95.91836734693877,36.666666666666664,88.88888888888889,79.59183673469387,11.25,65.59139784946237,85.71428571428571,81.17647058823529,61.224489795918366,81.12244897959184,62.244897959183675,75.18518518518518,45.420918367346935,75.65284178187403,83.4453781512605,70.40816326530611,75.60424169667867
Sean O'Malley,Men’s Bantamweight,8,1.0,0.1274065685164213,0.0,0.0,0.0,0.053086070215175536,,0.5918367346938775,6.242921857304643,3.1766704416761042,74.8,0.0,0.1274065685164213,0.5,1,0,9.183673469387756,9.693877551020408,6.111111111111111,7.222222222222221,3.061224489795918,,38.70967741935484,37.755102040816325,58.82352941176471,19.387755102040817,58.163265306122454,10.204081632653063,7.505668934240362,3.061224489795918,38.232389730085586,48.28931572629052,11.224489795918368,38.88555422168867
Petr Yan,Men’s Bantamweight,8,1.0,3.6176470588235294,1.4117647058823528,0.3902439024390244,0.45,2.277941176470588,96.8125,0.8503937007874016,11.205882352941178,2.3058823529411763,82.52631578947368,0.08823529411764705,0.1764705882352941,0.0,20,9,50.0,54.08163265306123,66.66666666666666,32.22222222222222,46.93877551020408,46.25,81.72043010752688,50.0,50.58823529411765,38.775510204081634,51.02040816326531,62.244897959183675,49.629629629629626,46.59438775510204,65.86021505376344,50.294117647058826,42.85714285714286,54.519807923169274
Mario Bautista,Men’s Bantamweight,8,1.0,8.004527813712807,2.6196636481241913,0.32727272727272727,0.8571428571428571,3.3982858990944376,77.83333333333333,0.5365853658536586,5.967011642949547,2.8961836998706336,62.8421052631579,1.01875808538163,0.0,0.0,14,12,79.59183673469387,77.55102040816327,47.77777777777778,82.22222222222221,63.26530612244898,25.0,28.49462365591398,42.85714285714286,74.11764705882352,83.6734693877551,81.12244897959184,62.244897959183675,69.86394557823128,44.13265306122449,35.67588325652842,58.48739495798319,73.46938775510205,67.28491396558623
Umar Nurmagomedov,Men’s Bantamweight,8,1.0,7.886925795053004,3.6890459363957593,0.46774193548387094,0.7391304347826086,5.868551236749116,95.44827586206897,0.7941176470588236,4.3250883392226145,0.43886925795053006,29.571428571428573,0.127208480565371,0.127208480565371,0.0,23,17,76.53061224489795,91.83673469387756,78.88888888888889,68.88888888888889,92.85714285714286,43.75,73.11827956989248,91.83673469387755,97.6470588235294,44.89795918367347,59.183673469387756,62.244897959183675,74.7694633408919,68.30357142857143,82.477507131885,94.74189675870348,68.87755102040816,72.05682272909164
Song Yadong,Men’s Bantamweight,8,1.0,2.683654106804012,1.0978584982380049,0.4090909090909091,0.5,2.065600433721876,112.88888888888889,0.8378378378378378,4.51341827053402,0.8538899430740038,70.0,0.12198427758200055,0.0,0.0,12,6,38.775510204081634,46.93877551020408,70.0,38.88888888888889,41.83673469387755,55.00000000000001,79.56989247311827,81.63265306122449,68.23529411764706,42.857142857142854,81.12244897959184,62.244897959183675,49.22146636432351,48.41836734693878,80.60127276717138,74.93397358943577,42.3469387755102,72.76710684273709
Farid Basharat,Men’s Bantamweight,7,1.0,10.344827586206897,3.660477453580902,0.35384615384615387,0.75,4.80106100795756,78.69565217391305,0.5454545454545454,3.50132625994695,1.4403183023872679,54.3,0.3183023872679045,0.3183023872679045,0.0,16,12,88.77551020408163,90.81632653061224,58.88888888888889,71.11111111111111,84.6938775510204,27.500000000000004,30.107526881720432,67.34693877551021,83.52941176470587,59.183673469387756,43.87755102040817,62.244897959183675,72.92517006802721,56.0969387755102,48.72723282861532,75.43817527010805,71.93877551020408,60.52020808323329
Raoni Barcelos,Men’s Bantamweight,8,1.0,11.383510306058714,3.232354778263585,0.2839506172839506,0.7727272727272727,4.20206121174266,78.0,0.8518518518518519,3.7945034353529046,1.126639600249844,120.25,0.8432229856339788,0.0,0.0,22,17,91.83673469387756,86.73469387755102,37.77777777777778,74.44444444444444,77.55102040816327,26.25,82.79569892473118,77.55102040816325,32.94117647058824,78.57142857142857,81.12244897959184,62.244897959183675,68.01965230536659,51.900510204081634,80.17335966644723,55.24609843937574,78.06122448979592,66.20448179271709
Bryce Mitchell,Men’s Bantamweight,8,1.0,9.720670391061452,3.016759776536313,0.3103448275862069,0.6666666666666666,8.743016759776536,173.88888888888889,1.0,0.1675977653631285,1.393854748603352,,0.5027932960893855,1.1731843575418994,0.6666666666666666,18,12,87.75510204081633,84.6938775510204,43.333333333333336,60.0,98.9795918367347,82.5,96.23655913978494,70.40816326530611,,67.3469387755102,9.183673469387747,6.1224489795918275,63.69614512471656,90.73979591836735,83.32236120254552,70.40816326530611,83.16326530612244,28.571428571428566
Cory Sandhagen,Men’s Bantamweight,8,1.0,4.168309026409145,1.330311391407174,0.3191489361702128,0.6818181818181818,3.3183878596767835,149.66666666666666,0.5365853658536586,7.272368939692551,2.054592037839969,36.578947368421055,0.0886874260938116,0.44343713046905797,0.0,22,15,55.10204081632652,53.06122448979592,46.666666666666664,63.33333333333333,61.224489795918366,73.75,28.49462365591398,53.061224489795926,96.47058823529412,39.795918367346935,36.73469387755102,62.244897959183675,55.03401360544217,67.48724489795919,40.77792407285495,74.76590636254502,50.51020408163265,57.91516606642657
Deiveson Figueiredo,Men’s Bantamweight,8,1.0,6.379208505611341,1.860602480803308,0.2916666666666667,0.7894736842105263,2.2327229769639696,72.0,0.5625,2.1264028352037805,1.8495274660366214,119.28571428571429,0.26580035440047256,0.13290017720023628,0.25,19,15,70.40816326530613,66.3265306122449,41.11111111111111,75.55555555555556,45.91836734693878,18.75,33.33333333333333,56.12244897959184,34.11764705882354,55.10204081632652,57.142857142857146,20.918367346938783,62.35827664399093,32.33418367346939,44.72789115646258,45.12004801920769,50.51020408163265,41.060424169667876
Aiemann Zahabi,Men’s Bantamweight,8,1.0,0.1701001701001701,0.0,0.0,0.0,0.5216405216405217,,1.0,2.211302211302211,0.019845019845019844,,0.0,0.0,0.0,1,0,10.204081632653061,9.693877551020408,6.111111111111111,7.222222222222221,19.387755102040817,,96.23655913978494,97.95918367346938,,19.387755102040817,81.12244897959184,62.244897959183675,7.845804988662131,19.387755102040817,97.09787140662716,97.95918367346938,19.387755102040817,80.4421768707483
Raul Rosas Jr.,Men’s Bantamweight,7,1.0,12.464788732394366,6.76056338028169,0.5423728813559322,1.0,8.53169014084507,75.71875,0.33333333333333337,0.6338028169014085,2.285211267605634,324.5,0.8450704225352113,0.6338028169014085,0.0,15,15,93.87755102040816,97.95918367346938,86.66666666666667,95.0,97.95918367346938,22.5,11.827956989247312,51.02040816326531,3.5294117647058885,79.59183673469387,25.510204081632654,62.244897959183675,91.84807256235827,60.22959183673469,31.42418257625631,27.2749099639856,88.77551020408163,38.34333733493398
Montel Jackson,Men’s Bantamweight,8,1.0,3.1494442157266365,1.2968299711815563,0.4117647058823529,0.625,3.9985590778097975,185.0,0.6904761904761905,7.780979827089337,3.2204610951008643,80.23076923076923,0.3705228489090161,0.9263071222725401,0.0,8,5,45.91836734693878,52.04081632653062,71.11111111111111,53.888888888888886,73.46938775510205,83.75,58.06451612903226,35.714285714285715,52.94117647058824,62.244897959183675,16.3265306122449,62.244897959183675,56.972789115646265,78.60969387755102,46.88940092165899,44.32773109243698,67.85714285714286,40.96638655462185
Chris Gutierrez,Men’s Bantamweight,8,1.0,0.6844106463878328,0.13688212927756654,0.2,0.0,0.27604562737642585,121.0,0.5652173913043479,3.1482889733840307,3.768821292775666,165.2,0.0,0.0,0.0,5,0,15.306122448979592,20.408163265306122,27.22222222222222,7.222222222222221,10.204081632653061,61.25000000000001,34.40860215053764,27.551020408163257,16.47058823529412,19.387755102040817,81.12244897959184,62.244897959183675,16.583522297808013,35.727040816326536,30.97981127935045,22.01080432172869,14.795918367346939,55.12605042016807
Payton Talbott,Men’s Bantamweight,6,1.0,1.946998377501352,0.973499188750676,0.5,0.3333333333333333,3.3301784748512713,205.25,0.72,12.16873985938345,5.2366143861546774,92.21428571428571,0.243374797187669,0.486749594375338,0.0,6,2,26.53061224489796,40.816326530612244,82.22222222222221,22.77777777777778,62.244897959183675,86.25,60.215053763440864,15.306122448979599,43.52941176470589,52.04081632653062,35.714285714285715,62.244897959183675,43.843537414965986,74.24744897959184,37.76058810621023,29.417767106842746,57.142857142857146,42.45898359343738
Daniel Marcos,Men’s Bantamweight,7,1.0,2.9947152084556663,1.5854374633000585,0.5294117647058824,0.5555555555555556,2.774515560775103,105.0,0.8571428571428572,3.6993540810334697,2.0463887257780384,232.33333333333334,0.17615971814445097,0.17615971814445097,0.0,9,5,41.83673469387755,58.16326530612245,85.0,45.55555555555556,55.10204081632652,51.24999999999999,84.40860215053763,54.08163265306123,12.941176470588236,48.97959183673469,52.04081632653062,62.244897959183675,57.464096749811034,53.176020408163254,69.24511740179943,33.51140456182473,52.0408163265306,49.26570628251301
Adrian Yanez,Men’s Bantamweight,8,1.0,0.23160061760164694,0.0,0.0,0.0,0.43232115285640765,,0.6666666666666667,2.779207411219763,1.4050437467833248,91.0,0.0,0.0,0.0,1,0,12.244897959183673,9.693877551020408,6.111111111111111,7.222222222222221,16.3265306122449,,53.2258064516129,69.38775510204081,45.88235294117647,19.387755102040817,81.12244897959184,62.244897959183675,8.526077097505668,16.3265306122449,61.306780776826855,57.63505402160864,17.857142857142858,67.00080032012805
Marcus McGhee,Men’s Bantamweight,6,1.0,2.1479713603818618,0.23866348448687352,0.1111111111111111,1.0,0.6881463802704852,173.0,0.9,2.386634844868735,1.2529832935560858,315.0,0.23866348448687352,0.0,0.0,4,4,27.55102040816326,23.46938775510204,15.555555555555555,95.0,22.448979591836736,81.25,91.39784946236558,73.46938775510205,7.0588235294117725,51.02040816326531,81.12244897959184,62.244897959183675,46.0355253212396,51.849489795918366,82.43361860873381,40.26410564225691,36.734693877551024,61.21048419367747
Henry Cejudo,Men’s Bantamweight,8,1.0,5.60864146240133,1.2463647694225177,0.2222222222222222,0.6666666666666666,2.1645201495637725,104.2,0.675,4.985459077690071,1.576651433319485,58.38461538461539,0.12463647694225176,0.12463647694225176,0.0,21,14,67.3469387755102,51.02040816326531,30.0,60.0,44.89795918367347,50.0,56.98924731182796,61.22448979591837,78.8235294117647,43.87755102040816,60.204081632653065,62.244897959183675,52.448979591836725,47.44897959183673,59.10686855387317,70.02400960384153,44.38775510204081,64.15766306522609
Ricky Simon,Men’s Bantamweight,8,1.0,8.977900552486188,1.9337016574585637,0.2153846153846154,0.8181818181818182,3.098526703499079,96.14285714285714,0.8666666666666667,2.0718232044198897,0.20257826887661143,44.0,0.13812154696132597,0.0,0.0,22,18,85.71428571428571,68.36734693877551,28.888888888888886,77.77777777777779,58.16326530612245,45.0,86.02150537634408,94.89795918367346,92.94117647058823,45.91836734693878,81.12244897959184,62.244897959183675,64.12698412698413,51.58163265306122,90.45973228000878,93.91956782713085,52.04081632653062,79.09563825530212
Charles Jourdain,Men’s Bantamweight,8,1.0,3.5026628430970916,0.9217533797623925,0.2631578947368421,0.5,2.10467021712413,137.0,0.4242424242424242,6.08357230643179,3.505735354362966,60.05263157894737,0.737402703809914,0.1843506759524785,0.0,10,5,47.95918367346938,39.795918367346935,33.33333333333333,38.88888888888889,43.87755102040816,68.75,16.129032258064516,31.63265306122449,77.6470588235294,75.51020408163265,47.95918367346939,62.244897959183675,40.0604686318972,56.31377551020408,23.880842659644504,54.63985594237695,59.69387755102041,54.94797919167667
Marlon Vera,Men’s Bantamweight,8,1.0,0.19700120389624604,0.0,0.0,0.0,0.26102659516252597,,0.75,3.9400240779249205,1.259166028236839,76.7,0.09850060194812302,0.0,0.0,2,0,11.224489795918368,9.693877551020408,6.111111111111111,7.222222222222221,9.183673469387756,,65.59139784946237,72.44897959183673,55.294117647058826,40.816326530612244,81.12244897959184,62.244897959183675,8.185941043083899,9.183673469387756,69.02018872064954,63.87154861944778,25.0,69.0796318527411
Rob Font,Men’s Bantamweight,8,1.0,1.64126611957796,0.23446658851113714,0.14285714285714285,0.18181818181818182,0.6662758890191481,170.5,0.22448979591836737,5.74443141852286,5.54904259476358,74.73684210526316,0.11723329425556857,0.11723329425556857,0.0,11,2,23.46938775510204,22.448979591836736,17.22222222222222,15.555555555555555,21.428571428571427,80.0,5.376344086021505,12.24489795918368,61.1764705882353,41.83673469387755,61.22448979591837,62.244897959183675,18.749055177626605,50.714285714285715,8.810621022602593,36.71068427370949,31.632653061224488,53.39335734293718
Davey Grant,Men’s Bantamweight,8,1.0,0.7238217789930835,0.0,0.0,0.0,0.2991796686504746,,0.6923076923076923,3.7638732507640342,1.447643557986167,75.0,0.14476435579861668,0.28952871159723337,0.3333333333333333,5,0,16.3265306122449,9.693877551020408,6.111111111111111,7.222222222222221,13.26530612244898,,59.13978494623656,65.30612244897958,57.64705882352941,47.95918367346938,44.89795918367348,15.81632653061225,9.886621315192743,13.26530612244898,62.22295369760807,61.4765906362545,30.61224489795918,40.73029211684675
David Martinez,Men’s Bantamweight,3,1.0,3.0317613089509146,0.8662175168431184,0.2857142857142857,0.16666666666666666,1.2848893166506257,89.0,1.0,2.165543792107796,0.4547641963426372,,0.0,0.0,0.0,6,1,43.87755102040816,38.775510204081634,39.44444444444444,14.444444444444443,28.57142857142857,36.25,96.23655913978494,90.81632653061224,,19.387755102040817,81.12244897959184,62.244897959183675,32.588813303099016,32.410714285714285,93.5264428351986,90.81632653061224,23.97959183673469,78.06122448979592
Jean Matsumoto,Men’s Bantamweight,6,1.0,7.942733869386155,3.353598744851932,0.4222222222222222,0.875,3.0211806236516967,54.05263157894737,0.5476190476190477,7.413218278093743,2.915277505393214,52.1578947368421,0.5295155912924102,0.1765051970974701,0.0,16,14,77.55102040816327,87.75510204081633,73.33333333333333,84.44444444444444,57.14285714285714,10.0,31.182795698924732,41.83673469387755,87.05882352941175,68.36734693877551,50.0,62.244897959183675,78.44293272864701,33.57142857142857,36.50976519640114,64.44777911164465,62.755102040816325,58.89755902360944
Elijah Smith,Men’s Bantamweight,3,1.0,2.3778071334214,1.7833553500660502,0.75,0.3333333333333333,4.924042272126816,165.66666666666666,0.46153846153846156,7.727873183619551,3.507265521796566,50.57142857142857,1.1889035667107,2.3778071334214,0.0,3,1,32.6530612244898,64.28571428571429,95.55555555555556,22.77777777777778,85.71428571428571,78.75,18.817204301075268,30.612244897959176,88.23529411764706,85.71428571428571,4.081632653061225,62.244897959183675,50.32879818594105,82.23214285714286,24.714724599517222,59.423769507803115,85.71428571428571,41.91676670668267
Jonathan Martinez,Men’s Bantamweight,8,1.0,0.8430913348946136,0.2810304449648712,0.3333333333333333,0.2,1.8173302107728337,388.0,0.736842105263158,2.669789227166276,1.1756440281030445,100.4,0.1405152224824356,0.2810304449648712,0.0,5,1,18.367346938775512,25.510204081632654,52.77777777777778,16.666666666666664,35.714285714285715,96.25,63.44086021505376,76.53061224489795,42.35294117647059,46.93877551020408,45.91836734693879,62.244897959183675,29.270597127739986,65.98214285714286,69.98573622997586,59.441776710684266,41.326530612244895,55.868347338935585
Said Nurmagomedov,Men’s Bantamweight,8,1.0,5.440595210416182,1.0462683096954197,0.19230769230769232,0.5833333333333334,1.984422227388979,113.8,0.625,6.696117182050686,7.414554754708206,177.16666666666666,1.6740292955126714,0.6277609858172518,0.0,12,7,65.3061224489796,45.91836734693878,25.0,48.333333333333336,39.795918367346935,57.49999999999999,45.16129032258064,3.061224489795923,14.117647058823525,93.87755102040816,27.551020408163257,62.244897959183675,46.21315192743764,48.647959183673464,24.111257406188283,8.589435774309724,66.83673469387755,32.795118047218885
Rinya Nakamura,Men’s Bantamweight,5,1.0,2.5760286225402504,2.254025044722719,0.875,0.3333333333333333,7.808586762075134,207.85714285714286,1.0,0.3220035778175313,0.8425760286225402,,1.2880143112701252,0.3220035778175313,0.0,6,2,36.734693877551024,71.42857142857143,96.66666666666667,22.77777777777778,96.93877551020408,87.5,96.23655913978494,82.65306122448979,,86.73469387755102,41.83673469387755,62.244897959183675,52.05971277399849,92.21938775510205,89.44481018213736,82.65306122448979,91.83673469387756,62.244897959183675
Cody Garbrandt,Men’s Bantamweight,8,1.0,5.0637659414853715,0.843960990247562,0.16666666666666666,0.6428571428571429,1.294073518379595,92.0,0.75,4.051012753188298,1.77231807951988,105.0,0.0,0.5063765941485372,0.2,14,9,63.26530612244898,37.755102040816325,20.555555555555554,56.666666666666664,29.591836734693878,37.5,65.59139784946237,57.142857142857146,37.64705882352942,19.387755102040817,32.6530612244898,23.469387755102037,46.8291761148904,33.54591836734694,61.36712749615975,47.39495798319328,24.48979591836735,34.505802320928375
Javid Basharat,Men’s Bantamweight,7,1.0,4.452800316643578,1.603008113991688,0.36,0.5833333333333334,2.6123095190975656,97.77777777777777,0.8387096774193549,5.521472392638037,1.1013259449831783,74.2,0.0,0.3562240253314862,0.0,12,7,57.14285714285714,59.183673469387756,61.111111111111114,48.333333333333336,53.06122448979592,48.75,80.64516129032258,78.57142857142857,63.529411764705884,19.387755102040817,39.79591836734694,62.244897959183675,55.52910052910053,50.90561224489796,79.60829493087557,71.05042016806723,36.224489795918366,57.69707883153262
Ethyn Ewing,Men’s Bantamweight,2,1.0,2.8054862842892767,1.683291770573566,0.6,0.3333333333333333,0.9445137157107231,33.666666666666664,1.0,6.172069825436409,0.6639650872817955,,0.0,0.0,0.0,3,1,39.795918367346935,62.244897959183675,89.44444444444444,22.77777777777778,27.55102040816326,3.75,96.23655913978494,86.73469387755102,,19.387755102040817,81.12244897959184,62.244897959183675,50.67271352985639,15.65051020408163,91.48562650866799,86.73469387755102,23.46938775510204,76.70068027210884
Jakub Wiklacz,Men’s Bantamweight,2,0.8571428571428571,0.0,0.0,,,3.3101723179544185,,0.41666666666666663,6.003335186214563,4.710950528071151,80.71428571428571,2.501389660922735,0.0,0.0,0,0,4.591836734693878,9.693877551020408,,,60.204081632653065,,15.053763440860216,20.40816326530612,51.76470588235294,98.9795918367347,81.12244897959184,62.244897959183675,4.591836734693878,60.204081632653065,17.73096335308317,36.08643457382953,79.59183673469389,59.81792717086835
Aleksandre Topuria,Men’s Bantamweight,2,1.0,4.5,1.5,0.3333333333333333,0.4,3.683333333333333,147.33333333333334,1.0,4.5,0.008333333333333333,,0.0,0.0,0.0,5,2,58.16326530612245,56.12244897959183,52.77777777777778,28.888888888888886,69.38775510204081,72.5,96.23655913978494,98.97959183673468,,19.387755102040817,81.12244897959184,62.244897959183675,46.609977324263035,70.9438775510204,97.60807548825981,98.97959183673468,44.38775510204081,80.78231292517006
Kyler Phillips,Men’s Bantamweight,8,1.0,6.292808219178083,2.8253424657534247,0.4489795918367347,0.7142857142857143,2.577054794520548,54.72727272727273,0.7647058823529411,4.366438356164384,1.4426369863013697,84.25,0.2568493150684931,0.0,0.0,21,15,69.38775510204081,81.63265306122449,76.66666666666667,66.11111111111111,52.04081632653062,12.5,67.74193548387096,66.3265306122449,47.05882352941177,53.06122448979592,81.12244897959184,62.244897959183675,70.72184429327287,32.27040816326531,67.03423304805793,56.69267707082833,52.55102040816327,66.68667466986794
Cody Haddon,Men’s Bantamweight,2,1.0,6.7618332081142,2.70473328324568,0.4,0.75,4.744552967693464,105.25,0.8333333333333334,16.22839969947408,2.9639368895567246,65.75,0.0,1.35236664162284,0.0,4,3,72.44897959183673,78.57142857142857,68.88888888888889,71.11111111111111,83.6734693877551,53.75,78.49462365591397,40.816326530612244,71.76470588235294,19.387755102040817,8.163265306122446,62.244897959183675,70.81632653061224,68.71173469387756,59.65547509326311,56.29051620648259,51.53061224489796,42.2328931572629
Taylor Lapilus,Men’s Bantamweight,8,1.0,0.8076577924020341,0.26921926413401137,0.3333333333333333,0.25,1.8104995513012263,403.5,0.7746478873239436,9.557283876757403,4.16841160634161,116.125,0.26921926413401137,0.13460963206700569,0.0,4,1,17.346938775510203,24.489795918367346,52.77777777777778,18.333333333333332,33.6734693877551,97.5,70.96774193548387,21.428571428571434,36.47058823529412,56.12244897959183,56.12244897959184,62.244897959183675,29.486016628873774,65.58673469387755,46.19815668202765,28.94957983193278,44.897959183673464,49.10564225690276
SuYoung You,Men’s Bantamweight,4,1.0,8.518276762402088,3.231070496083551,0.3793103448275862,0.7272727272727273,4.533289817232377,84.18181818181819,0.0,0.293733681462141,0.6462140992167102,132.0,0.293733681462141,0.587467362924282,1.0,11,8,81.63265306122449,85.71428571428571,64.44444444444444,67.77777777777779,80.61224489795919,31.25,1.6129032258064515,87.75510204081633,29.41176470588235,58.16326530612245,30.612244897959176,2.551020408163258,71.28495842781558,55.93112244897959,44.68400263331139,58.58343337334934,69.38775510204081,30.582232893157254
Rafael Estevam,Men’s Bantamweight,4,1.0,15.334900117508813,5.023501762632197,0.3275862068965517,1.0,7.786427732079905,93.0,0.6666666666666667,1.5863689776733254,0.6257344300822562,71.0,0.26439482961222094,1.0575793184488838,0.0,11,11,98.9795918367347,96.93877551020408,48.888888888888886,95.0,95.91836734693877,40.0,53.2258064516129,88.77551020408163,67.05882352941175,54.08163265306123,11.224489795918364,62.244897959183675,80.95616024187453,67.95918367346938,71.00065832784726,77.9171668667467,75.0,50.46218487394958
Da'Mon Blackshear,Men’s Bantamweight,8,1.0,3.9888033589923024,1.6794961511546536,0.42105263157894735,0.625,3.547935619314205,126.75,0.8095238095238095,4.408677396780965,1.6480055983205038,117.75,1.6794961511546536,0.4198740377886634,0.0,8,5,52.04081632653062,61.224489795918366,72.22222222222221,53.888888888888886,65.3061224489796,63.74999999999999,76.34408602150538,60.204081632653065,35.29411764705883,94.89795918367348,37.755102040816325,62.244897959183675,59.38397581254724,64.52806122448979,68.27408382707922,47.74909963985595,80.10204081632654,49.24969987995198
Victor Henry,Men’s Bantamweight,7,1.0,2.4258760107816713,1.039661147477859,0.42857142857142855,0.5,2.489410858683096,143.66666666666666,0.8103448275862069,10.050057758952638,2.18906430496727,68.9090909090909,0.346553715825953,0.1732768579129765,0.5,8,4,34.69387755102041,44.89795918367347,74.44444444444444,38.88888888888889,50.0,71.25,77.41935483870968,52.04081632653062,69.41176470588235,60.204081632653065,53.061224489795926,10.204081632653063,49.342403628117914,60.625,64.73008558262015,60.72629051620648,55.102040816326536,41.33053221288515
Benardo Sopaj,Men’s Bantamweight,3,1.0,4.0431266846361185,2.425876010781671,0.6,0.6666666666666666,3.5849056603773586,88.66666666666667,0.7692307692307692,5.256064690026954,1.5026954177897573,74.33333333333333,0.8086253369272236,0.0,0.0,6,4,54.08163265306123,74.48979591836735,89.44444444444444,60.0,66.3265306122449,33.75,68.81720430107528,63.26530612244898,62.35294117647059,77.55102040816327,81.12244897959184,62.244897959183675,67.84202569916856,50.03826530612245,66.04125521176213,62.809123649459785,71.93877551020408,68.72549019607844
Rei Tsuruya,Men’s Bantamweight,3,1.0,14.4072036018009,3.601800900450225,0.25,0.8571428571428571,5.590295147573785,93.125,0.5,0.9004502251125562,2.3936968484242116,319.0,0.4502251125562781,0.0,0.0,7,6,96.93877551020408,89.79591836734694,31.666666666666664,82.22222222222221,91.83673469387756,41.25,23.655913978494624,48.97959183673469,5.8823529411764826,66.3265306122449,81.12244897959184,62.244897959183675,70.27588813303099,66.54336734693878,36.31775290761466,27.43097238895559,79.08163265306123,56.9327731092437
Santiago Luna,Men’s Bantamweight,3,1.0,3.2142857142857144,2.295918367346939,0.7142857142857143,0.4,2.479591836734694,64.8,0.5714285714285714,3.2142857142857144,5.7397959183673475,250.0,0.9183673469387756,0.9183673469387756,1.0,5,2,46.93877551020408,72.44897959183673,94.44444444444444,28.888888888888886,48.97959183673469,16.25,35.483870967741936,9.183673469387747,10.588235294117641,82.6530612244898,17.3469387755102,2.551020408163258,56.75736961451247,32.61479591836735,22.333772218564842,9.885954381752693,65.81632653061224,9.927971188475384
Juan Diaz,Men’s Bantamweight,1,0.8571428571428571,13.138686131386862,8.211678832116789,0.625,1.0,6.240875912408759,45.6,,0.0,0.0,,1.6423357664233578,0.0,0.0,2,2,95.91836734693877,100.0,91.66666666666666,95.0,94.89795918367348,7.5,,100.0,,90.3061224489796,81.12244897959184,62.244897959183675,94.19501133786848,51.19897959183674,100.0,100.0,92.60204081632654,81.12244897959184
Colby Thicknesse,Men’s Bantamweight,3,1.0,9.333333333333334,0.6666666666666667,0.07142857142857142,0.8888888888888888,3.5888888888888895,323.0,0.33333333333333337,2.0,3.1555555555555554,142.0,1.6666666666666665,0.0,0.0,9,8,86.73469387755102,28.57142857142857,14.444444444444443,86.66666666666667,67.3469387755102,95.0,11.827956989247312,38.775510204081634,27.058823529411757,91.83673469387756,81.12244897959184,62.244897959183675,62.615268329554056,81.17346938775509,25.301733596664473,32.9171668667467,79.59183673469389,58.761504601840734
Borislav Nikolic,Men’s Bantamweight,1,1.0,1.0,1.0,1.0,0.0,4.083333333333333,245.0,0.625,8.0,1.1833333333333333,23.666666666666668,2.0,0.0,0.0,1,0,19.897959183673468,42.857142857142854,98.88888888888889,7.222222222222221,74.48979591836735,90.0,45.16129032258064,75.51020408163265,98.8235294117647,97.95918367346938,81.12244897959184,62.244897959183675,42.00302343159486,82.24489795918367,60.335747202106646,87.16686674669867,86.22448979591837,76.84473789515806
Lawrence Lui,Men’s Bantamweight,1,0.8571428571428571,15.0,7.0,0.4666666666666667,1.0,4.983333333333333,42.714285714285715,,0.0,0.23333333333333334,,0.0,0.0,0.0,3,3,97.95918367346938,98.9795918367347,77.77777777777779,95.0,86.73469387755102,5.0,,93.87755102040816,,19.387755102040817,81.12244897959184,62.244897959183675,90.24565381708238,45.86734693877551,93.87755102040816,93.87755102040816,53.06122448979592,79.08163265306122
Hecher Sosa,Men’s Bantamweight,1,0.8571428571428571,0.0,0.0,,,0.5666666666666667,,0.6363636363636364,11.0,3.1,46.5,0.0,0.0,0.0,0,0,4.591836734693878,9.693877551020408,,,20.408163265306122,,47.31182795698925,39.79591836734694,90.58823529411764,19.387755102040817,81.12244897959184,62.244897959183675,4.591836734693878,20.408163265306122,43.553873162168095,65.19207683073229,19.89795918367347,69.51980792316927
Abdul Hussein,Men’s Bantamweight,1,1.0,2.2871664548919948,1.1435832274459974,0.5,0.0,8.900889453621346,467.0,0.6666666666666667,3.4307496823379924,1.44853875476493,76.0,3.4307496823379924,3.4307496823379924,0.0,2,0,31.63265306122449,50.0,82.22222222222221,7.222222222222221,100.0,98.75,53.2258064516129,64.28571428571428,56.470588235294116,100.0,1.0204081632653061,62.244897959183675,40.359032501889644,99.375,58.75576036866359,60.3781512605042,100.0,41.21448579431773
ChangHo Lee,Men’s Bantamweight,3,1.0,8.11855670103093,2.7061855670103094,0.3333333333333333,0.8571428571428571,5.354381443298969,118.71428571428571,0.5,4.639175257731959,5.554123711340207,143.66666666666666,0.3865979381443299,0.0,0.0,7,6,80.61224489795919,79.59183673469387,52.77777777777778,82.22222222222221,90.81632653061224,58.75,23.655913978494624,11.224489795918364,24.705882352941178,63.26530612244898,81.12244897959184,62.244897959183675,71.87074829931971,74.78316326530611,17.440201887206495,17.96518607442977,77.04081632653062,53.77751100440176
Alatengheili,Men’s Bantamweight,8,1.0,3.5449818812037184,1.559792027729636,0.44,0.4444444444444444,2.0206396722861197,77.72727272727273,0.7272727272727273,1.559792027729636,0.38049472191586575,53.666666666666664,0.0,0.14179927524814873,0.0,9,4,48.97959183673469,57.14285714285714,75.55555555555556,31.11111111111111,40.816326530612244,23.75,61.29032258064516,92.85714285714285,84.70588235294117,19.387755102040817,54.08163265306123,62.244897959183675,51.88208616780045,32.28316326530612,77.07373271889401,88.78151260504201,30.10204081632653,68.36934773909564
Felipe Lima,Men’s Bantamweight,3,1.0,8.0,2.1818181818181817,0.2727272727272727,0.5,2.6909090909090914,74.0,0.8571428571428572,2.5454545454545454,3.2727272727272725,540.0,0.7272727272727273,0.0,0.0,8,4,78.57142857142857,70.40816326530613,35.0,38.88888888888889,54.08163265306123,20.0,84.40860215053763,33.67346938775511,1.1764705882352942,74.48979591836735,81.12244897959184,62.244897959183675,50.82010582010582,37.04081632653062,59.041035769146376,17.424969987995205,64.28571428571429,53.597438975590244
Cristian Quinonez,Men’s Bantamweight,4,1.0,7.790224032586559,4.124236252545825,0.5294117647058824,0.8,4.742871690427698,69.0,0.8,6.873727087576375,1.0157841140529533,44.333333333333336,0.9164969450101833,1.374745417515275,1.0,5,4,75.51020408163265,93.87755102040816,85.0,76.66666666666667,82.6530612244898,17.5,74.73118279569893,80.61224489795919,91.76470588235294,81.63265306122449,7.142857142857143,2.551020408163258,79.05895691609977,50.0765306122449,77.67171384682905,86.18847539015607,82.14285714285714,31.960784313725494
Jafel Filho,Men’s Bantamweight,6,1.0,4.201925882696235,2.3635833090166325,0.5625,0.375,4.451415231981325,113.0,0.4736842105263158,4.989786985701779,5.742632039684856,131.2,1.838342573679603,1.0504814706740588,0.3333333333333333,8,3,56.12244897959183,73.46938775510205,87.77777777777777,26.666666666666668,78.57142857142857,56.25,20.43010752688172,8.163265306122446,30.58823529411764,95.91836734693877,12.24489795918368,15.81632653061225,56.85563114134542,67.41071428571428,14.296686416502084,19.375750300120043,87.24489795918367,15.812324929971991
Serhiy Sidey,Men’s Bantamweight,3,1.0,6.666666666666666,1.6666666666666665,0.25,0.7142857142857143,1.7944444444444447,64.6,0.19999999999999996,1.6666666666666665,1.661111111111111,74.75,1.3333333333333335,0.33333333333333337,0.0,7,5,71.42857142857143,60.204081632653065,31.666666666666664,66.11111111111111,32.6530612244898,15.0,4.301075268817205,59.183673469387756,60.00000000000001,87.75510204081633,40.816326530612244,62.244897959183675,56.4021164021164,23.8265306122449,31.742374369102482,59.591836734693885,60.20408163265306,54.21768707482994
Malcolm Wellmaker,Men’s Bantamweight,4,1.0,1.5661252900232019,0.0,0.0,0.5,0.6960556844547563,,0.4285714285714286,7.308584686774942,2.6711136890951273,38.375,0.0,0.5220417633410672,0.5,2,1,22.448979591836736,9.693877551020408,6.111111111111111,38.88888888888889,23.46938775510204,,17.20430107526882,44.89795918367348,95.29411764705883,19.387755102040817,31.63265306122449,10.204081632653063,22.482993197278915,23.46938775510204,31.051130129471147,70.09603841536615,21.42857142857143,37.3109243697479
Kai Asakura,Men’s Bantamweight,3,0.8571428571428571,0.0,0.0,,,0.3770197486535009,,0.5,8.07899461400359,3.7701974865350096,56.0,0.0,2.423698384201077,1.0,0,0,4.591836734693878,9.693877551020408,,,15.306122448979592,,23.655913978494624,26.530612244897956,82.35294117647058,19.387755102040817,3.061224489795923,2.551020408163258,4.591836734693878,15.306122448979592,25.093263111696288,54.441776710684266,17.346938775510203,20.018007202881147
Muin Gafurov,Men’s Bantamweight,5,1.0,3.9215686274509807,0.7352941176470589,0.1875,0.5,3.1903594771241837,260.3333333333333,0.6666666666666667,4.411764705882353,3.794934640522876,154.83333333333334,0.0,0.9803921568627452,0.6666666666666666,10,5,51.02040816326531,30.612244897959183,23.333333333333332,38.88888888888889,59.183673469387756,92.5,53.2258064516129,25.510204081632654,18.823529411764714,19.387755102040817,15.306122448979599,6.1224489795918275,37.747543461829174,75.84183673469389,39.368005266622774,22.166866746698684,39.285714285714285,14.531812725090036
John Garza,Men’s Bantamweight,1,0.8571428571428571,0.0,0.0,,,0.21666666666666667,,0.7727272727272727,22.0,4.033333333333333,48.4,0.0,0.0,0.0,0,0,4.591836734693878,9.693877551020408,,,7.142857142857142,,69.89247311827957,24.489795918367353,89.41176470588235,19.387755102040817,81.12244897959184,62.244897959183675,4.591836734693878,7.142857142857142,47.19113451832346,56.95078031212485,13.26530612244898,66.77270908363346
Adrian Luna Martinetti,Men’s Bantamweight,1,1.0,5.0,1.0,0.2,0.3333333333333333,0.7166666666666667,43.0,1.0,1.0,0.03333333333333333,,0.0,0.0,0.0,3,1,62.244897959183675,42.857142857142854,27.22222222222222,22.77777777777778,24.489795918367346,6.25,96.23655913978494,96.93877551020408,,19.387755102040817,81.12244897959184,62.244897959183675,37.414965986394556,15.369897959183673,96.58766732499451,96.93877551020408,21.93877551020408,80.10204081632652
John Yannis,Men’s Bantamweight,3,0.8571428571428571,0.0,0.0,,,0.10530421216848673,,0.8,3.5101404056162244,2.0241809672386895,173.0,0.0,0.702028081123245,0.5,0,0,4.591836734693878,9.693877551020408,,,4.081632653061225,,74.73118279569893,55.10204081632653,15.29411764705883,19.387755102040817,21.428571428571434,10.204081632653063,4.591836734693878,4.081632653061225,64.91661180601272,35.19807923169268,11.73469387755102,22.276910764305725
Sulangrangbo,Men’s Bantamweight,1,0.8571428571428571,0.0,0.0,,,0.23333333333333334,,0.5333333333333333,15.0,4.983333333333333,42.714285714285715,0.0,0.0,0.0,0,0,4.591836734693878,9.693877551020408,,,8.16326530612245,,26.881720430107524,17.3469387755102,94.11764705882352,19.387755102040817,81.12244897959184,62.244897959183675,4.591836734693878,8.16326530612245,22.114329602808862,55.73229291716686,13.775510204081634,66.36654661864746
Timmy Cuamba,Men’s Bantamweight,5,1.0,4.646739130434782,1.467391304347826,0.3157894736842105,0.8888888888888888,2.5720108695652173,105.16666666666667,0.6666666666666667,3.6684782608695654,3.2364130434782603,158.8,0.0,0.4891304347826087,0.3333333333333333,9,8,61.224489795918366,55.10204081632652,45.55555555555556,86.66666666666667,51.02040816326531,52.5,53.2258064516129,34.693877551020414,17.64705882352941,19.387755102040817,34.693877551020414,15.81632653061225,64.4822373393802,51.76020408163265,43.95984200131666,26.170468187274913,35.204081632653065,25.560224089635863
Mark Vologdin,Men’s Bantamweight,2,1.0,7.0,2.0,0.2857142857142857,1.0,0.85,25.5,0.0,0.5,2.6666666666666665,320.0,0.0,1.0,0.0,5,5,73.46938775510205,69.38775510204081,39.44444444444444,95.0,26.53061224489796,2.5,1.6129032258064515,45.91836734693879,4.705882352941178,19.387755102040817,14.285714285714283,62.244897959183675,69.30461073318217,14.51530612244898,23.765635286372618,25.312124849939984,22.95918367346939,33.94757903161264
Jamie Siraj,Men’s Bantamweight,1,0.8571428571428571,11.042944785276074,0.0,0.0,1.0,0.0,,,0.0,0.8282208588957054,,0.0,0.0,0.0,1,1,89.79591836734694,9.693877551020408,6.111111111111111,95.0,1.0204081632653061,,,83.67346938775509,,19.387755102040817,81.12244897959184,62.244897959183675,63.63567649281935,1.0204081632653061,83.67346938775509,83.67346938775509,10.204081632653061,75.68027210884354
Aoriqileng,Men’s Bantamweight,8,1.0,1.849948612538541,0.6937307297019528,0.375,0.6,1.838386433710175,159.0,0.6129032258064516,7.168550873586845,5.6076567317574515,121.25,0.23124357656731762,0.6937307297019528,0.0,5,3,25.510204081632654,29.591836734693878,63.33333333333333,50.55555555555556,37.755102040816325,77.5,43.01075268817204,10.204081632653063,31.764705882352946,50.0,23.469387755102037,62.244897959183675,46.46636432350718,57.62755102040816,26.607417160412552,20.984393757503003,43.87755102040816,35.566226490596236
Caolan Loughran,Men’s Bantamweight,4,1.0,8.75,3.0,0.34285714285714286,0.7,4.720833333333333,94.41666666666667,0.875,2.0,1.2,288.0,0.0,0.0,0.0,10,7,83.6734693877551,83.6734693877551,56.666666666666664,64.44444444444444,81.63265306122449,42.5,88.17204301075269,74.48979591836735,8.235294117647062,19.387755102040817,81.12244897959184,62.244897959183675,68.2615268329554,62.066326530612244,81.33091946456003,41.362545018007204,50.51020408163265,61.57663065226091
Carlos Vera,Men’s Bantamweight,2,1.0,1.6423357664233578,0.0,0.0,1.0,0.19160583941605838,,0.25,3.2846715328467155,10.853102189781023,264.3333333333333,1.6423357664233578,0.0,0.0,1,1,24.489795918367346,9.693877551020408,6.111111111111111,95.0,5.1020408163265305,,6.451612903225806,1.0204081632653061,9.411764705882351,90.3061224489796,81.12244897959184,62.244897959183675,41.86696900982616,5.1020408163265305,3.736010533245556,5.216086434573829,47.704081632653065,49.527811124449784
Patchy Mix,Men’s Bantamweight,2,0.8571428571428571,4.0,2.5,0.625,0.5,3.841666666666667,92.2,,0.0,1.0333333333333334,,0.0,1.5,0.0,4,2,53.06122448979592,76.0204081632653,91.66666666666666,38.88888888888889,72.44897959183673,38.75,,79.59183673469387,,19.387755102040817,6.1224489795918275,62.244897959183675,61.20559334845049,55.599489795918366,79.59183673469387,79.59183673469387,45.91836734693877,49.319727891156454
Angel Pacheco,Men’s Bantamweight,2,1.0,0.5,0.5,1.0,0.0,0.43333333333333335,52.0,0.11111111111111116,4.5,4.041666666666667,60.625,0.0,0.5,0.0,1,0,14.285714285714285,27.55102040816326,98.88888888888889,7.222222222222221,17.346938775510203,8.75,3.225806451612903,22.448979591836736,76.47058823529412,19.387755102040817,33.67346938775511,62.244897959183675,40.13227513227513,13.048469387755102,12.83739302172482,49.459783913565424,18.367346938775512,48.459383753501406
Bekzat Almakhan,Men’s Bantamweight,4,1.0,0.3256150506512301,0.0,0.0,0.0,0.21164978292329956,,0.5909090909090908,7.163531114327062,5.014471780028943,102.66666666666667,0.0,0.0,0.0,1,0,13.26530612244898,9.693877551020408,6.111111111111111,7.222222222222221,6.122448979591836,,37.634408602150536,16.3265306122449,38.82352941176471,19.387755102040817,81.12244897959184,62.244897959183675,8.866213151927438,6.122448979591836,26.98046960719772,27.575030012004802,12.755102040816327,56.980792316926774
Nathan Fletcher,Men’s Bantamweight,3,1.0,8.75748502994012,3.3682634730538927,0.38461538461538464,1.0,4.985029940119761,88.8,0.5,8.083832335329342,5.288173652694611,78.5,0.6736526946107785,0.6736526946107785,0.0,4,4,84.6938775510204,88.77551020408163,65.55555555555556,95.0,87.75510204081633,35.0,23.655913978494624,14.285714285714283,54.117647058823536,72.44897959183673,24.489795918367353,62.244897959183675,81.74981103552533,61.37755102040816,18.970814132104454,34.20168067226891,80.10204081632654,40.31212484993998
Xiao Long,Men’s Bantamweight,4,1.0,2.656434474616293,0.7969303423848878,0.3,0.25,2.089728453364817,157.33333333333334,0.88,6.641086186540732,0.7615112160566705,57.333333333333336,0.0,0.0,0.0,8,2,37.755102040816325,32.6530612244898,42.22222222222222,18.333333333333332,42.857142857142854,76.25,90.32258064516128,84.6938775510204,80.0,19.387755102040817,81.12244897959184,62.244897959183675,32.77021919879062,59.55357142857143,87.50822909809085,82.34693877551021,31.122448979591837,75.23809523809524
Pedro Munhoz,Men’s Bantamweight,8,1.0,2.253645603181617,0.13256738842244808,0.058823529411764705,0.625,0.49270879363676534,223.0,0.875,2.1210782147591694,0.03977021652673442,9.0,0.0,0.0,0.0,8,5,30.612244897959183,19.387755102040817,12.777777777777777,53.888888888888886,18.367346938775512,88.75,88.17204301075269,95.91836734693877,100.0,19.387755102040817,81.12244897959184,62.244897959183675,32.42630385487528,53.558673469387756,92.04520517884572,97.95918367346938,18.877551020408163,80.4421768707483
Luan Lacerda,Men’s Bantamweight,4,1.0,7.21505751132799,2.823283373997909,0.391304347826087,0.8888888888888888,3.5134193098640645,74.66666666666667,0.6666666666666667,1.8821889159986058,1.4273265946322762,136.5,0.6273963053328687,0.0,0.0,9,8,74.48979591836735,80.61224489795919,67.77777777777779,86.66666666666667,64.28571428571429,21.25,53.2258064516129,68.36734693877551,28.23529411764706,71.42857142857143,81.12244897959184,62.244897959183675,76.3114134542706,42.767857142857146,60.796576695194204,48.301320528211285,67.85714285714286,63.88955582232893
Josias Musasa,Men’s Bantamweight,2,1.0,2.4635036496350367,0.8211678832116789,0.3333333333333333,0.5,0.8485401459854016,62.0,0.875,13.138686131386862,6.55565693430657,239.5,0.0,2.4635036496350367,0.5,2,1,35.714285714285715,35.714285714285715,52.77777777777778,38.88888888888889,25.510204081632654,13.750000000000002,88.17204301075269,4.081632653061225,11.764705882352931,19.387755102040817,2.0408163265306074,10.204081632653063,42.46031746031746,19.63010204081633,46.126837831906954,7.9231692677070775,22.448979591836736,6.7226890756302495
Cameron Saaiman,Men’s Bantamweight,6,1.0,3.01553457203777,0.8224185196466646,0.2727272727272727,0.6666666666666666,3.7420042643923237,273.0,0.5,4.934511117879988,2.599756320438623,63.22222222222222,0.5482790130977764,0.8224185196466646,0.0,6,4,42.857142857142854,36.734693877551024,35.0,60.0,71.42857142857143,93.75,23.655913978494624,46.93877551020408,72.94117647058823,69.38775510204081,19.387755102040817,62.244897959183675,45.952380952380956,82.58928571428572,35.29734474434935,59.93997599039616,70.40816326530611,47.190876350540215
Quang Le,Men’s Bantamweight,4,1.0,8.70967741935484,2.9032258064516134,0.3333333333333333,0.625,4.182027649769585,86.42857142857143,1.0,1.6589861751152075,0.587557603686636,,0.4147465437788019,0.0,0.0,8,5,82.6530612244898,82.6530612244898,52.77777777777778,53.888888888888886,76.53061224489795,32.5,96.23655913978494,89.79591836734693,,65.3061224489796,81.12244897959184,62.244897959183675,63.10657596371882,54.515306122448976,93.01623875356594,89.79591836734693,70.91836734693877,77.72108843537414
Cameron Smotherman,Men’s Bantamweight,4,0.8571428571428571,0.0,0.0,,,0.010676156583629892,,0.625,7.686832740213523,4.9163701067615655,102.33333333333333,0.0,0.3202846975088968,0.0,0,0,4.591836734693878,9.693877551020408,,,2.0408163265306123,,45.16129032258064,18.3673469387755,40.0,19.387755102040817,42.85714285714286,62.244897959183675,4.591836734693878,2.0408163265306123,31.76431863067807,29.18367346938775,10.714285714285715,44.76190476190476
Toshiomi Kazama,Men’s Bantamweight,4,0.8571428571428571,11.320754716981131,1.8867924528301887,0.16666666666666666,0.5,4.150943396226415,132.0,,0.0,6.0062893081761,,1.8867924528301887,0.0,0.0,4,2,90.81632653061224,67.3469387755102,20.555555555555554,38.88888888888889,75.51020408163265,67.5,,7.142857142857143,,96.93877551020408,81.12244897959184,62.244897959183675,50.08692365835223,71.50510204081633,7.142857142857143,7.142857142857143,86.22448979591837,50.17006802721088
Luis Gurule,Men’s Bantamweight,5,1.0,4.618170842137036,0.8149713250830063,0.17647058823529413,0.5,1.7431331119830968,128.33333333333334,0.7333333333333334,4.074856625415031,1.5031693329308782,83.0,0.2716571083610021,0.2716571083610021,0.25,8,4,59.183673469387756,33.6734693877551,22.22222222222222,38.88888888888889,30.612244897959183,66.25,62.365591397849464,62.244897959183675,48.23529411764706,57.14285714285714,46.93877551020408,20.918367346938783,40.098261526832964,48.43112244897959,62.30524467851657,55.240096038415366,43.87755102040816,41.032412965186076
Pedro Falcao,Men’s Bantamweight,2,1.0,13.0,2.5,0.19230769230769232,1.0,5.066666666666666,121.6,0.33333333333333337,1.5,2.4916666666666667,149.5,0.0,0.0,0.0,6,6,94.89795918367348,76.0204081632653,25.0,95.0,88.77551020408163,62.5,11.827956989247312,47.95918367346939,22.352941176470583,19.387755102040817,81.12244897959184,62.244897959183675,71.6326530612245,75.63775510204081,29.89357033135835,35.15606242496999,54.08163265306122,59.50780312124849
Cortavious Romious,Men’s Bantamweight,2,1.0,5.672268907563025,3.7815126050420167,0.6666666666666666,0.6,5.262605042016807,83.5,0.33333333333333337,3.7815126050420167,6.376050420168067,151.75,0.0,0.6302521008403361,0.0,5,3,68.36734693877551,92.85714285714286,93.33333333333333,50.55555555555556,89.79591836734694,28.749999999999996,11.827956989247312,6.1224489795918275,21.176470588235293,19.387755102040817,26.530612244897956,62.244897959183675,70.75207860922147,59.27295918367347,8.97520298441957,13.64945978391356,54.59183673469388,34.14165666266506
AJ Cunningham,Men’s Bantamweight,2,0.8571428571428571,0.0,0.0,,,0.33163265306122447,,0.46153846153846156,9.948979591836734,6.390306122448979,71.57142857142857,0.7653061224489796,0.7653061224489796,0.0,0,0,4.591836734693878,9.693877551020408,,,14.285714285714285,,18.817204301075268,5.10204081632654,65.88235294117646,76.53061224489795,20.40816326530612,62.244897959183675,4.591836734693878,14.285714285714285,11.959622558700904,35.4921968787515,45.408163265306115,39.38175270108043
Baergeng Jieleyisi,Men’s Bantamweight,1,1.0,1.0,1.0,1.0,0.0,0.2833333333333333,17.0,0.6,5.0,4.766666666666667,143.0,0.0,0.0,0.0,1,0,19.897959183673468,42.857142857142854,98.88888888888889,7.222222222222221,11.224489795918368,1.25,40.86021505376344,19.387755102040817,25.882352941176467,19.387755102040817,81.12244897959184,62.244897959183675,42.00302343159486,6.237244897959184,30.123985077902127,22.635054021608642,15.306122448979593,55.334133653461386
Brad Katona,Men’s Bantamweight,8,1.0,5.232558139534884,1.8384663733500943,0.35135135135135137,0.8461538461538461,3.702859836580767,120.84615384615384,0.6,3.5355122564424892,1.70411690760528,72.3,0.0,0.14142049025769957,0.0,13,11,64.28571428571429,65.3061224489796,57.77777777777777,80.0,70.40816326530613,60.0,40.86021505376344,58.163265306122454,64.70588235294117,19.387755102040817,55.10204081632653,62.244897959183675,67.35449735449735,65.20408163265307,49.51174017994295,61.434573829531814,44.89795918367347,59.59383753501401
Cody Stamann,Men’s Bantamweight,8,1.0,4.6248715313463515,0.7399794450154163,0.16,0.5714285714285714,2.4110996916752314,195.5,0.6,3.6998972250770814,1.3042137718396711,52.875,0.0,1.1099691675231242,0.3333333333333333,14,8,60.204081632653065,31.63265306122449,18.88888888888889,46.666666666666664,47.95918367346938,85.0,40.86021505376344,71.42857142857142,85.88235294117646,19.387755102040817,10.204081632653063,15.81632653061225,41.91987906273621,66.4795918367347,56.14439324116743,78.65546218487394,33.6734693877551,34.89195678271309
Garrett Armfield,Men’s Bantamweight,5,1.0,2.2079116835326587,1.1039558417663293,0.5,0.75,2.7966881324747006,152.0,0.6470588235294117,9.383624655013799,3.739650413983441,67.75,0.5519779208831647,1.9319227230910765,0.6666666666666666,4,3,28.57142857142857,47.95918367346938,82.22222222222221,71.11111111111111,56.12244897959183,75.0,48.38709677419355,28.571428571428573,70.58823529411764,70.40816326530613,5.10204081632654,6.1224489795918275,60.63492063492063,65.56122448979592,38.47926267281106,49.579831932773104,63.265306122448976,20.268107242897155
Kris Moutinho,Men’s Bantamweight,4,1.0,1.3125911521633447,0.0,0.0,0.0,0.2916869227029655,,0.30000000000000004,4.375303840544483,3.201263976665046,62.714285714285715,0.0,0.8750607681088964,0.0,3,0,21.428571428571427,9.693877551020408,6.111111111111111,7.222222222222221,12.244897959183673,,8.60215053763441,36.73469387755102,75.29411764705881,19.387755102040817,18.3673469387755,62.244897959183675,11.587301587301587,12.244897959183673,22.668422207592712,56.01440576230492,15.816326530612244,45.542216886754694
Jake Hadley,Men’s Bantamweight,7,1.0,3.047808764940239,0.17928286852589642,0.058823529411764705,0.5,1.8227091633466135,610.0,0.5789473684210527,3.406374501992032,3.6962151394422307,154.625,0.896414342629482,0.17928286852589642,0.0,8,4,44.89795918367347,21.428571428571427,12.777777777777777,38.88888888888889,36.734693877551024,100.0,36.55913978494624,29.591836734693874,20.000000000000004,80.61224489795919,48.97959183673469,62.244897959183675,32.188208616780045,68.36734693877551,33.075488259820055,24.79591836734694,58.673469387755105,45.34013605442177
Chad Anheliger,Men’s Bantamweight,5,1.0,2.248977737392094,0.8178100863243979,0.36363636363636365,0.3333333333333333,1.880963198546115,138.0,0.2727272727272727,4.497955474784188,5.492957746478872,100.75,0.40890504316219894,0.6133575647432985,0.3333333333333333,6,2,29.591836734693878,34.69387755102041,62.22222222222222,22.77777777777778,38.775510204081634,70.0,7.526881720430108,13.265306122448981,41.1764705882353,64.28571428571429,29.591836734693874,15.81632653061225,38.19727891156463,54.38775510204081,10.396093921439544,27.22088835534214,51.530612244897966,24.20968387354942
Saimon Oliveira,Men’s Bantamweight,4,1.0,2.928870292887029,0.41841004184100417,0.14285714285714285,0.6666666666666666,1.7782426778242677,255.0,0.33333333333333337,8.786610878661087,8.061366806136679,82.57142857142857,1.6736401673640167,0.41841004184100417,0.25,3,2,40.816326530612244,26.53061224489796,17.22222222222222,60.0,31.63265306122449,91.25,11.827956989247312,2.0408163265306074,49.41176470588235,92.85714285714286,38.775510204081634,20.918367346938783,39.346182917611486,61.441326530612244,6.934386657888959,25.72629051620648,62.244897959183675,28.4733893557423
Cody Gibson,Men’s Bantamweight,8,1.0,5.543792107795958,1.7324350336862369,0.3125,0.7692307692307693,3.672762271414822,127.2,0.7857142857142857,2.425409047160732,3.3320500481231954,384.6666666666667,1.0394610202117422,1.0394610202117422,0.3333333333333333,13,10,66.3265306122449,63.26530612244898,44.44444444444444,73.33333333333333,68.36734693877551,65.0,72.04301075268818,32.6530612244898,2.3529411764705843,84.6938775510204,13.265306122448981,15.81632653061225,61.368102796674215,66.68367346938776,52.34803598858899,17.503001200480192,76.53061224489795,15.528211284513807
Vince Morales,Men’s Bantamweight,8,1.0,2.3824353783867958,1.1211460604173156,0.47058823529411764,0.4,1.812519464341327,97.0,0.6578947368421053,5.325443786982248,2.767829336655248,91.15384615384616,0.7007162877608222,0.7007162877608222,0.0,10,4,33.6734693877551,48.97959183673469,80.0,28.888888888888886,34.69387755102041,47.5,49.46236559139785,43.87755102040817,44.70588235294118,73.46938775510205,22.448979591836736,62.244897959183675,47.52078609221466,41.0969387755102,46.66995830590301,44.291716686674675,54.08163265306123,42.99519807923169
Dan Argueta,Men’s Bantamweight,6,1.0,12.237842820926481,4.355842359990781,0.3559322033898305,0.8333333333333334,6.101636321733118,84.04761904761905,0.5555555555555556,3.7335791657063844,4.03433970961051,145.875,1.4519474533302605,0.6222631942843974,0.25,12,10,92.85714285714286,94.89795918367348,60.0,78.88888888888889,93.87755102040816,30.0,32.25806451612903,23.469387755102037,23.529411764705873,88.77551020408163,28.571428571428573,20.918367346938783,77.24867724867725,61.93877551020408,27.863726135615536,23.499399759903955,91.3265306122449,24.329731892757106
Alexander Volkanovski,Men’s Featherweight,8,1.0,4.446012702893437,1.4820042342978124,0.3333333333333333,0.9375,2.1047988708539167,85.21428571428571,0.6666666666666667,1.9054340155257588,1.0762173606210304,101.66666666666667,0.1058574453069866,0.0,0.0,16,15,61.81818181818181,65.45454545454545,44.086021505376344,88.17204301075269,53.63636363636364,35.44303797468354,54.08163265306123,73.63636363636364,48.888888888888886,45.45454545454545,77.72727272727272,63.18181818181818,64.69208211143696,44.539700805523594,63.85899814471243,61.26262626262626,49.54545454545455,67.39057239057239
Aljamain Sterling,Men’s Featherweight,8,1.0,8.818443804034581,3.5273775216138326,0.4,0.8214285714285714,5.695677233429394,96.88235294117646,0.5333333333333333,1.5561959654178672,2.2478386167146973,185.71428571428572,0.3112391930835735,0.1037463976945245,0.0,28,23,86.36363636363636,87.27272727272727,58.602150537634415,80.64516129032258,94.54545454545455,44.303797468354425,30.612244897959183,51.81818181818181,13.33333333333334,59.09090909090909,54.54545454545455,63.18181818181818,75.2036493971978,69.42462600690449,41.2152133580705,32.57575757575758,76.81818181818181,50.101010101010104
Movsar Evloev,Men’s Featherweight,8,1.0,8.076923076923077,4.846153846153847,0.6,0.75,4.980769230769231,61.666666666666664,0.5517241379310345,3.3461538461538463,1.321153846153846,52.84615384615385,0.23076923076923078,0.9230769230769231,0.0,20,15,83.63636363636363,91.81818181818183,86.02150537634408,75.80645161290323,86.36363636363636,22.78481012658228,34.69387755102041,69.0909090909091,87.77777777777779,54.54545454545454,14.545454545454549,63.18181818181818,81.82144020853697,54.57422324510932,51.89239332096475,78.43434343434345,70.45454545454545,52.053872053872055
Arnold Allen,Men’s Featherweight,8,1.0,1.6569890950290327,1.147146296558561,0.6923076923076923,0.6666666666666666,2.1264693386205917,111.22222222222223,0.6785714285714286,3.568899589293301,1.0706698767879903,56.0,0.12746069961761788,0.12746069961761788,0.0,6,4,38.18181818181819,53.63636363636364,90.32258064516128,66.12903225806451,54.54545454545454,58.22784810126582,57.14285714285714,74.54545454545455,84.44444444444446,47.27272727272727,52.72727272727273,63.18181818181818,64.87781036168133,56.386651323360184,65.84415584415584,79.49494949494951,50.90909090909091,65.13468013468014
Lerone Murphy,Men’s Featherweight,8,1.0,2.0998055735580037,1.2832145171743357,0.6111111111111112,0.5,2.074530136098509,97.0,0.44680851063829785,5.482825664290343,2.825016202203499,55.88461538461539,0.3499675955930006,0.0,0.0,10,5,44.54545454545455,58.18181818181818,87.09677419354838,44.086021505376344,52.72727272727272,45.56962025316456,19.387755102040817,42.72727272727273,85.55555555555556,62.727272727272734,77.72727272727272,63.18181818181818,58.57608341479309,49.14844649021864,31.057513914656774,64.14141414141415,57.72727272727273,68.35016835016835
Nathaniel Wood,Men’s Featherweight,8,1.0,2.75,1.375,0.5,0.5,2.0125,87.81818181818181,0.7272727272727273,4.125,2.660416666666667,141.88888888888889,0.25,0.125,0.0,12,6,50.0,62.727272727272734,72.04301075268818,44.086021505376344,51.81818181818182,36.708860759493675,66.83673469387756,43.63636363636363,24.44444444444444,55.45454545454545,53.63636363636363,63.18181818181818,55.376344086021504,44.26352128883775,55.23654916512059,34.040404040404034,53.63636363636364,50.28619528619529
Pat Sabatini,Men’s Featherweight,8,1.0,11.420802175390891,4.894629503738953,0.42857142857142855,0.8235294117647058,11.006118286879675,134.91666666666666,0.6666666666666667,1.2236573759347382,1.1182868796736916,164.5,0.6118286879673691,0.20394289598912305,0.0,17,14,93.63636363636364,92.72727272727272,62.365591397849464,81.72043010752688,99.0909090909091,75.9493670886076,54.08163265306123,71.81818181818181,18.888888888888896,73.63636363636363,44.54545454545455,63.18181818181818,79.24079504724666,87.52013808975835,62.949907235621524,45.35353535353536,86.36363636363636,51.02693602693603
Diego Lopes,Men’s Featherweight,8,1.0,2.239177309669929,1.0449494111793,0.4666666666666667,0.375,1.8087576712555982,103.85714285714286,0.8695652173913043,3.4334052081605573,0.8832310499253607,118.33333333333333,0.1492784873113286,0.1492784873113286,0.0,8,3,46.36363636363636,50.90909090909091,66.12903225806451,35.483870967741936,42.72727272727273,51.89873417721519,87.75510204081633,79.0909090909091,37.777777777777786,49.09090909090909,51.81818181818181,63.18181818181818,49.325513196480934,47.31300345224396,83.42300556586271,58.43434343434344,45.90909090909091,57.81144781144781
Jean Silva,Men’s Featherweight,7,1.0,1.7514595496246872,1.2510425354462051,0.7142857142857143,0.3333333333333333,0.3211009174311927,15.4,0.78125,8.006672226855713,1.7848206839032528,61.142857142857146,0.750625521267723,0.0,0.0,3,1,39.09090909090909,56.36363636363636,92.47311827956989,29.03225806451613,13.636363636363635,2.5316455696202533,79.59183673469387,64.54545454545455,81.11111111111111,79.0909090909091,77.72727272727272,63.18181818181818,53.53209514499837,8.084004602991945,72.06864564007421,72.82828282828282,46.36363636363637,71.24579124579124
Cub Swanson,Men’s Featherweight,8,1.0,1.3817809621289663,0.6908904810644831,0.5,0.5,0.9710849539406348,84.33333333333333,0.7777777777777778,6.218014329580349,3.059109518935517,132.83333333333334,0.0,0.2302968270214944,0.0,4,2,32.72727272727273,41.81818181818181,72.04301075268818,44.086021505376344,29.09090909090909,32.91139240506329,78.06122448979592,35.45454545454545,29.999999999999996,22.272727272727273,42.72727272727273,63.18181818181818,49.61876832844575,31.001150747986188,56.757884972170686,32.72727272727273,25.68181818181818,46.21212121212121
Yair Rodriguez,Men’s Featherweight,8,1.0,1.5951790145338531,0.31903580290677064,0.2,0.3333333333333333,1.2362637362637363,232.5,0.525,6.3807160581354125,5.011520737327189,99.21052631578948,0.15951790145338532,0.478553704360156,0.3333333333333333,6,2,36.36363636363637,30.909090909090907,20.967741935483872,29.03225806451613,33.63636363636363,93.67088607594937,29.591836734693878,15.454545454545455,50.00000000000001,50.0,32.727272727272734,18.63636363636363,28.787878787878793,63.6536248561565,22.523191094619666,32.727272727272734,41.81818181818181,28.03030303030303
Steve Garcia,Men’s Featherweight,8,1.0,0.33333333333333337,0.0,0.0,0.0,1.211111111111111,,0.7857142857142857,4.666666666666667,3.6333333333333333,218.0,0.33333333333333337,0.0,0.0,1,0,18.181818181818183,14.545454545454545,8.064516129032258,10.21505376344086,31.818181818181817,,81.12244897959184,28.181818181818176,8.888888888888882,61.81818181818181,77.72727272727272,63.18181818181818,12.153796024763766,31.818181818181817,54.652133580705005,18.53535353535353,46.81818181818181,53.148148148148145
Melquizael Costa,Men’s Featherweight,8,1.0,4.130911993614049,1.4368389543005389,0.34782608695652173,0.3333333333333333,2.7419676711235286,114.5,0.5217391304347826,8.261823987228098,5.199560965875074,78.95454545454545,0.8980243464378368,0.5388146078627021,0.0,12,4,59.09090909090909,63.63636363636363,48.38709677419355,29.03225806451613,61.81818181818181,63.29113924050633,28.57142857142857,12.727272727272721,70.0,84.54545454545455,30.000000000000004,63.18181818181818,45.50342130987292,62.554660529344076,20.649350649350644,41.36363636363636,73.18181818181819,44.84848484848485
Joanderson Brito,Men’s Featherweight,8,1.0,4.809479553903346,3.345724907063197,0.6956521739130435,0.6,5.562267657992565,99.75,0.625,5.018587360594796,6.283689591078067,200.33333333333334,1.6728624535315986,0.8364312267657993,0.0,10,6,66.36363636363637,85.45454545454545,91.39784946236558,59.67741935483871,91.81818181818183,46.835443037974684,48.46938775510204,7.272727272727269,9.999999999999996,92.72727272727272,19.090909090909083,63.18181818181818,72.47963506028022,69.32681242807826,27.871057513914653,8.636363636363633,92.27272727272728,30.3030303030303
Youssef Zalal,Men’s Featherweight,8,1.0,5.604831100207587,1.3587469333836573,0.24242424242424243,0.5833333333333334,3.7648612945838837,166.25,0.55,3.3968673334591433,3.592187205133044,141.0,1.1889035667107002,0.6793734666918286,0.0,12,7,75.45454545454545,61.81818181818181,29.03225806451613,56.451612903225815,76.36363636363637,83.54430379746836,33.6734693877551,29.090909090909097,27.777777777777782,88.18181818181819,24.545454545454536,63.18181818181818,53.64613880742913,79.95397008055237,31.3821892393321,28.43434343434344,82.27272727272728,38.72053872053872
Vinicius Oliveira,Men’s Featherweight,6,1.0,3.023304639932815,1.3226957799706067,0.4375,0.3,2.5194205332773465,114.28571428571429,0.7027027027027026,6.991391979844636,2.2454335502834346,64.81818181818181,0.18895653999580095,0.18895653999580095,1.0,10,3,53.63636363636364,60.0,63.44086021505376,22.58064516129032,60.0,62.0253164556962,62.244897959183675,52.72727272727273,78.88888888888889,51.81818181818182,46.36363636363637,2.272727272727283,46.552623004235905,61.0126582278481,57.4860853432282,65.8080808080808,55.90909090909091,38.14814814814815
Dooho Choi,Men’s Featherweight,8,1.0,2.3985239852398523,1.2915129151291513,0.5384615384615384,0.7142857142857143,2.8198031980319804,131.0,0.5769230769230769,4.797047970479705,2.8259532595325956,83.54545454545455,0.5535055350553506,0.0,0.0,7,5,48.18181818181818,59.09090909090909,77.41935483870968,73.65591397849462,65.45454545454545,73.41772151898735,36.734693877551024,41.81818181818181,64.44444444444444,71.81818181818181,77.72727272727272,63.18181818181818,66.41902899967415,69.43613348676641,39.27643784786642,53.13131313131313,68.63636363636363,64.68013468013469
Kevin Vallejos,Men’s Featherweight,4,1.0,3.1933767001774096,1.0644589000591367,0.3333333333333333,0.5,1.8184506209343583,102.5,0.9,5.3222945002956825,0.19515079834417504,22.0,0.0,0.0,0.0,4,2,54.54545454545454,51.81818181818182,44.086021505376344,44.086021505376344,43.63636363636363,50.63291139240506,89.79591836734694,91.81818181818181,98.33333333333334,22.272727272727273,77.72727272727272,63.18181818181818,47.572499185402414,47.13463751438435,90.80705009276437,95.07575757575758,32.95454545454545,78.66161616161617
Chepe Mariscal,Men’s Featherweight,6,1.0,5.94118823764753,2.340468093618724,0.3939393939393939,0.6666666666666666,4.281856371274255,109.76923076923077,0.5925925925925926,4.860972194438888,3.705741148229646,112.27272727272727,0.1800360072014403,0.1800360072014403,0.0,12,8,78.18181818181819,75.45454545454545,56.98924731182796,66.12903225806451,80.9090909090909,56.9620253164557,39.285714285714285,27.272727272727284,40.0,50.90909090909091,48.18181818181819,63.18181818181818,67.10003258390356,68.93555811277331,33.279220779220786,33.63636363636364,65.9090909090909,48.333333333333336
Brian Ortega,Men’s Featherweight,8,1.0,4.735018606441679,1.2703708456306944,0.2682926829268293,0.5789473684210527,1.4185807776209418,67.0,0.5,1.154882586936995,1.422430386244065,147.8,0.46195303477479793,0.0,0.0,19,11,64.54545454545455,57.27272727272727,35.483870967741936,54.83870967741935,37.27272727272727,26.582278481012654,25.0,68.18181818181819,22.222222222222225,65.45454545454545,77.72727272727272,63.18181818181818,51.62267839687195,31.927502876869966,46.59090909090909,45.20202020202021,51.36363636363636,62.03703703703704
Mairon Santos,Men’s Featherweight,4,1.0,0.64034151547492,0.0,0.0,0.0,0.8964781216648878,,0.6923076923076923,4.162219850586979,2.657417289220918,124.5,0.0,0.0,0.0,2,0,21.818181818181817,14.545454545454545,8.064516129032258,10.21505376344086,26.36363636363636,,59.693877551020414,44.54545454545455,33.33333333333333,22.272727272727273,77.72727272727272,63.18181818181818,13.365917236884977,26.36363636363636,52.11966604823748,38.93939393939394,24.318181818181817,59.94949494949495
Jose Aldo,Men’s Featherweight,8,1.0,0.7586705202312138,0.10838150289017341,0.14285714285714285,0.4,1.7124277456647399,948.0,0.9473684210526316,4.118497109826589,2.8504335260115607,789.0,0.10838150289017341,0.0,0.0,5,2,23.636363636363637,29.09090909090909,17.20430107526882,36.55913978494624,40.909090909090914,100.0,91.83673469387756,39.99999999999999,1.1111111111111112,46.36363636363636,77.72727272727272,63.18181818181818,25.7999348321929,70.45454545454545,65.91836734693878,20.555555555555554,43.63636363636364,53.82154882154882
David Onama,Men’s Featherweight,8,1.0,3.864168618266979,1.2295081967213113,0.3181818181818182,0.5833333333333334,3.466042154566745,169.14285714285714,0.5833333333333333,4.215456674473067,2.5614754098360657,87.5,0.5269320843091334,0.8782201405152225,0.0,12,7,57.27272727272727,55.45454545454545,40.32258064516129,56.451612903225815,74.54545454545455,84.81012658227847,37.755102040816325,46.36363636363637,61.111111111111114,70.0,17.272727272727284,63.18181818181818,51.348973607038126,79.67779056386651,42.05936920222635,53.737373737373744,72.27272727272728,44.730639730639744
Sean Woodson,Men’s Featherweight,8,1.0,1.411149825783972,0.7839721254355401,0.5555555555555556,0.6,1.4921602787456447,114.2,0.90625,5.017421602787456,2.3937282229965158,305.3333333333333,0.470383275261324,0.156794425087108,0.0,5,3,34.54545454545455,46.36363636363636,80.10752688172043,59.67741935483871,38.18181818181819,60.75949367088608,90.81632653061224,49.090909090909086,6.666666666666668,66.36363636363637,50.90909090909091,63.18181818181818,58.11013359400456,49.47065592635214,69.95361781076066,27.878787878787875,52.27272727272728,47.323232323232325
Jose Delgado,Men’s Featherweight,5,1.0,2.7892561983471076,0.6198347107438017,0.2222222222222222,0.6,1.2809917355371903,124.0,0.5925925925925926,8.367768595041323,1.828512396694215,32.18181818181818,0.0,0.30991735537190085,0.0,5,3,51.81818181818182,39.09090909090909,25.806451612903224,59.67741935483871,34.54545454545455,69.62025316455697,39.285714285714285,62.72727272727272,96.66666666666667,22.272727272727273,38.18181818181817,63.18181818181818,45.76735092864126,52.08285385500576,51.0064935064935,79.69696969696969,28.40909090909091,60.35353535353534
Giga Chikadze,Men’s Featherweight,8,1.0,0.16108824055843926,0.0,0.0,0.0,0.17182745659566853,,0.6666666666666667,2.4163236083765884,1.957222122785037,145.8,0.3221764811168785,0.16108824055843926,0.0,1,0,16.363636363636363,14.545454545454545,8.064516129032258,10.21505376344086,9.090909090909092,,54.08163265306123,60.90909090909091,23.333333333333325,60.0,50.0,63.18181818181818,11.54773541870316,9.090909090909092,57.49536178107607,42.12121212121212,34.54545454545455,51.76767676767677
William Gomis,Men’s Featherweight,7,1.0,1.9055374592833876,0.7328990228013029,0.38461538461538464,0.5,2.2646579804560263,185.4,0.7755102040816326,7.18241042345277,4.756514657980457,177.0,0.2931596091205212,0.7328990228013029,0.0,8,4,41.81818181818181,44.54545454545455,53.76344086021505,44.086021505376344,56.36363636363636,89.87341772151899,76.53061224489795,17.272727272727284,15.555555555555554,56.36363636363636,21.818181818181817,63.18181818181818,46.55588139459107,73.11852704257768,46.901669758812616,16.41414141414142,56.36363636363636,33.804713804713806
Darren Elkins,Men’s Featherweight,8,1.0,9.628955155929887,3.4828135670384706,0.3617021276595745,0.8125,5.569087184156613,95.94117647058823,0.4545454545454546,2.2535852492601864,3.0355110402913725,148.16666666666666,0.6146141588891417,1.024356931481903,0.0,16,13,90.9090909090909,86.36363636363636,49.46236559139785,79.56989247311827,92.72727272727272,43.037974683544306,20.408163265306122,36.36363636363636,21.11111111111111,74.54545454545455,11.818181818181815,63.18181818181818,73.31378299120234,67.88262370540852,28.38589981447124,28.737373737373737,83.63636363636363,34.579124579124574
Muhammad Naimov,Men’s Featherweight,7,1.0,5.178136755919452,1.7924319539721179,0.34615384615384615,0.4666666666666667,4.006417348971012,134.11111111111111,0.7352941176470589,6.771409603894668,3.1931843328169953,106.88888888888889,0.19915910599690198,0.19915910599690198,0.5,15,7,71.81818181818181,70.0,47.31182795698925,38.70967741935484,77.27272727272727,74.68354430379746,70.40816326530613,34.54545454545453,43.33333333333334,53.63636363636364,45.45454545454545,11.363636363636362,52.61322906484197,75.97813578826236,52.47680890538033,38.93939393939394,65.45454545454545,31.919191919191917
Josh Emmett,Men’s Featherweight,8,1.0,2.8182245185533112,0.7045561296383278,0.25,0.5,1.0967590418036637,93.4,0.375,1.1272898074213247,0.7703147017379051,65.6,0.0,0.28182245185533117,0.4,10,5,52.72727272727272,42.72727272727273,31.72043010752688,44.086021505376344,30.909090909090907,40.50632911392405,14.795918367346939,84.54545454545455,76.66666666666667,22.272727272727273,41.81818181818181,14.545454545454549,42.84457478005865,35.70771001150748,49.670686456400745,80.60606060606061,26.59090909090909,45.656565656565654
Luke Riley,Men’s Featherweight,3,0.8571428571428571,0.0,0.0,,,0.18046709129511676,,0.375,5.095541401273885,4.288747346072187,80.8,0.0,0.0,0.0,0,0,8.181818181818182,14.545454545454545,,,10.0,,14.795918367346939,21.818181818181817,67.77777777777779,22.272727272727273,77.72727272727272,63.18181818181818,8.181818181818182,10.0,18.307050092764378,44.7979797979798,16.136363636363637,61.9023569023569
Miles Johns,Men’s Featherweight,8,1.0,5.705461638491548,1.4629388816644995,0.2564102564102564,0.6666666666666666,2.891742522756827,118.6,0.6923076923076923,3.8036410923276986,2.0286085825747726,104.0,0.0,0.8777633289986996,0.3333333333333333,15,10,76.36363636363637,64.54545454545455,34.40860215053764,66.12903225806451,68.18181818181817,67.08860759493672,59.693877551020414,58.18181818181818,46.66666666666667,22.272727272727273,18.181818181818176,18.63636363636363,58.96709025741284,67.63521288837745,58.9378478664193,52.42424242424242,45.22727272727272,29.74747474747474
Yadier del Valle,Men’s Featherweight,4,1.0,0.6766917293233082,0.6766917293233082,1.0,0.0,4.545112781954887,403.0,0.6,6.7669172932330826,5.560150375939849,123.25,2.706766917293233,0.0,0.0,1,0,22.727272727272727,40.909090909090914,98.38709677419355,10.21505376344086,85.45454545454545,97.46835443037975,41.83673469387755,11.818181818181815,35.55555555555556,96.36363636363636,77.72727272727272,63.18181818181818,43.776474421635704,91.4614499424626,26.827458256029683,23.686868686868685,90.9090909090909,54.86531986531986
Daniel Santos,Men’s Featherweight,6,1.0,7.792207792207793,2.597402597402598,0.3333333333333333,0.6923076923076923,4.5021645021645025,104.0,0.7333333333333334,3.2467532467532467,0.836940836940837,58.0,0.0,0.21645021645021645,0.0,13,9,82.72727272727273,76.36363636363637,44.086021505376344,70.43010752688173,84.54545454545455,53.16455696202531,68.87755102040816,81.81818181818181,83.33333333333334,22.272727272727273,43.63636363636363,63.18181818181818,65.74780058651028,68.85500575373993,75.34786641929499,82.57575757575758,53.40909090909091,63.13131313131313
Christian Rodriguez,Men’s Featherweight,8,1.0,5.480378890392423,2.1312584573748308,0.3888888888888889,0.6923076923076923,4.0240189445196215,113.28571428571429,0.71875,9.742895805142084,4.351319350473613,95.27777777777777,0.9133964817320704,0.9133964817320704,0.3333333333333333,13,9,73.63636363636363,74.54545454545455,55.91397849462365,70.43010752688173,78.18181818181819,59.49367088607595,65.3061224489796,20.90909090909091,54.44444444444445,85.45454545454545,15.454545454545455,18.63636363636363,66.66014988595633,68.83774453394707,43.10760667903525,37.67676767676768,81.81818181818181,23.92255892255892
Danny Silva,Men’s Featherweight,4,1.0,6.532497525569119,2.0785219399538106,0.3181818181818182,0.6666666666666666,2.296271857472781,66.28571428571429,0.7333333333333334,4.453975585615309,1.0392609699769053,52.5,0.29693170570768723,0.0,0.0,9,6,80.9090909090909,73.63636363636363,40.32258064516129,66.12903225806451,57.27272727272727,24.050632911392405,68.87755102040816,75.45454545454545,88.88888888888889,58.18181818181818,77.72727272727272,63.18181818181818,62.4535679374389,40.66168009205984,72.16604823747682,82.17171717171718,57.72727272727273,74.36026936026936
Jamall Emmers,Men’s Featherweight,8,1.0,5.033791656956421,2.9363784665579122,0.5833333333333334,0.5454545454545454,5.264507107900257,107.57142857142857,0.8,3.146119785597763,0.7271032393381497,69.33333333333333,0.4194826380797017,0.6292239571195526,0.3333333333333333,11,6,70.0,80.9090909090909,84.40860215053763,50.53763440860215,90.0,55.69620253164557,84.18367346938776,86.36363636363636,73.33333333333334,64.54545454545455,26.363636363636363,18.63636363636363,68.31541218637993,72.84810126582278,85.27365491651206,79.84848484848484,77.27272727272728,41.61616161616161
Jordan Leavitt,Men’s Featherweight,8,1.0,10.40308239478364,2.934202726733847,0.28205128205128205,0.7692307692307693,7.046532305868405,144.0909090909091,0.5,1.6004742145820983,2.5385299347954953,190.33333333333334,1.3337285121517488,2.4007113218731475,1.0,13,10,92.72727272727272,80.0,36.55913978494624,77.41935483870968,97.27272727272728,78.48101265822784,25.0,47.272727272727266,12.222222222222225,90.0,5.454545454545456,2.272727272727283,68.90192245030954,87.87686996547757,36.13636363636363,29.747474747474747,93.63636363636364,12.491582491582497
Tommy McMillen,Men’s Featherweight,2,0.7142857142857143,0.0,0.0,,,0.9034416826003824,,,0.0,0.21510516252390055,,0.0,0.0,0.0,0,0,8.181818181818182,14.545454545454545,,,27.27272727272727,,,90.0,,22.272727272727273,77.72727272727272,63.18181818181818,8.181818181818182,27.27272727272727,90.0,90.0,24.772727272727273,76.96969696969697
Kaan Ofli,Men’s Featherweight,5,1.0,4.794520547945206,0.34246575342465757,0.07142857142857142,0.7142857142857143,3.6130136986301373,633.0,0.0,1.7123287671232879,2.3573059360730597,82.6,0.6849315068493151,1.0273972602739727,0.0,7,5,65.45454545454545,33.63636363636363,16.129032258064516,73.65591397849462,75.45454545454545,98.73417721518987,5.1020408163265305,50.0,66.66666666666667,76.36363636363637,10.909090909090908,63.18181818181818,51.7464972303682,87.09436133486767,27.551020408163264,58.333333333333336,75.9090909090909,44.141414141414145
Marwan Rahiki,Men’s Featherweight,2,0.8571428571428571,0.0,0.0,,,1.9361147327249024,,1.0,1.1734028683181226,0.8604954367666231,,0.0,0.0,0.0,0,0,8.181818181818182,14.545454545454545,,,50.0,,96.42857142857143,80.9090909090909,,22.272727272727273,77.72727272727272,63.18181818181818,8.181818181818182,50.0,88.66883116883116,80.9090909090909,36.13636363636364,73.93939393939394
Jack Jenkins,Men’s Featherweight,6,1.0,2.7553028646402797,1.5744587797944458,0.5714285714285714,0.5714285714285714,3.030833151104308,115.5,0.7,5.904220424229171,3.775420949048765,127.88888888888889,0.19680734747430573,0.7872293898972229,0.5,7,4,50.90909090909091,67.27272727272727,82.25806451612904,53.2258064516129,70.0,64.55696202531645,61.224489795918366,26.363636363636363,31.11111111111111,52.72727272727272,20.90909090909091,11.363636363636362,62.13098729227761,67.27848101265823,43.79406307977737,28.737373737373737,61.36363636363636,20.336700336700336
Dan Ige,Men’s Featherweight,8,1.0,1.4384656366542357,0.3196590303676079,0.2222222222222222,0.3333333333333333,1.840703249866809,345.5,0.6052631578947368,6.07352157698455,2.844965370271711,71.2,0.0,0.3196590303676079,0.0,6,2,35.45454545454545,31.818181818181817,25.806451612903224,29.03225806451613,44.54545454545455,96.20253164556962,43.87755102040816,40.90909090909091,72.22222222222223,22.272727272727273,37.27272727272727,63.18181818181818,30.097751710654933,70.37399309551208,42.393320964749535,56.56565656565657,33.40909090909091,52.34006734006734
Lerryan Douglas,Men’s Featherweight,1,0.7142857142857143,0.0,0.0,,,0.352112676056338,,,0.0,0.21126760563380284,,0.0,0.0,0.0,0,0,8.181818181818182,14.545454545454545,,,15.454545454545453,,,90.9090909090909,,22.272727272727273,77.72727272727272,63.18181818181818,8.181818181818182,15.454545454545453,90.9090909090909,90.9090909090909,18.863636363636363,77.27272727272727
Gaston Bolanos,Men’s Featherweight,5,1.0,0.9936516698868341,0.7452387524151256,0.75,0.0,1.6188241788573006,130.33333333333334,0.5,5.961910019321005,5.187689759867514,104.41666666666667,0.0,0.49682583494341703,0.5,4,0,26.36363636363636,45.45454545454545,94.08602150537635,10.21505376344086,39.09090909090909,72.15189873417721,25.0,13.636363636363642,45.55555555555556,22.272727272727273,31.818181818181817,11.363636363636362,43.55490387748453,55.62140391254315,19.31818181818182,29.5959595959596,30.681818181818183,24.259259259259256
Murtazali Magomedov,Men’s Featherweight,1,0.8571428571428571,23.376623376623375,11.688311688311687,0.5,1.0,5.25974025974026,27.0,,0.0,0.0,,11.688311688311687,0.0,0.0,1,1,100.0,99.0909090909091,72.04301075268818,94.6236559139785,89.0909090909091,3.79746835443038,,97.72727272727272,,100.0,77.72727272727272,63.18181818181818,88.8888888888889,46.444188722669736,97.72727272727272,97.72727272727272,94.54545454545455,79.54545454545455
Keiichiro Nakamura,Men’s Featherweight,1,0.8571428571428571,0.0,0.0,,,0.07246376811594203,,0.0,1.0869565217391304,0.0,0.0,0.0,0.0,0.0,0,0,8.181818181818182,14.545454545454545,,,8.181818181818182,,5.1020408163265305,97.72727272727272,100.0,22.272727272727273,77.72727272727272,63.18181818181818,8.181818181818182,8.181818181818182,51.41465677179963,98.86363636363636,15.227272727272727,79.92424242424242
Rodrigo Vera,Men’s Featherweight,1,0.8571428571428571,8.181818181818183,8.181818181818183,1.0,0.0,5.590909090909091,41.0,,0.0,0.0,,0.0,0.0,0.0,1,0,85.45454545454545,98.18181818181819,98.38709677419355,10.21505376344086,93.63636363636364,12.658227848101266,,97.72727272727272,,22.272727272727273,77.72727272727272,63.18181818181818,64.68556533072662,53.14729574223245,97.72727272727272,97.72727272727272,57.95454545454545,79.54545454545455
Julian Erosa,Men’s Featherweight,8,1.0,5.441719852200201,1.813906617400067,0.3333333333333333,0.625,2.8619415518978837,94.66666666666667,0.6153846153846154,3.930131004366812,1.0127645280483708,40.2,0.6046355391333558,0.3023177695666779,0.0,8,5,72.72727272727273,70.9090909090909,44.086021505376344,62.365591397849464,66.36363636363637,41.77215189873418,46.42857142857143,76.36363636363636,94.44444444444444,72.72727272727273,39.09090909090909,63.18181818181818,59.72629521016618,54.06789413118528,61.396103896103895,85.4040404040404,69.54545454545456,62.55892255892255
Ezra Elliott,Men’s Featherweight,1,1.0,18.0,12.0,0.6666666666666666,1.0,11.016666666666667,55.083333333333336,1.0,2.0,0.7833333333333333,,3.0,1.0,0.0,3,3,99.0909090909091,100.0,88.70967741935483,94.6236559139785,100.0,17.72151898734177,96.42857142857143,83.63636363636363,,97.72727272727273,12.727272727272721,63.18181818181818,94.14141414141415,58.860759493670884,90.03246753246754,83.63636363636363,98.86363636363637,53.18181818181818
Shane Collins,Men’s Featherweight,1,1.0,6.0,0.0,0.0,1.0,2.566666666666667,,0.4444444444444444,9.0,4.233333333333333,50.8,3.0,0.0,0.0,3,3,79.0909090909091,14.545454545454545,8.064516129032258,94.6236559139785,60.909090909090914,,18.367346938775512,22.727272727272723,90.0,97.72727272727273,77.72727272727272,63.18181818181818,60.593027044639946,60.909090909090914,20.547309833024116,56.36363636363636,79.31818181818183,65.75757575757575
Marcio Barbosa,Men’s Featherweight,1,0.7142857142857143,0.0,0.0,,,0.0,,,0.0,0.0,,0.0,0.0,0.0,0,0,8.181818181818182,14.545454545454545,,,4.090909090909091,,,97.72727272727272,,22.272727272727273,77.72727272727272,63.18181818181818,8.181818181818182,4.090909090909091,97.72727272727272,97.72727272727272,13.181818181818182,79.54545454545455
Jose Delano,Men’s Featherweight,1,1.0,5.0,0.0,0.0,0.3333333333333333,0.6333333333333333,,1.0,3.0,1.1333333333333333,,0.0,0.0,0.0,3,1,68.63636363636364,14.545454545454545,8.064516129032258,29.03225806451613,20.909090909090907,,96.42857142857143,70.9090909090909,,22.272727272727273,77.72727272727272,63.18181818181818,35.24437927663734,20.909090909090907,83.66883116883116,70.9090909090909,21.59090909090909,70.60606060606061
Morgan Charriere,Men’s Featherweight,6,1.0,4.413206930369402,2.059496567505721,0.4666666666666667,0.6666666666666666,3.059823471722785,89.14285714285714,0.8333333333333334,3.5305655442955217,1.8094148414514548,184.5,0.2942137953579601,0.2942137953579601,0.0,6,4,60.909090909090914,72.72727272727273,66.12903225806451,66.12903225806451,70.9090909090909,39.24050632911392,86.73469387755102,63.63636363636363,14.44444444444444,57.27272727272727,39.99999999999999,63.18181818181818,64.38905180840665,55.07479861910241,75.18552875695732,39.040404040404034,64.0909090909091,47.4074074074074
John Castaneda,Men’s Featherweight,8,1.0,4.016528925619835,1.6363636363636365,0.4074074074074074,0.7,2.7867768595041325,102.18181818181819,0.8,2.975206611570248,0.7586776859504132,76.5,0.1487603305785124,0.0,0.0,10,7,58.18181818181818,69.0909090909091,60.215053763440864,72.04301075268818,64.54545454545455,49.36708860759494,84.18367346938776,85.45454545454545,71.11111111111111,48.18181818181818,77.72727272727272,63.18181818181818,63.479960899315735,56.95627157652474,84.8191094619666,78.28282828282829,56.36363636363636,73.06397306397307
Aaron Pico,Men’s Featherweight,2,0.8571428571428571,13.07901907356948,6.53950953678474,0.5,1.0,4.44141689373297,40.75,,0.0,0.0,,0.0,0.8174386920980925,0.0,4,4,95.45454545454545,97.27272727272728,72.04301075268818,94.6236559139785,82.72727272727273,10.126582278481013,,97.72727272727272,,22.272727272727273,20.000000000000004,63.18181818181818,87.37373737373737,46.42692750287687,97.72727272727272,97.72727272727272,52.5,60.303030303030305
Bogdan Grad,Men’s Featherweight,4,1.0,14.080338266384777,5.3276955602537,0.3783783783783784,0.875,6.761099365750527,76.14285714285714,0.75,1.5221987315010568,2.0359408033826636,321.0,0.7610993657505284,0.3805496828752642,0.0,8,7,97.27272727272728,95.45454545454545,51.61290322580645,85.48387096774194,95.45454545454545,30.37974683544304,73.9795918367347,56.36363636363636,4.444444444444439,80.0,35.45454545454545,63.18181818181818,78.12316715542522,62.91714614499425,65.17161410018554,30.4040404040404,87.72727272727272,43.013468013468014
Javier Reyes,Men’s Featherweight,2,0.8571428571428571,3.2432432432432434,1.6216216216216217,0.5,1.0,3.162162162162162,117.0,,0.0,0.972972972972973,,0.0,1.6216216216216217,1.0,1,1,55.45454545454545,68.18181818181817,72.04301075268818,94.6236559139785,71.81818181818181,65.82278481012658,,77.27272727272727,,22.272727272727273,8.181818181818189,2.272727272727283,74.04040404040404,68.82048331415419,77.27272727272727,77.27272727272727,47.04545454545455,29.242424242424246
Kai Kamaka III,Men’s Featherweight,2,1.0,0.8310249307479224,0.0,0.0,0.0,0.3185595567867036,,0.6666666666666667,2.493074792243767,1.1080332409972298,80.0,0.0,0.0,0.0,1,0,24.545454545454547,14.545454545454545,8.064516129032258,10.21505376344086,12.727272727272727,,54.08163265306123,72.72727272727272,68.88888888888889,22.272727272727273,77.72727272727272,63.18181818181818,14.275008145975889,12.727272727272727,63.40445269016698,70.8080808080808,17.5,70.57239057239057
Isaac Dulgarian,Men’s Featherweight,4,0.8571428571428571,9.146341463414636,4.573170731707318,0.5,0.42857142857142855,10.579268292682928,138.8,,0.0,2.8582317073170733,,1.829268292682927,1.3719512195121952,0.5,7,3,88.18181818181819,90.0,72.04301075268818,37.634408602150536,98.18181818181819,77.21518987341773,,39.09090909090909,,93.63636363636364,9.090909090909081,11.363636363636362,65.95307917888563,87.69850402761796,39.09090909090909,39.09090909090909,95.9090909090909,19.848484848484844
Alberto Montes,Men’s Featherweight,2,0.8571428571428571,0.0,0.0,,,0.27415143603133163,,1.0,2.349869451697128,2.232375979112272,,0.783289817232376,0.0,0.0,0,0,8.181818181818182,14.545454545454545,,,11.818181818181818,,96.42857142857143,53.63636363636363,,80.9090909090909,77.72727272727272,63.18181818181818,8.181818181818182,11.818181818181818,75.03246753246754,53.63636363636363,46.36363636363636,64.84848484848484
JooSang Yoo,Men’s Featherweight,2,0.8571428571428571,0.0,0.0,,,0.0,,0.5,5.157593123209169,3.5673352435530084,83.0,0.0,0.0,0.0,0,0,8.181818181818182,14.545454545454545,,,4.090909090909091,,25.0,30.000000000000004,65.55555555555556,22.272727272727273,77.72727272727272,63.18181818181818,8.181818181818182,4.090909090909091,27.5,47.77777777777778,13.181818181818182,62.89562289562289
Andre Fili,Men’s Featherweight,8,1.0,4.833712042966329,1.859120016525511,0.38461538461538464,0.3333333333333333,1.8746126833298906,60.5,0.8125,2.974592026440818,0.8830820078496179,95.0,0.0,0.18591200165255112,0.2,12,4,67.27272727272727,71.81818181818181,53.76344086021505,29.03225806451613,46.36363636363636,21.518987341772153,85.71428571428571,80.0,56.111111111111114,22.272727272727273,47.272727272727266,24.545454545454536,50.02280873248615,33.94131185270426,82.85714285714286,68.05555555555556,34.31818181818181,46.62457912457912
Patricio Freire,Men’s Featherweight,2,1.0,6.5,3.0,0.46153846153846156,0.6,1.8916666666666668,37.833333333333336,0.0,0.5,0.925,111.0,0.5,0.0,0.0,5,3,80.0,81.81818181818183,64.51612903225806,59.67741935483871,48.18181818181818,7.59493670886076,5.1020408163265305,78.18181818181819,41.111111111111114,67.72727272727272,77.72727272727272,63.18181818181818,68.06451612903226,27.88837744533947,41.64192949907236,59.64646464646465,57.95454545454545,66.85185185185185
Douglas Silva de Andrade,Men’s Featherweight,8,1.0,0.9950248756218906,0.33167495854063017,0.3333333333333333,0.0,1.2327252625760088,223.0,0.7878787878787878,5.472636815920398,2.0011055831951357,103.42857142857143,0.33167495854063017,0.0,0.0,6,0,27.27272727272727,32.72727272727273,44.086021505376344,10.21505376344086,32.72727272727273,92.40506329113924,82.6530612244898,59.99999999999999,47.77777777777778,60.909090909090914,77.72727272727272,63.18181818181818,27.191267513848157,62.56616800920598,71.3265306122449,53.888888888888886,46.81818181818182,64.93265993265993
Hyder Amil,Men’s Featherweight,6,1.0,4.241948153967006,0.7069913589945012,0.16666666666666666,0.5714285714285714,1.885310290652003,160.0,0.4666666666666667,5.302435192458759,4.018067556952081,85.25,0.7069913589945012,0.7069913589945012,0.3333333333333333,7,4,60.0,43.63636363636363,18.817204301075268,53.2258064516129,47.27272727272727,79.74683544303798,21.428571428571427,24.545454545454536,63.333333333333336,78.18181818181819,22.727272727272723,18.63636363636363,44.01433691756272,63.50978135788263,22.98701298701298,43.93939393939394,62.727272727272734,28.43434343434343
Losene Keita,Men’s Featherweight,1,0.8571428571428571,0.0,0.0,,,0.0,,1.0,1.0,0.0,,0.0,0.0,0.0,0,0,8.181818181818182,14.545454545454545,,,4.090909090909091,,96.42857142857143,97.72727272727272,,22.272727272727273,77.72727272727272,63.18181818181818,8.181818181818182,4.090909090909091,97.07792207792207,97.72727272727272,13.181818181818182,79.54545454545455
Calvin Kattar,Men’s Featherweight,8,1.0,0.9991119005328597,0.2997335701598579,0.3,0.2857142857142857,0.5311944937833037,106.33333333333333,0.7714285714285715,3.496891651865009,1.1856127886323269,89.0,0.09991119005328597,0.0,0.0,7,2,28.18181818181818,30.0,38.70967741935484,21.50537634408602,17.272727272727273,54.43037974683544,75.51020408163265,70.0,60.00000000000001,44.54545454545455,77.72727272727272,63.18181818181818,29.465623981753016,35.851553509781354,72.75510204081633,65.0,30.90909090909091,68.63636363636364
Jack Shore,Men’s Featherweight,8,1.0,8.120831698705373,3.001176932130247,0.3695652173913043,0.75,4.404668497449981,88.05882352941177,0.7407407407407407,4.766575127500981,3.9692036092585328,192.71428571428572,0.5296194586112201,0.7061592781482935,0.6666666666666666,16,12,84.54545454545455,82.72727272727273,50.53763440860215,75.80645161290323,81.81818181818183,37.9746835443038,72.44897959183673,25.454545454545457,11.11111111111111,70.9090909090909,23.636363636363644,5.909090909090909,70.29651352231998,59.896432681242814,48.95176252319109,18.282828282828284,76.36363636363637,15.942760942760946
Steven Nguyen,Men’s Featherweight,2,1.0,0.6,0.6,1.0,0.0,1.8599999999999999,186.0,1.0,3.0,0.16999999999999998,,0.0,0.0,0.0,1,0,20.0,38.18181818181819,98.38709677419355,10.21505376344086,45.45454545454545,91.13924050632912,96.42857142857143,93.63636363636364,,22.272727272727273,77.72727272727272,63.18181818181818,42.8673835125448,68.29689298043729,95.03246753246754,93.63636363636364,33.86363636363636,78.18181818181819
Isaac Thomson,Men’s Featherweight,1,1.0,5.0,4.0,0.8,1.0,3.0,45.0,0.33333333333333337,12.0,7.983333333333334,59.875,0.0,2.0,0.0,2,2,68.63636363636364,89.0909090909091,95.6989247311828,94.6236559139785,69.0909090909091,13.924050632911392,11.73469387755102,4.545454545454549,82.22222222222223,22.272727272727273,6.363636363636362,63.18181818181818,86.31964809384164,41.50747986191024,8.140074211502785,43.38383838383839,45.68181818181819,37.64309764309764
Austin Bashi,Men’s Featherweight,3,1.0,14.710252600297178,3.1203566121842496,0.21212121212121213,0.8571428571428571,5.2303120356612185,100.57142857142857,0.5714285714285714,3.1203566121842496,2.3328380386329868,104.66666666666667,0.8915304606240714,0.8915304606240714,0.0,7,6,98.18181818181819,84.54545454545455,22.58064516129032,83.33333333333334,87.27272727272727,48.10126582278481,35.714285714285715,50.90909090909091,44.44444444444445,83.63636363636363,16.363636363636363,63.18181818181818,68.03193222548062,67.68699654775604,43.311688311688314,47.67676767676768,85.45454545454544,42.40740740740741
Damien Anderson,Men’s Featherweight,1,1.0,2.0,0.0,0.0,0.0,0.7833333333333333,,0.33333333333333337,18.0,11.016666666666667,55.083333333333336,1.0,3.0,0.0,2,0,43.18181818181818,14.545454545454545,8.064516129032258,10.21505376344086,23.636363636363637,,11.73469387755102,1.8181818181818157,86.66666666666667,86.36363636363636,3.1818181818181754,63.18181818181818,20.487129358097096,23.636363636363637,6.7764378478664185,44.24242424242424,55.0,36.868686868686865
Otari Tanzilovi,Men’s Featherweight,1,1.0,9.0,5.0,0.5555555555555556,0.6666666666666666,4.233333333333333,50.8,1.0,6.0,2.566666666666667,,0.0,3.0,0.0,3,2,87.27272727272727,93.63636363636364,80.10752688172043,66.12903225806451,80.0,16.455696202531644,96.42857142857143,45.45454545454545,,22.272727272727273,3.1818181818181754,63.18181818181818,77.83642880417074,48.22784810126582,70.94155844155844,45.45454545454545,51.13636363636364,37.27272727272727
Ollie Schmid,Men’s Featherweight,1,0.7142857142857143,0.0,0.0,,,0.0,,,0.0,0.3592814371257485,,0.0,0.0,0.0,0,0,8.181818181818182,14.545454545454545,,,4.090909090909091,,,88.18181818181819,,22.272727272727273,77.72727272727272,63.18181818181818,8.181818181818182,4.090909090909091,88.18181818181819,88.18181818181819,13.181818181818182,76.36363636363636
Kurtis Campbell,Men’s Featherweight,1,1.0,13.595166163141993,5.438066465256798,0.4,1.0,5.256797583081571,58.0,0.0,2.719033232628399,2.9456193353474323,65.0,0.0,0.0,0.0,1,1,96.36363636363636,96.36363636363636,58.602150537634415,94.6236559139785,88.18181818181819,20.253164556962027,5.1020408163265305,37.27272727272727,77.77777777777779,22.272727272727273,77.72727272727272,63.18181818181818,83.19648093841643,54.2174913693901,21.1873840445269,57.525252525252526,55.227272727272734,66.14478114478113
Patricio Pitbull,Men’s Featherweight,1,0.8571428571428571,0.0,0.0,,,0.0,,0.5384615384615384,13.0,3.4166666666666665,34.166666666666664,0.0,0.0,0.0,0,0,8.181818181818182,14.545454545454545,,,4.090909090909091,,31.63265306122449,30.90909090909091,95.55555555555556,22.272727272727273,77.72727272727272,63.18181818181818,8.181818181818182,4.090909090909091,31.2708719851577,63.23232323232323,13.181818181818182,68.04713804713805
Melsik Baghdasaryan,Men’s Featherweight,6,0.8571428571428571,0.0,0.0,,,0.6224696356275303,,0.6875,4.8582995951417,2.4746963562753037,97.8,0.0,0.6072874493927125,0.6666666666666666,0,0,8.181818181818182,14.545454545454545,,,20.0,,58.16326530612245,48.18181818181819,52.22222222222223,22.272727272727273,28.181818181818176,5.909090909090909,8.181818181818182,20.0,53.172541743970314,50.20202020202021,21.136363636363637,28.0976430976431
Sebastian Szalay,Men’s Featherweight,1,0.8571428571428571,1.0869565217391304,1.0869565217391304,1.0,0.0,0.0,0.0,,0.0,0.07246376811594203,,0.0,0.0,0.0,1,0,30.0,52.72727272727272,98.38709677419355,10.21505376344086,4.090909090909091,1.2658227848101267,,94.54545454545455,,22.272727272727273,77.72727272727272,63.18181818181818,46.20071684587814,2.678365937859609,94.54545454545455,94.54545454545455,13.181818181818182,78.48484848484848
Zhu Kangjie,Men’s Featherweight,1,0.8571428571428571,0.0,0.0,,,0.0,,0.0,8.181818181818183,5.590909090909091,41.0,0.0,0.0,0.0,0,0,8.181818181818182,14.545454545454545,,,4.090909090909091,,5.1020408163265305,10.909090909090908,93.33333333333334,22.272727272727273,77.72727272727272,63.18181818181818,8.181818181818182,4.090909090909091,8.00556586270872,52.121212121212125,13.181818181818182,64.34343434343434
Michael Aswell Jr.,Men’s Featherweight,3,1.0,1.892744479495268,0.473186119873817,0.25,0.3333333333333333,1.9716088328075712,250.0,0.5,0.946372239747634,0.17350157728706622,22.0,0.0,0.0,0.0,3,1,40.909090909090914,35.45454545454545,31.72043010752688,29.03225806451613,50.90909090909091,94.9367088607595,25.0,92.72727272727272,98.33333333333334,22.272727272727273,77.72727272727272,63.18181818181818,33.88725969371131,72.9228998849252,58.86363636363636,95.53030303030303,36.59090909090909,78.81313131313131
Ricardo Ramos,Men’s Featherweight,8,1.0,5.166228175077732,3.013633102128677,0.5833333333333334,0.875,2.4718966754364984,49.214285714285715,0.6428571428571428,3.013633102128677,1.639559913896197,91.4,1.291557043769433,0.6457785218847165,0.6,8,7,70.9090909090909,83.63636363636363,84.40860215053763,85.48387096774194,58.18181818181818,15.18987341772152,51.02040816326531,65.45454545454545,58.88888888888889,89.0909090909091,25.454545454545457,8.181818181818189,80.26718800912349,36.68584579976985,58.237476808905384,62.17171717171718,73.63636363636364,31.936026936026945
Ramon Taveras,Men’s Featherweight,3,1.0,1.3333333333333335,0.0,0.0,0.3333333333333333,0.5833333333333334,,0.7272727272727273,3.6666666666666665,1.4555555555555555,87.33333333333333,0.0,0.33333333333333337,0.0,3,1,31.818181818181817,14.545454545454545,8.064516129032258,29.03225806451613,19.090909090909093,,66.83673469387756,67.27272727272728,62.22222222222222,22.272727272727273,36.36363636363636,63.18181818181818,22.97165200391007,19.090909090909093,67.05473098330242,64.74747474747475,20.681818181818183,54.76430976430976
Nate Landwehr,Men’s Featherweight,8,1.0,2.1386138613861383,0.891089108910891,0.4166666666666667,0.2222222222222222,1.9306930693069306,130.0,0.6111111111111112,3.2079207920792077,1.9277227722772277,92.71428571428571,0.891089108910891,0.0,0.0,9,2,45.45454545454545,47.27272727272727,61.29032258064516,20.43010752688172,49.09090909090909,70.88607594936708,44.89795918367347,61.81818181818181,57.77777777777778,82.72727272727273,77.72727272727272,63.18181818181818,42.391658520690775,59.98849252013809,53.35807050092764,59.79797979797979,65.9090909090909,66.9023569023569
Gabriel Santos,Men’s Featherweight,4,1.0,7.015264696329978,3.7999350438454043,0.5416666666666666,0.8,5.383241312114324,85.0,0.875,2.3384215654433262,2.2166287755764857,455.0,1.1692107827216631,0.0,0.0,10,8,81.81818181818183,88.18181818181819,78.49462365591397,78.49462365591397,90.9090909090909,34.177215189873415,88.77551020408163,54.54545454545455,3.3333333333333397,87.27272727272727,77.72727272727272,63.18181818181818,79.60247637666993,62.54315304948216,71.6604823747681,28.939393939393945,89.0909090909091,56.61616161616161
Robert Ruchala,Men’s Featherweight,2,1.0,4.5,1.0,0.2222222222222222,0.3333333333333333,2.8666666666666667,172.0,0.7142857142857143,3.5,0.7916666666666666,47.5,0.0,0.0,0.0,6,2,62.727272727272734,49.09090909090909,25.806451612903224,29.03225806451613,67.27272727272727,86.07594936708861,63.775510204081634,82.72727272727272,91.66666666666667,22.272727272727273,77.72727272727272,63.18181818181818,39.188660801564026,76.67433831990795,73.25139146567717,87.19696969696969,44.772727272727266,76.03535353535354
Gianni Vazquez,Men’s Featherweight,2,0.8571428571428571,0.0,0.0,,,0.34435261707988984,,0.625,6.6115702479338845,4.710743801652892,114.0,1.6528925619834711,0.0,0.0,0,0,8.181818181818182,14.545454545454545,,,14.545454545454545,,48.46938775510204,19.090909090909083,38.88888888888889,91.81818181818183,77.72727272727272,63.18181818181818,8.181818181818182,14.545454545454545,33.78014842300556,28.98989898989899,53.18181818181819,56.63299663299663
JeongYeong Lee,Men’s Featherweight,4,1.0,0.9764918625678118,0.650994575045208,0.6666666666666666,0.5,1.7522603978300182,161.5,0.7380952380952381,13.670886075949367,6.417721518987341,107.54545454545455,0.0,0.0,0.0,2,1,25.454545454545453,40.0,88.70967741935483,44.086021505376344,41.81818181818181,81.0126582278481,71.42857142857143,6.363636363636362,42.22222222222222,22.272727272727273,77.72727272727272,63.18181818181818,52.75008145975888,61.41542002301496,38.896103896103895,24.29292929292929,32.04545454545455,55.06734006734007
Harry Hardwick,Men’s Featherweight,2,0.8571428571428571,1.1235955056179776,0.0,0.0,0.0,0.8239700374531834,,,0.0,2.0224719101123596,,0.0,0.0,0.0,1,0,30.909090909090907,14.545454545454545,8.064516129032258,10.21505376344086,25.454545454545453,,,59.09090909090909,,22.272727272727273,77.72727272727272,63.18181818181818,16.39622026718801,25.454545454545453,59.09090909090909,59.09090909090909,23.863636363636363,66.66666666666667
Manolo Zecchini,Men’s Featherweight,2,0.7142857142857143,0.0,0.0,,,0.4807692307692307,,,0.0,0.28846153846153844,,0.0,0.0,0.0,0,0,8.181818181818182,14.545454545454545,,,16.363636363636363,,,89.0909090909091,,22.272727272727273,77.72727272727272,63.18181818181818,8.181818181818182,16.363636363636363,89.0909090909091,89.0909090909091,19.31818181818182,76.66666666666667
Yizha,Men’s Featherweight,4,1.0,9.207161125319693,2.630617464377055,0.2857142857142857,0.8571428571428571,3.20058458165875,73.0,0.7777777777777778,2.959444647424187,3.4088417975886007,311.0,0.0,0.0,0.0,7,6,89.0909090909091,77.27272727272727,37.634408602150536,83.33333333333334,72.72727272727273,29.11392405063291,78.06122448979592,31.818181818181817,5.555555555555554,22.272727272727273,77.72727272727272,63.18181818181818,70.01955034213098,50.920598388952826,54.939703153988866,18.686868686868685,47.5,53.1986531986532
Jonathan Pearce,Men’s Featherweight,8,1.0,10.217263652378156,5.108631826189078,0.5,0.8823529411764706,6.98473282442748,82.03448275862068,0.5,3.8755137991779205,2.1697005284791544,67.18181818181819,0.8807985907222547,1.2331180270111568,0.6666666666666666,17,15,91.81818181818183,94.54545454545455,72.04301075268818,87.09677419354838,96.36363636363636,31.645569620253166,25.0,55.45454545454545,75.55555555555556,81.81818181818183,10.000000000000002,5.909090909090909,83.65265558813947,64.00460299194476,40.22727272727273,65.5050505050505,89.0909090909091,27.13804713804714
Fernando Padilla,Men’s Featherweight,4,1.0,0.6147540983606558,0.0,0.0,0.0,0.6659836065573771,,1.0,2.459016393442623,0.6454918032786886,,0.6147540983606558,0.0,0.0,1,0,20.909090909090907,14.545454545454545,8.064516129032258,10.21505376344086,21.818181818181817,,96.42857142857143,87.27272727272727,,75.45454545454545,77.72727272727272,63.18181818181818,13.062886933854676,21.818181818181817,91.85064935064935,87.27272727272727,48.63636363636363,76.06060606060606
Westin Wilson,Men’s Featherweight,4,1.0,9.44055944055944,1.5734265734265733,0.16666666666666666,1.0,1.022727272727273,39.0,0.33333333333333337,4.72027972027972,5.113636363636364,97.5,7.8671328671328675,0.0,0.0,2,2,90.0,66.36363636363637,18.817204301075268,94.6236559139785,30.0,8.860759493670885,11.73469387755102,14.545454545454549,53.333333333333336,99.0909090909091,77.72727272727272,63.18181818181818,67.81362007168458,19.430379746835442,13.140074211502785,33.939393939393945,64.54545454545455,58.282828282828284
Lucas Almeida,Men’s Featherweight,6,1.0,0.28328611898017003,0.0,0.0,0.0,0.9301227573182248,,0.5454545454545454,3.11614730878187,3.3380547686496698,141.4,0.0,0.28328611898017003,0.25,1,0,17.272727272727273,14.545454545454545,8.064516129032258,10.21505376344086,28.18181818181818,,32.6530612244898,33.63636363636364,26.11111111111111,22.272727272727273,40.90909090909091,22.727272727272723,11.850765721733465,28.18181818181818,33.14471243042672,29.873737373737377,25.227272727272727,31.17003367003367
Victor Hugo,Men’s Featherweight,2,1.0,2.0,0.5,0.25,0.5,0.5583333333333333,67.0,0.75,10.0,5.891666666666667,141.4,0.5,0.0,0.0,2,1,43.18181818181818,36.36363636363637,31.72043010752688,44.086021505376344,18.181818181818183,26.582278481012654,73.9795918367347,9.090909090909081,26.11111111111111,67.72727272727272,77.72727272727272,63.18181818181818,39.66275659824047,22.38204833141542,41.53525046382189,17.601010101010097,42.95454545454545,52.83670033670034
Erik Silva,Men’s Featherweight,3,1.0,3.550295857988166,2.6627218934911245,0.75,0.3333333333333333,2.4852071005917162,56.0,0.6,8.875739644970414,10.29585798816568,174.0,0.0,1.775147928994083,0.6666666666666666,3,1,56.36363636363636,78.18181818181819,94.08602150537635,29.03225806451613,59.09090909090909,18.9873417721519,41.83673469387755,2.727272727272722,17.777777777777768,22.272727272727273,7.272727272727269,5.909090909090909,59.82730531117628,39.03912543153049,22.282003710575136,10.252525252525245,40.68181818181819,7.811447811447809
Ricky Turcios,Men’s Featherweight,6,1.0,4.723870378822455,1.026928343222273,0.21739130434782608,0.5384615384615384,2.7761296211775446,162.2,0.4411764705882353,6.983112733911456,4.381560931081698,67.36842105263158,0.4107713372889092,0.4107713372889092,0.5,13,7,63.63636363636363,50.0,23.655913978494624,49.46236559139785,62.727272727272734,82.27848101265823,17.346938775510203,20.000000000000004,74.44444444444444,63.63636363636363,34.54545454545453,11.363636363636362,45.58488106875203,72.50287686996549,18.673469387755105,47.22222222222222,63.18181818181819,31.043771043771034
Roberto Romero,Men’s Featherweight,2,1.0,1.8815331010452965,0.0,0.0,0.5,2.226480836236934,,0.7142857142857143,4.390243902439025,2.8745644599303137,137.5,0.0,0.6271777003484321,0.0,2,1,40.0,14.545454545454545,8.064516129032258,44.086021505376344,55.45454545454545,,63.775510204081634,38.18181818181817,28.888888888888896,22.272727272727273,27.272727272727284,63.18181818181818,30.7168458781362,55.45454545454545,50.97866419294991,33.535353535353536,38.86363636363636,41.32996632996633
Jeka Saragih,Men’s Featherweight,4,1.0,2.393617021276596,1.196808510638298,0.5,0.0,1.3364361702127658,67.0,0.6666666666666667,10.77127659574468,9.215425531914894,154.0,0.0,4.787234042553192,0.3333333333333333,2,0,47.27272727272727,54.54545454545454,72.04301075268818,10.21505376344086,35.45454545454545,26.582278481012654,54.08163265306123,3.6363636363636287,19.999999999999996,22.272727272727273,0.9090909090909091,18.63636363636363,43.17693059628544,31.018411967779052,28.858998144712427,11.818181818181813,28.863636363636363,10.454545454545451
Mohammad Yahya,Men’s Featherweight,3,1.0,2.521008403361345,0.5042016806722689,0.2,0.3333333333333333,0.24369747899159666,29.0,0.4285714285714286,3.5294117647058822,4.050420168067227,120.5,0.5042016806722689,0.0,0.0,3,1,49.09090909090909,37.27272727272727,20.967741935483872,29.03225806451613,10.909090909090908,5.69620253164557,16.3265306122449,23.636363636363644,36.66666666666667,69.0909090909091,77.72727272727272,63.18181818181818,33.03030303030303,8.302646720368239,19.98144712430427,30.151515151515156,40.0,57.02020202020202
Gabriel Miranda,Men’s Featherweight,4,1.0,12.341772151898734,4.746835443037975,0.38461538461538464,1.0,3.227848101265823,40.8,0.0,2.848101265822785,5.981012658227848,126.0,1.89873417721519,0.0,0.0,4,4,94.54545454545455,90.9090909090909,53.76344086021505,94.6236559139785,73.63636363636363,11.39240506329114,5.1020408163265305,8.181818181818189,32.22222222222223,94.54545454545455,77.72727272727272,63.18181818181818,80.97751710654937,42.51438434982738,6.64192949907236,20.202020202020208,84.0909090909091,53.7037037037037
Zygimantas Ramaska,Men’s Featherweight,1,0.8571428571428571,0.0,0.0,,,4.451871657754011,,0.33333333333333337,14.43850267379679,7.620320855614972,47.5,2.406417112299465,2.406417112299465,1.0,0,0,8.181818181818182,14.545454545454545,,,83.63636363636363,,11.73469387755102,5.454545454545456,91.66666666666667,95.45454545454545,4.545454545454549,2.272727272727283,8.181818181818182,83.63636363636363,8.594619666048239,48.56060606060606,89.54545454545453,18.459595959595966
Connor Matthews,Men’s Featherweight,3,1.0,5.544147843942505,2.7720739219712525,0.5,1.0,1.339835728952772,29.0,0.0,0.9240246406570841,1.4630390143737164,95.0,0.0,0.9240246406570841,0.3333333333333333,2,2,74.54545454545455,79.0909090909091,72.04301075268818,94.6236559139785,36.36363636363637,5.69620253164557,5.1020408163265305,66.36363636363636,56.111111111111114,22.272727272727273,13.636363636363642,18.63636363636363,80.40404040404042,21.029919447640967,35.73283858998145,61.23737373737374,29.31818181818182,31.17003367003367
Lucas Alexander,Men’s Featherweight,4,1.0,1.0746268656716416,0.0,0.0,0.0,1.6835820895522386,,0.6,8.059701492537313,3.3940298507462683,63.166666666666664,0.0,0.5373134328358208,0.3333333333333333,2,0,29.09090909090909,14.545454545454545,8.064516129032258,10.21505376344086,40.0,,41.83673469387755,32.727272727272734,80.0,22.272727272727273,30.90909090909091,18.63636363636363,15.790159661127403,40.0,37.28200371057514,56.36363636363637,31.136363636363637,35.303030303030305
Kron Gracie,Men’s Featherweight,4,1.0,1.4035087719298245,0.3508771929824561,0.25,1.0,0.7192982456140351,123.0,0.0,0.7017543859649122,5.596491228070175,478.5,0.7017543859649122,0.0,0.0,2,2,33.63636363636363,34.54545454545455,31.72043010752688,94.6236559139785,22.727272727272727,68.35443037974683,5.1020408163265305,10.000000000000002,2.2222222222222254,77.27272727272727,77.72727272727272,63.18181818181818,53.326816552623,45.54085155350978,7.551020408163266,6.111111111111113,50.0,49.00673400673401
Dennis Buzukja,Men’s Featherweight,6,1.0,0.5761843790012804,0.0,0.0,0.0,0.7874519846350833,,0.6153846153846154,7.490396927016645,4.729513444302177,98.5,0.0,0.5761843790012804,0.2,2,0,19.090909090909093,14.545454545454545,8.064516129032258,10.21505376344086,24.545454545454547,,46.42857142857143,18.181818181818176,51.111111111111114,22.272727272727273,29.090909090909097,24.545454545454536,12.45682632779407,24.545454545454547,32.3051948051948,34.64646464646464,23.40909090909091,29.427609427609426
Brendon Marotte,Men’s Featherweight,2,0.8571428571428571,0.0,0.0,,,0.0,,0.0,3.1088082901554404,14.689119170984455,283.5,0.0,3.1088082901554404,0.5,0,0,8.181818181818182,14.545454545454545,,,4.090909090909091,,5.1020408163265305,0.9090909090909091,7.777777777777782,22.272727272727273,1.8181818181818157,11.363636363636362,8.181818181818182,4.090909090909091,3.00556586270872,4.343434343434345,13.181818181818182,5.841750841750841
SeungWoo Choi,Men’s Featherweight,8,1.0,1.6220391349124612,0.9268795056642636,0.5714285714285714,0.0,2.780638516992791,180.0,0.7857142857142857,3.2440782698249224,2.0314109165808447,175.33333333333334,0.0,0.4634397528321318,0.2,7,0,37.27272727272727,48.18181818181818,82.25806451612904,10.21505376344086,63.63636363636363,87.34177215189874,81.12244897959184,57.27272727272727,16.666666666666668,22.272727272727273,33.63636363636364,24.545454545454536,43.24861518409906,75.48906789413118,69.19758812615956,36.96969696969697,42.95454545454545,31.717171717171713
Daniel Pineda,Men’s Featherweight,8,1.0,5.827937095282146,1.3320999074930622,0.22857142857142856,0.5625,4.071230342275671,183.375,0.631578947368421,6.327474560592045,4.803885291396855,123.64285714285714,1.4986123959296949,0.16651248843663277,0.0,16,9,77.27272727272727,60.909090909090914,27.956989247311824,51.61290322580645,79.0909090909091,88.60759493670885,50.0,16.363636363636363,34.44444444444446,90.9090909090909,49.090909090909086,63.18181818181818,52.28087324861517,83.84925201380898,33.18181818181818,25.40404040404041,85.0,45.89225589225589
Joshua Van,Men’s Flyweight,8,1.0,0.8465276689136229,0.7054397240946857,0.8333333333333334,0.2,1.1804358049851076,100.4,0.75,8.465276689136228,2.6595077598369654,75.4,0.28217588963787427,0.14108794481893713,0.0,5,1,11.320754716981133,28.30188679245283,100.0,14.000000000000002,28.30188679245283,52.17391304347826,79.0,52.83018867924528,75.51020408163266,43.39622641509434,73.58490566037736,72.64150943396227,41.77358490566038,40.23789991796554,65.91509433962264,64.17019638043897,35.84905660377358,70.13220382492621
Alexandre Pantoja,Men’s Flyweight,8,1.0,9.346097679701444,4.819081616096057,0.515625,0.8636363636363636,6.802693493428525,84.6969696969697,0.7333333333333334,2.190491643680026,0.8810644166801882,90.5,1.0222294337173454,0.0,0.0,22,19,92.45283018867924,100.0,86.0,98.0,96.22641509433963,32.608695652173914,76.0,90.56603773584906,55.10204081632653,73.58490566037736,87.73584905660378,72.64150943396227,92.15094339622641,64.41755537325677,83.28301886792454,72.8340392760878,84.90566037735849,77.73713258888462
Manel Kape,Men’s Flyweight,8,1.0,0.5042016806722689,0.16806722689075632,0.3333333333333333,0.0,0.42857142857142855,153.0,0.78125,5.378151260504202,1.5154061624649862,77.28571428571429,0.33613445378151263,0.0,0.0,3,0,7.547169811320755,15.09433962264151,55.00000000000001,6.0,7.547169811320755,78.26086956521739,82.0,77.35849056603774,69.38775510204083,47.16981132075472,87.73584905660378,72.64150943396227,22.849056603773587,42.904019688269074,79.67924528301887,73.3731228340393,27.358490566037737,77.91682710820179
Asu Almabayev,Men’s Flyweight,8,1.0,10.348131587352283,4.7428936442031295,0.4583333333333333,0.75,7.337112743532417,92.81818181818181,0.4444444444444444,1.2935164484190353,0.7689236665602043,64.2,1.4372404982433726,0.7186202491216863,0.0,20,15,94.33962264150944,98.11320754716981,76.0,87.0,98.11320754716981,41.30434782608695,23.0,92.45283018867924,83.6734693877551,88.67924528301887,35.84905660377358,72.64150943396227,85.77987421383648,69.70877768662838,57.72641509433962,88.06314978821717,93.39622641509433,65.51790527531767
Kyoji Horiguchi,Men’s Flyweight,8,1.0,4.440592078943859,1.6802240298706494,0.3783783783783784,0.6111111111111112,2.9143885851446862,104.07142857142857,0.6304347826086957,5.52073609814642,2.7303640485398053,80.29411764705883,0.12001600213361782,0.600080010668089,0.5,18,11,66.0377358490566,69.81132075471697,66.0,64.0,71.69811320754717,54.347826086956516,50.0,49.056603773584904,63.265306122448976,30.18867924528302,50.94339622641509,20.754716981132074,65.34591194968554,63.02296964725184,49.52830188679245,56.160954948016936,50.94339622641509,42.61968938518803
Tatsuro Taira,Men’s Flyweight,8,1.0,8.202287348105791,3.8598999285203717,0.47058823529411764,0.8333333333333334,8.054860614724804,125.20833333333333,0.375,1.2866333095067906,0.9488920657612581,70.8,0.804145818441744,1.4474624731951393,0.0,18,15,90.56603773584906,96.22641509433963,80.0,94.0,100.0,71.73913043478261,14.000000000000002,88.67924528301887,81.6326530612245,62.264150943396224,9.433962264150946,72.64150943396227,88.18867924528303,85.86956521739131,51.339622641509436,85.1559491721217,81.13207547169812,55.74380695674497
Brandon Moreno,Men’s Flyweight,8,1.0,2.9635727515949783,0.8335048363860876,0.28125,0.5882352941176471,2.16402551965425,155.77777777777777,0.5769230769230769,2.40790286067092,1.3521300679152088,79.63636363636364,0.09261164848734307,0.18522329697468615,0.0,17,10,43.39622641509434,37.735849056603776,34.0,57.99999999999999,50.943396226415096,80.43478260869566,40.0,83.01886792452831,67.34693877551021,28.30188679245283,71.69811320754717,72.64150943396227,45.13207547169811,65.68908941755538,61.509433962264154,75.18290335001926,39.62264150943396,73.17417533050957
Brandon Royval,Men’s Flyweight,8,1.0,1.6165244723843737,0.9429726088908845,0.5833333333333334,0.375,1.207903008531657,76.85714285714286,0.5,4.84957341715312,4.611585092052088,114.11111111111111,0.8082622361921868,0.4041311180960934,0.0,8,3,22.641509433962266,45.28301886792453,92.0,27.0,30.18867924528302,21.73913043478261,33.0,16.981132075471702,40.816326530612244,64.15094339622641,60.37735849056603,72.64150943396227,47.21383647798742,25.963904840032814,24.990566037735853,28.898729303041975,47.16981132075472,53.9725324091901
Tagir Ulanbekov,Men’s Flyweight,8,1.0,6.976744186046512,2.7300303336703737,0.391304347826087,0.6842105263157895,6.114762386248736,134.38888888888889,0.6333333333333333,4.550050556117291,2.062689585439838,74.18181818181819,1.5166835187057632,0.455005055611729,0.5,19,13,81.13207547169812,84.90566037735849,68.0,82.0,94.33962264150944,76.08695652173914,52.0,66.0377358490566,77.55102040816327,94.33962264150944,56.60377358490565,20.754716981132074,77.0440251572327,85.21328958162428,59.0188679245283,71.79437812860994,94.33962264150944,49.71762289821589
Amir Albazi,Men’s Flyweight,7,1.0,4.729840696337658,1.1824601740844145,0.25,0.5294117647058824,3.6409919527015933,184.75,0.625,1.1824601740844145,0.4163245196255543,56.333333333333336,0.44342256528165547,0.0,0.0,17,9,69.81132075471697,62.264150943396224,22.0,52.0,77.35849056603774,86.95652173913044,48.0,94.33962264150944,89.79591836734694,56.60377358490566,87.73584905660378,72.64150943396227,47.93710691823899,82.15750615258409,71.16981132075472,92.06777050442818,66.9811320754717,84.14837633166475
Ramazan Temirov,Men’s Flyweight,3,1.0,1.35236664162284,0.67618332081142,0.5,0.0,0.38317054845980464,34.0,1.0,2.70473328324568,0.9691960931630353,,0.0,0.0,0.0,2,0,18.867924528301888,26.41509433962264,83.0,6.0,5.660377358490567,4.3478260869565215,100.0,84.9056603773585,,14.150943396226415,87.73584905660378,72.64150943396227,35.9559748427673,5.004101722723544,92.45283018867926,84.9056603773585,9.90566037735849,81.76100628930818
Alessandro Costa,Men’s Flyweight,8,1.0,3.1982942430703627,0.8528784648187634,0.26666666666666666,0.625,1.4036958066808813,98.75,0.8518518518518519,5.756929637526652,3.45771144278607,243.25,0.8528784648187634,0.21321961620469085,0.0,8,5,49.056603773584904,41.509433962264154,32.0,69.0,33.9622641509434,50.0,94.0,37.735849056603776,6.122448979591846,67.9245283018868,67.9245283018868,72.64150943396227,50.0188679245283,41.9811320754717,65.86792452830188,21.92914901809781,50.943396226415096,54.165062251315625
Edgar Chairez,Men’s Flyweight,7,1.0,0.5191808479953851,0.0,0.0,0.0,0.45860974906259017,,0.4666666666666667,3.893856359965388,5.230747043553504,151.125,1.817132967983848,0.25959042399769255,0.0,2,0,9.433962264150944,7.547169811320755,5.0,6.0,9.433962264150944,,30.0,11.320754716981124,16.326530612244905,96.22641509433963,66.0377358490566,72.64150943396227,6.811320754716981,9.433962264150944,20.660377358490564,13.823642664613015,52.83018867924529,50.834295982543956
Alex Perez,Men’s Flyweight,8,1.0,3.0499075785582255,1.1090573012939,0.36363636363636365,0.2857142857142857,2.176524953789279,117.75,0.7096774193548387,8.595194085027726,2.4306839186691316,58.44444444444444,0.277264325323475,0.8317929759704251,0.6,7,2,45.28301886792453,54.71698113207547,62.0,19.0,52.83018867924528,65.21739130434783,70.0,62.264150943396224,87.75510204081634,41.509433962264154,22.641509433962266,15.09433962264151,42.09433962264151,59.023789991796555,66.13207547169812,75.00962649210628,47.16981132075472,37.58182518290335
Sumudaerji,Men’s Flyweight,8,1.0,2.363859219050954,0.7879530730169847,0.3333333333333333,0.7142857142857143,1.1215198739275083,85.4,0.7272727272727273,6.933987042549465,2.8602696550516544,90.75,0.3151812292067939,0.6303624584135878,0.6666666666666666,7,5,28.30188679245283,33.9622641509434,55.00000000000001,84.0,24.528301886792452,34.78260869565217,74.0,43.39622641509434,53.06122448979592,45.28301886792453,43.39622641509434,11.320754716981124,55.767295597484285,29.65545529122231,58.698113207547166,48.22872545244513,34.905660377358494,34.31523552817353
Alden Coria,Men’s Flyweight,3,1.0,4.0457703310175726,2.206783816918676,0.5454545454545454,0.42857142857142855,2.6787903555373926,72.83333333333333,0.5625,5.88475684511647,2.5868410298324482,60.285714285714285,1.4711892112791174,0.7355946056395587,0.0,7,3,56.60377358490566,77.35849056603774,88.0,32.0,66.0377358490566,17.391304347826086,38.0,56.60377358490565,85.71428571428572,92.45283018867924,30.188679245283023,72.64150943396227,58.86792452830189,41.71452009844134,47.30188679245283,71.15902964959568,79.24528301886792,57.996406109613666
Andre Lima,Men’s Flyweight,5,1.0,2.0470053070507963,1.1372251705837755,0.5555555555555556,0.2857142857142857,3.654283548142532,192.8,0.72,5.686125852918878,0.9666413949962093,36.42857142857143,1.1372251705837755,0.0,0.0,7,2,24.528301886792452,58.490566037735846,90.0,19.0,79.24528301886792,91.30434782608695,72.0,86.79245283018868,97.9591836734694,79.24528301886792,87.73584905660378,72.64150943396227,44.509433962264154,85.27481542247745,79.39622641509433,92.37581825182903,79.24528301886792,84.25105891413169
Kai Kara-France,Men’s Flyweight,8,1.0,1.4181603309040773,0.5318101240890291,0.375,0.14285714285714285,0.5849911364979319,66.0,0.7941176470588236,6.027181406342328,4.316525507189286,208.71428571428572,0.0,1.4181603309040773,0.5,7,1,20.754716981132077,22.641509433962266,64.0,12.0,11.320754716981133,15.217391304347828,86.0,22.641509433962266,10.204081632653052,14.150943396226415,11.320754716981124,20.754716981132074,32.25157232704402,13.269073010664481,54.320754716981135,16.42279553330766,12.735849056603774,16.166089077140285
Allan Nascimento,Men’s Flyweight,6,1.0,4.196782466775472,1.049195616693868,0.25,0.5,5.004663091629751,286.2,0.4375,3.3574259734203773,4.847283749125671,154.0,1.049195616693868,0.6295173700163208,0.0,10,5,60.37735849056604,49.056603773584904,22.0,43.0,88.67924528301887,97.82608695652173,19.0,15.09433962264151,14.285714285714286,75.47169811320755,45.283018867924525,72.64150943396227,41.79245283018868,93.25266611977031,17.047169811320757,14.690026954177899,82.0754716981132,44.20485175202157
Charles Johnson,Men’s Flyweight,8,1.0,3.5665058580289455,0.4651964162646451,0.13043478260869565,0.6153846153846154,0.8967953135768435,115.66666666666667,0.75,5.582356995175741,2.698139214334941,116.0,0.15506547208821503,0.6202618883528601,0.3333333333333333,13,8,50.943396226415096,18.867924528301888,10.0,66.0,20.754716981132077,63.04347826086957,79.0,50.94339622641509,38.77551020408163,32.075471698113205,49.056603773584904,34.905660377358494,42.314465408805034,41.89909762100082,64.97169811320754,44.85945321524836,26.41509433962264,42.94057245539725
Steve Erceg,Men’s Flyweight,8,1.0,3.99632521819017,0.8268259072117593,0.20689655172413793,0.6666666666666666,1.722553973357832,125.0,0.6744186046511628,5.925585668350942,1.7707854846118511,55.07142857142857,0.27560863573725314,0.0,0.0,12,8,52.83018867924528,35.84905660377358,14.000000000000002,79.0,39.62264150943396,69.56521739130434,64.0,73.58490566037736,91.83673469387756,39.62264150943396,87.73584905660378,72.64150943396227,48.61006289308176,54.59392945036915,68.79245283018868,82.71082017712746,39.62264150943396,81.02939288923118
Nyamjargal Tumendemberel,Men’s Flyweight,3,1.0,4.1054232133806385,2.736948808920426,0.6666666666666666,0.5,3.5656360871768875,78.16666666666667,0.6956521739130435,10.491637100861633,4.553978712620375,85.57142857142857,1.368474404460213,0.0,0.0,6,3,58.490566037735846,86.79245283018868,95.0,43.0,75.47169811320755,26.08695652173913,66.0,20.754716981132074,57.14285714285714,84.90566037735849,87.73584905660378,72.64150943396227,65.49685534591195,50.77932731747334,43.37735849056604,38.94878706199461,80.18867924528303,66.44204851752022
Lone'er Kavanagh,Men’s Flyweight,5,1.0,2.4920127795527156,1.1501597444089455,0.46153846153846156,0.5714285714285714,1.8562300319488818,96.83333333333333,0.8260869565217391,4.4089456869009584,2.7380191693290734,214.25,0.38338658146964855,0.7667731629392971,0.5,7,4,30.18867924528302,60.37735849056604,78.0,55.00000000000001,43.39622641509434,47.82608695652174,91.0,47.16981132075472,8.16326530612245,54.71698113207547,24.528301886792445,20.754716981132074,54.39622641509434,45.61115668580804,69.08490566037736,27.666538313438583,49.056603773584904,24.316519060454368
Jesus Aguilar,Men’s Flyweight,7,1.0,4.236868186323092,1.1149653121902876,0.2631578947368421,0.6,2.107284440039643,113.4,0.46153846153846156,8.696729435084242,6.005946481665015,76.95238095238095,1.1149653121902876,0.6689791873141724,0.3333333333333333,10,6,62.264150943396224,56.60377358490566,28.000000000000004,61.0,49.056603773584904,60.86956521739131,28.000000000000004,5.66037735849056,73.46938775510205,77.35849056603774,41.50943396226415,34.905660377358494,50.42138364779874,54.963084495488104,16.830188679245282,39.564882556796306,63.20754716981132,38.659992298806316
Imanol Rodriguez,Men’s Flyweight,1,0.8571428571428571,4.81283422459893,1.6042780748663101,0.3333333333333333,0.5,5.695187165775401,213.0,,0.0,0.0,,0.0,0.0,0.0,2,1,71.69811320754717,67.9245283018868,55.00000000000001,43.0,92.45283018867924,93.47826086956522,,98.11320754716982,,14.150943396226415,87.73584905660378,72.64150943396227,56.56603773584906,92.96554552912224,98.11320754716982,98.11320754716982,53.30188679245283,86.16352201257864
HyunSung Park,Men’s Flyweight,5,1.0,3.1431897555296864,1.0477299185098954,0.3333333333333333,0.5,2.229336437718277,127.66666666666667,0.4375,5.587892898719441,4.237485448195576,80.88888888888889,1.3969732246798603,0.6984866123399301,1.0,4,2,47.16981132075472,47.16981132075472,55.00000000000001,43.0,56.60377358490566,73.91304347826086,19.0,24.528301886792445,61.224489795918366,86.79245283018868,37.735849056603776,4.716981132075471,48.38993710691824,65.25840853158326,21.764150943396224,42.876395841355404,71.69811320754717,28.443075343344884
Mitch Raposo,Men’s Flyweight,4,1.0,5.5,1.75,0.3181818181818182,0.5,1.5125,51.857142857142854,0.7083333333333333,6.0,2.4875,85.28571428571429,0.0,0.0,0.0,6,3,75.47169811320755,71.69811320754717,49.0,43.0,35.84905660377358,8.695652173913043,68.0,60.37735849056603,59.183673469387756,14.150943396226415,87.73584905660378,72.64150943396227,55.82389937106918,22.27235438884331,64.18867924528301,59.7805159799769,25.0,73.38595815684765
Jose Ochoa,Men’s Flyweight,4,1.0,1.195616074393889,0.29890401859847227,0.25,0.3333333333333333,0.8668216539355695,174.0,0.6551724137931034,8.668216539355695,3.661574227831285,73.5,0.8967120557954168,0.5978080371969445,0.0,3,1,15.09433962264151,16.9811320754717,22.0,23.0,18.867924528301888,84.78260869565217,56.00000000000001,32.07547169811321,79.59183673469389,69.81132075471697,52.83018867924528,72.64150943396227,20.031446540880506,51.82526661197703,44.03773584905661,55.833654216403545,44.33962264150943,60.435117443203694
Joseph Morales,Men’s Flyweight,4,1.0,2.8714676390154974,1.2306289881494987,0.42857142857142855,0.5,2.262989972652689,110.33333333333333,0.2857142857142857,5.742935278030995,6.665907019143118,97.5,2.8714676390154974,0.41020966271649956,0.0,4,2,39.62264150943396,64.15094339622641,72.0,43.0,58.490566037735846,58.69565217391305,8.0,3.7735849056603814,48.97959183673469,100.0,58.490566037735846,72.64150943396227,51.54088050314465,58.593109105824446,5.886792452830191,26.376588371197535,79.24528301886792,52.502887947631876
Tim Elliott,Men’s Flyweight,8,1.0,7.519659239842726,2.948885976408912,0.39215686274509803,0.8333333333333334,5.131061598951507,104.4,0.6190476190476191,3.096330275229358,2.509010484927916,127.625,0.737221494102228,0.2948885976408912,0.3333333333333333,18,15,86.79245283018868,90.56603773584906,70.0,94.0,90.56603773584906,56.52173913043478,46.0,58.490566037735846,26.530612244897963,60.37735849056604,64.15094339622641,34.905660377358494,83.59748427672956,73.54388843314192,52.24528301886792,42.510589141316906,75.47169811320755,47.18906430496727
Lucas Rocha,Men’s Flyweight,2,1.0,2.702702702702703,2.027027027027027,0.75,0.5,0.9572072072072073,28.333333333333332,0.8260869565217391,15.540540540540542,4.1441441441441444,92.0,0.0,0.6756756756756758,1.0,2,1,37.735849056603776,75.47169811320755,98.0,43.0,22.641509433962266,2.1739130434782608,91.0,26.415094339622637,51.0204081632653,14.150943396226415,39.62264150943396,4.716981132075471,59.57861635220126,12.407711238720264,58.70754716981132,38.71775125144397,18.39622641509434,27.685791297651136
Alibi Idiris,Men’s Flyweight,2,1.0,10.404624277456648,3.2514450867052025,0.3125,0.75,4.7037572254335265,86.8,0.6666666666666667,3.9017341040462425,2.991329479768786,138.0,0.0,1.300578034682081,1.0,4,3,96.22641509433963,92.45283018867924,45.0,87.0,84.90566037735849,36.95652173913043,60.0,41.50943396226415,22.448979591836743,14.150943396226415,13.207547169811317,4.716981132075471,76.07547169811322,60.93109105824446,50.75471698113208,31.979206777050443,49.52830188679245,16.634578359645744
Matheus Nicolau,Men’s Flyweight,8,1.0,2.6260942059191326,0.7503126302626093,0.2857142857142857,0.5714285714285714,1.169237182159233,93.5,0.8888888888888888,3.3764068361817423,1.8789078782826176,300.5,0.37515631513130465,0.0,0.0,7,4,34.90566037735849,31.132075471698112,38.0,55.00000000000001,26.41509433962264,43.47826086956522,98.0,69.81132075471699,4.081632653061229,51.886792452830186,87.73584905660378,72.64150943396227,42.63522012578616,34.94667760459393,83.90566037735849,36.94647670388911,39.15094339622641,65.77461173148505
Ronaldo Rodriguez,Men’s Flyweight,3,1.0,2.6260942059191326,0.7503126302626093,0.2857142857142857,0.5,4.92080033347228,393.5,0.4444444444444444,3.3764068361817423,1.4943726552730303,47.8,0.37515631513130465,0.7503126302626093,0.0,4,2,34.90566037735849,31.132075471698112,38.0,43.0,86.79245283018868,100.0,23.0,79.24528301886792,93.87755102040816,51.886792452830186,28.30188679245283,72.64150943396227,38.63522012578616,93.39622641509433,51.12264150943396,86.56141701963804,69.33962264150944,62.501604415351046
Matt Schnell,Men’s Flyweight,8,1.0,0.9716599190283401,0.4858299595141701,0.5,0.3333333333333333,1.8097165991902835,223.5,0.30000000000000004,2.42914979757085,3.477732793522267,122.71428571428571,1.214574898785425,0.728744939271255,0.4,3,1,13.20754716981132,20.754716981132077,83.0,23.0,41.509433962264154,95.65217391304348,10.0,35.84905660377358,36.73469387755102,81.13207547169812,33.96226415094339,27.35849056603774,39.735849056603776,68.58080393765383,22.92452830188679,36.2918752406623,61.320754716981135,32.53754331921448
Terrance Saeteurn,Men’s Flyweight,1,1.0,5.202312138728324,0.0,0.0,0.0,2.0809248554913298,,0.0,10.404624277456648,3.6416184971098264,21.0,0.0,5.202312138728324,1.0,1,0,73.58490566037736,7.547169811320755,5.0,6.0,47.16981132075472,,3.0,33.96226415094339,100.0,14.150943396226415,1.8867924528301887,4.716981132075471,28.19496855345912,47.16981132075472,18.481132075471695,66.98113207547169,30.660377358490567,24.528301886792452
Clayton Carpenter,Men’s Flyweight,5,1.0,4.654599187292206,1.3298854820834873,0.2857142857142857,0.625,3.707055781307721,167.25,0.5,3.324713705208718,3.895456224602882,140.6,1.3298854820834873,0.33247137052087183,0.3333333333333333,8,5,67.9245283018868,66.0377358490566,38.0,69.0,81.13207547169812,82.6086956521739,33.0,28.30188679245283,18.36734693877551,83.01886792452831,62.264150943396224,34.905660377358494,58.308176100628934,81.87038556193602,30.650943396226417,23.33461686561417,82.0754716981132,40.168142728789626
Kevin Borjas,Men’s Flyweight,6,1.0,2.1729587357330993,0.0,0.0,0.25,0.7835820895522387,,0.8095238095238095,4.1483757682177345,1.6264266900790163,123.5,0.0,0.0,0.0,8,2,26.41509433962264,7.547169811320755,5.0,16.0,15.09433962264151,,88.0,75.47169811320755,30.612244897959183,14.150943396226415,87.73584905660378,72.64150943396227,15.80503144654088,15.09433962264151,81.73584905660377,53.04197150558337,14.622641509433961,71.13977666538314
DongHun Choi,Men’s Flyweight,1,0.7142857142857143,0.0,0.0,,,0.0,,,0.0,0.0,,0.0,0.0,0.0,0,0,3.7735849056603774,7.547169811320755,,,2.8301886792452833,,,98.11320754716982,,14.150943396226415,87.73584905660378,72.64150943396227,3.7735849056603774,2.8301886792452833,98.11320754716982,98.11320754716982,8.49056603773585,86.16352201257864
Felipe Bunes,Men’s Flyweight,4,1.0,4.328657314629258,1.0821643286573146,0.25,0.42857142857142855,2.200400801603206,122.0,0.4,3.6072144288577155,4.593186372745491,127.33333333333333,1.442885771543086,0.0,0.0,7,3,64.15094339622641,50.943396226415096,22.0,32.0,54.71698113207547,67.3913043478261,16.0,18.86792452830188,28.571428571428566,90.56603773584906,87.73584905660378,72.64150943396227,39.38364779874214,61.05414273995078,17.433962264150942,23.719676549865223,72.64150943396227,61.36567834681043
Azat Maksum,Men’s Flyweight,4,1.0,11.0,3.5,0.3181818181818182,0.9090909090909091,2.308333333333333,39.57142857142857,0.8571428571428572,3.5,1.45,174.0,0.25,1.0,0.0,11,10,98.11320754716981,94.33962264150944,49.0,100.0,60.37735849056604,6.521739130434782,96.0,81.13207547169812,12.24489795918367,37.735849056603776,16.981132075471702,72.64150943396227,82.37106918238993,33.44954881050041,88.56603773584905,46.688486715440895,49.05660377358491,45.43704274162496
Daniel Barez,Men’s Flyweight,4,1.0,2.5797205302758868,0.6449301325689717,0.25,0.6,0.7846649946255821,73.0,0.6666666666666667,3.8695807954138304,2.638839125761376,122.75,0.0,0.9673951988534576,0.6666666666666666,5,3,32.075471698113205,24.528301886792452,22.0,61.0,16.9811320754717,19.565217391304348,60.0,54.71698113207547,34.693877551020414,14.150943396226415,18.86792452830188,11.320754716981124,38.35849056603774,18.273174733388025,57.35849056603773,44.70542934154794,15.566037735849058,24.964702862276983
Carlos Hernandez,Men’s Flyweight,7,1.0,7.122905027932962,1.8854748603351956,0.2647058823529412,0.8333333333333334,2.545391061452514,81.0,0.64,5.237430167597766,3.149441340782123,100.22222222222223,0.0,0.6284916201117319,0.5,12,10,83.01886792452831,73.58490566037736,30.0,94.0,62.264150943396224,30.434782608695656,54.0,39.62264150943396,44.89795918367347,14.150943396226415,47.16981132075472,20.754716981132074,69.00628930817611,46.349466776045944,46.81132075471698,42.26030034655372,38.20754716981132,36.72827621614684
Cody Durden,Men’s Flyweight,8,1.0,5.873684210526315,2.6526315789473682,0.45161290322580644,0.6428571428571429,3.416842105263158,77.28571428571429,0.4545454545454546,2.0842105263157893,2.3305263157894736,123.0,0.9473684210526316,0.7578947368421053,0.3333333333333333,14,9,77.35849056603774,81.13207547169812,74.0,74.0,73.58490566037736,23.91304347826087,26.0,64.15094339622641,32.6530612244898,71.69811320754717,26.415094339622637,34.905660377358494,75.11949685534591,48.74897456931912,45.075471698113205,48.4020023103581,72.64150943396226,36.57425234244641
Kiru Sahota,Men’s Flyweight,1,0.7142857142857143,0.0,0.0,,,0.0,,,0.0,0.0,,0.0,0.0,0.0,0,0,3.7735849056603774,7.547169811320755,,,2.8301886792452833,,,98.11320754716982,,14.150943396226415,87.73584905660378,72.64150943396227,3.7735849056603774,2.8301886792452833,98.11320754716982,98.11320754716982,8.49056603773585,86.16352201257864
Bruno Silva,Men’s Flyweight,8,1.0,6.780696395846061,1.0995723885155773,0.16216216216216217,0.6470588235294118,1.6615760537568725,90.66666666666667,0.7916666666666666,4.398289554062309,2.0097739767868052,131.6,0.1832620647525962,0.7330482590103848,0.16666666666666666,17,11,79.24528301886792,52.83018867924528,12.0,76.0,37.735849056603776,39.130434782608695,84.0,67.9245283018868,24.489795918367346,35.84905660377358,32.07547169811321,43.39622641509434,55.74842767295598,38.433141919606236,75.9622641509434,46.20716211012707,36.79245283018868,40.55962007444487
Felipe dos Santos,Men’s Flyweight,4,1.0,4.0,0.0,0.0,0.375,0.65,,0.19999999999999996,5.0,5.333333333333333,80.0,0.5,0.5,0.0,8,3,54.71698113207547,7.547169811320755,5.0,27.0,13.20754716981132,,6.0,9.433962264150946,65.3061224489796,58.490566037735846,54.71698113207547,72.64150943396227,28.905660377358487,13.20754716981132,7.716981132075473,37.37004235656527,35.84905660377358,54.909510974201005
Stewart Nicoll,Men’s Flyweight,4,1.0,12.32876712328767,2.8180039138943247,0.22857142857142856,0.7777777777777778,2.8003913894324852,59.625,0.33333333333333337,4.227005870841487,1.8551859099804304,39.5,0.0,1.761252446183953,0.25,9,7,100.0,88.67924528301887,16.0,90.0,69.81132075471697,10.869565217391305,12.0,71.69811320754717,95.91836734693878,14.150943396226415,7.547169811320753,41.50943396226415,68.66666666666667,40.34044298605414,41.84905660377358,83.80824027724297,41.98113207547169,44.28828135027595
Ode Osbourne,Men’s Flyweight,8,1.0,2.9085033326600684,0.9089072914562715,0.3125,0.42857142857142855,1.208846697636841,79.8,0.6666666666666667,7.63482124823268,5.920016158351849,139.57142857142858,0.36356291658250856,0.9089072914562715,0.3333333333333333,7,3,41.509433962264154,43.39622641509434,45.0,32.0,32.075471698113205,28.26086956521739,60.0,7.547169811320753,20.408163265306126,49.056603773584904,20.754716981132074,34.905660377358494,39.503144654088054,30.168170631665298,33.77358490566038,13.97766653831344,40.56603773584905,23.21268129893467
Jimmy Flick,Men’s Flyweight,6,1.0,8.070408502158752,2.3912321487877786,0.2962962962962963,0.6666666666666666,3.8558618399202924,96.75,0.0,0.8967120557954169,4.877117236798406,326.3333333333333,2.3912321487877786,1.7934241115908338,0.0,12,8,88.67924528301887,79.24528301886792,42.0,79.0,83.01886792452831,45.65217391304348,3.0,13.207547169811317,2.0408163265306123,98.11320754716981,5.66037735849056,72.64150943396227,69.89308176100629,64.33552091878589,8.103773584905658,7.624181748170964,90.56603773584905,28.6420228468746
Jose Johnson,Men’s Flyweight,4,1.0,1.2616822429906542,0.8411214953271029,0.6666666666666666,0.0,2.6004672897196266,185.5,0.52,10.514018691588786,8.761682242990654,104.16666666666667,0.8411214953271029,2.94392523364486,0.6666666666666666,3,0,16.9811320754717,39.62264150943396,95.0,6.0,64.15094339622641,89.13043478260869,36.0,1.8867924528301887,42.857142857142854,66.0377358490566,3.7735849056603814,11.320754716981124,39.32704402515723,76.64068908941755,18.943396226415093,22.37196765498652,65.09433962264151,12.488769092542675
CJ Vergara,Men’s Flyweight,8,0.8571428571428571,0.0,0.0,,,1.9261397571172605,,0.6,7.167031654389807,3.6820625124427635,77.0625,0.17917579135974518,1.075054748158471,0.4,0,0,3.7735849056603774,7.547169811320755,,,45.28301886792453,,44.0,30.188679245283023,71.42857142857143,33.9622641509434,15.09433962264151,27.35849056603774,3.7735849056603774,45.28301886792453,37.09433962264151,50.80862533692723,39.62264150943396,31.087151841868828
Victor Altamirano,Men’s Flyweight,6,1.0,7.438016528925619,2.670057215511761,0.358974358974359,0.6363636363636364,2.7717736808645896,62.285714285714285,0.5909090909090908,4.195804195804195,2.857596948506039,99.88888888888889,0.0,0.19071837253655433,0.0,11,7,84.90566037735849,83.01886792452831,60.0,72.0,67.9245283018868,13.043478260869565,42.0,45.283018867924525,46.93877551020409,14.150943396226415,69.81132075471699,72.64150943396227,72.30188679245283,40.48400328137818,43.64150943396226,46.1108971890643,41.0377358490566,62.85457579258119
Jon Jones,Men’s Heavyweight,8,1.0,3.6016949152542375,1.2711864406779663,0.35294117647058826,0.5238095238095238,2.6624293785310735,125.66666666666667,1.0,0.31779661016949157,0.0,,0.1059322033898305,0.0,0.0,21,11,65.57377049180327,70.49180327868852,60.416666666666664,47.91666666666667,57.377049180327866,37.142857142857146,87.0,95.90163934426229,,63.934426229508205,71.31147540983606,63.114754098360656,57.96903460837887,47.259953161592506,91.45081967213115,95.90163934426229,60.65573770491804,76.775956284153
Ciryl Gane,Men’s Heavyweight,8,1.0,1.825221238938053,0.49778761061946897,0.2727272727272727,0.25,1.3661504424778759,164.66666666666666,0.3571428571428571,2.323008849557522,2.3561946902654864,94.66666666666667,0.829646017699115,0.33185840707964603,0.5,8,2,49.18032786885246,50.81967213114754,50.0,29.166666666666668,39.34426229508197,62.857142857142854,17.0,40.98360655737705,75.0,90.1639344262295,26.229508196721312,4.918032786885248,42.78233151183971,51.10070257611241,28.991803278688526,57.99180327868852,64.75409836065573,29.71311475409836
Alexander Volkov,Men’s Heavyweight,8,1.0,1.1563169164882228,0.5781584582441114,0.5,0.25,2.15203426124197,223.33333333333334,0.5,4.23982869379015,3.3244111349036403,94.0909090909091,0.3854389721627409,0.5781584582441114,0.5,4,1,44.26229508196721,55.73770491803278,81.25,29.166666666666668,52.459016393442624,80.0,24.0,26.229508196721312,80.55555555555554,78.68852459016394,9.836065573770497,4.918032786885248,51.55965391621129,66.22950819672131,25.114754098360656,53.39253187613843,65.57377049180329,22.715543412264726
Tom Aspinall,Men’s Heavyweight,8,1.0,2.912621359223301,2.1844660194174756,0.75,0.3333333333333333,3.3252427184466016,91.33333333333333,1.0,1.4563106796116505,0.012135922330097085,,1.4563106796116505,0.0,0.0,3,1,59.01639344262295,83.60655737704919,100.0,36.45833333333333,65.57377049180327,25.71428571428571,87.0,88.52459016393442,,95.08196721311475,71.31147540983606,63.114754098360656,65.1582422586521,45.64402810304449,87.76229508196721,88.52459016393442,80.327868852459,74.31693989071037
Alex Pereira,Men’s Heavyweight,8,1.0,0.17667844522968196,0.0,0.0,0.0,0.12073027090694934,,0.8461538461538461,4.59363957597173,3.0683156654888104,260.5,0.3533568904593639,0.3533568904593639,0.0,1,0,24.59016393442623,22.131147540983605,14.583333333333334,10.416666666666668,9.836065573770492,,66.0,34.42622950819673,11.111111111111121,77.04918032786885,22.950819672131146,63.114754098360656,16.530054644808747,9.836065573770492,50.21311475409836,22.768670309653924,43.442622950819676,36.278081360048574
Sergei Pavlovich,Men’s Heavyweight,8,1.0,1.7391304347826086,0.5797101449275363,0.3333333333333333,0.2,2.0096618357487923,208.0,1.0,0.2898550724637681,0.00966183574879227,,0.0,0.0,0.0,5,1,45.90163934426229,57.377049180327866,56.25,21.875,49.18032786885246,74.28571428571429,87.0,90.1639344262295,,31.967213114754102,71.31147540983606,63.114754098360656,41.342213114754095,61.733021077283375,88.58196721311475,90.1639344262295,40.57377049180328,74.86338797814207
Curtis Blaydes,Men’s Heavyweight,8,1.0,7.217920353982301,1.7422566371681416,0.2413793103448276,0.7,3.4762168141592924,119.71428571428571,0.3571428571428571,3.484513274336283,1.4477323008849559,38.77777777777778,0.0,0.0,0.0,10,7,81.9672131147541,78.68852459016394,41.66666666666667,70.83333333333334,68.85245901639344,34.285714285714285,17.0,57.37704918032787,97.22222222222221,31.967213114754102,71.31147540983606,63.114754098360656,64.82240437158471,51.569086651053865,37.18852459016394,77.29963570127504,50.40983606557377,70.57528840315724
Stipe Miocic,Men’s Heavyweight,8,1.0,3.8664904163912754,1.3384005287508263,0.34615384615384615,0.6666666666666666,3.6136814276272307,162.0,0.5555555555555556,1.3384005287508263,1.2417382683410443,125.25,0.0,0.29742233972240584,0.0,12,8,67.21311475409836,73.77049180327869,58.333333333333336,64.58333333333334,73.77049180327869,60.0,30.0,60.65573770491803,55.55555555555556,31.967213114754102,29.508196721311478,63.114754098360656,63.37659380692168,66.88524590163934,45.32786885245902,58.10564663023679,52.868852459016395,50.24286581663631
Martin Buday,Men’s Heavyweight,8,1.0,0.6201550387596899,0.15503875968992248,0.25,0.3333333333333333,3.483204134366925,1348.0,0.9333333333333333,2.3255813953488373,2.744186046511628,1062.0,0.15503875968992248,0.0,0.0,3,1,31.147540983606557,44.26229508196721,44.79166666666667,36.45833333333333,70.49180327868852,100.0,72.0,36.06557377049181,2.7777777777777777,68.85245901639344,71.31147540983606,63.114754098360656,37.46584699453552,85.24590163934425,54.032786885245905,19.421675774134794,69.67213114754098,51.2826350941105
Vitor Petrino,Men’s Heavyweight,8,1.0,5.612138848472251,2.0577842444398255,0.36666666666666664,0.5714285714285714,4.608189565578881,134.36363636363637,1.0,2.0577842444398255,0.5799210143421326,,0.7482851797963,0.187071294949075,0.5,14,8,73.77049180327869,81.9672131147541,64.58333333333334,54.166666666666664,80.32786885245902,48.57142857142857,87.0,73.77049180327869,,86.88524590163934,34.42622950819673,4.918032786885248,64.17349726775957,64.4496487119438,80.38524590163934,73.77049180327869,83.60655737704917,37.704918032786885
Jailton Almeida,Men’s Heavyweight,8,1.0,10.36649214659686,5.277486910994765,0.509090909090909,0.7777777777777778,9.901570680628272,112.57142857142857,0.6666666666666667,0.5654450261780105,2.4062827225130894,766.0,1.3193717277486912,0.0,0.0,18,14,95.08196721311475,96.72131147540983,87.5,81.25,100.0,31.428571428571427,39.0,39.34426229508197,5.555555555555563,93.44262295081968,71.31147540983606,63.114754098360656,87.94398907103825,65.71428571428571,39.17213114754098,22.449908925318766,96.72131147540983,52.29204614450516
Waldo Cortes-Acosta,Men’s Heavyweight,8,1.0,0.8753444642567678,0.4376722321283839,0.5,0.2,1.6850380936942781,231.0,0.7,2.9178148808558926,1.3908250932079753,95.33333333333333,0.14589074404279462,0.0,0.0,5,1,40.98360655737705,49.18032786885246,81.25,21.875,44.26229508196721,82.85714285714286,48.0,59.016393442622956,72.22222222222221,65.57377049180327,71.31147540983606,63.114754098360656,48.03620218579235,63.559718969555036,53.50819672131148,65.61930783242258,54.91803278688524,66.68184578020643
Derrick Lewis,Men’s Heavyweight,8,1.0,1.7999999999999998,0.2571428571428572,0.14285714285714285,0.4,1.2899999999999998,301.0,0.4285714285714286,7.199999999999999,8.494285714285715,123.875,0.0,1.542857142857143,0.2,5,2,47.540983606557376,45.90163934426229,36.45833333333333,39.58333333333333,37.704918032786885,88.57142857142857,20.0,3.278688524590165,58.333333333333336,31.967213114754102,1.639344262295082,20.491803278688522,41.194216757741344,63.13817330210773,11.639344262295083,30.80601092896175,34.8360655737705,17.645719489981786
Valter Walker,Men’s Heavyweight,6,1.0,7.78443113772455,5.389221556886228,0.6923076923076923,0.7142857142857143,7.974051896207584,88.77777777777777,1.0,0.5988023952095809,0.8283433133732534,,3.592814371257485,0.0,0.0,7,5,83.60655737704919,98.36065573770492,97.91666666666666,73.95833333333334,95.08196721311475,20.0,87.0,65.57377049180327,,98.36065573770492,71.31147540983606,63.114754098360656,85.16051912568307,57.540983606557376,76.28688524590163,65.57377049180327,96.72131147540983,66.66666666666667
Josh Hokit,Men’s Heavyweight,4,1.0,2.9933481152993346,1.4966740576496673,0.5,0.5,4.240576496674057,170.0,0.7777777777777778,4.490022172949002,1.0393569844789357,62.5,0.4988913525498891,0.0,0.0,4,2,60.65573770491803,75.40983606557377,81.25,43.75,77.04918032786885,68.57142857142857,57.99999999999999,63.9344262295082,91.66666666666666,85.24590163934425,71.31147540983606,63.114754098360656,61.885245901639344,72.81030444964871,60.967213114754095,77.80054644808743,81.14754098360655,70.74225865209472
Serghei Spivac,Men’s Heavyweight,8,1.0,8.333333333333334,5.050505050505051,0.6060606060606061,0.6363636363636364,4.709595959595959,55.95,0.0,0.25252525252525254,0.8207070707070707,195.0,0.7575757575757576,0.0,0.0,11,7,86.88524590163934,95.08196721311475,93.75,60.416666666666664,81.9672131147541,8.571428571428571,2.0,67.21311475409837,24.999999999999993,88.52459016393442,71.31147540983606,63.114754098360656,80.35063752276866,45.269320843091336,34.606557377049185,46.106557377049185,85.24590163934425,60.177595628415304
Ryan Spann,Men’s Heavyweight,8,1.0,3.026227303295225,0.9078681909885675,0.3,0.25,3.2330195023537325,213.66666666666666,0.7142857142857143,4.236718224613315,1.8359112306657697,91.0,1.5131136516476125,0.9078681909885675,0.25,8,2,62.295081967213115,62.295081967213115,53.125,29.166666666666668,63.934426229508205,77.14285714285715,51.0,49.18032786885246,86.11111111111111,96.72131147540983,4.918032786885248,14.754098360655746,48.19558287795993,70.53864168618267,50.09016393442623,67.64571948998179,80.32786885245902,29.105950212507594
Aleksandar Rakic,Men’s Heavyweight,8,1.0,2.764976958525345,0.30721966205837176,0.1111111111111111,0.875,4.106502816180235,802.0,0.8333333333333334,0.9216589861751151,0.5120327700972862,200.0,0.15360983102918588,0.15360983102918588,0.0,8,7,54.09836065573771,47.540983606557376,32.29166666666667,87.5,75.40983606557377,97.14285714285714,64.0,77.04918032786885,19.444444444444436,67.21311475409836,40.98360655737705,63.114754098360656,57.963342440801455,86.27634660421546,70.52459016393442,48.24681238615665,71.31147540983606,50.781724347298116
Brando Pericic,Men’s Heavyweight,3,0.8571428571428571,0.0,0.0,,,0.9638554216867471,,0.7142857142857143,8.433734939759036,5.401606425702812,134.5,0.0,0.0,0.0,0,0,11.475409836065573,22.131147540983605,,,29.508196721311474,,51.0,11.47540983606558,50.0,31.967213114754102,71.31147540983606,63.114754098360656,11.475409836065573,29.508196721311474,31.23770491803279,30.73770491803279,30.73770491803279,55.05464480874317
Mario Pinto,Men’s Heavyweight,3,1.0,9.558412520961431,2.5153717160424818,0.2631578947368421,0.8333333333333334,7.051425377305758,168.2,1.0,1.0061486864169926,0.5198434879821129,,1.0061486864169926,0.0,0.0,6,5,93.44262295081968,85.24590163934425,47.91666666666667,85.41666666666666,90.1639344262295,65.71428571428571,87.0,75.40983606557377,,91.80327868852459,71.31147540983606,63.114754098360656,75.59198542805102,77.93911007025761,81.20491803278688,75.40983606557377,90.98360655737704,69.94535519125684
Waldo Cortes Acosta,Men’s Heavyweight,4,1.0,1.0495626822157436,0.5247813411078718,0.5,0.0,1.1720116618075802,134.0,1.0,1.0495626822157436,0.2448979591836735,,0.0,0.0,0.0,2,0,42.62295081967213,52.459016393442624,81.25,10.416666666666668,32.78688524590164,42.857142857142854,87.0,81.9672131147541,,31.967213114754102,71.31147540983606,63.114754098360656,44.7632058287796,37.822014051522245,84.48360655737704,81.9672131147541,32.37704918032787,72.1311475409836
Marcin Tybura,Men’s Heavyweight,8,1.0,2.8066528066528065,0.7016632016632016,0.25,0.25,3.2159563409563408,275.0,0.2857142857142857,1.637214137214137,3.134095634095634,160.8,0.23388773388773387,0.23388773388773387,0.2,8,2,55.73770491803278,59.01639344262295,44.79166666666667,29.166666666666668,62.295081967213115,85.71428571428571,5.0,32.786885245901644,36.11111111111112,72.1311475409836,32.786885245901644,20.491803278688522,43.232012750455375,74.00468384074941,18.893442622950822,34.448998178506386,67.21311475409836,29.24256223436552
Rizvan Kuniev,Men’s Heavyweight,3,0.8571428571428571,0.0,0.0,,,3.4101941747572813,,0.92,9.101941747572814,2.45752427184466,202.5,0.0,0.0,0.0,0,0,11.475409836065573,22.131147540983605,,,67.21311475409836,,70.0,37.70491803278688,16.666666666666664,31.967213114754102,71.31147540983606,63.114754098360656,11.475409836065573,67.21311475409836,53.85245901639344,27.18579234972677,49.59016393442623,53.87067395264116
Kennedy Nzechukwu,Men’s Heavyweight,8,1.0,0.8171912832929782,0.0,0.0,0.0,2.3970944309927362,,0.78125,8.716707021791766,3.1507263922518156,99.14285714285714,0.2723970944309927,0.2723970944309927,0.3333333333333333,3,0,39.34426229508197,22.131147540983605,14.583333333333334,10.416666666666668,54.09836065573771,,60.0,31.14754098360656,66.66666666666667,73.77049180327869,31.14754098360656,9.016393442622956,21.44808743169399,54.09836065573771,45.57377049180328,48.907103825136616,63.9344262295082,29.69034608378871
Alexandr Romanov,Men’s Heavyweight,8,1.0,7.8404401650618984,4.126547455295736,0.5263157894736842,0.6,6.24484181568088,90.8,0.2857142857142857,1.4442916093535074,1.6265474552957357,94.6,0.4126547455295736,0.4126547455295736,0.3333333333333333,15,9,85.24590163934425,91.80327868852459,89.58333333333334,57.291666666666664,86.88524590163934,22.857142857142858,5.0,52.459016393442624,77.77777777777777,83.60655737704919,16.39344262295083,9.016393442622956,77.37363387978142,54.8711943793911,28.729508196721312,65.1183970856102,85.24590163934425,30.17607771706133
Mick Parkin,Men’s Heavyweight,5,1.0,2.603207993689193,0.9466210886142519,0.36363636363636365,0.75,2.3981067578227715,152.0,0.75,0.9466210886142519,0.6231922166710492,158.0,0.0,0.0,0.0,4,3,52.459016393442624,65.57377049180327,62.5,78.125,55.73770491803278,57.14285714285714,55.00000000000001,72.1311475409836,41.666666666666664,31.967213114754102,71.31147540983606,63.114754098360656,64.36133879781421,56.440281030444964,63.56557377049181,56.89890710382514,43.85245901639344,63.77504553734062
Steven Asplund,Men’s Heavyweight,3,1.0,0.3864319450407901,0.0,0.0,0.0,1.925719192786604,,1.0,1.9321597252039502,1.5908115070845856,,0.3864319450407901,0.0,0.0,1,0,26.229508196721312,22.131147540983605,14.583333333333334,10.416666666666668,47.540983606557376,,87.0,54.09836065573771,,80.32786885245902,71.31147540983606,63.114754098360656,17.07650273224044,47.540983606557376,70.54918032786885,54.09836065573771,63.9344262295082,62.84153005464481
Mohammed Usman,Men’s Heavyweight,6,1.0,3.908188585607941,0.5583126550868487,0.14285714285714285,0.5555555555555556,2.8287841191067,304.0,0.6666666666666667,1.1166253101736974,0.3598014888337469,58.0,0.0,0.37220843672456577,0.0,9,5,68.85245901639344,54.09836065573771,36.45833333333333,51.041666666666664,59.01639344262295,91.42857142857143,39.0,78.68852459016394,94.44444444444444,31.967213114754102,19.67213114754098,63.114754098360656,52.11748633879781,75.22248243559719,58.84426229508197,86.56648451730419,45.49180327868852,56.45112325440194
Hamdy Abdelwahab,Men’s Heavyweight,4,1.0,5.0,3.25,0.65,0.7142857142857143,4.595833333333333,84.84615384615384,1.0,1.25,0.0,,0.0,0.0,0.0,7,5,72.1311475409836,90.1639344262295,95.83333333333334,73.95833333333334,78.68852459016394,14.285714285714285,87.0,95.90163934426229,,31.967213114754102,71.31147540983606,63.114754098360656,80.64093806921677,46.487119437939114,91.45081967213115,95.90163934426229,55.32786885245902,76.775956284153
Jhonata Diniz,Men’s Heavyweight,5,0.8571428571428571,0.0,0.0,,,0.34151389710230634,,0.6923076923076923,6.918982850384388,5.8323477232406855,164.375,0.0,0.5322294500295683,0.0,0,0,11.475409836065573,22.131147540983605,,,16.39344262295082,,46.0,9.836065573770497,33.333333333333336,31.967213114754102,11.47540983606558,63.114754098360656,11.475409836065573,16.39344262295082,27.91803278688525,21.584699453551917,24.18032786885246,32.05828779599272
Jairzinho Rozenstruik,Men’s Heavyweight,8,0.8571428571428571,0.0,0.0,,,0.027680951404551978,,0.6666666666666667,4.428952224728317,3.736928439614517,151.875,0.0,0.18453967603034652,0.2,0,0,11.475409836065573,22.131147540983605,,,6.557377049180328,,39.0,21.311475409836063,44.44444444444444,31.967213114754102,36.06557377049181,20.491803278688522,11.475409836065573,6.557377049180328,30.15573770491803,32.87795992714025,19.262295081967217,29.811778992106863
Jovan Leka,Men’s Heavyweight,1,0.7142857142857143,0.0,0.0,,,0.2112676056338028,,,0.0,0.0,,0.0,0.0,0.0,0,0,11.475409836065573,22.131147540983605,,,13.114754098360656,,,95.90163934426229,,31.967213114754102,71.31147540983606,63.114754098360656,11.475409836065573,13.114754098360656,95.90163934426229,95.90163934426229,22.54098360655738,76.775956284153
Gokhan Saricam,Men’s Heavyweight,1,1.0,6.174957118353345,0.0,0.0,1.0,2.0583190394511144,,1.0,1.5437392795883362,2.3156089193825045,,0.0,0.0,0.0,1,1,77.04918032786885,22.131147540983605,14.583333333333334,94.79166666666666,50.81967213114754,,87.0,42.622950819672134,,31.967213114754102,71.31147540983606,63.114754098360656,62.141393442622956,50.81967213114754,64.81147540983606,42.622950819672134,41.39344262295082,59.01639344262295
Shamil Gaziev,Men’s Heavyweight,5,1.0,2.190847127555988,1.314508276533593,0.6,0.6666666666666666,7.828627069133398,357.3333333333333,0.8,2.190847127555988,0.26290165530671855,36.0,0.0,0.0,0.0,3,2,50.81967213114754,72.1311475409836,91.66666666666666,64.58333333333334,91.80327868852459,94.28571428571428,62.0,80.32786885245902,100.0,31.967213114754102,71.31147540983606,63.114754098360656,69.02322404371584,93.04449648711943,71.1639344262295,90.1639344262295,61.885245901639344,74.86338797814207
Jose Montanha,Men’s Heavyweight,1,1.0,16.363636363636367,8.181818181818183,0.5,1.0,8.318181818181818,61.0,1.0,8.181818181818183,1.4999999999999998,,8.181818181818183,0.0,0.0,1,1,100.0,100.0,81.25,94.79166666666666,96.72131147540983,11.428571428571429,87.0,55.73770491803279,,100.0,71.31147540983606,63.114754098360656,92.01388888888887,54.07494145199063,71.3688524590164,55.73770491803279,98.36065573770492,63.3879781420765
RJ Harris,Men’s Heavyweight,1,0.7142857142857143,0.0,0.0,,,1.4999999999999998,,,0.0,0.0,,0.0,0.0,0.0,0,0,11.475409836065573,22.131147540983605,,,40.98360655737705,,,95.90163934426229,,31.967213114754102,71.31147540983606,63.114754098360656,11.475409836065573,40.98360655737705,95.90163934426229,95.90163934426229,36.47540983606558,76.775956284153
Gable Steveson,Men’s Heavyweight,1,0.8571428571428571,5.960264900662252,0.0,0.0,0.0,0.9933774834437085,,,0.0,0.0,,0.0,0.0,0.0,1,0,75.40983606557377,22.131147540983605,14.583333333333334,10.416666666666668,31.147540983606557,,,95.90163934426229,,31.967213114754102,71.31147540983606,63.114754098360656,33.46994535519126,31.147540983606557,95.90163934426229,95.90163934426229,31.55737704918033,76.775956284153
Tallison Teixeira,Men’s Heavyweight,4,0.8571428571428571,8.9197224975223,2.6759167492566895,0.3,0.5,6.407333994053519,143.66666666666666,,0.0,3.7908820614469776,,0.0,0.0,0.0,4,2,90.1639344262295,88.52459016393442,53.125,43.75,88.52459016393442,51.42857142857142,,19.67213114754098,,31.967213114754102,71.31147540983606,63.114754098360656,62.346311475409834,69.97658079625292,19.67213114754098,19.67213114754098,60.24590163934426,51.366120218579226
Tyrell Fortune,Men’s Heavyweight,2,1.0,4.00763358778626,1.7175572519083968,0.42857142857142855,1.0,2.929389312977099,102.33333333333333,1.0,0.5725190839694657,1.7366412213740456,,0.0,0.0,0.0,3,3,70.49180327868852,77.04918032786885,75.0,94.79166666666666,60.65573770491803,28.57142857142857,87.0,50.81967213114754,,31.967213114754102,71.31147540983606,63.114754098360656,80.09448998178506,44.6135831381733,68.90983606557377,50.81967213114754,46.31147540983606,61.748633879781416
Denzel Freeman,Men’s Heavyweight,2,1.0,0.750625521267723,0.0,0.0,0.0,0.0,,0.5,1.501251042535446,3.190158465387823,255.0,0.0,0.0,0.0,1,0,34.42622950819672,22.131147540983605,14.583333333333334,10.416666666666668,3.278688524590164,,24.0,27.868852459016395,13.888888888888893,31.967213114754102,71.31147540983606,63.114754098360656,19.808743169398905,3.278688524590164,25.934426229508198,20.878870673952644,17.622950819672134,51.76836672738312
Ante Delija,Men’s Heavyweight,3,1.0,0.7131537242472267,0.0,0.0,0.0,0.5348652931854201,,0.75,2.8526148969889067,4.219492868462758,355.0,0.0,0.0,0.0,1,0,32.78688524590164,22.131147540983605,14.583333333333334,10.416666666666668,21.311475409836063,,55.00000000000001,16.39344262295083,8.333333333333336,31.967213114754102,71.31147540983606,63.114754098360656,19.262295081967213,21.311475409836063,35.696721311475414,12.363387978142082,26.639344262295083,48.92987249544626
Allen Frye Jr.,Men’s Heavyweight,1,0.7142857142857143,0.0,0.0,,,7.916666666666667,,,0.0,0.7333333333333333,,0.0,0.0,0.0,0,0,11.475409836065573,22.131147540983605,,,93.44262295081968,,,68.85245901639345,,31.967213114754102,71.31147540983606,63.114754098360656,11.475409836065573,93.44262295081968,68.85245901639345,68.85245901639345,62.70491803278689,67.75956284153006
Marek Bujlo,Men’s Heavyweight,1,0.7142857142857143,0.0,0.0,,,0.4666666666666667,,,0.0,0.0,,0.0,0.0,0.0,0,0,11.475409836065573,22.131147540983605,,,19.672131147540984,,,95.90163934426229,,31.967213114754102,71.31147540983606,63.114754098360656,11.475409836065573,19.672131147540984,95.90163934426229,95.90163934426229,25.81967213114754,76.775956284153
Alexander Poppeck,Men’s Heavyweight,1,0.7142857142857143,0.0,0.0,,,0.0,,,0.0,0.2112676056338028,,0.0,0.0,0.0,0,0,11.475409836065573,22.131147540983605,,,3.278688524590164,,,83.60655737704919,,31.967213114754102,71.31147540983606,63.114754098360656,11.475409836065573,3.278688524590164,83.60655737704919,83.60655737704919,17.622950819672134,72.6775956284153
Max Gimenis,Men’s Heavyweight,1,0.7142857142857143,0.0,0.0,,,0.0,,,0.0,2.0,,0.0,0.0,0.0,0,0,11.475409836065573,22.131147540983605,,,3.278688524590164,,,45.9016393442623,,31.967213114754102,71.31147540983606,63.114754098360656,11.475409836065573,3.278688524590164,45.9016393442623,45.9016393442623,17.622950819672134,60.10928961748633
Thomas Petersen,Men’s Heavyweight,7,1.0,6.984478935698447,2.5942350332594235,0.37142857142857144,0.6875,5.800443458980044,134.15384615384616,0.8571428571428572,1.3968957871396896,0.6518847006651884,196.0,0.19955654101995565,0.3991130820399113,0.25,16,11,80.32786885245902,86.88524590163934,66.66666666666666,68.75,85.24590163934425,45.714285714285715,68.0,70.49180327868852,22.22222222222222,70.49180327868852,18.032786885245898,14.754098360655746,71.91484517304188,65.48009367681499,69.24590163934425,46.35701275045537,77.86885245901638,26.381299332119003
Guilherme Pat,Men’s Heavyweight,3,0.8571428571428571,0.0,0.0,,,1.1888888888888889,,1.0,2.0,7.083333333333333,,0.0,0.33333333333333337,0.0,0,0,11.475409836065573,22.131147540983605,,,34.42622950819672,,87.0,4.918032786885248,,31.967213114754102,24.59016393442623,63.114754098360656,11.475409836065573,34.42622950819672,45.959016393442624,4.918032786885248,33.196721311475414,30.874316939890708
Marcus Buchecha,Men’s Heavyweight,3,0.8571428571428571,12.51121076233184,2.0179372197309418,0.16129032258064516,0.75,5.071748878923767,150.8,,0.0,3.7937219730941707,,0.40358744394618834,0.0,0.0,8,6,98.36065573770492,80.32786885245902,39.58333333333333,78.125,83.60655737704919,54.285714285714285,,18.032786885245898,,81.9672131147541,71.31147540983606,63.114754098360656,72.02299635701274,68.94613583138174,18.032786885245898,18.032786885245898,82.78688524590164,50.819672131147534
Rodrigo Nascimento,Men’s Heavyweight,8,1.0,2.819107282693814,1.0571652310101802,0.375,0.5555555555555556,3.553249804228661,201.66666666666666,0.5909090909090908,3.8762725137039937,3.341816758026625,126.44444444444444,0.35238841033672674,0.17619420516836337,0.0,9,5,57.377049180327866,67.21311475409836,68.75,51.041666666666664,72.1311475409836,71.42857142857143,32.0,24.59016393442623,52.77777777777778,75.40983606557377,37.70491803278688,63.114754098360656,59.056238615664846,71.77985948477752,28.295081967213115,38.68397085610201,73.77049180327869,46.50121432908318
Alvin Hines,Men’s Heavyweight,2,0.8571428571428571,9.0,0.8999999999999999,0.1,1.0,0.07499999999999998,5.0,,0.0,0.14999999999999997,,0.0,0.0,0.0,3,3,91.80327868852459,60.65573770491803,29.166666666666668,94.79166666666666,8.19672131147541,2.857142857142857,,85.24590163934427,,31.967213114754102,71.31147540983606,63.114754098360656,71.9205373406193,5.526932084309133,85.24590163934427,85.24590163934427,20.081967213114755,73.224043715847
Elisha Ellison,Men’s Heavyweight,2,1.0,6.7669172932330826,0.0,0.0,1.0,0.7330827067669172,,1.0,3.3834586466165413,2.199248120300752,,0.0,0.0,0.0,1,1,78.68852459016394,22.131147540983605,14.583333333333334,94.79166666666666,26.229508196721312,,87.0,44.26229508196722,,31.967213114754102,71.31147540983606,63.114754098360656,62.68784153005465,26.229508196721312,65.6311475409836,44.26229508196722,29.098360655737707,59.56284153005464
Sean Sharaf,Men’s Heavyweight,2,0.8571428571428571,8.402489626556017,0.9336099585062241,0.1111111111111111,0.6666666666666666,0.7157676348547718,46.0,,0.0,0.07780082987551867,,0.0,0.0,0.0,3,2,88.52459016393442,63.934426229508205,32.29166666666667,64.58333333333334,24.59016393442623,5.714285714285714,,86.88524590163935,,31.967213114754102,71.31147540983606,63.114754098360656,61.79986338797814,15.152224824355972,86.88524590163935,86.88524590163935,28.278688524590166,73.77049180327869
Tanner Boser,Men’s Heavyweight,8,1.0,0.17257909875359537,0.0,0.0,0.0,1.5503355704697985,,0.6818181818181819,3.796740172579099,3.1898370086289547,158.42857142857142,0.0,0.17257909875359537,0.0,1,0,22.950819672131146,22.131147540983605,14.583333333333334,10.416666666666668,42.62295081967213,,44.0,29.508196721311478,38.88888888888889,31.967213114754102,39.34426229508197,63.114754098360656,15.983606557377051,42.62295081967213,36.75409836065574,34.19854280510019,37.295081967213115,45.5525197328476
Louie Sutherland,Men’s Heavyweight,4,1.0,11.23128119800333,4.492512479201332,0.4,0.8,9.434276206322796,126.0,0.33333333333333337,2.246256239600666,1.9093178036605658,76.5,0.0,1.4975041597337773,0.6666666666666666,5,4,96.72131147540983,93.44262295081968,72.91666666666666,83.33333333333334,98.36065573770492,40.0,12.0,47.540983606557376,88.88888888888889,31.967213114754102,3.278688524590165,1.639344262295082,84.32377049180327,69.18032786885246,29.770491803278688,68.21493624772313,65.1639344262295,24.37765634486946
Jamal Pogues,Men’s Heavyweight,4,1.0,3.25,1.25,0.38461538461538464,0.6,1.7916666666666667,86.0,0.6666666666666667,2.25,1.2333333333333334,98.66666666666667,0.0,0.0,0.0,5,3,63.934426229508205,68.85245901639344,70.83333333333334,57.291666666666664,45.90163934426229,17.142857142857142,39.0,62.295081967213115,69.44444444444444,31.967213114754102,71.31147540983606,63.114754098360656,64.0198087431694,31.522248243559716,50.64754098360656,65.86976320582878,38.9344262295082,66.76533090467517
Chris Barnett,Men’s Heavyweight,6,1.0,0.5662157911292859,0.0,0.0,0.0,0.46240956275558354,,0.3529411764705882,4.81283422459893,6.270839886756842,120.81818181818181,0.0,0.8493236866939289,0.25,2,0,27.86885245901639,22.131147540983605,14.583333333333334,10.416666666666668,18.0327868852459,,14.000000000000002,8.1967213114754,61.11111111111111,31.967213114754102,6.557377049180331,14.754098360655746,17.62295081967213,18.0327868852459,11.0983606557377,34.65391621129325,25.0,18.655130540376444
Tai Tuivasa,Men’s Heavyweight,8,0.8571428571428571,0.0,0.0,,,1.2732342007434942,,0.6333333333333333,5.5762081784386615,4.854399008674101,142.45454545454547,0.0,0.37174721189591076,0.2857142857142857,0,0,11.475409836065573,22.131147540983605,,,36.0655737704918,,34.0,14.754098360655746,47.22222222222222,31.967213114754102,21.311475409836063,11.47540983606558,11.475409836065573,36.0655737704918,24.377049180327873,30.988160291438984,34.016393442622956,21.258348512446876
Justin Tafa,Men’s Heavyweight,8,1.0,0.5950413223140496,0.0,0.0,1.0,0.947107438016529,,0.5333333333333333,4.462809917355372,3.5057851239669424,101.0,0.0,0.5950413223140496,0.0,1,1,29.508196721311474,22.131147540983605,14.583333333333334,94.79166666666666,27.86885245901639,,28.000000000000004,22.950819672131146,63.888888888888886,31.967213114754102,8.1967213114754,63.114754098360656,46.29439890710382,27.86885245901639,25.475409836065573,43.419854280510016,29.91803278688525,38.243776563448684
Robelis Despaigne,Men’s Heavyweight,3,0.8571428571428571,0.0,0.0,,,0.17326732673267325,,0.5,5.94059405940594,9.2986798679868,187.83333333333334,0.0,0.495049504950495,0.0,0,0,11.475409836065573,22.131147540983605,,,11.475409836065573,,24.0,1.639344262295082,27.77777777777778,31.967213114754102,14.754098360655746,63.114754098360656,11.475409836065573,11.475409836065573,12.819672131147541,14.70856102003643,21.721311475409838,30.859137826350945
Don'Tale Mayes,Men’s Heavyweight,8,1.0,0.7532641446267159,0.0,0.0,0.25,0.6101439571476397,,0.30434782608695654,3.4650150652828926,6.711583528624038,167.0625,0.0,0.3013056578506863,0.2,4,1,36.0655737704918,22.131147540983605,14.583333333333334,29.166666666666668,22.950819672131146,,8.0,6.557377049180331,30.555555555555564,31.967213114754102,27.868852459016395,20.491803278688522,26.605191256830597,22.950819672131146,7.278688524590166,18.556466302367948,27.459016393442624,22.305707346690955
Lukasz Brzeski,Men’s Heavyweight,7,1.0,0.7622811970638057,0.0,0.0,0.5,0.3049124788255223,,0.3157894736842105,4.827780914737437,5.073404856013552,92.15384615384616,0.0,0.5081874647092038,0.16666666666666666,2,1,37.704918032786885,22.131147540983605,14.583333333333334,43.75,14.754098360655737,,10.0,13.114754098360663,83.33333333333333,31.967213114754102,13.114754098360663,24.59016393442623,32.0127504553734,14.754098360655737,11.557377049180332,48.224043715846996,23.36065573770492,28.642987249544632
Magomed Ankalaev,Men’s Light Heavyweight,8,1.0,3.885890516576716,0.6939090208172707,0.17857142857142858,0.35714285714285715,4.246723207401697,367.2,1.0,0.4163454124903624,0.2960678488820355,,0.4163454124903624,0.13878180416345412,0.0,14,5,66.66666666666666,54.90196078431373,25.581395348837212,34.883720930232556,78.43137254901961,91.8918918918919,92.3913043478261,90.19607843137254,,72.54901960784314,50.98039215686275,70.58823529411764,42.377260981912144,85.16163222045576,91.29369138959932,90.19607843137254,75.49019607843138,70.58823529411764
Carlos Ulberg,Men’s Light Heavyweight,8,1.0,0.7614213197969543,0.25380710659898476,0.3333333333333333,0.5,0.55414551607445,131.0,0.8333333333333334,1.5228426395939085,0.07614213197969542,18.0,0.25380710659898476,0.0,0.0,2,1,31.372549019607842,37.254901960784316,44.18604651162791,55.81395348837209,23.52941176470588,59.45945945945946,66.30434782608695,96.07843137254902,100.0,66.66666666666666,77.45098039215686,70.58823529411764,43.790849673202615,41.49443561208267,81.19138959931799,98.0392156862745,45.09803921568627,82.02614379084967
Robert Whittaker,Men’s Light Heavyweight,8,1.0,1.8789144050104385,0.8671912638509716,0.46153846153846156,0.375,0.7082061988116268,49.0,0.7037037037037037,3.902360687329372,2.3149189015577325,120.125,0.0,0.14453187730849526,0.25,8,3,50.98039215686274,64.70588235294117,79.06976744186046,37.2093023255814,27.450980392156865,10.81081081081081,46.73913043478261,43.13725490196078,50.0,27.450980392156865,49.01960784313725,27.450980392156858,55.7531539747682,19.130895601483836,44.9381926683717,46.56862745098039,27.450980392156865,41.01307189542484
Navajo Stirling,Men’s Light Heavyweight,6,1.0,2.5229357798165135,0.9174311926605503,0.36363636363636365,0.42857142857142855,2.8134556574923546,184.0,0.696969696969697,7.568807339449541,2.694954128440367,70.5,0.0,0.22935779816513757,0.0,7,3,56.86274509803921,66.66666666666666,53.48837209302325,45.348837209302324,72.54901960784314,75.67567567567568,39.130434782608695,31.37254901960784,84.21052631578948,27.450980392156865,41.1764705882353,70.58823529411764,51.899984800121594,74.11234764175941,35.25149190110827,57.79153766769866,50.0,56.5187478500172
Dominick Reyes,Men’s Light Heavyweight,8,1.0,0.27760641579272055,0.27760641579272055,1.0,0.0,1.2260950030845157,265.0,0.8571428571428572,1.943244910549044,0.5320789636027144,115.0,0.27760641579272055,0.0,0.0,1,0,19.607843137254903,39.21568627450981,98.83720930232558,9.30232558139535,37.254901960784316,86.48648648648648,73.91304347826086,86.27450980392156,52.631578947368425,68.62745098039215,77.45098039215686,70.58823529411764,42.58245934032528,61.8706942236354,80.09377664109121,69.45304437564499,52.94117647058823,72.49742002063984
Paulo Costa,Men’s Light Heavyweight,8,1.0,0.6903605216057274,0.3451802608028637,0.5,0.2,0.9108923548964459,158.33333333333334,0.75,1.8409613909486062,0.5695474303247251,74.25,0.0,0.11506008693428789,0.0,5,1,29.411764705882355,41.17647058823529,82.55813953488372,20.930232558139537,29.411764705882355,67.56756756756756,55.434782608695656,84.31372549019606,81.57894736842105,27.450980392156865,52.94117647058824,70.58823529411764,44.300045599635204,48.48966613672496,69.87425404944585,82.94633642930856,28.43137254901961,68.82524939800481
Azamat Murzakanov,Men’s Light Heavyweight,7,1.0,3.3166622795472493,0.7107133456172677,0.21428571428571427,0.5,1.4530139510397475,122.66666666666667,0.8888888888888888,2.132140036851803,1.5517241379310345,393.0,0.23690444853908924,0.0,0.0,8,4,60.78431372549019,58.82352941176471,30.23255813953488,55.81395348837209,45.09803921568628,48.64864864864865,80.43478260869566,60.7843137254902,7.894736842105271,64.70588235294117,77.45098039215686,70.58823529411764,48.943608451132384,46.873343932167465,70.60954816709292,34.339525283797734,54.90196078431373,60.79291365669075
Alonzo Menifield,Men’s Light Heavyweight,8,1.0,0.6806150743634989,0.2268716914544996,0.3333333333333333,0.0,1.6221325938996722,429.0,0.85,4.537433829089991,3.3009831106629695,291.0,0.2268716914544996,0.0,0.0,3,0,27.450980392156865,33.33333333333333,44.18604651162791,9.30232558139535,49.01960784313725,100.0,69.56521739130434,29.411764705882355,23.68421052631579,62.745098039215684,77.45098039215686,70.58823529411764,26.97978416172671,74.50980392156862,49.488491048593346,26.54798761609907,55.882352941176464,58.195734434124525
Jiri Prochazka,Men’s Light Heavyweight,8,1.0,0.8672191173636539,0.5203314704181923,0.6,0.25,1.9425708228945844,224.0,0.6666666666666667,3.1219888225091537,1.8298323376373098,105.5,0.17344382347273077,0.5203314704181923,0.0,4,1,35.294117647058826,50.98039215686274,88.37209302325581,26.744186046511626,54.90196078431373,83.78378378378379,33.69565217391305,49.01960784313725,57.89473684210526,54.90196078431373,21.568627450980394,70.58823529411764,50.13679890560875,69.34287228404875,41.35763000852515,53.457172342621256,54.90196078431373,48.53801169590643
Jan Blachowicz,Men’s Light Heavyweight,8,1.0,1.792573623559539,0.7682458386683738,0.42857142857142855,0.5,1.9334186939820739,151.0,0.7727272727272727,2.816901408450704,3.410157917200171,319.6,0.5121638924455826,0.3841229193341869,0.25,8,4,45.09803921568628,60.78431372549019,74.4186046511628,55.81395348837209,52.94117647058824,62.16216216216216,58.69565217391305,25.490196078431374,15.789473684210517,78.43137254901961,33.333333333333336,27.450980392156858,58.443532451740396,57.5516693163752,42.09292412617221,20.639834881320944,65.68627450980392,27.141382868937047
Volkan Oezdemir,Men’s Light Heavyweight,8,1.0,1.6326530612244898,0.6122448979591836,0.375,0.14285714285714285,1.5816326530612246,155.0,0.7948717948717949,7.959183673469388,2.282312925170068,83.875,0.20408163265306123,0.20408163265306123,0.0,7,1,41.17647058823529,52.94117647058824,58.139534883720934,18.6046511627907,47.05882352941176,64.86486486486487,61.95652173913043,45.09803921568628,71.05263157894737,60.78431372549019,45.09803921568628,70.58823529411764,39.306885544915644,55.96184419713832,53.527280477408354,58.07533539731682,53.92156862745098,57.92053663570692
Khalil Rountree Jr.,Men’s Light Heavyweight,8,1.0,0.15133680847486125,0.0,0.0,0.0,0.26736169497225487,,1.0,0.9080208508491676,0.080712964519926,,0.0,0.0,0.0,1,0,17.647058823529413,14.705882352941178,8.13953488372093,9.30232558139535,11.76470588235294,,92.3913043478261,94.11764705882352,,27.450980392156865,77.45098039215686,70.58823529411764,11.696306429548565,11.76470588235294,93.2544757033248,94.11764705882352,19.607843137254903,80.718954248366
Modestas Bukauskas,Men’s Light Heavyweight,8,1.0,0.3472222222222222,0.3472222222222222,1.0,0.0,2.3090277777777777,399.0,0.8571428571428572,3.6458333333333335,2.572337962962963,296.3333333333333,0.1736111111111111,0.0,0.0,2,0,23.52941176470588,43.13725490196079,98.83720930232558,9.30232558139535,60.78431372549019,94.5945945945946,73.91304347826086,35.29411764705883,21.052631578947366,56.86274509803921,77.45098039215686,70.58823529411764,43.889648882808935,77.6894541600424,54.60358056265984,28.173374613003098,58.8235294117647,58.7375300997592
Dustin Jacoby,Men’s Light Heavyweight,8,1.0,1.3750954927425514,0.22918258212375858,0.16666666666666666,0.5,1.6310160427807485,427.0,0.7222222222222222,4.125286478227655,1.3407181054239876,70.2,0.0,0.0,0.0,2,1,39.21568627450981,35.294117647058826,23.25581395348837,55.81395348837209,50.98039215686274,97.2972972972973,50.0,66.66666666666666,86.8421052631579,27.450980392156865,77.45098039215686,70.58823529411764,39.42848457212342,74.13884472708003,58.33333333333333,76.75438596491227,39.21568627450981,74.93120055039559
Bogdan Guskov,Men’s Light Heavyweight,7,0.8571428571428571,0.0,0.0,,,1.4123867069486404,,0.5454545454545454,2.492447129909366,4.116314199395771,218.0,0.6797583081570997,1.3595166163141994,0.5,0,0,8.823529411764707,14.705882352941178,,,43.13725490196079,,23.91304347826087,17.647058823529413,31.57894736842105,82.35294117647058,5.882352941176471,11.764705882352935,8.823529411764707,43.13725490196079,20.78005115089514,24.61300309597523,62.745098039215684,14.086687306501545
Nikita Krylov,Men’s Light Heavyweight,8,1.0,8.781785925487876,3.725606150206978,0.42424242424242425,0.75,5.504139562389119,88.64285714285714,0.25,1.0644589000591367,0.7229450029568303,54.333333333333336,0.7983441750443524,0.5322294500295683,0.25,8,6,88.23529411764706,92.15686274509804,69.76744186046511,83.72093023255815,94.11764705882352,29.72972972972973,4.3478260869565215,80.3921568627451,94.73684210526316,88.23529411764706,19.60784313725491,27.450980392156858,80.57455540355677,61.923688394276624,42.369991474850806,87.56449948400413,91.17647058823529,44.87444100447197
Jimmy Crute,Men’s Light Heavyweight,8,1.0,9.95260663507109,4.265402843601896,0.42857142857142855,0.75,5.3412322274881525,75.13333333333334,0.5,0.5687203791469195,1.8246445497630333,385.0,1.7061611374407581,0.28436018957345977,0.3333333333333333,12,9,92.15686274509804,96.07843137254902,74.4186046511628,83.72093023255815,92.15686274509804,18.91891891891892,18.478260869565215,50.98039215686275,10.526315789473681,98.0392156862745,39.21568627450981,18.627450980392148,83.43213254293966,55.53789083200848,34.729326513213984,30.753353973168217,95.09803921568627,29.532163742690056
Iwo Baraniewski,Men’s Light Heavyweight,3,1.0,8.91089108910891,0.0,0.0,0.0,2.376237623762376,,1.0,4.455445544554455,0.44554455445544555,,0.0,0.0,0.0,2,0,90.19607843137256,14.705882352941178,8.13953488372093,9.30232558139535,62.745098039215684,,92.3913043478261,88.23529411764706,,27.450980392156865,77.45098039215686,70.58823529411764,35.879312965496275,62.745098039215684,90.31329923273657,88.23529411764706,45.09803921568627,78.75816993464052
Abdul Rakhman Yakhyaev,Men’s Light Heavyweight,3,0.8571428571428571,16.901408450704224,12.676056338028168,0.75,0.5,10.070422535211266,47.666666666666664,,0.0,0.0,,8.450704225352112,0.0,0.0,2,1,100.0,100.0,94.18604651162791,55.81395348837209,100.0,8.108108108108109,,99.01960784313725,,100.0,77.45098039215686,70.58823529411764,83.33333333333333,54.054054054054056,99.01960784313725,99.01960784313725,100.0,82.3529411764706
Johnny Walker,Men’s Light Heavyweight,8,1.0,1.295709761013533,0.5182839044054133,0.4,0.25,1.1056723293982147,128.0,0.4,1.295709761013533,1.563489778289663,120.66666666666667,0.7774258566081198,0.0,0.0,4,1,37.254901960784316,49.01960784313725,67.44186046511628,26.744186046511626,33.33333333333333,56.75675675675676,13.043478260869565,58.8235294117647,47.368421052631575,86.27450980392157,77.45098039215686,70.58823529411764,43.813649490804075,45.04504504504504,35.933503836317136,53.09597523219814,59.80392156862745,67.04506363949088
Billy Elekana,Men’s Light Heavyweight,4,0.8571428571428571,3.813559322033898,0.847457627118644,0.2222222222222222,0.6,2.4081920903954805,170.5,,0.0,0.6426553672316384,,0.847457627118644,0.847457627118644,1.0,5,3,64.70588235294117,62.745098039215684,32.55813953488372,65.11627906976744,64.70588235294117,72.97297297297297,,82.35294117647058,,90.19607843137256,11.764705882352935,2.941176470588225,54.126766985864116,68.83942766295706,82.35294117647058,82.35294117647058,77.45098039215686,32.35294117647058
Jamahal Hill,Men’s Light Heavyweight,8,0.8571428571428571,0.0,0.0,,,0.9752235469448585,,0.7948717948717949,6.538748137108793,1.7157228017883752,76.75,0.0,0.5029806259314457,0.0,0,0,8.823529411764707,14.705882352941178,,,31.372549019607842,,61.95652173913043,56.86274509803921,78.94736842105264,27.450980392156865,23.529411764705877,70.58823529411764,8.823529411764707,31.372549019607842,59.40963341858482,67.90505675954593,29.411764705882355,54.007567939456486
Rodolfo Bellato,Men’s Light Heavyweight,5,1.0,4.151880766501064,1.5968772178850248,0.38461538461538464,0.42857142857142855,2.166430092264017,81.4,0.9230769230769231,4.151880766501064,3.310858765081618,622.0,0.0,0.0,0.0,7,3,70.58823529411765,72.54901960784314,63.95348837209303,45.348837209302324,58.82352941176471,27.027027027027028,82.6086956521739,27.450980392156858,2.6315789473684212,27.450980392156865,77.45098039215686,70.58823529411764,59.963520291837675,42.92527821939587,55.02983802216538,15.04127966976264,43.13725490196079,54.36016511867905
Muhammad Saidov,Men’s Light Heavyweight,1,0.7142857142857143,0.0,0.0,,,0.050933786078098474,,,0.0,0.0,,0.0,0.0,0.0,0,0,8.823529411764707,14.705882352941178,,,5.88235294117647,,,99.01960784313725,,27.450980392156865,77.45098039215686,70.58823529411764,8.823529411764707,5.88235294117647,99.01960784313725,99.01960784313725,16.666666666666668,82.3529411764706
Zhang Mingyang,Men’s Light Heavyweight,5,0.8571428571428571,0.0,0.0,,,2.7352206494587845,,1.0,2.248126561199001,2.5353871773522068,,0.0,0.0,0.0,0,0,8.823529411764707,14.705882352941178,,,70.58823529411765,,92.3913043478261,39.21568627450981,,27.450980392156865,77.45098039215686,70.58823529411764,8.823529411764707,70.58823529411765,65.80349531116795,39.21568627450981,49.01960784313726,62.41830065359477
Oumar Sy,Men’s Light Heavyweight,5,1.0,7.006617360840793,2.4523160762942777,0.35,0.625,5.085636434410277,124.42857142857143,0.6666666666666667,1.050992604126119,0.9283768003114051,159.0,0.35033086804203967,0.35033086804203967,0.5,8,5,78.43137254901961,82.35294117647058,48.837209302325576,68.6046511627907,88.23529411764706,54.054054054054056,33.69565217391305,74.50980392156862,42.10526315789474,70.58823529411765,35.29411764705883,11.764705882352935,65.29107767137863,71.14467408585055,54.10272804774083,58.30753353973168,79.41176470588235,35.122119023047816
Magomed Tuchalov,Men’s Light Heavyweight,1,1.0,14.0,8.0,0.5714285714285714,0.6666666666666666,4.333333333333333,32.5,1.0,1.0,0.13333333333333333,,1.0,0.0,0.0,3,2,98.0392156862745,98.0392156862745,86.04651162790698,74.4186046511628,80.3921568627451,2.7027027027027026,92.3913043478261,92.15686274509802,,93.13725490196079,77.45098039215686,70.58823529411764,86.16811065511475,41.5474297827239,92.27408354646207,92.15686274509802,86.76470588235294,80.06535947712418
Felipe Franco,Men’s Light Heavyweight,2,1.0,4.846153846153846,2.0769230769230766,0.42857142857142855,0.6666666666666666,2.6653846153846152,77.0,0.8571428571428572,9.692307692307692,4.326923076923077,187.5,0.0,0.0,0.0,3,2,74.50980392156863,80.3921568627451,74.4186046511628,74.4186046511628,68.62745098039215,24.324324324324326,73.91304347826086,15.686274509803916,36.84210526315789,27.450980392156865,77.45098039215686,70.58823529411764,74.44900440796475,46.47588765235824,44.799658994032384,26.264189886480903,48.03921568627451,58.10113519091846
Diyar Nurgozhay,Men’s Light Heavyweight,4,1.0,2.054794520547945,1.541095890410959,0.75,0.3333333333333333,1.3955479452054795,54.333333333333336,0.7,5.136986301369863,2.0376712328767126,79.33333333333333,0.0,2.054794520547945,1.0,3,1,52.94117647058824,70.58823529411765,94.18604651162791,32.55813953488372,41.17647058823529,13.513513513513514,42.391304347826086,47.05882352941176,73.6842105263158,27.450980392156865,3.9215686274509878,2.941176470588225,59.89512083903329,27.344992050874403,44.72506393861892,60.371517027863774,34.31372549019608,22.411420708634328
Anthony Smith,Men’s Light Heavyweight,8,1.0,2.6282853566958697,0.37546933667083854,0.14285714285714285,0.5,0.678973717146433,108.5,0.5714285714285714,1.3141426783479349,2.6939924906132666,287.0,0.18773466833541927,0.0,0.0,8,4,58.82352941176471,45.09803921568628,20.930232558139537,55.81395348837209,25.49019607843137,37.83783783783784,28.26086956521739,33.333333333333336,26.3157894736842,58.82352941176471,77.45098039215686,70.58823529411764,45.18923848609211,31.664016958134603,30.797101449275363,29.824561403508767,42.15686274509804,59.28792569659442
Uran Satybaldiev,Men’s Light Heavyweight,2,1.0,1.6901408450704225,0.0,0.0,1.0,1.267605633802817,,0.5,1.6901408450704225,4.563380281690142,324.0,1.6901408450704225,0.0,0.0,1,1,43.13725490196079,14.705882352941178,8.13953488372093,97.67441860465115,39.21568627450981,,18.478260869565215,13.725490196078432,13.157894736842106,96.07843137254902,77.45098039215686,70.58823529411764,49.65040279677763,39.21568627450981,16.101875532821822,13.44169246646027,67.64705882352942,53.826969384244926
Ion Cutelaba,Men’s Light Heavyweight,8,1.0,8.50909090909091,3.0545454545454547,0.358974358974359,0.7692307692307693,3.269090909090909,64.21428571428571,0.75,2.618181818181818,3.4327272727272726,314.6666666666667,0.6545454545454545,0.0,0.0,13,10,86.27450980392157,90.19607843137256,51.162790697674424,88.37209302325581,74.50980392156863,16.216216216216218,55.434782608695656,21.568627450980394,18.421052631578956,80.3921568627451,77.45098039215686,70.58823529411764,75.26979784161728,45.36301006889242,38.50170502983802,19.994840041279673,77.45098039215686,56.011351909184725
Luke Fernandez,Men’s Light Heavyweight,1,0.7142857142857143,0.0,0.0,,,2.0370370370370368,,,0.0,1.0185185185185184,,0.0,0.0,0.0,0,0,8.823529411764707,14.705882352941178,,,56.86274509803921,,,72.54901960784314,,27.450980392156865,77.45098039215686,70.58823529411764,8.823529411764707,56.86274509803921,72.54901960784314,72.54901960784314,42.15686274509804,73.52941176470587
Rafael Tobias,Men’s Light Heavyweight,1,1.0,8.0,2.0,0.25,1.0,2.5166666666666666,75.5,1.0,1.0,1.4666666666666666,,1.0,0.0,0.0,2,2,82.35294117647058,78.43137254901961,34.883720930232556,97.67441860465115,66.66666666666666,21.62162162162162,92.3913043478261,64.70588235294117,,93.13725490196079,77.45098039215686,70.58823529411764,71.63702690378476,44.144144144144136,78.54859335038364,64.70588235294117,79.90196078431373,70.91503267973856
Levi Rodrigues Jr.,Men’s Light Heavyweight,1,0.8571428571428571,0.0,0.0,,,0.0,,0.5,13.499999999999998,8.6625,77.0,0.0,0.0,0.0,0,0,8.823529411764707,14.705882352941178,,,2.941176470588235,,18.478260869565215,3.9215686274509878,76.31578947368422,27.450980392156865,77.45098039215686,70.58823529411764,8.823529411764707,2.941176470588235,11.199914748508101,40.11867905056761,15.19607843137255,62.719298245614034
Paul Craig,Men’s Light Heavyweight,8,1.0,7.100167344011474,0.4303131723643318,0.06060606060606061,0.7,1.1690174515897682,163.0,0.1428571428571429,1.5060961032751612,3.879990437485059,180.33333333333334,0.4303131723643318,0.4303131723643318,0.16666666666666666,10,7,80.3921568627451,47.05882352941176,16.27906976744186,79.06976744186046,35.294117647058826,70.27027027027027,2.1739130434782608,19.60784313725491,39.473684210526315,74.50980392156863,31.37254901960784,38.235294117647065,58.58033135734914,52.78219395866455,10.890878090366586,29.540763673890613,54.90196078431373,33.04953560371517
Ibo Aslan,Men’s Light Heavyweight,5,1.0,0.4729374671571204,0.0,0.0,0.0,0.055176037834997374,,0.875,7.566999474513926,0.7488176563321072,47.5,0.0,0.4729374671571204,0.3333333333333333,1,0,25.49019607843137,14.705882352941178,8.13953488372093,9.30232558139535,7.8431372549019605,,78.26086956521739,78.4313725490196,97.36842105263159,27.450980392156865,27.450980392156858,18.627450980392148,14.310685514515882,7.8431372549019605,78.3461210571185,87.89989680082559,17.647058823529413,44.659442724458195
Ivan Erslan,Men’s Light Heavyweight,4,1.0,2.4836150396688508,0.9313556398758192,0.375,0.4,4.84304932735426,312.0,0.7037037037037037,8.382200758882373,2.571576405657123,62.125,0.0,0.6209037599172127,0.3333333333333333,5,2,54.90196078431373,68.62745098039215,58.139534883720934,40.69767441860465,84.31372549019608,89.1891891891892,46.73913043478261,37.254901960784316,92.10526315789474,27.450980392156865,17.647058823529413,18.627450980392148,51.24639002887977,86.75145733969264,41.997016197783466,64.68008255933952,55.88235294117647,33.65153078775369
Julius Walker,Men’s Light Heavyweight,4,1.0,10.588235294117647,4.072398190045249,0.38461538461538464,0.625,8.171945701357465,120.4,1.0,0.40723981900452483,0.8959276018099548,,0.0,0.0,0.0,8,5,94.11764705882352,94.11764705882352,63.95348837209303,68.6046511627907,98.0392156862745,40.54054054054054,92.3913043478261,76.47058823529412,,27.450980392156865,77.45098039215686,70.58823529411764,75.55859553123575,69.28987811340753,84.4309462915601,76.47058823529412,62.745098039215684,74.83660130718954
Kevin Christian,Men’s Light Heavyweight,2,0.8571428571428571,4.8,0.0,0.0,1.0,0.0,,,0.0,1.2,,0.0,2.4,0.5,1,1,72.54901960784314,14.705882352941178,8.13953488372093,97.67441860465115,2.941176470588235,,,68.62745098039215,,27.450980392156865,1.9607843137254901,11.764705882352935,59.454324365405064,2.941176470588235,68.62745098039215,68.62745098039215,15.19607843137255,27.45098039215686
Ovince Saint Preux,Men’s Light Heavyweight,8,1.0,1.8582243633860975,0.2064693737095664,0.1111111111111111,0.4,0.41637990364762556,121.0,0.8333333333333334,1.2388162422573985,1.4762560220233998,429.0,0.0,0.2064693737095664,0.2,5,2,47.05882352941176,31.372549019607842,18.6046511627907,40.69767441860465,17.647058823529413,43.24324324324324,66.30434782608695,62.745098039215684,5.263157894736846,27.450980392156865,43.13725490196078,34.31372549019607,35.453716370269035,30.445151033386328,64.52472293265131,34.00412796697626,22.54901960784314,37.151702786377705
Tuco Tokkos,Men’s Light Heavyweight,4,1.0,8.346213292117465,2.7820710973724885,0.3333333333333333,0.875,4.381761978361669,94.5,0.33333333333333337,2.0865533230293662,4.6483771251932,200.5,0.6955177743431221,0.34775888717156106,0.3333333333333333,8,7,84.31372549019608,86.27450980392157,44.18604651162791,93.02325581395348,82.35294117647058,32.432432432432435,8.695652173913043,11.764705882352935,34.21052631578948,84.31372549019608,37.254901960784316,18.627450980392148,73.84100927192583,57.39268680445151,10.230179028132989,22.987616099071207,83.33333333333333,26.289989680082556
Bruno Lopes,Men’s Light Heavyweight,4,1.0,11.16504854368932,2.912621359223301,0.2608695652173913,0.8333333333333334,5.032362459546925,103.66666666666667,1.0,1.4563106796116505,1.1569579288025889,,0.0,0.0,0.0,6,5,96.07843137254902,88.23529411764706,37.2093023255814,90.69767441860465,86.27450980392157,35.13513513513514,92.3913043478261,70.58823529411764,,27.450980392156865,77.45098039215686,70.58823529411764,74.66180270557835,60.70482246952835,81.48976982097187,70.58823529411764,56.86274509803922,72.87581699346406
Magomed Gadzhiyasulov,Men’s Light Heavyweight,2,1.0,4.0,2.5,0.625,0.5,5.108333333333333,122.6,0.6,10.0,5.625,84.375,0.0,0.5,0.0,4,2,68.62745098039215,84.31372549019608,90.69767441860465,55.81395348837209,90.19607843137256,45.94594594594595,30.434782608695656,7.8431372549019684,68.42105263157895,27.450980392156865,25.490196078431374,70.58823529411764,71.71302629578963,68.07101218865925,19.138959931798812,38.13209494324046,58.82352941176471,44.73684210526316
Junior Tafa,Men’s Light Heavyweight,8,0.8571428571428571,0.0,0.0,,,0.29411764705882354,,0.6875,11.524609843937576,6.548619447779112,109.1,0.0,1.0804321728691475,0.6,0,0,8.823529411764707,14.705882352941178,,,13.725490196078432,,36.95652173913043,5.882352941176471,55.26315789473685,27.450980392156865,7.8431372549019684,7.8431372549019684,8.823529411764707,13.725490196078432,21.41943734015345,30.57275541795666,20.58823529411765,15.419676642586865
Da Woon Jung,Men’s Light Heavyweight,8,1.0,3.6511156186612577,1.8255578093306288,0.5,0.75,3.7819472616632854,124.3,0.7391304347826086,4.198782961460446,1.8225152129817441,99.83333333333333,0.0,0.18255578093306288,0.25,8,6,62.745098039215684,76.47058823529412,82.55813953488372,83.72093023255815,76.47058823529412,51.35135135135135,52.17391304347826,52.94117647058824,63.15789473684211,27.450980392156865,47.05882352941176,27.450980392156858,76.34138926888585,63.910969793322735,52.55754475703325,58.04953560371517,51.96078431372549,44.186446508427935
Rafael Cerqueira,Men’s Light Heavyweight,4,0.8571428571428571,0.0,0.0,,,0.3629032258064516,,0.36363636363636365,8.870967741935482,9.811827956989246,104.28571428571429,0.0,0.8064516129032258,0.25,0,0,8.823529411764707,14.705882352941178,,,15.686274509803921,,10.869565217391305,1.9607843137254901,60.526315789473685,27.450980392156865,13.725490196078432,27.450980392156858,8.823529411764707,15.686274509803921,6.4151747655583975,31.243550051599588,21.568627450980394,24.14000687994496
Marcin Prachnio,Men’s Light Heavyweight,8,1.0,0.7689678742310322,0.15379357484620643,0.2,0.25,0.5049555707450444,197.0,0.5483870967741935,4.7676008202324,3.421907040328093,95.35714285714286,0.0,0.7689678742310322,0.75,4,1,33.33333333333333,29.411764705882355,27.906976744186046,26.744186046511626,19.607843137254903,78.37837837837837,26.08695652173913,23.529411764705877,65.78947368421053,27.450980392156865,15.686274509803916,5.882352941176471,29.328165374677003,48.99311075781664,24.808184143222505,44.6594427244582,23.529411764705884,22.076023391812864
Austen Lane,Men’s Light Heavyweight,7,1.0,5.663117134559535,1.7424975798644722,0.3076923076923077,0.6666666666666666,6.243949661181026,215.0,0.5,0.8712487899322361,1.7570183930300094,242.0,0.0,0.8712487899322361,0.2,6,4,76.47058823529412,74.50980392156863,39.53488372093023,74.4186046511628,96.07843137254902,81.08108108108108,18.478260869565215,54.90196078431373,28.94736842105264,27.450980392156865,9.803921568627452,34.31372549019607,63.47469220246237,88.57975622681505,36.690110826939474,41.92466460268319,61.76470588235294,28.680770553835572
Brendson Ribeiro,Men’s Light Heavyweight,8,1.0,1.871101871101871,0.7016632016632016,0.375,0.25,0.5496361746361745,47.0,0.3214285714285714,6.548856548856548,4.9233367983367975,66.47368421052632,0.46777546777546775,0.46777546777546775,0.16666666666666666,4,1,49.01960784313725,56.86274509803921,58.139534883720934,26.744186046511626,21.568627450980394,5.405405405405405,6.521739130434782,9.803921568627452,89.47368421052632,76.47058823529412,29.411764705882355,38.235294117647065,44.63444292445661,13.487016428192899,8.162830349531117,49.63880288957688,49.01960784313725,39.0952872377021
Caio Machado,Men’s Light Heavyweight,3,1.0,0.33333333333333337,0.0,0.0,0.0,0.1222222222222222,,0.7,3.333333333333333,2.3277777777777775,139.66666666666666,0.0,0.0,0.0,1,0,21.568627450980394,14.705882352941178,8.13953488372093,9.30232558139535,9.803921568627452,,42.391304347826086,41.1764705882353,44.73684210526315,27.450980392156865,77.45098039215686,70.58823529411764,13.003495972032226,9.803921568627452,41.78388746803069,42.95665634674923,18.627450980392158,63.66529067767457
Charles Oliveira,Men’s Lightweight,8,1.0,5.107084019769357,1.812191103789127,0.3548387096774194,0.6,7.251510159253158,240.0909090909091,0.4444444444444444,1.4827018121911038,3.6765513454146075,267.8,2.14168039538715,0.16474464579901155,0.3333333333333333,15,9,66.66666666666666,71.17117117117117,54.761904761904766,61.904761904761905,96.3963963963964,91.48936170212765,16.826923076923077,27.927927927927932,6.1224489795918275,98.1981981981982,58.55855855855856,22.972972972972975,61.11111111111111,93.94287904926202,22.377425502425503,17.02518845375988,97.29729729729729,32.852239995097136
Arman Tsarukyan,Men’s Lightweight,8,1.0,7.745266781411359,3.098106712564544,0.4,0.5882352941176471,7.085484796328169,137.22222222222223,0.7142857142857143,3.614457831325301,1.4773379231210557,85.83333333333333,0.1721170395869191,1.0327022375215145,0.0,17,10,90.09009009009009,89.1891891891892,63.33333333333333,59.04761904761905,94.5945945945946,62.76595744680851,52.88461538461539,72.97297297297298,69.38775510204081,49.549549549549546,12.612612612612615,69.81981981981983,70.82368082368082,78.68027602070156,62.928794178794185,71.1803640375069,72.07207207207207,51.20426548997978
Justin Gaethje,Men’s Lightweight,8,1.0,1.6887816646562124,0.48250904704463216,0.2857142857142857,0.4444444444444444,1.3148371531966225,163.5,0.7647058823529411,2.0506634499396865,0.5669481302774428,70.5,0.0,0.24125452352231608,0.5,9,4,21.62162162162162,22.52252252252252,37.61904761904762,37.142857142857146,29.72972972972973,75.53191489361703,70.1923076923077,93.6936936936937,80.61224489795919,22.52252252252252,52.25225225225225,12.162162162162154,32.12784212784213,52.63082231167338,81.9430006930007,87.15296929582644,26.126126126126124,50.52246123674695
Ilia Topuria,Men’s Lightweight,8,1.0,2.078121993457764,1.212237829517029,0.5833333333333334,0.8,2.294593034442948,113.57142857142857,0.9473684210526316,3.2903598229747932,0.6032326342120454,209.0,0.17317683278814702,0.0,0.0,5,4,30.630630630630627,53.153153153153156,87.14285714285714,82.85714285714286,51.35135135135135,48.93617021276596,94.23076923076923,92.7927927927928,16.3265306122449,50.45045045045045,80.18018018018019,69.81981981981983,66.87687687687688,50.14376078205865,93.51178101178101,54.559661702518845,50.90090090090089,68.18655390083961
Grant Dawson,Men’s Lightweight,8,1.0,6.261510128913444,3.130755064456722,0.5,0.625,10.828729281767956,207.52941176470588,0.8571428571428572,1.289134438305709,0.6660527931246163,217.0,1.289134438305709,0.1841620626151013,0.0,16,10,76.57657657657657,90.09009009009009,79.52380952380952,64.76190476190476,100.0,82.97872340425532,87.5,89.1891891891892,13.265306122448981,91.8918918918919,56.75675675675676,69.81981981981983,73.62076362076361,91.48936170212767,88.3445945945946,51.227247655819085,95.94594594594595,59.26794141079856
Dustin Poirier,Men’s Lightweight,8,1.0,0.7747933884297521,0.30991735537190085,0.4,0.25,1.175103305785124,227.5,0.7027027027027026,5.733471074380166,4.53254132231405,159.54545454545453,1.084710743801653,1.084710743801653,0.5,4,1,10.81081081081081,18.01801801801802,63.33333333333333,18.095238095238095,23.423423423423422,87.2340425531915,51.92307692307693,16.216216216216218,28.571428571428573,90.09009009009009,10.810810810810814,12.162162162162154,30.746460746460745,55.328732988307465,34.06964656964657,22.393822393822397,56.75675675675676,15.122265122265121
Paddy Pimblett,Men’s Lightweight,8,1.0,3.0381254964257343,0.7148530579825257,0.23529411764705882,0.5,3.249602859412232,272.75,0.4814814814814815,4.825258141382049,4.1640190627482125,99.85714285714286,1.4297061159650515,0.0,0.0,10,5,46.846846846846844,33.33333333333333,27.61904761904762,46.19047619047619,66.66666666666666,92.5531914893617,23.076923076923077,19.81981981981982,55.10204081632653,93.69369369369369,80.18018018018019,69.81981981981983,40.21879021879022,79.60992907801418,21.448371448371446,37.460930318073174,80.18018018018017,62.48697677269106
Quillan Salkilld,Men’s Lightweight,6,1.0,17.217391304347828,5.739130434782609,0.3333333333333333,0.8571428571428571,5.539130434782609,57.90909090909091,0.7692307692307692,6.782608695652174,3.252173913043478,124.66666666666667,1.0434782608695652,1.0434782608695652,0.0,7,6,99.09909909909909,99.09909909909909,48.57142857142857,87.61904761904762,88.28828828828829,12.76595744680851,71.63461538461539,35.13513513513512,44.89795918367348,86.48648648648648,11.711711711711708,69.81981981981983,78.42985842985843,50.5271228675484,53.38487525987526,40.0165471594043,87.38738738738738,40.516026230311944
Renato Moicano,Men’s Lightweight,8,1.0,4.341372912801484,1.1688311688311688,0.2692307692307692,0.6428571428571429,4.49721706864564,230.85714285714286,0.5555555555555556,4.50834879406308,3.690166975881262,110.5,0.3339517625231911,0.16697588126159554,0.3333333333333333,14,9,58.55855855855856,49.549549549549546,33.80952380952381,66.66666666666666,79.27927927927928,88.29787234042553,34.13461538461539,27.027027027027025,51.02040816326531,61.261261261261254,57.65765765765766,22.972972972972975,53.011583011583014,83.7885758098524,30.580821205821206,39.02371759514617,70.27027027027026,39.8847827419256
Beneil Dariush,Men’s Lightweight,8,1.0,6.740758637352017,3.261657405170331,0.4838709677419355,1.0,6.816863976805992,125.4,0.8461538461538461,5.65353950229524,1.1741966658613192,81.0,0.2174438270113554,0.2174438270113554,0.0,9,9,81.08108108108108,91.8918918918919,76.19047619047619,96.19047619047619,92.7927927927928,54.25531914893617,83.65384615384616,78.37837837837839,73.46938775510205,54.054054054054056,53.15315315315315,69.81981981981983,84.48734448734449,73.52405597086448,81.01611226611227,75.92388306674022,73.42342342342343,66.29895201323772
Drakkar Klose,Men’s Lightweight,8,1.0,5.9184568171854455,1.3809732573432705,0.23333333333333334,0.5,3.4754493643138975,151.0,0.6818181818181819,4.340201665935993,3.2419991231915826,140.85714285714286,0.0,0.789127575624726,0.0,12,6,70.27027027027027,59.45945945945946,26.666666666666668,46.19047619047619,71.17117117117117,72.3404255319149,50.0,36.03603603603603,34.693877551020414,22.52252252252252,18.918918918918926,69.81981981981983,47.70913770913771,71.75579835154304,43.01801801801801,35.36495679352822,46.846846846846844,41.36789851075566
Benoit Saint Denis,Men’s Lightweight,8,1.0,10.561056105610561,3.63036303630363,0.34375,0.8888888888888888,7.1782178217821775,118.63636363636364,0.625,2.6402640264026402,2.5027502750275024,151.66666666666666,1.98019801980198,2.31023102310231,0.3333333333333333,9,8,96.3963963963964,95.4954954954955,51.42857142857142,89.52380952380953,95.4954954954955,52.12765957446809,41.34615384615385,53.15315315315315,29.591836734693874,97.2972972972973,2.702702702702702,22.972972972972975,79.11625911625912,73.8115775349818,47.2496534996535,41.37249494392351,96.3963963963964,22.349390206533062
Mateusz Gamrot,Men’s Lightweight,8,1.0,12.022577610536219,5.41862652869238,0.4507042253521127,0.8333333333333334,6.307619943555974,69.84375,0.33333333333333337,0.5079962370649107,1.3857008466603953,245.5,0.5079962370649107,0.33866415804327377,0.6666666666666666,18,15,98.1981981981982,98.1981981981982,71.42857142857143,85.23809523809524,90.990990990991,18.085106382978726,8.173076923076923,75.67567567567569,8.163265306122446,72.97297297297297,45.945945945945944,8.108108108108105,84.95495495495497,54.53804868698486,41.924376299376306,41.919470490899066,81.98198198198199,31.9911748483177
Fares Ziam,Men’s Lightweight,8,1.0,4.942586120818772,2.5461807289066405,0.5151515151515151,0.6875,5.369445831253121,126.52941176470588,0.7209302325581395,6.440339490763854,4.383424862705941,146.33333333333334,0.7488766849725412,0.44932601098352476,0.5,16,11,65.76576576576578,84.68468468468468,82.85714285714286,72.38095238095238,86.48648648648648,57.446808510638306,54.807692307692314,17.11711711711711,32.6530612244898,81.98198198198197,38.73873873873874,12.162162162162154,73.66795366795368,71.9666474985624,35.96240471240471,24.885089170803454,84.23423423423424,25.261996690568115
Jim Miller,Men’s Lightweight,8,1.0,1.0482180293501049,0.8385744234800838,0.8,0.0,1.530398322851153,109.5,0.47619047619047616,4.40251572327044,2.9385045422781277,76.45454545454545,1.4675052410901468,0.20964360587002095,0.0,5,0,14.414414414414415,36.93693693693694,97.61904761904762,4.761904761904762,36.93693693693694,44.680851063829785,22.115384615384613,40.54054054054053,75.51020408163265,94.5945945945946,54.054054054054056,69.81981981981983,38.93178893178893,40.80889400038336,31.327962577962573,58.02537231108659,65.76576576576576,60.63308206165349
Nasrat Haqparast,Men’s Lightweight,8,1.0,2.228510788822073,0.4775380261761585,0.21428571428571427,0.8,0.30774672798019104,38.666666666666664,0.88,3.9794835514679874,1.6819950477538026,211.33333333333334,0.0,0.0,0.0,5,4,32.432432432432435,20.72072072072072,24.285714285714285,82.85714285714286,6.306306306306306,3.1914893617021276,89.42307692307693,69.36936936936938,15.306122448979599,22.52252252252252,80.18018018018019,69.81981981981983,46.52509652509653,4.748897834004216,79.39622314622315,42.33774590917449,14.414414414414413,64.11258196972483
Rafa Garcia,Men’s Lightweight,8,1.0,6.202917134156115,2.8850777368167972,0.46511627906976744,0.7647058823529411,2.9019073569482288,60.35,0.8,3.606347171020997,1.0722872255169098,89.2,0.43276166052251963,0.0,0.0,17,13,75.67567567567568,88.28828828828829,74.28571428571429,79.04761904761905,61.261261261261254,13.829787234042554,75.48076923076923,80.18018018018019,65.30612244897958,67.56756756756756,80.18018018018019,69.81981981981983,76.33633633633633,37.545524247651905,77.8304747054747,72.74315131457988,64.41441441441441,74.24771710485996
Dan Hooker,Men’s Lightweight,8,1.0,1.9384018953262978,0.5815205685978894,0.3,0.3333333333333333,2.8009907387465,289.0,0.7317073170731707,7.947447770837821,3.792806375188456,106.72727272727273,1.1630411371957787,1.1630411371957787,0.5,6,2,26.126126126126124,28.82882882882883,40.0,25.71428571428571,58.55855855855856,95.74468085106383,57.692307692307686,25.225225225225223,52.04081632653062,90.990990990991,9.009009009008999,12.162162162162154,30.61347061347061,77.1516197048112,41.458766458766455,38.633020775877924,74.77477477477478,19.93473064901636
Tom Nolan,Men’s Lightweight,6,1.0,4.165381055229868,1.1107682813946314,0.26666666666666666,0.8571428571428571,2.7121258870718914,146.5,0.5833333333333333,3.3323048441838936,3.8367787719839557,165.8,1.3884603517432892,0.5553841406973157,0.0,7,6,57.65765765765766,47.74774774774775,32.38095238095238,87.61904761904762,56.75675675675676,68.08510638297872,37.980769230769226,24.32432432432433,26.530612244897956,92.7927927927928,30.630630630630627,69.81981981981983,59.21921921921922,62.42093156986774,31.152546777546778,25.427468284611145,74.77477477477478,41.959306245020535
Diego Ferreira,Men’s Lightweight,8,1.0,2.720483641536273,1.1201991465149361,0.4117647058823529,0.3,1.1842105263157896,63.42857142857143,0.5102040816326531,7.841394025604552,4.624822190611663,72.25,0.0,0.0,0.0,10,3,40.54054054054054,48.64864864864865,67.61904761904762,21.904761904761905,24.324324324324326,17.02127659574468,26.923076923076923,14.414414414414416,78.57142857142857,22.52252252252252,80.18018018018019,69.81981981981983,43.35478335478336,20.6728004600345,20.66874566874567,46.4929214929215,23.423423423423422,65.49764049764049
Chris Duncan,Men’s Lightweight,8,1.0,6.880076445293836,2.795031055900621,0.40625,0.5,3.2752030578117535,70.3076923076923,0.5555555555555556,3.8700430004777826,1.4548494983277593,50.75,0.6450071667462972,0.43000477783086477,1.0,14,7,83.78378378378379,86.48648648648648,66.66666666666666,46.19047619047619,67.56756756756756,20.212765957446805,34.13461538461539,73.87387387387388,92.85714285714285,78.37837837837837,41.44144144144144,3.6036036036035957,65.54697554697555,43.890166762507185,54.00424462924463,83.36550836550836,72.97297297297297,42.8035178035178
Mauricio Ruffy,Men’s Lightweight,6,1.0,0.34298780487804875,0.0,0.0,0.0,0.6402439024390244,,0.85,6.859756097560976,2.0464939024390247,119.33333333333333,0.0,0.34298780487804875,1.0,1,0,8.108108108108109,8.108108108108109,5.714285714285714,4.761904761904762,12.612612612612612,,84.61538461538461,59.45945945945946,47.95918367346939,22.52252252252252,44.14414414414414,3.6036036036035957,6.194766194766196,12.612612612612612,72.03742203742203,53.709321566464425,17.567567567567565,33.81902310473739
Rafael Fiziev,Men’s Lightweight,8,1.0,1.5085484411666106,1.2068387529332887,0.8,0.6666666666666666,0.9378142809252431,46.625,0.8529411764705882,5.129064699966476,1.7499161917532684,139.2,0.0,0.0,0.0,6,4,20.72072072072072,52.25225225225225,97.61904761904762,69.52380952380952,18.01801801801802,6.382978723404255,85.57692307692307,66.66666666666667,35.714285714285715,22.52252252252252,80.18018018018019,69.81981981981983,62.62119262119262,12.200498370711138,76.12179487179486,51.19047619047619,20.27027027027027,67.06349206349206
Drew Dober,Men’s Lightweight,8,1.0,1.972062448644207,0.2465078060805259,0.125,0.3333333333333333,0.5505341002465078,134.0,0.75,2.9580936729663105,2.7280197206244865,221.33333333333334,0.0,0.0,0.0,6,2,28.82882882882883,16.216216216216218,14.285714285714285,25.71428571428571,9.90990990990991,60.63829787234043,64.90384615384616,45.04504504504505,11.224489795918364,22.52252252252252,80.18018018018019,69.81981981981983,22.94294294294294,35.27410389112517,54.9744455994456,28.134767420481708,16.216216216216218,59.378255806827234
Ludovit Klein,Men’s Lightweight,8,1.0,2.3139964647276234,1.4462477904547646,0.625,0.4,3.2010284428732123,132.8,0.7435897435897436,5.640366382773582,2.9141892977663506,120.9,0.0,0.14462477904547646,0.0,10,4,33.33333333333333,62.16216216216216,90.95238095238095,32.38095238095238,65.76576576576578,59.57446808510638,60.57692307692307,41.44144144144144,46.93877551020408,22.52252252252252,59.45945945945946,69.81981981981983,52.22222222222222,62.670116925436076,51.00918225918225,44.19010847582276,44.14414414414415,57.823129251700685
Alexander Hernandez,Men’s Lightweight,8,1.0,1.4460154241645244,0.5784061696658097,0.4,0.125,1.5737467866323906,163.25,0.7333333333333334,4.338046272493573,1.3905848329048844,72.125,0.0,0.28920308483290486,0.0,8,1,18.91891891891892,27.927927927927925,63.33333333333333,10.0,37.83783783783784,74.46808510638297,58.65384615384615,74.77477477477478,79.59183673469387,22.52252252252252,48.64864864864865,69.81981981981983,30.75075075075075,56.152961472110405,66.71431046431047,77.18330575473433,30.18018018018018,65.21725807440093
Nurullo Aliev,Men’s Lightweight,4,1.0,6.0,3.5,0.5833333333333334,0.45454545454545453,8.804166666666667,150.92857142857142,0.8,2.5,0.7583333333333333,91.0,0.5,1.25,0.0,11,5,72.97297297297297,94.5945945945946,87.14285714285714,38.095238095238095,98.1981981981982,71.27659574468085,75.48076923076923,85.58558558558559,62.75510204081633,72.07207207207207,6.306306306306304,69.81981981981983,66.07035607035607,84.73739697143952,80.53317740817741,74.17034381320096,85.13513513513513,50.09882331310903
Chase Hooper,Men’s Lightweight,8,1.0,10.127737226277372,3.8321167883211684,0.3783783783783784,0.9090909090909091,6.788321167883213,106.28571428571429,0.5833333333333333,3.2846715328467155,2.0757299270072993,91.0,1.9160583941605842,0.5474452554744527,0.0,11,10,95.4954954954955,96.3963963963964,59.04761904761905,90.47619047619048,91.8918918918919,41.48936170212766,37.980769230769226,57.65765765765766,62.75510204081633,96.3963963963964,31.531531531531535,69.81981981981983,81.67310167310167,66.69062679700978,47.819213444213446,60.206379849236995,94.14414414414415,53.852577066862786
Manuel Torres,Men’s Lightweight,7,1.0,2.195121951219512,1.4634146341463414,0.6666666666666666,0.5,1.2073170731707317,49.5,0.75,8.780487804878048,1.6341463414634148,44.666666666666664,0.7317073170731707,0.0,0.0,2,1,31.53153153153153,63.06306306306306,93.33333333333333,46.19047619047619,26.126126126126124,7.446808510638298,64.90384615384616,70.27027027027027,94.89795918367346,81.08108108108108,80.18018018018019,69.81981981981983,57.01844701844701,16.78646731838221,67.58705821205822,82.58411472697188,53.6036036036036,77.52803824232396
Jalin Turner,Men’s Lightweight,8,1.0,1.404494382022472,0.5617977528089888,0.4,0.25,1.0299625468164795,110.0,0.72,7.02247191011236,4.920411985018726,150.14285714285714,0.2808988764044944,0.5617977528089888,0.25,4,1,17.117117117117118,27.027027027027028,63.33333333333333,18.095238095238095,20.72072072072072,46.27659574468085,53.84615384615385,13.513513513513523,30.612244897959176,58.55855855855856,27.927927927927932,31.98198198198198,32.84856284856284,33.498658232700784,33.679833679833685,22.06287920573635,39.63963963963964,27.324263038548754
King Green,Men’s Lightweight,6,1.0,2.643726395300042,2.2660511959714644,0.8571428571428571,0.16666666666666666,1.8883759966428872,50.0,0.25,1.5107007973143096,1.3155686109945446,69.66666666666667,0.3776751993285774,1.5107007973143096,0.5,6,1,38.73873873873874,81.98198198198197,99.04761904761905,13.333333333333334,45.04504504504504,8.51063829787234,3.3653846153846154,77.47747747747748,81.63265306122449,65.76576576576578,4.504504504504503,12.162162162162154,50.37323037323038,26.77784167145869,40.421431046431046,79.55506526935099,55.40540540540541,32.07391064533922
Mason Jones,Men’s Lightweight,7,1.0,6.296023564064801,3.479381443298969,0.5526315789473685,0.6,4.24981590574374,73.28571428571429,0.7391304347826086,3.8107511045655373,1.753497790868925,105.83333333333333,0.16568483063328426,0.0,0.0,15,9,77.47747747747748,93.69369369369369,84.76190476190476,61.904761904761905,78.37837837837837,22.340425531914892,59.61538461538461,65.76576576576578,54.08163265306123,47.74774774774775,80.18018018018019,69.81981981981983,74.71471471471472,50.35940195514663,62.690575190575196,59.9236992094135,63.06306306306306,69.97456640313783
Chris Padilla,Men’s Lightweight,4,1.0,4.796345641416064,1.3703844689760183,0.2857142857142857,0.5,2.4552721735820326,107.5,0.8571428571428572,2.398172820708032,0.1655881233346022,29.0,0.34259611724400457,0.0,0.0,8,4,63.06306306306306,57.65765765765766,37.61904761904762,46.19047619047619,54.054054054054056,42.5531914893617,87.5,97.2972972972973,97.95918367346938,63.96396396396396,80.18018018018019,69.81981981981983,48.95752895752896,48.30362277170788,92.39864864864865,97.62824048538334,59.009009009009006,82.54274682846112
MarQuel Mederos,Men’s Lightweight,4,1.0,3.0,0.25,0.08333333333333333,0.6,1.6666666666666667,400.0,0.7777777777777778,6.75,4.108333333333333,164.33333333333334,0.0,0.25,0.0,5,3,44.5945945945946,17.117117117117118,11.428571428571429,61.904761904761905,40.54054054054054,100.0,73.07692307692307,20.720720720720713,27.551020408163257,22.52252252252252,51.351351351351354,69.81981981981983,39.30930930930931,70.27027027027027,46.89882189882189,24.135870564441987,31.53153153153153,48.43568057853772
Mike Davis,Men’s Lightweight,8,1.0,4.8072108162243365,2.4036054081121683,0.5,0.7272727272727273,3.745618427641462,93.5,0.5142857142857142,5.257886830245368,4.023535302954432,94.52941176470588,1.0515773660490737,0.30045067601402103,0.3333333333333333,11,8,63.96396396396396,83.78378378378379,79.52380952380952,76.19047619047619,74.77477477477478,36.17021276595745,27.884615384615387,21.62162162162162,61.22448979591837,87.38738738738738,46.846846846846844,22.972972972972975,73.22608322608322,55.472493770366114,24.753118503118504,41.42305570876999,81.08108108108108,37.08095850952994
Ignacio Bahamondes,Men’s Lightweight,8,1.0,0.9174311926605504,0.0,0.0,0.0,0.8899082568807339,,0.44999999999999996,3.6697247706422016,3.3394495412844036,99.27272727272727,0.9174311926605504,0.0,0.0,5,0,12.612612612612612,8.108108108108109,5.714285714285714,4.761904761904762,16.216216216216218,,18.269230769230766,33.333333333333336,56.12244897959184,83.78378378378379,80.18018018018019,69.81981981981983,7.696267696267697,16.216216216216218,25.80128205128205,44.72789115646259,50.0,64.9092970521542
Edson Barboza,Men’s Lightweight,8,1.0,0.5554698349020213,0.41660237617651596,0.75,1.0,1.022990279277889,147.33333333333334,0.4375,2.221879339608085,3.5110322481098595,168.55555555555554,0.0,0.27773491745101064,0.0,1,1,9.90990990990991,19.81981981981982,95.71428571428572,96.19047619047619,19.81981981981982,69.14893617021278,15.384615384615385,28.828828828828826,24.489795918367353,22.52252252252252,49.54954954954955,69.81981981981983,67.27155727155728,44.4843779950163,22.106722106722106,26.65931237359809,21.17117117117117,48.676227247655824
Joaquim Silva,Men’s Lightweight,8,1.0,0.8780487804878048,0.5268292682926828,0.6,0.25,0.9453658536585365,107.66666666666667,0.7291666666666667,8.429268292682925,5.4380487804878035,142.92307692307693,1.0536585365853657,0.0,0.0,4,1,11.711711711711711,26.126126126126124,89.04761904761904,18.095238095238095,18.91891891891892,43.61702127659575,56.730769230769226,9.909909909909906,33.67346938775511,88.28828828828829,80.18018018018019,69.81981981981983,39.61818961818961,31.267970097757335,33.32033957033957,21.79168964883251,53.6036036036036,57.26389654961084
Nazim Sadykhov,Men’s Lightweight,7,1.0,2.867902665121669,1.3035921205098493,0.45454545454545453,0.2857142857142857,1.951042873696408,89.8,0.6875,4.171494785631518,3.1981460023174977,147.2,0.2607184241019699,0.5214368482039398,0.0,7,2,42.34234234234234,55.85585585585585,72.85714285714285,20.952380952380953,45.94594594594595,34.04255319148936,50.96153846153846,37.83783783783784,31.63265306122449,56.75675675675676,33.333333333333336,69.81981981981983,45.38395538395539,39.994249568717656,44.399688149688146,34.73524544953116,51.351351351351354,45.96279953422811
Kaue Fernandes,Men’s Lightweight,4,1.0,1.1811023622047243,1.1811023622047243,1.0,0.0,1.3910761154855642,70.66666666666667,0.7692307692307692,5.118110236220472,3.431758530183727,174.33333333333334,0.0,0.0,0.0,3,0,15.315315315315313,50.45045045045045,100.0,4.761904761904762,32.432432432432435,21.27659574468085,71.63461538461539,30.630630630630627,22.448979591836736,22.52252252252252,80.18018018018019,69.81981981981983,40.02574002574003,26.85451408855664,51.13262300762301,26.539805111233683,27.47747747747748,58.84660170374456
Terrance McKinney,Men’s Lightweight,8,1.0,4.551201011378002,2.275600505689001,0.5,0.3333333333333333,5.120101137800253,135.0,0.6,5.689001264222503,1.536030341340076,40.5,3.413400758533502,1.1378002528445006,0.3333333333333333,3,1,62.16216216216216,82.88288288288288,79.52380952380952,25.71428571428571,85.58558558558559,61.702127659574465,39.90384615384615,72.07207207207207,95.91836734693877,99.09909909909909,9.909909909909906,22.972972972972975,55.80008580008579,73.64385662258003,55.98795911295912,83.99521970950542,92.34234234234233,38.9593675307961
Manoel Sousa,Men’s Lightweight,2,1.0,2.054794520547945,0.5136986301369862,0.25,0.3333333333333333,2.0376712328767126,238.0,0.8181818181818181,5.6506849315068495,3.7157534246575343,217.0,0.5136986301369862,0.0,0.0,3,1,29.72972972972973,24.324324324324326,30.0,25.71428571428571,47.74774774774775,90.42553191489363,78.84615384615384,26.126126126126117,13.265306122448981,73.87387387387388,80.18018018018019,69.81981981981983,28.48133848133848,69.0866398313207,52.486139986139975,19.69571612428755,60.810810810810814,56.56523870809585
Esteban Ribovics,Men’s Lightweight,7,1.0,0.5298273155416012,0.3532182103610675,0.6666666666666666,0.0,0.4945054945054944,84.0,0.6607142857142857,9.89010989010989,3.8647959183673466,69.10526315789474,0.17660910518053374,0.3532182103610675,0.3333333333333333,3,0,9.00900900900901,18.91891891891892,93.33333333333333,4.761904761904762,9.00900900900901,30.851063829787233,47.11538461538461,23.423423423423422,82.65306122448979,51.35135135135135,43.24324324324324,22.972972972972975,35.7014157014157,19.93003641939812,35.26940401940402,53.03824232395661,30.18018018018018,39.75148618005761
Francis Marshall,Men’s Lightweight,7,1.0,4.896848787123101,2.040353661301292,0.4166666666666667,0.5384615384615384,4.781228746316028,140.6,0.8888888888888888,1.836318295171163,1.1289956925867148,332.0,0.6121060983903877,0.20403536613012924,0.0,13,7,64.86486486486487,79.27927927927928,68.57142857142857,53.333333333333336,81.98198198198197,64.8936170212766,90.86538461538461,79.2792792792793,4.081632653061225,77.47747747747748,54.95495495495495,69.81981981981983,62.256542256542254,73.43779950162929,85.07233194733195,41.68045596617026,79.72972972972973,55.48507691364835
Tofiq Musayev,Men’s Lightweight,3,1.0,3.1358885017421603,1.5679442508710801,0.5,0.25,4.7473867595818815,181.66666666666666,0.5714285714285714,3.6585365853658534,2.587108013937282,99.0,0.0,1.5679442508710801,1.0,4,1,48.64864864864865,64.86486486486487,79.52380952380952,18.095238095238095,81.08108108108108,80.85106382978722,36.53846153846153,51.351351351351354,57.142857142857146,22.52252252252252,3.6036036036035957,3.6036036036035957,48.755898755898755,80.96607245543416,43.944906444906444,54.24710424710425,51.8018018018018,20.48477048477048
Mateusz Rebecki,Men’s Lightweight,8,1.0,6.002223045572435,2.8343831048536496,0.4722222222222222,0.6,3.648573545757688,77.23529411764706,0.5,2.0007410151908114,2.0229714709151536,121.33333333333333,0.33345683586513525,0.6669136717302705,0.25,15,9,74.77477477477478,87.38738738738738,75.23809523809524,61.904761904761905,73.87387387387388,25.53191489361702,25.0,62.16216216216216,45.91836734693879,60.36036036036037,22.52252252252253,31.98198198198198,70.63921063921065,49.702894383745445,43.58108108108108,54.04026475455048,67.11711711711712,36.18158975301833
Michael Johnson,Men’s Lightweight,8,1.0,2.6925953627524306,0.8414360508601346,0.3125,0.4,1.6379955123410619,116.8,1.0,2.860882572924458,0.22718773373223633,,0.0,0.0,0.0,10,4,39.63963963963964,37.83783783783784,42.857142857142854,32.38095238095238,38.73873873873874,51.06382978723404,97.59615384615384,96.3963963963964,,22.52252252252252,80.18018018018019,69.81981981981983,38.29257829257829,44.901284262986394,96.99627512127512,96.3963963963964,30.63063063063063,82.13213213213213
Matheus Camilo,Men’s Lightweight,3,0.8571428571428571,7.727873183619551,4.16116248348745,0.5384615384615384,0.8,3.517173051519155,50.714285714285715,,0.0,1.54557463672391,,0.59445178335535,0.59445178335535,1.0,5,4,89.1891891891892,97.2972972972973,83.80952380952381,82.85714285714286,72.07207207207207,9.574468085106384,,71.17117117117118,,75.67567567567568,26.126126126126117,3.6036036036035957,85.28528528528528,40.82327007858923,71.17117117117118,71.17117117117118,73.87387387387388,33.63363363363363
Gauge Young,Men’s Lightweight,3,1.0,2.3333333333333335,1.0,0.42857142857142855,0.5,1.6666666666666665,100.0,0.92,8.333333333333334,1.0055555555555555,90.5,0.0,0.0,0.0,4,2,34.234234234234236,41.891891891891895,69.52380952380952,46.19047619047619,39.63963963963964,37.234042553191486,92.3076923076923,81.98198198198199,64.28571428571428,22.52252252252252,80.18018018018019,69.81981981981983,49.982839982839984,38.43684109641556,87.14483714483714,73.13384813384813,31.08108108108108,74.37794937794938
Axel Sola,Men’s Lightweight,3,1.0,5.194123819517314,1.8887722980062962,0.36363636363636365,0.75,3.517838405036726,111.75,0.6666666666666667,1.4165792235047219,1.007345225603358,128.0,0.47219307450157405,0.0,0.0,4,3,67.56756756756756,74.77477477477478,57.61904761904761,78.0952380952381,72.97297297297297,47.87234042553192,48.55769230769231,81.08108108108108,42.85714285714286,68.46846846846847,80.18018018018019,69.81981981981983,67.76061776061776,60.42265669925244,64.8193866943867,61.96911196911197,70.72072072072072,70.65637065637065
Jared Gordon,Men’s Lightweight,8,1.0,5.282167042889391,1.4221218961625284,0.2692307692307692,0.4166666666666667,3.45372460496614,145.71428571428572,0.8,2.0316027088036117,0.9413092550790069,139.0,0.0,0.6094808126410836,0.25,12,5,68.46846846846847,61.261261261261254,33.80952380952381,34.285714285714285,70.27027027027027,67.02127659574468,75.48076923076923,82.8828828828829,36.73469387755102,22.52252252252252,25.225225225225223,31.98198198198198,45.52123552123552,68.64577343300748,79.18182605682605,59.80878838021695,46.3963963963964,39.00533186247472
Noah Gugnon,Men’s Lightweight,1,0.7142857142857143,0.0,0.0,,,7.4074074074074066,,,0.0,0.0,,11.11111111111111,0.0,0.0,0,0,3.153153153153153,8.108108108108109,,,97.2972972972973,,,99.54954954954955,,100.0,80.18018018018019,69.81981981981983,3.153153153153153,97.2972972972973,99.54954954954955,99.54954954954955,98.64864864864865,83.18318318318319
Tommy Gantt,Men’s Lightweight,1,1.0,32.48407643312102,11.464968152866243,0.35294117647058826,1.0,10.031847133757964,52.5,1.0,1.910828025477707,1.6878980891719746,,0.0,0.0,0.0,2,2,100.0,100.0,53.333333333333336,96.19047619047619,99.09909909909909,10.638297872340425,97.59615384615384,68.46846846846847,,22.52252252252252,80.18018018018019,69.81981981981983,83.17460317460318,54.86869848571976,83.03231115731116,68.46846846846847,60.81081081081081,72.82282282282283
Magomed Zaynukov,Men’s Lightweight,1,1.0,6.0,2.0,0.3333333333333333,0.3333333333333333,0.9,27.0,0.8571428571428572,7.0,5.033333333333333,302.0,0.0,0.0,0.0,3,1,72.97297297297297,77.92792792792793,48.57142857142857,25.71428571428571,17.117117117117118,1.0638297872340425,87.5,11.711711711711708,5.10204081632654,22.52252252252252,80.18018018018019,69.81981981981983,49.08622908622908,9.09047345217558,49.60585585585585,8.406876264019123,19.81981981981982,52.802292088006375
Charlie Campbell,Men’s Lightweight,3,1.0,7.247437774524158,2.635431918008785,0.36363636363636365,0.5,3.964128843338214,90.25,0.5,3.953147877013177,2.5256222547584186,76.66666666666667,0.0,0.6588579795021963,1.0,4,2,86.48648648648648,85.58558558558559,57.61904761904761,46.19047619047619,76.57657657657657,35.1063829787234,25.0,52.25225225225225,74.48979591836735,22.52252252252252,23.423423423423422,3.6036036036035957,63.43200343200343,55.84147977764999,38.626126126126124,63.3710240853098,49.549549549549546,30.13268370411227
Sodiq Yusuff,Men’s Lightweight,8,1.0,1.4799926913941166,0.4933308971313722,0.3333333333333333,0.14285714285714285,2.5598392106705643,311.3333333333333,0.55,3.2888726475424814,2.189841037822035,88.77777777777777,0.4933308971313722,0.0,0.0,7,1,19.81981981981982,23.423423423423422,48.57142857142857,11.428571428571429,55.85585585585585,97.87234042553192,32.69230769230769,55.85585585585586,66.3265306122449,71.17117117117117,80.18018018018019,69.81981981981983,26.606606606606608,76.86409814069388,44.27408177408178,61.09119323405038,63.51351351351351,70.36373107801678
Lance Gibson Jr.,Men’s Lightweight,2,1.0,2.509293680297398,1.6728624535315986,0.6666666666666666,0.5,1.0734200743494424,38.5,0.75,3.345724907063197,0.6970260223048328,50.0,0.0,0.0,0.0,2,1,36.93693693693694,68.46846846846847,93.33333333333333,46.19047619047619,21.62162162162162,2.127659574468085,64.90384615384616,87.38738738738739,93.87755102040816,22.52252252252252,80.18018018018019,69.81981981981983,58.82024882024882,11.874640598044852,76.14561677061678,90.63246920389778,22.07207207207207,80.21082306796593
Thiago Moises,Men’s Lightweight,8,1.0,6.871646718943459,1.8572018159306645,0.2702702702702703,0.6923076923076923,4.850392075938919,156.7,0.33333333333333337,2.228642179116797,2.367932315311597,95.625,0.9286009079653322,0.0,0.0,13,9,82.88288288288288,72.07207207207207,35.23809523809524,73.33333333333333,82.88288288288288,73.40425531914893,8.173076923076923,54.054054054054056,59.183673469387756,84.68468468468468,80.18018018018019,69.81981981981983,63.818103818103815,78.14356910101591,31.11356548856549,56.6188637617209,83.78378378378378,68.8729545872403
Kody Steele,Men’s Lightweight,2,0.8571428571428571,3.9612676056338025,1.584507042253521,0.4,0.3333333333333333,1.4524647887323943,55.0,,0.0,0.6073943661971831,,0.7922535211267605,0.0,0.0,3,1,54.054054054054056,65.76576576576578,63.33333333333333,25.71428571428571,35.13513513513514,11.702127659574469,,91.8918918918919,,82.88288288288288,80.18018018018019,69.81981981981983,47.7005577005577,23.4186313973548,91.8918918918919,91.8918918918919,59.009009009009006,80.63063063063063
Jai Herbert,Men’s Lightweight,8,1.0,2.4423337856173677,0.5233572397751501,0.21428571428571427,0.5714285714285714,2.4888544291529366,285.3333333333333,0.8260869565217391,4.0124055049428184,2.712735026167862,233.25,0.0,0.0,0.0,7,4,36.03603603603604,25.225225225225223,24.285714285714285,57.14285714285714,54.95495495495496,94.68085106382979,81.73076923076923,46.846846846846844,10.204081632653063,22.52252252252252,80.18018018018019,69.81981981981983,39.154869154869154,74.81790300939238,64.28880803880804,28.525464239749954,38.73873873873874,59.50848807991665
Claudio Puelles,Men’s Lightweight,8,1.0,9.497872340425532,3.370212765957447,0.3548387096774194,0.7894736842105263,7.072340425531914,125.9090909090909,0.6,1.5319148936170213,2.67063829787234,261.5,1.0723404255319149,0.4595744680851064,0.0,19,15,93.69369369369369,92.7927927927928,54.761904761904766,80.95238095238095,93.69369369369369,55.319148936170215,39.90384615384615,49.54954954954955,7.142857142857143,89.1891891891892,37.83783783783784,69.81981981981983,76.46932646932646,74.50642131493196,44.72669785169785,28.34620334620335,91.44144144144144,45.33462033462033
Abdul-Kareem Al-Selwady,Men’s Lightweight,2,1.0,6.391220142027114,1.7430600387346675,0.2727272727272727,0.4,1.7721110393802453,61.0,0.5454545454545454,6.391220142027114,1.3750806972240155,28.4,0.0,0.0,0.0,5,2,78.37837837837837,70.27027027027027,36.19047619047619,32.38095238095238,42.34234234234234,14.893617021276595,31.25,76.57657657657658,98.97959183673468,22.52252252252252,80.18018018018019,69.81981981981983,48.98326898326898,28.61797968180947,53.91328828828829,87.77808420665563,32.432432432432435,79.25936140221854
Evan Elder,Men’s Lightweight,5,1.0,3.125,0.48076923076923084,0.15384615384615385,0.3333333333333333,1.374198717948718,171.5,0.4,2.403846153846154,2.0713141025641026,86.16666666666667,0.48076923076923084,1.201923076923077,0.0,9,3,47.74774774774775,21.62162162162162,20.0,25.71428571428571,31.53153153153153,79.7872340425532,12.5,58.55855855855856,68.36734693877551,70.27027027027027,8.108108108108105,69.81981981981983,31.154011154011155,55.65938278704236,35.52927927927928,63.462952748667036,50.9009009009009,47.13029355886499
Rongzhu,Men’s Lightweight,6,1.0,2.9819838475874922,1.8637399047421825,0.625,0.5714285714285714,2.425968109339408,78.1,0.8333333333333334,3.354731828535929,0.6926899979291778,74.33333333333333,0.0,0.5591219714226547,0.3333333333333333,7,4,43.24324324324324,72.97297297297297,90.95238095238095,57.14285714285714,52.25225225225225,28.723404255319153,82.6923076923077,88.2882882882883,76.53061224489795,22.52252252252252,29.729729729729733,22.972972972972975,63.77949377949378,40.4878282537857,85.49029799029799,82.40945026659313,37.387387387387385,45.037384323098614
Dom Mar Fan,Men’s Lightweight,2,1.0,3.169014084507042,0.7922535211267605,0.25,0.5,2.8389084507042255,215.0,0.8181818181818181,8.714788732394366,5.730633802816901,217.0,0.0,0.7922535211267605,1.0,2,1,49.549549549549546,36.03603603603604,30.0,46.19047619047619,60.36036036036037,85.1063829787234,78.84615384615384,9.009009009008999,13.265306122448981,22.52252252252252,18.01801801801802,3.6036036036035957,41.91334191334192,72.73337166954188,43.927581427581416,11.137157565728991,41.44144144144144,10.919593062450202
Kyle Nelson,Men’s Lightweight,8,1.0,4.137517489506296,1.259244453328003,0.30434782608695654,0.36363636363636365,3.0971417149710168,147.57142857142858,0.75,1.4391365180891462,2.980211872876274,497.0,0.0,0.0,0.0,11,4,55.85585585585585,54.95495495495496,40.95238095238095,30.476190476190478,63.96396396396396,70.2127659574468,64.90384615384616,39.63963963963965,2.0408163265306074,22.52252252252252,80.18018018018019,69.81981981981983,42.42814242814243,67.08836496070538,52.27174289674291,20.84022798308513,43.24324324324324,56.946742661028374
Vinc Pichel,Men’s Lightweight,8,1.0,3.4180543382997373,1.1831726555652937,0.34615384615384615,0.35294117647058826,2.2589833479404033,114.55555555555556,0.34375,4.206836108676599,3.3851884312007012,73.57142857142857,0.13146362839614373,0.5258545135845749,0.25,17,6,51.35135135135135,51.35135135135135,52.38095238095239,29.523809523809526,50.45045045045045,50.0,10.576923076923077,32.43243243243243,77.55102040816325,45.04504504504504,32.43243243243243,31.98198198198198,44.418704418704415,50.22522522522522,21.50467775467775,54.99172642029784,47.747747747747745,39.802046944904085
Gabe Green,Men’s Lightweight,6,1.0,1.4289494575284465,0.7144747287642232,0.5,1.0,2.0402222810267268,171.33333333333334,0.5,3.810531886742525,2.643556496427626,83.25,0.4763164858428156,0.4763164858428156,0.0,3,3,18.01801801801802,32.432432432432435,79.52380952380952,96.19047619047619,48.64864864864865,78.72340425531915,25.0,50.450450450450454,71.42857142857142,69.36936936936937,36.03603603603603,69.81981981981983,64.57743457743457,63.686026451983906,37.72522522522523,60.93951093951094,59.009009009009006,55.598455598455594
Billy Quarantillo,Men’s Lightweight,8,1.0,6.893330842518214,1.5131701849430226,0.21951219512195122,0.8571428571428571,3.1804595553895014,126.11111111111111,0.6333333333333333,5.043900616476742,3.2729310666915747,106.18181818181819,0.3362600410984494,0.6725200821968988,0.2,14,12,84.68468468468468,63.96396396396396,25.71428571428571,87.61904761904762,64.86486486486487,56.38297872340425,42.30769230769231,34.23423423423424,53.061224489795926,62.16216216216216,21.62162162162162,36.48648648648649,66.00600600600602,60.62392179413456,38.27096327096328,43.647729362015085,63.513513513513516,33.91861249004106
Richie Miranda,Men’s Lightweight,1,1.0,9.0,1.0,0.1111111111111111,0.6666666666666666,3.8499999999999996,231.0,0.0,1.0,2.816666666666667,169.0,0.0,0.0,0.0,3,2,92.7927927927928,41.891891891891895,13.333333333333334,69.52380952380952,75.67567567567568,89.36170212765957,0.9615384615384616,44.14414414414414,23.469387755102037,22.52252252252252,80.18018018018019,69.81981981981983,58.549978549978555,82.51868890166762,22.5528413028413,33.80676594962309,49.0990990990991,61.2689219832077
Nikolas Motta,Men’s Lightweight,7,0.8571428571428571,0.0,0.0,,,0.5964797913950457,,0.8235294117647058,4.986962190352021,1.9165580182529336,130.66666666666666,0.0,0.29335071707953064,0.0,0,0,3.153153153153153,8.108108108108109,,,10.81081081081081,,80.76923076923077,63.06306306306306,41.83673469387755,22.52252252252252,47.747747747747745,69.81981981981983,3.153153153153153,10.81081081081081,71.91614691614691,52.44989887847031,16.666666666666664,56.67248881534596
Lucas Brennan,Men’s Lightweight,1,1.0,6.0,0.0,0.0,0.6666666666666666,0.7833333333333333,,0.33333333333333337,3.0,6.6,198.0,1.0,0.0,0.0,3,2,72.97297297297297,8.108108108108109,5.714285714285714,69.52380952380952,15.315315315315313,,8.173076923076923,3.6036036036035957,18.3673469387755,85.58558558558559,80.18018018018019,69.81981981981983,49.403689403689405,15.315315315315313,5.888340263340259,10.985475271189548,50.450450450450454,53.66182509039652
Dakota Hope,Men’s Lightweight,1,1.0,3.0,1.0,0.3333333333333333,1.0,1.3,78.0,1.0,1.0,0.38333333333333336,,0.0,0.0,0.0,1,1,44.5945945945946,41.891891891891895,48.57142857142857,96.19047619047619,28.82882882882883,27.659574468085108,97.59615384615384,94.5945945945946,,22.52252252252252,80.18018018018019,69.81981981981983,63.118833118833116,28.24420164845697,96.09537422037423,94.5945945945946,25.675675675675677,81.53153153153153
Damian Rzepecki,Men’s Lightweight,1,1.0,7.0,1.0,0.14285714285714285,0.6666666666666666,5.033333333333333,302.0,0.6666666666666667,6.0,0.9,27.0,0.0,0.0,0.0,3,2,85.58558558558559,41.891891891891895,17.61904761904762,69.52380952380952,84.68468468468468,96.80851063829788,48.55769230769231,83.78378378378379,100.0,22.52252252252252,80.18018018018019,69.81981981981983,57.57614757614758,90.74659766149128,66.17073804573805,91.8918918918919,53.6036036036036,80.63063063063063
Sangwook Kim,Men’s Lightweight,1,1.0,10.0,1.0,0.1,0.6666666666666666,5.5,330.0,0.75,4.0,3.1166666666666667,187.0,0.0,0.0,0.0,3,2,94.5945945945946,41.891891891891895,12.380952380952381,69.52380952380952,87.38738738738738,98.93617021276596,64.90384615384616,38.73873873873874,19.387755102040817,22.52252252252252,80.18018018018019,69.81981981981983,58.833118833118824,93.16177880007666,51.821292446292446,29.06324692038978,54.95495495495495,59.687748973463265
Artur Minev,Men’s Lightweight,1,1.0,1.910828025477707,0.0,0.0,0.0,1.6878980891719746,,0.6470588235294117,32.48407643312102,10.031847133757964,52.5,0.0,0.0,0.0,1,0,25.225225225225223,8.108108108108109,5.714285714285714,4.761904761904762,41.44144144144144,,45.19230769230769,0.9009009009009009,90.81632653061224,22.52252252252252,80.18018018018019,69.81981981981983,11.9004719004719,41.44144144144144,23.046604296604297,45.858613715756576,31.98198198198198,65.28620457191886
Milos Janicic,Men’s Lightweight,1,0.7142857142857143,0.0,0.0,,,0.0,,,0.0,7.4074074074074066,,0.0,11.11111111111111,1.0,0,0,3.153153153153153,8.108108108108109,,,1.3513513513513513,,,2.702702702702702,,22.52252252252252,0.9009009009009009,3.6036036036035957,3.153153153153153,1.3513513513513513,2.702702702702702,2.702702702702702,11.936936936936936,2.4024024024023998
Mandel Nallo,Men’s Lightweight,1,0.7142857142857143,0.0,0.0,,,1.1999999999999997,,,0.0,3.2399999999999998,,0.0,0.0,0.0,0,0,3.153153153153153,8.108108108108109,,,25.225225225225223,,,36.93693693693694,,22.52252252252252,80.18018018018019,69.81981981981983,3.153153153153153,25.225225225225223,36.93693693693694,36.93693693693694,23.873873873873872,62.312312312312315
Elves Brener,Men’s Lightweight,6,1.0,5.928853754940711,0.9881422924901184,0.16666666666666666,0.6363636363636364,1.212121212121212,73.6,0.76,4.940711462450592,2.6976284584980235,136.5,0.0,0.1976284584980237,0.0,11,7,71.17117117117117,38.73873873873874,20.952380952380953,65.71428571428571,27.027027027027028,24.46808510638298,69.23076923076923,47.747747747747745,37.755102040816325,22.52252252252252,55.85585585585586,69.81981981981983,52.612612612612615,25.747556066705002,58.48925848925849,42.75142489428204,24.774774774774777,56.142366856652565
Jamie Mullarkey,Men’s Lightweight,8,1.0,6.5848934796642995,1.9367333763718528,0.29411764705882354,0.7272727272727273,2.798579728857327,86.7,0.8,1.9367333763718528,0.3324725629438347,51.5,0.0,0.5810200129115558,0.25,11,8,79.27927927927928,76.57657657657657,39.04761904761905,76.19047619047619,57.65765765765766,31.914893617021278,75.48076923076923,95.4954954954955,91.83673469387755,22.52252252252252,27.027027027027025,31.98198198198198,64.83912483912484,44.78627563733947,85.48813236313237,93.66611509468652,40.09009009009009,50.89170803456517
Matt Frevola,Men’s Lightweight,8,1.0,3.0275229357798166,1.3761467889908259,0.45454545454545453,0.42857142857142855,1.7844036697247707,77.8,0.2727272727272727,6.055045871559633,4.610091743119266,62.8125,0.27522935779816515,0.27522935779816515,0.0,7,3,45.94594594594595,58.55855855855856,72.85714285714285,35.714285714285715,43.24324324324324,26.595744680851062,4.807692307692308,15.31531531531531,86.73469387755102,57.65765765765766,50.450450450450454,69.81981981981983,51.5057915057915,34.919493962047156,10.061503811503808,51.02500459643316,50.45045045045045,57.098424955567815
Yanal Ashmouz,Men’s Lightweight,4,1.0,8.432432432432433,3.2432432432432434,0.38461538461538464,0.7142857142857143,3.410810810810811,63.1,0.6428571428571428,9.08108108108108,2.881081081081081,53.3,0.0,0.0,0.0,7,5,91.8918918918919,90.990990990991,60.0,74.28571428571429,68.46846846846847,15.957446808510639,43.269230769230774,42.34234234234234,89.79591836734693,22.52252252252252,80.18018018018019,69.81981981981983,75.39253539253541,42.212957638489556,42.805786555786554,66.06913035484463,45.4954954954955,72.02304345161487
Ismael Bonfim,Men’s Lightweight,5,1.0,3.6668175645088277,1.2222725215029426,0.3333333333333333,0.5,1.4259846084200998,70.0,0.7272727272727273,4.481665912177456,3.3952014486192854,166.66666666666666,0.0,1.2222725215029426,0.6666666666666666,4,2,52.25225225225225,54.054054054054056,48.57142857142857,46.19047619047619,33.33333333333333,19.148936170212767,55.769230769230774,31.531531531531535,25.510204081632654,22.52252252252252,7.207207207207212,8.108108108108105,49.004719004719,26.241134751773046,43.65038115038115,28.520867806582096,27.927927927927925,14.61206104063247
Darrius Flowers,Men’s Lightweight,4,1.0,3.829787234042553,1.702127659574468,0.4444444444444444,0.125,1.1134751773049645,39.25,0.6470588235294117,7.234042553191489,4.921985815602836,115.66666666666667,0.425531914893617,0.851063829787234,0.6666666666666666,8,1,53.153153153153156,69.36936936936937,70.47619047619048,10.0,22.52252252252252,4.25531914893617,45.19230769230769,12.612612612612615,50.0,66.66666666666666,15.31531531531531,8.108108108108105,44.54311454311454,13.388920835729346,28.902460152460154,31.306306306306308,44.59459459459459,18.243243243243242
Joe Solecki,Men’s Lightweight,8,1.0,4.1459369817578775,1.658374792703151,0.4,0.4666666666666667,5.550027639579879,200.8,0.1428571428571429,1.1608623548922055,5.760088446655611,347.3333333333333,1.4925373134328357,0.0,0.0,15,7,56.75675675675676,67.56756756756756,63.33333333333333,39.04761904761905,89.1891891891892,81.91489361702128,1.9230769230769231,8.108108108108105,3.061224489795923,95.4954954954955,80.18018018018019,69.81981981981983,53.04590304590304,85.55204140310524,5.015592515592514,5.584666298952014,92.34234234234235,51.861555432984005
Bolaji Oki,Men’s Lightweight,5,1.0,1.872770511296076,1.070154577883472,0.5714285714285714,0.2,1.8014268727705112,101.0,0.75,3.210463733650416,1.805885850178359,135.0,0.0,0.802615933412604,0.3333333333333333,5,1,24.324324324324326,46.846846846846844,85.71428571428571,15.238095238095239,44.14414414414414,38.297872340425535,64.90384615384616,63.96396396396396,39.79591836734694,22.52252252252252,17.11711711711711,22.972972972972975,41.75890175890176,41.22100824228484,64.43390505890505,51.87994116565545,33.33333333333333,30.656677085248514
Shem Rock,Men’s Lightweight,2,1.0,7.5,1.0,0.13333333333333333,0.8333333333333334,0.725,43.5,0.8888888888888888,4.5,2.025,243.0,0.0,0.5,0.0,6,5,87.38738738738738,41.891891891891895,15.238095238095239,85.23809523809524,14.414414414414415,5.319148936170213,90.86538461538461,61.26126126126126,9.183673469387747,22.52252252252252,34.23423423423424,69.81981981981983,62.62119262119262,9.866781675292314,76.06332293832294,35.222467365324505,18.46846846846847,46.42550713979286
Daniel Zellhuber,Men’s Lightweight,7,1.0,0.3213711837171934,0.0,0.0,0.0,0.39903588644884846,,0.8181818181818181,3.535083020889127,0.6079271558650241,56.75,0.3213711837171934,0.0,0.0,2,0,7.207207207207207,8.108108108108109,5.714285714285714,4.761904761904762,7.207207207207207,,78.84615384615384,90.990990990991,88.77551020408163,59.45945945945946,80.18018018018019,69.81981981981983,5.8944658944658945,7.207207207207207,84.91857241857241,89.88325059753632,33.333333333333336,79.9610835325121
Mark Choinski,Men’s Lightweight,1,0.8571428571428571,11.0,2.0,0.18181818181818182,1.0,4.65,139.5,,0.0,0.6333333333333333,,0.0,0.0,0.0,3,3,97.2972972972973,77.92792792792793,21.904761904761905,96.19047619047619,80.18018018018019,63.829787234042556,,90.0900900900901,,22.52252252252252,80.18018018018019,69.81981981981983,71.7975117975118,72.00498370711136,90.0900900900901,90.0900900900901,51.351351351351354,80.03003003003003
Michael Aswell,Men’s Lightweight,1,0.7142857142857143,0.0,0.0,,,0.0,,,0.0,0.0,,0.0,0.0,0.0,0,0,3.153153153153153,8.108108108108109,,,1.3513513513513513,,,99.54954954954955,,22.52252252252252,80.18018018018019,69.81981981981983,3.153153153153153,1.3513513513513513,99.54954954954955,99.54954954954955,11.936936936936936,83.18318318318319
Trey Ogden,Men’s Lightweight,7,1.0,5.814892586011952,1.8898400904538846,0.325,0.5625,4.106767888870942,130.3846153846154,1.0,0.43611694395089645,2.115167178161848,,0.726861573251494,0.0,0.0,16,9,69.36936936936937,75.67567567567568,45.714285714285715,54.761904761904766,77.47747747747748,58.51063829787234,97.59615384615384,56.75675675675676,,80.18018018018019,80.18018018018019,69.81981981981983,56.615186615186616,67.99405788767491,77.17645530145529,56.75675675675676,78.82882882882883,68.91891891891892
Michael Chandler,Men’s Lightweight,8,1.0,4.534461910519952,1.6324062877871826,0.36,0.7272727272727273,2.81136638452237,103.33333333333333,0.5625,2.902055622732769,4.328899637243047,204.57142857142858,0.18137847642079807,0.7255139056831923,0.16666666666666666,11,8,61.261261261261254,66.66666666666666,56.19047619047619,76.19047619047619,59.45945945945946,39.361702127659576,35.57692307692308,18.01801801801802,17.3469387755102,53.153153153153156,19.81981981981982,38.73873873873874,64.54740454740454,49.41058079355952,26.79747054747055,17.68247839676411,56.30630630630631,25.413678985107556
Mitch Ramirez,Men’s Lightweight,3,1.0,1.386748844375963,0.0,0.0,0.0,0.30046224961479195,,0.33333333333333337,4.160246533127889,8.60939907550077,186.25,0.0,2.773497688751926,0.3333333333333333,2,0,16.216216216216218,8.108108108108109,5.714285714285714,4.761904761904762,5.405405405405405,,8.173076923076923,1.8018018018018087,20.40816326530612,22.52252252252252,1.8018018018018087,22.972972972972975,8.8974688974689,5.405405405405405,4.987439362439366,11.104982533553963,13.963963963963963,11.959919102776249
Damon Jackson,Men’s Lightweight,8,1.0,6.702898550724639,2.1739130434782608,0.32432432432432434,0.5625,6.1231884057971016,169.0,0.41666666666666663,2.1739130434782608,2.856280193236715,135.14285714285714,0.36231884057971014,0.36231884057971014,0.25,16,9,80.18018018018019,81.08108108108108,44.761904761904766,54.761904761904766,90.09009009009009,77.6595744680851,13.942307692307693,43.24324324324324,38.775510204081634,64.86486486486487,42.34234234234234,31.98198198198198,59.90132990132991,83.8748322790876,28.592775467775468,41.00937672366244,77.47747747747748,38.44456701599559
Guram Kutateladze,Men’s Lightweight,5,1.0,4.093700250170571,0.6140550375255857,0.15,0.7777777777777778,1.4771435069365477,144.33333333333334,0.75,7.368660450307027,2.72231066636343,88.66666666666667,0.0,0.0,0.0,9,7,54.95495495495496,30.630630630630627,19.047619047619047,80.0,36.03603603603604,65.95744680851064,64.90384615384616,45.945945945945944,67.34693877551021,22.52252252252252,80.18018018018019,69.81981981981983,51.33419133419133,50.99674142227334,55.42489604989605,56.646442360728074,29.27927927927928,68.88214745357602
Maheshate,Men’s Lightweight,6,1.0,1.9607843137254903,0.0,0.0,0.5,0.054466230936819175,,0.47058823529411764,3.7037037037037037,2.676107480029049,81.88888888888889,0.0,0.0,0.0,4,2,27.027027027027028,8.108108108108109,5.714285714285714,46.19047619047619,2.7027027027027026,,19.230769230769234,48.64864864864865,72.44897959183673,22.52252252252252,80.18018018018019,69.81981981981983,26.31059631059631,2.7027027027027026,33.93970893970894,60.548814120242696,12.612612612612612,70.1829380400809
Anshul Jubli,Men’s Lightweight,3,1.0,6.802721088435374,1.3605442176870748,0.2,1.0,4.897959183673469,216.0,1.0,0.6802721088435374,0.12471655328798185,,0.6802721088435374,0.0,0.0,4,4,81.98198198198197,56.75675675675676,22.857142857142858,96.19047619047619,83.78378378378379,86.17021276595744,97.59615384615384,98.1981981981982,,79.27927927927928,80.18018018018019,69.81981981981983,67.00986700986701,84.97699827487062,97.89717602217601,98.1981981981982,81.53153153153153,82.73273273273274
Jordan Vucenic,Men’s Lightweight,2,1.0,4.430379746835443,0.6329113924050632,0.14285714285714285,1.0,2.9957805907173,284.0,0.4444444444444444,5.69620253164557,6.139240506329114,116.4,0.0,0.6329113924050632,0.5,3,3,59.45945945945946,31.53153153153153,17.61904761904762,96.19047619047619,62.16216216216216,93.61702127659575,16.826923076923077,6.306306306306304,48.97959183673469,22.52252252252252,24.32432432432433,12.162162162162154,57.75632775632776,77.88959171937896,11.56661469161469,27.642949071520498,42.34234234234234,21.37647851933566
Viacheslav Borshchev,Men’s Lightweight,8,1.0,0.1638747268754552,0.0,0.0,0.0,0.6882738528769119,,0.475,6.5549890750182085,3.9111434814275317,68.19047619047619,0.1638747268754552,1.3109978150036417,0.4,1,0,6.306306306306306,8.108108108108109,5.714285714285714,4.761904761904762,13.513513513513514,,21.153846153846153,22.52252252252253,83.67346938775509,46.846846846846844,5.405405405405396,16.216216216216218,5.594165594165594,13.513513513513514,21.83818433818434,53.09799595513881,30.18018018018018,24.906539192253476
Rolando Bedoya,Men’s Lightweight,4,1.0,1.75,0.0,0.0,0.16666666666666666,0.4916666666666666,,0.75,5.0,2.029166666666667,97.4,0.25,0.0,0.0,6,1,22.52252252252252,8.108108108108109,5.714285714285714,13.333333333333334,8.108108108108109,,64.90384615384616,60.36036036036036,58.163265306122454,55.85585585585585,80.18018018018019,69.81981981981983,13.856713856713858,8.108108108108109,62.63210325710326,59.26181283324141,31.98198198198198,69.75393761108047
Ottman Azaitar,Men’s Lightweight,5,0.8571428571428571,0.0,0.0,,,0.2268683274021352,,1.0,4.00355871886121,0.8407473309608541,,0.0,0.0,0.0,0,0,3.153153153153153,8.108108108108109,,,3.6036036036036037,,97.59615384615384,84.68468468468468,,22.52252252252252,80.18018018018019,69.81981981981983,3.153153153153153,3.6036036036036037,91.14041926541927,84.68468468468468,13.063063063063062,78.22822822822822
Lando Vannata,Men’s Lightweight,8,1.0,3.227023966786186,1.0190602000377431,0.3157894736842105,0.25,1.3417625967163618,79.0,0.6470588235294117,5.774674466880543,2.2532553311945653,66.33333333333333,0.16984336667295716,0.3396867333459143,0.2,12,3,50.45045045045045,45.04504504504504,43.80952380952381,18.095238095238095,30.630630630630627,29.78723404255319,45.19230769230769,54.95495495495495,85.71428571428571,48.64864864864865,45.04504504504505,36.48648648648649,37.45173745173745,30.208932336591907,50.07363132363132,70.33462033462033,39.63963963963964,50.62205062205063
Damir Hadzovic,Men’s Lightweight,8,1.0,1.7688679245283019,1.0613207547169812,0.6,0.42857142857142855,1.2971698113207546,73.33333333333333,0.38095238095238093,7.429245283018868,6.450471698113208,84.15384615384616,0.1768867924528302,0.7075471698113208,0.2,7,3,23.423423423423422,45.94594594594595,89.04761904761904,35.714285714285715,27.927927927927925,23.404255319148938,11.538461538461538,4.504504504504503,70.40816326530611,52.25225225225225,20.720720720720713,36.48648648648649,49.39510939510939,25.66609162353843,8.021483021483022,37.456333884905305,40.09009009009009,31.554513697370837
Clay Guida,Men’s Lightweight,8,1.0,7.666098807495742,1.8739352640545144,0.24444444444444444,0.6,3.4355479840999434,110.0,0.5454545454545454,1.8739352640545144,1.7972742759795572,126.6,0.34071550255536626,0.8517887563884157,0.4,15,9,88.28828828828829,73.87387387387388,28.57142857142857,61.904761904761905,69.36936936936937,46.27659574468085,31.25,64.86486486486487,43.87755102040817,63.06306306306306,14.414414414414416,16.216216216216218,59.58815958815959,57.82298255702511,48.057432432432435,54.37120794263652,66.21621621621621,28.33394619108905
Trevor Peek,Men’s Lightweight,5,1.0,2.7699410105155167,1.3849705052577583,0.5,0.5,2.4390869453706077,105.66666666666667,0.5319148936170213,10.848935624519106,5.097460887407027,60.22727272727273,0.0,0.4616568350859195,0.0,6,3,41.44144144144144,60.36036036036037,79.52380952380952,46.19047619047619,53.153153153153156,40.42553191489361,29.807692307692307,10.810810810810814,87.75510204081633,22.52252252252252,36.93693693693694,69.81981981981983,55.71857571857572,46.78934253402338,20.30925155925156,49.282956425813566,37.83783783783784,52.01323772752344
Jeremy Stephens,Men’s Lightweight,8,1.0,0.9554140127388535,0.7165605095541402,0.75,0.5,1.4410828025477709,120.66666666666667,0.5185185185185186,6.449044585987261,3.5031847133757963,67.6923076923077,0.23885350318471338,0.47770700636942676,0.2857142857142857,2,1,13.513513513513514,34.234234234234236,95.71428571428572,46.19047619047619,34.234234234234236,53.191489361702125,28.846153846153843,29.729729729729733,84.6938775510204,54.95495495495496,35.13513513513512,28.828828828828826,51.80609180609181,43.71286179796818,29.28794178794179,57.21180364037507,44.5945945945946,40.391922534779674
Roosevelt Roberts,Men’s Lightweight,8,1.0,4.434490481522956,0.6047032474804032,0.13636363636363635,0.5,2.150055991041433,213.33333333333334,0.4736842105263158,3.829787234042553,5.932810750279955,176.6,0.6047032474804032,0.8062709966405375,0.4,10,5,60.36036036036037,29.72972972972973,16.19047619047619,46.19047619047619,49.549549549549546,84.04255319148936,20.192307692307693,7.207207207207212,21.428571428571434,76.57657657657657,16.216216216216218,16.216216216216218,40.91377091377091,66.79605137051945,13.699757449757453,14.317889317889323,63.063063063063055,15.583440583440586
Kyle Prepolec,Men’s Lightweight,5,1.0,1.9613947696139475,0.0,0.0,0.16666666666666666,0.26618929016189286,,0.41666666666666663,3.3623910336239105,4.319738480697384,132.14285714285714,0.0,0.5603985056039851,0.2,6,1,27.927927927927925,8.108108108108109,5.714285714285714,13.333333333333334,4.504504504504505,,13.942307692307693,18.918918918918926,40.816326530612244,22.52252252252252,28.828828828828826,36.48648648648649,15.65851565851566,4.504504504504505,16.43061330561331,29.867622724765585,13.513513513513512,31.7276460133603
Austin Hubbard,Men’s Lightweight,8,1.0,7.9802955665024635,2.0689655172413794,0.25925925925925924,0.9411764705882353,3.073891625615764,89.14285714285714,0.9444444444444444,2.6600985221674875,1.7118226600985222,695.0,0.1477832512315271,0.44334975369458124,0.3333333333333333,17,16,90.990990990991,80.18018018018019,31.428571428571427,91.42857142857143,63.06306306306306,32.97872340425532,93.26923076923077,67.56756756756758,1.0204081632653061,45.94594594594595,39.63963963963965,22.972972972972975,71.28271128271128,48.020893233659194,80.41839916839918,34.29398786541644,54.50450450450451,32.30220015934302
James Llontop,Men’s Lightweight,3,1.0,2.604920405209841,0.0,0.0,1.0,0.6150506512301014,,0.25,1.7366136034732274,0.7163531114327062,33.0,0.0,0.43415340086830684,0.3333333333333333,2,2,37.83783783783784,8.108108108108109,5.714285714285714,96.19047619047619,11.711711711711711,,3.3653846153846154,86.4864864864865,96.93877551020408,22.52252252252252,40.54054054054053,22.972972972972975,46.58086658086658,11.711711711711711,44.925935550935556,91.71263099834529,17.117117117117118,51.7420481706196
Kurt Holobaugh,Men’s Lightweight,8,1.0,2.3503415026114904,0.7231820008035356,0.3076923076923077,0.5714285714285714,2.033949377259944,168.75,0.3125,5.7854560064282845,6.300723182000803,95.04545454545455,0.5423865006026517,0.9039775010044194,0.3333333333333333,7,4,35.13513513513514,35.13513513513514,41.904761904761905,57.14285714285714,46.846846846846844,76.59574468085107,5.769230769230769,5.405405405405396,60.204081632653065,74.77477477477478,13.513513513513523,22.972972972972975,44.72758472758472,61.72129576384896,5.587318087318083,32.80474351902923,60.810810810810814,23.09707666850524
Dricus Du Plessis,Men’s Middleweight,8,1.0,3.4293399081026563,2.017258769472151,0.5882352941176471,0.4444444444444444,1.4894093914602713,44.3,0.48275862068965514,2.9250252157346184,2.5703238821024317,101.93333333333334,0.7060405693152527,0.10086293847360753,0.0,18,8,50.0,72.09302325581395,83.75,31.25,33.72093023255814,2.8169014084507045,30.864197530864196,47.674418604651166,59.15492957746479,76.74418604651163,56.97674418604651,66.86046511627907,55.0,18.26891582050442,39.26930806775768,53.414674091057975,55.23255813953489,59.08396113112786
Brendan Allen,Men’s Middleweight,8,1.0,4.614105584037689,1.7458777885548011,0.3783783783783784,0.47058823529411764,4.884300956075931,167.85714285714286,0.6111111111111112,2.244700013856173,3.3109325204378552,227.57142857142858,0.6235277816267146,0.24941111265068588,0.0,17,8,66.27906976744185,66.27906976744185,51.24999999999999,33.75,75.5813953488372,66.19718309859155,48.148148148148145,36.04651162790697,16.90140845070423,68.6046511627907,46.51162790697675,66.86046511627907,50.42635658914728,70.88928922371437,42.09732988802756,26.473960039305602,72.09302325581396,46.61535102085381
Sean Strickland,Men’s Middleweight,8,1.0,0.17470639619528291,0.08735319809764146,0.5,0.0,0.6930020382412889,476.0,0.43333333333333335,2.620595942929244,0.9259438998349995,37.411764705882355,0.0,0.0,0.0,2,0,9.30232558139535,18.6046511627907,75.0,8.125,15.11627906976744,97.1830985915493,25.925925925925924,77.90697674418605,95.77464788732394,23.837209302325583,79.65116279069768,66.86046511627907,30.809108527131784,56.14968883065837,51.91645133505599,86.84081231575499,19.47674418604651,77.78414674091057
Kamaru Usman,Men’s Middleweight,8,1.0,4.914346895074947,1.5417558886509637,0.3137254901960784,0.5652173913043478,3.287473233404711,127.9375,0.8529411764705882,3.276231263383298,1.173982869379015,146.2,0.0,0.19271948608137046,0.0,23,13,69.76744186046511,61.627906976744185,40.0,47.5,61.627906976744185,54.929577464788736,76.5432098765432,70.93023255813954,36.619718309859145,23.837209302325583,53.48837209302325,66.86046511627907,52.422480620155035,58.27874222076646,73.73672121734137,53.774975433999344,42.73255813953489,58.04127088110056
Khamzat Chimaev,Men’s Middleweight,8,1.0,9.402985074626866,5.373134328358209,0.5714285714285714,0.8235294117647058,7.875,87.9375,0.875,1.3432835820895523,0.6828358208955223,244.0,1.1753731343283582,0.16791044776119404,0.0,17,14,87.20930232558139,96.51162790697676,81.25,75.625,96.51162790697676,23.943661971830984,79.62962962962963,83.72093023255815,12.676056338028168,88.37209302325581,55.81395348837209,66.86046511627907,81.36143410852713,60.22764493940387,81.67527993109388,48.198493285293154,92.44186046511629,56.9576372966481
Nassourdine Imavov,Men’s Middleweight,8,1.0,1.998026640355205,0.7770103601381352,0.3888888888888889,0.5,2.057227429699063,158.85714285714286,0.88,2.77503700049334,3.174642328564381,572.0,0.44400592007893436,0.0,0.0,8,4,34.883720930232556,41.86046511627907,52.5,39.375,43.02325581395349,63.38028169014085,81.48148148148148,39.53488372093023,1.408450704225352,62.7906976744186,79.65116279069768,66.86046511627907,42.252906976744185,53.20176875204717,60.50818260120586,20.471667212577792,52.906976744186046,55.66109837318484
Gregory Rodrigues,Men’s Middleweight,8,1.0,5.926829268292683,1.5365853658536586,0.25925925925925924,0.6363636363636364,2.9231707317073172,114.14285714285714,0.625,1.7560975609756098,0.9878048780487805,90.0,0.21951219512195122,0.0,0.0,11,7,75.5813953488372,60.46511627906976,28.749999999999996,56.25,54.65116279069767,45.07042253521127,51.23456790123457,75.5813953488372,70.42253521126761,51.162790697674424,79.65116279069768,66.86046511627907,53.52713178294573,49.860792662954466,63.40798162503589,73.00196528005242,52.906976744186046,73.17119772900972
Caio Borralho,Men’s Middleweight,8,1.0,2.5203360448059744,1.0801440192025602,0.42857142857142855,0.35714285714285715,3.25443392452327,180.77777777777777,0.7647058823529411,2.0402720362715026,1.2021602880384052,150.25,0.4800640085344713,0.0,0.0,14,5,41.86046511627907,47.674418604651166,58.75,29.375,60.46511627906976,71.83098591549296,71.60493827160494,68.6046511627907,35.2112676056338,63.95348837209303,79.65116279069768,66.86046511627907,43.32848837209303,66.14805109728135,70.10479471719782,51.90795938421225,62.20930232558139,66.13986243039632
Joe Pyfer,Men’s Middleweight,8,1.0,5.018587360594796,1.254646840148699,0.25,0.875,1.6275557620817844,77.83333333333333,0.6666666666666667,1.254646840148699,1.320864312267658,189.5,0.8364312267657993,0.41821561338289964,0.0,8,7,72.09302325581395,54.65116279069767,26.875,83.125,34.883720930232556,16.901408450704224,56.79012345679012,67.44186046511628,26.76056338028169,80.23255813953489,38.372093023255815,66.86046511627907,60.69767441860464,25.89256469046839,62.115991960953195,47.10121192269898,57.55813953488372,50.777923354077956
Vicente Luque,Men’s Middleweight,8,1.0,2.6466009340944474,1.2454592631032693,0.47058823529411764,0.5,2.1821484172288534,105.125,0.5217391304347826,3.5806953814219,3.2641411520498185,114.36363636363636,0.3113648157758173,0.46704722366372603,0.2,10,5,46.51162790697674,53.48837209302325,68.75,39.375,46.51162790697674,36.61971830985916,35.18518518518518,38.372093023255815,50.70422535211268,54.65116279069767,33.72093023255814,29.06976744186047,51.54554263565891,41.565673108417954,36.7786391042205,44.53815918768424,50.581395348837205,35.77628562070095
Anthony Hernandez,Men’s Middleweight,8,1.0,13.57843855280504,6.327816024608174,0.46601941747572817,0.8333333333333334,8.590889116742348,81.45833333333333,0.6,0.6591475025633514,1.1425223377764757,260.0,1.5819540061520434,0.5273180020506811,0.0,24,20,97.67441860465115,100.0,67.5,78.125,97.67441860465115,19.718309859154928,46.2962962962963,73.25581395348838,8.45070422535212,94.18604651162791,27.906976744186046,66.86046511627907,81.09980620155038,58.69636423190304,59.77605512489234,40.85325908942025,95.93023255813952,45.206900316628456
Christian Leroy Duncan,Men’s Middleweight,8,1.0,2.2051102555127757,0.31501575078753935,0.14285714285714285,0.3,3.095029751487574,589.5,0.5757575757575757,5.197759887994399,4.59397969898495,125.0,0.0,0.0,0.0,10,3,38.372093023255815,24.418604651162788,15.625,25.0,56.97674418604651,98.59154929577466,44.44444444444444,18.604651162790695,45.070422535211264,23.837209302325583,79.65116279069768,66.86046511627907,26.33236434108527,77.78414674091059,31.52454780361757,31.83753684900098,40.406976744186046,59.449721585325904
Israel Adesanya,Men’s Middleweight,8,1.0,0.8583690987124463,0.10729613733905578,0.125,0.3333333333333333,0.7260371959942774,406.0,0.6857142857142857,3.7553648068669525,1.6917024320457796,86.0,0.0,0.21459227467811157,0.2,6,2,19.767441860465116,19.767441860465116,13.750000000000002,26.875,17.441860465116278,95.77464788732394,60.49382716049383,59.302325581395344,73.2394366197183,23.837209302325583,49.99999999999999,29.06976744186047,20.13081395348837,56.60825417622011,59.89807637094459,66.27088110055682,20.63953488372093,48.44688284747243
Bo Nickal,Men’s Middleweight,7,1.0,4.704344985298922,2.352172492649461,0.5,0.5,5.013067624959164,127.875,1.0,2.6461940542306435,0.9408689970597846,,1.470107807905913,0.0,0.0,8,4,67.44186046511628,77.90697674418605,75.0,39.375,79.06976744186046,53.52112676056338,94.44444444444444,76.74418604651164,,93.02325581395348,79.65116279069768,66.86046511627907,60.605620155038764,66.29544710121192,85.59431524547804,76.74418604651164,86.04651162790697,74.4186046511628
Shara Magomedov,Men’s Middleweight,7,1.0,0.15413598218873095,0.0,0.0,0.0,0.4341496831649255,,0.7333333333333334,4.624079465661929,3.6735742421647544,178.75,0.0,0.0,0.0,1,0,8.13953488372093,9.30232558139535,6.25,8.125,6.976744186046512,,67.90123456790124,32.558139534883715,29.577464788732392,23.837209302325583,79.65116279069768,66.86046511627907,7.50484496124031,6.976744186046512,50.229687051392474,31.067802161808054,15.406976744186046,59.1931433562616
Ikram Aliskerov,Men’s Middleweight,6,1.0,4.7560975609756095,3.6585365853658534,0.7692307692307693,0.8333333333333334,5.682926829268292,93.2,1.0,0.7317073170731707,0.17682926829268295,,0.36585365853658536,0.0,0.0,6,5,68.6046511627907,91.86046511627907,90.0,78.125,86.04651162790698,27.464788732394368,94.44444444444444,97.67441860465117,,59.30232558139535,79.65116279069768,66.86046511627907,78.90988372093024,56.755650180150674,96.0594315245478,97.67441860465117,72.67441860465117,81.39534883720931
Ateba Gautier,Men’s Middleweight,5,1.0,0.544464609800363,0.544464609800363,1.0,0.0,0.04537205081669691,5.0,1.0,2.722323049001815,0.6261343012704174,,0.0,0.0,0.0,1,0,12.790697674418606,32.55813953488372,96.875,8.125,4.651162790697675,1.4084507042253522,94.44444444444444,88.37209302325581,,23.837209302325583,79.65116279069768,66.86046511627907,39.26356589147287,3.0298067474615133,91.40826873385012,88.37209302325581,14.24418604651163,78.29457364341086
JunYong Park,Men’s Middleweight,8,1.0,3.5603715170278636,1.0835913312693497,0.30434782608695654,0.7,4.109907120743034,227.57142857142858,0.5714285714285714,7.585139318885449,3.7822497420020635,69.80952380952381,1.0835913312693497,0.0,0.0,10,7,51.162790697674424,48.837209302325576,37.5,65.0,68.6046511627907,83.09859154929578,43.20987654320987,29.06976744186047,81.69014084507043,86.04651162790698,79.65116279069768,66.86046511627907,51.220930232558146,75.85162135604324,36.139821992535175,55.379954143465454,77.32558139534885,67.29719401681406
Nursulton Ruziboev,Men’s Middleweight,6,1.0,1.7006802721088434,1.3605442176870748,0.8,0.25,2.4036281179138324,106.0,0.33333333333333337,3.0612244897959187,3.633786848072562,106.83333333333333,0.3401360544217687,0.6802721088435374,0.0,4,1,31.3953488372093,55.81395348837209,91.25,20.0,48.837209302325576,39.436619718309856,13.580246913580247,33.72093023255814,53.521126760563384,55.81395348837209,19.76744186046512,66.86046511627907,47.5484496124031,44.136914510317716,23.650588573069193,43.62102849656076,52.325581395348834,43.416311824434985
Roman Dolidze,Men’s Middleweight,8,1.0,1.7737485218762319,0.5912495072920773,0.3333333333333333,0.2727272727272727,3.005518328734726,305.0,0.3125,1.8919984233346474,1.73433188805676,80.0,0.3547497043752464,0.23649980291683093,0.25,11,3,32.55813953488372,33.72093023255814,45.0,23.75,55.81395348837209,94.36619718309859,9.876543209876543,56.97674418604651,77.46478873239437,56.97674418604651,48.837209302325576,23.255813953488364,33.76937984496124,75.09007533573535,33.426643697961524,67.22076645922044,56.3953488372093,46.43792990501146
Jacob Malkoun,Men’s Middleweight,8,1.0,12.612612612612612,5.405405405405405,0.42857142857142855,0.85,7.127127127127127,79.11111111111111,0.5555555555555556,1.3513513513513513,1.3988988988988988,139.75,0.7507507507507507,0.45045045045045046,0.0,20,17,96.51162790697676,97.67441860465115,58.75,80.0,93.02325581395348,18.30985915492958,39.50617283950617,63.95348837209302,38.028169014084504,77.90697674418605,36.04651162790697,66.86046511627907,78.42054263565892,55.66655748444153,51.72983060579959,50.99082869308876,85.46511627906978,51.2992684790916
Edmen Shahbazyan,Men’s Middleweight,8,1.0,1.267605633802817,0.4225352112676056,0.3333333333333333,0.25,1.2816901408450703,182.0,0.7105263157894737,8.028169014084506,2.151408450704225,55.54545454545455,0.2112676056338028,1.0563380281690142,0.3333333333333333,4,1,24.418604651162788,30.23255813953488,45.0,20.0,29.069767441860467,73.23943661971832,62.96296296296296,51.16279069767442,90.14084507042253,50.0,11.62790697674418,16.27906976744186,29.806201550387595,51.15460203078939,57.062876830318686,70.65181788404847,39.53488372093023,32.852931542744834
Abus Magomedov,Men’s Middleweight,8,1.0,4.227156276686593,2.497865072587532,0.5909090909090909,0.6,3.8748932536293768,93.07692307692308,1.0,0.9607173356105894,1.1528608027327072,,0.5764304013663536,0.5764304013663536,0.3333333333333333,10,6,63.95348837209303,81.3953488372093,85.0,50.625,66.27906976744185,25.352112676056336,94.44444444444444,72.09302325581396,,67.44186046511628,24.418604651162788,16.27906976744186,66.52616279069768,45.815591221749095,83.2687338501292,72.09302325581396,66.86046511627907,37.5968992248062
Reinier de Ridder,Men’s Middleweight,6,1.0,8.766233766233768,2.556818181818182,0.2916666666666667,0.875,5.113636363636364,120.0,0.4,0.9131493506493508,3.7256493506493507,408.0,0.5478896103896105,0.18262987012987014,0.0,16,14,84.88372093023256,83.72093023255815,33.75,83.125,80.23255813953489,52.112676056338024,20.37037037037037,31.395348837209305,2.816901408450697,65.11627906976744,54.651162790697676,66.86046511627907,67.25290697674419,66.17261709793645,25.88285960378984,17.10612512283,72.67441860465117,46.20591767660225
Michel Pereira,Men’s Middleweight,8,1.0,1.0548523206751057,0.4219409282700422,0.4,0.25,1.417018284106892,201.5,0.6666666666666667,7.59493670886076,3.902953586497891,92.5,0.6329113924050633,0.2109704641350211,0.0,4,1,20.930232558139537,29.069767441860467,53.75,20.0,32.55813953488372,78.87323943661971,56.79012345679012,26.744186046511622,67.6056338028169,70.93023255813954,51.16279069767442,66.86046511627907,31.560077519379846,55.71568948575172,41.76715475165087,47.17490992466426,51.74418604651163,55.06605524620591
Roman Kopylov,Men’s Middleweight,8,1.0,2.736948808920426,1.368474404460213,0.5,0.625,1.933603649265079,84.77777777777777,0.8846153846153846,3.953370501773948,0.8819057273188039,116.0,0.0,0.456158134820071,0.3333333333333333,8,5,48.837209302325576,58.139534883720934,75.0,53.75,38.372093023255815,21.12676056338028,83.9506172839506,79.06976744186046,49.29577464788733,23.837209302325583,34.88372093023256,16.27906976744186,59.19573643410852,29.749426793318047,81.51019236290554,64.1827710448739,31.1046511627907,38.44852058084944
Jared Cannonier,Men’s Middleweight,8,1.0,2.6865671641791047,1.204323211528564,0.4482758620689655,0.5625,2.8008234688625837,139.53846153846155,0.6153846153846154,1.204323211528564,0.6469377251672672,83.8,0.0,0.09264024704065878,0.0,16,9,47.674418604651166,51.162790697674424,65.0,46.25,52.32558139534884,57.74647887323944,49.382716049382715,86.04651162790698,74.64788732394365,23.837209302325583,58.13953488372093,66.86046511627907,52.97480620155039,55.03603013429414,67.71461383864485,80.34719947592532,38.08139534883721,68.4490664919751
Cam Rowston,Men’s Middleweight,3,1.0,3.9154754505904292,1.678060907395898,0.42857142857142855,0.6666666666666666,7.178371659415786,256.6666666666667,1.0,0.5593536357986327,0.2237414543194531,,0.0,0.5593536357986327,0.0,3,2,59.30232558139535,65.11627906976744,58.75,60.0,94.18604651162791,85.91549295774648,94.44444444444444,95.34883720930233,,23.837209302325583,25.581395348837212,66.86046511627907,59.35077519379845,90.0507697346872,94.89664082687338,95.34883720930233,59.01162790697674,62.59689922480621
Baisangur Susurkaev,Men’s Middleweight,3,1.0,8.67579908675799,2.28310502283105,0.2631578947368421,0.8,4.018264840182648,105.6,1.0,0.91324200913242,1.3318112633181125,,0.91324200913242,0.0,0.0,5,4,82.55813953488372,76.74418604651163,30.0,73.75,67.44186046511628,38.028169014084504,94.44444444444444,66.27906976744187,,81.3953488372093,79.65116279069768,66.86046511627907,62.10271317829457,52.73501473960039,80.36175710594316,66.27906976744187,74.41860465116278,70.93023255813954
Kelvin Gastelum,Men’s Middleweight,8,1.0,2.622169249106079,0.7151370679380216,0.2727272727272727,0.5384615384615384,1.132300357568534,95.0,0.44999999999999996,2.3837902264600714,2.0321811680572113,93.0,0.0,0.4767580452920143,0.4,13,7,44.18604651162791,39.53488372093023,31.25,45.0,27.906976744186046,30.985915492957744,27.160493827160494,55.81395348837209,66.19718309859155,23.837209302325583,32.558139534883715,11.62790697674418,40.145348837209305,29.446446118571895,41.48722365776629,61.00556829348182,25.872093023255815,35.063871601703234
Brunno Ferreira,Men’s Middleweight,8,1.0,4.423691324649791,1.1059228311624478,0.25,0.625,0.9990169574834111,54.2,0.5,4.866060457114771,3.3767510444826745,83.27272727272727,0.6635536986974687,0.8847382649299582,0.3333333333333333,8,5,65.11627906976744,50.0,26.875,53.75,25.581395348837212,5.633802816901409,33.33333333333333,34.88372093023256,76.05633802816902,73.25581395348837,13.953488372093029,16.27906976744186,48.58042635658915,15.60759908286931,34.10852713178295,55.47002947920079,49.418604651162795,28.567529206245226
Michal Oleksiejczuk,Men’s Middleweight,8,1.0,3.5765895953757227,1.6257225433526012,0.45454545454545453,0.6666666666666666,1.9454479768786128,71.8,1.0,1.6257225433526012,0.4389450867052024,,0.0,0.9754335260115606,0.75,6,4,52.32558139534884,63.95348837209303,66.25,60.0,39.53488372093023,12.676056338028168,94.44444444444444,93.0232558139535,,23.837209302325583,12.790697674418604,4.651162790697663,59.525193798449614,26.1054700294792,93.73385012919897,93.0232558139535,31.686046511627907,36.82170542635659
Ismail Naurdiev,Men’s Middleweight,7,1.0,3.6091870215092965,1.4764855997083486,0.4090909090909091,0.5,2.8736784542471745,116.77777777777777,0.7317073170731707,6.726212176449143,5.225118483412322,173.72727272727272,0.16405395552314983,0.32810791104629966,0.0,10,5,54.65116279069767,59.30232558139535,55.00000000000001,39.375,53.48837209302325,46.478873239436616,66.66666666666666,9.302325581395346,30.98591549295775,47.674418604651166,43.02325581395348,66.86046511627907,49.67538759689922,49.983622666229934,37.984496124031004,20.144120537176548,50.581395348837205,43.3426138224697
Eryk Anders,Men’s Middleweight,8,1.0,12.04250295159386,2.479338842975207,0.20588235294117646,0.8235294117647058,6.313459268004722,152.78571428571428,0.875,2.833530106257379,1.3931523022432113,236.0,0.0,0.5312868949232585,0.25,17,14,94.18604651162791,80.23255813953489,25.0,75.625,89.53488372093024,61.97183098591549,79.62962962962963,65.11627906976744,15.492957746478872,23.837209302325583,26.744186046511622,23.255813953488364,64.93701550387597,75.75335735342287,72.37295434969855,40.30461840812316,56.68604651162791,30.101539469374384
Yousri Belgaroui,Men’s Middleweight,2,1.0,0.6105834464043419,0.6105834464043419,1.0,0.0,1.007462686567164,99.0,0.5625,9.76933514246947,3.3073270013568523,46.42857142857143,0.0,0.0,0.0,1,0,13.953488372093023,34.883720930232556,96.875,8.125,26.744186046511626,33.80281690140845,40.74074074074074,37.20930232558139,92.95774647887325,23.837209302325583,79.65116279069768,66.86046511627907,39.651162790697676,30.27350147396004,38.97502153316107,65.08352440222731,25.290697674418603,70.53171743640135
Damian Pinas,Men’s Middleweight,2,1.0,2.0737327188940093,0.0,0.0,0.0,1.7972350230414749,,0.8571428571428572,14.516129032258064,2.108294930875576,61.0,0.0,0.0,0.0,1,0,36.04651162790697,9.30232558139535,6.25,8.125,36.04651162790697,,77.77777777777779,52.32558139534884,87.32394366197184,23.837209302325583,79.65116279069768,66.86046511627907,16.807170542635657,36.04651162790697,65.05167958656331,69.82476252866034,29.941860465116278,72.11213014521236
Mansur Abdul-Malik,Men’s Middleweight,5,1.0,4.927007299270073,2.052919708029197,0.4166666666666667,0.6,2.039233576642336,59.6,0.9,4.105839416058394,1.6697080291970803,244.0,0.41058394160583944,0.0,0.0,5,3,70.93023255813954,74.4186046511628,56.25,50.625,41.86046511627907,7.042253521126761,85.18518518518519,60.46511627906977,12.676056338028168,60.46511627906976,79.65116279069768,66.86046511627907,59.26841085271318,24.451359318702917,72.82515073212748,36.57058630854897,51.16279069767442,61.02740473850857
Ryan Gandra,Men’s Middleweight,2,0.7142857142857143,0.0,0.0,,,0.6465517241379309,,,0.0,0.0,,0.0,0.0,0.0,0,0,4.069767441860465,9.30232558139535,,,9.30232558139535,,,99.4186046511628,,23.837209302325583,79.65116279069768,66.86046511627907,4.069767441860465,9.30232558139535,99.4186046511628,99.4186046511628,16.569767441860467,81.97674418604652
Donte Johnson,Men’s Middleweight,2,1.0,2.1011673151750974,2.1011673151750974,1.0,0.5,4.622568093385214,132.0,0.75,8.40466926070039,4.494163424124514,128.33333333333334,0.7003891050583657,0.0,0.0,2,1,37.2093023255814,75.5813953488372,96.875,39.375,74.4186046511628,56.33802816901409,69.75308641975309,19.76744186046512,42.25352112676057,75.5813953488372,79.65116279069768,66.86046511627907,57.81976744186047,65.37831641008844,44.7602641401091,31.010481493612843,75.0,59.17403646686319
Marvin Vettori,Men’s Middleweight,8,1.0,2.34375,0.65625,0.28,0.46153846153846156,1.2859375,117.57142857142857,0.5238095238095238,1.96875,0.6296875,40.3,0.0,0.0,0.0,13,6,39.53488372093023,38.372093023255815,32.5,32.5,30.23255813953488,49.29577464788733,37.65432098765432,87.2093023255814,94.36619718309859,23.837209302325583,79.65116279069768,66.86046511627907,34.84496124031008,39.76416639371111,62.43181165661787,90.78774975434,27.03488372093023,79.09979255377225
Andre Muniz,Men’s Middleweight,8,1.0,8.64371047083626,4.638088545326774,0.5365853658536586,0.7142857142857143,5.3900210822206605,69.72727272727273,0.33333333333333337,1.2649332396345747,2.628250175685172,187.0,0.6324666198172874,0.6324666198172874,0.25,14,10,81.3953488372093,94.18604651162791,80.0,66.875,83.72093023255815,11.267605633802818,13.580246913580247,46.51162790697675,28.169014084507033,69.76744186046511,22.093023255813954,23.255813953488364,76.09011627906976,47.49426793318048,30.045937410278498,37.34032099574189,76.74418604651163,27.563052735014736
Andre Petroski,Men’s Middleweight,8,1.0,3.9911308203991127,1.9955654101995564,0.5,0.35714285714285715,4.945676274944567,148.7,0.9333333333333333,2.9933481152993346,0.8115299334811529,244.0,0.19955654101995565,0.0,0.0,14,5,60.46511627906976,69.76744186046511,75.0,29.375,76.74418604651163,60.56338028169014,87.65432098765432,80.23255813953489,12.676056338028168,48.837209302325576,79.65116279069768,66.86046511627907,54.946705426356594,68.65378316410089,83.94343956359461,46.454307238781524,62.7906976744186,64.32197838191942
Brad Tavares,Men’s Middleweight,8,1.0,0.7409846863164828,0.14819693726329655,0.2,0.0,0.6792359624567759,275.0,0.8222222222222222,6.668862176848346,4.142104396509138,209.625,0.0,0.0,0.0,5,0,18.6046511627907,20.930232558139537,22.5,8.125,12.790697674418606,87.32394366197182,74.07407407407408,23.255813953488364,21.12676056338028,23.837209302325583,79.65116279069768,66.86046511627907,16.409883720930235,50.05732066819522,48.66494401378122,22.191287258434322,18.313953488372093,56.23430505513702
Chris Weidman,Men’s Middleweight,8,1.0,8.739669421487603,2.789256198347107,0.3191489361702128,0.8571428571428571,4.571280991735536,98.33333333333333,0.7142857142857143,2.6033057851239665,1.180785123966942,95.25,0.5578512396694215,0.0,0.0,14,12,83.72093023255815,87.20930232558139,41.25,81.25,73.25581395348837,32.3943661971831,64.81481481481481,69.76744186046513,63.38028169014085,66.27906976744185,79.65116279069768,66.86046511627907,68.74031007751938,52.82509007533574,67.29112833763998,66.57386177530299,69.76744186046511,71.0284965607599
Cezary Oleksiejczuk,Men’s Middleweight,1,0.8571428571428571,7.0,6.0,0.8571428571428571,0.6666666666666666,11.25,112.5,,0.0,0.48333333333333334,,0.0,0.0,0.0,3,2,79.06976744186046,98.83720930232558,92.5,60.0,98.83720930232558,42.25352112676056,,91.86046511627907,,23.837209302325583,79.65116279069768,66.86046511627907,77.18992248062015,70.54536521454307,91.86046511627907,91.86046511627907,61.337209302325576,79.45736434108527
Luis Felipe Dias,Men’s Middleweight,1,0.7142857142857143,0.0,0.0,,,0.20454545454545456,,,0.0,0.0,,0.0,0.0,0.0,0,0,4.069767441860465,9.30232558139535,,,5.813953488372093,,,99.4186046511628,,23.837209302325583,79.65116279069768,66.86046511627907,4.069767441860465,5.813953488372093,99.4186046511628,99.4186046511628,14.825581395348838,81.97674418604652
Marco Tulio,Men’s Middleweight,3,0.8571428571428571,0.0,0.0,,,0.6550632911392403,,0.0,0.5696202531645569,1.5189873417721516,160.0,0.0,0.0,0.0,0,0,4.069767441860465,9.30232558139535,,,10.465116279069768,,4.938271604938271,61.627906976744185,33.802816901408455,23.837209302325583,79.65116279069768,66.86046511627907,4.069767441860465,10.465116279069768,33.283089290841225,47.71536193907632,17.151162790697676,64.74232994868436
Mantas Kondratavicius,Men’s Middleweight,1,1.0,4.0,2.0,0.5,1.0,6.1,183.0,0.9166666666666666,12.0,5.05,303.0,1.0,0.0,0.0,2,2,61.627906976744185,70.93023255813954,75.0,93.75,88.37209302325581,74.64788732394366,86.41975308641975,12.790697674418604,4.225352112676056,83.72093023255815,79.65116279069768,66.86046511627907,76.79263565891473,81.50999017359973,49.60522538041918,8.50802489354733,86.04651162790698,51.67321760017469
Rodolfo Vieira,Men’s Middleweight,8,1.0,12.556679455877225,2.0404604115800486,0.1625,0.9473684210526315,3.7356121381234746,109.84615384615384,0.6,1.569584931984653,0.6644576212068364,63.5,0.7847924659923265,0.3139169863969306,0.0,19,18,95.34883720930233,73.25581395348837,20.0,86.25,65.11627906976744,40.845070422535215,46.2962962962963,84.88372093023257,84.50704225352112,79.06976744186046,45.348837209302324,66.86046511627907,67.19961240310077,52.98067474615133,65.59000861326443,84.69538159187684,72.09302325581396,65.63489463915275
Zachary Reese,Men’s Middleweight,4,1.0,5.3071253071253075,3.095823095823096,0.5833333333333334,0.75,3.213759213759214,62.285714285714285,0.6470588235294117,7.518427518427519,3.950859950859951,89.33333333333333,0.44226044226044225,0.44226044226044225,0.0,4,3,73.25581395348837,88.37209302325581,82.5,70.625,59.30232558139535,8.450704225352112,53.086419753086425,24.418604651162788,71.83098591549296,61.627906976744185,37.20930232558139,66.86046511627907,75.46027131782945,33.87651490337373,38.752512202124606,48.12479528332787,60.46511627906977,50.731520908396114
Eric McConico,Men’s Middleweight,4,1.0,0.6358177322500883,0.6358177322500883,1.0,1.0,2.0134228187919465,190.0,0.6896551724137931,9.21935711762628,4.985870717061109,104.55555555555556,0.0,0.31790886612504415,0.0,1,1,15.11627906976744,36.04651162790697,96.875,93.75,40.69767441860465,77.46478873239437,61.72839506172839,13.953488372093029,54.929577464788736,23.837209302325583,44.18604651162791,66.86046511627907,68.58042635658914,59.08123157549951,37.84094171691071,34.441532918440885,32.26744186046511,48.496014848782615
Wes Schultz,Men’s Middleweight,2,1.0,9.418604651162791,0.0,0.0,1.0,2.180232558139535,,0.0,2.0930232558139537,10.55232558139535,302.5,5.232558139534884,0.0,0.0,2,2,88.37209302325581,9.30232558139535,6.25,93.75,45.348837209302324,,4.938271604938271,2.325581395348843,5.633802816901415,100.0,79.65116279069768,66.86046511627907,62.7906976744186,45.348837209302324,3.6319265001435572,3.979692106125129,72.67441860465117,50.163773337700626
Torrez Finney,Men’s Middleweight,2,1.0,9.0,4.0,0.4444444444444444,0.75,6.8,102.0,0.75,4.0,2.7666666666666666,166.0,0.0,1.5,0.0,4,3,86.04651162790698,93.02325581395348,63.125,70.625,91.86046511627907,35.2112676056338,69.75308641975309,43.02325581395348,32.394366197183096,23.837209302325583,8.139534883720936,66.86046511627907,73.26550387596899,63.53586636095643,56.388171116853286,37.70881100556829,57.84883720930233,37.56960366852277
Kyle Daukaus,Men’s Middleweight,8,1.0,10.05586592178771,1.5470562956596479,0.15384615384615385,1.0,4.531585732703052,175.75,0.4285714285714286,2.7073485174043834,5.085947571981093,197.25,2.3205844434894716,0.38676407391491197,0.0,6,6,91.86046511627907,62.7906976744186,17.5,93.75,72.09302325581395,69.01408450704226,24.074074074074073,11.62790697674418,23.943661971830984,96.51162790697676,39.53488372093023,66.86046511627907,67.70348837209302,70.5535538814281,17.850990525409127,17.78578447428758,84.30232558139535,41.393711103832295
Azamat Bekoev,Men’s Middleweight,4,1.0,7.955801104972377,3.4806629834254146,0.4375,0.5,4.251381215469614,73.28571428571429,0.625,3.9779005524861883,2.5027624309392267,100.66666666666667,0.0,0.49723756906077354,0.5,8,4,80.23255813953489,89.53488372093024,61.25000000000001,39.375,69.76744186046511,15.492957746478872,51.23456790123457,49.99999999999999,60.56338028169014,23.837209302325583,31.395348837209305,8.139534883720936,60.28585271317829,42.630199803471996,50.61728395061728,55.281690140845065,46.80232558139535,31.60552462059177
Cesar Almeida,Men’s Middleweight,6,1.0,0.7350939286686632,0.24503130955622107,0.3333333333333333,0.0,0.861693438606044,211.0,0.48484848484848486,8.086033215355295,7.567383610127961,109.0,0.24503130955622107,0.0,0.0,3,0,17.441860465116278,23.25581395348837,45.0,8.125,19.767441860465116,81.69014084507043,32.098765432098766,4.651162790697663,52.112676056338024,52.32558139534884,79.65116279069768,66.86046511627907,23.522286821705425,50.72879135276777,18.374964111398214,28.381919423517843,36.04651162790698,58.29784911016486
Danny Barlow,Men’s Middleweight,4,1.0,0.6746626686656672,0.0,0.0,1.0,0.5003748125937031,,1.0,1.3493253373313343,0.7140179910044977,,0.0,0.0,0.0,1,1,16.27906976744186,9.30232558139535,6.25,93.75,8.13953488372093,,94.44444444444444,82.55813953488372,,23.837209302325583,79.65116279069768,66.86046511627907,38.75968992248062,8.13953488372093,88.50129198966408,82.55813953488372,15.988372093023257,76.35658914728681
Tresean Gore,Men’s Middleweight,7,1.0,2.6294820717131477,1.9123505976095618,0.7272727272727273,0.25,2.1673306772908365,68.0,0.8387096774193549,7.410358565737052,2.7250996015936257,136.8,0.9561752988047809,0.0,0.0,8,2,45.348837209302324,68.6046511627907,88.75,20.0,44.18604651162791,9.859154929577464,75.30864197530865,44.18604651162791,39.43661971830986,82.55813953488372,79.65116279069768,66.86046511627907,51.366279069767444,27.022600720602686,59.74734424346828,41.81133311496889,63.372093023255815,62.774320340648536
Robert Valentin,Men’s Middleweight,5,1.0,1.5211267605633803,1.0140845070422537,0.6666666666666666,0.0,3.1521126760563383,186.5,0.5217391304347826,11.661971830985916,9.650704225352115,103.81818181818181,2.535211267605634,0.5070422535211269,0.0,3,0,29.069767441860467,45.348837209302324,86.875,8.125,58.139534883720934,76.05633802816901,35.18518518518518,3.4883720930232673,56.33802816901408,97.67441860465115,30.23255813953488,66.86046511627907,41.35658914728682,67.09793645594497,19.336778639104224,29.913200131018673,77.90697674418604,42.33540779561088
Gilbert Urbina,Men’s Middleweight,5,1.0,6.131718395155185,2.725208175624527,0.4444444444444444,0.75,4.258137774413323,93.75,0.0,0.6813020439061318,1.0900832702498109,96.0,0.6813020439061318,0.6813020439061318,0.3333333333333333,4,3,77.90697674418605,84.88372093023256,63.125,70.625,70.93023255813954,29.577464788732392,4.938271604938271,74.4186046511628,61.971830985915496,74.4186046511628,18.604651162790695,16.27906976744186,70.55232558139535,50.25384867343597,39.67843812805053,68.19521781853915,72.67441860465117,34.35964624959057
Robert Bryczek,Men’s Middleweight,3,1.0,0.3595685177786656,0.3595685177786656,1.0,0.0,0.7011586096683978,117.0,0.7142857142857143,5.033959248901318,5.087894526568118,212.25,0.3595685177786656,0.0,0.0,1,0,10.465116279069768,26.744186046511626,96.875,8.125,16.27906976744186,47.88732394366197,64.81481481481481,10.46511627906977,19.71830985915492,58.139534883720934,79.65116279069768,66.86046511627907,38.48837209302326,32.08319685555192,37.63996554694229,15.091713069112345,37.2093023255814,53.867780325363036
Jackson McVey,Men’s Middleweight,3,1.0,1.2048192771084336,0.0,0.0,0.0,5.502008032128513,,0.0,4.8192771084337345,4.277108433734939,53.25,1.2048192771084336,2.4096385542168672,1.0,1,0,23.25581395348837,9.30232558139535,6.25,8.125,84.88372093023256,,4.938271604938271,20.93023255813953,91.54929577464787,89.53488372093024,4.651162790697663,2.325581395348843,12.54360465116279,84.88372093023256,12.9342520815389,56.2397641663937,87.2093023255814,21.0721694508134
Ozzy Diaz,Men’s Middleweight,3,1.0,1.9081272084805656,0.0,0.0,1.0,0.667844522968198,,0.6666666666666667,1.9081272084805656,0.32862190812720854,31.0,0.0,0.0,0.0,1,1,33.72093023255814,9.30232558139535,6.25,93.75,11.627906976744185,,56.79012345679012,94.18604651162791,98.59154929577466,23.837209302325583,79.65116279069768,66.86046511627907,44.57364341085272,11.627906976744185,75.48808498420901,96.38879790370129,17.732558139534884,80.96680860355934
YiSak Lee,Men’s Middleweight,1,0.7142857142857143,0.0,0.0,,,0.0,,,0.0,0.20454545454545456,,0.0,0.0,0.0,0,0,4.069767441860465,9.30232558139535,,,2.3255813953488373,,,96.51162790697676,,23.837209302325583,79.65116279069768,66.86046511627907,4.069767441860465,2.3255813953488373,96.51162790697676,96.51162790697676,13.08139534883721,81.0077519379845
Ben Johnston,Men’s Middleweight,1,1.0,2.535211267605634,2.535211267605634,1.0,1.0,11.746478873239438,278.0,1.0,3.8028169014084505,2.049295774647887,,0.0,6.338028169014084,1.0,1,1,43.02325581395349,82.55813953488372,96.875,93.75,100.0,88.73239436619718,94.44444444444444,54.651162790697676,,23.837209302325583,1.7441860465116237,2.325581395348843,77.8827519379845,94.36619718309859,74.54780361757106,54.651162790697676,61.918604651162795,19.573643410852714
Djorden Santos,Men’s Middleweight,3,1.0,1.69683257918552,0.3393665158371041,0.2,0.25,0.916289592760181,162.0,0.8,1.69683257918552,0.7692307692307692,136.0,0.0,0.3393665158371041,0.5,4,1,30.23255813953488,25.581395348837212,22.5,20.0,24.418604651162788,64.7887323943662,72.8395061728395,81.39534883720931,40.845070422535215,23.837209302325583,41.860465116279066,8.139534883720936,24.24418604651163,44.603668522764494,77.11742750502441,61.120209629872264,24.127906976744185,37.04006987662409
Tre'ston Vines,Men’s Middleweight,1,1.0,17.82178217821782,0.0,0.0,1.0,0.8910891089108911,,0.0,8.91089108910891,0.594059405940594,4.0,0.0,0.0,0.0,1,1,100.0,9.30232558139535,6.25,93.75,22.093023255813954,,4.938271604938271,90.69767441860465,100.0,23.837209302325583,79.65116279069768,66.86046511627907,66.66666666666667,22.093023255813954,47.81797301177146,95.34883720930233,22.96511627906977,80.62015503875969
Vlasto Cepo,Men’s Middleweight,1,0.7142857142857143,0.0,0.0,,,0.0,,,0.0,5.409836065573771,,0.0,0.0,0.0,0,0,4.069767441860465,9.30232558139535,,,2.3255813953488373,,,6.976744186046512,,23.837209302325583,79.65116279069768,66.86046511627907,4.069767441860465,2.3255813953488373,6.976744186046512,6.976744186046512,13.08139534883721,51.16279069767442
Julien Leblanc,Men’s Middleweight,1,0.8571428571428571,0.0,0.0,,,0.0,,0.0,6.338028169014084,10.774647887323942,102.0,0.0,6.338028169014084,1.0,0,0,4.069767441860465,9.30232558139535,,,2.3255813953488373,,4.938271604938271,1.1627906976744187,57.74647887323944,23.837209302325583,1.7441860465116237,2.325581395348843,4.069767441860465,2.3255813953488373,3.050531151306345,29.45463478545693,13.08139534883721,11.174800742439132
Ryan Loder,Men’s Middleweight,3,1.0,9.559939301972687,1.3657056145675268,0.14285714285714285,0.6666666666666666,6.7830045523520495,298.0,1.0,2.7314112291350536,3.732928679817906,,1.3657056145675268,2.7314112291350536,0.0,3,2,89.53488372093024,56.97674418604651,15.625,60.0,90.69767441860465,91.54929577464789,94.44444444444444,30.23255813953488,,90.69767441860465,3.4883720930232673,66.86046511627907,55.053294573643406,91.12348509662627,62.33850129198966,30.23255813953488,90.69767441860465,33.52713178294574
Zach Reese,Men’s Middleweight,5,1.0,3.595206391478029,2.396804260985353,0.6666666666666666,0.5,1.9074567243675098,47.75,0.0,1.7976031957390144,2.806258322237017,93.66666666666667,1.7976031957390144,0.0,0.0,4,2,53.48837209302325,79.06976744186046,86.875,39.375,37.2093023255814,4.225352112676056,4.938271604938271,41.860465116279066,64.78873239436619,95.34883720930233,79.65116279069768,66.86046511627907,59.91279069767442,20.717327219128727,23.39936836060867,53.324598755322626,66.27906976744187,66.61207555409979
Cody Brundage,Men’s Middleweight,8,1.0,3.6708253358925145,1.079654510556622,0.29411764705882354,0.625,2.5119961612284065,139.6,0.4285714285714286,1.5115163147792705,4.14947216890595,288.25,0.0,0.6477927063339731,0.25,8,5,55.81395348837209,46.51162790697674,35.625,53.75,50.0,59.154929577464785,24.074074074074073,22.093023255813954,7.04225352112676,23.837209302325583,20.93023255813953,23.255813953488364,48.39631782945736,54.57746478873239,23.08354866494401,14.567638388470357,36.918604651162795,19.584561633366082
Andrey Pulyaev,Men’s Middleweight,4,1.0,1.4820913956360644,0.0,0.0,0.3333333333333333,0.6854672704816798,,0.4545454545454546,4.0757513379991765,4.748867846850556,128.16666666666666,0.0,0.7410456978180322,0.3333333333333333,3,1,27.906976744186046,9.30232558139535,6.25,26.875,13.953488372093023,,28.39506172839506,16.27906976744186,43.66197183098591,23.837209302325583,16.27906976744186,16.27906976744186,20.343992248062015,13.953488372093023,22.33706574791846,29.970520799213887,18.895348837209305,20.842886778032536
Nick Klein,Men’s Middleweight,2,1.0,16.089385474860336,5.027932960893854,0.3125,1.0,7.810055865921788,93.2,0.6666666666666667,3.0167597765363126,0.6201117318435754,37.0,1.005586592178771,0.0,0.0,4,4,98.83720930232558,95.34883720930233,38.75,93.75,95.34883720930233,27.464788732394368,56.79012345679012,89.53488372093024,97.18309859154928,84.88372093023256,79.65116279069768,66.86046511627907,77.11240310077518,61.40681297084835,73.16250358886018,93.35899115623977,90.11627906976744,79.95687302107217
Gerald Meerschaert,Men’s Middleweight,8,1.0,6.0606060606060606,0.946969696969697,0.15625,0.6923076923076923,3.6553030303030303,231.6,0.5238095238095238,3.977272727272727,2.070707070707071,65.6,1.1363636363636365,0.3787878787878788,0.3333333333333333,13,9,76.74418604651163,44.18604651162791,18.75,63.74999999999999,62.7906976744186,84.50704225352112,37.65432098765432,53.48837209302325,83.09859154929578,87.20930232558139,40.697674418604656,16.27906976744186,53.08139534883721,73.64886996396986,45.57134654033879,68.29348182115952,75.0,41.756742002402014
Armen Petrosyan,Men’s Middleweight,7,1.0,0.5349712700614226,0.1783237566871409,0.3333333333333333,0.0,0.8945908460471568,301.0,0.41666666666666663,4.279770160491381,3.1533584307509415,75.78571428571429,0.0,0.7132950267485636,0.5,3,0,11.627906976744185,22.093023255813954,45.0,8.125,23.25581395348837,92.95774647887323,22.22222222222222,40.697674418604656,78.87323943661971,23.837209302325583,17.44186046511627,8.139534883720936,21.584302325581394,58.1067802161808,31.45994832041344,59.78545692761219,23.546511627906977,28.45561742548313
Sedriques Dumas,Men’s Middleweight,8,1.0,4.206763816332142,1.2372834753918063,0.29411764705882354,0.7142857142857143,5.786362386582348,280.6,0.375,3.9593071212537807,2.561176794061039,62.1,0.0,0.7423700852350839,0.5,7,5,62.7906976744186,52.32558139534884,35.625,66.875,87.20930232558139,90.14084507042254,18.51851851851852,48.837209302325576,85.91549295774647,23.837209302325583,15.116279069767439,8.139534883720936,55.0968992248062,88.67507369800197,33.67786391042205,67.37635113003603,55.52325581395348,30.210721694508134
Marc-Andre Barriault,Men’s Middleweight,8,1.0,1.1759581881533103,0.39198606271777003,0.3333333333333333,1.0,1.371951219512195,210.0,0.8823529411764706,3.331881533101045,1.6953397212543555,259.5,0.0,0.19599303135888502,0.0,3,3,22.093023255813954,27.906976744186046,45.0,93.75,31.3953488372093,80.28169014084507,82.71604938271605,58.13953488372093,9.859154929577464,23.837209302325583,52.32558139534884,66.86046511627907,53.61434108527132,55.838519489027185,70.42779213321849,33.9993449066492,27.616279069767444,51.0617971394257
Antonio Trocoli,Men’s Middleweight,4,1.0,10.505836575875486,0.500277932184547,0.047619047619047616,0.5714285714285714,4.9861033907726515,598.0,0.33333333333333337,3.0016675931072814,3.918843802112284,117.5,0.0,1.5008337965536407,0.5,7,4,93.02325581395348,31.3953488372093,12.5,48.75,77.90697674418605,100.0,13.580246913580247,25.581395348837212,47.887323943661976,23.837209302325583,6.976744186046512,8.139534883720936,51.42441860465116,88.95348837209303,19.58082113120873,36.734359646249594,50.872093023255815,17.283546238672347
Dusko Todorovic,Men’s Middleweight,8,1.0,9.83606557377049,3.6065573770491803,0.36666666666666664,0.8888888888888888,5.240437158469946,87.18181818181819,0.33333333333333337,2.9508196721311473,3.9016393442622954,119.0,0.6557377049180327,1.639344262295082,0.2,9,8,90.69767441860465,90.69767441860465,48.75,85.0,82.55813953488372,22.535211267605636,13.580246913580247,27.906976744186046,46.478873239436616,72.09302325581395,5.813953488372087,29.06976744186047,74.81589147286822,52.54667540124468,20.743611828883147,37.19292499181133,77.32558139534883,24.025548640681297
Abdul Razak Alhassan,Men’s Middleweight,8,1.0,2.4887659868648457,0.9332872450743173,0.375,0.75,2.7480124438299343,176.66666666666666,0.5675675675675675,11.510542689249913,4.739025233321811,57.125,0.3110957483581057,1.2443829934324229,0.2,4,3,40.69767441860465,43.02325581395349,50.0,70.625,51.162790697674424,70.4225352112676,41.9753086419753,17.44186046511627,88.73239436619718,53.48837209302325,10.46511627906977,29.06976744186047,53.77422480620155,60.79266295447101,29.708584553545787,53.087127415656724,52.325581395348834,30.874003712195655
Dustin Stoltzfus,Men’s Middleweight,8,1.0,5.666521927920105,2.735562310030395,0.4827586206896552,0.6666666666666666,5.184541901867131,113.71428571428571,0.33333333333333337,0.5861919235779418,1.4036039947894052,215.5,1.3677811550151975,0.5861919235779418,0.2,15,10,74.4186046511628,86.04651162790698,70.0,60.0,81.3953488372093,43.66197183098591,13.580246913580247,62.7906976744186,18.309859154929576,91.86046511627907,23.255813953488364,29.06976744186047,68.13953488372094,62.52866033409761,38.185472293999425,40.55027841467409,86.62790697674419,30.958619936674307
Jose Daniel Medina,Men’s Middleweight,4,1.0,1.272984441301273,0.6364922206506365,0.5,0.0,0.7637906647807637,72.0,0.36363636363636365,7.001414427157002,5.22984441301273,70.42857142857143,0.0,1.272984441301273,0.25,2,0,25.581395348837212,37.2093023255814,75.0,8.125,18.6046511627907,14.084507042253522,17.28395061728395,8.139534883720936,80.28169014084506,23.837209302325583,9.302325581395346,23.255813953488364,36.23546511627907,16.34457910252211,12.711742750502442,44.210612512283,21.22093023255814,25.589584015722238
Dylan Budka,Men’s Middleweight,3,1.0,3.7815126050420167,1.8907563025210083,0.5,1.0,3.707983193277311,117.66666666666667,0.4,3.1512605042016806,6.0399159663865545,191.66666666666666,0.0,0.0,0.0,2,2,56.97674418604651,67.44186046511628,75.0,93.75,63.95348837209303,50.70422535211267,20.37037037037037,5.813953488372087,25.352112676056343,23.837209302325583,79.65116279069768,66.86046511627907,75.2422480620155,57.32885686210285,13.09216192937123,15.583033082214214,43.895348837209305,54.031553663063654
Julian Marquez,Men’s Middleweight,8,1.0,1.4590651175358011,0.0,0.0,0.2,0.8713861118616592,,0.45833333333333337,5.836260470143205,4.7987030532288575,91.07692307692308,2.674952715482302,0.2431775195893002,0.0,5,1,26.744186046511626,9.30232558139535,6.25,16.25,20.930232558139537,,29.629629629629626,15.116279069767439,69.01408450704224,98.83720930232558,47.674418604651166,66.86046511627907,16.414728682170544,20.930232558139537,22.37295434969853,42.06518178840484,59.883720930232556,52.200021836445025
Ihor Potieria,Men’s Middleweight,8,1.0,3.877082136703044,0.7754164273406089,0.2,0.5,2.1883974727168294,169.33333333333334,0.6666666666666667,2.3262492820218266,2.6665709362435384,206.33333333333334,0.0,0.5169442848937392,0.16666666666666666,8,4,58.139534883720934,40.69767441860465,22.5,39.375,47.674418604651166,67.6056338028169,56.79012345679012,45.348837209302324,22.53521126760564,23.837209302325583,29.06976744186047,32.558139534883715,40.00484496124031,57.64002620373403,51.06948033304622,33.94202423845398,35.75581395348837,31.856643738399388
Islam Makhachev,Men’s Welterweight,8,1.0,6.067056945183608,2.873869079297499,0.47368421052631576,0.45,7.626397019691326,159.22222222222223,1.0,0.9579563597658328,0.7876530069185738,,0.9579563597658328,0.0,0.0,20,9,75.75757575757575,82.82828282828282,77.52808988764045,39.325842696629216,86.86868686868688,72.72727272727273,93.33333333333333,77.77777777777777,,88.88888888888889,77.27272727272728,64.64646464646464,64.20383611394847,79.7979797979798,85.55555555555554,77.77777777777777,87.87878787878788,73.23232323232322
Max Holloway,Men’s Welterweight,8,1.0,0.30388294879009564,0.0,0.0,0.5,0.5081598199212154,,0.5882352941176471,1.7220033764772087,2.498593134496342,211.42857142857142,0.10129431626336521,0.5064715813168261,0.0,2,1,14.14141414141414,11.616161616161616,7.303370786516854,47.752808988764045,15.151515151515152,,41.11111111111111,46.46464646464647,18.181818181818183,48.484848484848484,23.232323232323225,64.64646464646464,23.065864638898347,15.151515151515152,43.78787878787879,32.323232323232325,31.81818181818182,40.06734006734006
Michael Morales,Men’s Welterweight,7,1.0,1.0526315789473684,0.2631578947368421,0.25,0.0,0.8728070175438597,199.0,0.8846153846153846,6.842105263157895,2.06578947368421,157.0,0.0,0.2631578947368421,0.0,4,0,25.252525252525253,26.262626262626267,31.46067415730337,7.303370786516854,25.252525252525253,83.11688311688312,81.11111111111111,53.535353535353536,28.571428571428566,23.232323232323232,38.38383838383838,64.64646464646464,21.338856732115158,54.18470418470419,67.32323232323233,41.05339105339105,24.242424242424242,48.027898027898026
Leon Edwards,Men’s Welterweight,8,1.0,2.0657995409334355,1.0820854738222758,0.5238095238095238,0.42857142857142855,1.9772652748934314,109.63636363636364,0.5614035087719298,5.60717018253361,4.561154224505411,111.28,0.2951142201333479,0.09837140671111597,0.3333333333333333,14,6,42.42424242424242,56.56565656565656,88.76404494382022,38.20224719101123,45.45454545454545,44.15584415584416,36.666666666666664,18.181818181818187,48.05194805194805,60.60606060606061,53.535353535353536,15.656565656565661,56.4635115196913,44.8051948051948,27.424242424242426,33.116883116883116,53.03030303030303,34.10293410293411
Sean Brady,Men’s Welterweight,8,1.0,7.359176256814052,3.679588128407026,0.5,0.7727272727272727,8.022410660205937,130.8148148148148,0.75,1.0902483343428226,0.581465778316172,128.0,0.6814052089642642,0.0,0.0,22,17,84.84848484848484,89.8989898989899,83.70786516853933,76.40449438202246,91.91919191919192,57.14285714285714,67.22222222222223,81.81818181818181,36.36363636363637,81.81818181818183,77.27272727272728,64.64646464646464,81.65361479968222,74.53102453102453,74.52020202020202,59.09090909090909,86.86868686868686,67.003367003367
Belal Muhammad,Men’s Welterweight,8,1.0,4.551431172246384,2.184686962678265,0.48,0.7142857142857143,3.5076362900778797,96.33333333333333,0.8888888888888888,1.6385152220086983,0.9027005158288661,297.5,0.09102862344492768,0.0,0.0,21,15,65.65656565656566,75.75757575757575,79.21348314606742,71.91011235955057,69.6969696969697,40.25974025974026,82.22222222222221,76.76767676767676,9.09090909090909,47.474747474747474,77.27272727272728,64.64646464646464,72.26005372072787,54.978354978354986,79.49494949494948,42.92929292929293,58.58585858585859,61.61616161616161
Carlos Prates,Men’s Welterweight,8,1.0,0.19371502367628068,0.19371502367628068,1.0,0.0,0.7038312526904864,218.0,0.7948717948717949,7.554885923374946,2.2018941024537235,85.25,0.0,0.0,0.0,1,0,13.131313131313133,24.242424242424242,99.43820224719101,7.303370786516854,23.232323232323232,85.71428571428571,73.33333333333333,51.515151515151516,67.53246753246754,23.232323232323232,77.27272727272728,64.64646464646464,39.957628721673665,54.47330447330447,62.42424242424242,59.523809523809526,23.232323232323232,67.14766714766715
Michael Chiesa,Men’s Welterweight,8,1.0,5.013927576601671,1.928433683308335,0.38461538461538464,0.5384615384615384,4.586458110134991,142.7,0.631578947368421,3.664023998285837,2.51339190057853,111.71428571428571,0.9642168416541675,0.5785301049925006,0.6666666666666666,13,7,67.67676767676768,69.6969696969697,60.67415730337079,55.61797752808989,77.77777777777779,59.74025974025974,42.22222222222222,45.45454545454545,46.753246753246756,89.8989898989899,22.22222222222223,2.525252525252526,61.32296750274279,68.75901875901876,43.838383838383834,46.103896103896105,83.83838383838383,23.61712361712362
Mike Malott,Men’s Welterweight,8,1.0,2.75049115913556,1.5717092337917486,0.5714285714285714,0.7142857142857143,2.3379174852652262,89.25,0.7272727272727273,2.1611001964636545,0.5206286836935167,53.0,0.5893909626719058,0.0,0.0,7,5,49.494949494949495,64.64646464646465,91.57303370786516,71.91011235955057,56.56565656565656,33.76623376623377,64.44444444444444,89.8989898989899,88.96103896103897,79.7979797979798,77.27272727272728,64.64646464646464,70.99269852078841,45.16594516594516,77.17171717171718,89.43001443001444,68.18181818181819,77.11640211640211
Jack Della Maddalena,Men’s Welterweight,8,1.0,1.598342459671452,0.399585614917863,0.25,0.3333333333333333,0.5705194612993932,85.66666666666667,0.6382978723404256,6.260174633713187,4.712890335947907,124.88235294117646,0.133195204972621,0.0,0.0,9,3,31.313131313131315,29.292929292929294,31.46067415730337,26.96629213483146,18.181818181818183,31.16883116883117,44.44444444444444,14.141414141414131,37.66233766233766,51.515151515151516,77.27272727272728,64.64646464646464,29.913365868422048,24.675324675324674,29.292929292929287,25.901875901875897,34.84848484848485,55.940355940355936
Shavkat Rakhmonov,Men’s Welterweight,7,1.0,5.3868321879849255,1.3965861228109067,0.25925925925925924,0.5714285714285714,7.435158501440922,319.42857142857144,0.8571428571428572,1.3965861228109067,1.5196187098204388,457.0,1.1970738195522057,0.39902460651740185,0.0,14,8,71.71717171717171,62.62626262626263,34.831460674157306,60.67415730337079,85.85858585858585,92.20779220779221,77.77777777777779,64.64646464646464,2.597402597402602,92.92929292929293,30.303030303030297,64.64646464646464,55.740929898233276,89.03318903318903,71.21212121212122,33.62193362193362,89.39393939393939,42.857142857142854
Neil Magny,Men’s Welterweight,8,1.0,4.485981308411215,1.1214953271028036,0.25,0.46153846153846156,2.8317757009345796,151.5,0.4736842105263158,3.5514018691588785,5.034267912772585,161.6,0.18691588785046728,0.7476635514018691,0.25,13,6,61.61616161616161,58.58585858585859,31.46067415730337,40.44943820224719,61.61616161616161,66.23376623376623,16.666666666666664,9.090909090909093,25.974025974025974,54.54545454545454,14.141414141414131,21.717171717171723,44.508757991904055,63.92496392496392,12.878787878787879,17.532467532467535,58.080808080808076,17.797017797017798
Jake Matthews,Men’s Welterweight,8,1.0,1.0835913312693497,0.4643962848297213,0.42857142857142855,0.16666666666666666,3.3178534571723426,428.6666666666667,0.6666666666666667,3.7151702786377703,1.9736842105263157,95.625,0.9287925696594426,0.15479876160990713,0.3333333333333333,6,1,26.262626262626267,34.34343434343434,69.10112359550563,15.168539325842698,65.65656565656566,96.1038961038961,51.11111111111111,57.57575757575757,62.33766233766233,87.87878787878788,49.494949494949495,15.656565656565661,36.8440963946582,80.88023088023088,54.34343434343434,59.95670995670995,76.76767676767676,41.7027417027417
Rinat Fakhretdinov,Men’s Welterweight,7,1.0,11.325667172922543,3.9054024734215664,0.3448275862068966,0.9285714285714286,8.106964634410936,124.55,0.9166666666666666,2.34324148405294,1.2139292688218704,373.0,0.19527012367107832,0.19527012367107832,0.0,14,13,93.93939393939394,90.9090909090909,54.49438202247191,88.76404494382022,93.93939393939394,51.94805194805194,85.55555555555556,69.69696969696969,5.194805194805194,55.55555555555556,44.44444444444445,64.64646464646464,79.06594030189537,72.94372294372295,77.62626262626262,37.44588744588744,74.74747474747474,48.84559884559885
Randy Brown,Men’s Welterweight,8,1.0,2.065404475043029,0.6884681583476764,0.3333333333333333,0.5,1.4888123924268504,129.75,0.8,4.3029259896729775,4.664371772805508,325.2,0.5163511187607572,0.6884681583476764,0.3333333333333333,8,4,41.41414141414141,43.43434343434344,47.752808988764045,47.752808988764045,35.35353535353536,55.84415584415584,74.44444444444444,16.161616161616166,6.493506493506497,77.77777777777779,15.151515151515156,15.656565656565661,45.63991979722317,45.5988455988456,45.303030303030305,11.327561327561332,56.56565656565657,14.04521404521405
Gabriel Bonfim,Men’s Welterweight,7,1.0,5.290659699542783,2.743305029392554,0.5185185185185185,0.5,2.3840627041149576,52.142857142857146,0.7894736842105263,3.7230568256041807,1.0287393860222076,78.75,0.9797517962116264,0.0,0.0,10,5,69.6969696969697,80.8080808080808,87.64044943820225,47.752808988764045,58.58585858585859,9.090909090909092,72.22222222222221,73.73737373737374,79.22077922077922,90.9090909090909,77.27272727272728,64.64646464646464,68.36340937464534,33.83838383838384,72.97979797979798,76.47907647907648,74.74747474747474,72.7994227994228
Joaquin Buckley,Men’s Welterweight,8,1.0,2.4887207102314073,1.5718236064619415,0.631578947368421,0.8571428571428571,1.9080192111774124,72.83333333333333,0.7222222222222222,4.715470819385825,3.912094309416388,179.2,0.13098530053849514,0.0,0.0,7,6,45.45454545454545,65.65656565656566,97.75280898876404,85.39325842696628,42.42424242424242,22.07792207792208,63.33333333333333,25.25252525252526,23.376623376623368,49.494949494949495,77.27272727272728,64.64646464646464,76.20020429009192,32.25108225108225,44.292929292929294,24.314574314574315,45.95959595959596,55.41125541125541
Muslim Salikhov,Men’s Welterweight,8,1.0,3.6743025629394417,1.2247675209798141,0.3333333333333333,0.4,1.500340213200272,73.5,0.6428571428571428,2.8577908822862326,2.2352007257881605,131.4,0.0,0.0,0.0,10,4,53.535353535353536,61.61616161616161,47.752808988764045,34.26966292134831,36.36363636363637,23.376623376623375,45.55555555555556,49.494949494949495,33.76623376623376,23.232323232323232,77.27272727272728,64.64646464646464,45.185941815155296,29.870129870129873,47.525252525252526,41.630591630591624,29.7979797979798,61.18326118326118
Joel Alvarez,Men’s Welterweight,8,1.0,0.7497917245209664,0.24993057484032216,0.3333333333333333,0.0,2.220216606498195,533.0,0.52,6.248264371008053,4.148847542349348,83.0,1.2496528742016106,0.24993057484032216,0.5,3,0,20.2020202020202,25.252525252525253,47.752808988764045,7.303370786516854,53.535353535353536,98.7012987012987,28.333333333333332,22.22222222222223,70.7792207792208,93.93939393939394,39.3939393939394,7.575757575757578,25.086066659100368,76.11832611832611,25.27777777777778,46.50072150072151,73.73737373737373,31.15680615680616
Daniel Rodriguez,Men’s Welterweight,8,1.0,0.510204081632653,0.17006802721088435,0.3333333333333333,0.0,1.0005668934240364,353.0,0.52,4.2517006802721085,1.7063492063492063,50.166666666666664,0.0,0.17006802721088435,0.25,3,0,16.161616161616163,23.232323232323232,47.752808988764045,7.303370786516854,30.303030303030305,93.5064935064935,28.333333333333332,61.61616161616162,93.50649350649351,23.232323232323232,48.48484848484848,21.717171717171723,23.739265312299022,61.9047619047619,44.974747474747474,77.56132756132757,26.767676767676768,49.25444925444926
Uros Medic,Men’s Welterweight,8,1.0,0.8470588235294118,0.4235294117647059,0.5,0.0,0.24705882352941178,35.0,0.5333333333333333,6.352941176470589,4.2564705882352944,86.14285714285714,0.0,0.4235294117647059,0.5,2,0,22.22222222222222,30.303030303030305,83.70786516853933,7.303370786516854,12.121212121212121,2.5974025974025974,32.22222222222222,21.212121212121204,64.93506493506493,23.232323232323232,29.2929292929293,7.575757575757578,37.7444860590928,7.359307359307359,26.717171717171713,43.07359307359307,17.676767676767675,26.647426647426652
Conor McGregor,Men’s Welterweight,8,1.0,0.6026785714285714,0.0,0.0,0.0,0.8805803571428571,,0.6666666666666667,4.21875,5.186383928571428,221.28571428571428,0.20089285714285712,0.6026785714285714,0.4,3,0,17.17171717171717,11.616161616161616,7.303370786516854,7.303370786516854,26.262626262626267,,51.11111111111111,8.080808080808083,12.987012987012985,56.56565656565656,19.191919191919183,11.111111111111114,10.592819581583626,26.262626262626267,29.595959595959595,10.533910533910534,41.41414141414141,13.612313612313612
Colby Covington,Men’s Welterweight,8,1.0,7.128071280712806,2.3490234902349023,0.32954545454545453,0.8125,4.87759877598776,124.58620689655173,0.41666666666666663,0.972009720097201,0.5683556835568356,60.142857142857146,0.08100081000810008,0.24300243002430025,0.0,32,26,81.81818181818183,77.77777777777779,41.57303370786517,80.89887640449437,79.7979797979798,53.246753246753244,10.0,83.83838383838383,84.41558441558442,46.464646464646464,40.4040404040404,64.64646464646464,68.09669731018046,66.52236652236653,46.91919191919192,84.12698412698413,63.131313131313135,63.05916305916306
Myktybek Orolbai,Men’s Welterweight,6,1.0,14.8659626320065,8.773354995938261,0.5901639344262295,0.9090909090909091,8.03818034118603,54.97222222222222,0.4,2.437043054427295,1.3769293257514217,56.5,0.48740861088545906,0.0,0.0,11,10,97.97979797979798,97.97979797979798,94.3820224719101,87.64044943820225,92.92929292929293,10.38961038961039,6.666666666666667,66.66666666666667,87.01298701298703,74.74747474747475,77.27272727272728,64.64646464646464,93.33408996330344,51.65945165945166,36.66666666666667,76.83982683982686,83.83838383838383,72.91967291967292
Bryan Battle,Men’s Welterweight,8,1.0,4.695281005454114,0.6402655916528338,0.13636363636363635,0.875,4.1403841593549915,388.0,0.5,4.695281005454114,3.8344794877875263,98.0,0.21342186388427792,0.21342186388427792,0.0,8,7,66.66666666666666,41.41414141414141,16.853932584269664,86.51685393258427,75.75757575757575,94.8051948051948,23.333333333333332,26.262626262626256,56.493506493506494,58.58585858585859,43.43434343434343,64.64646464646464,56.679151061173535,85.28138528138527,24.797979797979792,41.37806637806638,67.17171717171718,49.81962481962481
Kevin Holland,Men’s Welterweight,8,1.0,1.9702276707530646,0.5910683012259194,0.3,0.2857142857142857,1.6155866900175129,164.0,0.6956521739130435,4.531523642732049,4.935420315236427,214.71428571428572,0.7880910683012258,0.5910683012259194,0.25,7,2,37.37373737373738,40.4040404040404,38.764044943820224,21.34831460674157,37.37373737373738,76.62337662337663,57.77777777777777,10.101010101010104,15.584415584415591,83.83838383838383,21.212121212121204,21.717171717171723,32.49536564143306,56.99855699855701,33.93939393939394,12.842712842712848,60.60606060606061,18.590668590668592
Ian Machado Garry,Men’s Welterweight,5,1.0,4.421052631578947,1.1052631578947367,0.25,0.4166666666666667,2.213157894736842,120.14285714285714,0.8823529411764706,2.6842105263157894,3.576315789473684,679.5,0.631578947368421,0.0,0.0,12,5,59.59595959595959,57.57575757575758,31.46067415730337,37.07865168539326,52.52525252525253,49.35064935064935,80.0,32.32323232323233,1.2987012987012987,80.8080808080808,77.27272727272728,64.64646464646464,42.711761812885406,50.937950937950944,56.161616161616166,16.810966810966814,66.66666666666667,52.91005291005291
Nicolas Dalby,Men’s Welterweight,8,1.0,2.542372881355932,0.423728813559322,0.16666666666666666,0.3076923076923077,4.192561205273069,593.6666666666666,0.574468085106383,6.638418079096045,4.844632768361581,102.9,0.14124293785310735,0.14124293785310735,0.0,13,4,46.464646464646464,31.313131313131315,17.97752808988764,22.47191011235955,76.76767676767676,100.0,40.0,12.121212121212125,53.246753246753244,52.52525252525253,50.505050505050505,64.64646464646464,28.97136155563122,88.38383838383838,26.060606060606062,32.683982683982684,64.64646464646465,49.278499278499275
Sam Patterson,Men’s Welterweight,7,1.0,1.6941176470588235,0.8470588235294118,0.5,0.3333333333333333,1.9411764705882355,137.5,0.5,0.8470588235294118,0.37411764705882355,53.0,0.8470588235294118,0.0,0.0,3,1,32.323232323232325,49.494949494949495,83.70786516853933,26.96629213483146,43.43434343434344,58.44155844155844,23.333333333333332,90.9090909090909,88.96103896103897,84.84848484848484,77.27272727272728,64.64646464646464,47.665796542201036,50.937950937950944,57.12121212121212,89.93506493506493,64.14141414141415,77.28475228475229
Punahele Soriano,Men’s Welterweight,8,1.0,4.492811501597444,2.1565495207667733,0.48,0.7272727272727273,5.463258785942491,152.0,0.475,7.18849840255591,3.264776357827476,51.904761904761905,0.17971246006389777,1.2579872204472842,0.3333333333333333,11,8,62.62626262626263,74.74747474747475,79.21348314606742,74.71910112359551,82.82828282828282,67.53246753246754,17.77777777777778,36.36363636363636,92.20779220779221,53.535353535353536,7.070707070707073,15.656565656565661,72.18628229864186,75.18037518037518,27.07070707070707,64.28571428571428,68.18181818181819,29.004329004329005
Gilbert Burns,Men’s Welterweight,8,1.0,5.538461538461538,1.8461538461538463,0.3333333333333333,0.6,2.204395604395604,71.64285714285714,0.5714285714285714,2.769230769230769,1.8065934065934064,91.33333333333333,0.13186813186813187,0.0,0.0,20,12,72.72727272727273,68.68686868686868,47.752808988764045,62.92134831460674,50.505050505050505,19.480519480519483,38.88888888888889,58.58585858585859,63.63636363636363,50.505050505050505,77.27272727272728,64.64646464646464,61.133810010214496,34.99278499278499,48.737373737373744,61.111111111111114,50.505050505050505,67.67676767676768
Michael Page,Men’s Welterweight,5,1.0,1.0,0.0,0.0,0.3333333333333333,0.9166666666666666,,0.6842105263157895,3.8000000000000003,4.706666666666667,235.33333333333334,0.0,0.6,0.0,3,1,23.232323232323232,11.616161616161616,7.303370786516854,26.96629213483146,27.27272727272727,,56.111111111111114,15.151515151515156,11.688311688311696,23.232323232323232,20.202020202020208,64.64646464646464,19.167328717890513,27.27272727272727,35.631313131313135,13.419913419913426,25.252525252525253,32.75613275613276
Jeremiah Wells,Men’s Welterweight,7,1.0,6.566147859922179,3.06420233463035,0.4666666666666667,0.8333333333333334,7.959630350194552,155.85714285714286,0.5,3.06420233463035,2.0646887159533076,80.85714285714286,1.313229571984436,0.4377431906614786,0.5,12,10,78.78787878787878,85.85858585858585,76.40449438202246,83.14606741573034,90.9090909090909,70.12987012987013,23.333333333333332,54.54545454545455,75.32467532467533,94.94949494949495,28.282828282828277,7.575757575757578,79.4461468618772,80.51948051948051,38.93939393939394,64.93506493506493,92.92929292929293,33.597883597883595
Khaos Williams,Men’s Welterweight,8,1.0,0.17438480914551444,0.0,0.0,0.0,2.0286766130594844,,0.5555555555555556,4.70838984692889,2.0228637860879672,58.0,0.0,1.220693664018601,0.3333333333333333,1,0,12.121212121212121,11.616161616161616,7.303370786516854,7.303370786516854,48.484848484848484,,34.44444444444444,56.56565656565657,85.71428571428572,23.232323232323232,8.080808080808083,15.656565656565661,8.909317898081943,48.484848484848484,45.505050505050505,71.13997113997115,35.858585858585855,31.62578162578163
Charles Radtke,Men’s Welterweight,7,1.0,4.475138121546961,1.9889502762430937,0.4444444444444444,0.6,7.707182320441989,232.5,1.0,0.9944751381215469,0.56353591160221,,0.49723756906077343,0.49723756906077343,0.0,10,6,60.60606060606061,71.71717171717171,71.91011235955057,62.92134831460674,87.87878787878788,88.31168831168831,93.33333333333333,86.86868686868686,,75.75757575757575,24.24242424242425,64.64646464646464,65.1458404267393,88.0952380952381,90.1010101010101,86.86868686868686,81.81818181818181,58.58585858585858
Elizeu Zaleski dos Santos,Men’s Welterweight,8,1.0,4.505632040050062,0.9654925800107277,0.21428571428571427,0.35714285714285715,2.6256034328625066,163.16666666666666,0.8378378378378378,5.953870910066154,2.3842302878598245,148.16666666666666,0.3218308600035759,0.3218308600035759,0.0,14,5,63.63636363636363,52.52525252525253,22.47191011235955,31.46067415730337,59.59595959595959,75.32467532467533,76.66666666666667,47.474747474747474,32.46753246753246,62.62626262626263,36.36363636363636,64.64646464646464,39.18964930200885,67.46031746031746,62.07070707070707,39.97113997113996,61.111111111111114,46.99374699374698
Jonathan Micallef,Men’s Welterweight,3,1.0,1.9472090004327134,0.7788836001730852,0.4,0.3333333333333333,2.012115967113804,155.0,0.7142857142857143,2.7260926006057984,2.570315880571181,198.0,0.3894418000865426,0.0,0.0,3,1,36.36363636363637,48.484848484848484,64.04494382022472,26.96629213483146,47.474747474747474,68.83116883116884,60.0,43.43434343434343,19.480519480519472,71.71717171717171,77.27272727272728,64.64646464646464,42.45829077289751,58.152958152958156,51.717171717171716,31.457431457431454,59.59595959595959,57.79220779220779
Daniil Donchenko,Men’s Welterweight,3,1.0,1.7285531370038414,0.5761843790012805,0.3333333333333333,1.0,2.2087067861715752,230.0,0.75,2.304737516005122,0.7586427656850193,79.0,0.0,0.0,0.0,1,1,34.34343434343434,39.39393939393939,47.752808988764045,94.9438202247191,51.515151515151516,87.01298701298701,67.22222222222223,78.78787878787878,77.92207792207793,23.232323232323232,77.27272727272728,64.64646464646464,59.013354518972506,69.26406926406926,73.0050505050505,78.35497835497836,37.37373737373737,73.42472342472342
Jacobe Smith,Men’s Welterweight,3,1.0,4.51693851944793,4.51693851944793,1.0,0.3333333333333333,7.020075282308658,93.25,1.0,4.51693851944793,0.018820577164366373,,1.1292346298619824,0.0,0.0,3,1,64.64646464646465,94.94949494949495,99.43820224719101,26.96629213483146,84.84848484848484,35.064935064935064,93.33333333333333,94.94949494949495,,91.91919191919192,77.27272727272728,64.64646464646464,63.68365300949571,59.95670995670996,94.14141414141415,94.94949494949495,88.38383838383838,78.95622895622895
Gunnar Nelson,Men’s Welterweight,8,1.0,5.1681706316652996,2.399507793273175,0.4642857142857143,0.5384615384615384,6.970877768662838,174.30769230769232,0.6666666666666667,1.661197703035275,1.7750205086136177,192.33333333333334,0.9228876127973749,0.184577522559475,0.0,13,7,68.68686868686868,79.7979797979798,75.28089887640449,55.61797752808989,83.83838383838383,77.92207792207793,51.11111111111111,59.5959595959596,22.07792207792208,86.86868686868688,46.46464646464647,64.64646464646464,66.52858169712101,80.88023088023088,55.35353535353535,40.83694083694084,85.35353535353536,50.64935064935065
Jack Hermansson,Men’s Welterweight,8,1.0,4.083596865117558,0.9899628763921352,0.24242424242424243,0.5555555555555556,1.6293139007287225,98.75,1.0,0.8662175168431183,1.1219579265777533,,0.0,0.6187267977450845,0.0,18,10,57.57575757575758,53.535353535353536,28.08988764044944,58.42696629213483,38.38383838383838,41.55844155844156,93.33333333333333,71.71717171717171,,23.232323232323232,18.181818181818187,64.64646464646464,48.03087050278061,39.97113997113997,82.52525252525251,71.71717171717171,30.808080808080806,51.51515151515151
Geoff Neal,Men’s Welterweight,8,1.0,1.3274336283185844,0.5689001264222503,0.42857142857142855,0.16666666666666666,1.9563843236409608,206.33333333333334,0.8333333333333334,3.413400758533502,1.1409608091024022,120.33333333333333,0.0,0.18963337547408346,0.2,6,1,28.28282828282828,38.38383838383838,69.10112359550563,15.168539325842698,44.44444444444444,84.4155844155844,75.55555555555556,70.7070707070707,40.25974025974026,23.232323232323232,45.45454545454545,26.262626262626256,37.517497068058866,64.43001443001442,73.13131313131314,55.48340548340548,33.838383838383834,42.400192400192395
Yaroslav Amosov,Men’s Welterweight,2,0.8571428571428571,20.634920634920636,11.111111111111112,0.5384615384615384,1.0,9.206349206349207,49.714285714285715,,0.0,0.0,,3.174603174603175,0.0,0.0,3,3,98.98989898989899,98.98989898989899,89.8876404494382,94.9438202247191,96.96969696969697,7.792207792207792,,97.97979797979798,,100.0,77.27272727272728,64.64646464646464,94.60711988801876,52.38095238095238,97.97979797979798,97.97979797979798,98.48484848484848,79.96632996632997
Santiago Ponzinibbio,Men’s Welterweight,8,1.0,3.3408650742414463,0.7262750161394448,0.21739130434782608,0.6666666666666666,0.6802775984506133,56.2,1.0,1.4525500322788896,0.10409941897998709,,0.0,0.0,0.0,9,6,50.505050505050505,44.44444444444444,23.595505617977526,69.66292134831461,22.22222222222222,11.688311688311687,93.33333333333333,92.92929292929293,,23.232323232323232,77.27272727272728,64.64646464646464,47.92115915711421,16.955266955266953,93.13131313131314,92.92929292929293,22.727272727272727,78.28282828282828
Stephen Thompson,Men’s Welterweight,8,1.0,0.3537272369972488,0.0,0.0,0.5,0.2770863356478449,,0.5319148936170213,5.541726712956898,4.922704048211712,113.86363636363636,0.0,0.3537272369972488,0.2,2,1,15.151515151515152,11.616161616161616,7.303370786516854,47.752808988764045,14.14141414141414,,31.11111111111111,11.111111111111114,45.45454545454545,23.232323232323232,34.34343434343435,26.262626262626256,23.402564975598683,14.14141414141414,21.111111111111114,28.282828282828284,18.686868686868685,29.62962962962963
Jean-Paul Lebosnoyani,Men’s Welterweight,2,1.0,6.5,3.0,0.46153846153846156,0.5,3.716666666666667,74.33333333333333,1.0,2.0,1.0166666666666666,,2.0,0.0,0.0,6,3,77.77777777777779,84.34343434343434,74.15730337078652,47.752808988764045,70.70707070707071,24.675324675324674,93.33333333333333,75.75757575757575,,97.97979797979798,77.27272727272728,64.64646464646464,66.56263004577612,47.691197691197694,84.54545454545453,75.75757575757575,84.34343434343435,72.55892255892256
Rafael Dos Anjos,Men’s Welterweight,8,1.0,7.437099161322151,2.109028120374939,0.2835820895522388,0.8095238095238095,5.017266896891959,142.73684210526315,0.4,4.995066600888013,3.9331524420325605,78.74074074074075,0.33300444005920077,0.0,0.0,21,17,85.85858585858585,73.73737373737373,35.95505617977528,79.7752808988764,81.81818181818183,61.038961038961034,6.666666666666667,24.24242424242425,80.51948051948052,63.63636363636363,77.27272727272728,64.64646464646464,67.19630764574585,71.42857142857143,15.454545454545459,52.38095238095239,72.72727272727273,64.76671476671477
Ty Miller,Men’s Welterweight,2,0.8571428571428571,0.0,0.0,,,1.0339168490153172,,1.0,9.846827133479211,2.724288840262582,,0.0,0.0,0.0,0,0,5.555555555555555,11.616161616161616,,,31.313131313131315,,93.33333333333333,42.42424242424242,,23.232323232323232,77.27272727272728,64.64646464646464,5.555555555555555,31.313131313131315,67.87878787878788,42.42424242424242,27.272727272727273,61.44781144781145
Chris Curtis,Men’s Welterweight,8,1.0,0.12945914844649023,0.0,0.0,0.0,0.22655350978135788,,0.42000000000000004,6.472957422324511,3.1350690448791716,50.10344827586207,0.0,0.12945914844649023,0.0,1,0,11.11111111111111,11.616161616161616,7.303370786516854,7.303370786516854,9.090909090909092,,11.11111111111111,38.38383838383838,94.80519480519482,23.232323232323232,51.515151515151516,64.64646464646464,8.572617561381607,9.090909090909092,24.747474747474747,66.59451659451659,16.161616161616163,60.91871091871091
Ramiz Brahimaj,Men’s Welterweight,8,1.0,6.886543535620053,2.37467018469657,0.3448275862068966,0.7272727272727273,3.3601583113456464,84.9,0.4285714285714286,6.649076517150396,7.250659630606861,114.5,1.899736147757256,0.237467018469657,0.0,11,8,79.7979797979798,78.78787878787878,54.49438202247191,74.71910112359551,67.67676767676768,29.87012987012987,13.333333333333334,4.0404040404040416,44.15584415584416,96.96969696969697,41.41414141414142,64.64646464646464,69.67048764801574,48.77344877344878,8.686868686868689,24.0981240981241,82.32323232323233,43.386243386243386
Seokhyeon Ko,Men’s Welterweight,3,1.0,5.666666666666666,3.333333333333333,0.5882352941176471,0.5555555555555556,8.399999999999999,151.2,0.5,2.0,1.3333333333333335,80.0,0.33333333333333337,0.6666666666666667,0.0,9,5,74.74747474747475,86.86868686868688,93.25842696629213,58.42696629213483,94.94949494949495,64.93506493506493,23.333333333333332,67.67676767676768,76.62337662337663,64.64646464646465,17.171717171717177,64.64646464646464,75.4776226686339,79.94227994227994,45.505050505050505,72.15007215007216,79.79797979797979,51.32275132275132
Michael Oliveira,Men’s Welterweight,1,0.8571428571428571,0.0,0.0,,,2.064220183486239,,1.0,8.256880733944955,0.0,,0.0,0.0,0.0,0,0,5.555555555555555,11.616161616161616,,,49.494949494949495,,93.33333333333333,97.97979797979798,,23.232323232323232,77.27272727272728,64.64646464646464,5.555555555555555,49.494949494949495,95.65656565656565,97.97979797979798,36.36363636363636,79.96632996632997
Levan Chokheli,Men’s Welterweight,1,0.7142857142857143,0.0,0.0,,,0.25,,,0.0,0.0,,0.0,0.0,0.0,0,0,5.555555555555555,11.616161616161616,,,13.131313131313133,,,97.97979797979798,,23.232323232323232,77.27272727272728,64.64646464646464,5.555555555555555,13.131313131313133,97.97979797979798,97.97979797979798,18.181818181818183,79.96632996632997
Tahir Abdullayev,Men’s Welterweight,1,1.0,6.221198156682028,2.0737327188940093,0.3333333333333333,0.3333333333333333,3.317972350230415,96.0,1.0,1.0368663594470047,0.5702764976958525,,0.0,0.0,0.0,3,1,76.76767676767676,72.72727272727273,47.752808988764045,26.96629213483146,66.66666666666666,38.961038961038966,93.33333333333333,82.82828282828282,,23.232323232323232,77.27272727272728,64.64646464646464,50.495592630424085,52.81385281385281,88.08080808080808,82.82828282828282,44.94949494949495,74.91582491582491
Carlos Leal,Men’s Welterweight,4,1.0,3.8608198284080077,0.42897998093422307,0.1111111111111111,0.5,1.11534795042898,156.0,0.9090909090909091,9.437559580552907,1.5729265967588177,110.0,0.0,0.0,0.0,4,2,55.55555555555556,32.323232323232325,15.730337078651685,47.752808988764045,32.323232323232325,71.42857142857143,84.44444444444444,63.63636363636363,49.350649350649356,23.232323232323232,77.27272727272728,64.64646464646464,39.679567207657094,51.875901875901874,74.04040404040404,56.493506493506494,27.77777777777778,66.13756613756614
Jose Souza,Men’s Welterweight,1,0.7142857142857143,0.0,0.0,,,0.0,,,0.0,0.0,,0.0,0.0,0.0,0,0,5.555555555555555,11.616161616161616,,,3.0303030303030303,,,97.97979797979798,,23.232323232323232,77.27272727272728,64.64646464646464,5.555555555555555,3.0303030303030303,97.97979797979798,97.97979797979798,13.131313131313131,79.96632996632997
Victor Valenzuela,Men’s Welterweight,1,1.0,2.0,1.0,0.5,0.0,0.6,36.0,0.5555555555555556,9.0,1.05,15.75,0.0,0.0,0.0,2,0,38.38383838383838,54.54545454545454,83.70786516853933,7.303370786516854,20.2020202020202,3.896103896103896,34.44444444444444,72.72727272727273,98.70129870129871,23.232323232323232,77.27272727272728,64.64646464646464,43.13169144629819,12.049062049062048,53.58585858585859,85.71428571428572,21.717171717171716,75.87782587782588
Abubakar Vagaev,Men’s Welterweight,1,1.0,10.0,4.0,0.4,1.0,7.766666666666667,116.5,0.7142857142857143,7.0,2.7666666666666666,83.0,0.0,3.0,0.0,3,3,91.91919191919192,91.91919191919192,64.04494382022472,94.9438202247191,88.88888888888889,48.05194805194805,60.0,41.41414141414142,70.7792207792208,23.232323232323232,1.0101010101010102,64.64646464646464,83.63598532137858,68.47041847041847,50.70707070707071,56.09668109668111,56.06060606060606,40.58441558441559
Farman Hasanov,Men’s Welterweight,1,0.8571428571428571,27.0,17.0,0.6296296296296297,1.0,11.2,39.529411764705884,,0.0,0.05,,0.0,0.0,0.0,3,3,100.0,100.0,96.62921348314607,94.9438202247191,98.98989898989899,5.194805194805195,,93.93939393939394,,23.232323232323232,77.27272727272728,64.64646464646464,97.19101123595506,52.092352092352094,93.93939393939394,93.93939393939394,61.111111111111114,78.61952861952862
Alex Morono,Men’s Welterweight,8,1.0,0.7583417593528816,0.3033367037411527,0.4,0.25,0.24519716885743173,48.5,0.42105263157894735,2.8816986855409503,2.032355915065723,73.0909090909091,0.3033367037411527,0.0,0.0,4,1,21.21212121212121,28.28282828282828,64.04494382022472,19.101123595505616,11.11111111111111,6.493506493506493,12.222222222222221,55.55555555555556,81.81818181818181,61.61616161616161,77.27272727272728,64.64646464646464,34.78606287595051,8.8023088023088,33.888888888888886,68.68686868686868,36.36363636363636,70.2020202020202
Trey Waters,Men’s Welterweight,3,1.0,1.3629480060575467,0.4543160020191822,0.3333333333333333,0.5,0.20444220090863202,27.0,0.9,9.086320040383645,2.2715800100959114,150.0,0.4543160020191822,0.0,0.0,2,1,30.303030303030305,33.33333333333333,47.752808988764045,47.752808988764045,8.080808080808081,1.2987012987012987,83.33333333333334,48.48484848484848,31.168831168831172,73.73737373737373,77.27272727272728,64.64646464646464,41.93621609351946,4.68975468975469,65.9090909090909,39.82683982683982,40.90909090909091,60.58201058201058
Taiyilake Nueraji,Men’s Welterweight,1,1.0,12.67605633802817,4.225352112676057,0.3333333333333333,1.0,13.450704225352112,191.0,1.0,4.225352112676057,0.5633802816901409,,0.0,0.0,0.0,1,1,94.94949494949495,92.92929292929293,47.752808988764045,94.9438202247191,100.0,81.81818181818183,93.33333333333333,87.87878787878788,,23.232323232323232,77.27272727272728,64.64646464646464,79.2153747209927,90.9090909090909,90.6060606060606,87.87878787878788,61.61616161616162,76.5993265993266
Chidi Njokuani,Men’s Welterweight,8,1.0,1.1366028204588505,0.0,0.0,0.5,2.317406861713323,,0.7575757575757576,6.251315512523679,3.8044622184803196,150.625,0.0,0.3788676068196169,0.2,4,2,27.27272727272727,11.616161616161616,7.303370786516854,47.752808988764045,54.54545454545454,,68.88888888888889,27.27272727272728,29.87012987012987,23.232323232323232,31.313131313131308,26.262626262626256,27.44296901600272,54.54545454545454,48.08080808080808,28.571428571428577,38.888888888888886,28.715728715728716
Islam Dulatov,Men’s Welterweight,1,0.8571428571428571,0.0,0.0,,,0.12195121951219513,,1.0,10.975609756097562,3.597560975609756,,0.0,0.0,0.0,0,0,5.555555555555555,11.616161616161616,,,7.07070707070707,,93.33333333333333,30.303030303030297,,23.232323232323232,77.27272727272728,64.64646464646464,5.555555555555555,7.07070707070707,61.81818181818181,30.303030303030297,15.15151515151515,57.40740740740741
Carlston Harris,Men’s Welterweight,8,1.0,5.663226780770199,1.1326453561540397,0.2,0.6363636363636364,2.824062421344072,149.6,0.5555555555555556,2.0387616410772718,4.764661464887994,315.5,0.45305814246161585,0.45305814246161585,0.0,11,7,73.73737373737373,59.59595959595959,20.224719101123593,66.29213483146067,60.60606060606061,63.63636363636363,34.44444444444444,13.131313131313135,7.7922077922078,72.72727272727273,27.27272727272728,64.64646464646464,53.41807588998599,62.121212121212125,23.78787878787879,10.461760461760468,66.66666666666667,34.12698412698413
Andreas Gustafsson,Men’s Welterweight,2,0.8571428571428571,13.20754716981132,7.547169811320755,0.5714285714285714,1.0,9.025157232704402,71.75,,0.0,2.2169811320754715,,0.0,0.0,0.0,3,3,95.95959595959596,96.96969696969697,91.57303370786516,94.9438202247191,95.95959595959596,20.77922077922078,,50.505050505050505,,23.232323232323232,77.27272727272728,64.64646464646464,94.15881663072673,58.36940836940837,50.505050505050505,50.505050505050505,59.5959595959596,64.14141414141415
Themba Gorimbo,Men’s Welterweight,8,1.0,7.227464364585425,4.517165227865891,0.625,0.6470588235294118,7.923107809676773,105.24,0.7307692307692308,4.697851836980527,3.6468580606303957,173.0,0.36137321822927126,1.0841196546878136,0.5,17,11,83.83838383838383,95.95959595959596,95.50561797752809,68.53932584269663,89.8989898989899,42.857142857142854,65.55555555555556,29.2929292929293,24.67532467532467,67.67676767676768,9.090909090909093,7.575757575757578,82.62777588620285,66.37806637806638,47.42424242424243,26.984126984126988,78.78787878787878,14.550264550264552
Austin Vanderford,Men’s Welterweight,2,1.0,9.027081243731192,4.513540621865596,0.5,0.5,9.689067201604812,128.8,1.0,0.9027081243731193,0.5566700100300902,,0.9027081243731193,1.8054162487462386,1.0,4,2,87.87878787878788,93.93939393939394,83.70786516853933,47.752808988764045,97.97979797979798,54.54545454545454,93.33333333333333,88.88888888888889,,85.85858585858585,3.030303030303031,1.0101010101010102,73.11315401203042,76.26262626262626,91.11111111111111,88.88888888888889,91.91919191919192,30.976430976430976
Phil Rowe,Men’s Welterweight,8,1.0,0.7205764611689351,0.2882305844675741,0.4,0.25,1.253803042433947,261.0,0.5641025641025641,5.620496397117694,6.55484387510008,160.52941176470588,0.2882305844675741,0.2882305844675741,0.0,4,1,19.19191919191919,27.27272727272727,64.04494382022472,19.101123595505616,33.33333333333333,90.9090909090909,37.77777777777778,6.060606060606062,27.272727272727277,59.59595959595959,37.37373737373738,64.64646464646464,34.11266220254984,62.12121212121212,21.91919191919192,16.66666666666667,46.464646464646464,39.562289562289564
Theodor Berggren,Men’s Welterweight,1,0.7142857142857143,0.0,0.0,,,0.6455696202531646,,,0.0,1.0253164556962027,,0.0,0.0,0.0,0,0,5.555555555555555,11.616161616161616,,,21.21212121212121,,,74.74747474747474,,23.232323232323232,77.27272727272728,64.64646464646464,5.555555555555555,21.21212121212121,74.74747474747474,74.74747474747474,22.22222222222222,72.22222222222221
Josiah Harrell,Men’s Welterweight,1,1.0,9.94475138121547,0.0,0.0,1.0,0.08287292817679558,,0.0,9.94475138121547,1.740331491712707,10.5,0.0,0.0,0.0,1,1,90.9090909090909,11.616161616161616,7.303370786516854,94.9438202247191,6.0606060606060606,,1.1111111111111112,60.60606060606061,100.0,23.232323232323232,77.27272727272728,64.64646464646464,64.38542730677563,6.0606060606060606,30.85858585858586,80.30303030303031,14.646464646464647,74.07407407407408
Ding Meng,Men’s Welterweight,1,0.7142857142857143,0.0,0.0,,,0.0,,,0.0,0.0,,0.0,0.0,0.0,0,0,5.555555555555555,11.616161616161616,,,3.0303030303030303,,,97.97979797979798,,23.232323232323232,77.27272727272728,64.64646464646464,5.555555555555555,3.0303030303030303,97.97979797979798,97.97979797979798,13.131313131313131,79.96632996632997
Jefferson Nascimento,Men’s Welterweight,1,1.0,1.0368663594470047,0.0,0.0,0.0,0.5702764976958525,,0.6666666666666667,6.221198156682028,3.317972350230415,96.0,0.0,0.0,0.0,1,0,24.242424242424242,11.616161616161616,7.303370786516854,7.303370786516854,17.17171717171717,,51.11111111111111,35.35353535353535,61.038961038961034,23.232323232323232,77.27272727272728,64.64646464646464,12.949721938485984,17.17171717171717,43.232323232323225,48.19624819624819,20.2020202020202,63.37181337181337
Leon Shahbazyan,Men’s Welterweight,1,0.7142857142857143,0.0,0.0,,,0.0,,,0.0,0.25,,0.0,0.0,0.0,0,0,5.555555555555555,11.616161616161616,,,3.0303030303030303,,,91.91919191919192,,23.232323232323232,77.27272727272728,64.64646464646464,5.555555555555555,3.0303030303030303,91.91919191919192,91.91919191919192,13.131313131313131,77.94612794612794
Oban Elliott,Men’s Welterweight,6,1.0,2.7272727272727275,0.9090909090909092,0.3333333333333333,0.5,3.840909090909091,253.5,0.5238095238095238,4.7727272727272725,3.6553030303030303,96.5,0.0,0.4545454545454546,0.3333333333333333,8,4,48.484848484848484,50.505050505050505,47.752808988764045,47.752808988764045,72.72727272727273,89.6103896103896,30.0,28.282828282828277,59.74025974025974,23.232323232323232,26.262626262626256,15.656565656565661,47.99682215412552,81.16883116883116,29.14141414141414,44.011544011544004,47.97979797979798,28.64357864357864
Rodrigo Sezinando,Men’s Welterweight,1,1.0,13.48314606741573,3.3707865168539324,0.25,1.0,3.4831460674157304,62.0,0.6666666666666667,10.112359550561797,3.539325842696629,63.0,0.0,0.0,0.0,1,1,96.96969696969697,87.87878787878788,31.46067415730337,94.9438202247191,68.68686868686868,12.987012987012985,51.11111111111111,33.33333333333333,83.11688311688312,23.232323232323232,77.27272727272728,64.64646464646464,74.45806378390648,40.83694083694083,42.222222222222214,58.22510822510822,45.95959595959596,66.71476671476671
Saygid Izagakhmaev,Men’s Welterweight,2,1.0,8.5,3.0,0.35294117647058826,0.8333333333333334,4.033333333333333,80.66666666666667,0.6666666666666667,6.0,7.125,213.75,1.5,0.0,0.0,6,5,86.86868686868688,84.34343434343434,56.17977528089888,83.14606741573034,73.73737373737373,25.97402597402597,51.11111111111111,5.050505050505052,16.883116883116895,95.95959595959596,77.27272727272728,64.64646464646464,75.39817652177203,49.855699855699854,28.08080808080808,10.966810966810973,84.84848484848484,50.962000962000964
Eric Nolan,Men’s Welterweight,2,1.0,0.6813020439061318,0.0,0.0,0.0,0.22710068130204392,,0.4411764705882353,23.16426949280848,9.890234670704013,45.8421052631579,0.0,0.6813020439061318,0.5,1,0,18.181818181818183,11.616161616161616,7.303370786516854,7.303370786516854,10.1010101010101,,15.0,2.0202020202020208,97.40259740259741,23.232323232323232,16.161616161616166,7.575757575757578,10.929519918283964,10.1010101010101,8.51010101010101,49.711399711399714,16.666666666666664,24.48292448292449
Max Griffin,Men’s Welterweight,8,1.0,3.720068415051311,1.154503990877993,0.3103448275862069,0.6428571428571429,1.8343785632839225,95.33333333333333,0.71875,4.104903078677309,1.6355473204104902,85.0,0.0,0.12827822120866592,0.2,14,9,54.54545454545454,60.60606060606061,40.44943820224719,67.41573033707866,39.39393939393939,37.66233766233766,62.22222222222222,62.62626262626263,68.83116883116884,23.232323232323232,52.525252525252526,26.262626262626256,54.13687436159346,38.52813852813853,62.42424242424242,65.72871572871574,31.31313131313131,48.17219817219817
Daniel Frunza,Men’s Welterweight,2,0.8571428571428571,0.0,0.0,,,0.0,,0.4,3.849443969204448,9.893071000855432,257.0,0.0,1.5397775876817792,0.5,0,0,5.555555555555555,11.616161616161616,,,3.0303030303030303,,6.666666666666667,1.0101010101010102,10.389610389610393,23.232323232323232,4.0404040404040416,7.575757575757578,5.555555555555555,3.0303030303030303,3.8383838383838387,5.699855699855702,13.131313131313131,5.772005772005774
Nikolay Veretennikov,Men’s Welterweight,6,1.0,2.2714526079641058,0.5047672462142456,0.2222222222222222,0.3333333333333333,0.9590577678070668,114.0,0.6666666666666667,6.814357823892317,7.2980931015143025,192.77777777777777,0.5047672462142456,0.7571508693213684,0.0,6,2,43.43434343434344,35.35353535353536,24.719101123595504,26.96629213483146,29.292929292929294,45.45454545454545,51.11111111111111,3.030303030303031,20.779220779220775,76.76767676767676,13.131313131313135,64.64646464646464,31.706578897590134,37.37373737373737,27.07070707070707,11.904761904761903,53.03030303030303,29.89417989417989
Kevin Jousset,Men’s Welterweight,4,1.0,1.720183486238532,0.6880733944954128,0.4,0.25,0.819954128440367,71.5,1.0,1.3761467889908257,1.261467889908257,,0.3440366972477064,0.0,0.0,4,1,33.33333333333333,42.42424242424242,64.04494382022472,19.101123595505616,24.242424242424242,18.181818181818183,93.33333333333333,68.68686868686868,,66.66666666666666,77.27272727272728,64.64646464646464,38.826466916354555,21.21212121212121,81.01010101010101,68.68686868686868,45.45454545454545,70.2020202020202
Song Kenan,Men’s Welterweight,8,1.0,1.8105009052504528,0.5431502715751358,0.3,0.4,0.5853952926976463,64.66666666666667,0.7666666666666666,5.431502715751359,2.1333735666867835,101.0,0.0,0.18105009052504528,0.0,5,2,35.35353535353536,37.37373737373738,38.764044943820224,34.26966292134831,19.19191919191919,15.584415584415584,70.0,52.525252525252526,54.54545454545455,23.232323232323232,47.474747474747474,64.64646464646464,36.12908107290129,17.38816738816739,61.26262626262626,53.535353535353536,21.21212121212121,55.21885521885522
Ange Loosa,Men’s Welterweight,6,1.0,6.9331667707682705,2.810743285446596,0.40540540540540543,0.7142857142857143,3.8382261086820737,81.93333333333334,0.7777777777777778,1.6864459712679576,0.6745783885071831,108.0,0.0,0.0,0.0,14,10,80.8080808080808,81.81818181818183,67.41573033707866,71.91011235955057,71.71717171717171,28.57142857142857,71.11111111111111,80.8080808080808,51.298701298701296,23.232323232323232,77.27272727272728,64.64646464646464,73.37797450157001,50.14430014430014,75.95959595959596,66.05339105339105,47.474747474747474,69.32419432419432
Adam Fugitt,Men’s Welterweight,6,1.0,7.184325108853412,1.632801161103048,0.22727272727272727,1.0,1.904934687953556,70.0,0.5,1.3062409288824386,0.5660377358490567,52.0,0.0,0.32656023222060965,0.25,7,7,82.82828282828282,67.67676767676768,25.842696629213485,94.9438202247191,41.41414141414141,16.883116883116884,23.333333333333332,84.84848484848484,90.9090909090909,23.232323232323232,35.35353535353535,21.717171717171723,67.8715998940718,29.148629148629148,54.090909090909086,87.87878787878788,32.32323232323232,48.31649831649832
Billy Ray Goff,Men’s Welterweight,3,1.0,11.046171829339567,0.5260081823495032,0.047619047619047616,0.8,4.129164231443601,471.0,0.5,2.104032729398013,1.4202220923436588,81.0,0.0,1.0520163646990064,0.3333333333333333,5,4,92.92929292929293,36.36363636363637,14.606741573033707,78.08988764044943,74.74747474747475,97.40259740259741,23.333333333333332,65.65656565656565,74.02597402597404,23.232323232323232,10.101010101010104,15.656565656565661,61.875307380925356,86.07503607503608,44.49494949494949,69.84126984126985,48.98989898989899,31.86628186628187
Court McGee,Men’s Welterweight,8,1.0,5.3550178500595,1.9635065450218168,0.36666666666666664,0.6153846153846154,4.81951606505355,147.27272727272728,0.8666666666666667,2.67750892502975,0.7021023403411345,118.0,0.53550178500595,0.3570011900039667,0.0,13,8,70.70707070707071,70.70707070707071,59.55056179775281,65.1685393258427,78.78787878787878,62.33766233766234,78.88888888888889,79.79797979797979,41.55844155844156,78.78787878787878,33.33333333333333,64.64646464646464,65.14205727688874,70.56277056277057,79.34343434343434,60.678210678210675,78.78787878787878,52.88600288600288
Bassil Hafez,Men’s Welterweight,3,1.0,9.221311475409836,2.2131147540983607,0.24,0.8,2.9877049180327866,81.0,0.5,1.4754098360655739,0.5655737704918034,46.0,0.0,0.0,0.0,5,4,88.88888888888889,76.76767676767676,26.96629213483146,78.08988764044943,63.63636363636363,27.27272727272727,23.333333333333332,85.85858585858585,96.1038961038961,23.232323232323232,77.27272727272728,64.64646464646464,64.64835622138993,45.45454545454545,54.59595959595959,90.98124098124097,43.43434343434343,77.63347763347763
Zachary Scroggin,Men’s Welterweight,1,0.7142857142857143,0.0,0.0,,,0.0,,,0.0,4.0,,0.0,0.0,0.0,0,0,5.555555555555555,11.616161616161616,,,3.0303030303030303,,,23.232323232323225,,23.232323232323232,77.27272727272728,64.64646464646464,5.555555555555555,3.0303030303030303,23.232323232323225,23.232323232323225,13.131313131313131,55.050505050505045
Kiefer Crosbie,Men’s Welterweight,3,1.0,1.3392857142857144,0.0,0.0,0.0,0.5133928571428572,,0.4,6.696428571428572,6.517857142857143,97.33333333333333,0.0,2.678571428571429,0.6666666666666666,1,0,29.292929292929294,11.616161616161616,7.303370786516854,7.303370786516854,16.161616161616163,,6.666666666666667,7.070707070707073,58.44155844155844,23.232323232323232,2.0202020202020208,2.525252525252526,14.633223621987666,16.161616161616163,6.86868686868687,32.75613275613276,19.696969696969695,12.433862433862435
Niko Price,Men’s Welterweight,8,1.0,3.3866415804327374,1.4816556914393226,0.4375,0.5,2.342427093132643,94.85714285714286,0.2777777777777778,3.8099717779868296,4.494355597365945,98.0,0.2116650987770461,1.2699905926622763,0.3333333333333333,10,5,51.515151515151516,63.63636363636363,70.78651685393258,47.752808988764045,57.57575757575758,36.36363636363637,2.2222222222222223,19.191919191919183,56.493506493506494,57.57575757575758,6.060606060606062,15.656565656565661,56.684825785949386,46.96969696969697,10.707070707070702,37.84271284271284,57.57575757575758,19.853294853294855
Tim Means,Men’s Welterweight,8,1.0,4.380530973451328,1.5929203539823011,0.36363636363636365,0.5,3.298672566371682,124.25,0.6842105263157895,3.7831858407079646,2.558628318584071,128.5,0.0,0.9955752212389382,0.6,10,5,58.58585858585859,66.66666666666666,57.30337078651685,47.752808988764045,64.64646464646465,50.649350649350644,56.111111111111114,44.44444444444445,35.064935064935064,23.232323232323232,11.111111111111114,4.0404040404040416,54.547346120379835,57.647907647907644,50.277777777777786,39.75468975468976,43.93939393939394,18.302068302068303
Trevin Giles,Men’s Welterweight,8,1.0,2.5909932140653917,0.7402837754472549,0.2857142857142857,0.8333333333333334,1.9864281307834668,161.0,0.6363636363636364,4.0715607649599015,2.998149290561382,121.5,0.37014188772362744,1.2954966070326959,0.2,6,5,47.474747474747474,45.45454545454545,37.07865168539326,83.14606741573034,46.464646464646464,74.02597402597402,43.333333333333336,40.4040404040404,38.96103896103896,69.6969696969697,5.050505050505052,26.262626262626256,55.89982219195702,60.24531024531024,41.868686868686865,39.682539682539684,58.08080808080808,23.665223665223664
Francisco Prado,Men’s Welterweight,6,1.0,3.98314014752371,0.7586933614330874,0.19047619047619047,0.5555555555555556,2.3361433087460486,184.75,0.4,2.8451001053740783,3.262381454162276,114.66666666666667,0.7586933614330874,0.0,0.0,9,5,56.56565656565656,46.464646464646464,19.101123595505616,58.42696629213483,55.55555555555556,80.51948051948052,6.666666666666667,37.37373737373738,42.857142857142854,82.82828282828282,77.27272727272728,64.64646464646464,44.697915484432336,68.03751803751804,22.02020202020202,40.115440115440116,69.1919191919192,60.67821067821068
Rhys McKee,Men’s Welterweight,6,1.0,2.301201738685758,0.0,0.0,0.4,1.8716440807977497,,0.47619047619047616,4.832523651240092,3.597545384812068,85.27272727272727,0.0,0.23012017386857578,0.0,5,2,44.44444444444444,11.616161616161616,7.303370786516854,34.26966292134831,40.4040404040404,,18.88888888888889,31.313131313131308,66.23376623376623,23.232323232323232,42.42424242424242,64.64646464646464,28.672492717436537,40.4040404040404,25.101010101010097,48.77344877344877,31.818181818181817,51.94805194805195
Matthew Semelsberger,Men’s Welterweight,8,1.0,2.029312288613303,1.0146561443066515,0.5,0.2222222222222222,2.987598647125141,176.66666666666666,0.4411764705882353,5.749718151071026,4.363021420518602,81.47368421052632,0.3382187147688839,0.8455467869222096,0.0,9,2,40.4040404040404,55.55555555555556,83.70786516853933,16.853932584269664,62.62626262626263,79.22077922077922,15.0,20.202020202020208,72.72727272727273,65.65656565656566,12.121212121212125,64.64646464646464,46.9886127189498,70.92352092352093,17.601010101010104,46.46464646464647,64.14141414141415,41.07744107744108
Preston Parsons,Men’s Welterweight,6,1.0,9.461538461538462,3.4615384615384617,0.36585365853658536,1.0,5.011538461538461,86.86666666666666,0.7142857142857143,1.6153846153846154,3.3269230769230766,432.5,2.307692307692308,0.46153846153846156,0.0,13,13,89.8989898989899,88.88888888888889,58.42696629213483,94.9438202247191,80.8080808080808,32.467532467532465,60.0,34.34343434343435,3.8961038961038907,98.98989898989899,25.25252525252526,64.64646464646464,81.08992547194795,56.637806637806634,47.17171717171718,19.11976911976912,89.8989898989899,36.33958633958634
Mickey Gall,Men’s Welterweight,8,1.0,3.6182818451121457,0.7617435463393991,0.21052631578947367,0.6,1.4663563267033433,115.5,0.3571428571428571,2.6661024121878967,3.085061362674566,108.0,0.38087177316969956,0.0,0.0,10,6,52.52525252525253,47.474747474747474,21.34831460674157,62.92134831460674,34.34343434343434,46.75324675324675,3.3333333333333335,39.3939393939394,51.298701298701296,70.70707070707071,77.27272727272728,64.64646464646464,45.59830514886695,40.54834054834055,21.363636363636367,45.34632034632035,52.525252525252526,62.42183742183742
Jared Gooden,Men’s Welterweight,7,1.0,2.00445434298441,0.9111156104474591,0.45454545454545453,0.4,0.9505972869001823,62.6,0.65,3.6444624417898366,4.579874468515895,215.42857142857142,0.36444624417898364,0.36444624417898364,0.0,5,2,39.39393939393939,51.515151515151516,73.03370786516854,34.26966292134831,28.28282828282828,14.285714285714285,46.666666666666664,17.171717171717177,14.285714285714288,68.68686868686868,32.32323232323233,64.64646464646464,48.89910339348541,21.284271284271284,31.91919191919192,15.728715728715732,48.48484848484848,37.56613756613756
Norma Dumont,Women’s Bantamweight,8,1.0,2.5,1.5,0.6,0.5454545454545454,4.172916666666667,166.91666666666666,0.625,3.0,2.9229166666666666,155.88888888888889,0.0,0.125,0.0,11,6,52.94117647058824,64.70588235294117,89.0625,71.875,70.58823529411765,48.148148148148145,51.515151515151516,58.82352941176471,58.62068965517241,19.11764705882353,67.6470588235294,72.05882352941177,71.29289215686275,59.3681917211329,55.16934046345811,58.72210953346856,44.852941176470594,66.14266396213658
Ailin Perez,Women’s Bantamweight,7,1.0,9.969958693203155,4.900488171235448,0.4915254237288136,0.9411764705882353,6.691701088997372,81.93103448275862,0.7272727272727273,1.8588058580548255,3.5401802478407807,419.0,0.16898235073225684,0.5069470521967706,1.0,17,16,100.0,100.0,75.0,100.0,88.23529411764706,11.11111111111111,66.66666666666666,47.05882352941177,6.896551724137933,41.17647058823529,32.35294117647058,4.4117647058823515,91.66666666666667,49.673202614379086,56.86274509803921,26.977687626774852,64.70588235294117,21.247464503042593
Joselyne Edwards,Women’s Bantamweight,8,1.0,4.472477064220183,2.064220183486239,0.46153846153846156,0.6153846153846154,4.575688073394495,133.0,0.6,3.440366972477064,3.2826834862385317,143.125,0.860091743119266,0.0,0.0,13,8,70.58823529411765,76.47058823529412,65.625,78.125,79.41176470588235,29.629629629629626,45.45454545454545,52.94117647058823,62.06896551724138,85.29411764705883,85.29411764705881,72.05882352941177,71.44607843137256,54.52069716775598,49.19786096256684,57.505070993914806,82.35294117647058,71.61933739012846
Luana Santos,Women’s Bantamweight,7,1.0,5.640803976658742,2.139615301491247,0.3793103448275862,0.5384615384615384,8.27642100713205,232.0909090909091,0.8571428571428572,1.3615733736762483,0.9077155824508322,280.0,0.9725524097687487,0.19451048195374973,0.0,13,7,82.35294117647058,79.41176470588235,56.25,68.75,94.11764705882352,70.37037037037037,83.33333333333334,88.23529411764706,17.241379310344836,94.11764705882352,61.76470588235294,72.05882352941177,69.11764705882352,82.24400871459694,85.7843137254902,52.73833671399595,94.11764705882352,62.187288708586884
Ketlen Vieira,Women’s Bantamweight,8,1.0,2.142857142857143,0.75,0.35,0.3333333333333333,3.9767857142857146,318.14285714285717,0.8846153846153846,2.7857142857142856,2.6821428571428574,500.6666666666667,0.5357142857142857,0.0,0.0,12,4,50.0,50.0,46.875,37.5,64.70588235294117,81.48148148148148,87.87878787878788,61.76470588235294,3.4482758620689653,79.41176470588235,85.29411764705881,72.05882352941177,44.791666666666664,73.09368191721133,74.8217468805704,32.606490872210955,72.05882352941177,63.31981068289385
Raquel Pennington,Women’s Bantamweight,8,1.0,1.4648804306998873,0.4507324402153499,0.3076923076923077,0.18181818181818182,3.2602979842243647,434.0,0.5925925925925926,3.042443971453612,4.533617127832728,219.45454545454547,0.33804933016151245,0.4507324402153499,0.0,11,2,29.411764705882355,41.17647058823529,37.5,18.75,52.94117647058824,92.5925925925926,42.42424242424242,32.35294117647058,34.48275862068965,67.64705882352942,44.11764705882352,72.05882352941177,28.553921568627448,72.76688453159042,37.3885918003565,33.417849898580116,60.294117647058826,49.864773495605135
Jacqueline Cavalcanti,Women’s Bantamweight,6,1.0,0.33333333333333337,0.0,0.0,0.0,0.3666666666666667,,0.8571428571428572,3.5,1.9472222222222224,233.66666666666666,0.0,0.0,0.0,2,0,14.705882352941178,11.76470588235294,9.375,7.8125,17.647058823529413,,83.33333333333334,73.52941176470588,27.586206896551726,19.11764705882353,85.29411764705881,72.05882352941177,10.631127450980392,17.647058823529413,78.43137254901961,50.55780933062881,18.38235294117647,69.30358350236646
Julianna Pena,Women’s Bantamweight,8,1.0,2.6271893244370306,1.2510425354462051,0.47619047619047616,0.38461538461538464,3.194328607172644,153.2,0.2272727272727273,2.7522935779816513,4.891576313594662,138.0,0.5004170141784821,0.6255212677231026,0.75,13,5,55.88235294117647,61.76470588235294,71.875,46.875,50.0,40.74074074074074,6.0606060606060606,26.47058823529412,72.41379310344827,76.47058823529412,23.529411764705888,8.823529411764714,58.21078431372549,45.37037037037037,16.26559714795009,49.44219066937119,63.23529411764706,27.265043948613933
Yana Santos,Women’s Bantamweight,8,1.0,0.5475285171102662,0.13688212927756654,0.25,0.3333333333333333,3.611406844106464,1583.0,0.5769230769230769,3.5589353612167303,4.430418250950571,176.54545454545453,0.0,0.13688212927756654,0.0,3,1,17.647058823529413,23.52941176470588,32.8125,37.5,55.88235294117647,100.0,36.36363636363637,35.29411764705881,55.17241379310345,19.11764705882353,64.70588235294117,72.05882352941177,29.319852941176475,77.94117647058823,35.82887700534759,45.233265720081135,37.5,60.66599053414469
Bia Mesquita,Women’s Bantamweight,3,1.0,4.7556142668428,3.5667107001321003,0.75,0.3333333333333333,8.143989431968295,137.0,0.0,1.1889035667107,1.7239101717305152,87.0,3.5667107001321003,0.0,0.0,3,1,73.52941176470588,97.05882352941177,95.3125,37.5,91.17647058823529,33.33333333333333,3.0303030303030303,79.41176470588235,93.10344827586208,100.0,85.29411764705881,72.05882352941177,68.78063725490196,62.25490196078431,41.22103386809269,86.2576064908722,95.58823529411765,81.20351588911426
Karol Rosa,Women’s Bantamweight,8,1.0,1.875,0.875,0.4666666666666667,0.2727272727272727,3.68125,252.42857142857142,0.736842105263158,2.375,3.5229166666666667,338.2,0.25,0.0,0.0,11,3,41.17647058823529,58.82352941176471,68.75,28.125,58.82352941176471,74.07407407407408,69.6969696969697,50.0,10.3448275862069,50.0,85.29411764705881,72.05882352941177,46.017156862745104,66.44880174291939,59.84848484848485,30.172413793103452,54.411764705882355,62.50845165652468
Kayla Harrison,Women’s Bantamweight,3,1.0,7.570977917981072,2.8391167192429023,0.375,0.8571428571428571,8.91167192429022,188.33333333333334,1.0,0.946372239747634,0.11829652996845424,,0.946372239747634,0.0,0.0,7,6,97.05882352941177,88.23529411764706,51.5625,96.875,97.05882352941177,59.25925925925925,95.45454545454545,97.05882352941177,,91.17647058823529,85.29411764705881,72.05882352941177,81.83210784313725,78.1590413943355,96.2566844919786,97.05882352941177,94.11764705882354,84.80392156862744
Michelle Montague,Women’s Bantamweight,2,0.8571428571428571,6.5,3.5,0.5384615384615384,0.6666666666666666,10.475,179.57142857142858,,0.0,0.825,,0.0,1.0,0.0,6,4,94.11764705882352,94.11764705882352,84.375,84.375,100.0,51.85185185185185,,91.17647058823529,,19.11764705882353,8.823529411764714,72.05882352941177,87.62254901960785,75.92592592592592,91.17647058823529,91.17647058823529,59.55882352941177,57.35294117647059
Macy Chiasson,Women’s Bantamweight,8,1.0,5.583941605839417,2.4635036496350367,0.4411764705882353,0.5625,4.059306569343065,98.86666666666666,0.6111111111111112,2.956204379562044,3.8239051094890515,199.57142857142858,0.3284671532846716,0.4927007299270073,0.2,16,9,79.41176470588235,85.29411764705883,62.5,75.0,67.64705882352942,14.814814814814813,48.484848484848484,41.17647058823529,41.37931034482759,61.76470588235294,38.23529411764706,39.705882352941174,72.30392156862744,41.230936819172115,44.83065953654189,41.27789046653144,64.70588235294119,39.73968897903989
Melissa Croden,Women’s Bantamweight,3,1.0,4.041916167664671,2.0209580838323356,0.5,0.6666666666666666,3.7107035928143715,110.16666666666667,0.6666666666666667,5.052395209580839,3.929640718562874,140.0,0.33682634730538924,0.33682634730538924,0.0,6,4,64.70588235294117,73.52941176470588,79.6875,84.375,61.76470588235294,22.22222222222222,60.60606060606061,38.23529411764706,65.51724137931035,64.70588235294117,52.94117647058823,72.05882352941177,76.25612745098039,41.99346405228758,49.42067736185383,51.8762677484787,63.23529411764706,58.95875591615957
Luana Carolina,Women’s Bantamweight,8,1.0,0.8994860079954312,0.3854940034266134,0.42857142857142855,0.4,2.4885779554540264,387.3333333333333,0.6382978723404256,6.03940605368361,5.058537978298116,138.94117647058823,0.12849800114220444,0.6424900057110222,0.0,5,2,20.588235294117645,35.294117647058826,59.375,50.0,38.23529411764706,88.88888888888889,54.54545454545454,20.588235294117656,68.96551724137932,38.23529411764706,20.588235294117656,72.05882352941177,43.32107843137255,63.56209150326797,37.5668449197861,44.776876267748484,38.23529411764706,45.807978363759304
Klaudia Sygula,Women’s Bantamweight,3,1.0,3.3027522935779814,0.4128440366972477,0.125,0.16666666666666666,1.3692660550458717,199.0,0.4,2.0642201834862384,1.9610091743119265,95.0,0.0,0.0,0.0,6,1,61.76470588235294,38.23529411764706,21.875,15.625,26.47058823529412,62.96296296296296,15.151515151515152,70.58823529411765,89.65517241379311,19.11764705882353,85.29411764705881,72.05882352941177,33.088235294117645,44.71677559912854,42.869875222816404,80.12170385395538,22.794117647058826,79.15821501014199
Nina Milosevic,Women’s Bantamweight,1,0.8571428571428571,0.0,0.0,,,0.0,,1.0,8.144796380090499,0.0,,0.0,0.0,0.0,0,0,4.411764705882353,11.76470588235294,,,2.941176470588235,,95.45454545454545,100.0,,19.11764705882353,85.29411764705881,72.05882352941177,4.411764705882353,2.941176470588235,97.72727272727272,100.0,11.029411764705882,85.78431372549021
Irene Aldana,Women’s Bantamweight,8,0.8571428571428571,0.0,0.0,,,0.35107749393463683,,0.6666666666666667,5.394605394605394,2.072213500784929,69.14285714285714,0.2568859711716855,0.0,0.0,0,0,4.411764705882353,11.76470588235294,,,14.705882352941178,,60.60606060606061,67.6470588235294,100.0,52.94117647058824,85.29411764705881,72.05882352941177,4.411764705882353,14.705882352941178,64.12655971479501,83.8235294117647,33.82352941176471,80.3921568627451
Chelsea Chandler,Women’s Bantamweight,6,1.0,1.3521634615384615,0.8112980769230769,0.6,0.25,4.3719951923076925,323.3333333333333,0.25,2.1634615384615383,3.2226562499999996,119.16666666666667,0.2704326923076923,0.0,0.0,4,1,26.47058823529412,55.88235294117647,89.0625,23.4375,73.52941176470588,85.18518518518519,9.090909090909092,55.88235294117648,82.75862068965517,55.88235294117647,85.29411764705881,72.05882352941177,46.3235294117647,79.35729847494554,32.486631016042786,69.32048681541582,64.70588235294117,75.5578093306288
Alice Pereira,Women’s Bantamweight,2,1.0,1.8442622950819674,0.0,0.0,0.5,0.22540983606557377,,0.75,4.918032786885246,3.698770491803279,180.5,0.0,0.6147540983606558,0.0,2,1,38.23529411764706,11.76470588235294,9.375,60.9375,8.823529411764707,,75.75757575757575,44.11764705882352,51.724137931034484,19.11764705882353,26.47058823529412,72.05882352941177,36.182598039215684,8.823529411764707,59.937611408199636,47.92089249492901,13.970588235294118,48.81676808654496
Montse Rendon,Women’s Bantamweight,2,1.0,4.381694255111976,0.0,0.0,0.5,1.5335929892891917,,0.75,3.5053554040895816,1.8257059396299902,125.0,0.8763388510223954,0.8763388510223954,1.0,2,1,67.64705882352942,11.76470588235294,9.375,60.9375,29.411764705882355,,75.75757575757575,76.47058823529412,79.3103448275862,88.23529411764706,14.705882352941178,4.4117647058823515,45.98651960784314,29.411764705882355,76.11408199643493,77.89046653144015,58.82352941176471,32.33603786342123
Nora Cornolle,Women’s Bantamweight,6,1.0,1.9940915805022157,0.22156573116691283,0.1111111111111111,0.6666666666666666,1.894387001477105,513.0,0.47619047619047616,4.65288035450517,7.876661742983751,193.9090909090909,0.22156573116691283,0.8862629246676513,0.3333333333333333,3,2,47.05882352941176,26.47058823529412,18.75,84.375,35.294117647058826,96.29629629629629,18.181818181818183,2.9411764705882355,44.82758620689656,47.05882352941176,11.764705882352946,26.47058823529412,50.06127450980392,65.79520697167756,10.56149732620321,23.8843813387424,41.17647058823529,20.706558485463155
Daria Zhelezniakova,Women’s Bantamweight,4,1.0,0.3069577080491132,0.3069577080491132,1.0,0.0,0.20463847203274213,40.0,0.5,7.3669849931787175,4.67087312414734,76.08333333333333,0.0,0.6139154160982264,0.5,1,0,11.76470588235294,29.411764705882355,100.0,7.8125,5.88235294117647,7.4074074074074066,22.727272727272727,29.41176470588235,96.55172413793103,19.11764705882353,29.41176470588235,16.176470588235293,39.85906862745098,6.644880174291938,26.06951871657754,62.98174442190669,12.5,36.18999323867478
Tainara Lisboa,Women’s Bantamweight,4,1.0,5.292479108635097,1.671309192200557,0.3157894736842105,0.4444444444444444,3.170844939647168,113.83333333333333,0.5333333333333333,4.178272980501393,7.24233983286908,222.85714285714286,0.27855153203342614,0.27855153203342614,0.5,9,4,76.47058823529412,70.58823529411765,40.625,53.125,47.05882352941176,25.925925925925924,33.33333333333333,5.8823529411764675,31.034482758620694,58.82352941176471,58.82352941176471,16.176470588235293,56.740196078431374,36.492374727668846,19.607843137254896,18.45841784989858,52.94117647058823,31.152805949966194
Miesha Tate,Women’s Bantamweight,8,1.0,6.255212677231025,1.501251042535446,0.24,0.68,4.547539616346956,181.75,0.6666666666666667,1.1259382819015846,1.2739783152627189,203.66666666666666,0.3753127606338615,0.5004170141784821,0.2,25,17,85.29411764705883,67.64705882352942,28.125,90.625,76.47058823529412,55.55555555555556,60.60606060606061,82.35294117647058,37.93103448275862,70.58823529411765,35.29411764705881,39.705882352941174,68.01470588235294,66.01307189542484,71.47950089126559,60.1419878296146,73.52941176470588,45.04732927653819
Melissa Mullins,Women’s Bantamweight,4,1.0,6.422018348623853,3.2110091743119265,0.5,0.5,5.718654434250764,106.85714285714286,1.0,1.3761467889908257,0.8103975535168195,,0.0,0.45871559633027514,0.3333333333333333,8,4,88.23529411764706,91.17647058823529,79.6875,60.9375,82.35294117647058,18.51851851851852,95.45454545454545,94.11764705882352,,19.11764705882353,41.17647058823529,26.47058823529412,76.28676470588236,50.43572984749455,94.78609625668449,94.11764705882352,50.73529411764706,53.921568627450974
Mayra Bueno Silva,Women’s Bantamweight,8,1.0,3.2039871840512637,0.8009967960128159,0.25,0.7,2.9289782840868637,219.4,0.5294117647058824,2.723389106443574,5.729797080811676,268.25,1.2815948736205054,0.32039871840512635,0.0,10,7,58.82352941176471,52.94117647058824,32.8125,93.75,44.11764705882353,66.66666666666666,30.303030303030305,17.64705882352941,20.68965517241379,97.05882352941177,55.88235294117648,72.05882352941177,61.795343137254896,55.3921568627451,23.97504456327986,19.1683569979716,70.58823529411765,49.03651115618661
Irina Alekseeva,Women’s Bantamweight,4,1.0,1.9027484143763216,0.3805496828752643,0.2,0.25,0.970401691331924,153.0,0.5,2.2832980972515857,5.854122621564482,307.6666666666667,0.3805496828752643,0.3805496828752643,0.3333333333333333,4,1,44.11764705882353,32.35294117647059,25.0,23.4375,23.52941176470588,37.03703703703704,22.727272727272727,8.823529411764714,13.793103448275854,73.52941176470588,50.0,26.47058823529412,30.851715686274513,30.28322440087146,15.77540106951872,11.308316430020284,48.529411764705884,29.259634888438132
Julia Avila,Women’s Bantamweight,6,1.0,1.6917293233082706,0.6343984962406015,0.375,0.3333333333333333,2.7314379699248117,258.3333333333333,0.5263157894736843,4.017857142857142,5.790648496240601,182.55555555555554,0.21146616541353383,0.8458646616541353,0.3333333333333333,6,2,32.35294117647059,44.11764705882353,51.5625,37.5,41.17647058823529,77.77777777777779,27.27272727272727,11.764705882352946,48.27586206896552,44.11764705882353,17.64705882352941,26.47058823529412,40.47181372549019,59.47712418300654,19.518716577540108,30.020283975659233,42.647058823529406,24.71264367816092
Josiane Nunes,Women’s Bantamweight,6,1.0,0.22167487684729062,0.0,0.0,0.0,0.7536945812807881,,0.5833333333333333,2.6600985221674875,2.4125615763546797,130.6,0.0,0.0,0.0,1,0,8.823529411764707,11.76470588235294,9.375,7.8125,20.588235294117645,,39.39393939393939,64.70588235294117,75.86206896551725,19.11764705882353,85.29411764705881,72.05882352941177,8.670343137254902,20.588235294117645,52.04991087344028,70.28397565922921,19.852941176470587,75.8789722785666
Hailey Cowan,Women’s Bantamweight,4,1.0,6.437768240343347,2.1459227467811157,0.3333333333333333,0.5,5.793991416309012,162.0,1.0,0.42918454935622313,1.1659513590844062,,0.0,0.42918454935622313,0.25,8,4,91.17647058823529,82.35294117647058,43.75,60.9375,85.29411764705883,44.44444444444444,95.45454545454545,85.29411764705881,,19.11764705882353,47.05882352941177,35.29411764705881,65.28799019607844,64.86928104575163,90.37433155080214,85.29411764705881,52.205882352941174,55.882352941176464
Priscila Cachoeira,Women’s Bantamweight,8,1.0,0.9024818250188017,0.6768613687641013,0.75,0.0,0.31586863875658056,28.0,0.75,4.512409125094008,5.027575833542242,267.4,0.0,1.128102281273502,0.6,4,0,23.52941176470588,47.05882352941176,95.3125,7.8125,11.76470588235294,3.7037037037037033,75.75757575757575,23.529411764705888,24.137931034482758,19.11764705882353,2.9411764705882355,11.764705882352946,42.21813725490196,7.734204793028322,49.64349376114082,23.833671399594323,15.441176470588236,12.846517917511834
Tamires Vidal,Women’s Bantamweight,4,1.0,1.7334360554699537,0.0,0.0,0.3333333333333333,1.837442218798151,,0.3571428571428571,4.853620955315871,5.789676425269645,111.33333333333333,0.6933744221879815,1.0400616332819723,0.3333333333333333,3,1,35.294117647058826,11.76470588235294,9.375,37.5,32.35294117647059,,12.121212121212121,14.705882352941178,86.20689655172414,82.35294117647058,5.8823529411764675,26.47058823529412,27.389705882352942,32.35294117647059,13.41354723707665,50.45638945233266,57.35294117647058,27.603110209601084
Valentina Shevchenko,Women’s Flyweight,8,1.0,4.88703578008339,3.1416658586250366,0.6428571428571429,0.45454545454545453,5.135750993891206,98.08333333333333,0.7692307692307692,2.26898089789586,2.021720159022593,231.66666666666666,0.26180548821875305,0.6108794725104237,1.0,33,15,71.7948717948718,97.43589743589743,92.10526315789474,39.473684210526315,79.48717948717949,13.513513513513514,76.92307692307693,71.7948717948718,7.894736842105271,51.28205128205128,17.948717948717952,5.128205128205133,67.79127305443096,46.5003465003465,74.35897435897436,39.844804318488535,65.38461538461539,20.973909131803875
Natalia Silva,Women’s Flyweight,8,1.0,1.4365522745411012,0.4309656823623304,0.3,0.25,0.8715083798882681,121.33333333333333,0.9032258064516129,4.453312051077414,2.8108539505187546,391.3333333333333,0.0,0.28731045490822027,0.0,8,2,23.076923076923077,15.384615384615385,31.57894736842105,6.578947368421052,10.256410256410255,40.54054054054054,97.43589743589743,58.97435897435897,5.263157894736846,20.51282051282051,51.282051282051285,66.66666666666667,20.411605937921724,25.398475398475398,78.2051282051282,32.11875843454791,15.384615384615383,50.02249212775529
Erin Blanchfield,Women’s Flyweight,8,1.0,6.133828996282529,1.8122676579925652,0.29545454545454547,0.5789473684210527,5.204460966542752,172.30769230769232,0.7727272727272727,3.0669144981412644,0.36013011152416363,31.0,0.9758364312267658,0.0,0.0,19,11,84.61538461538461,71.7948717948718,28.947368421052634,73.68421052631578,84.61538461538461,83.78378378378379,79.48717948717949,97.43589743589745,100.0,82.05128205128204,92.30769230769232,66.66666666666667,62.41565452091768,84.1995841995842,88.46153846153847,98.71794871794873,83.33333333333333,85.89743589743591
Manon Fiorot,Women’s Flyweight,8,1.0,3.7741123846798996,1.0064299692479732,0.26666666666666666,0.6153846153846154,2.025440313111546,120.75,0.8695652173913043,2.893486161587923,0.5556332121889852,88.33333333333333,0.0,0.12580374615599665,0.0,13,8,53.84615384615385,43.58974358974359,23.684210526315788,78.94736842105263,35.8974358974359,37.83783783783784,94.87179487179486,94.87179487179488,86.8421052631579,20.51282051282051,76.92307692307693,66.66666666666667,52.159244264507414,36.86763686763687,94.87179487179486,90.85695006747639,28.205128205128204,78.14889788574
Zhang Weili,Women’s Flyweight,8,1.0,3.9685377189846265,2.252413299964248,0.5675675675675675,0.5,5.196639256346086,138.42857142857142,0.6,3.217733285663211,3.239184840900965,151.0,0.42903110475509476,0.21451555237754738,0.0,20,10,58.97435897435898,82.05128205128204,84.21052631578947,50.0,82.05128205128204,51.35135135135135,51.28205128205128,48.717948717948715,42.10526315789474,64.1025641025641,64.1025641025641,66.66666666666667,64.39496176338281,66.7013167013167,50.0,45.41160593792173,73.07692307692307,58.726945569050834
Maycee Barber,Women’s Flyweight,8,1.0,3.2544378698224854,1.6272189349112427,0.5,0.5454545454545454,3.6242603550295858,133.63636363636363,0.45833333333333337,3.5502958579881656,4.368836291913215,136.30769230769232,0.0,0.14792899408284024,0.0,11,6,41.02564102564102,58.97435897435898,73.68421052631578,64.47368421052632,58.97435897435898,45.94594594594595,15.384615384615385,25.64102564102563,50.0,20.51282051282051,71.7948717948718,66.66666666666667,59.727845254161046,52.460152460152464,20.512820512820507,37.82051282051282,39.743589743589745,58.760683760683754
Jasmine Jasudavicius,Women’s Flyweight,8,1.0,6.2832996509277965,2.976299834650009,0.47368421052631576,0.5555555555555556,7.355318758037847,148.27777777777777,0.5,0.3306999816277788,0.24526915304060262,89.0,0.9920999448833363,0.49604997244166815,0.0,18,10,87.17948717948718,92.3076923076923,65.78947368421053,68.42105263157895,97.43589743589743,64.86486486486487,33.33333333333333,100.0,84.21052631578948,84.61538461538461,25.64102564102563,66.66666666666667,73.79667116509222,81.15038115038115,66.66666666666666,92.10526315789474,91.02564102564102,61.470985155195685
Alexa Grasso,Women’s Flyweight,8,1.0,1.3717769592277402,0.4572589864092468,0.3333333333333333,0.25,1.4803759684999365,194.25,0.475,4.572589864092468,4.235361361615648,105.85714285714286,0.8002032262161819,0.1143147466023117,0.0,8,2,12.82051282051282,17.94871794871795,39.473684210526315,6.578947368421052,20.51282051282051,89.1891891891892,23.076923076923077,30.76923076923077,57.89473684210526,76.92307692307693,79.48717948717949,66.66666666666667,19.624381466486728,54.85100485100485,26.923076923076923,44.33198380566802,48.71794871794872,63.495276653171395
Rose Namajunas,Women’s Flyweight,8,1.0,2.647058823529412,1.147058823529412,0.43333333333333335,0.38095238095238093,2.6573529411764705,139.0,0.6666666666666667,4.235294117647059,1.6838235294117645,71.5625,0.0,0.08823529411764705,0.0,21,8,35.8974358974359,48.717948717948715,63.1578947368421,28.947368421052634,51.28205128205128,56.75675675675676,61.53846153846154,84.61538461538461,94.73684210526316,20.51282051282051,82.05128205128206,66.66666666666667,42.66756635177688,54.01940401940402,73.07692307692308,89.67611336032388,35.8974358974359,79.4646873594242
Casey O'Neill,Women’s Flyweight,8,1.0,4.018637157833431,1.3977868375072804,0.34782608695652173,0.3076923076923077,3.7565521258008157,161.25,0.7,3.4944670937682005,1.755969714618521,100.5,0.6988934187536402,0.17472335468841005,0.5,13,4,61.53846153846154,56.41025641025641,44.73684210526316,13.157894736842104,61.53846153846154,75.67567567567568,69.23076923076923,82.05128205128206,65.78947368421053,71.7948717948718,69.23076923076924,12.820512820512812,39.8110661268556,68.60706860706861,75.64102564102564,73.9203778677463,66.66666666666667,51.99055330634278
JJ Aldrich,Women’s Flyweight,8,1.0,3.629595160539786,0.5583992554676594,0.15384615384615385,0.5454545454545454,2.49185667752443,267.75,0.6666666666666667,2.9315960912052117,0.5677059097254537,34.857142857142854,0.0,0.2791996277338297,0.3333333333333333,11,6,48.717948717948715,20.51282051282051,7.894736842105263,64.47368421052632,48.717948717948715,94.5945945945946,61.53846153846154,92.30769230769232,97.36842105263159,20.51282051282051,53.84615384615385,21.794871794871792,40.362123256860095,71.65627165627166,76.92307692307693,94.83805668016196,34.61538461538461,56.8263607737292
Wang Cong,Women’s Flyweight,6,1.0,0.644237652111668,0.4294917680744453,0.6666666666666666,0.0,1.052254831782391,147.0,0.8571428571428572,6.012884753042234,1.9613457408732997,137.0,0.21474588403722264,0.4294917680744453,1.0,3,0,5.128205128205128,12.82051282051282,96.05263157894737,2.631578947368421,12.82051282051282,62.16216216216216,92.3076923076923,76.92307692307693,47.368421052631575,46.15384615384615,30.76923076923077,5.128205128205133,34.60413855150697,37.49133749133749,84.61538461538461,62.145748987854255,29.487179487179485,32.68106162843005
Miranda Maverick,Women’s Flyweight,8,1.0,6.99055741699665,2.6043253122144376,0.37254901960784315,0.6666666666666666,5.772921108742004,133.0,0.46153846153846156,1.7819067925677732,2.5974718245507153,162.42857142857142,0.5482790130977764,0.4112092598233323,0.0,21,14,92.3076923076923,89.74358974358975,47.368421052631575,82.89473684210526,89.74358974358975,43.24324324324324,17.94871794871795,61.53846153846154,26.3157894736842,66.66666666666666,33.333333333333336,66.66666666666667,74.19028340080972,66.4934164934165,39.743589743589745,43.92712550607287,78.2051282051282,47.97570850202428
Dione Barbosa,Women’s Flyweight,6,1.0,5.711496216743959,2.4164022455455214,0.4230769230769231,0.5384615384615384,4.514278740541861,112.0909090909091,0.6666666666666667,4.6131315596778135,4.111545032950939,160.42857142857142,1.5377105198926042,0.4393458628264584,0.0,13,7,79.48717948717949,87.17948717948718,57.89473684210527,60.526315789473685,76.92307692307693,32.432432432432435,61.53846153846154,33.333333333333336,28.94736842105264,100.0,28.2051282051282,66.66666666666667,65.96941070625282,54.677754677754685,47.43589743589744,31.140350877192986,88.46153846153847,42.00404858299596
Tracy Cortez,Women’s Flyweight,8,1.0,4.329235702832709,1.8038482095136292,0.4166666666666667,0.5714285714285714,4.208979155531801,140.0,0.5806451612903225,3.727952966328167,2.577498663816141,98.92307692307692,0.3607696419027258,0.2405130946018172,0.3333333333333333,21,12,69.23076923076923,69.23076923076923,55.26315789473685,71.05263157894737,69.23076923076923,59.45945945945946,46.15384615384615,66.66666666666667,73.6842105263158,56.41025641025641,58.97435897435897,21.794871794871792,65.18218623481782,64.34511434511434,56.41025641025641,70.17543859649123,62.82051282051282,50.314889788574
Karine Silva,Women’s Flyweight,8,1.0,3.8084246970571263,2.07732256203116,0.5454545454545454,0.5,3.439122908251587,99.33333333333333,0.2941176470588235,2.942873629544143,4.49798038084247,129.91666666666666,1.3848817080207732,0.3462204270051933,0.0,12,6,56.41025641025641,74.35897435897436,81.57894736842105,50.0,56.41025641025641,18.91891891891892,10.256410256410255,20.51282051282052,55.26315789473685,94.87179487179486,46.15384615384615,66.66666666666667,62.663067926225814,37.664587664587664,15.384615384615389,37.88798920377869,75.64102564102564,50.2361673414305
Carli Judice,Women’s Flyweight,4,1.0,1.38996138996139,0.694980694980695,0.5,0.5,1.2220077220077221,105.5,0.8275862068965517,10.077220077220076,2.5366795366795367,87.6,0.0,0.3474903474903475,0.0,2,1,17.94871794871795,25.64102564102564,73.68421052631578,50.0,17.94871794871795,29.72972972972973,89.74358974358975,69.23076923076924,89.47368421052632,20.51282051282051,43.589743589743584,66.66666666666667,47.21097615834458,23.83922383922384,79.4871794871795,79.35222672064778,19.23076923076923,63.20287899235268
Jamey-Lyn Horth,Women’s Flyweight,7,1.0,2.2805429864253397,0.9773755656108598,0.42857142857142855,0.5,2.2018099547511314,135.16666666666666,0.8055555555555556,5.864253393665158,3.9366515837104075,207.14285714285714,0.16289592760181,0.0,0.0,8,4,28.205128205128204,41.02564102564102,60.526315789473685,50.0,46.15384615384615,48.64864864864865,87.17948717948718,43.589743589743584,15.789473684210517,41.02564102564102,92.30769230769232,66.66666666666667,46.243814664867294,47.4012474012474,65.38461538461539,29.68960863697705,43.58974358974359,62.88798920377869
Veronica Hardy,Women’s Flyweight,8,1.0,2.4096385542168672,0.9036144578313254,0.375,0.6666666666666666,2.090863453815261,138.83333333333334,0.5238095238095238,3.162650602409639,3.9382530120481927,156.9,0.3012048192771084,0.6024096385542168,0.3333333333333333,6,4,33.33333333333333,35.8974358974359,50.0,82.89473684210526,43.58974358974359,54.054054054054056,41.02564102564102,41.02564102564102,36.84210526315789,53.84615384615385,20.51282051282052,21.794871794871792,55.40935672514619,48.82189882189883,41.02564102564102,38.933873144399456,48.717948717948715,27.080521817363927
Eduarda Moura,Women’s Flyweight,5,1.0,10.708973723351512,3.5696579077838373,0.3333333333333333,0.75,6.2245909766980665,104.625,0.8,2.2310361923648983,1.472483886960833,198.0,0.22310361923648983,0.8924144769459593,0.0,12,9,97.43589743589743,100.0,39.473684210526315,89.47368421052632,94.87179487179486,24.324324324324326,84.61538461538461,87.17948717948718,18.421052631578956,48.717948717948715,10.256410256410257,66.66666666666667,75.46108861898335,59.59805959805959,85.8974358974359,52.80026990553307,71.7948717948718,43.24111560953667
Lauren Murphy,Women’s Flyweight,8,1.0,5.61622464898596,1.2764146929513545,0.22727272727272727,0.7647058823529411,1.6146645865834635,75.9,0.7272727272727273,2.80811232449298,2.0039710679336267,157.0,0.3829244078854063,0.12764146929513545,0.0,17,13,76.92307692307693,51.28205128205128,18.421052631578945,92.10526315789474,23.076923076923077,5.405405405405405,74.35897435897436,74.35897435897436,34.21052631578948,58.97435897435898,74.35897435897436,66.66666666666667,62.48313090418353,14.241164241164242,74.35897435897436,54.28475033738192,41.02564102564103,65.10346378767433
Jeisla Chaves,Women’s Flyweight,1,1.0,6.0,3.0,0.5,1.0,4.483333333333333,89.66666666666667,0.5,4.0,3.3,99.0,1.0,0.0,0.0,2,2,82.05128205128204,94.87179487179486,73.68421052631578,98.68421052631578,71.7948717948718,10.81081081081081,33.33333333333333,46.15384615384615,71.05263157894737,87.17948717948718,92.30769230769232,66.66666666666667,84.80656770130453,41.3028413028413,39.74358974358974,58.603238866396765,79.48717948717949,72.52586594691859
Viviane Araujo,Women’s Flyweight,8,1.0,4.153846153846154,1.3846153846153846,0.3333333333333333,0.6875,3.9711538461538463,172.08333333333334,0.5714285714285714,2.4230769230769234,2.578846153846154,149.0,0.8076923076923077,0.23076923076923078,0.0,16,11,64.1025641025641,53.84615384615385,39.473684210526315,86.8421052631579,66.66666666666666,81.08108108108108,43.58974358974359,64.1025641025641,44.73684210526315,79.48717948717949,61.53846153846154,66.66666666666667,63.4727845254161,73.87387387387386,53.84615384615385,54.419703103913626,73.07692307692307,60.87494376968061
Gabriella Fernandes,Women’s Flyweight,6,1.0,2.291666666666667,0.41666666666666663,0.18181818181818182,0.4,0.7013888888888888,101.0,0.6896551724137931,6.041666666666667,5.138888888888889,164.44444444444446,0.20833333333333331,0.0,0.0,5,2,30.76923076923077,10.256410256410255,11.842105263157894,31.57894736842105,5.128205128205128,21.62162162162162,66.66666666666666,10.256410256410257,23.68421052631579,43.58974358974359,92.30769230769232,66.66666666666667,24.730094466936574,13.374913374913374,38.46153846153846,16.970310391363025,24.358974358974358,58.64822312190734
Juliana Miller,Women’s Flyweight,6,1.0,7.579403272377286,2.3820981713185754,0.3142857142857143,0.7857142857142857,6.056304138594802,152.54545454545453,0.4444444444444444,1.9489894128970162,2.8801732435033687,159.6,1.2993262752646777,0.0,0.0,14,11,94.87179487179486,84.61538461538461,34.21052631578947,94.73684210526315,92.3076923076923,72.97297297297297,12.82051282051282,53.84615384615385,31.57894736842105,92.3076923076923,92.30769230769232,66.66666666666667,74.6063877642825,82.64033264033264,33.333333333333336,42.71255060728745,92.3076923076923,67.22896986054882
Melissa Gatto,Women’s Flyweight,6,1.0,6.481885639458751,1.7677869925796594,0.2727272727272727,0.5,4.4882147533828025,152.33333333333334,0.5882352941176471,3.3391532082060236,4.75338280226975,207.42857142857142,0.392841553906591,0.5892623308598864,0.0,14,7,89.74358974358975,64.1025641025641,26.31578947368421,50.0,74.35897435897436,67.56756756756756,48.717948717948715,17.948717948717952,13.157894736842106,61.53846153846154,23.076923076923077,66.66666666666667,55.35312640575799,70.96327096327096,33.333333333333336,15.55330634278003,67.94871794871796,35.09896536212326
Anna Melisano,Women’s Flyweight,1,0.8571428571428571,0.0,0.0,,,0.0,,0.5,7.3770491803278695,12.971311475409836,211.0,0.0,7.3770491803278695,1.0,0,0,2.564102564102564,3.8461538461538463,,,2.564102564102564,,33.33333333333333,2.5641025641025643,10.526315789473681,20.51282051282051,2.5641025641025643,5.128205128205133,2.564102564102564,2.564102564102564,17.948717948717945,6.545209176788123,11.538461538461537,4.745838956365273
Ernesta Kareckaite,Women’s Flyweight,3,1.0,1.0,0.6666666666666667,0.6666666666666666,0.5,2.0833333333333335,187.5,0.7857142857142857,9.333333333333334,2.8166666666666664,84.5,0.0,0.33333333333333337,0.0,2,1,7.6923076923076925,23.076923076923077,96.05263157894737,50.0,38.46153846153847,86.48648648648648,82.05128205128204,56.41025641025641,92.10526315789474,20.51282051282051,48.717948717948715,66.66666666666667,51.24831309041836,62.474012474012476,69.23076923076923,74.25775978407557,29.48717948717949,63.21412505623032
Tereza Bleda,Women’s Flyweight,3,1.0,11.039719626168225,2.1028037383177574,0.19047619047619047,1.0,8.998247663551401,256.75,1.0,1.577102803738318,1.2792056074766354,,1.0514018691588787,0.0,0.0,6,6,100.0,76.92307692307693,15.789473684210526,98.68421052631578,100.0,91.8918918918919,100.0,89.74358974358975,,89.74358974358975,92.30769230769232,66.66666666666667,71.49122807017544,95.94594594594595,94.87179487179488,89.74358974358975,94.87179487179488,82.90598290598292
Yuneisy Duben,Women’s Flyweight,2,1.0,3.5999999999999996,1.7999999999999998,0.5,0.3333333333333333,2.9699999999999998,99.0,0.5,5.3999999999999995,4.0649999999999995,90.33333333333333,0.0,0.8999999999999999,0.0,3,1,46.15384615384615,66.66666666666666,73.68421052631578,21.052631578947366,53.84615384615385,16.216216216216218,33.33333333333333,38.46153846153846,81.57894736842105,20.51282051282051,7.692307692307702,66.66666666666667,46.963562753036435,35.03118503118503,35.8974358974359,60.02024291497976,37.17948717948718,44.79307242465138
Vanessa Demopoulos,Women’s Flyweight,8,1.0,3.31899200983405,0.4148740012292563,0.125,0.42857142857142855,1.9452980946527352,281.3333333333333,0.25,2.2126613398893666,4.32621389059619,156.41666666666666,0.0,0.27658266748617083,0.25,14,6,43.58974358974359,7.6923076923076925,5.263157894736842,35.526315789473685,33.33333333333333,97.2972972972973,5.128205128205128,28.2051282051282,39.473684210526315,20.51282051282051,56.41025641025641,28.2051282051282,28.126405757984703,65.31531531531532,16.666666666666664,33.83940620782726,26.92307692307692,39.48493027440396
Brogan Walker,Women’s Flyweight,3,1.0,1.36518771331058,1.0238907849829353,0.75,0.3333333333333333,1.7918088737201363,105.0,0.11111111111111116,3.0716723549488054,4.4482366325369735,97.75,0.0,0.68259385665529,0.0,3,1,10.256410256410255,46.15384615384615,100.0,21.052631578947366,28.205128205128204,27.027027027027028,2.564102564102564,23.076923076923077,76.31578947368422,20.51282051282051,15.384615384615381,66.66666666666667,43.76968061178587,27.616077616077618,12.820512820512821,49.69635627530365,24.358974358974358,43.915879442195234
Ivana Petrovic,Women’s Flyweight,4,1.0,5.576866332251401,2.1245205075243434,0.38095238095238093,0.5,5.399822956624372,152.5,0.6111111111111112,4.780171141929773,5.1165535556211275,165.14285714285714,0.7966951903216288,0.0,0.0,12,6,74.35897435897436,79.48717948717949,52.63157894736842,50.0,87.17948717948718,70.27027027027027,53.84615384615385,12.820512820512812,21.052631578947366,74.35897435897436,92.30769230769232,66.66666666666667,58.996851102114256,78.72487872487872,33.33333333333333,16.93657219973009,80.76923076923077,58.63697705802969
Ariane da Silva,Women’s Flyweight,3,1.0,1.41287284144427,0.0,0.0,0.3333333333333333,0.7594191522762951,,0.2727272727272727,3.885400313971742,4.78021978021978,101.5,0.0,0.3532182103610675,0.3333333333333333,3,1,20.51282051282051,3.8461538461538463,2.631578947368421,21.052631578947366,7.6923076923076925,,7.6923076923076925,15.384615384615381,61.84210526315789,20.51282051282051,41.02564102564102,21.794871794871792,14.7323436797121,7.6923076923076925,11.538461538461537,38.61336032388664,14.102564102564102,33.81129104813315
Ravena Oliveira,Women’s Flyweight,4,1.0,1.4723926380368098,0.7361963190184049,0.5,0.3333333333333333,2.0858895705521476,170.0,0.47058823529411764,6.257668711656441,5.54601226993865,100.44444444444444,0.0,0.7361963190184049,0.5,3,1,25.64102564102564,28.205128205128204,73.68421052631578,21.052631578947366,41.02564102564102,78.37837837837837,20.51282051282051,7.692307692307702,68.42105263157895,20.51282051282051,12.820512820512812,12.820512820512812,40.12595591542959,59.7020097020097,14.102564102564106,38.056680161943326,30.769230769230766,21.23256860098965
Julija Stoliarenko,Women’s Flyweight,8,1.0,3.7014188772362737,0.9253547193090684,0.25,0.5833333333333334,1.8167797655768045,117.8,0.5,1.8507094386181369,6.21529919802591,403.0,1.4805675508945098,0.18507094386181372,0.16666666666666666,12,7,51.28205128205128,38.46153846153847,21.052631578947366,76.31578947368422,30.76923076923077,35.13513513513514,33.33333333333333,5.128205128205133,2.6315789473684212,97.43589743589743,66.66666666666667,30.76923076923077,49.55015744489429,32.95218295218295,19.23076923076923,3.879892037786777,64.1025641025641,33.771929824561404
Andrea Lee,Women’s Flyweight,8,1.0,2.7305825242718442,1.6383495145631066,0.6,0.26666666666666666,1.6269720873786406,59.583333333333336,0.4814814814814815,3.68628640776699,3.0855582524271843,96.85714285714286,0.6826456310679611,0.40958737864077666,0.0,15,4,38.46153846153847,61.53846153846154,86.8421052631579,10.526315789473683,25.64102564102564,2.7027027027027026,25.64102564102564,51.282051282051285,78.94736842105264,69.23076923076923,35.897435897435905,66.66666666666667,45.27665317139002,14.17186417186417,38.46153846153846,65.11470985155196,47.43589743589743,55.89293747188484
Diana Belbita,Women’s Flyweight,8,1.0,1.380632790028763,0.8628954937679769,0.625,0.3333333333333333,1.1706615532118887,81.4,0.641025641025641,6.730584851390221,4.0872483221476505,101.5,0.0,1.0354745925215725,0.5,6,2,15.384615384615385,33.33333333333333,89.47368421052632,21.052631578947366,15.384615384615385,8.108108108108109,56.41025641025641,35.897435897435905,61.84210526315789,20.51282051282051,5.128205128205133,12.820512820512812,41.97031039136302,11.746361746361746,46.15384615384616,48.8697705802969,17.94871794871795,22.272829509671613
Victoria Leonardo,Women’s Flyweight,5,1.0,4.3269230769230775,0.7867132867132867,0.18181818181818182,0.42857142857142855,3.769667832167833,287.5,0.7142857142857143,2.7534965034965033,1.756993006993007,134.0,0.0,0.39335664335664333,0.0,7,3,66.66666666666666,30.76923076923077,11.842105263157894,35.526315789473685,64.1025641025641,100.0,71.7948717948718,79.48717948717949,52.631578947368425,20.51282051282051,38.46153846153846,66.66666666666667,38.01169590643274,82.05128205128204,75.64102564102564,66.05937921727396,42.30769230769231,57.062528115159694
Tatiana Suarez,Women’s Strawweight,8,1.0,10.51699716713881,4.302407932011331,0.4090909090909091,0.85,8.243626062322946,114.96296296296296,0.5714285714285714,1.1154390934844192,2.0423158640226626,256.3333333333333,0.6373937677053824,0.3186968838526912,0.0,20,17,98.14814814814815,100.0,51.02040816326531,87.75510204081633,96.29629629629629,47.82608695652174,43.39622641509434,55.55555555555556,8.510638297872335,81.48148148148148,46.2962962962963,70.37037037037037,78.9745527840766,72.06119162640901,49.47589098532495,32.033096926713945,88.88888888888889,49.566587864460196
Gillian Robertson,Women’s Strawweight,8,1.0,7.990578003261461,3.2614604094944735,0.40816326530612246,0.6111111111111112,8.661895270882406,159.35,0.4545454545454546,1.7938032252219605,0.8371081717702482,51.333333333333336,0.8153651023736184,0.48921906142417104,0.0,18,11,90.74074074074075,90.74074074074075,48.97959183673469,59.183673469387756,98.14814814814815,63.04347826086957,18.867924528301888,87.03703703703704,93.61702127659575,87.03703703703704,33.333333333333336,70.37037037037037,66.3013353489544,80.59581320450886,52.95248078266946,90.3270291568164,92.5925925925926,64.67691095350669
Virna Jandiroba,Women’s Strawweight,8,1.0,9.254807692307693,3.3653846153846154,0.36363636363636365,0.84,7.491987179487181,133.57142857142858,0.7058823529411764,2.043269230769231,1.310096153846154,130.8,1.201923076923077,0.24038461538461542,0.0,25,21,96.29629629629629,92.5925925925926,40.816326530612244,85.71428571428571,94.44444444444444,54.347826086956516,69.81132075471697,79.62962962962962,42.5531914893617,94.44444444444444,59.25925925925926,70.37037037037037,74.27563618039808,74.39613526570048,74.7204751921733,61.09141055949566,94.44444444444444,63.57368006304176
Mackenzie Dern,Women’s Strawweight,8,1.0,5.028518216738447,1.1523687580025608,0.22916666666666666,0.5,4.39820742637644,229.0,0.42307692307692313,2.7237807007333252,3.6771039459899897,140.4,0.6285647770923058,0.10476079618205097,0.0,26,13,72.22222222222221,50.0,16.3265306122449,39.795918367346935,75.92592592592592,91.30434782608695,13.20754716981132,33.333333333333336,40.42553191489362,79.62962962962963,72.22222222222223,70.37037037037037,42.78155706727136,83.61513687600643,23.270440251572328,36.87943262411348,77.77777777777777,59.82400840556869
Denise Gomes,Women’s Strawweight,8,1.0,4.913403614457832,1.694277108433735,0.3448275862068966,0.8181818181818182,4.543486445783133,160.9,0.6590909090909092,7.454819277108434,4.15945030120482,98.2,0.8471385542168675,0.0,0.0,11,9,70.37037037037037,59.25925925925925,38.775510204081634,83.6734693877551,77.77777777777779,67.3913043478261,60.37735849056604,29.629629629629637,63.82978723404255,88.88888888888889,87.03703703703704,70.37037037037037,64.27311665406903,72.58454106280195,45.003494060097836,46.729708431836094,83.33333333333334,68.04570527974782
Jaqueline Amorim,Women’s Strawweight,7,1.0,6.033519553072626,2.011173184357542,0.3333333333333333,0.5833333333333334,6.565642458100559,195.875,0.0,1.2569832402234637,4.831005586592179,230.6,4.273743016759777,0.0,0.0,12,7,77.77777777777779,68.51851851851852,35.714285714285715,55.10204081632652,92.5925925925926,86.95652173913044,2.8301886792452833,24.074074074074066,10.638297872340432,100.0,87.03703703703704,70.37037037037037,56.19803476946334,89.77455716586152,13.452131376659674,17.35618597320725,96.2962962962963,58.25453112687155
Alexia Thainara,Women’s Strawweight,4,1.0,8.781965006729475,4.23956931359354,0.4827586206896552,0.8,9.301816958277254,131.64285714285714,1.0,1.2113055181695829,0.16655450874831765,,1.5141318977119784,0.0,0.0,10,8,94.44444444444444,98.14814814814815,59.183673469387756,81.63265306122449,100.0,52.17391304347826,95.28301886792453,100.0,,96.29629629629629,87.03703703703704,70.37037037037037,78.42025699168556,76.08695652173913,97.64150943396226,100.0,98.14814814814815,85.80246913580247
Piera Rodriguez,Women’s Strawweight,7,1.0,7.12614720172755,4.210905164657189,0.5909090909090909,0.6470588235294118,4.780457081158898,68.11538461538461,0.8181818181818181,3.563073600863775,2.1783336332553533,201.75,0.0,0.16195789094835342,0.5,17,11,83.33333333333334,96.29629629629629,83.6734693877551,65.3061224489796,83.33333333333334,6.521739130434782,86.79245283018868,51.851851851851855,17.02127659574468,19.444444444444446,64.81481481481481,14.814814814814813,77.43764172335602,44.92753623188406,69.32215234102027,34.43656422379827,51.38888888888889,38.0220646178093
Fatima Kline,Women’s Strawweight,5,1.0,4.697986577181208,3.131991051454139,0.6666666666666666,0.8888888888888888,4.000745712155108,76.64285714285714,0.65,4.47427293064877,2.6696495152870994,102.28571428571429,0.22371364653243847,0.22371364653243847,0.0,9,8,66.66666666666666,87.03703703703704,89.79591836734694,91.83673469387756,68.51851851851852,19.565217391304348,58.490566037735846,44.44444444444445,55.31914893617021,57.407407407407405,61.111111111111114,70.37037037037037,82.76643990929705,44.04186795491143,51.46750524109015,49.881796690307326,62.96296296296296,60.454426057262936
Yan Xiaonan,Women’s Strawweight,8,1.0,0.8728179551122195,0.6234413965087282,0.7142857142857143,0.5,1.1055694098088114,106.4,0.6382978723404256,5.860349127182046,5.866583541147132,166.05882352941177,0.0,0.8728179551122195,0.0,4,2,22.22222222222222,33.33333333333333,91.83673469387756,39.795918367346935,22.22222222222222,43.47826086956522,54.71698113207547,12.962962962962965,25.531914893617014,19.444444444444446,22.222222222222218,70.37037037037037,51.284958427815575,32.850241545893724,33.83997204751922,19.247438928289988,20.833333333333336,37.280010506960856
Loopy Godinez,Women’s Strawweight,8,1.0,5.512800376943615,2.261661693105073,0.41025641025641024,0.6666666666666666,2.78938275482959,74.0,0.7586206896551724,4.099261818752946,2.4100832417150935,146.14285714285714,0.9894769907334695,0.5654154232762683,0.3333333333333333,15,10,74.07407407407408,75.92592592592592,53.06122448979592,69.38775510204081,55.55555555555556,13.043478260869565,77.35849056603774,50.00000000000001,36.170212765957444,90.74074074074075,27.777777777777775,23.14814814814814,65.50768455530361,34.29951690821256,63.67924528301887,43.08510638297872,73.14814814814815,31.337010769634883
Talita Alencar,Women’s Strawweight,5,1.0,7.439678284182307,2.8150134048257374,0.3783783783783784,0.6923076923076923,4.949731903485255,105.5,1.0,0.40214477211796246,0.7674262734584452,,0.6032171581769438,0.0,0.0,13,9,85.18518518518519,83.33333333333334,45.91836734693878,73.46938775510205,85.18518518518519,41.30434782608695,95.28301886792453,90.74074074074073,,77.77777777777779,87.03703703703704,70.37037037037037,68.190980095742,63.24476650563607,93.01187980433264,90.74074074074073,81.4814814814815,82.71604938271604
Iasmin Lucindo,Women’s Strawweight,7,1.0,4.103343465045592,2.2796352583586623,0.5555555555555556,0.5714285714285714,3.774062816616008,99.33333333333333,0.6875,2.43161094224924,1.9326241134751772,152.6,0.1519756838905775,0.1519756838905775,0.0,14,8,61.111111111111114,77.77777777777779,75.51020408163265,53.06122448979592,66.66666666666666,32.608695652173914,64.15094339622641,62.96296296296296,29.78723404255318,46.2962962962963,68.51851851851852,70.37037037037037,63.227513227513235,49.63768115942028,63.556953179594686,46.37509850275807,56.48148148148148,61.75466246388232
Jessica Andrade,Women’s Strawweight,8,1.0,0.8405323371468598,0.21013308428671496,0.25,0.0,1.4394116273639974,411.0,0.7777777777777778,5.673593275741304,1.4744338080784498,70.16666666666667,0.0,0.8405323371468598,0.5,4,0,20.37037037037037,16.666666666666664,21.428571428571427,7.142857142857142,31.48148148148148,100.0,80.18867924528303,75.92592592592592,82.97872340425532,19.444444444444446,24.074074074074066,14.814814814814813,16.313932980599645,65.74074074074073,78.05730258560448,79.45232466509063,25.462962962962962,39.44707118465984
Amanda Lemos,Women’s Strawweight,8,1.0,1.4913007456503728,0.8699254349627175,0.5833333333333334,0.1,2.425434962717481,167.28571428571428,0.5853658536585367,5.095277547638774,7.388152444076222,209.8235294117647,0.7456503728251864,0.49710024855012425,0.2,10,1,27.77777777777778,40.74074074074074,81.63265306122449,14.285714285714285,44.44444444444444,76.08695652173914,45.28301886792453,3.7037037037036997,14.893617021276585,85.18518518518519,31.481481481481485,35.1851851851852,41.23204837490552,60.26570048309179,24.493361285814117,9.298660362490143,64.81481481481481,25.32177567638561
Mizuki,Women’s Strawweight,4,1.0,2.25,0.75,0.3333333333333333,0.3333333333333333,4.616666666666666,369.3333333333333,0.8076923076923077,6.5,1.8541666666666667,89.0,0.0,0.25,0.0,6,2,38.88888888888889,38.88888888888889,35.714285714285715,26.53061224489796,81.48148148148148,95.65217391304348,83.01886792452831,68.51851851851852,74.46808510638297,19.444444444444446,57.40740740740741,70.37037037037037,33.71126228269085,88.56682769726248,75.76869322152342,71.49330181245074,50.46296296296296,66.42369319674283
Tabatha Ricci,Women’s Strawweight,8,1.0,5.974332497418498,1.4603923882578551,0.24444444444444444,0.6666666666666666,2.431774598023307,99.9090909090909,0.5454545454545454,4.381177164773566,1.860893937158873,56.06666666666667,0.0,0.13276294438707775,0.0,21,14,75.92592592592592,55.55555555555556,18.367346938775512,69.38775510204081,46.2962962962963,34.78260869565217,39.62264150943396,66.66666666666666,89.36170212765957,19.444444444444446,70.37037037037037,70.37037037037037,54.56034265558075,40.53945249597423,53.14465408805031,78.01418439716312,32.870370370370374,72.91830837930128
Stephanie Luciano,Women’s Strawweight,4,1.0,2.5992779783393507,1.6245487364620939,0.625,0.6,1.8628158844765343,68.8,0.7777777777777778,5.848375451263538,1.6191335740072204,74.75,0.6498194945848377,0.32490974729241884,0.0,5,3,44.44444444444444,57.407407407407405,87.75510204081633,57.14285714285714,37.03703703703704,8.695652173913043,80.18867924528303,74.07407407407408,78.72340425531914,83.33333333333334,44.44444444444445,70.37037037037037,63.11413454270596,22.866344605475042,77.13137665967855,76.39873916469661,60.18518518518519,63.7378513265038
Loma Lookboonmee,Women’s Strawweight,8,1.0,3.9078156312625247,2.2545090180360723,0.5769230769230769,0.5,2.675350701402806,71.2,0.6944444444444444,5.410821643286574,6.062124248496994,220.0,0.1503006012024048,1.2024048096192383,0.3333333333333333,14,7,59.25925925925925,74.07407407407408,79.59183673469387,39.795918367346935,53.70370370370371,10.869565217391305,66.0377358490566,9.259259259259256,12.765957446808516,44.44444444444444,9.259259259259256,23.14814814814814,59.549004787100024,32.2866344605475,37.64849755415793,11.012608353033887,49.074074074074076,14.473338586813762
Ketlen Souza,Women’s Strawweight,7,1.0,3.3911077618688776,0.452147701582517,0.13333333333333333,0.625,2.999246420497363,398.0,0.5357142857142857,6.330067822155238,3.176337603617182,64.84615384615384,0.2260738507912585,0.452147701582517,0.3333333333333333,8,5,48.148148148148145,25.925925925925924,12.244897959183673,62.244897959183675,59.25925925925925,97.82608695652173,35.84905660377358,40.74074074074074,87.23404255319149,59.25925925925925,35.1851851851852,23.14814814814814,40.8793146888385,78.5426731078905,38.29489867225716,63.98739164696612,59.25925925925925,40.77357499343315
Carla Esparza,Women’s Strawweight,8,1.0,8.548882069267865,3.156510302498904,0.36923076923076925,0.782608695652174,4.54405962297238,86.375,0.6363636363636364,1.446733888645331,0.8987286277948268,102.5,0.131521262604121,0.263042525208242,0.5,23,18,92.5925925925926,88.88888888888889,42.857142857142854,79.59183673469387,79.62962962962963,26.08695652173913,52.83018867924528,85.18518518518519,53.191489361702125,40.74074074074074,55.55555555555556,14.814814814814813,71.68052406147645,52.85829307568438,69.00768693221524,69.18833727344366,60.18518518518519,46.51956921460468
Sam Hughes,Women’s Strawweight,8,1.0,4.466165413533835,1.3533834586466167,0.30303030303030304,0.5625,4.362406015037594,193.4,0.7,5.413533834586467,1.9082706766917292,70.5,0.27067669172932335,0.40601503759398494,0.0,16,9,62.96296296296296,53.70370370370371,30.612244897959183,50.0,74.07407407407408,82.6086956521739,67.9245283018868,64.81481481481481,80.85106382978724,62.96296296296296,37.037037037037045,70.37037037037037,47.85840262030738,78.34138486312399,66.3696715583508,72.83293932230103,68.51851851851852,60.08011557656948
Alice Ardelean,Women’s Strawweight,5,1.0,2.1551724137931036,1.0775862068965518,0.5,0.1111111111111111,2.5610632183908044,142.6,0.8571428571428572,3.0172413793103448,0.2945402298850575,41.0,0.21551724137931036,0.0,0.0,9,1,37.03703703703704,48.148148148148145,66.3265306122449,16.3265306122449,50.0,58.69565217391305,88.67924528301887,98.14814814814814,97.87234042553192,55.55555555555556,87.03703703703704,70.37037037037037,39.896699420508945,54.34782608695652,93.41369671558351,98.01024428684002,52.77777777777778,85.1392172314158
Carol Foro,Women’s Strawweight,1,0.8571428571428571,0.0,0.0,,,0.8333333333333334,,0.4285714285714286,7.0,6.166666666666667,92.5,0.0,1.0,0.0,0,0,5.555555555555555,8.333333333333332,,,11.11111111111111,,15.09433962264151,7.407407407407409,72.34042553191489,19.444444444444446,19.444444444444446,70.37037037037037,5.555555555555555,11.11111111111111,11.250873515024459,39.87391646966115,15.277777777777779,43.229577094825316
Shanelle Dyer,Women’s Strawweight,1,1.0,2.387267904509284,2.387267904509284,1.0,0.0,1.352785145888594,34.0,1.0,2.387267904509284,0.47745358090185674,,0.0,0.0,0.0,1,0,42.592592592592595,79.62962962962963,98.9795918367347,7.142857142857142,29.629629629629626,4.3478260869565215,95.28301886792453,94.44444444444444,,19.444444444444446,87.03703703703704,70.37037037037037,49.57168052406147,16.988727858293075,94.86373165618448,94.44444444444444,24.537037037037038,83.95061728395062
Tecia Pennington,Women’s Strawweight,4,1.0,1.5,0.25,0.16666666666666666,0.2,0.3333333333333333,80.0,0.6486486486486487,9.25,3.6166666666666667,66.76923076923077,0.0,0.0,0.0,5,1,29.629629629629626,18.51851851851852,14.285714285714285,18.367346938775512,5.555555555555555,23.91304347826087,56.60377358490566,37.037037037037045,85.1063829787234,19.444444444444446,87.03703703703704,70.37037037037037,20.76089695137314,14.734299516908212,46.82040531097135,61.07171000788023,12.5,72.82637247176254
Angela Hill,Women’s Strawweight,8,1.0,3.864734299516908,1.2077294685990339,0.3125,0.5625,3.250805152979066,161.5,0.6153846153846154,4.710144927536232,3.675523349436393,121.73333333333333,0.36231884057971014,0.0,0.0,16,9,55.55555555555556,51.85185185185185,32.6530612244898,50.0,62.96296296296296,69.56521739130434,50.0,35.1851851851852,46.80851063829787,66.66666666666666,87.03703703703704,70.37037037037037,46.06953892668179,66.26409017713365,42.592592592592595,40.99684791174153,64.81481481481481,66.13475177304964
Amanda Ribas,Women’s Strawweight,8,1.0,3.8961038961038956,1.9480519480519478,0.5,0.5294117647058824,3.181818181818182,98.0,0.8148148148148149,3.5064935064935066,2.79004329004329,257.8,0.12987012987012986,0.38961038961038963,0.2,17,9,57.407407407407405,64.81481481481481,66.3265306122449,46.93877551020408,61.111111111111114,30.434782608695656,84.90566037735849,42.5925925925926,6.382978723404252,38.88888888888889,38.88888888888889,35.1851851851852,56.89090450995212,45.772946859903385,63.74912648497555,24.487785657998426,50.0,32.853953244024176
Shi Ming,Women’s Strawweight,2,1.0,3.492884864165589,1.7464424320827945,0.5,1.0,3.5413971539456663,121.66666666666667,0.5,1.164294954721863,1.406856403622251,145.0,0.0,0.5821474773609315,0.0,2,2,50.0,61.111111111111114,66.3265306122449,97.95918367346938,64.81481481481481,50.0,29.245283018867923,77.77777777777777,38.29787234042553,19.444444444444446,25.925925925925927,70.37037037037037,71.42857142857143,57.407407407407405,53.51153039832285,58.03782505910165,42.129629629629626,51.44470711846598
Marina Rodriguez,Women’s Strawweight,8,1.0,0.27096191479753123,0.27096191479753123,1.0,0.0,0.46289327111244916,102.5,0.6,4.7418335089567965,5.520849013999699,174.64285714285714,0.4064428721962969,0.27096191479753123,0.0,2,0,11.11111111111111,20.37037037037037,98.9795918367347,7.142857142857142,7.4074074074074066,36.95652173913043,47.16981132075472,16.66666666666666,23.40425531914893,70.37037037037037,51.851851851851855,70.37037037037037,39.07785336356765,22.181964573268917,31.918238993710688,20.035460992907794,38.888888888888886,47.41922773837667
Nicolle Caliari,Women’s Strawweight,3,1.0,11.732548359966358,3.027754415475189,0.25806451612903225,0.7777777777777778,5.248107653490328,104.0,1.0,0.37846930193439865,1.7724978973927672,,0.37846930193439865,0.0,0.0,9,7,100.0,85.18518518518519,24.489795918367346,77.55102040816327,87.03703703703704,39.130434782608695,95.28301886792453,70.37037037037037,,68.51851851851852,87.03703703703704,70.37037037037037,67.3469387755102,63.08373590982286,82.82669461914745,70.37037037037037,77.77777777777777,75.92592592592592
Julia Polastri,Women’s Strawweight,5,1.0,0.8226691042047531,0.6170018281535649,0.75,0.0,1.8372943327239488,178.66666666666666,0.6153846153846154,5.347349177330896,3.396937842778793,99.1,0.20566727605118829,0.0,0.0,4,0,18.51851851851852,31.48148148148148,94.89795918367348,7.142857142857142,35.18518518518518,78.26086956521739,50.0,38.88888888888889,59.57446808510638,51.85185185185185,87.03703703703704,70.37037037037037,40.18644494834971,56.72302737520128,44.44444444444444,49.23167848699764,43.51851851851852,68.879695298135
Gigi Canuto,Women’s Strawweight,1,0.8571428571428571,7.0,4.0,0.5714285714285714,0.3333333333333333,6.166666666666667,92.5,,0.0,0.8333333333333334,,1.0,0.0,0.0,3,1,81.48148148148148,94.44444444444444,77.55102040816327,26.53061224489796,90.74074074074075,28.26086956521739,,88.88888888888889,,92.5925925925926,87.03703703703704,70.37037037037037,61.85437137818091,59.50080515297907,88.88888888888889,88.88888888888889,91.66666666666667,82.09876543209876
Marina Spasic,Women’s Strawweight,1,0.8571428571428571,0.0,0.0,,,0.0,,0.5,9.0,1.9500000000000002,26.0,0.0,4.5,1.0,0,0,5.555555555555555,8.333333333333332,,,1.8518518518518516,,29.245283018867923,61.111111111111114,100.0,19.444444444444446,1.8518518518518519,2.777777777777776,5.555555555555555,1.8518518518518516,45.17819706498952,80.55555555555556,10.648148148148149,28.395061728395063
Xiong Jingnan,Women’s Strawweight,1,0.8571428571428571,0.0,0.0,,,0.11666666666666667,,0.75,4.0,2.1,126.0,0.0,1.0,0.0,0,0,5.555555555555555,8.333333333333332,,,3.7037037037037033,,75.47169811320755,53.70370370370371,44.68085106382978,19.444444444444446,19.444444444444446,70.37037037037037,5.555555555555555,3.7037037037037033,64.58770090845563,49.19227738376674,11.574074074074074,46.335697399527184
Shauna Bannon,Women’s Strawweight,5,1.0,1.5393386545039909,0.0,0.0,0.5,1.0433295324971494,,0.4736842105263158,4.874572405929304,6.452394526795895,150.9,0.5131128848346637,0.5131128848346637,0.6666666666666666,4,2,31.48148148148148,8.333333333333332,4.081632653061225,39.795918367346935,18.51851851851852,,22.641509433962266,5.555555555555562,34.04255319148936,74.07407407407408,29.629629629629637,7.407407407407409,25.11967750062988,18.51851851851852,14.098532494758913,19.799054373522463,46.2962962962963,18.945363803519836
Karolina Kowalkiewicz,Women’s Strawweight,8,1.0,2.6605353916899324,0.739037608802759,0.2777777777777778,0.5,1.968303498111348,159.8,0.7222222222222222,2.6605353916899324,2.478239448185252,201.2,0.2956150435211036,0.2956150435211036,0.25,10,5,46.2962962962963,37.03703703703704,26.53061224489796,39.795918367346935,40.74074074074074,65.21739130434783,73.58490566037736,46.2962962962963,19.148936170212764,64.81481481481481,48.148148148148145,29.629629629629637,37.540942302847064,52.97906602254429,59.94060097833683,32.72261623325453,52.77777777777777,36.83346467034411
Josefine Knutsson,Women’s Strawweight,3,1.0,1.3333333333333335,1.0,0.75,1.0,4.272222222222222,256.3333333333333,0.2666666666666667,5.0,5.1722222222222225,84.63636363636364,0.0,0.33333333333333337,0.0,2,2,25.925925925925924,42.592592592592595,94.89795918367348,97.95918367346938,72.22222222222221,93.47826086956522,7.547169811320755,18.51851851851851,76.59574468085106,19.444444444444446,42.5925925925926,70.37037037037037,72.92768959435627,82.85024154589371,13.03284416491963,47.55713159968478,45.83333333333333,53.50669818754924
Ariane Carnelossi,Women’s Strawweight,7,1.0,2.1191429244172357,1.0595714622086179,0.5,0.3333333333333333,2.6736519896397457,151.4,0.2272727272727273,4.662114433717918,5.788792088533082,96.41176470588235,0.21191429244172358,1.0595714622086179,0.25,6,2,35.18518518518518,44.44444444444444,66.3265306122449,26.53061224489796,51.85185185185185,60.86956521739131,5.660377358490567,14.814814814814813,68.08510638297872,53.70370370370371,16.66666666666666,29.629629629629637,42.68077601410935,56.36070853462158,10.23759608665269,41.449960598896766,52.77777777777778,29.248752298397687
Melissa Martinez,Women’s Strawweight,3,1.0,0.704225352112676,0.352112676056338,0.5,0.0,1.1384976525821595,194.0,0.5,2.1126760563380285,1.7312206572769953,98.33333333333333,0.0,0.0,0.0,2,0,14.814814814814813,24.074074074074073,66.3265306122449,7.142857142857142,24.074074074074073,84.78260869565217,29.245283018867923,72.22222222222223,61.70212765957447,19.444444444444446,87.03703703703704,70.37037037037037,29.428067523305618,54.428341384863124,50.733752620545076,66.96217494089835,21.75925925925926,74.78986078276859
Puja Tomar,Women’s Strawweight,2,0.8571428571428571,0.0,0.0,,,0.8345221112696148,,1.0,1.9258202567760343,1.1554921540656204,,0.0,1.2838801711840229,1.0,0,0,5.555555555555555,8.333333333333332,,,12.962962962962962,,95.28301886792453,83.33333333333333,,19.444444444444446,5.555555555555562,2.777777777777776,5.555555555555555,12.962962962962962,89.30817610062893,83.33333333333333,16.203703703703702,30.555555555555557
Bruna Brasil,Women’s Strawweight,8,1.0,2.2626441881100265,1.064773735581189,0.47058823529411764,0.3076923076923077,1.9631765749778172,110.625,0.5641025641025641,5.190771960958297,4.294587400177462,113.88235294117646,0.13309671694764863,0.26619343389529726,0.0,13,4,40.74074074074074,46.2962962962963,57.14285714285714,20.408163265306122,38.88888888888889,45.65217391304348,41.509433962264154,27.777777777777775,48.93617021276596,42.592592592592595,53.70370370370371,70.37037037037037,39.43058704963467,42.270531400966185,34.64360587002096,38.356973995271865,40.74074074074075,54.143682689781976
Elise Reed,Women’s Strawweight,8,1.0,0.8001422475106685,0.48008534850640117,0.6,0.3333333333333333,1.3229018492176388,165.33333333333334,0.5319148936170213,7.521337126600284,5.950391180654338,101.4090909090909,0.0,1.1201991465149361,0.5,3,1,16.666666666666664,27.77777777777778,85.71428571428571,26.53061224489796,27.77777777777778,73.91304347826086,33.9622641509434,11.111111111111104,57.4468085106383,19.444444444444446,12.962962962962965,14.814814814814813,42.97052154195011,50.84541062801932,22.53668763102725,34.2789598108747,23.611111111111114,20.685579196217493
Yazmin Jauregui,Women’s Strawweight,5,1.0,1.7660910518053374,0.0,0.0,1.0,1.0773155416012559,,1.0,2.82574568288854,0.5357142857142857,,0.0,0.3532182103610675,0.5,2,2,33.33333333333333,8.333333333333332,4.081632653061225,97.95918367346938,20.37037037037037,,95.28301886792453,92.59259259259258,,19.444444444444446,40.74074074074074,14.814814814814813,45.12471655328798,20.37037037037037,93.93780573025856,92.59259259259258,19.90740740740741,49.382716049382715
Rayanne dos Santos,Women’s Strawweight,2,1.0,4.5,0.5,0.1111111111111111,0.3333333333333333,0.6583333333333333,79.0,0.0,0.5,0.35833333333333334,43.0,0.0,0.0,0.0,6,2,64.81481481481481,29.629629629629626,10.204081632653061,26.53061224489796,9.25925925925926,21.73913043478261,2.8301886792452833,96.29629629629629,95.74468085106383,19.444444444444446,87.03703703703704,70.37037037037037,33.849836230788604,15.499194847020934,49.563242487770786,96.02048857368007,14.351851851851853,84.47596532702916
Viktoriia Dudakova,Women’s Strawweight,4,1.0,7.4968763015410245,2.2490628904623073,0.3,0.8571428571428571,2.867555185339442,76.5,0.4,1.8742190753852561,4.866722199083715,259.6666666666667,0.0,0.0,0.0,7,6,87.03703703703704,72.22222222222221,28.57142857142857,89.79591836734694,57.407407407407405,15.217391304347828,11.320754716981133,22.222222222222218,4.255319148936168,19.444444444444446,87.03703703703704,70.37037037037037,68.46812799193752,36.312399355877616,16.771488469601675,13.238770685579194,38.425925925925924,56.88205936432886
Molly McCann,Women’s Strawweight,8,1.0,3.7016726076227036,1.9742253907321086,0.5333333333333333,0.625,2.521250342747464,76.625,0.5384615384615384,3.208116259939677,4.022484233616672,163.0,0.24677817384151357,1.2338908692075679,0.75,8,5,53.70370370370371,66.66666666666666,73.46938775510205,62.244897959183675,48.148148148148145,17.391304347826086,37.735849056603776,31.481481481481485,27.65957446808511,61.111111111111114,7.407407407407409,5.555555555555562,63.139329805996475,32.769726247987116,34.60866526904263,29.570527974783296,54.62962962962963,14.177830312582088
Luana Pinheiro,Women’s Strawweight,7,1.0,6.3537492844876935,2.4041213508872357,0.3783783783783784,0.9166666666666666,1.316542644533486,32.857142857142854,0.7142857142857143,4.808242701774471,2.467086433886663,107.75,0.17172295363480253,0.17172295363480253,0.25,12,11,79.62962962962963,81.48148148148148,45.91836734693878,93.87755102040816,25.925925925925924,2.1739130434782608,71.69811320754717,48.148148148148145,51.06382978723404,50.0,62.96296296296296,29.629629629629637,73.14184933232553,14.049919484702093,59.92313067784765,49.60598896769109,37.96296296296296,47.399527186761226
Feng Xiaocan,Women’s Strawweight,1,0.8571428571428571,0.0,0.0,,,1.509287925696594,,0.5,2.786377708978328,1.2306501547987614,53.0,0.0,0.0,0.0,0,0,5.555555555555555,8.333333333333332,,,33.33333333333333,,29.245283018867923,81.48148148148148,91.48936170212765,19.444444444444446,87.03703703703704,70.37037037037037,5.555555555555555,33.33333333333333,55.3633822501747,86.48542159180457,26.388888888888886,81.29760966640399
Cory McKenna,Women’s Strawweight,6,1.0,4.875646392514159,2.216202905688254,0.45454545454545453,0.6666666666666666,6.087170647623737,164.8,0.6666666666666667,1.3297217434129525,2.013050972666831,272.5,0.4432405811376508,1.5513420339817778,0.3333333333333333,12,8,68.51851851851852,70.37037037037037,55.10204081632652,69.38775510204081,88.88888888888889,71.73913043478261,62.264150943396224,59.25925925925926,2.127659574468085,72.22222222222221,3.7037037037036997,23.14814814814814,64.33610481229528,80.31400966183574,60.76170510132774,30.69345941686367,80.55555555555554,19.18177042290517
Montserrat Conejo Ruiz,Women’s Strawweight,5,1.0,3.4951456310679614,1.7475728155339807,0.5,0.42857142857142855,4.092233009708738,140.5,0.4444444444444444,2.621359223300971,4.616504854368932,190.2,0.5825242718446602,1.1650485436893203,0.0,7,3,51.85185185185185,62.96296296296296,66.3265306122449,32.6530612244898,70.37037037037037,56.52173913043478,16.9811320754717,25.925925925925927,21.27659574468086,75.92592592592592,11.111111111111104,70.37037037037037,50.277147896195515,63.446054750402574,21.453529000698815,23.601260835303393,73.14814814814815,35.02758077226162
Polyana Viana,Women’s Strawweight,8,1.0,1.1053116364752842,0.27632790911882105,0.25,0.5,0.8520110531163648,185.0,0.3157894736842105,5.250230273257599,9.100399140313172,152.0,1.6579674547129262,1.1053116364752842,0.6,2,1,24.074074074074073,22.22222222222222,21.428571428571427,39.795918367346935,14.814814814814813,80.43478260869566,9.433962264150944,1.8518518518518519,31.914893617021278,98.14814814814815,14.814814814814813,9.259259259259256,28.43285462333081,47.62479871175523,5.642907058001398,16.883372734436566,56.48148148148148,13.652482269503546
Jessica Penne,Women’s Strawweight,8,1.0,7.813607370659107,0.6378454996456414,0.08163265306122448,0.7058823529411765,2.2377746279234585,210.5,0.4666666666666667,2.3919206236711554,2.019844082211198,95.0,0.15946137491141035,0.15946137491141035,0.16666666666666666,17,12,88.88888888888889,35.18518518518518,8.16326530612245,75.51020408163265,42.592592592592595,89.13043478260869,20.754716981132077,57.40740740740741,70.2127659574468,48.148148148148145,66.66666666666666,38.88888888888889,57.52078609221466,65.86151368760065,39.08106219426975,63.81008668242711,45.37037037037037,56.455214079327554
Istela Nunes,Women’s Strawweight,5,1.0,0.2850807728856509,0.0,0.0,0.0,0.9977827050997782,,0.47619047619047616,5.986696230598669,5.131453911941717,98.18181818181819,0.0,0.2850807728856509,0.2,1,0,12.962962962962962,8.333333333333332,4.081632653061225,7.142857142857142,16.666666666666664,,24.528301886792452,20.37037037037037,65.95744680851064,19.444444444444446,50.00000000000001,35.1851851851852,8.062484252960443,16.666666666666664,22.44933612858141,43.1639085894405,18.055555555555557,42.783031258208574
