ea_player_id,player_name,first_name,last_name,birthdate,height,weight,college,age,years_pro,ea_team,ea_position,overall,speed,strength,agility,acceleration,awareness,injury,change_of_direction,throw_power,throw_accuracy_short,throw_accuracy_mid,throw_accuracy_deep,throw_under_pressure,play_action,catching,catch_in_traffic,spectacular_catch,release,short_route_running,medium_route_running,deep_route_running,pass_block,pass_block_power,pass_block_finesse,run_block,run_block_power,run_block_finesse,power_moves,finesse_moves,block_shedding,play_recognition,pursuit,tackle,man_coverage,zone_coverage,press,team,position,gsis_id,roster_status,roster_match_name,roster_match_method
21586,Ja'Marr Chase,Ja'Marr,Chase,2000-03-01,72,205,LSU,25,4,,,99,95,73,92,94,99,92,97,33,20,15,10,22,10,98,95,97,97,96,96,98,37,26,20,56,34,30,10,10,37,17,36,39,13,17,15,CIN,WR,00-0036900,ACT,Ja'Marr Chase,exact_name
13197,Josh Allen,Josh,Allen,1996-05-21,77,237,Wyoming,29,7,,,99,88,81,85,91,96,99,82,98,96,89,90,95,97,40,20,23,18,22,15,13,14,15,10,17,10,10,9,9,23,15,33,32,12,18,9,BUF,QB,00-0034857,ACT,Josh Allen,exact_name
20961,Justin Jefferson,Justin,Jefferson,1999-06-16,73,195,LSU,26,5,,,99,91,64,95,92,99,94,98,43,35,30,24,29,24,96,98,99,99,98,98,97,25,18,13,51,29,27,18,24,24,19,41,36,18,26,18,MIN,WR,00-0036322,ACT,Justin Jefferson,exact_name_birthdate
927,Lane Johnson,Lane,Johnson,1990-05-08,78,325,Oklahoma,35,12,,,99,77,93,75,78,99,84,58,65,59,54,50,41,39,64,58,57,45,46,33,25,98,98,94,97,98,96,53,60,56,29,55,60,12,20,10,PHI,OL,00-0030561,ACT,Lane Johnson,exact_name
12520,Myles Garrett,Myles,Garrett,1995-12-29,76,272,Texas AM,29,8,,,99,87,96,86,90,97,92,71,55,31,30,27,16,10,52,21,25,31,15,8,4,45,45,45,45,45,45,99,93,96,94,97,92,51,51,44,LA,DL,00-0033868,ACT,Myles Garrett,exact_name
13085,Saquon Barkley,Saquon,Barkley,1997-02-09,72,227,Penn State,28,7,,,99,95,81,95,94,99,91,94,41,41,34,29,18,18,74,62,73,69,75,67,65,60,38,33,36,35,31,17,25,24,21,36,28,15,13,10,PHI,RB,00-0034844,ACT,Saquon Barkley,exact_name
12836,George Kittle,George,Kittle,1993-10-09,76,250,Iowa,31,8,,,98,87,82,83,87,98,88,77,30,20,15,10,14,10,95,88,89,84,84,80,77,62,62,58,77,76,71,20,18,31,35,36,34,15,24,20,SF,TE,00-0033288,ACT,George Kittle,exact_name
13092,Lamar Jackson,Lamar,Jackson,1997-01-07,74,210,Louisville,28,7,,,98,96,63,94,95,95,92,95,93,97,96,85,98,98,64,17,15,17,20,15,13,13,13,13,14,14,14,12,10,16,10,38,35,12,12,10,BAL,QB,00-0034796,ACT,Lamar Jackson,exact_name
21476,Micah Parsons,Micah,Parsons,1999-05-26,75,245,Penn State,26,4,,,98,90,89,90,95,97,93,77,30,6,6,6,15,6,62,44,47,36,40,36,31,45,45,45,45,45,45,91,98,81,95,94,89,61,64,57,GB,LB,00-0036932,ACT,Micah Parsons,exact_name
20552,Dexter Lawrence II,Dexter,Lawrence II,1997-11-12,76,342,Clemson,27,6,,,97,76,99,70,79,96,93,56,19,6,6,6,10,6,40,23,22,12,18,14,12,45,45,45,45,45,45,93,79,96,96,91,94,13,24,14,CIN,DL,00-0035683,ACT,Dexter Lawrence,exact_name
13203,Fred Warner,Fred,Warner,1996-11-19,75,230,BYU,28,7,,,97,88,80,83,91,99,96,82,14,6,6,6,10,6,78,60,60,20,15,5,5,45,45,45,45,45,45,52,62,79,99,99,91,77,86,58,SF,LB,00-0034815,ACT,Fred Warner,exact_name
22691,Jahmyr Gibbs,Jahmyr,Gibbs,2002-03-20,69,199,Alabama,23,2,,,97,96,72,93,95,90,90,92,26,21,17,13,14,10,74,64,64,62,71,65,61,52,34,29,30,16,24,10,10,30,16,37,30,12,15,16,DET,RB,00-0039139,ACT,Jahmyr Gibbs,exact_name
20571,Maxx Crosby,Maxx,Crosby,1997-08-22,77,255,Eastern Michigan,28,6,,,97,86,88,86,88,98,94,73,22,6,6,6,10,6,41,29,31,25,25,20,16,45,44,45,45,46,45,90,96,92,96,98,96,40,48,25,LV,DL,00-0034973,ACT,Maxx Crosby,exact_name
21764,Patrick Surtain II,Patrick,Surtain II,2000-04-14,74,202,Alabama,25,4,,,97,94,63,90,92,98,92,91,28,6,6,6,13,6,76,63,72,31,30,24,20,35,35,35,35,35,35,36,48,54,98,81,75,97,96,95,nan,NAN,,,,unmatched
12635,Patrick Mahomes,Patrick,Mahomes,1995-09-17,74,225,Texas Tech,29,8,,,97,85,70,86,87,97,96,86,97,98,94,84,97,96,59,32,30,22,27,17,15,10,10,10,23,10,10,10,10,24,22,37,26,17,19,10,KC,QB,00-0033873,ACT,Patrick Mahomes,exact_name
21540,Penei Sewell,Penei,Sewell,2000-10-09,78,325,Oregon,24,4,,,97,73,97,60,74,97,94,58,18,6,6,6,14,6,44,17,15,15,28,17,5,88,92,84,99,99,99,24,16,35,19,37,32,12,12,10,DET,OL,00-0036880,ACT,Penei Sewell,exact_name
9800,Trent Williams,Trent,Williams,1988-07-19,77,320,Oklahoma,37,15,,,97,77,95,71,74,98,88,57,12,6,6,6,14,6,20,15,51,15,15,5,5,92,95,90,98,97,98,10,10,32,19,33,39,10,14,10,SF,OL,00-0027857,ACT,Trent Williams,exact_name
21606,Amon-Ra St. Brown,Amon-Ra,St. Brown,1999-10-24,72,195,USC,25,4,,,96,90,67,92,91,98,90,88,48,40,34,25,32,24,99,94,90,90,97,97,88,30,27,23,47,36,28,10,10,33,19,36,34,12,19,20,DET,WR,00-0036963,ACT,Amon-Ra St. Brown,exact_name
17676,Chris Jones,Chris,Jones,1994-07-03,78,310,Mississippi St.,31,9,,,96,73,96,74,79,97,93,62,23,6,6,6,16,6,29,14,16,15,13,6,3,44,44,45,44,46,45,97,90,93,94,92,90,23,29,13,KC,DL,00-0032762,ACT,Chris Jones,exact_name
23026,Christian Gonzalez,Christian,Gonzalez,2002-06-28,74,201,Oregon,23,2,,,96,96,59,92,93,97,90,91,35,15,10,6,10,6,74,62,73,40,37,27,20,30,25,24,32,32,27,28,37,52,98,74,65,97,89,84,NE,DB,00-0039147,ACT,Christian Gonzalez,exact_name
17557,Derrick Henry,Derrick,Henry,1994-01-04,75,247,Alabama,31,9,,,96,93,87,83,87,95,96,78,42,40,29,23,26,15,66,47,55,47,56,49,41,68,43,38,42,35,31,11,12,36,20,41,44,14,19,16,BAL,RB,00-0032764,ACT,Derrick Henry,exact_name
21286,Derrick Brown,Derrick,Brown,1998-04-15,77,320,Auburn,27,5,,,96,73,98,70,76,97,95,58,41,35,30,27,31,25,53,47,49,39,42,38,33,48,48,44,50,50,46,86,68,95,95,86,96,24,30,23,CAR,DL,00-0036220,ACT,Derrick Brown,exact_name
20948,Joe Burrow,Joe,Burrow,1996-12-10,76,215,LSU,28,5,,,96,84,68,83,86,98,92,79,88,99,97,96,96,86,40,19,26,18,28,19,15,15,25,15,15,30,20,10,10,30,27,38,36,29,33,25,CIN,QB,00-0036442,ACT,Joe Burrow,exact_name
21842,Quinn Meinerz,Quinn,Meinerz,1998-11-15,75,320,Wisc-Whitewater,26,4,,,96,76,95,66,79,96,90,55,21,6,6,6,15,6,25,10,12,15,15,7,3,89,90,87,97,95,99,30,27,33,26,27,32,12,17,10,DEN,OL,00-0037001,ACT,Quinn Meinerz,exact_name
12562,T.J. Watt,T.J.,Watt,1994-10-11,76,252,Wisconsin,30,8,,,96,83,86,84,87,98,91,70,25,6,6,6,16,6,72,52,57,22,24,14,7,45,45,45,45,45,45,87,95,93,98,98,96,59,65,43,PIT,LB,00-0033886,ACT,T.J. Watt,exact_name
20971,Tristan Wirfs,Tristan,Wirfs,1999-01-24,77,320,Iowa,26,5,,,96,77,94,65,78,97,95,58,11,6,6,6,10,6,37,15,15,15,15,5,5,95,95,96,89,87,91,10,10,25,17,30,38,12,13,10,TB,OL,00-0036406,ACT,Tristan Wirfs,exact_name
10698,Cameron Heyward,Cameron,Heyward,1989-05-06,77,295,Ohio State,36,14,,,95,75,94,67,73,96,92,59,21,6,6,6,18,6,48,10,22,12,10,3,2,45,45,45,45,45,45,87,73,96,97,89,94,22,32,10,PIT,DL,00-0027969,ACT,Cameron Heyward,exact_name
20932,CeeDee Lamb,CeeDee,Lamb,1999-04-08,74,200,Oklahoma,26,5,,,95,90,70,94,91,95,93,93,37,31,26,21,25,21,93,93,98,98,95,95,95,39,27,25,54,27,22,10,10,30,16,31,38,18,25,17,DAL,WR,00-0036358,ACT,CeeDee Lamb,exact_name
21551,Creed Humphrey,Creed,Humphrey,1998-06-28,76,302,Oklahoma,27,4,,,95,74,90,67,79,95,93,58,24,6,6,6,14,6,25,15,21,21,15,8,6,93,96,90,94,91,96,10,10,26,25,30,39,7,11,10,KC,OL,00-0036623,ACT,Creed Humphrey,exact_name
20928,Jonathan Taylor,Jonathan,Taylor,1999-01-19,70,226,Wisconsin,26,5,,,95,94,82,86,94,97,90,86,29,25,20,15,15,14,71,55,59,51,64,56,49,58,29,24,34,27,24,10,10,25,13,33,27,12,19,14,IND,RB,00-0036223,ACT,Jonathan Taylor,exact_name
17541,Laremy Tunsil,Laremy,Tunsil,1994-08-02,77,313,Ole Miss,31,9,,,95,72,92,67,68,95,92,53,22,6,6,6,14,6,26,22,20,22,19,9,6,95,96,94,82,82,83,18,14,27,18,29,35,11,13,9,WAS,OL,00-0032380,ACT,Laremy Tunsil,exact_name
20565,Nick Bosa,Nick,Bosa,1997-10-23,76,266,Ohio State,27,6,,,95,80,94,87,91,95,84,73,25,6,6,6,14,6,45,27,23,16,17,10,6,45,44,45,45,45,45,94,97,91,93,95,89,30,42,31,SF,DL,00-0035717,ACT,Nick Bosa,exact_name
22265,Trent McDuffie,Trent,McDuffie,2000-09-13,71,193,Washington,24,3,,,95,92,61,94,94,95,91,91,27,6,6,6,10,6,69,52,61,17,26,16,11,33,33,34,34,33,34,29,38,57,97,83,74,95,92,88,LA,DB,00-0037191,ACT,Trent McDuffie,exact_name
22690,Bijan Robinson,Bijan,Robinson,2002-01-30,71,215,Texas,23,2,,,94,91,81,92,92,87,93,95,37,36,31,23,22,20,71,63,58,64,71,63,58,53,46,39,46,40,39,10,10,32,22,37,36,13,15,18,ATL,RB,00-0038542,ACT,Bijan Robinson,exact_name
17538,Jalen Ramsey,Jalen,Ramsey,1994-10-24,73,208,Florida State,30,9,,,94,94,71,90,93,96,90,89,27,33,26,21,17,16,83,55,72,27,36,24,12,21,33,34,34,33,34,35,41,50,94,79,71,91,90,98,PIT,DB,00-0033055,ACT,Jalen Ramsey,exact_name
20549,Jeffery Simmons,Jeffery,Simmons,1997-07-28,76,305,Mississippi St.,28,6,,,94,78,97,75,82,96,90,63,20,6,6,6,10,6,27,21,19,15,18,10,6,45,45,45,45,45,45,89,85,92,95,91,87,29,39,17,TEN,DL,00-0035643,ACT,Jeffery Simmons,exact_name
13202,Jessie Bates III,Jessie,Bates III,1997-02-26,73,200,Wake Forest,28,7,,,94,90,59,88,91,96,92,84,25,10,10,10,23,10,83,65,70,13,20,15,10,35,35,35,35,35,35,25,37,56,95,93,81,85,93,66,ATL,DB,00-0034675,ACT,Jessie Bates,exact_name
13479,Jordan Mailata,Jordan,Mailata,1997-03-31,80,365,No College,28,7,,,94,74,97,68,69,97,90,57,39,6,6,6,15,6,57,55,48,20,30,25,20,90,91,88,96,95,98,15,15,36,16,57,52,12,17,10,PHI,OL,00-0034429,ACT,Jordan Mailata,exact_name
22811,Puka Nacua,Puka,Nacua,2001-05-29,73,206,BYU,24,2,,,94,93,69,89,92,96,83,92,25,15,10,6,29,29,96,96,94,86,94,93,86,30,25,20,61,36,33,10,10,20,15,29,28,10,16,15,LA,WR,00-0039075,ACT,Puka Nacua,exact_name
13081,Quenton Nelson,Quenton,Nelson,1996-03-19,77,330,Notre Dame,29,7,,,94,70,97,67,67,98,95,57,27,6,6,6,15,6,19,10,12,12,10,10,10,86,85,88,96,97,95,10,10,27,18,36,34,9,10,10,IND,OL,00-0034342,ACT,Quenton Nelson,exact_name
22093,Trey McBride,Trey,McBride,1999-11-22,76,246,Colorado St.,25,3,,,94,87,73,80,90,97,92,76,33,15,10,6,10,6,98,90,88,83,87,81,76,61,60,61,62,58,61,25,29,45,32,41,38,15,20,10,ARI,TE,00-0037744,ACT,Trey McBride,exact_name
22145,Aidan Hutchinson,Aidan,Hutchinson,2000-08-09,78,265,Michigan,25,3,,,93,82,87,85,89,95,91,70,24,10,8,6,18,6,64,56,62,52,50,44,38,45,45,45,45,45,45,88,96,85,93,96,88,43,53,31,DET,DL,00-0037236,ACT,Aidan Hutchinson,exact_name
20369,Chris Lindstrom,Chris,Lindstrom,1997-02-28,75,307,Boston College,28,6,,,93,76,92,68,80,97,94,58,23,6,6,6,10,6,26,18,14,12,16,6,5,84,87,81,96,92,95,10,10,15,10,23,32,12,12,10,ATL,OL,00-0035630,ACT,Chris Lindstrom,exact_name
13080,Derwin James Jr,Derwin,James Jr,1996-08-03,74,215,Florida State,29,7,,,93,90,80,88,91,95,89,86,34,18,13,10,10,15,78,56,67,24,27,22,17,35,35,35,35,35,35,69,67,66,94,91,79,84,84,83,LAC,DB,00-0034790,ACT,Derwin James,exact_name
21541,Rashawn Slater,Rashawn,Slater,1999-03-26,76,315,Northwestern,26,4,,,93,75,93,68,81,88,88,60,10,6,6,6,15,6,25,15,15,12,12,10,5,95,97,92,84,80,87,30,24,25,24,29,35,12,9,10,LAC,OL,00-0037009,ACT,Rashawn Slater,exact_name
13082,Roquan Smith,Roquan,Smith,1997-04-08,73,232,Georgia,28,7,,,93,86,80,87,89,91,95,82,25,10,8,6,10,10,72,40,39,22,13,12,11,45,45,45,45,45,45,68,60,78,92,97,97,70,76,56,BAL,LB,00-0034874,ACT,Roquan Smith,exact_name
22260,Sauce Gardner,Sauce,Gardner,2000-08-31,75,200,Cincinnati,25,3,,,93,93,65,91,94,91,96,91,27,6,6,6,10,6,76,64,65,35,32,22,18,35,35,35,35,35,35,38,52,55,93,78,58,94,93,96,IND,DB,00-0037190,ACT,Sauce Gardner,exact_name
17838,Tyreek Hill,Tyreek,Hill,1994-03-01,70,191,West Alabama,31,9,,,93,97,64,97,98,90,88,96,41,31,28,23,24,19,91,86,90,88,93,94,91,33,19,19,56,17,12,10,10,21,26,33,27,10,20,30,nan,NAN,,,,unmatched
13091,Vita Vea,Vita,Vea,1995-02-05,76,347,Washington,30,7,,,93,74,98,71,73,90,92,60,24,20,16,13,12,10,40,24,18,15,26,17,16,45,45,45,52,52,48,85,72,94,92,83,93,28,35,22,TB,DL,00-0034773,ACT,Vita Vea,exact_name
21023,Xavier McKinney,Xavier,McKinney,1999-08-09,72,201,Alabama,26,5,,,93,88,67,87,90,94,88,85,25,6,6,6,10,6,79,50,72,20,10,10,10,35,35,35,35,35,35,46,54,62,96,88,83,80,90,77,GB,DB,00-0036388,ACT,Xavier McKinney,exact_name
21017,Antoine Winfield Jr,Antoine,Winfield Jr,1998-08-16,69,203,Minnesota,27,5,,,92,90,59,88,92,95,88,86,35,6,6,6,13,6,77,71,73,33,30,20,15,35,35,35,35,35,35,46,57,63,96,90,77,80,87,68,TB,DB,00-0036411,ACT,Antoine Winfield Jr.,exact_name
11567,Bobby Wagner,Bobby,Wagner,1990-06-27,72,242,Utah State,35,13,,,92,84,78,80,84,98,97,70,25,6,6,6,10,6,75,15,48,12,15,5,5,45,45,45,45,45,45,73,65,82,97,94,99,57,64,42,nan,NAN,,,,unmatched
13101,Denzel Ward,Denzel,Ward,1997-04-28,71,190,Ohio State,28,7,,,92,93,61,94,94,92,88,95,31,15,10,8,15,6,78,48,66,26,30,26,20,35,35,35,35,35,35,26,33,50,91,72,51,93,89,86,CLE,DB,00-0034856,ACT,Denzel Ward,exact_name
12545,Garett Bolles,Garett,Bolles,1992-05-27,77,300,Utah,33,8,,,92,75,87,72,76,94,84,56,25,6,6,6,14,6,36,30,25,22,26,16,8,93,91,95,84,81,85,33,27,34,26,39,38,12,15,10,DEN,OL,00-0033538,ACT,Garett Bolles,exact_name
22054,James Cook III,James,Cook III,1999-09-25,71,190,Georgia,25,3,,,92,92,67,94,93,88,88,92,27,20,14,10,17,10,70,52,54,62,69,65,57,50,21,26,42,24,29,10,10,35,31,47,40,24,34,17,BUF,RB,00-0037248,ACT,James Cook,exact_name
17777,Joe Thuney,Joe,Thuney,1992-11-18,77,301,N.C. State,32,9,,,92,73,88,68,76,96,97,57,25,6,6,6,16,6,26,15,15,15,15,5,5,91,91,91,81,79,83,10,10,33,10,35,29,12,12,10,CHI,OL,00-0032391,ACT,Joe Thuney,exact_name
13098,Kolton Miller,Kolton,Miller,1995-10-09,80,325,UCLA,29,7,,,92,74,88,71,79,94,90,57,12,6,6,6,14,6,22,15,15,14,15,12,10,93,93,91,84,86,82,10,10,31,13,27,31,12,16,10,LV,OL,00-0034759,ACT,Kolton Miller,exact_name
20051,Matthew Stafford,Matthew,Stafford,1988-02-07,75,220,Georgia,37,16,,,92,78,66,71,70,95,87,66,95,93,91,93,84,85,26,15,15,15,15,14,12,25,24,22,22,17,19,10,10,26,17,29,28,10,22,10,LA,QB,00-0026498,ACT,Matthew Stafford,exact_name
10857,Mike Evans,Mike,Evans,1993-08-21,77,231,Texas AM,32,11,,,92,90,78,81,89,89,92,82,35,25,20,15,20,10,93,97,97,94,89,87,86,45,25,23,60,38,35,10,10,35,15,25,39,40,27,20,SF,WR,00-0031408,ACT,Mike Evans,exact_name
13084,Minkah Fitzpatrick,Minkah,Fitzpatrick,1996-11-17,73,207,Alabama,28,7,,,92,91,64,91,92,91,94,86,15,6,6,6,16,6,79,59,62,29,28,23,18,35,35,35,35,35,35,38,50,60,92,85,78,82,91,77,NYJ,DB,00-0034789,ACT,Minkah Fitzpatrick,exact_name
20982,Nnamdi Madubuike,Nnamdi,Madubuike,1997-11-17,75,293,Texas AM,27,5,,,92,81,95,74,83,90,91,64,16,6,6,6,10,6,44,25,28,15,15,7,3,45,45,45,45,45,45,76,87,89,89,88,96,22,26,20,BAL,DL,00-0036130,ACT,Nnamdi Madubuike,exact_name
20435,Terry McLaurin,Terry,McLaurin,1995-09-15,72,210,Ohio State,29,6,,,92,96,67,86,91,87,93,87,32,15,10,6,18,6,98,94,93,95,89,90,92,37,15,11,50,23,18,11,11,41,19,53,41,16,24,16,WAS,WR,00-0035659,ACT,Terry McLaurin,exact_name
890,Travis Kelce,Travis,Kelce,1989-10-05,77,250,Cincinnati,35,12,,,92,82,79,85,84,96,97,75,70,64,53,49,33,29,93,89,93,78,85,78,71,63,62,61,65,62,63,20,20,40,15,42,45,12,14,10,KC,TE,00-0030506,ACT,Travis Kelce,exact_name
12692,Trey Hendrickson,Trey,Hendrickson,1994-12-05,76,265,FAU,30,8,,,92,84,83,83,87,98,92,68,23,6,6,6,14,6,44,30,27,16,17,10,6,45,44,45,45,45,45,85,95,78,97,94,87,36,41,37,BAL,DL,00-0033935,ACT,Trey Hendrickson,exact_name
20964,Andrew Thomas,Andrew,Thomas,1999-01-22,77,315,Georgia,26,5,,,91,69,90,64,65,88,83,57,23,6,6,6,14,6,46,20,42,19,29,14,10,93,95,92,82,81,83,10,10,27,13,24,31,12,15,10,NYG,OL,00-0036386,ACT,Andrew Thomas,exact_name
14678,Brock Bowers,Brock,Bowers,2002-12-13,75,243,Georgia,22,1,,,91,89,75,86,91,92,91,82,36,15,10,6,15,6,96,85,88,82,83,79,75,57,53,57,61,55,60,29,31,46,18,55,49,23,29,26,LV,TE,00-0039338,ACT,Brock Bowers,exact_name
12556,Christian McCaffrey,Christian,McCaffrey,1996-06-07,71,205,Stanford,29,8,,,91,90,74,94,93,91,83,93,52,45,41,33,37,31,81,72,75,76,80,76,67,65,36,32,38,22,22,10,10,32,27,44,36,12,17,15,SF,RB,00-0033280,ACT,Christian McCaffrey,exact_name
17567,Dak Prescott,Dak,Prescott,1993-07-29,74,238,Mississippi St.,32,9,,,91,84,75,82,83,94,89,80,92,93,89,91,91,87,42,20,20,19,18,17,15,21,14,18,39,38,35,9,9,29,21,40,46,12,18,9,DAL,QB,00-0033077,ACT,Dak Prescott,exact_name
17542,DeForest Buckner,DeForest,Buckner,1994-03-17,79,295,Oregon,31,9,,,91,76,90,80,77,94,95,65,22,6,6,6,17,6,40,18,21,17,14,6,3,46,46,44,45,44,45,78,87,90,93,89,93,33,42,22,IND,DL,00-0032378,ACT,DeForest Buckner,exact_name
22269,Derek Stingley Jr,Derek,Stingley Jr,2001-06-20,72,190,LSU,24,3,,,91,93,63,94,93,93,87,92,36,26,21,18,12,10,83,71,80,44,45,35,30,25,33,34,25,33,34,36,44,49,93,75,58,91,93,84,HOU,DB,00-0037237,ACT,Derek Stingley Jr.,exact_name
22068,Drake London,Drake,London,2001-07-24,76,213,USC,24,3,,,91,88,77,88,92,94,89,88,25,20,15,10,14,10,97,93,95,91,87,85,80,33,25,20,50,27,24,10,10,23,15,29,42,11,18,14,ATL,WR,00-0037238,ACT,Drake London,exact_name
22694,Jaxon Smith-Njigba,Jaxon,Smith-Njigba,2002-02-14,73,200,Ohio State,23,2,,,91,91,63,94,92,95,87,92,29,15,10,6,16,6,97,84,86,84,91,92,93,31,24,22,53,30,27,10,10,25,17,27,24,16,14,10,SEA,WR,00-0038543,ACT,Jaxon Smith-Njigba,exact_name
22227,Kerby Joseph,Kerby,Joseph,2000-11-14,73,200,Illinois,24,3,,,91,88,64,86,91,92,90,84,25,6,6,6,9,6,84,63,70,27,33,31,29,25,25,25,24,24,24,23,29,53,94,86,76,78,92,65,DET,DB,00-0037667,ACT,Kerby Joseph,exact_name
22226,Kyle Hamilton,Kyle,Hamilton,2001-03-16,76,221,Notre Dame,24,3,,,91,88,72,87,91,89,89,79,36,28,24,20,20,15,78,68,72,44,37,34,32,35,35,35,35,35,35,52,68,68,92,94,80,86,83,88,BAL,DB,00-0038038,ACT,Kyle Hamilton,exact_name
21648,Trey Smith,Trey,Smith,1999-06-16,78,321,Tennessee,26,4,,,91,71,95,69,75,90,92,53,25,6,6,6,14,6,24,10,12,12,10,5,5,83,88,78,92,90,94,28,10,25,10,24,32,10,11,10,KC,OL,00-0036660,ACT,Trey Smith,exact_name
22702,Will Anderson Jr,Will,Anderson Jr,2001-09-02,76,263,Alabama,23,2,,,91,87,86,85,90,92,93,75,21,6,6,6,12,6,59,48,55,21,20,15,10,35,35,35,45,45,45,81,93,85,93,88,85,31,40,44,HOU,DL,00-0039108,ACT,Will Anderson Jr.,exact_name
23024,Brian Branch,Brian,Branch,2001-10-22,72,190,Alabama,23,2,,,90,88,60,85,92,90,92,83,27,25,21,16,15,16,77,63,66,45,46,41,37,30,33,34,35,33,34,44,55,64,91,95,74,88,89,74,DET,DB,00-0039141,ACT,Brian Branch,exact_name
12549,Budda Baker,Budda,Baker,1996-01-10,70,195,Washington,29,8,,,90,90,72,90,91,91,91,89,25,15,10,10,17,15,75,71,75,47,51,41,36,35,35,35,35,35,35,40,49,62,90,91,80,79,82,77,ARI,DB,00-0033890,ACT,Budda Baker,exact_name
21534,Christian Darrisaw,Christian,Darrisaw,1999-06-02,77,315,Virginia Tech,26,4,,,90,73,92,67,73,92,87,54,13,6,6,6,10,6,26,25,15,15,15,5,5,91,93,88,86,84,88,21,16,34,15,25,29,12,13,10,MIN,OL,00-0036616,ACT,Christian Darrisaw,exact_name
2540,Danielle Hunter,Danielle,Hunter,1994-10-29,77,263,LSU,30,10,,,90,88,82,83,88,96,86,71,15,6,6,6,12,6,36,10,12,12,10,3,2,45,45,45,45,45,45,84,92,82,91,90,85,38,50,30,HOU,DL,00-0031565,ACT,Danielle Hunter,exact_name
10823,Davante Adams,Davante,Adams,1992-12-24,73,215,Fresno State,32,11,,,90,89,63,94,89,93,97,94,45,15,10,6,20,6,88,91,94,96,90,91,89,38,13,17,48,20,12,10,10,52,26,43,42,18,24,25,LA,WR,00-0031381,ACT,Davante Adams,exact_name
11555,Demario Davis,Demario,Davis,1989-01-11,74,248,Arkansas St.,36,13,,,90,88,85,78,87,96,98,72,25,6,6,6,16,6,63,15,15,12,15,5,5,45,45,45,45,45,45,57,64,77,95,92,90,67,75,40,NYJ,LB,00-0029607,ACT,Demario Davis,exact_name
21761,DeVonta Smith,DeVonta,Smith,1998-11-14,72,170,Alabama,26,4,,,90,92,49,92,94,92,89,93,31,25,19,14,19,19,95,86,89,83,92,88,90,31,21,19,45,22,28,11,14,38,24,52,36,29,36,19,PHI,WR,00-0036912,ACT,DeVonta Smith,exact_name_birthdate
20437,Erik McCoy,Erik,McCoy,1997-08-27,76,303,Texas AM,28,6,,,90,74,89,62,77,95,87,58,22,6,6,6,15,6,30,10,12,12,10,5,5,88,87,89,92,90,94,15,12,23,28,25,35,11,13,10,NO,OL,00-0035242,ACT,Erik McCoy,exact_name
22703,Jalen Carter,Jalen,Carter,2001-04-04,75,314,Georgia,24,2,,,90,82,94,78,88,90,88,69,21,6,6,6,17,6,50,44,40,38,37,34,29,45,45,45,55,56,51,90,75,82,92,85,86,22,28,25,PHI,DL,00-0038386,ACT,Jalen Carter,exact_name
12625,Joe Mixon,Joe,Mixon,1996-07-24,73,220,Oklahoma,29,8,,,90,92,82,89,91,89,89,88,46,38,33,29,17,28,75,64,72,52,65,58,56,55,31,26,58,36,35,11,14,34,15,38,37,10,20,12,nan,NAN,,,,unmatched
21034,Justin Herbert,Justin,Herbert,1998-03-10,78,236,Oregon,27,5,,,90,86,71,80,88,92,92,72,96,94,87,86,88,91,39,12,18,14,17,13,10,17,12,17,24,19,13,10,10,26,16,41,36,11,18,14,LAC,QB,00-0036355,ACT,Justin Herbert,exact_name
13112,Mark Andrews,Mark,Andrews,1995-09-06,77,247,Oklahoma,29,7,,,90,87,81,79,90,91,92,75,25,15,10,5,15,5,90,91,91,79,81,77,72,54,50,54,68,63,66,10,10,28,15,32,27,12,15,10,BAL,TE,00-0034753,ACT,Mark Andrews,exact_name
12544,Marlon Humphrey,Marlon,Humphrey,1996-07-08,72,205,Alabama,29,8,,,90,91,74,85,92,93,88,88,22,6,6,6,10,6,78,56,68,15,15,11,10,35,35,35,35,35,35,37,51,60,94,79,70,89,90,96,BAL,DB,00-0033281,ACT,Marlon Humphrey,exact_name
21142,Zack Baun,Zack,Baun,1996-12-30,74,225,Wisconsin,28,5,,,90,87,80,83,87,91,93,74,47,46,40,33,40,41,66,43,54,18,30,22,16,45,43,44,45,44,44,69,78,76,91,93,94,74,83,56,PHI,LB,00-0036418,ACT,Zack Baun,exact_name
20495,A.J. Brown,A.J.,Brown,1997-06-30,73,226,Ole Miss,28,6,,,89,91,79,86,92,89,86,88,41,34,29,25,30,16,94,90,96,89,85,84,87,41,24,19,57,37,31,10,10,26,15,33,23,18,27,16,NE,WR,00-0035676,ACT,A.J. Brown,exact_name
20566,Brian Burns,Brian,Burns,1998-04-23,77,250,Florida State,27,6,,,89,87,76,86,90,93,93,71,24,6,6,6,10,6,48,28,34,17,15,10,5,45,45,45,45,45,45,75,89,79,90,88,88,45,56,22,NYG,LB,00-0035713,ACT,Brian Burns,exact_name
13507,Charvarius Ward,Charvarius,Ward,1996-05-16,73,196,Mid Tenn St.,29,7,,,89,90,65,85,86,97,88,84,21,16,11,7,14,21,73,55,60,39,31,28,21,23,35,35,35,35,35,41,47,46,96,78,73,88,94,92,IND,DB,00-0034573,ACT,Charvarius Ward,exact_name
12622,Dion Dawkins,Dion,Dawkins,1994-04-26,77,320,Temple,31,8,,,89,75,92,70,71,97,95,52,23,6,6,6,14,6,41,10,12,19,25,14,10,89,91,87,84,87,82,10,10,27,13,24,31,12,15,10,BUF,OL,00-0033904,ACT,Dion Dawkins,exact_name
17540,Jared Goff,Jared,Goff,1994-10-14,76,223,California,30,9,,,89,74,64,73,80,93,96,70,90,95,93,82,86,94,43,21,24,19,27,17,15,17,14,18,16,10,10,9,9,21,21,28,27,12,18,9,DET,QB,00-0033106,ACT,Jared Goff,exact_name
21009,Jaylon Johnson,Jaylon,Johnson,1999-04-19,72,195,Utah,26,5,,,89,90,67,86,91,93,87,92,27,6,6,6,13,6,74,57,65,31,26,16,11,35,35,35,41,35,35,27,35,51,93,74,53,90,94,89,CHI,DB,00-0036292,ACT,Jaylon Johnson,exact_name
20410,Josh Hines-Allen,Josh,Hines-Allen,1997-07-13,77,255,Kentucky,28,6,,,89,88,83,84,88,94,92,73,24,6,6,6,10,6,74,61,60,44,48,40,36,45,45,45,45,45,45,83,90,81,92,90,86,52,62,58,JAX,DL,00-0035642,ACT,Josh Hines-Allen,exact_name
20488,Josh Jacobs,Josh,Jacobs,1998-02-11,70,220,Alabama,27,6,,,89,90,83,86,90,90,93,83,36,37,31,23,19,19,72,53,55,51,62,55,41,56,40,36,39,33,27,10,10,28,20,36,34,22,30,20,GB,RB,00-0035700,ACT,Josh Jacobs,exact_name
12965,Kenny Moore II,Kenny,Moore II,1995-08-23,69,190,Valdosta St.,30,8,,,89,91,61,88,91,94,91,89,17,6,6,6,10,6,78,61,78,40,38,28,21,25,35,35,25,35,35,43,56,57,94,79,70,89,90,76,nan,NAN,,,,unmatched
11489,Kevin Zeitler,Kevin,Zeitler,1990-03-08,76,339,Wisconsin,35,13,,,89,73,91,56,67,96,95,52,12,6,6,6,14,6,15,15,15,15,15,5,5,89,90,86,81,83,78,10,10,15,13,21,25,13,15,10,nan,NAN,,,,unmatched
20547,Quinnen Williams,Quinnen,Williams,1997-12-20,75,303,Alabama,27,6,,,89,84,92,79,83,87,91,62,23,6,6,6,12,6,34,22,21,15,13,8,5,44,44,45,45,46,45,84,77,91,88,88,86,18,30,14,DAL,DL,00-0035718,ACT,Quinnen Williams,exact_name
2454,Stefon Diggs,Stefon,Diggs,1993-11-29,72,191,Maryland,31,10,,,89,91,62,91,93,86,88,93,46,27,23,18,20,18,92,91,91,88,90,90,85,39,20,22,53,36,33,10,10,34,20,35,27,33,38,27,nan,NAN,,,,unmatched
21002,A.J. Terrell Jr,A.J.,Terrell Jr,1998-09-23,73,195,Clemson,26,5,,,88,91,60,89,91,91,91,90,22,6,6,6,13,6,70,55,62,38,31,26,20,35,35,35,35,35,35,28,43,49,92,76,51,88,93,95,ATL,DB,00-0036285,ACT,A.J. Terrell,exact_name
13117,Baker Mayfield,Baker,Mayfield,1995-04-14,73,215,Oklahoma,30,7,,,88,86,69,82,85,91,95,78,95,94,85,85,87,88,64,23,61,15,28,17,13,16,12,10,29,15,10,10,10,28,15,33,32,10,12,10,TB,QB,00-0034855,ACT,Baker Mayfield,exact_name
23329,Brandon Aubrey,Brandon,Aubrey,1995-03-14,75,200,Notre Dame,30,3,,,88,82,49,74,77,72,88,62,37,31,26,21,16,15,30,15,15,15,15,14,12,17,14,13,15,12,12,10,10,15,13,40,28,15,18,10,DAL,K,00-0037692,ACT,Brandon Aubrey,exact_name
13128,Dallas Goedert,Dallas,Goedert,1995-01-03,77,256,S. Dakota St.,30,7,,,88,86,78,82,86,94,88,73,27,15,10,5,15,5,88,84,85,81,78,73,70,61,58,60,74,68,73,10,10,30,15,35,37,10,17,10,PHI,TE,00-0034351,ACT,Dallas Goedert,exact_name
23023,Devon Witherspoon,Devon,Witherspoon,2000-12-11,72,180,Illinois,24,2,,,88,91,60,91,93,85,91,91,35,15,10,6,10,6,75,68,67,22,25,15,12,28,22,22,34,34,35,32,46,54,87,87,73,89,84,82,SEA,DB,00-0039169,ACT,Devon Witherspoon,exact_name
11440,Harrison Smith,Harrison,Smith,1989-02-02,74,211,Notre Dame,36,13,,,88,87,73,87,86,93,95,82,25,10,10,10,23,10,82,59,73,12,15,13,10,35,35,35,35,35,35,64,50,71,91,85,78,71,85,77,nan,NAN,,,,unmatched
12349,Jake Matthews,Jake,Matthews,1992-02-11,77,309,Texas AM,33,11,,,88,71,86,67,72,93,98,56,25,6,6,6,13,6,40,35,25,35,28,18,10,89,92,87,77,75,79,35,30,40,30,50,45,12,15,10,ATL,OL,00-0031279,ACT,Jake Matthews,exact_name
14752,Jared Verse,Jared,Verse,2000-11-04,76,254,Florida State,24,1,,,88,89,92,82,90,88,90,70,17,7,6,5,14,6,67,60,61,39,44,39,32,45,45,45,45,45,45,88,81,81,85,87,82,45,49,33,CLE,LB,00-0039852,ACT,Jared Verse,exact_name
12521,Jonathan Allen,Jonathan,Allen,1995-01-16,75,300,Alabama,30,8,,,88,73,93,69,76,88,92,52,21,6,6,6,17,6,35,25,30,12,10,3,2,45,45,45,45,45,45,88,74,84,88,86,95,24,29,16,CIN,DL,00-0033523,ACT,Jonathan Allen,exact_name
22338,Kenneth Walker III,Kenneth,Walker III,2000-10-20,69,211,Michigan St.,24,3,,,88,94,81,92,94,84,84,90,27,20,15,11,11,22,67,46,45,48,54,47,41,54,34,30,33,23,30,10,10,33,15,38,36,12,18,15,KC,RB,00-0038134,ACT,Kenneth Walker III,exact_name
1599,Kyle Juszczyk,Kyle,Juszczyk,1991-04-23,74,235,Harvard,34,12,,,88,86,79,81,85,86,94,77,35,20,15,10,25,10,77,71,73,72,76,68,62,73,46,42,71,61,58,30,35,33,20,48,45,15,20,20,SF,RB,00-0029892,ACT,Kyle Juszczyk,exact_name
14644,Malik Nabers,Malik,Nabers,2003-07-28,72,199,LSU,22,1,,,88,96,63,92,92,91,90,94,31,15,10,6,15,6,87,87,92,78,85,86,87,23,10,10,41,22,17,11,11,27,19,31,30,12,18,15,NYG,WR,00-0039337,ACT,Malik Nabers,exact_name
21587,Nico Collins,Nico,Collins,1999-03-19,76,215,Michigan,26,4,,,88,94,67,89,92,88,90,82,39,30,25,20,26,25,96,87,88,92,86,88,87,35,30,27,49,33,29,10,10,30,16,32,26,13,19,19,HOU,WR,00-0036554,ACT,Nico Collins,exact_name
22142,Nik Bonitto,Nik,Bonitto,1999-09-26,75,240,Oklahoma,25,3,,,88,88,82,82,92,92,90,75,39,32,30,25,28,26,60,37,39,14,10,5,5,45,45,45,45,45,45,81,90,78,90,86,84,38,52,34,DEN,LB,00-0037249,ACT,Nik Bonitto,exact_name
17679,Ryan Kelly,Ryan,Kelly,1993-05-30,76,307,Alabama,32,9,,,88,69,85,66,70,95,92,57,24,6,6,6,12,6,29,19,15,15,13,5,5,88,89,87,80,78,83,12,13,26,19,31,32,12,14,8,nan,NAN,,,,unmatched
22445,Tyler Smith,Tyler,Smith,2001-04-03,78,332,Tulsa,24,3,,,88,72,97,59,80,85,94,59,24,6,6,6,6,6,35,15,15,12,15,10,5,86,88,85,88,88,88,10,10,20,20,25,30,10,12,10,DAL,OL,00-0037243,ACT,Tyler Smith,exact_name
21234,Alex Highsmith,Alex,Highsmith,1997-08-07,76,242,Charlotte,28,5,,,87,85,85,82,87,88,92,74,24,6,6,6,10,6,56,24,27,14,10,5,5,45,45,45,45,45,45,78,89,86,87,89,88,55,63,45,PIT,LB,00-0036333,ACT,Alex Highsmith,exact_name
13257,Brian O'Neill,Brian,O'Neill,1995-09-15,79,310,Pittsburgh,29,7,,,87,76,86,75,76,96,91,57,18,6,6,6,16,6,37,18,15,16,18,14,10,88,88,87,87,85,88,10,10,27,10,28,29,12,13,10,MIN,OL,00-0034158,ACT,Brian O'Neill,exact_name
14624,Bucky Irving,Bucky,Irving,2002-08-19,70,195,Oregon,23,1,,,87,89,65,88,91,85,89,89,39,31,20,15,24,15,70,55,59,61,69,64,58,44,34,30,28,17,23,10,10,26,15,31,31,15,20,20,TB,RB,00-0039361,ACT,Bucky Irving,exact_name
22485,DaRon Bland,DaRon,Bland,1999-07-12,72,197,Fresno State,26,3,,,87,90,60,84,92,86,91,86,22,6,6,6,10,6,85,54,59,15,15,11,10,35,35,35,35,35,35,33,40,54,87,74,65,85,93,84,DAL,DB,00-0037275,ACT,DaRon Bland,exact_name
12532,David Njoku,David,Njoku,1996-07-10,76,246,Miami,29,8,,,87,86,72,82,89,82,87,73,13,15,10,6,10,6,87,87,87,80,79,74,73,65,63,58,62,57,62,10,10,42,13,37,36,26,23,10,LAC,TE,00-0033885,ACT,David Njoku,exact_name
22183,Devin Lloyd,Devin,Lloyd,1998-09-30,75,235,Utah,26,3,,,87,86,78,79,91,87,92,75,28,16,12,10,10,6,75,58,70,33,32,30,28,45,45,45,45,45,45,54,64,77,89,93,93,67,72,48,CAR,LB,00-0037244,ACT,Devin Lloyd,exact_name
20444,Drue Tranquill,Drue,Tranquill,1995-08-15,74,228,Notre Dame,30,6,,,87,88,80,83,89,94,83,78,22,6,6,6,15,6,59,33,35,12,31,24,14,45,45,45,45,45,45,53,60,73,92,90,91,69,74,56,KC,LB,00-0035262,ACT,Drue Tranquill,exact_name
22376,Garrett Wilson,Garrett,Wilson,2000-07-22,72,192,Ohio State,25,3,,,87,92,56,93,93,86,94,93,26,19,15,12,15,6,92,86,91,78,84,84,86,30,18,21,47,22,26,10,10,20,17,30,22,14,21,14,NYJ,WR,00-0037740,ACT,Garrett Wilson,exact_name
21517,Greg Rousseau,Greg,Rousseau,2000-04-05,78,266,Miami,25,4,,,87,86,83,82,90,92,90,68,22,6,6,6,17,6,51,40,44,31,30,26,21,44,46,44,44,44,45,86,82,88,90,89,86,35,44,31,BUF,DL,00-0036914,ACT,Greg Rousseau,exact_name
21033,Jalen Hurts,Jalen,Hurts,1998-08-07,73,223,Oklahoma,27,5,,,87,89,76,90,91,89,91,90,86,92,86,89,86,93,66,50,54,27,40,31,17,22,18,20,33,19,15,10,10,28,20,36,37,16,22,14,PHI,QB,00-0036389,ACT,Jalen Hurts,exact_name
21451,Jaycee Horn,Jaycee,Horn,1999-11-26,73,200,South Carolina,25,4,,,87,92,65,88,93,83,84,89,30,18,12,8,17,6,77,63,73,27,34,24,17,35,35,35,35,35,35,30,41,48,85,76,65,88,84,87,CAR,DB,00-0036944,ACT,Jaycee Horn,exact_name
22051,Kyren Williams,Kyren,Williams,2000-08-26,69,194,Notre Dame,25,3,,,87,86,79,83,90,92,86,85,44,38,33,27,29,26,69,60,59,60,69,63,55,59,37,41,47,32,38,10,10,36,27,45,42,22,30,22,LA,RB,00-0037840,ACT,Kyren Williams,exact_name
11306,Lavonte David,Lavonte,David,1990-01-23,73,233,Nebraska,35,13,,,87,86,76,83,86,98,93,76,15,6,6,6,14,6,76,15,50,25,15,5,5,45,45,45,45,45,45,55,61,79,95,91,85,69,73,59,nan,NAN,,,,unmatched
2527,Leonard Williams,Leonard,Williams,1994-06-20,77,302,USC,31,10,,,87,78,90,70,76,95,93,58,35,6,6,6,14,6,42,29,25,15,15,8,4,45,45,45,45,45,45,85,70,88,93,83,86,25,33,20,SEA,DL,00-0031933,ACT,Leonard Williams,exact_name
14932,Quinyon Mitchell,Quinyon,Mitchell,2001-07-18,72,195,Toledo,24,1,,,87,94,66,90,94,86,92,89,31,23,21,11,16,19,79,72,74,44,28,26,23,26,13,14,25,21,19,25,30,49,85,75,69,85,87,80,PHI,DB,00-0039888,ACT,Quinyon Mitchell,exact_name
17545,Ronnie Stanley,Ronnie,Stanley,1994-03-18,78,315,Notre Dame,31,9,,,87,71,92,68,67,97,79,56,22,6,6,6,16,6,24,22,20,22,19,9,6,89,87,89,86,88,84,18,14,27,18,29,31,11,13,9,BAL,OL,00-0032965,ACT,Ronnie Stanley,exact_name
21533,Sam Cosmi,Sam,Cosmi,1999-02-16,78,309,Texas,26,4,,,87,77,87,72,81,88,88,57,22,6,6,6,15,6,54,55,50,39,38,12,10,82,80,84,90,86,93,20,19,21,25,31,35,11,14,10,WAS,OL,00-0036618,ACT,Sam Cosmi,exact_name
22826,Sam LaPorta,Sam,LaPorta,2001-01-12,75,245,Iowa,24,2,,,87,86,74,85,88,90,89,77,31,25,22,17,22,23,93,86,84,78,82,76,68,60,59,56,62,62,57,48,43,57,43,61,59,31,36,29,DET,TE,00-0039065,ACT,Sam LaPorta,exact_name
20962,Tee Higgins,Tee,Higgins,1999-01-18,76,219,Clemson,26,5,,,87,91,71,85,88,91,85,82,28,37,31,27,22,15,97,88,95,90,84,82,80,34,20,18,48,33,34,10,10,34,16,40,33,19,27,16,CIN,WR,00-0036410,ACT,Tee Higgins,exact_name
22274,Tyler Linderbaum,Tyler,Linderbaum,2000-04-07,74,305,Iowa,25,3,,,87,77,85,69,82,90,92,59,21,6,6,6,10,6,28,14,15,15,15,10,5,83,80,83,91,88,93,39,36,44,36,42,41,10,10,10,LV,OL,00-0037825,ACT,Tyler Linderbaum,exact_name
22434,Zach Tom,Zach,Tom,1999-03-26,76,304,Wake Forest,26,3,,,87,74,81,74,84,90,92,60,19,6,6,6,11,6,26,19,23,15,15,10,5,88,81,93,86,80,90,12,10,28,25,27,28,9,9,10,GB,OL,00-0037817,ACT,Zach Tom,exact_name
22768,Zay Flowers,Zay,Flowers,2000-09-11,69,182,Boston College,24,2,,,87,93,55,93,92,85,92,92,51,39,35,30,31,28,88,83,85,79,86,89,85,28,13,15,50,28,32,15,20,34,27,40,36,27,37,27,BAL,WR,00-0039064,ACT,Zay Flowers,exact_name
22132,Bernhard Raimann,Bernhard,Raimann,1997-09-23,78,303,Central Michigan,27,3,,,86,71,92,72,80,87,90,60,22,12,10,9,12,6,46,45,43,33,32,26,21,88,91,84,85,83,87,10,10,27,15,34,33,14,16,10,IND,OL,00-0037757,ACT,Bernhard Raimann,exact_name
21069,Brandon Aiyuk,Brandon,Aiyuk,1998-03-17,72,200,Arizona St.,27,5,,,86,91,65,92,92,86,92,89,33,25,20,15,23,10,90,88,89,85,87,87,82,36,19,14,48,28,32,29,34,50,38,58,49,48,53,43,nan,NAN,,,,unmatched
22326,Breece Hall,Breece,Hall,2001-05-31,71,220,Iowa State,24,3,,,86,93,76,90,92,86,89,91,32,20,15,12,19,19,69,59,59,58,66,57,50,57,37,33,43,32,35,10,10,29,17,33,29,13,17,16,NYJ,RB,00-0038120,ACT,Breece Hall,exact_name
2262,Chris Boswell,Chris,Boswell,1991-03-16,74,185,Rice,34,11,,,86,73,44,62,72,74,89,53,29,37,33,27,20,10,29,10,12,12,10,10,10,16,10,10,24,10,10,10,10,10,10,10,35,12,12,10,PIT,K,00-0031136,ACT,Chris Boswell,exact_name
13087,Courtland Sutton,Courtland,Sutton,1995-10-10,76,216,SMU,29,7,,,86,90,75,90,91,86,86,84,62,59,53,50,37,34,86,92,96,88,82,80,78,38,25,20,62,38,33,10,10,31,22,36,33,23,30,15,DEN,WR,00-0034348,ACT,Courtland Sutton,exact_name
20353,D.K. Metcalf,D.K.,Metcalf,1997-12-14,76,235,Ole Miss,27,6,,,86,95,79,84,93,88,94,82,34,18,13,10,19,10,89,87,92,89,83,83,84,42,23,18,52,34,30,10,10,38,19,34,33,15,29,15,nan,NAN,,,,unmatched
22692,De'Von Achane,De'Von,Achane,2001-10-13,69,188,Texas AM,23,2,,,86,96,68,91,96,80,90,91,44,40,35,30,27,28,76,54,54,56,68,61,57,45,30,24,32,23,29,10,10,28,20,39,30,13,19,14,MIA,RB,00-0039040,ACT,De'Von Achane,exact_name
20475,Dre Greenlaw,Dre,Greenlaw,1997-05-25,72,230,Arkansas,28,6,,,86,85,72,81,87,91,86,74,20,6,6,6,15,6,71,35,55,28,33,25,20,45,45,45,45,45,45,55,61,71,90,93,90,74,78,47,SF,LB,00-0034982,ACT,Dre Greenlaw,exact_name
20376,Elgton Jenkins,Elgton,Jenkins,1995-12-26,77,311,Mississippi St.,29,6,,,86,74,89,63,73,91,87,55,24,6,6,6,10,6,26,15,15,20,10,5,5,86,87,86,75,74,76,30,25,39,23,40,38,12,15,10,CLE,OL,00-0035526,ACT,Elgton Jenkins,exact_name
13468,Foyesade Oluokun,Foyesade,Oluokun,1995-08-02,74,230,Yale,30,7,,,86,87,70,84,87,92,89,78,28,15,10,10,10,6,73,49,47,15,20,10,10,35,35,35,35,35,35,56,49,74,91,95,92,66,73,63,nan,NAN,,,,unmatched
22365,George Pickens,George,Pickens,2001-03-04,75,200,Georgia,24,3,,,86,91,61,92,93,89,85,91,28,15,10,6,15,6,87,92,98,78,85,84,84,32,21,25,53,34,38,11,11,22,15,31,24,12,17,16,DAL,WR,00-0037247,ACT,George Pickens,exact_name
12835,Grover Stewart,Grover,Stewart,1993-10-20,76,315,Albany St.,31,8,,,86,73,91,58,72,88,93,49,19,6,6,6,10,6,30,22,17,12,13,5,3,45,45,45,45,45,45,76,62,91,91,84,87,22,35,10,IND,DL,00-0033952,ACT,Grover Stewart,exact_name
22705,Jack Campbell,Jack,Campbell,2000-08-22,77,249,Iowa,25,2,,,86,85,76,87,90,87,92,77,25,6,6,6,16,6,69,64,66,19,19,12,7,45,45,45,45,45,45,57,49,78,87,90,92,66,71,66,DET,LB,00-0039018,ACT,Jack Campbell,exact_name
13109,Jaire Alexander,Jaire,Alexander,1997-02-09,70,196,Louisville,28,7,,,86,91,60,92,93,85,86,94,26,6,6,6,13,6,78,56,66,14,20,15,13,35,35,35,35,35,35,24,36,53,84,76,52,86,89,91,nan,NAN,,,,unmatched
20703,Jamel Dean,Jamel,Dean,1996-10-15,73,206,Auburn,28,6,,,86,92,66,85,91,87,85,85,14,6,6,6,13,6,70,59,68,26,34,25,22,35,35,35,35,35,35,30,39,52,86,78,76,87,87,88,PIT,DB,00-0035699,ACT,Jamel Dean,exact_name
10831,Joel Bitonio,Joel,Bitonio,1991-10-11,76,320,Nevada,33,11,,,86,73,88,70,72,95,97,54,16,6,6,6,16,6,28,15,15,15,15,5,5,85,87,82,85,84,86,10,10,10,28,19,30,12,20,10,nan,NAN,,,,unmatched
17537,Joey Bosa,Joey,Bosa,1995-07-11,77,280,Ohio State,30,9,,,86,79,87,83,83,93,87,68,28,6,6,6,14,6,47,26,29,17,13,6,3,45,45,44,45,44,45,83,88,86,93,88,82,26,37,22,nan,NAN,,,,unmatched
20915,Jordan Love,Jordan,Love,1998-11-02,76,219,Utah State,26,5,,,86,84,62,77,86,87,89,71,92,91,88,88,90,83,21,15,16,14,15,14,13,18,15,17,19,18,15,10,10,26,16,31,26,16,20,12,GB,QB,00-0036264,ACT,Jordan Love,exact_name
20602,Julian Love,Julian,Love,1998-03-19,71,195,Notre Dame,27,6,,,86,90,62,88,88,89,93,86,29,6,6,6,12,6,77,58,63,37,38,30,22,35,35,35,35,35,35,29,33,56,89,85,78,76,83,73,SEA,DB,00-0034974,ACT,Julian Love,exact_name
12344,Khalil Mack,Khalil,Mack,1991-02-22,75,269,Buffalo,34,11,,,86,85,87,85,86,85,92,70,32,6,6,6,12,6,62,54,53,28,15,5,5,45,45,45,45,45,45,87,84,90,84,86,86,50,59,48,LAC,LB,00-0031040,ACT,Khalil Mack,exact_name
21642,Landon Dickerson,Landon,Dickerson,1998-09-30,78,332,Alabama,26,4,,,86,67,93,67,65,85,85,47,24,6,6,6,11,6,31,14,17,16,12,6,7,83,86,79,86,89,83,10,10,39,32,21,36,6,10,10,PHI,OL,00-0037002,ACT,Landon Dickerson,exact_name
21920,Milton Williams,Milton,Williams,1999-04-06,75,290,LA. Tech,26,4,,,86,83,92,82,86,89,91,67,22,6,6,6,10,6,29,24,18,15,17,9,5,45,45,45,45,45,45,85,76,78,87,83,87,17,25,15,NE,DL,00-0036916,ACT,Milton Williams,exact_name
20518,T.J. Hockenson,T.J.,Hockenson,1997-07-03,77,248,Iowa,28,6,,,86,83,80,82,86,89,87,79,28,20,15,10,15,10,94,87,90,76,77,73,69,59,57,55,64,61,63,37,46,47,34,56,46,27,36,26,MIN,TE,00-0035229,ACT,T.J. Hockenson,exact_name
12636,Taylor Moton,Taylor,Moton,1994-08-18,77,325,W. Michigan,31,8,,,86,69,88,62,65,95,99,56,20,18,13,6,7,6,28,15,29,12,13,5,5,87,90,85,83,81,85,10,10,34,10,28,31,12,12,10,CAR,OL,00-0033284,ACT,Taylor Moton,exact_name
17665,Taylor Decker,Taylor,Decker,1994-08-23,79,318,Ohio State,31,9,,,86,69,90,57,65,95,89,51,22,6,6,6,15,6,44,15,15,16,25,5,5,87,90,85,83,83,83,15,14,26,19,29,34,11,14,10,nan,NAN,,,,unmatched
20599,Byron Murphy Jr,Byron,Murphy Jr,1998-01-18,71,190,Washington,27,6,,,85,92,60,89,93,86,91,92,25,6,6,6,10,6,78,63,66,39,43,33,26,10,35,35,18,35,35,26,32,48,87,79,58,80,87,81,MIN,DB,00-0035236,ACT,Byron Murphy,exact_name_birthdate
22072,Chris Olave,Chris,Olave,2000-06-27,72,187,Ohio State,25,3,,,85,93,59,91,95,82,86,92,25,15,10,6,19,6,94,85,86,83,85,86,85,28,13,18,40,18,24,10,10,20,29,38,17,21,29,20,NO,WR,00-0037239,ACT,Chris Olave,exact_name
12558,Cooper Kupp,Cooper,Kupp,1993-06-15,74,208,Eastern Wash.,32,8,,,85,89,66,92,91,85,89,91,60,42,36,31,29,37,90,87,86,87,85,86,82,46,39,34,63,32,28,10,10,28,22,31,31,15,26,10,SEA,WR,00-0033908,ACT,Cooper Kupp,exact_name
13159,D.J. Reed Jr,D.J.,Reed Jr,1996-11-11,69,188,Kansas State,28,7,,,85,90,52,87,91,88,88,89,22,15,10,5,12,6,74,65,64,14,21,15,11,35,35,35,35,35,35,29,37,53,86,76,68,81,88,87,DET,DB,00-0034384,ACT,D.J. Reed,exact_name
20489,David Montgomery,David,Montgomery,1997-06-07,70,222,Iowa State,28,6,,,85,87,77,84,88,94,88,86,52,50,40,27,21,22,74,56,54,60,66,59,49,61,38,35,46,31,26,10,10,24,16,25,30,12,13,15,HOU,RB,00-0035685,ACT,David Montgomery,exact_name
11079,DeMarcus Lawrence,DeMarcus,Lawrence,1992-04-28,75,265,Boise State,33,11,,,85,83,87,78,83,87,84,67,25,6,6,6,14,6,33,24,25,20,15,8,4,45,45,45,45,45,45,74,78,87,89,88,87,39,50,44,SEA,LB,00-0031411,ACT,DeMarcus Lawrence,exact_name
13184,DJ Moore,DJ,Moore,1997-04-14,72,213,Maryland,28,7,,,85,91,66,93,92,84,95,88,43,33,27,20,22,15,91,89,91,85,81,81,82,30,22,25,56,30,24,10,10,22,22,36,30,18,24,29,BUF,WR,00-0034827,ACT,DJ Moore,exact_name
14501,Drake Maye,Drake,Maye,2002-08-30,76,223,North Carolina,23,1,,,85,89,62,82,89,84,92,78,94,92,85,94,82,83,34,15,15,15,15,14,12,15,15,15,12,12,12,10,10,18,17,32,20,12,15,10,NE,QB,00-0039851,ACT,Drake Maye,exact_name
17643,Hunter Henry,Hunter,Henry,1994-12-07,77,250,Arkansas,30,9,,,85,85,75,76,86,93,88,71,28,15,10,6,10,6,94,86,85,77,72,72,69,62,61,60,66,65,61,17,17,46,22,43,42,14,21,17,NE,TE,00-0033090,ACT,Hunter Henry,exact_name
21760,Jaylen Waddle,Jaylen,Waddle,1998-11-25,70,182,Alabama,26,4,,,85,97,57,97,97,83,88,96,34,29,23,19,25,20,88,86,83,80,80,83,81,32,22,19,52,23,32,10,10,27,16,34,29,14,19,10,DEN,WR,00-0036613,ACT,Jaylen Waddle,exact_name
14694,Joe Alt,Joe,Alt,2003-02-28,80,322,Notre Dame,22,1,,,85,71,89,72,77,88,98,63,54,45,43,38,31,31,57,54,56,47,42,35,25,88,89,85,85,85,85,34,36,35,32,24,44,15,13,14,LAC,OL,00-0039897,ACT,Joe Alt,exact_name
21131,Jonathan Greenard,Jonathan,Greenard,1997-05-25,75,263,Florida,28,5,,,85,86,81,82,88,89,85,73,23,6,6,6,11,6,63,47,47,29,31,21,19,45,45,45,45,45,45,76,87,83,88,85,83,42,52,44,PHI,LB,00-0036224,ACT,Jonathan Greenard,exact_name
13167,Justin Reid,Justin,Reid,1997-02-15,73,207,Stanford,28,7,,,85,91,66,90,91,86,90,86,26,15,10,10,16,15,73,63,61,22,20,10,10,35,35,35,35,35,35,39,46,62,86,86,76,74,78,71,NO,DB,00-0034361,ACT,Justin Reid,exact_name
21196,Kevin Dotson,Kevin,Dotson,1996-09-18,76,321,UL Lafayette,28,5,,,85,70,90,59,69,88,87,51,25,6,6,6,11,6,30,15,15,15,15,5,5,75,79,72,90,92,88,10,10,30,22,28,34,12,12,10,LA,OL,00-0036339,ACT,Kevin Dotson,exact_name
22933,Kobie Turner,Kobie,Turner,1999-04-26,74,288,Wake Forest,26,2,,,85,74,89,80,82,89,90,64,24,8,7,6,10,7,33,24,31,15,17,9,5,49,52,45,55,50,50,80,72,87,91,80,82,27,34,15,LA,DL,00-0039138,ACT,Kobie Turner,exact_name
13391,Michael Dickson,Michael,Dickson,1996-01-04,74,208,Texas,29,7,,,85,77,47,65,74,72,90,54,36,29,24,18,20,18,26,15,15,15,15,15,15,17,17,17,16,16,16,10,10,28,17,38,30,11,16,10,SEA,P,00-0034160,ACT,Michael Dickson,exact_name
22699,Paris Johnson Jr,Paris,Johnson Jr,2001-07-03,78,313,Ohio State,24,2,,,85,73,89,75,80,85,93,58,22,6,6,6,10,6,32,26,23,13,21,12,10,88,88,87,82,79,85,44,40,46,35,35,40,10,12,10,ARI,OL,00-0038540,ACT,Paris Johnson Jr.,exact_name
21649,Spencer Brown,Spencer,Brown,1998-02-28,80,311,Northern Iowa,27,4,,,85,74,91,75,80,85,89,57,23,6,6,6,10,6,55,49,49,23,33,14,5,81,84,79,87,88,86,49,38,34,33,51,42,12,15,10,BUF,OL,00-0036976,ACT,Spencer Brown,exact_name
21488,Talanoa Hufanga,Talanoa,Hufanga,2000-02-01,72,200,USC,25,4,,,85,89,58,85,87,86,84,79,38,35,32,30,34,35,76,63,65,39,35,31,26,35,35,35,35,35,35,45,52,62,88,90,78,73,83,67,DEN,DB,00-0036564,ACT,Talanoa Hufanga,exact_name
21721,Travis Etienne Jr,Travis,Etienne Jr,1999-01-26,70,215,Clemson,26,4,,,85,93,70,89,93,86,87,86,49,46,40,34,31,27,70,54,58,56,69,62,52,53,35,30,34,20,25,10,10,29,17,36,34,15,19,16,NO,RB,00-0036973,ACT,Travis Etienne,exact_name
20419,Zach Allen,Zach,Allen,1997-08-20,77,285,Boston College,28,6,,,85,76,94,74,79,92,89,65,22,6,6,6,10,6,50,49,46,28,30,25,20,49,45,45,50,45,45,83,72,82,94,82,84,35,47,20,DEN,DL,00-0035248,ACT,Zach Allen,exact_name
20821,A.J. Cole,A.J.,Cole,1995-11-27,76,220,N.C. State,29,6,,,84,72,47,63,71,71,90,51,29,30,28,25,19,20,43,37,41,22,38,31,24,19,16,16,20,19,18,10,10,10,19,26,37,16,24,10,nan,NAN,,,,unmatched
21552,Alijah Vera-Tucker,Alijah,Vera-Tucker,1999-06-17,77,308,USC,26,4,,,84,75,91,61,74,85,78,56,25,6,6,6,16,6,25,10,12,12,10,5,5,83,85,81,85,81,88,10,10,25,10,30,36,12,12,10,NE,OL,00-0036979,ACT,Alijah Vera-Tucker,exact_name
20425,Bobby Okereke,Bobby,Okereke,1996-07-29,73,235,Stanford,29,6,,,84,88,73,81,88,84,91,76,25,6,6,6,15,6,70,25,41,20,15,5,5,45,45,45,45,45,45,63,57,73,85,93,88,73,74,50,nan,NAN,,,,unmatched
21267,Brandon Jones,Brandon,Jones,1998-04-02,72,191,Texas,27,5,,,84,89,58,87,92,84,89,84,25,15,10,10,20,15,72,52,63,20,15,13,10,35,35,35,40,35,35,39,46,60,85,86,77,75,79,71,DEN,DB,00-0036221,ACT,Brandon Jones,exact_name
13171,Carlton Davis III,Carlton,Davis III,1996-12-31,73,206,Auburn,28,7,,,84,90,65,81,90,89,86,81,26,6,6,6,13,6,72,62,64,23,20,15,10,35,35,35,35,35,35,24,35,52,90,75,67,84,83,93,NE,DB,00-0034778,ACT,Carlton Davis III,exact_name
21574,Chuba Hubbard,Chuba,Hubbard,1999-06-11,73,210,Oklahoma St.,26,4,,,84,92,73,88,92,84,90,86,31,25,20,15,14,18,73,57,55,47,64,58,48,54,37,32,42,29,33,11,11,27,19,36,32,11,18,16,CAR,RB,00-0036555,ACT,Chuba Hubbard,exact_name
14923,Cooper DeJean,Cooper,DeJean,2003-02-09,72,202,Iowa,22,1,,,84,92,65,90,91,86,91,86,55,57,53,47,38,44,80,70,71,58,57,56,53,35,35,33,44,35,35,31,36,61,85,79,75,78,85,79,PHI,DB,00-0039841,ACT,Cooper DeJean,exact_name
17746,D.J. Reader,D.J.,Reader,1994-07-01,75,335,Clemson,31,9,,,84,70,95,58,62,89,82,54,24,6,6,6,18,6,29,14,16,15,13,5,3,44,44,45,45,46,45,76,63,85,91,87,86,18,26,13,nan,NAN,,,,unmatched
13104,Da'Ron Payne,Da'Ron,Payne,1997-05-27,75,320,Alabama,28,7,,,84,77,95,63,81,86,97,55,26,6,6,6,17,6,46,23,20,25,15,7,3,45,45,45,45,45,45,80,75,85,88,82,81,23,29,13,nan,NAN,,,,unmatched
20348,Deebo Samuel Sr,Deebo,Samuel Sr,1996-01-15,72,215,South Carolina,29,6,,,84,91,80,89,90,83,88,89,44,32,27,21,25,23,86,87,90,82,84,83,79,38,21,16,53,26,21,11,11,43,34,48,46,21,29,16,nan,NAN,,,,unmatched
22140,George Karlaftis,George,Karlaftis,2001-04-03,76,263,Purdue,24,3,,,84,80,85,80,86,89,93,68,20,6,6,6,10,6,47,28,34,14,13,5,3,45,45,45,45,45,45,85,75,79,91,87,87,17,23,17,KC,DL,00-0037192,ACT,George Karlaftis,exact_name
22094,Jake Ferguson,Jake,Ferguson,1999-01-18,77,255,Wisconsin,26,3,,,84,81,69,81,86,85,92,73,30,25,20,14,10,20,91,80,82,72,80,75,64,63,57,63,66,60,65,31,24,36,36,40,37,14,21,12,DAL,TE,00-0038041,ACT,Jake Ferguson,exact_name
12664,James Conner,James,Conner,1995-05-05,73,233,Pittsburgh,30,8,,,84,89,83,81,87,86,82,79,23,18,14,10,11,10,68,54,69,65,67,60,53,66,45,39,53,40,41,30,49,28,17,35,33,10,15,15,ARI,RB,00-0033553,ACT,James Conner,exact_name
21581,Javonte Williams,Javonte,Williams,2000-04-25,70,220,North Carolina,25,4,,,84,88,80,84,90,88,88,86,32,10,10,10,15,13,69,51,53,49,65,57,53,63,37,33,52,43,38,10,10,31,15,38,35,15,20,17,DAL,RB,00-0036997,ACT,Javonte Williams,exact_name
21470,Jevon Holland,Jevon,Holland,2000-03-03,73,210,Oregon,25,4,,,84,91,65,84,93,85,92,86,23,15,10,10,11,15,79,69,75,46,44,41,40,35,35,35,35,35,35,40,48,59,82,81,71,83,83,69,NYG,DB,00-0036998,ACT,Jevon Holland,exact_name
22693,Jordan Addison,Jordan,Addison,2002-01-27,71,175,USC,23,2,,,84,90,52,88,92,90,90,91,58,47,39,32,38,40,91,86,88,74,84,87,88,27,13,15,42,19,26,14,22,30,27,47,37,28,34,29,MIN,WR,00-0038994,ACT,Jordan Addison,exact_name
13259,Josh Sweat,Josh,Sweat,1997-03-29,77,265,Florida State,28,7,,,84,85,81,83,89,86,91,70,20,6,6,6,18,6,50,28,30,16,15,8,4,45,45,45,45,45,45,76,84,81,84,84,88,37,49,28,ARI,LB,00-0034381,ACT,Josh Sweat,exact_name
14651,Ladd McConkey,Ladd,McConkey,2001-11-11,72,185,Georgia,23,1,,,84,92,57,91,94,83,89,93,25,15,10,6,16,6,89,82,82,69,88,86,81,31,20,16,45,25,32,10,10,33,14,39,34,12,17,16,LAC,WR,00-0039915,ACT,Ladd McConkey,exact_name
22458,Leo Chenal,Leo,Chenal,2000-10-26,75,250,Wisconsin,24,3,,,84,88,82,82,93,83,91,75,25,21,18,15,18,15,52,44,45,32,28,24,19,45,45,45,45,45,45,63,54,82,81,88,86,63,70,53,WAS,LB,00-0037819,ACT,Leo Chenal,exact_name
20551,Rashan Gary,Rashan,Gary,1997-12-03,77,277,Michigan,27,6,,,84,85,83,78,88,91,90,71,23,6,6,6,14,6,30,18,16,14,14,10,6,45,45,45,45,45,45,80,70,83,88,87,87,39,49,30,DAL,DL,00-0034967,ACT,Rashan Gary,exact_name
22765,Rashee Rice,Rashee,Rice,2000-04-22,74,203,SMU,25,2,,,84,90,71,85,92,87,90,87,47,30,20,15,18,10,95,82,84,87,88,84,80,37,30,29,58,35,30,10,10,32,15,32,32,11,16,10,KC,WR,00-0039067,ACT,Rashee Rice,exact_name
13348,Taron Johnson,Taron,Johnson,1996-07-27,71,192,Weber State,29,7,,,84,90,63,83,93,89,90,84,25,6,6,6,11,6,73,62,62,28,38,31,24,10,40,35,40,35,35,29,36,62,90,78,63,81,85,85,LV,DB,00-0034376,ACT,Taron Johnson,exact_name
2661,Trent Brown,Trent,Brown,1993-04-13,80,370,Florida,32,10,,,84,69,91,53,59,85,83,51,25,6,6,6,15,6,35,12,12,12,12,5,5,83,88,77,84,87,80,10,10,31,15,12,40,12,15,10,HOU,OL,00-0032071,ACT,Trent Brown,exact_name
14706,Zach Frazier,Zach,Frazier,2001-08-29,75,310,West Virginia,24,1,,,84,64,88,56,69,88,88,54,22,7,6,5,15,6,30,13,11,12,10,9,5,85,84,85,88,86,89,15,12,23,32,27,31,8,9,8,PIT,OL,00-0039896,ACT,Zach Frazier,exact_name
21522,Alim McNeill,Alim,McNeill,2000-05-11,74,315,N.C. State,25,4,,,83,75,93,64,81,89,90,55,21,6,6,6,10,6,48,30,33,29,27,22,17,47,45,45,50,47,49,82,73,83,89,80,83,19,27,19,DET,DL,00-0036624,ACT,Alim McNeill,exact_name
20699,Andrew Van Ginkel,Andrew,Van Ginkel,1995-07-01,76,242,Wisconsin,30,6,,,83,87,74,82,88,89,89,73,25,6,6,6,10,6,70,37,43,33,15,5,5,45,45,45,45,45,45,72,83,77,87,85,83,64,72,46,MIN,LB,00-0035272,ACT,Andrew Van Ginkel,exact_name
14793,Ashton Jeanty,Ashton,Jeanty,2003-12-02,69,211,Boise State,21,0,,,83,90,80,91,92,77,91,91,31,24,21,18,27,26,70,60,61,58,65,59,55,51,42,35,41,32,30,27,30,39,42,41,37,32,35,28,LV,RB,00-0040122,ACT,Ashton Jeanty,exact_name
13124,Braden Smith,Braden,Smith,1996-03-25,78,315,Auburn,29,7,,,83,67,92,58,69,91,87,52,22,6,6,6,15,6,19,10,12,15,10,5,5,79,82,77,89,87,91,20,10,20,22,27,55,10,17,10,HOU,OL,00-0034836,ACT,Braden Smith,exact_name
22437,Charles Cross,Charles,Cross,2000-11-25,77,311,Mississippi St.,24,3,,,83,74,84,56,75,88,91,60,23,6,6,6,9,6,20,14,15,12,15,10,5,87,83,90,81,77,84,10,10,22,21,28,25,10,10,10,SEA,OL,00-0037821,ACT,Charles Cross,exact_name
12587,Chidobe Awuzie,Chidobe,Awuzie,1995-05-24,72,202,Colorado,30,8,,,83,90,69,86,93,86,87,85,32,6,6,6,12,6,72,57,71,27,34,23,16,35,35,35,35,35,35,36,51,54,86,77,65,82,84,78,BAL,DB,00-0033548,ACT,Chidobe Awuzie,exact_name
12614,Chris Godwin Jr,Chris,Godwin Jr,1996-02-27,73,209,Penn State,29,8,,,83,88,72,85,89,86,85,84,33,20,15,10,24,6,93,88,88,84,86,84,81,57,20,20,55,23,16,10,10,28,20,32,27,15,25,18,TB,WR,00-0033921,ACT,Chris Godwin Jr.,exact_name
22487,Christian Benford,Christian,Benford,2000-09-21,73,205,Villanova,24,3,,,83,88,65,82,92,87,90,81,30,6,6,6,10,6,75,60,66,38,32,27,24,35,35,35,35,35,35,35,41,49,88,75,72,80,84,86,BUF,DB,00-0037288,ACT,Christian Benford,exact_name
21101,Damien Lewis,Damien,Lewis,1997-03-21,74,327,LSU,28,5,,,83,68,89,55,65,88,91,47,26,6,6,6,12,6,26,15,15,15,15,5,5,83,85,79,85,87,82,40,27,38,30,35,42,12,15,10,CAR,OL,00-0036417,ACT,Damien Lewis,exact_name
1426,Darius Slay Jr,Darius,Slay Jr,1991-01-01,72,190,Mississippi St.,34,12,,,83,90,60,86,91,90,87,88,36,6,6,6,12,6,82,65,81,40,40,30,23,35,35,35,35,35,35,40,49,54,89,73,61,78,83,83,nan,NAN,,,,unmatched
506,DeAndre Hopkins,DeAndre,Hopkins,1992-06-06,73,212,Clemson,33,12,,,83,89,75,87,86,82,93,84,35,15,10,10,23,15,90,90,92,86,82,81,81,44,27,25,54,37,35,30,32,45,28,30,52,32,35,40,nan,NAN,,,,unmatched
13169,Donte Jackson,Donte,Jackson,1995-11-08,70,180,LSU,29,7,,,83,93,49,92,93,85,84,91,20,6,6,6,18,6,79,60,73,12,15,12,10,35,35,35,35,35,35,23,34,44,83,67,51,84,80,66,LAC,DB,00-0034356,ACT,Donte Jackson,exact_name
20377,Hjalte Froholdt,Hjalte,Froholdt,1996-08-20,77,310,Arkansas,29,6,,,83,71,91,66,66,89,89,55,10,6,6,6,10,6,42,25,30,22,21,16,12,82,83,81,85,87,82,28,21,42,45,39,44,11,12,10,ARI,OL,00-0035258,ACT,Hjalte Froholdt,exact_name
20926,J.K. Dobbins,J.K.,Dobbins,1998-12-17,70,212,Ohio State,26,5,,,83,90,74,86,91,84,78,87,32,30,25,15,16,15,66,56,52,54,63,56,43,58,31,34,41,33,26,11,12,29,14,35,30,13,17,17,DEN,RB,00-0036158,ACT,J.K. Dobbins,exact_name
22230,Jalen Pitre,Jalen,Pitre,1999-06-03,71,198,Baylor,26,3,,,83,90,62,91,93,85,90,89,23,15,12,11,12,11,75,58,63,24,30,25,20,35,35,35,35,35,35,38,48,52,88,83,64,80,86,66,HOU,DB,00-0037246,ACT,Jalen Pitre,exact_name
22228,Jaquan Brisker,Jaquan,Brisker,1999-04-20,73,204,Penn State,26,3,,,83,89,68,86,91,84,87,84,29,6,6,6,11,6,71,53,68,31,34,29,26,35,35,35,35,35,35,40,45,65,83,87,79,69,75,64,PIT,DB,00-0038135,ACT,Jaquan Brisker,exact_name
14579,Jayden Daniels,Jayden,Daniels,2000-12-18,76,210,LSU,24,1,,,83,90,59,91,91,75,90,88,92,89,90,83,85,76,37,19,23,14,16,13,11,10,10,10,16,12,12,10,10,16,21,29,19,15,14,10,WAS,QB,00-0039910,ACT,Jayden Daniels,exact_name
21500,Jeremiah Owusu-Koramoah,Jeremiah,Owusu-Koramoah,1999-11-04,74,221,Notre Dame,25,4,,,83,88,65,88,91,85,88,79,43,40,36,30,32,29,72,53,56,31,34,29,23,45,45,45,45,45,45,51,65,69,85,93,83,70,75,48,CLE,LB,00-0036915,RES,Jeremiah Owusu-Koramoah,exact_name
21151,Jeremy Chinn,Jeremy,Chinn,1998-02-26,75,220,S. Illinois,27,5,,,83,91,70,86,91,85,89,85,23,6,6,6,18,6,70,58,67,20,30,22,10,35,35,35,35,35,35,46,56,61,81,85,79,68,77,75,LV,DB,00-0036293,ACT,Jeremy Chinn,exact_name
20940,Jerry Jeudy,Jerry,Jeudy,1999-04-24,73,193,Alabama,26,5,,,83,91,64,92,93,84,87,92,27,20,15,10,21,10,82,81,85,80,83,84,83,35,18,13,45,27,22,10,10,28,24,38,33,23,31,26,CLE,WR,00-0036407,ACT,Jerry Jeudy,exact_name
12389,Jimmie Ward,Jimmie,Ward,1991-07-18,71,195,N. Illinois,34,11,,,83,89,54,84,88,86,85,80,28,6,6,6,16,6,74,55,61,15,15,13,10,35,35,35,35,35,35,51,59,48,84,85,79,74,81,82,nan,NAN,,,,unmatched
21155,Josh Metellus,Josh,Metellus,1998-01-21,71,207,Michigan,27,5,,,83,89,66,83,88,83,91,80,20,15,10,10,17,15,68,52,58,12,15,13,10,35,35,35,35,35,35,40,47,64,82,88,85,70,74,64,MIN,DB,00-0036348,ACT,Josh Metellus,exact_name
13484,Logan Cooke,Logan,Cooke,1995-07-28,77,230,Mississippi St.,30,7,,,83,72,56,50,67,70,87,45,43,26,20,16,18,17,39,15,15,17,15,15,15,21,21,21,21,21,21,10,10,26,16,40,33,13,16,10,JAX,P,00-0034437,ACT,Logan Cooke,exact_name
12528,Marshon Lattimore,Marshon,Lattimore,1996-05-20,72,192,Ohio State,29,8,,,83,90,72,89,92,83,82,89,22,6,6,6,10,6,75,60,72,20,34,24,17,35,35,35,35,35,35,32,43,52,84,72,73,80,82,94,nan,NAN,,,,unmatched
12781,Matt Milano,Matt,Milano,1994-07-28,72,223,Boston College,31,8,,,83,86,78,73,85,91,83,71,25,6,6,6,13,6,70,54,64,14,22,12,6,45,45,45,45,45,45,48,60,76,90,94,81,71,78,50,nan,NAN,,,,unmatched
21081,Michael Pittman Jr,Michael,Pittman Jr,1997-10-05,76,223,USC,27,5,,,83,89,71,84,87,88,88,83,48,39,33,28,29,28,89,89,93,86,82,81,78,43,35,30,58,38,32,10,10,41,16,40,55,14,20,20,PIT,WR,00-0036252,ACT,Michael Pittman,exact_name
21205,Mike Onwenu,Mike,Onwenu,1997-12-10,75,350,Michigan,27,5,,,83,66,91,55,54,86,91,47,21,6,6,6,12,8,26,24,18,15,18,10,6,83,86,77,83,85,79,22,12,22,22,31,25,17,22,15,NE,OL,00-0036198,ACT,Mike Onwenu,exact_name
21474,Nick Bolton,Nick,Bolton,2000-03-10,71,237,Missouri,25,4,,,83,87,74,74,84,90,94,72,13,6,6,6,16,6,64,34,37,15,20,10,6,45,45,45,45,45,45,63,51,76,89,94,87,65,66,48,KC,LB,00-0036621,ACT,Nick Bolton,exact_name
22700,Nolan Smith Jr,Nolan,Smith Jr,2001-01-18,74,238,Georgia,24,2,,,83,90,69,87,92,84,88,81,25,21,15,11,15,11,50,43,42,19,20,15,11,35,35,35,40,40,40,70,79,74,81,85,86,47,55,37,PHI,LB,00-0039013,ACT,Nolan Smith,exact_name
12959,Patrick Ricard,Patrick,Ricard,1994-05-27,75,305,Maine,31,8,,,83,71,88,72,75,83,84,61,23,6,6,6,17,6,69,45,40,42,54,43,35,70,54,49,72,62,58,74,66,72,74,72,79,53,58,36,NYG,RB,00-0033376,ACT,Patrick Ricard,exact_name
21039,Rico Dowdle,Rico,Dowdle,1998-06-14,72,215,South Carolina,27,5,,,83,88,75,84,90,87,82,86,39,36,30,26,22,15,68,44,54,55,63,57,56,49,39,35,49,39,37,20,20,28,20,40,36,15,20,20,PIT,RB,00-0036139,ACT,Rico Dowdle,exact_name
14645,Rome Odunze,Rome,Odunze,2002-06-03,75,214,Washington,23,1,,,83,91,65,87,94,87,87,89,24,17,14,10,15,6,87,86,86,78,85,83,83,28,22,20,50,30,35,10,10,27,14,33,30,11,17,21,CHI,WR,00-0039919,ACT,Rome Odunze,exact_name
22192,Terrel Bernard,Terrel,Bernard,1999-05-07,73,224,Baylor,26,3,,,83,86,67,83,91,88,86,78,21,22,17,15,12,11,74,45,51,15,15,5,5,45,45,45,45,45,45,52,62,72,90,92,86,64,71,40,BUF,LB,00-0037254,ACT,Terrel Bernard,exact_name
20473,Tony Pollard,Tony,Pollard,1997-04-30,72,209,Memphis,28,6,,,83,92,69,85,94,83,89,85,25,21,15,12,12,10,74,62,61,64,67,63,62,62,31,32,32,24,29,12,15,30,29,42,38,40,36,24,TEN,RB,00-0035261,ACT,Tony Pollard,exact_name
21260,Trevon Diggs,Trevon,Diggs,1997-09-20,74,195,Alabama,27,5,,,83,91,69,86,89,93,86,86,35,6,6,6,10,6,86,78,82,58,60,56,54,35,35,35,42,35,35,30,42,56,88,75,58,76,84,82,nan,NAN,,,,unmatched
22828,Tucker Kraft,Tucker,Kraft,2000-11-03,77,259,S. Dakota St.,24,2,,,83,88,76,82,89,84,85,76,52,44,39,35,38,44,91,77,78,72,77,74,66,62,62,58,63,63,59,35,41,49,37,53,53,26,35,27,GB,TE,00-0038996,ACT,Tucker Kraft,exact_name
15102,Tyler Warren,Tyler,Warren,2002-05-24,78,256,Penn State,23,0,,,83,84,80,85,88,88,94,77,63,56,50,41,44,43,86,82,82,77,75,71,68,61,60,62,62,64,60,41,45,48,28,47,46,39,24,15,IND,TE,00-0040128,ACT,Tyler Warren,exact_name
10737,Von Miller,Von,Miller,1989-03-26,75,250,Texas AM,36,14,,,83,84,84,83,84,87,90,72,19,6,6,6,13,6,51,20,41,33,15,5,5,45,45,45,45,45,45,75,81,82,86,87,87,49,60,62,nan,NAN,,,,unmatched
13481,Zach Sieler,Zach,Sieler,1995-09-07,78,305,Ferris State,29,7,,,83,78,89,73,74,86,89,58,22,6,6,6,16,6,36,20,26,15,15,8,4,45,45,45,45,45,45,66,76,86,88,83,84,18,29,20,MIA,DL,00-0034285,ACT,Zach Sieler,exact_name
12748,Aaron Jones Sr,Aaron,Jones Sr,1994-12-02,69,208,UTEP,30,8,,,82,89,71,91,92,81,87,88,30,35,30,20,12,15,73,61,63,64,70,65,61,61,36,32,25,15,15,10,10,23,18,35,27,15,20,20,MIN,RB,00-0033293,ACT,Aaron Jones,exact_name
12551,Alvin Kamara,Alvin,Kamara,1995-07-25,70,215,Tennessee,30,8,,,82,88,77,87,92,85,91,84,41,34,31,23,15,26,76,74,74,78,79,75,68,53,27,23,41,29,28,34,48,29,18,34,29,18,24,17,NO,RB,00-0033906,ACT,Alvin Kamara,exact_name
14855,Braden Fiske,Braden,Fiske,2000-01-18,77,297,Florida State,25,1,,,82,80,93,67,82,89,89,69,22,6,6,6,14,6,45,17,17,17,14,7,3,45,45,45,45,44,45,79,76,80,87,81,82,39,51,22,LA,DL,00-0039734,ACT,Braden Fiske,exact_name
22383,Brock Purdy,Brock,Purdy,1999-12-27,73,220,Iowa State,25,3,,,82,78,63,81,90,81,89,77,86,90,92,86,92,88,24,12,15,13,12,11,10,13,10,14,19,12,16,10,10,18,14,28,25,10,12,10,SF,QB,00-0037834,ACT,Brock Purdy,exact_name
22938,Byron Young,Byron,Young,1998-03-13,74,248,Tennessee,27,2,,,82,92,74,77,93,84,90,65,25,6,6,6,9,6,53,46,47,25,41,34,29,40,40,40,45,45,45,85,79,76,86,87,85,47,54,47,LA,LB,00-0039137,ACT,Byron Young,exact_name_birthdate
28363,Calais Campbell,Calais,Campbell,1986-09-01,80,315,Miami,39,17,,,82,72,89,73,72,83,94,60,35,6,6,6,14,6,41,10,15,12,10,3,2,45,45,45,45,45,45,80,72,89,84,81,83,20,27,35,BAL,DL,00-0026190,ACT,Calais Campbell,exact_name
22220,Cam Taylor-Britt,Cam,Taylor-Britt,1999-10-15,71,200,Nebraska,25,3,,,82,93,64,86,93,83,90,85,48,46,44,41,32,35,78,50,77,29,32,27,24,33,33,34,34,33,34,39,46,56,83,73,67,76,83,73,IND,DB,00-0037753,ACT,Cam Taylor-Britt,exact_name
22392,Cameron Dicker,Cameron,Dicker,2000-05-06,73,216,Texas,25,3,,,82,76,51,63,83,66,91,57,41,28,23,19,12,15,28,13,14,10,10,10,10,20,12,14,20,15,12,10,10,10,14,33,34,10,10,10,LAC,K,00-0037224,ACT,Cameron Dicker,exact_name
21447,Camryn Bynum,Camryn,Bynum,1998-07-19,72,200,California,27,4,,,82,86,66,83,89,83,91,87,24,6,6,6,10,6,74,55,66,46,41,35,33,35,35,35,35,35,35,36,42,54,84,88,82,71,77,72,IND,DB,00-0036629,ACT,Camryn Bynum,exact_name
20920,D'Andre Swift,D'Andre,Swift,1999-01-14,68,204,Georgia,26,5,,,82,90,68,89,91,82,87,88,38,30,25,15,19,17,71,61,59,59,73,66,61,56,32,35,32,23,19,22,16,28,17,36,31,16,13,16,CHI,RB,00-0036275,ACT,D'Andre Swift,exact_name
23000,Daiyan Henley,Daiyan,Henley,1999-11-18,72,225,Wash. St.,25,2,,,82,88,65,82,91,84,90,78,24,6,6,6,10,6,72,68,71,62,53,51,45,40,40,40,45,45,45,49,59,70,85,89,90,68,71,72,LAC,LB,00-0038553,ACT,Daiyan Henley,exact_name
13178,Darious Williams,Darious,Williams,1993-03-15,69,187,UAB,32,7,,,82,90,54,85,93,85,88,83,35,6,6,6,15,6,78,56,70,30,22,12,10,35,35,35,35,35,35,32,35,51,86,71,58,84,81,73,nan,NAN,,,,unmatched
22861,Darnell Wright,Darnell,Wright,2001-08-10,78,335,Tennessee,24,2,,,82,72,94,56,75,81,93,51,11,5,5,5,10,5,38,23,36,15,21,15,11,82,84,79,86,84,88,57,45,52,45,51,48,10,15,10,CHI,OL,00-0038932,ACT,Darnell Wright,exact_name
2457,Darren Waller,Darren,Waller,1992-09-13,78,245,Georgia Tech,32,8,,,82,88,70,83,88,86,79,80,35,15,10,6,10,6,85,82,83,75,76,72,70,60,62,58,59,59,55,10,10,35,15,37,32,10,20,15,nan,NAN,,,,unmatched
13154,DeShon Elliott,DeShon,Elliott,1997-04-21,73,210,Texas,28,7,,,82,88,57,79,88,85,84,79,24,6,6,6,15,6,76,58,60,25,20,10,10,35,35,35,35,35,35,44,52,57,83,84,84,67,76,73,PIT,DB,00-0034277,ACT,DeShon Elliott,exact_name
23031,DJ Turner II,DJ,Turner II,2000-11-09,71,185,Michigan,24,2,,,82,96,43,92,97,77,88,93,27,22,15,10,10,15,69,48,65,27,22,16,11,35,35,35,35,35,35,25,35,40,76,65,56,80,80,71,CIN,DB,00-0038549,ACT,DJ Turner II,exact_name
14713,Dominick Puni,Dominick,Puni,2000-02-24,77,320,Kansas,25,1,,,82,61,91,68,64,80,91,63,24,22,21,13,11,13,44,22,21,19,22,21,15,77,81,73,86,87,86,33,31,42,38,39,46,9,9,7,SF,OL,00-0039351,ACT,Dominick Puni,exact_name
20548,Ed Oliver,Ed,Oliver,1997-12-12,73,287,Houston,27,6,,,82,82,89,84,85,85,92,70,25,6,6,6,14,6,31,24,20,20,15,8,4,45,45,45,45,45,45,82,75,80,84,81,85,19,32,16,BUF,DL,00-0035230,ACT,Ed Oliver,exact_name
21019,Grant Delpit,Grant,Delpit,1998-09-20,75,208,LSU,26,5,,,82,89,60,86,91,85,86,83,23,6,6,6,18,6,75,60,70,20,20,15,10,35,35,35,35,35,35,42,51,53,86,77,73,73,81,73,CLE,DB,00-0036282,ACT,Grant Delpit,exact_name
13172,Harold Landry III,Harold,Landry III,1996-06-05,74,252,Boston College,29,7,,,82,85,78,84,88,85,90,71,23,6,6,6,15,6,56,44,52,12,20,15,10,45,45,45,45,45,45,68,79,81,81,86,87,48,58,39,NE,LB,00-0034828,ACT,Harold Landry III,exact_name
21512,Jaelan Phillips,Jaelan,Phillips,1999-05-28,77,263,Miami,26,4,,,82,86,83,85,90,80,83,76,18,6,6,6,15,6,39,21,21,23,22,16,12,45,45,45,45,45,45,79,83,77,80,84,84,41,49,27,CAR,LB,00-0036934,ACT,Jaelan Phillips,exact_name
20433,Jakobi Meyers,Jakobi,Meyers,1996-11-08,74,200,N.C. State,28,6,,,82,89,62,87,91,82,91,84,75,57,52,48,50,43,95,89,87,72,82,83,78,37,30,29,51,35,30,10,10,35,32,43,39,24,32,23,JAX,WR,00-0034960,ACT,Jakobi Meyers,exact_name
20813,Jalen Thompson,Jalen,Thompson,1998-07-18,71,190,Wash. St.,27,6,,,82,90,60,83,93,85,89,84,22,6,6,6,16,6,78,50,69,15,20,10,10,35,35,35,35,35,35,50,53,58,83,83,82,68,76,68,DAL,DB,00-0035705,ACT,Jalen Thompson,exact_name
22375,Jameson Williams,Jameson,Williams,2001-03-26,74,189,Alabama,24,3,,,82,98,63,95,96,80,91,94,31,15,10,6,18,13,84,77,80,73,77,80,81,25,19,22,42,21,26,10,10,25,16,33,26,15,22,14,DET,WR,00-0037240,ACT,Jameson Williams,exact_name
22332,Jordan Mason,Jordan,Mason,1999-05-24,71,223,Georgia Tech,26,3,,,82,89,78,77,92,85,89,75,36,28,21,14,11,13,60,54,55,56,50,42,35,47,35,37,48,35,39,17,20,37,24,45,42,30,35,33,MIN,RB,00-0037525,ACT,Jordan Mason,exact_name
20749,Kaden Elliss,Kaden,Elliss,1995-07-10,74,238,Idaho,30,6,,,82,86,75,85,87,88,90,75,66,46,41,37,47,33,52,50,53,20,23,13,7,45,45,45,45,45,45,60,70,75,87,88,88,61,70,45,NO,LB,00-0035316,ACT,Kaden Elliss,exact_name
505,Keenan Allen,Keenan,Allen,1992-04-27,74,211,California,33,12,,,82,88,72,88,87,85,87,86,54,36,33,34,36,15,87,90,90,84,85,82,82,45,39,34,59,25,19,10,10,35,26,35,34,15,26,10,nan,NAN,,,,unmatched
22074,Khalil Shakir,Khalil,Shakir,2000-02-03,72,190,Boise State,25,3,,,82,90,63,85,93,87,88,86,39,31,27,21,27,21,94,82,85,74,82,84,79,29,20,25,42,23,27,10,10,27,16,28,25,11,17,14,BUF,WR,00-0037261,ACT,Khalil Shakir,exact_name
22261,Kyler Gordon,Kyler,Gordon,1999-12-17,71,200,Washington,25,3,,,82,88,66,93,92,86,92,92,23,20,15,12,16,18,71,50,69,39,42,37,34,35,35,35,35,35,35,38,47,46,87,77,63,77,83,73,CHI,DB,00-0038111,ACT,Kyler Gordon,exact_name
22112,Luke Goedeke,Luke,Goedeke,1998-11-21,77,312,Central Michigan,26,3,,,82,63,88,64,67,83,90,57,30,6,6,6,6,6,47,40,41,33,43,38,29,84,87,82,86,83,88,32,27,29,33,34,35,10,12,10,TB,OL,00-0037835,ACT,Luke Goedeke,exact_name
20411,Montez Sweat,Montez,Sweat,1996-09-04,78,270,Mississippi St.,28,6,,,82,88,80,82,90,75,87,71,22,6,6,6,10,6,57,45,43,39,40,36,33,45,45,45,45,45,45,76,82,84,77,85,88,33,44,19,CHI,DL,00-0035647,ACT,Montez Sweat,exact_name
14924,Nate Wiggins,Nate,Wiggins,2003-08-28,74,173,Clemson,22,1,,,82,96,49,92,95,75,86,90,33,27,23,21,16,18,71,59,70,37,47,45,42,21,11,13,28,21,21,25,29,40,74,71,62,85,80,68,BAL,DB,00-0039232,ACT,Nate Wiggins,exact_name
28142,Nick Folk,Nick,Folk,1984-11-05,73,222,Arizona,40,17,,,82,67,59,55,65,72,85,43,55,35,30,25,13,20,40,10,12,12,10,10,10,15,16,17,15,21,26,15,20,25,25,35,25,15,20,10,ATL,K,00-0025565,ACT,Nick Folk,exact_name
21561,Pat Freiermuth,Pat,Freiermuth,1998-10-25,77,258,Penn State,26,4,,,82,83,78,77,83,87,91,72,30,50,15,10,13,6,92,85,84,75,74,69,65,63,63,60,61,60,57,49,44,55,41,59,58,32,41,26,PIT,TE,00-0036894,ACT,Pat Freiermuth,exact_name
12609,Rasul Douglas,Rasul,Douglas,1995-08-29,74,209,West Virginia,30,8,,,82,89,73,82,90,87,89,81,14,6,6,6,13,6,81,68,67,24,29,19,12,35,35,35,35,35,35,30,39,45,86,72,65,81,85,84,nan,NAN,,,,unmatched
2512,Rob Havenstein,Rob,Havenstein,1992-05-13,80,330,Wisconsin,33,10,,,82,68,86,53,63,95,92,47,11,6,6,6,15,6,27,15,15,15,15,5,5,79,83,75,89,86,90,10,10,25,28,30,35,12,13,10,nan,NAN,,,,unmatched
13875,Robert Spillane,Robert,Spillane,1995-12-14,73,229,W. Michigan,29,7,,,82,87,71,77,86,90,88,72,21,6,6,6,10,6,74,42,33,12,15,5,5,45,45,45,45,45,45,56,50,72,92,88,87,66,73,46,NE,LB,00-0034720,ACT,Robert Spillane,exact_name
21291,Robert Hunt,Robert,Hunt,1996-08-25,78,335,UL Lafayette,29,5,,,82,66,89,60,58,90,90,51,25,6,6,6,14,6,41,19,26,12,12,5,5,78,80,75,86,84,88,29,10,30,26,25,39,12,15,10,CAR,OL,00-0036325,ACT,Robert Hunt,exact_name
13097,Sam Darnold,Sam,Darnold,1997-06-05,75,225,USC,28,7,,,82,81,60,80,82,79,90,77,88,90,88,92,89,84,37,16,44,12,14,13,11,19,14,19,25,15,10,10,10,31,20,39,36,24,35,20,SEA,QB,00-0034869,ACT,Sam Darnold,exact_name
20591,T.J. Edwards,T.J.,Edwards,1996-08-12,72,228,Wisconsin,29,6,,,82,85,72,81,84,85,90,75,42,39,36,32,33,28,72,52,48,12,15,5,5,45,45,45,45,45,45,62,57,74,85,92,89,69,73,44,CHI,LB,00-0035386,ACT,T.J. Edwards,exact_name
22247,Tariq Woolen,Tariq,Woolen,1999-05-02,76,210,UTSA,26,3,,,82,95,60,87,96,82,89,84,27,15,10,6,9,6,82,62,71,44,44,42,40,35,35,35,35,35,35,29,34,50,81,71,57,68,80,85,nan,NAN,,,,unmatched
15101,Travis Hunter,Travis,Hunter,2003-05-18,73,188,Colorado,22,0,,,82,93,61,95,94,74,88,96,41,31,26,24,24,21,85,83,86,80,82,80,81,35,35,35,45,33,31,35,44,55,76,77,68,82,84,80,JAX,WR,00-0040718,ACT,Travis Hunter,exact_name
13119,Tremaine Edmunds,Tremaine,Edmunds,1998-05-02,76,251,Virginia Tech,27,7,,,82,86,75,85,86,88,92,78,18,6,6,6,10,6,73,36,48,15,15,5,5,45,45,45,45,45,45,61,73,75,86,87,89,65,72,37,NYG,LB,00-0034673,ACT,Tremaine Edmunds,exact_name
15198,Abdul Carter,Abdul,Carter,2003-10-03,76,250,Penn State,21,0,,,81,88,80,86,91,82,87,77,22,18,18,18,27,25,43,33,33,23,20,15,10,45,45,45,40,40,40,79,83,79,80,83,76,50,55,44,NYG,LB,00-0040677,ACT,Abdul Carter,exact_name
2279,Andrew DePaola,Andrew,DePaola,1987-07-28,73,229,Rutgers,38,13,,,81,75,75,80,72,70,90,71,38,9,9,9,10,9,66,66,61,48,49,45,40,58,51,44,69,61,55,44,40,55,39,62,62,15,20,15,MIN,LS,00-0029714,ACT,Andrew DePaola,exact_name
20693,Blake Cashman,Blake,Cashman,1996-05-10,73,237,Minnesota,29,6,,,81,88,70,83,90,85,74,76,25,6,6,6,10,6,50,30,27,18,15,5,5,45,45,45,45,45,45,58,63,75,84,87,85,69,75,48,MIN,LB,00-0035276,ACT,Blake Cashman,exact_name
14648,Brian Thomas Jr,Brian,Thomas Jr,2002-10-08,75,209,LSU,22,1,,,81,97,59,88,95,73,93,91,24,15,10,6,19,6,81,82,84,77,81,83,84,26,10,10,47,22,27,10,10,26,18,30,28,15,19,15,JAX,WR,00-0039893,ACT,Brian Thomas Jr.,exact_name
11594,Bryan Anger,Bryan,Anger,1988-10-06,75,202,California,36,13,,,81,73,55,61,75,70,97,48,50,30,30,25,15,20,65,43,35,15,15,15,15,19,19,19,25,17,17,12,14,17,28,39,34,11,25,10,DAL,P,00-0029692,ACT,Bryan Anger,exact_name
14807,Cam Skattebo,Cam,Skattebo,2002-02-05,70,216,Arizona St.,23,0,,,81,85,83,87,90,78,93,85,63,58,55,52,50,51,72,56,57,61,63,55,52,57,46,42,48,33,34,32,35,40,18,47,45,19,22,17,NYG,RB,00-0040715,ACT,Cam Skattebo,exact_name
22823,Dalton Kincaid,Dalton,Kincaid,1999-10-18,76,240,Utah,25,2,,,81,86,71,67,90,84,87,79,25,15,10,6,10,6,92,81,84,75,76,71,71,58,54,58,60,57,60,10,10,35,17,33,37,16,20,23,BUF,TE,00-0038933,ACT,Dalton Kincaid,exact_name
20427,Daniel Jones,Daniel,Jones,1997-05-27,77,230,Duke,28,6,,,81,87,67,83,87,85,83,75,87,95,86,81,87,84,38,26,41,11,14,13,12,15,18,15,15,17,12,10,10,22,19,31,24,13,18,10,IND,QB,00-0035710,ACT,Daniel Jones,exact_name
12336,DaQuan Jones,DaQuan,Jones,1991-12-17,76,320,Penn State,33,11,,,81,70,88,62,65,91,93,50,16,6,6,6,14,6,24,15,15,15,15,8,4,45,45,45,45,45,45,84,69,82,94,82,83,24,36,19,nan,NAN,,,,unmatched
21454,Deommodore Lenoir,Deommodore,Lenoir,1999-10-06,70,200,Oregon,25,4,,,81,91,59,83,93,83,91,81,25,6,6,6,10,6,73,53,56,41,35,32,30,37,37,37,35,35,35,34,38,44,82,76,67,76,85,78,SF,DB,00-0036563,ACT,Deommodore Lenoir,exact_name
2549,Grady Jarrett,Grady,Jarrett,1993-04-28,72,294,Clemson,32,10,,,81,72,90,68,76,84,82,59,26,6,6,6,18,6,30,15,15,15,15,7,3,45,45,45,45,45,45,77,68,83,82,83,86,25,29,15,CHI,DL,00-0031583,ACT,Grady Jarrett,exact_name
12863,Harrison Butker,Harrison,Butker,1995-07-14,76,205,Georgia Tech,30,8,,,81,74,44,54,76,70,86,46,27,33,25,25,24,20,30,10,12,12,10,10,10,19,16,15,18,15,20,10,10,12,17,12,15,15,15,10,KC,K,00-0033303,ACT,Harrison Butker,exact_name
22439,Ikem Ekwonu,Ikem,Ekwonu,2000-10-31,76,320,N.C. State,24,3,,,81,75,93,57,78,76,93,56,23,6,6,6,11,6,32,14,15,12,10,5,5,77,82,74,86,84,88,42,35,44,35,45,45,12,14,10,CAR,OL,00-0037229,ACT,Ikem Ekwonu,exact_name
22334,Isiah Pacheco,Isiah,Pacheco,2000-03-02,70,216,Rutgers,25,3,,,81,93,80,86,95,80,88,83,38,34,27,22,26,24,70,47,46,50,63,56,49,54,38,33,34,20,27,13,18,37,26,40,37,19,32,23,DET,RB,00-0037197,ACT,Isiah Pacheco,exact_name
12809,Jake Elliott,Jake,Elliott,1995-01-21,69,167,Memphis,30,8,,,81,76,34,64,78,68,86,52,28,33,19,15,15,20,27,19,17,16,20,15,12,20,17,17,20,16,16,10,10,26,18,39,27,20,14,10,PHI,K,00-0033787,ACT,Jake Elliott,exact_name
21073,Jauan Jennings,Jauan,Jennings,1997-07-10,75,212,Tennessee,28,5,,,81,88,78,78,87,92,88,76,68,56,51,45,48,42,89,86,88,81,82,79,75,34,25,20,67,40,40,10,10,30,14,33,30,11,17,21,MIN,WR,00-0036259,ACT,Jauan Jennings,exact_name
22471,Jaylen Warren,Jaylen,Warren,1998-11-01,68,215,Oklahoma St.,26,3,,,81,90,74,80,94,83,88,83,27,24,21,18,17,15,71,63,59,59,61,58,56,56,28,29,50,37,37,11,12,26,20,34,34,14,19,16,PIT,RB,00-0037228,ACT,Jaylen Warren,exact_name
15268,Jihaad Campbell,Jihaad,Campbell,2004-02-24,75,235,Alabama,21,0,,,81,89,72,87,91,79,88,81,25,6,6,6,12,6,66,56,60,32,35,30,27,45,45,45,45,45,45,56,62,73,77,87,87,69,75,54,PHI,LB,00-0040708,ACT,Jihaad Campbell,exact_name
21103,John Simpson,John,Simpson,1997-08-19,76,324,Clemson,28,5,,,81,70,92,51,67,86,89,49,14,6,6,6,15,6,32,15,15,15,20,10,6,77,79,72,83,85,80,27,10,27,17,27,31,12,12,10,BAL,OL,00-0036369,ACT,John Simpson,exact_name
21684,Jonathon Cooper,Jonathon,Cooper,1998-01-08,76,257,Ohio State,27,4,,,81,85,79,76,87,87,90,68,17,7,6,5,14,6,44,21,23,12,15,10,5,45,45,45,45,45,45,84,77,82,86,86,83,38,49,49,DEN,LB,00-0036952,ACT,Jonathon Cooper,exact_name
11807,Josh Harris,Josh,Harris,1989-04-27,73,224,Auburn,36,13,,,81,77,68,74,75,71,95,70,25,10,10,10,10,10,55,62,56,23,48,43,38,56,51,40,56,55,50,10,10,42,40,38,56,22,21,15,LAC,LS,00-0028845,ACT,Josh Harris,exact_name
12555,Jourdan Lewis,Jourdan,Lewis,1995-08-31,70,195,Michigan,30,8,,,81,89,67,85,88,86,89,84,24,6,6,6,10,6,73,73,77,26,32,22,15,35,35,35,35,35,35,27,36,58,84,78,69,83,79,82,JAX,DB,00-0033928,ACT,Jourdan Lewis,exact_name
17759,Ka'imi Fairbairn,Ka'imi,Fairbairn,1994-01-29,72,183,UCLA,31,9,,,81,79,39,64,82,69,82,53,39,35,30,25,15,20,37,20,25,15,15,15,15,15,15,15,20,17,17,10,10,13,21,22,35,14,20,10,HOU,K,00-0032726,ACT,Ka'imi Fairbairn,exact_name
14929,Kamari Lassiter,Kamari,Lassiter,2003-01-23,72,180,Georgia,22,1,,,81,92,52,94,90,81,93,88,35,16,11,6,11,15,67,57,62,41,49,50,55,30,23,24,35,27,28,26,30,40,84,74,68,81,84,73,HOU,DB,00-0039343,ACT,Kamari Lassiter,exact_name
21012,Kamren Curl,Kamren,Curl,1999-03-31,74,198,Arkansas,26,5,,,81,88,70,83,89,82,93,81,20,10,10,10,10,10,65,54,62,30,38,31,27,35,35,35,35,35,35,44,53,61,81,86,82,72,75,73,nan,NAN,,,,unmatched
17752,Kevin Byard III,Kevin,Byard III,1993-08-17,71,218,Mid Tenn St.,32,9,,,81,88,73,87,87,83,97,83,44,31,26,36,26,17,82,47,68,22,31,12,10,12,34,33,16,34,33,47,53,64,81,85,80,66,77,67,NE,DB,00-0033132,ACT,Kevin Byard,exact_name
13116,Mike McGlinchey,Mike,McGlinchey,1995-01-12,80,315,Notre Dame,30,7,,,81,71,88,67,67,89,88,49,11,6,6,6,15,6,28,17,15,14,15,10,8,77,81,74,86,85,87,10,10,32,20,27,32,11,13,10,DEN,OL,00-0034847,ACT,Mike McGlinchey,exact_name
12361,Morgan Moses,Morgan,Moses,1991-03-03,78,320,Virginia,34,11,,,81,65,89,54,49,92,93,45,30,6,6,6,15,6,35,15,15,15,15,5,5,79,84,75,82,86,78,10,10,20,15,28,30,12,15,10,NE,OL,00-0031330,ACT,Morgan Moses,exact_name
13129,Nick Chubb,Nick,Chubb,1995-12-27,71,227,Georgia,29,7,,,81,88,86,82,88,81,86,80,26,25,20,15,15,15,68,53,54,48,56,48,41,67,39,25,37,34,30,18,12,29,18,35,29,12,16,13,nan,NAN,,,,unmatched
20999,Patrick Queen,Patrick,Queen,1999-08-13,72,237,LSU,26,5,,,81,88,73,85,89,87,92,78,27,6,6,6,13,6,71,50,55,38,55,48,37,45,45,45,45,45,45,57,65,74,86,91,86,58,63,53,PIT,LB,00-0036323,ACT,Patrick Queen,exact_name
13199,Poona Ford,Poona,Ford,1995-11-19,71,310,Texas,29,7,,,81,71,88,62,68,91,92,53,26,6,6,6,18,6,37,15,15,15,15,7,3,45,45,45,45,45,45,66,78,83,93,79,85,25,30,15,LA,DL,00-0034234,ACT,Poona Ford,exact_name
20728,Quincy Williams,Quincy,Williams,1996-08-28,71,225,Murray State,29,6,,,81,88,67,77,89,83,89,74,25,6,6,6,13,6,63,33,48,18,15,6,5,21,44,43,29,44,44,49,58,68,82,91,89,64,76,50,CLE,LB,00-0035680,ACT,Quincy Williams,exact_name
21584,Rashod Bateman,Rashod,Bateman,1999-11-29,73,197,Minnesota,25,4,,,81,92,60,88,92,84,84,86,28,15,10,10,18,15,86,83,85,83,82,81,83,36,21,24,47,30,34,10,10,29,17,34,29,12,16,17,BAL,WR,00-0036550,ACT,Rashod Bateman,exact_name
14657,Ricky Pearsall,Ricky,Pearsall,2000-09-09,73,191,Florida,24,1,,,81,92,61,92,91,80,90,91,52,47,47,39,36,31,90,89,87,73,80,79,77,31,21,19,48,20,27,11,11,24,17,30,24,16,20,16,SF,WR,00-0039916,ACT,Ricky Pearsall,exact_name
22764,Tank Dell,Tank,Dell,1999-10-29,70,165,Houston,25,2,,,81,92,50,90,94,82,82,93,27,20,15,10,17,6,86,85,84,77,83,82,81,27,16,21,51,14,24,10,10,18,16,29,21,10,10,15,HOU,WR,00-0038977,ACT,Tank Dell,exact_name
21490,Tre'von Moehrig,Tre'von,Moehrig,1999-06-16,74,202,TCU,26,4,,,81,90,64,82,90,85,92,81,22,6,6,6,20,6,75,68,69,45,38,36,32,35,35,35,35,35,35,38,44,58,84,83,76,67,77,72,CAR,DB,00-0036962,ACT,Tre'von Moehrig,exact_name
22315,Tyler Allgeier,Tyler,Allgeier,2000-04-15,71,220,BYU,25,3,,,81,86,80,83,89,83,91,79,30,20,15,10,17,16,67,45,43,42,54,47,38,65,35,30,41,27,34,21,17,34,26,44,40,17,25,19,ARI,RB,00-0037263,ACT,Tyler Allgeier,exact_name
20979,Tyler Biadasz,Tyler,Biadasz,1997-11-20,75,316,Wisconsin,27,5,,,81,75,85,64,66,87,88,56,21,6,6,6,11,6,23,13,15,15,16,6,5,81,78,84,84,79,88,24,20,36,29,34,37,12,14,10,LAC,OL,00-0036376,ACT,Tyler Biadasz,exact_name
22368,Wan'Dale Robinson,Wan'Dale,Robinson,2001-01-05,68,185,Kentucky,24,3,,,81,91,61,92,93,82,87,90,27,19,14,10,19,16,89,82,80,68,83,81,81,29,12,16,43,21,26,10,10,32,31,37,34,24,30,23,TEN,WR,00-0038117,ACT,Wan'Dale Robinson,exact_name
15160,Will Campbell,Will,Campbell,2004-01-06,78,319,LSU,21,0,,,81,73,87,71,78,82,90,58,11,6,6,6,11,6,21,21,21,29,16,5,5,84,84,86,80,79,83,22,11,22,30,22,29,12,12,10,NE,OL,00-0040699,ACT,Will Campbell,exact_name
12846,Xavier Woods,Xavier,Woods,1995-07-26,71,200,LA. Tech,30,8,,,81,88,71,87,89,83,94,84,21,6,6,6,19,6,78,72,69,20,24,14,10,35,35,35,35,35,35,55,43,60,81,83,78,70,76,66,nan,NAN,,,,unmatched
22085,Alec Pierce,Alec,Pierce,2000-05-02,75,211,Cincinnati,25,3,,,80,93,67,79,94,84,87,83,26,15,10,10,19,15,87,85,85,78,79,82,84,35,24,28,44,25,32,10,10,29,26,35,29,23,27,20,IND,WR,00-0037664,ACT,Alec Pierce,exact_name
21493,Ar'Darius Washington,Ar'Darius,Washington,1999-11-02,68,176,TCU,25,4,,,80,84,57,81,87,85,85,84,27,24,20,15,10,15,71,63,71,12,30,25,15,35,35,35,35,35,35,25,30,48,86,82,68,79,82,62,NYG,DB,00-0036587,ACT,Ar'Darius Washington,exact_name
15159,Armand Membou,Armand,Membou,2004-03-27,76,332,Missouri,21,0,,,80,74,89,72,76,79,91,61,47,6,6,6,11,6,25,14,21,5,21,5,5,82,82,84,81,82,83,29,17,39,30,24,28,12,14,11,NYJ,OL,00-0040123,ACT,Armand Membou,exact_name
20688,Azeez Al-Shaair,Azeez,Al-Shaair,1997-08-04,74,228,FAU,28,6,,,80,86,77,78,87,84,85,72,27,6,6,6,11,6,61,48,45,18,17,12,9,45,45,45,45,45,45,58,53,75,83,87,89,65,65,47,HOU,LB,00-0035166,ACT,Azeez Al-Shaair,exact_name
14609,Bo Nix,Bo,Nix,2000-02-25,74,217,Oregon,25,1,,,80,88,60,76,90,80,95,73,93,89,82,87,82,79,67,59,62,21,41,19,10,13,13,13,16,14,14,10,10,12,10,27,21,12,13,10,DEN,QB,00-0039732,ACT,Bo Nix,exact_name
2604,Bradley Pinion,Bradley,Pinion,1994-06-01,77,229,Clemson,31,10,,,80,71,53,57,64,70,92,48,52,51,42,32,30,25,39,15,15,15,15,15,15,25,15,13,29,16,16,10,10,19,20,35,29,15,15,10,MIA,P,00-0032065,ACT,Bradley Pinion,exact_name
22234,Bryan Cook,Bryan,Cook,1999-09-07,73,206,Cincinnati,25,3,,,80,90,67,79,91,81,91,82,24,6,6,6,10,6,70,51,59,35,35,31,28,35,35,35,35,35,35,32,36,56,81,82,79,68,77,57,CIN,DB,00-0037193,ACT,Bryan Cook,exact_name
20873,Chase McLaughlin,Chase,McLaughlin,1996-04-09,72,190,Illinois,29,6,,,80,73,39,64,77,66,81,50,41,33,25,20,23,20,40,10,12,12,10,10,10,10,16,14,15,16,16,10,10,15,15,20,20,15,20,10,TB,K,00-0035358,ACT,Chase McLaughlin,exact_name
22740,Chase Brown,Chase,Brown,2000-03-21,70,210,Illinois,25,2,,,80,93,69,86,95,80,88,88,45,40,35,28,35,25,68,48,51,44,64,57,50,53,42,35,49,37,32,10,10,29,14,36,27,10,17,17,CIN,RB,00-0038597,ACT,Chase Brown,exact_name
20985,Chase Young,Chase,Young,1999-01-01,77,264,Ohio State,26,5,,,80,83,86,84,87,76,83,71,32,28,25,20,23,15,33,25,24,17,14,10,5,45,45,45,45,45,45,74,83,79,74,83,83,34,47,27,NO,LB,00-0036321,ACT,Chase Young,exact_name
21765,Christian Barmore,Christian,Barmore,1999-07-28,77,305,Alabama,26,4,,,80,74,89,64,75,86,91,56,24,6,6,6,16,6,37,23,25,16,15,12,9,45,45,45,45,45,45,81,85,78,85,84,84,17,25,13,NE,DL,00-0036981,ACT,Christian Barmore,exact_name
13684,Corey Bojorquez,Corey,Bojorquez,1995-09-13,72,217,New Mexico,29,7,,,80,70,41,63,74,67,87,52,34,30,25,20,20,14,24,10,12,12,14,12,10,17,19,17,19,18,18,10,10,24,13,25,28,12,17,10,CLE,P,00-0034721,ACT,Corey Bojorquez,exact_name
13435,Dalton Schultz,Dalton,Schultz,1996-07-11,77,244,Stanford,29,7,,,80,82,76,79,84,80,93,73,24,15,10,5,10,5,87,84,83,73,75,69,66,60,56,60,65,62,65,10,10,31,16,34,29,12,15,12,HOU,TE,00-0034383,ACT,Dalton Schultz,exact_name
20583,Devin Bush,Devin,Bush,1998-07-18,71,234,Michigan,27,6,,,80,87,74,84,91,86,87,80,14,6,6,6,10,6,63,55,57,14,13,5,5,45,45,45,45,45,45,55,62,71,84,87,88,65,68,51,CHI,LB,00-0035525,ACT,Devin Bush,exact_name
21667,Divine Deablo,Divine,Deablo,1998-08-17,75,226,Virginia Tech,27,4,,,80,88,69,83,86,84,86,74,23,6,6,6,18,6,73,65,69,56,52,48,45,35,35,35,35,35,35,45,48,67,82,86,87,68,74,73,ATL,LB,00-0036990,ACT,Divine Deablo,exact_name
15054,Emeka Egbuka,Emeka,Egbuka,2002-10-14,73,205,Ohio State,22,0,,,80,90,60,85,95,81,88,88,71,26,22,18,24,27,85,82,86,79,86,85,83,22,19,13,45,28,26,29,34,39,33,38,30,20,23,24,TB,WR,00-0040129,ACT,Emeka Egbuka,exact_name
21921,Ernest Jones IV,Ernest,Jones IV,1999-11-22,74,230,South Carolina,25,4,,,80,86,74,72,87,80,89,73,22,6,6,6,15,6,66,47,53,38,38,32,27,46,46,46,49,47,49,65,45,78,81,89,91,60,64,44,SEA,LB,00-0036994,ACT,Ernest Jones,exact_name
12589,Evan Engram,Evan,Engram,1994-09-02,75,240,Ole Miss,30,8,,,80,84,66,87,87,77,88,79,28,23,18,14,11,18,87,80,86,73,73,68,67,62,61,55,62,62,59,20,28,32,26,37,42,24,31,22,DEN,TE,00-0033881,ACT,Evan Engram,exact_name
13628,Frankie Luvu,Frankie,Luvu,1996-09-19,75,235,Wash. St.,28,7,,,80,85,83,81,86,87,89,72,34,6,6,6,15,6,55,22,49,20,15,5,5,45,45,45,45,45,45,68,77,77,88,87,81,56,65,55,WAS,LB,00-0034302,ACT,Frankie Luvu,exact_name
17776,Isaac Seumalo,Isaac,Seumalo,1993-10-29,76,303,Oregon State,31,9,,,80,69,84,67,72,87,84,53,24,6,6,6,10,6,20,10,12,12,10,5,5,80,84,74,81,83,79,40,30,35,30,31,33,15,20,10,ARI,OL,00-0032954,ACT,Isaac Seumalo,exact_name
24432,Isaiah Rodgers Sr,Isaiah,Rodgers Sr,1998-01-07,70,170,Massachusetts,27,5,,,80,95,50,88,94,81,87,88,26,15,10,10,15,15,70,54,68,22,38,33,27,25,35,35,25,35,35,36,42,54,80,75,64,73,79,71,MIN,DB,00-0036222,ACT,Isaiah Rodgers,exact_name
12531,Jabrill Peppers,Jabrill,Peppers,1995-10-04,71,215,Michigan,29,8,,,80,88,73,86,90,75,84,81,33,30,26,22,29,27,78,63,66,48,51,41,36,35,35,35,35,35,35,37,46,62,76,82,81,68,78,75,nan,NAN,,,,unmatched
17670,Javon Hargrave,Javon,Hargrave,1993-02-07,74,305,S.C. State,32,9,,,80,75,87,67,78,86,91,53,23,6,6,6,11,6,28,14,16,15,13,5,3,44,44,45,45,46,45,74,86,77,83,82,86,18,26,13,GB,DL,00-0033109,ACT,Javon Hargrave,exact_name
22786,Jayden Reed,Jayden,Reed,2000-04-28,71,187,Michigan St.,25,2,,,80,94,58,89,94,77,86,91,52,39,35,31,32,26,81,84,83,73,82,82,82,22,13,18,49,20,29,14,25,26,30,49,31,29,35,26,GB,WR,00-0039146,ACT,Jayden Reed,exact_name
13436,JK Scott,JK,Scott,1996-10-30,77,208,Alabama,28,7,,,80,75,51,69,78,70,91,61,41,32,27,22,24,21,21,15,15,15,15,15,15,18,18,18,17,17,17,10,10,20,18,29,30,12,15,10,nan,NAN,,,,unmatched
13356,John Franklin-Myers,John,Franklin-Myers,1996-09-26,76,288,Stephen F. Austin,28,7,,,80,78,90,71,80,84,91,62,20,9,9,9,17,9,38,18,15,15,15,8,4,45,45,45,45,45,45,75,82,81,81,79,83,25,33,25,TEN,DL,00-0034805,ACT,John Franklin-Myers,exact_name
22164,Jordan Davis,Jordan,Davis,2000-01-12,78,336,Georgia,25,3,,,80,82,96,58,87,77,89,51,14,6,6,6,11,6,34,21,28,14,13,5,3,45,45,45,45,45,45,73,62,78,80,77,81,11,19,14,PHI,DL,00-0037073,ACT,Jordan Davis,exact_name
22763,Josh Downs,Josh,Downs,2001-08-12,70,175,North Carolina,24,2,,,80,90,51,91,93,82,90,90,54,46,40,39,33,35,90,82,83,69,81,81,78,25,17,15,44,18,25,10,10,22,15,27,22,10,10,10,IND,WR,00-0038997,ACT,Josh Downs,exact_name
20362,Kaleb McGary,Kaleb,McGary,1995-02-22,78,306,Washington,30,6,,,80,73,87,61,74,91,88,51,30,6,6,6,10,6,52,47,41,46,36,29,23,74,78,70,90,85,95,48,34,38,53,27,34,15,20,10,ATL,OL,00-0035235,RET,Kaleb McGary,exact_name
12387,Kyle Van Noy,Kyle,Van Noy,1991-03-26,75,250,BYU,34,11,,,80,83,76,78,84,91,87,71,20,6,6,6,18,6,73,65,35,25,15,7,5,45,45,45,45,45,45,79,70,79,91,87,86,61,68,60,nan,NAN,,,,unmatched
21351,L'Jarius Sneed,L'Jarius,Sneed,1997-01-21,73,192,LA. Tech,28,5,,,80,94,60,87,93,81,89,86,27,6,6,6,15,6,76,58,70,22,30,26,33,25,35,35,18,35,35,35,46,58,81,77,59,70,78,93,KC,DB,00-0036374,ACT,L'Jarius Sneed,exact_name
20582,Mack Wilson Sr,Mack,Wilson Sr,1998-02-14,73,240,Alabama,27,6,,,80,87,79,80,87,88,87,72,52,48,38,30,30,27,71,59,65,17,21,11,6,45,45,45,45,45,45,66,72,74,86,85,84,66,69,52,ARI,LB,00-0035144,ACT,Mack Wilson,exact_name
22224,Marcus Jones,Marcus,Jones,1998-10-22,68,175,Houston,26,3,,,80,92,48,92,95,78,87,93,24,16,12,8,10,6,77,48,66,29,54,45,42,30,29,27,31,31,30,25,36,46,79,74,66,79,74,70,NE,DB,00-0037253,ACT,Marcus Jones,exact_name
15237,Mason Graham,Mason,Graham,2003-09-02,76,306,Michigan,21,0,,,80,78,90,74,86,78,92,65,24,10,8,7,14,15,28,20,20,28,18,18,18,45,45,45,45,45,45,79,69,85,77,78,83,17,24,17,CLE,DL,00-0040685,ACT,Mason Graham,exact_name
21829,Najee Harris,Najee,Harris,1998-03-09,73,242,Alabama,27,4,,,80,88,82,85,90,74,95,87,43,43,36,26,26,32,67,58,60,58,66,59,49,60,37,34,50,41,40,24,21,36,32,42,44,21,26,24,nan,NAN,,,,unmatched
21481,Nate Hobbs,Nate,Hobbs,1999-06-24,73,195,Illinois,26,4,,,80,91,65,88,92,82,90,86,27,6,6,6,13,6,66,54,64,42,43,41,34,35,35,35,35,35,35,29,33,56,82,78,61,74,82,85,SF,DB,00-0036871,ACT,Nate Hobbs,exact_name
15045,Omarion Hampton,Omarion,Hampton,2003-03-16,72,220,North Carolina,22,0,,,80,90,78,82,93,80,92,77,25,15,24,12,21,23,73,61,58,54,61,54,51,52,39,42,43,29,28,30,31,38,44,44,43,28,36,30,LAC,RB,00-0040666,ACT,Omarion Hampton,exact_name
22698,Peter Skoronski,Peter,Skoronski,2001-07-31,76,313,Northwestern,24,2,,,80,67,89,58,80,83,94,59,25,8,8,8,7,7,36,22,15,18,14,10,5,84,80,85,80,82,78,24,16,22,26,30,25,10,9,10,TEN,OL,00-0039034,ACT,Peter Skoronski,exact_name
22695,Quentin Johnston,Quentin,Johnston,2001-09-06,75,208,TCU,23,2,,,80,93,70,83,91,85,89,85,30,20,15,10,18,12,88,82,85,80,80,81,80,35,30,27,52,29,34,10,10,30,16,36,31,13,19,19,LAC,WR,00-0038544,ACT,Quentin Johnston,exact_name
22243,Quentin Lake,Quentin,Lake,1999-01-29,73,201,UCLA,26,3,,,80,86,57,80,92,85,86,79,30,21,17,13,11,8,70,57,67,22,21,16,12,35,35,35,35,35,35,30,35,55,85,78,74,73,80,67,LA,DB,00-0037841,ACT,Quentin Lake,exact_name
14811,Quinshon Judkins,Quinshon,Judkins,2003-10-29,72,221,Ohio State,21,0,,,80,90,77,85,91,81,91,85,29,27,27,14,24,19,71,50,47,52,57,49,47,52,40,38,39,31,29,27,28,36,35,40,39,25,35,25,CLE,RB,00-0040784,ACT,Quinshon Judkins,exact_name_birthdate
22056,Rachaad White,Rachaad,White,1999-01-12,72,214,Arizona St.,26,3,,,80,90,71,87,92,82,90,88,26,20,15,10,14,15,76,60,59,62,71,64,57,58,24,29,37,29,36,10,10,26,16,34,30,12,17,15,WAS,RB,00-0037256,ACT,Rachaad White,exact_name
22666,Rashid Shaheed,Rashid,Shaheed,1998-08-31,72,180,Weber State,27,3,,,80,95,60,90,95,77,85,91,28,22,15,10,11,10,85,77,79,72,74,78,85,33,16,15,39,17,12,15,14,23,17,32,25,25,30,15,SEA,WR,00-0037545,ACT,Rashid Shaheed,exact_name
21792,Reed Blankenship,Reed,Blankenship,1999-03-02,73,203,Mid Tenn St.,26,3,,,80,87,61,81,93,85,88,83,25,20,15,12,10,6,75,59,66,15,14,12,10,34,34,34,35,35,35,36,41,57,81,82,72,65,78,60,HOU,DB,00-0037130,ACT,Reed Blankenship,exact_name
1087,Tarheeb Still,Tarheeb,Still,2002-06-09,73,196,Maryland,23,1,,,80,89,56,85,93,79,91,88,27,11,10,6,11,6,79,64,66,27,26,16,11,10,9,8,15,14,13,26,31,43,79,71,60,76,84,80,LAC,DB,00-0039366,ACT,Tarheeb Still,exact_name
15097,Tetairoa McMillan,Tetairoa,McMillan,2003-04-05,76,213,Arizona,22,0,,,80,89,76,89,91,84,92,87,79,62,56,54,53,36,87,82,86,82,83,82,78,26,24,17,48,38,38,31,34,39,28,46,44,27,26,22,CAR,WR,00-0040124,ACT,Tetairoa McMillan,exact_name
21537,Teven Jenkins,Teven,Jenkins,1998-03-03,78,321,Oklahoma St.,27,4,,,80,74,91,61,73,77,82,52,22,6,6,6,15,6,19,11,16,15,10,5,5,83,86,79,82,79,85,20,10,22,22,27,31,10,10,10,CLE,OL,00-0036953,ACT,Teven Jenkins,exact_name
22305,Travon Walker,Travon,Walker,2000-12-18,77,272,Georgia,24,3,,,80,88,88,83,92,78,92,73,18,6,6,6,13,6,60,46,49,27,25,19,14,45,45,45,45,45,45,79,72,82,76,83,79,44,54,29,JAX,DL,00-0037235,ACT,Travon Walker,exact_name
22952,Yaya Diaby,Yaya,Diaby,1999-05-30,76,270,Louisville,26,2,,,80,89,74,77,93,86,90,72,23,6,6,6,14,6,45,42,44,22,25,21,14,35,35,35,40,40,40,81,72,82,83,85,83,36,45,40,TB,LB,00-0039068,ACT,Yaya Diaby,exact_name
13480,Zaire Franklin,Zaire,Franklin,1996-07-02,72,235,Syracuse,29,7,,,80,84,80,80,89,83,93,72,22,6,6,6,12,6,61,48,43,20,10,6,5,45,45,45,45,45,45,55,64,68,84,91,88,54,63,43,GB,LB,00-0034431,ACT,Zaire Franklin,exact_name
22285,Zyon McCollum,Zyon,McCollum,1999-05-03,74,199,Sam Houston,26,3,,,80,93,60,97,95,78,93,93,26,15,10,8,13,15,72,54,64,25,28,24,19,29,29,29,33,33,33,30,40,53,77,72,56,80,78,68,TB,DB,00-0037268,ACT,Zyon McCollum,exact_name
26668,Aaron Rodgers,Aaron,Rodgers,1983-12-02,74,223,California,41,20,,,79,78,59,75,76,78,89,72,94,88,83,83,82,92,47,15,15,15,15,14,12,12,12,12,23,18,18,10,10,19,25,24,19,13,19,10,PIT,QB,00-0023459,ACT,Aaron Rodgers,exact_name
21997,Alaric Jackson,Alaric,Jackson,1998-07-14,79,345,Iowa,27,4,,,79,63,85,61,67,86,92,50,26,6,6,6,16,6,22,25,27,21,20,15,10,83,84,81,83,81,85,46,34,47,21,45,42,10,12,10,LA,OL,00-0036603,ACT,Alaric Jackson,exact_name
12613,Alex Anzalone,Alex,Anzalone,1994-09-22,75,240,Florida,30,8,,,79,86,74,81,86,83,84,72,25,6,6,6,16,6,61,33,35,19,22,12,7,45,45,45,45,45,45,65,57,72,82,88,86,67,74,43,TB,LB,00-0033914,ACT,Alex Anzalone,exact_name
13079,Bradley Chubb,Bradley,Chubb,1996-06-24,76,275,N.C. State,29,7,,,79,84,89,78,86,79,86,68,20,6,6,6,16,6,56,36,55,13,15,8,4,45,45,45,45,45,45,72,78,80,80,82,81,48,53,28,BUF,LB,00-0034832,ACT,Bradley Chubb,exact_name
22055,Brian Robinson Jr,Brian,Robinson Jr,1999-03-02,73,228,Alabama,26,3,,,79,88,81,80,90,78,92,77,29,29,20,18,13,18,65,43,44,47,52,45,37,54,40,35,38,25,31,11,12,38,15,45,39,12,17,13,ATL,RB,00-0037746,ACT,Brian Robinson,exact_name
14758,Byron Murphy II,Byron,Murphy II,2002-09-08,73,308,Texas,22,1,,,79,77,86,67,81,79,90,64,25,6,6,6,10,6,46,22,25,28,29,23,20,45,45,45,45,45,45,79,74,82,78,83,87,25,34,29,SEA,DL,00-0039309,ACT,Byron Murphy II,exact_name_birthdate
13113,Calvin Ridley,Calvin,Ridley,1994-12-20,73,190,Alabama,30,7,,,79,93,59,92,93,78,86,90,32,28,23,18,22,13,83,82,87,80,76,78,75,30,15,22,52,31,37,10,10,24,17,33,29,17,25,24,TEN,WR,00-0034837,ACT,Calvin Ridley,exact_name
10697,Cameron Jordan,Cameron,Jordan,1989-07-10,76,287,California,36,14,,,79,77,87,77,77,85,97,66,30,6,6,6,14,6,42,15,15,20,15,8,4,45,45,45,45,45,45,75,67,78,85,87,86,31,41,22,nan,NAN,,,,unmatched
20417,Carl Granderson,Carl,Granderson,1996-12-18,77,261,Wyoming,28,6,,,79,85,80,74,86,79,89,66,24,6,6,6,10,6,38,29,30,14,18,11,7,45,44,45,45,46,45,72,80,82,80,87,86,33,44,26,NO,LB,00-0035402,ACT,Carl Granderson,exact_name
15266,Carson Schwesinger,Carson,Schwesinger,2003-02-24,75,242,UCLA,22,0,,,79,87,72,83,90,82,90,79,24,6,6,6,12,6,68,58,62,34,36,32,29,45,45,45,45,45,45,58,64,71,80,86,86,65,70,52,CLE,LB,00-0040579,ACT,Carson Schwesinger,exact_name
22858,Cody Mauch,Cody,Mauch,1999-01-15,78,303,North Dakota St.,26,2,,,79,70,87,73,77,80,93,62,46,45,43,41,41,35,50,49,48,49,42,37,33,81,83,77,79,81,77,51,34,44,44,51,45,10,11,10,TB,OL,00-0039157,ACT,Cody Mauch,exact_name
20952,Cole Kmet,Cole,Kmet,1999-03-10,78,257,Notre Dame,26,5,,,79,85,76,73,85,76,95,71,39,19,17,14,15,15,95,84,86,73,72,69,64,61,61,58,63,61,63,42,51,56,38,58,48,27,33,27,CHI,TE,00-0036290,ACT,Cole Kmet,exact_name
17829,David Onyemata,David,Onyemata,1992-11-13,75,300,Manitoba,32,9,,,79,73,89,69,78,77,91,55,13,6,6,6,17,6,41,15,25,12,10,3,2,44,45,45,45,45,45,77,64,81,76,80,87,22,33,10,NYJ,DL,00-0033051,ACT,David Onyemata,exact_name
12719,Davon Godchaux,Davon,Godchaux,1994-11-11,75,330,LSU,30,8,,,79,71,93,57,64,78,88,50,15,6,6,6,14,6,35,24,20,12,14,6,3,45,45,45,45,45,45,58,71,79,80,79,92,22,31,10,NO,DL,00-0033860,ACT,Davon Godchaux,exact_name
13244,Dorance Armstrong,Dorance,Armstrong,1997-06-10,76,255,Kansas,28,7,,,79,79,82,80,80,84,87,67,20,6,6,6,14,6,34,23,20,12,15,10,5,45,45,45,45,45,45,72,82,80,86,84,83,27,41,32,WAS,DL,00-0034373,ACT,Dorance Armstrong,exact_name
14902,Edgerrin Cooper,Edgerrin,Cooper,2001-11-17,74,230,Texas AM,23,1,,,79,89,72,80,92,77,92,78,22,26,22,20,38,18,70,61,59,26,35,30,21,40,35,36,45,44,44,55,66,70,76,85,83,73,76,67,GB,LB,00-0039850,ACT,Edgerrin Cooper,exact_name
21660,Elijah Molden,Elijah,Molden,1999-01-30,70,192,Washington,26,4,,,79,90,57,84,92,79,88,82,25,6,6,6,15,6,65,54,58,36,43,32,24,35,40,35,40,35,35,29,31,43,81,81,72,75,78,69,LAC,DB,00-0036992,ACT,Elijah Molden,exact_name
23028,Garrett Williams,Garrett,Williams,2001-06-01,70,192,Syracuse,24,2,,,79,88,63,90,90,80,86,90,51,52,48,44,35,45,72,59,66,20,24,14,11,25,33,34,25,33,34,27,36,57,81,77,65,76,83,81,ARI,DB,00-0039007,ACT,Garrett Williams,exact_name
20424,Germaine Pratt,Germaine,Pratt,1996-05-21,74,250,N.C. State,29,6,,,79,88,76,79,88,84,90,74,25,6,6,6,16,6,72,46,56,31,35,30,24,45,45,45,45,45,45,64,58,67,82,85,87,69,71,55,nan,NAN,,,,unmatched
22921,Gervon Dexter Sr,Gervon,Dexter Sr,2001-10-05,78,326,Florida,23,2,,,79,76,85,67,80,85,92,57,14,6,6,6,11,6,52,45,46,14,13,8,5,40,40,40,45,45,45,81,68,81,81,82,87,10,12,14,CHI,DL,00-0039070,ACT,Gervon Dexter Sr.,exact_name
21457,Greg Newsome II,Greg,Newsome II,2000-05-18,72,192,Northwestern,25,4,,,79,92,60,91,92,83,87,89,22,6,6,6,13,6,70,55,60,38,39,32,26,35,35,35,35,35,35,28,40,49,81,73,45,77,74,82,NYG,DB,00-0036996,ACT,Greg Newsome II,exact_name
14704,Jackson Powers-Johnson,Jackson,Powers-Johnson,2003-01-23,75,328,Oregon,22,1,,,79,70,88,69,75,77,92,57,15,8,6,6,9,9,31,17,15,15,15,10,5,78,81,75,82,80,84,45,37,49,42,41,46,11,11,11,LV,OL,00-0039735,ACT,Jackson Powers-Johnson,exact_name
15265,Jalon Walker,Jalon,Walker,2004-02-24,73,243,Georgia,21,0,,,79,86,80,85,92,76,88,76,21,18,18,18,27,25,51,39,40,36,39,33,28,45,45,45,45,45,45,70,79,73,75,84,81,35,47,36,ATL,LB,00-0040577,ACT,Jalon Walker,exact_name
17688,Jarran Reed,Jarran,Reed,1993-12-16,75,306,Alabama,31,9,,,79,71,89,61,67,87,92,54,23,6,6,6,15,6,30,14,16,15,13,5,3,44,44,45,45,46,45,67,78,80,84,81,88,18,26,13,SEA,DL,00-0032387,ACT,Jarran Reed,exact_name
2772,Jason Myers,Jason,Myers,1991-05-12,70,190,Marist,34,10,,,79,69,43,47,71,67,85,45,45,35,30,25,13,20,30,10,12,12,10,10,10,20,15,15,20,15,15,10,10,10,15,28,20,10,25,10,SEA,K,00-0031492,ACT,Jason Myers,exact_name
22242,Jaylen Watson,Jaylen,Watson,1998-09-17,74,197,Wash. St.,26,3,,,79,93,66,82,92,78,91,86,25,17,14,12,14,6,64,57,55,41,39,36,32,29,29,29,34,34,34,33,41,55,77,72,58,80,82,77,LA,DB,00-0037195,ACT,Jaylen Watson,exact_name
22141,Jermaine Johnson II,Jermaine,Johnson II,1999-01-07,77,262,Florida State,26,3,,,79,85,82,81,88,75,93,70,21,6,6,6,10,6,48,28,27,23,19,12,9,45,44,45,45,46,45,80,74,80,77,85,86,32,43,26,TEN,LB,00-0037663,ACT,Jermaine Johnson II,exact_name
22706,Joey Porter,Joey,Porter,2000-07-26,74,193,Penn State,25,2,,,79,90,67,89,94,76,92,84,26,15,11,10,11,6,60,54,62,22,29,22,15,35,35,35,35,35,35,40,33,58,74,77,64,79,73,90,PIT,DB,00-0039167,ACT,Joey Porter Jr.,exact_name
12700,Jonnu Smith,Jonnu,Smith,1995-08-22,75,248,FIU,30,8,,,79,89,78,78,84,78,89,77,35,6,6,6,10,6,87,83,83,73,73,68,67,62,61,59,57,54,57,25,25,30,15,41,29,15,20,10,nan,NAN,,,,unmatched
12280,Jordan Poyer,Jordan,Poyer,1991-04-25,72,191,Oregon State,34,12,,,79,87,66,85,88,78,92,82,30,6,6,6,19,6,75,45,68,15,35,25,20,35,35,35,35,35,35,46,54,59,76,83,75,73,83,80,nan,NAN,,,,unmatched
21316,Jordyn Brooks,Jordyn,Brooks,1997-10-21,72,240,Texas Tech,27,5,,,79,87,74,85,86,82,90,76,25,6,6,6,10,6,56,38,45,12,15,5,5,45,45,45,45,45,45,53,60,74,80,90,89,55,60,46,MIA,LB,00-0036409,ACT,Jordyn Brooks,exact_name
15124,Josh Simmons,Josh,Simmons,2002-12-26,77,317,Ohio State,22,0,,,79,78,88,69,76,83,84,58,16,6,6,6,13,6,18,14,18,12,15,5,5,82,84,82,76,79,76,36,32,36,15,26,34,12,16,10,KC,OL,00-0040116,ACT,Josh Simmons,exact_name
21269,Julian Blackmon,Julian,Blackmon,1998-08-24,72,187,Utah,27,5,,,79,88,57,88,89,84,82,85,21,6,6,6,18,6,75,60,68,30,44,31,26,25,35,35,25,35,35,29,37,52,83,78,77,70,74,67,NO,DB,00-0036253,ACT,Julian Blackmon,exact_name
14935,Kamren Kinchens,Kamren,Kinchens,2002-09-29,71,202,Miami,22,1,,,79,86,59,84,88,82,90,80,31,21,17,14,11,10,80,68,67,22,24,15,11,40,35,34,45,40,39,38,43,58,83,77,73,72,80,72,LA,DB,00-0039834,ACT,Kamren Kinchens,exact_name
12633,Kareem Hunt,Kareem,Hunt,1995-08-06,71,210,Toledo,30,8,,,79,86,81,88,89,79,86,86,27,24,20,17,18,26,71,59,60,52,67,61,56,59,28,23,57,39,34,10,10,29,16,34,31,13,28,20,nan,NAN,,,,unmatched
22901,Kayshon Boutte,Kayshon,Boutte,2002-05-07,72,195,LSU,23,2,,,79,91,58,86,90,80,85,84,28,20,15,10,20,10,86,86,85,79,78,80,82,29,22,18,54,31,37,10,10,27,16,30,26,11,16,13,NE,WR,00-0038608,ACT,Kayshon Boutte,exact_name
20430,Kyler Murray,Kyler,Murray,1997-08-07,70,207,Oklahoma,28,6,,,79,92,59,90,93,71,81,88,90,87,81,81,84,84,50,19,21,11,17,15,13,12,12,12,13,13,13,10,10,14,17,29,34,17,23,10,MIN,QB,00-0035228,ACT,Kyler Murray,exact_name
12504,Luke Rhodes,Luke,Rhodes,1992-12-02,74,238,William  Mary,32,9,,,79,80,80,75,81,65,92,70,29,6,6,6,10,6,54,43,41,24,39,35,29,47,50,43,45,40,35,58,48,65,54,70,75,48,55,53,IND,LS,00-0032753,ACT,Luke Rhodes,exact_name
20497,Marquise Brown,Marquise,Brown,1997-06-04,69,180,Oklahoma,28,6,,,79,94,44,95,93,75,86,90,42,30,20,15,14,6,86,81,84,76,77,78,79,23,10,10,41,13,14,10,10,19,16,22,18,17,27,12,PHI,WR,00-0035662,ACT,Marquise Brown,exact_name
14643,Marvin Harrison Jr,Marvin,Harrison Jr,2002-08-11,75,209,Ohio State,23,1,,,79,93,57,91,93,80,86,93,27,15,10,6,23,6,84,82,86,76,80,81,78,22,18,15,48,23,16,12,18,15,28,24,24,17,25,19,ARI,WR,00-0039849,ACT,Marvin Harrison Jr.,exact_name
28229,Matt Prater,Matt,Prater,1984-08-10,70,175,UCF,41,18,,,79,69,43,45,69,65,84,43,42,38,32,26,24,20,35,10,12,12,10,10,10,20,15,15,20,15,15,10,10,10,15,25,20,10,25,10,nan,NAN,,,,unmatched
15096,Matthew Golden,Matthew,Golden,2003-08-01,71,191,Texas,22,0,,,79,95,61,92,97,77,89,91,52,38,31,30,31,26,84,79,80,75,79,77,81,24,22,15,54,24,26,24,28,35,32,36,24,31,26,24,GB,WR,00-0040667,ACT,Matthew Golden,exact_name
20969,Mekhi Becton Sr,Mekhi,Becton Sr,1999-04-18,79,363,Louisville,26,5,,,79,71,93,54,72,86,74,54,25,6,6,6,15,6,35,12,12,12,12,5,5,75,77,70,83,80,85,10,10,31,15,12,42,12,15,10,nan,NAN,,,,unmatched
22409,Nate Landman,Nate,Landman,1998-11-19,75,235,Colorado,26,3,,,79,79,75,79,86,78,84,72,42,42,40,35,21,25,55,47,47,44,45,42,39,45,45,45,45,45,45,45,40,76,80,88,93,57,61,54,LA,LB,00-0037587,ACT,Nate Landman,exact_name
22398,Nick Cross,Nick,Cross,2001-09-10,72,212,Maryland,23,3,,,79,92,67,87,96,74,91,82,26,22,14,12,9,8,73,59,67,25,20,18,16,35,35,35,35,35,35,29,35,54,72,80,81,68,77,71,WAS,DB,00-0037616,ACT,Nick Cross,exact_name
21511,Odafe Oweh,Odafe,Oweh,1998-12-15,77,257,Penn State,26,4,,,79,89,80,86,90,75,89,75,22,10,6,6,13,6,54,41,42,32,29,26,19,45,45,45,45,45,45,80,68,76,73,83,85,45,53,28,WAS,LB,00-0036940,ACT,Odafe Oweh,exact_name
21445,Paulson Adebo,Paulson,Adebo,1999-07-03,73,192,Stanford,26,4,,,79,91,64,92,91,78,91,87,30,6,6,6,16,6,77,61,70,38,37,34,28,35,35,35,35,35,35,37,44,50,77,73,69,75,80,87,NYG,DB,00-0036937,ACT,Paulson Adebo,exact_name
22187,Quay Walker,Quay,Walker,2000-05-08,76,241,Georgia,25,3,,,79,88,75,86,90,76,91,73,20,6,6,6,7,6,57,49,50,35,32,30,28,45,45,45,45,45,45,58,67,72,75,91,90,57,64,45,LV,LB,00-0037074,ACT,Quay Walker,exact_name
22448,Rasheed Walker,Rasheed,Walker,2000-02-13,78,324,Penn State,25,3,,,79,64,87,62,73,83,89,57,22,6,6,6,11,6,30,15,20,12,10,5,5,84,86,82,73,69,75,49,39,46,33,38,43,10,12,10,CAR,OL,00-0037196,ACT,Rasheed Walker,exact_name
21398,Reggie Gilliam,Reggie,Gilliam,1997-08-20,73,244,Toledo,28,5,,,79,87,76,83,90,84,88,77,34,26,21,16,21,10,74,59,57,59,64,60,55,67,52,46,69,60,62,31,22,39,42,57,54,31,36,14,NE,RB,00-0036187,ACT,Reggie Gilliam,exact_name
22076,Romeo Doubs,Romeo,Doubs,2000-04-13,74,204,Nevada,25,3,,,79,92,60,85,94,83,89,83,24,20,15,10,17,15,83,85,83,81,78,80,81,26,20,23,38,20,25,18,22,33,32,39,35,19,31,22,NE,WR,00-0037816,ACT,Romeo Doubs,exact_name
20608,Sean Murphy-Bunting,Sean,Murphy-Bunting,1997-06-19,72,195,Central Michigan,28,6,,,79,91,59,88,92,83,88,88,29,6,6,6,10,6,76,63,72,40,42,34,28,25,35,35,25,35,35,28,37,59,81,75,47,78,75,74,ARI,DB,00-0035239,ACT,Sean Murphy-Bunting,exact_name
2562,Shaq Thompson,Shaq,Thompson,1994-04-21,72,230,Washington,31,10,,,79,85,75,82,85,80,88,76,25,6,6,6,18,6,77,67,43,35,33,23,15,45,45,45,45,45,45,52,63,77,82,87,85,66,73,63,nan,NAN,,,,unmatched
14760,T'Vondre Sweat,T'Vondre,Sweat,2001-07-11,77,366,Texas,24,1,,,79,63,94,67,70,72,90,45,22,13,10,7,15,6,47,41,43,12,10,5,3,40,40,40,45,45,45,67,72,82,76,78,87,24,28,20,NYJ,DL,00-0039886,ACT,T'Vondre Sweat,exact_name
21175,Tommy Townsend,Tommy,Townsend,1996-11-12,73,191,Florida,28,5,,,79,81,43,64,84,67,82,57,58,49,41,33,16,20,20,15,15,15,15,15,15,11,11,11,14,14,14,10,10,32,28,23,35,16,24,10,TEN,P,00-0035889,ACT,Tommy Townsend,exact_name
9879,Tony Jefferson,Tony,Jefferson,1992-01-27,71,212,Oklahoma,33,10,,,79,87,74,79,85,83,82,78,24,6,6,6,18,6,64,44,62,25,20,10,10,35,35,35,35,35,35,53,58,55,82,83,74,74,80,70,LAC,DB,00-0030294,ACT,Tony Jefferson,exact_name
22749,Tyjae Spears,Tyjae,Spears,2001-06-15,70,200,Tulane,24,2,,,79,88,71,88,91,77,86,87,29,20,15,10,12,16,74,54,57,52,66,58,50,60,26,22,45,22,27,10,10,25,16,35,30,12,15,16,TEN,RB,00-0039032,ACT,Tyjae Spears,exact_name
15010,Tyrone Tracy Jr,Tyrone,Tracy Jr,1999-11-23,73,210,Purdue,25,1,,,79,90,72,90,91,78,94,89,24,20,15,10,17,10,67,50,50,59,68,63,60,50,32,27,29,15,16,10,10,24,18,32,29,13,19,20,NYG,RB,00-0039384,ACT,Tyrone Tracy Jr.,exact_name
21696,Tyson Campbell,Tyson,Campbell,2000-03-17,73,195,Georgia,25,4,,,79,92,58,86,93,76,90,86,31,15,10,6,10,6,71,50,56,22,21,15,12,28,22,22,34,34,35,28,33,54,76,74,68,72,80,84,CLE,DB,00-0036974,ACT,Tyson Campbell,exact_name
21831,Will Fries,Will,Fries,1998-04-04,78,309,Penn State,27,4,,,79,59,87,59,68,82,90,64,25,6,6,6,5,6,23,10,12,12,10,5,5,80,82,78,84,82,86,36,21,29,28,42,38,12,11,10,MIN,OL,00-0036483,ACT,Will Fries,exact_name
15004,Will Reichard,Will,Reichard,2001-01-19,73,194,Alabama,24,1,,,79,78,42,64,79,65,91,54,32,31,29,20,12,16,22,10,14,9,10,8,7,12,8,7,15,10,10,10,10,13,15,25,29,10,10,10,MIN,K,00-0039404,ACT,Will Reichard,exact_name
13208,Wyatt Teller,Wyatt,Teller,1994-11-21,76,315,Virginia Tech,30,7,,,79,72,93,66,65,87,91,51,40,27,24,19,27,22,36,29,27,18,22,18,12,75,78,72,81,80,82,42,37,45,31,40,50,9,10,10,HOU,OL,00-0034399,ACT,Wyatt Teller,exact_name
14650,Xavier Worthy,Xavier,Worthy,2003-04-27,71,165,Texas,22,1,,,79,99,47,89,98,75,91,91,62,50,52,51,45,31,84,76,76,68,78,78,82,24,12,15,36,20,24,10,10,17,15,25,19,13,18,10,KC,WR,00-0039894,ACT,Xavier Worthy,exact_name
12979,Zach Wood,Zach,Wood,1993-01-10,75,255,SMU,32,8,,,79,71,75,64,64,65,93,55,39,10,10,10,10,10,46,42,38,22,24,19,15,59,50,40,51,39,34,61,58,61,34,68,70,24,33,25,NO,LS,00-0033063,ACT,Zach Wood,exact_name
22105,Abraham Lucas,Abraham,Lucas,1998-10-25,78,322,Wash. St.,26,3,,,78,75,85,75,81,85,87,59,11,5,5,5,10,5,38,33,36,31,34,27,22,80,77,82,78,75,81,22,19,30,32,31,32,10,10,10,SEA,OL,00-0037812,ACT,Abraham Lucas,exact_name
12828,Ahkello Witherspoon,Ahkello,Witherspoon,1995-03-21,74,195,Colorado,30,8,,,78,89,56,86,92,82,83,84,35,6,6,6,11,6,75,53,63,24,27,17,10,35,35,35,35,35,35,26,33,52,81,70,40,81,77,73,WAS,DB,00-0033783,ACT,Ahkello Witherspoon,exact_name
20881,Alex Singleton,Alex,Singleton,1993-12-07,74,240,Montana State,31,7,,,78,85,72,78,86,82,90,71,20,6,6,6,12,6,63,40,45,10,15,5,5,45,45,45,45,45,45,64,55,71,81,88,92,56,64,42,DEN,LB,00-0031898,ACT,Alex Singleton,exact_name
20629,Amani Hooker,Amani,Hooker,1998-06-14,71,210,Iowa,27,6,,,78,88,62,88,89,85,88,82,42,34,28,24,17,16,78,57,70,35,37,33,24,35,35,35,35,35,35,45,55,52,82,70,71,70,76,65,TEN,DB,00-0035632,ACT,Amani Hooker,exact_name
21139,Anfernee Jennings,Anfernee,Jennings,1997-05-01,75,259,Alabama,28,5,,,78,82,81,74,86,79,84,66,26,5,5,5,16,5,63,58,58,29,37,29,24,45,45,45,45,45,45,73,62,83,75,85,86,54,61,56,NO,LB,00-0036193,ACT,Anfernee Jennings,exact_name
21048,Antonio Gibson,Antonio,Gibson,1998-06-23,72,228,Memphis,27,5,,,78,92,68,88,91,78,90,86,43,39,34,29,30,30,72,67,71,71,76,71,64,57,28,28,43,26,22,21,28,38,31,46,43,23,34,29,nan,NAN,,,,unmatched
2533,Arik Armstead,Arik,Armstead,1993-11-15,79,290,Oregon,31,10,,,78,74,91,69,71,78,92,60,35,6,6,6,17,6,38,10,15,12,10,3,2,45,45,45,45,45,45,77,67,79,78,81,87,32,40,35,JAX,DL,00-0032164,ACT,Arik Armstead,exact_name
22153,Boye Mafe,Boye,Mafe,1998-11-30,76,261,Minnesota,26,3,,,78,90,75,76,91,76,90,67,21,17,12,9,10,9,36,22,34,15,14,7,5,45,45,45,45,45,45,68,78,79,74,86,83,37,47,32,CIN,LB,00-0038133,ACT,Boye Mafe,exact_name
21171,Braden Mann,Braden,Mann,1997-11-24,71,198,Texas AM,27,5,,,78,78,45,77,79,66,86,69,28,15,15,15,14,10,30,10,12,12,10,10,10,20,24,24,20,23,23,10,10,26,10,25,44,21,29,10,PHI,P,00-0036313,ACT,Braden Mann,exact_name
10847,Brandin Cooks,Brandin,Cooks,1993-09-25,70,189,Oregon State,31,11,,,78,93,54,89,92,76,90,90,34,15,10,6,20,6,88,85,85,75,78,79,78,32,20,19,50,37,31,10,10,32,24,34,25,18,25,10,nan,NAN,,,,unmatched
9837,Brandon Graham,Brandon,Graham,1988-04-03,74,265,Michigan,37,15,,,78,77,86,75,77,88,87,63,12,6,6,6,14,6,26,15,20,25,15,8,4,45,45,45,45,45,45,78,73,77,88,83,82,22,29,20,nan,NAN,,,,unmatched
23112,Bryce Baringer,Bryce,Baringer,1999-04-26,75,215,Michigan St.,26,2,,,78,73,50,67,75,63,92,59,38,33,31,26,17,24,28,15,21,15,15,15,15,12,12,12,14,14,14,10,10,26,17,29,32,10,10,10,NE,P,00-0038610,ACT,Bryce Baringer,exact_name
22688,C.J. Stroud,C.J.,Stroud,2001-10-03,75,218,Ohio State,23,2,,,78,82,61,80,87,77,88,75,91,89,83,85,83,85,21,13,10,14,12,11,10,12,13,15,12,12,15,10,10,19,14,29,24,9,10,9,HOU,QB,00-0039163,ACT,C.J. Stroud,exact_name
2200,Cairo Santos,Cairo,Santos,1991-11-12,68,173,Tulane,33,11,,,78,72,33,66,74,65,80,51,26,33,15,15,15,15,25,15,15,15,15,15,15,17,17,17,17,16,16,10,10,26,29,42,22,20,14,10,CHI,K,00-0031203,ACT,Cairo Santos,exact_name
22273,Cam Jurgens,Cam,Jurgens,1999-08-21,75,303,Nebraska,26,3,,,78,75,83,74,79,84,85,60,20,6,6,6,10,6,47,43,40,42,39,36,32,77,75,79,82,78,84,20,18,25,15,35,26,10,10,12,PHI,OL,00-0038112,ACT,Cam Jurgens,exact_name
22373,Christian Watson,Christian,Watson,1999-05-12,76,208,North Dakota St.,26,3,,,78,96,65,85,94,80,87,86,26,20,15,10,17,10,85,85,84,69,76,78,80,30,25,20,48,23,28,10,10,26,17,31,27,11,18,15,GB,WR,00-0038124,ACT,Christian Watson,exact_name
13186,Christian Kirk,Christian,Kirk,1996-11-18,71,200,Texas AM,28,7,,,78,90,65,88,92,79,87,86,47,39,30,34,24,16,90,83,86,77,80,78,77,34,30,26,47,35,31,10,10,23,20,33,30,15,19,17,SF,WR,00-0034775,ACT,Christian Kirk,exact_name
12785,Chuck Clark,Chuck,Clark,1995-04-19,72,210,Virginia Tech,30,8,,,78,87,67,85,90,81,94,84,30,15,10,10,11,15,68,57,62,15,20,10,10,35,35,35,35,35,35,38,49,53,79,78,76,72,74,65,DET,DB,00-0033294,ACT,Chuck Clark,exact_name
22278,Cobie Durant,Cobie,Durant,1998-02-09,71,180,S.C. State,27,3,,,78,93,50,86,94,80,89,84,42,43,39,34,30,35,74,59,67,25,30,25,22,25,25,25,30,30,30,29,33,40,79,72,51,75,82,64,DAL,DB,00-0037839,ACT,Cobie Durant,exact_name
20731,Cole Holcomb,Cole,Holcomb,1996-06-30,73,240,North Carolina,29,6,,,78,87,72,87,88,77,85,75,27,6,6,6,12,6,65,45,47,30,30,25,21,45,45,45,45,45,45,54,46,72,76,87,90,66,73,50,PIT,LB,00-0035286,ACT,Cole Holcomb,exact_name
21115,Colton McKivitz,Colton,McKivitz,1996-08-09,78,301,West Virginia,29,5,,,78,71,84,55,68,85,89,48,30,6,6,6,10,6,35,15,15,15,15,5,5,80,78,82,81,78,84,26,18,33,31,31,34,12,15,10,SF,OL,00-0036256,ACT,Colton McKivitz,exact_name
22259,Cor'Dale Flott,Cor'Dale,Flott,2001-08-24,73,175,LSU,24,3,,,78,89,50,86,92,77,88,92,25,15,10,6,10,6,61,49,62,21,36,33,30,22,22,22,27,27,27,21,29,42,79,69,65,76,83,68,nan,NAN,,,,unmatched
12824,D.J. Jones,D.J.,Jones,1995-01-19,72,305,Ole Miss,30,8,,,78,73,88,72,73,85,90,59,24,6,6,6,10,6,38,24,20,14,17,9,5,45,44,45,45,46,45,76,60,80,84,78,84,20,27,18,DEN,DL,00-0033297,ACT,D.J. Jones,exact_name
13382,Daniel Carlson,Daniel,Carlson,1995-01-23,77,215,Auburn,30,7,,,78,71,52,60,75,65,91,45,26,32,22,17,15,17,31,15,15,15,15,15,15,18,18,18,18,18,18,10,10,18,16,23,26,12,16,10,nan,NAN,,,,unmatched
21324,Darnell Mooney,Darnell,Mooney,1997-10-29,70,173,Tulane,27,5,,,78,92,58,83,92,79,88,86,23,10,10,10,20,10,85,83,88,82,79,80,78,26,13,15,58,37,28,10,10,28,27,34,30,20,28,24,NYG,WR,00-0036309,ACT,Darnell Mooney,exact_name
2366,Denico Autry,Denico,Autry,1990-07-15,77,285,Mississippi St.,35,11,,,78,74,86,68,72,85,89,63,14,6,6,6,16,6,35,15,15,15,15,8,4,45,45,45,45,45,45,78,71,81,82,87,82,24,29,16,nan,NAN,,,,unmatched
22166,Devonte Wyatt,Devonte,Wyatt,1998-03-31,75,304,Georgia,27,3,,,78,80,86,69,88,83,91,60,25,5,5,5,10,5,41,38,34,22,27,24,19,45,45,45,45,45,45,72,80,78,80,81,79,24,29,15,GB,DL,00-0037075,ACT,Devonte Wyatt,exact_name
21547,Drew Dalman,Drew,Dalman,1998-10-15,75,301,Stanford,26,4,,,78,70,87,68,75,80,92,53,15,6,6,6,10,6,25,15,15,15,15,5,5,74,73,75,87,84,89,10,10,27,31,31,32,9,11,10,nan,NAN,,,,unmatched
14968,Dru Phillips,Dru,Phillips,2001-11-30,71,180,Kentucky,23,1,,,78,90,62,90,91,78,89,88,25,26,25,22,11,14,59,51,51,32,34,29,21,26,14,15,30,25,24,33,40,57,80,76,67,78,78,77,nan,NAN,,,,unmatched
21925,Evan McPherson,Evan,McPherson,1999-07-21,71,185,Florida,26,4,,,78,75,37,63,81,65,93,56,27,31,20,15,13,15,32,15,15,14,22,14,12,13,12,12,17,16,16,10,10,11,17,25,16,11,15,10,CIN,K,00-0036854,ACT,Evan McPherson,exact_name
20966,Ezra Cleveland,Ezra,Cleveland,1998-05-08,78,312,Boise State,27,5,,,78,76,88,71,78,77,90,56,10,6,6,6,10,6,30,15,15,15,15,5,5,82,85,76,79,77,82,50,37,56,42,51,55,11,12,10,JAX,OL,00-0036327,ACT,Ezra Cleveland,exact_name
21018,Geno Stone,Geno,Stone,1999-04-19,70,209,Iowa,26,5,,,78,87,58,86,89,83,88,84,42,29,25,21,26,20,82,48,63,34,30,15,11,12,35,35,16,35,35,32,37,56,84,76,72,66,78,60,BUF,DB,00-0036199,ACT,Geno Stone,exact_name
13115,Harrison Phillips,Harrison,Phillips,1996-01-25,75,307,Stanford,29,7,,,78,70,93,72,67,73,88,61,26,6,6,6,15,6,27,22,18,15,15,7,3,45,45,45,45,45,45,72,63,79,77,80,87,19,27,11,NYJ,DL,00-0034782,ACT,Harrison Phillips,exact_name
10539,J.J. Jansen,J.J.,Jansen,1986-01-20,74,235,Notre Dame,39,18,,,78,63,70,66,70,71,93,59,37,6,6,6,16,6,60,51,44,40,45,40,35,56,50,40,54,50,42,10,10,42,25,60,53,14,12,10,CAR,LS,00-0026027,ACT,J.J. Jansen,exact_name
17663,Jack Conklin,Jack,Conklin,1994-08-17,78,308,Michigan St.,31,9,,,78,69,88,60,69,91,82,51,22,5,5,5,13,5,24,15,15,16,14,5,5,81,83,77,80,78,82,15,14,26,19,29,34,11,14,10,nan,NAN,,,,unmatched
20716,Jack Fox,Jack,Fox,1996-09-01,74,224,Rice,29,7,,,78,79,50,64,81,66,90,55,53,47,29,15,20,15,23,15,15,15,15,15,15,17,17,17,16,16,16,10,10,29,24,32,29,11,20,10,DET,P,00-0035156,ACT,Jack Fox,exact_name
15284,Jacob Parrish,Jacob,Parrish,2004-02-29,70,191,Kansas State,21,0,,,78,94,65,89,93,74,91,89,29,15,13,10,18,12,73,59,69,38,38,37,39,35,25,35,35,25,35,32,40,55,75,77,67,75,78,76,TB,DB,00-0040143,ACT,Jacob Parrish,exact_name
10845,Jadeveon Clowney,Jadeveon,Clowney,1993-02-14,77,255,South Carolina,32,11,,,78,82,84,82,85,76,83,69,35,6,6,6,17,6,49,40,44,15,15,5,5,45,45,45,45,45,45,77,70,82,77,87,82,45,53,35,nan,NAN,,,,unmatched
13137,James Daniels,James,Daniels,1997-09-13,76,327,Iowa,27,7,,,78,66,86,72,66,85,86,58,26,6,6,6,10,6,20,15,12,12,10,5,5,78,82,74,82,81,83,10,10,26,10,28,28,12,12,10,nan,NAN,,,,unmatched
22876,Joe Tippmann,Joe,Tippmann,2001-03-24,78,317,Wisconsin,24,2,,,78,73,89,65,81,80,87,57,11,6,6,6,10,6,39,36,32,25,23,15,10,78,80,76,82,81,83,10,10,25,25,30,33,12,13,10,NYJ,OL,00-0039145,ACT,Joe Tippmann,exact_name
22139,Kayvon Thibodeaux,Kayvon,Thibodeaux,2000-12-15,77,258,Oregon,24,3,,,78,88,81,84,90,77,91,72,22,10,6,6,13,6,46,38,40,30,26,23,19,45,45,45,45,45,45,78,73,78,76,85,81,51,58,43,NYG,LB,00-0037611,ACT,Kayvon Thibodeaux,exact_name
12998,Kendrick Bourne,Kendrick,Bourne,1995-08-04,73,190,Eastern Wash.,30,8,,,78,88,65,88,91,84,89,85,44,34,31,27,30,15,86,84,84,80,79,78,77,48,21,19,59,23,16,11,11,22,21,32,27,16,24,16,ARI,WR,00-0033307,ACT,Kendrick Bourne,exact_name
17661,Kenny Clark,Kenny,Clark,1995-10-04,75,314,UCLA,29,9,,,78,72,91,62,75,80,91,57,23,6,6,6,18,6,24,22,24,15,13,5,3,44,44,45,45,46,45,75,66,79,81,82,84,33,38,13,DAL,DL,00-0033120,ACT,Kenny Clark,exact_name
21565,Kyle Pitts Sr,Kyle,Pitts Sr,2000-10-06,78,246,Florida,24,4,,,78,90,71,80,93,70,90,78,48,29,32,23,21,23,85,81,87,76,73,70,66,60,56,59,56,53,56,18,32,39,21,39,41,16,23,17,ATL,TE,00-0036970,ACT,Kyle Pitts,exact_name
17554,Leonard Floyd,Leonard,Floyd,1992-09-08,77,240,Georgia,32,9,,,78,85,76,83,86,83,94,69,22,6,6,6,14,6,55,27,26,18,15,5,5,45,43,44,45,44,44,69,77,78,80,82,82,52,57,42,nan,NAN,,,,unmatched
21148,Logan Wilson,Logan,Wilson,1996-07-08,74,245,Wyoming,29,5,,,78,86,74,82,88,74,89,76,30,21,16,12,26,11,77,48,65,28,41,36,29,45,45,45,45,45,45,57,52,72,72,90,87,65,72,49,nan,NAN,,,,unmatched
15095,Luther Burden III,Luther,Burden III,2003-12-12,72,210,Missouri,21,0,,,78,92,69,93,92,73,91,93,11,12,10,10,24,31,83,80,82,74,78,76,75,27,28,21,51,32,30,23,25,24,35,39,35,30,41,25,CHI,WR,00-0040735,ACT,Luther Burden III,exact_name
12527,Malik Hooker,Malik,Hooker,1996-04-02,74,212,Ohio State,29,8,,,78,88,76,85,89,83,83,83,26,15,10,10,18,15,81,59,76,22,26,16,11,13,34,33,18,34,33,34,38,51,81,73,75,66,75,61,DAL,DB,00-0033877,ACT,Malik Hooker,exact_name
15328,Maxwell Hairston,Maxwell,Hairston,2003-08-06,71,183,Kentucky,22,0,,,78,96,59,94,93,70,88,95,20,15,15,21,23,13,74,61,68,43,37,35,38,25,25,35,35,25,35,26,31,46,67,73,61,78,77,72,BUF,DB,00-0040709,ACT,Maxwell Hairston,exact_name
22810,Michael Wilson,Michael,Wilson,2000-02-23,74,213,Stanford,25,2,,,78,89,72,89,90,80,83,85,33,25,20,15,20,10,88,86,86,75,79,78,75,32,25,23,56,39,34,10,10,33,15,39,42,10,15,17,ARI,WR,00-0038559,ACT,Michael Wilson,exact_name
14947,Mike Sainristil,Mike,Sainristil,2000-10-03,70,182,Michigan,24,1,,,78,90,51,94,94,73,91,94,27,20,16,14,13,12,78,70,74,42,55,52,57,33,22,21,34,23,21,32,42,45,75,80,61,78,79,67,WAS,DB,00-0039898,ACT,Mike Sainristil,exact_name
13192,Mike Gesicki,Mike,Gesicki,1995-10-03,78,245,Penn State,29,7,,,78,84,76,87,87,71,91,74,50,15,10,6,15,6,88,82,92,74,71,68,65,57,51,55,58,55,58,10,10,32,20,37,30,10,15,17,CIN,TE,00-0034829,ACT,Mike Gesicki,exact_name
21231,Mike Danna,Mike,Danna,1997-12-01,74,257,Michigan,27,5,,,78,81,82,74,84,78,91,63,26,6,6,6,10,6,31,16,18,15,10,5,5,45,45,45,45,45,45,75,66,79,80,82,90,16,25,16,nan,NAN,,,,unmatched
21632,Rhamondre Stevenson,Rhamondre,Stevenson,1998-02-23,72,230,Oklahoma,27,4,,,78,88,79,82,87,82,89,83,32,25,20,15,15,17,71,47,52,48,65,55,42,63,36,32,55,43,38,10,10,33,18,39,41,10,16,18,NE,RB,00-0036875,ACT,Rhamondre Stevenson,exact_name
22206,Roger McCreary,Roger,McCreary,2000-02-10,71,190,Auburn,25,3,,,78,89,65,87,91,77,92,87,39,31,28,24,20,19,72,60,58,37,38,33,29,35,35,35,35,35,35,38,47,55,76,72,62,81,80,84,DET,DB,00-0038125,ACT,Roger McCreary,exact_name
13466,Sebastian Joseph-Day,Sebastian,Joseph-Day,1995-03-21,76,310,Rutgers,30,7,,,78,74,86,68,78,80,88,59,10,6,6,6,14,6,21,20,19,15,15,7,3,45,45,45,45,45,45,74,56,80,84,78,87,20,26,10,PIT,DL,00-0034810,ACT,Sebastian Joseph-Day,exact_name
14696,Taliese Fuaga,Taliese,Fuaga,2002-04-05,78,324,Oregon State,23,1,,,78,68,93,63,73,74,92,50,14,9,7,6,5,6,22,18,21,12,12,8,5,73,80,66,82,83,80,35,10,42,15,15,39,9,9,10,NO,OL,00-0039339,ACT,Taliese Fuaga,exact_name
22733,Tank Bigsby,Tank,Bigsby,2001-08-30,72,213,Auburn,24,2,,,78,92,75,84,92,80,92,86,27,20,16,12,14,15,62,51,53,51,56,48,40,54,32,26,34,18,25,10,10,31,14,39,32,11,16,15,PHI,RB,00-0038555,ACT,Tank Bigsby,exact_name
20622,Taylor Rapp,Taylor,Rapp,1997-12-22,72,208,Washington,27,6,,,78,86,63,86,87,80,91,86,36,25,18,12,14,6,77,60,66,22,29,22,17,35,35,35,35,35,35,41,49,61,76,84,76,65,76,69,nan,NAN,,,,unmatched
22806,Tre Tucker,Tre,Tucker,2001-03-08,69,185,Cincinnati,24,2,,,78,95,53,85,93,82,88,82,26,17,15,11,17,13,86,77,79,69,79,80,82,26,15,15,54,20,27,10,10,23,19,25,24,10,10,16,LV,WR,00-0038563,ACT,Tre Tucker,exact_name
22704,Trenton Simpson,Trenton,Simpson,2001-06-14,74,234,Clemson,24,2,,,78,91,77,81,95,76,92,79,35,36,31,27,24,31,47,44,51,23,25,21,15,35,35,35,45,45,45,59,69,74,75,84,82,62,66,64,BAL,LB,00-0038504,ACT,Trenton Simpson,exact_name
14949,Tykee Smith,Tykee,Smith,2001-02-18,70,202,Georgia,24,1,,,78,90,58,83,92,77,87,80,33,34,32,25,23,30,75,63,61,12,20,10,10,30,25,24,35,30,29,47,53,54,76,78,75,78,76,66,TB,DB,00-0039846,ACT,Tykee Smith,exact_name
20397,Tytus Howard,Tytus,Howard,1996-05-23,77,322,Alabama St.,29,6,,,78,73,85,60,68,85,86,52,53,45,37,31,26,27,28,15,15,15,15,5,5,84,85,81,74,72,76,10,10,24,15,27,23,12,15,10,CLE,OL,00-0035234,ACT,Tytus Howard,exact_name
12405,Wil Lutz,Wil,Lutz,1994-07-07,71,184,Georgia State,31,9,,,78,70,54,59,72,63,81,50,39,33,15,15,16,15,18,15,15,15,15,15,15,17,17,17,16,16,16,10,10,24,17,29,26,11,17,10,DEN,K,00-0032569,ACT,Wil Lutz,exact_name
15267,Will Johnson,Will,Johnson,2003-03-29,74,200,Michigan,22,0,,,78,89,62,86,90,84,81,83,14,6,6,6,10,6,77,66,73,46,41,38,41,25,25,35,25,25,35,34,42,49,83,74,57,74,80,74,ARI,DB,00-0040751,ACT,Will Johnson,exact_name
857,Zach Ertz,Zach,Ertz,1990-11-10,77,250,Stanford,34,12,,,78,82,74,79,79,95,85,70,42,15,10,6,15,6,83,83,85,79,73,66,62,62,61,57,55,52,55,10,10,44,17,36,36,19,18,10,nan,NAN,,,,unmatched
22732,Zach Charbonnet,Zach,Charbonnet,2001-01-08,73,220,UCLA,24,2,,,78,88,79,82,89,77,87,78,23,18,14,10,11,10,73,53,52,51,63,56,47,55,40,33,48,32,23,31,38,41,45,50,50,25,31,28,SEA,RB,00-0039165,ACT,Zach Charbonnet,exact_name
22115,Zion Johnson,Zion,Johnson,1999-11-18,75,316,Boston College,25,3,,,78,66,90,71,76,79,94,58,28,6,6,6,5,6,25,10,12,12,10,5,5,80,83,78,78,77,79,25,20,27,25,34,34,12,10,10,CLE,OL,00-0037818,ACT,Zion Johnson,exact_name
21365,Aaron Brewer,Aaron,Brewer,1997-10-28,73,295,Texas State,27,5,,,77,74,79,62,63,86,86,54,12,6,6,6,13,6,31,15,20,25,27,15,15,76,73,78,85,79,87,22,15,18,15,24,31,15,17,10,MIA,OL,00-0036171,ACT,Aaron Brewer,exact_name
2280,Adam Thielen,Adam,Thielen,1990-08-22,74,195,Minnesota State,35,12,,,77,88,67,88,90,78,87,81,50,46,37,32,29,29,88,88,92,77,76,75,72,35,25,20,52,36,33,10,10,32,25,29,32,10,16,15,MIN,WR,00-0030035,RET,Adam Thielen,exact_name
21016,Alohi Gilman,Alohi,Gilman,1997-09-17,70,201,Notre Dame,27,5,,,77,87,63,88,83,84,90,85,26,6,6,6,10,6,73,52,60,30,36,31,27,35,35,35,35,35,35,43,48,62,81,81,66,65,77,59,KC,DB,00-0036380,ACT,Alohi Gilman,exact_name
21003,Amik Robertson,Amik,Robertson,1998-07-06,68,187,LA. Tech,27,5,,,77,88,56,90,91,82,83,89,39,33,27,24,30,18,75,63,69,30,36,33,29,16,23,23,29,15,15,37,45,48,80,74,48,77,82,66,WAS,DB,00-0036375,ACT,Amik Robertson,exact_name
21466,Andre Cisco,Andre,Cisco,2000-03-23,72,210,Syracuse,25,4,,,77,92,65,88,91,78,90,86,28,15,10,10,12,15,77,62,68,25,24,25,22,35,35,35,35,35,35,36,41,57,77,78,66,71,76,72,NYJ,DB,00-0036941,ACT,Andre Cisco,exact_name
22147,Arnold Ebiketie,Arnold,Ebiketie,1999-01-23,75,256,Penn State,26,3,,,77,84,76,85,87,72,92,74,23,6,6,6,12,6,45,32,34,30,24,16,13,45,45,45,45,45,45,69,78,75,70,83,85,33,43,27,PHI,LB,00-0038116,ACT,Arnold Ebiketie,exact_name
12948,Austin Ekeler,Austin,Ekeler,1995-05-17,70,200,Western Colorado,30,8,,,77,89,82,90,91,77,88,84,28,27,20,16,17,15,77,65,68,74,78,73,66,54,26,22,38,32,30,10,10,11,12,40,32,15,20,20,nan,NAN,,,,unmatched
21704,Benjamin St-Juste,Benjamin,St-Juste,1997-09-08,75,200,Minnesota,27,4,,,77,91,60,91,91,77,87,90,21,6,6,6,11,6,63,53,65,22,21,17,10,35,35,35,35,35,35,29,33,51,76,72,65,72,78,84,GB,DB,00-0036625,ACT,Benjamin St-Juste,exact_name
22842,Brenton Strange,Brenton,Strange,2000-12-27,75,247,Penn State,24,2,,,77,83,77,75,87,79,90,69,28,23,18,14,11,18,86,80,78,67,71,64,56,64,65,61,64,64,58,37,44,54,41,64,53,42,48,40,JAX,TE,00-0038935,ACT,Brenton Strange,exact_name
22091,Cade Otton,Cade,Otton,1999-04-15,77,247,Washington,26,3,,,77,81,77,70,84,81,89,67,30,25,20,14,10,15,88,81,80,72,72,67,60,62,60,61,65,63,60,28,26,42,41,45,39,14,21,12,TB,TE,00-0038129,ACT,Cade Otton,exact_name
15006,Cam Little,Cam,Little,2003-08-17,74,179,Arkansas,22,1,,,77,74,41,65,78,59,90,59,29,32,21,12,16,15,21,15,15,15,15,15,15,17,17,17,16,16,16,10,10,12,15,29,21,11,12,10,JAX,K,00-0039409,ACT,Cam Little,exact_name
20692,Cody Barton,Cody,Barton,1996-11-13,74,237,Utah,28,6,,,77,85,78,83,86,85,92,76,22,6,6,6,15,6,72,50,50,31,29,24,18,45,45,45,45,45,45,61,55,70,82,86,85,57,65,50,TEN,LB,00-0035672,ACT,Cody Barton,exact_name
20665,Connor McGovern,Connor,McGovern,1997-11-03,77,318,Penn State,27,6,,,77,69,87,61,62,91,87,55,30,10,10,10,13,10,35,15,15,12,15,5,5,77,76,78,80,79,81,10,10,20,15,15,40,12,15,10,BUF,OL,00-0035679,ACT,Connor McGovern,exact_name
12595,Dalvin Tomlinson,Dalvin,Tomlinson,1994-02-28,75,335,Alabama,31,8,,,77,70,89,59,66,84,95,49,23,6,6,6,16,6,34,22,24,15,13,5,3,45,44,45,45,46,45,76,65,79,83,80,83,22,29,15,LAC,DL,00-0033546,ACT,Dalvin Tomlinson,exact_name
20655,Darius Slayton,Darius,Slayton,1997-01-12,73,194,Auburn,28,6,,,77,94,57,85,91,79,87,87,24,15,10,6,17,6,80,79,86,79,78,77,81,27,10,10,42,16,12,15,19,28,24,35,30,23,26,10,NYG,WR,00-0035535,ACT,Darius Slayton,exact_name
20532,David Edwards,David,Edwards,1997-03-20,78,308,Wisconsin,28,6,,,77,68,82,62,69,87,92,53,40,40,34,27,27,25,46,30,34,33,26,17,14,79,76,81,80,78,81,31,27,37,30,35,39,12,12,10,NO,OL,00-0035668,ACT,David Edwards,exact_name
22263,Dax Hill,Dax,Hill,2000-09-29,72,195,Michigan,24,3,,,77,93,56,96,94,75,92,92,22,12,10,8,12,6,71,60,66,30,33,30,27,35,35,35,35,35,35,40,53,52,74,75,66,73,70,72,nan,NAN,,,,unmatched
22797,DeMario Douglas,DeMario,Douglas,2000-12-08,68,185,Liberty,24,2,,,77,91,57,88,93,79,89,90,25,24,15,10,15,6,91,79,82,72,78,77,76,30,19,25,52,20,27,10,10,32,32,48,41,32,41,34,NE,WR,00-0038621,ACT,DeMario Douglas,exact_name
15239,Derrick Harmon,Derrick,Harmon,2003-08-03,77,313,Oregon,22,0,,,77,74,93,76,76,79,94,66,27,15,10,7,12,15,27,18,18,20,16,13,10,45,45,45,45,45,45,79,68,80,80,78,74,14,18,16,PIT,DL,00-0040678,ACT,Derrick Harmon,exact_name
22128,Dylan Parham,Dylan,Parham,1999-08-24,75,311,Memphis,26,3,,,77,75,84,59,82,84,92,57,22,6,6,6,5,6,41,38,40,30,35,33,29,75,73,77,82,84,77,29,29,33,37,41,36,15,25,18,NYJ,OL,00-0037255,ACT,Dylan Parham,exact_name
22118,Ed Ingram,Ed,Ingram,1999-02-11,75,307,LSU,26,3,,,77,72,87,55,82,77,91,50,15,6,6,6,15,6,22,14,15,12,15,10,5,73,76,69,83,85,81,20,20,24,21,25,30,10,10,10,HOU,OL,00-0038131,ACT,Ed Ingram,exact_name
13428,Eddy Pineiro,Eddy,Pineiro,1995-09-13,71,190,Florida,29,7,,,77,76,42,60,78,64,85,52,26,32,15,12,16,15,18,15,15,15,15,15,15,17,17,17,16,16,16,10,10,24,17,29,26,11,17,10,SF,K,00-0034173,ACT,Eddy Pineiro,exact_name
17854,Elandon Roberts,Elandon,Roberts,1994-04-22,73,238,Houston,31,9,,,77,85,82,73,83,82,89,70,25,6,6,6,14,6,52,15,35,12,27,15,5,45,47,45,52,53,46,64,57,76,82,84,83,53,65,52,nan,NAN,,,,unmatched
17700,Graham Glasgow,Graham,Glasgow,1992-08-19,78,310,Michigan,33,9,,,77,64,87,63,67,85,88,53,24,6,6,6,15,6,20,14,14,15,13,5,5,77,79,75,82,80,84,12,13,26,19,31,29,12,14,8,nan,NAN,,,,unmatched
28887,Graham Gano,Graham,Gano,1987-04-09,74,202,Florida State,38,16,,,77,75,63,64,77,63,86,55,27,35,30,25,17,20,35,10,12,12,10,10,10,17,17,17,12,12,12,10,10,13,10,15,34,12,12,10,nan,NAN,,,,unmatched
1334,Hogan Hatten,Hogan,Hatten,2000-08-06,73,238,Idaho,25,1,,,77,78,68,79,83,57,92,70,29,6,6,6,10,6,59,46,45,24,39,35,29,47,50,43,45,40,35,58,48,65,43,70,75,48,55,53,DET,LS,00-0039445,ACT,Hogan Hatten,exact_name
22092,Isaiah Likely,Isaiah,Likely,2000-04-18,76,241,Coastal Carolina,25,3,,,77,83,66,81,87,70,90,76,24,21,15,11,13,15,89,79,81,74,74,70,66,53,49,52,64,60,63,20,30,33,36,36,36,25,30,34,NYG,TE,00-0037838,ACT,Isaiah Likely,exact_name
22977,Ivan Pace Jr,Ivan,Pace Jr,2000-12-16,71,231,Cincinnati,24,2,,,77,85,72,78,83,77,92,73,22,6,6,6,7,6,63,47,45,20,10,6,5,35,35,35,40,40,40,61,73,71,81,92,84,62,67,42,MIN,LB,00-0038807,ACT,Ivan Pace Jr.,exact_name
15277,Jahdae Barron,Jahdae,Barron,2001-12-04,71,200,Texas,23,0,,,77,93,54,88,92,78,89,91,24,6,6,6,8,6,75,63,69,34,33,30,31,25,25,35,25,25,35,27,45,50,78,76,59,73,77,73,DEN,DB,00-0040720,ACT,Jahdae Barron,exact_name
20480,Jake Bailey,Jake,Bailey,1997-06-18,74,205,Stanford,28,6,,,77,82,43,66,84,66,83,55,44,26,23,17,14,20,39,15,15,15,15,15,15,9,10,10,7,10,10,10,10,23,26,24,29,10,27,10,ATL,P,00-0035280,ACT,Jake Bailey,exact_name
13478,Jason Sanders,Jason,Sanders,1995-11-16,71,190,New Mexico,29,7,,,77,77,37,58,78,65,83,51,26,32,20,15,16,15,46,15,15,14,22,14,12,17,17,17,17,16,16,10,10,19,17,23,27,11,17,10,NYJ,K,00-0034794,ACT,Jason Sanders,exact_name
12600,Jermaine Eluemunor,Jermaine,Eluemunor,1994-12-13,76,330,Texas AM,30,8,,,77,68,92,57,62,82,88,47,24,6,6,6,10,6,27,20,17,12,17,7,5,82,84,81,77,78,76,10,10,15,10,26,33,12,12,10,NYG,OL,00-0033290,ACT,Jermaine Eluemunor,exact_name
21270,Jordan Fuller,Jordan,Fuller,1998-03-04,74,203,Ohio State,27,5,,,77,89,59,79,85,84,84,81,32,21,15,12,24,12,73,55,62,22,32,22,17,35,33,34,35,33,34,26,34,58,82,79,73,72,74,64,nan,NAN,,,,unmatched
21615,Joshua Palmer,Joshua,Palmer,1999-09-22,73,210,Tennessee,25,4,,,77,88,65,83,90,84,92,83,28,20,15,10,16,6,84,87,85,80,79,79,78,28,24,20,41,32,27,10,10,26,16,31,26,15,19,16,nan,NAN,,,,unmatched
12571,JuJu Smith-Schuster,JuJu,Smith-Schuster,1996-11-22,73,215,USC,28,8,,,77,87,72,85,90,85,86,81,34,24,18,14,21,18,85,85,87,77,77,76,73,46,34,30,51,37,35,15,21,28,15,50,43,37,45,26,NYG,WR,00-0033857,ACT,JuJu Smith-Schuster,exact_name
20490,Justice Hill,Justice,Hill,1997-11-14,70,200,Oklahoma St.,27,6,,,77,90,67,88,90,81,81,85,24,20,17,13,13,10,77,55,53,54,68,60,52,57,32,28,30,14,17,10,10,21,16,28,25,12,15,12,BAL,RB,00-0034975,ACT,Justice Hill,exact_name
20723,Keisean Nixon,Keisean,Nixon,1997-06-22,70,200,South Carolina,28,6,,,77,93,54,80,91,82,86,77,29,6,6,6,10,6,72,55,68,30,30,20,12,35,35,35,35,35,35,36,45,55,81,78,67,74,77,75,GB,DB,00-0035133,ACT,Keisean Nixon,exact_name
21571,Kenneth Gainwell,Kenneth,Gainwell,1999-03-14,69,200,Memphis,26,4,,,77,89,70,86,87,77,90,86,47,41,33,23,32,30,68,56,55,57,65,59,51,56,35,30,32,19,26,10,10,25,15,37,30,12,16,15,TB,RB,00-0036919,ACT,Kenneth Gainwell,exact_name
14646,Keon Coleman,Keon,Coleman,2003-05-17,75,215,Florida State,22,1,,,77,87,72,87,88,83,88,88,65,52,46,40,19,28,86,85,88,79,77,77,75,52,30,30,45,36,30,10,10,40,26,45,40,25,31,28,BUF,WR,00-0039901,ACT,Keon Coleman,exact_name
21259,Kristian Fulton,Kristian,Fulton,1998-09-03,71,197,LSU,26,5,,,77,89,59,86,90,84,87,86,24,6,6,6,10,6,61,49,60,37,32,24,16,35,35,35,25,35,35,31,36,52,83,74,48,78,82,75,KC,DB,00-0036416,ACT,Kristian Fulton,exact_name
21884,Kwity Paye,Kwity,Paye,1998-11-19,74,261,Michigan,26,4,,,77,84,86,88,85,72,88,74,25,6,6,6,10,6,46,22,25,28,29,23,20,45,45,45,45,45,45,75,61,80,72,83,85,25,36,29,LV,DL,00-0036479,ACT,Kwity Paye,exact_name
21161,Kyle Dugger,Kyle,Dugger,1996-03-22,74,220,Lenoir-Rhyne University,29,5,,,77,89,77,86,88,78,87,83,25,10,6,6,15,10,75,56,64,26,40,32,29,35,35,35,35,35,35,48,53,70,75,83,71,69,72,75,CIN,DB,00-0036231,ACT,Kyle Dugger,exact_name
14750,Laiatu Latu,Laiatu,Latu,2000-12-31,77,259,UCLA,24,1,,,77,84,77,81,88,74,85,72,19,5,5,5,16,5,54,38,42,15,15,15,15,45,45,45,45,45,45,76,80,79,69,84,80,47,50,30,IND,DL,00-0039340,ACT,Laiatu Latu,exact_name
22460,Malcolm Rodriguez,Malcolm,Rodriguez,1999-03-29,71,225,Oklahoma St.,26,3,,,77,86,80,79,90,77,92,77,45,47,44,40,39,46,58,34,37,15,20,10,6,45,45,45,45,45,45,48,53,72,78,86,85,53,63,36,DET,LB,00-0037289,ACT,Malcolm Rodriguez,exact_name
17738,Maliek Collins,Maliek,Collins,1995-04-08,74,310,Nebraska,30,9,,,77,70,84,67,71,90,89,60,23,6,6,6,16,6,31,17,19,15,13,5,3,44,44,45,45,46,45,72,83,75,87,79,82,18,26,13,CLE,DL,00-0033131,ACT,Maliek Collins,exact_name
20737,Marcus Epps,Marcus,Epps,1996-01-27,73,191,Wyoming,29,6,,,77,87,63,88,88,79,88,82,27,14,12,10,10,6,67,57,57,28,38,30,26,35,33,34,35,33,34,32,43,61,80,79,72,68,75,66,PHI,DB,00-0034993,ACT,Marcus Epps,exact_name
22767,Marvin Mims Jr,Marvin,Mims Jr,2002-03-19,71,182,Oklahoma,23,2,,,77,92,55,88,94,77,91,88,29,20,15,10,17,10,86,81,85,68,79,79,80,28,10,10,48,16,23,10,10,24,16,28,23,10,14,10,DEN,WR,00-0038976,ACT,Marvin Mims Jr.,exact_name
17728,Matthew Judon,Matthew,Judon,1992-08-15,75,261,Grand Valley St.,33,9,,,77,84,84,77,87,77,89,67,22,6,6,6,13,6,46,17,19,17,13,5,5,45,45,44,45,44,45,74,68,77,75,85,87,49,63,24,nan,NAN,,,,unmatched
20481,Mitch Wishnowsky,Mitch,Wishnowsky,1992-03-03,74,220,Utah,33,6,,,77,84,56,71,86,60,84,54,34,30,30,25,14,20,33,14,18,15,15,15,15,9,10,10,7,10,10,10,10,23,28,46,52,10,27,10,BUF,P,00-0034941,ACT,Mitch Wishnowsky,exact_name
15199,Mykel Williams,Mykel,Williams,2004-06-29,77,267,Georgia,21,0,,,77,81,86,82,89,76,87,71,8,11,18,7,21,25,41,15,15,22,20,15,10,52,53,51,50,52,49,77,71,80,76,83,81,18,26,27,SF,DL,00-0040660,ACT,Mykel Williams,exact_name
22402,Nakobe Dean,Nakobe,Dean,2000-12-13,71,231,Georgia,24,3,,,77,87,66,83,90,76,92,76,25,6,6,6,11,6,66,57,64,15,20,13,8,45,45,45,45,45,45,53,68,70,77,92,87,60,67,39,LV,LB,00-0037615,ACT,Nakobe Dean,exact_name
22982,Nick Herbig,Nick,Herbig,2001-11-21,74,240,Wisconsin,23,2,,,77,84,74,77,90,81,92,76,25,10,8,6,13,7,43,35,41,21,22,16,11,35,35,35,40,40,40,83,76,72,78,82,77,48,62,37,PIT,LB,00-0038577,ACT,Nick Herbig,exact_name
14917,Omar Speights,Omar,Speights,2001-03-02,73,225,LSU,24,1,,,77,84,78,81,91,77,88,78,29,15,10,5,11,15,50,46,41,21,15,5,5,35,21,23,35,21,20,48,50,70,80,84,85,67,71,57,LA,LB,00-0039774,ACT,Omar Speights,exact_name
13083,Orlando Brown Jr,Orlando,Brown Jr,1996-05-02,80,350,Oklahoma,29,7,,,77,59,94,58,57,86,95,41,25,6,6,6,15,6,23,12,12,12,12,12,12,76,79,72,78,81,75,10,10,32,15,18,33,12,15,10,CIN,OL,00-0034752,ACT,Orlando Brown,exact_name
23053,Quan Martin,Quan,Martin,2000-04-17,72,195,Illinois,25,2,,,77,90,61,87,97,76,90,85,25,8,7,6,18,6,75,61,65,18,24,14,12,35,35,35,35,35,35,37,43,53,73,68,70,75,72,68,WAS,DB,00-0039149,ACT,Quan Martin,exact_name
2634,Quandre Diggs,Quandre,Diggs,1993-01-22,69,197,Texas,32,10,,,77,87,70,81,85,80,91,82,48,31,29,28,34,29,81,64,74,35,30,20,13,35,35,35,35,35,35,25,33,53,79,77,69,72,80,78,nan,NAN,,,,unmatched
12930,Rigoberto Sanchez,Rigoberto,Sanchez,1994-09-08,72,195,Hawaii,30,8,,,77,70,51,62,71,65,85,51,39,37,32,26,18,18,38,18,14,12,12,12,12,20,19,17,20,18,18,10,10,28,24,24,29,18,26,13,IND,P,00-0033269,ACT,Rigoberto Sanchez,exact_name
22218,Riley Moss,Riley,Moss,2000-03-03,72,193,Iowa,25,2,,,77,91,53,95,95,75,93,89,31,21,15,12,10,16,74,69,68,25,21,14,11,25,35,35,35,35,35,24,34,46,71,73,66,68,77,70,DEN,DB,00-0038552,ACT,Riley Moss,exact_name
15037,RJ Harvey,RJ,Harvey,2001-02-04,68,205,UCF,24,0,,,77,92,73,85,94,72,85,82,68,54,50,48,43,45,68,62,59,57,60,53,50,44,39,38,37,28,25,27,29,35,36,42,39,26,28,25,DEN,RB,00-0040730,ACT,RJ Harvey,exact_name
12627,Samaje Perine,Samaje,Perine,1995-09-16,71,240,Oklahoma,29,9,,,77,86,84,80,91,78,89,77,31,28,23,19,17,15,73,48,45,41,64,55,45,60,37,32,54,44,37,10,10,37,21,45,40,15,13,10,CIN,RB,00-0033526,ACT,Samaje Perine,exact_name
2099,Shelby Harris,Shelby,Harris,1991-08-11,74,290,Illinois St.,34,11,,,77,75,85,66,76,78,90,57,24,6,6,6,12,6,42,10,12,12,10,3,2,45,45,45,45,45,45,63,75,79,80,80,87,20,25,10,NYG,DL,00-0031270,ACT,Shelby Harris,exact_name
15201,Shemar Stewart,Shemar,Stewart,2003-11-12,77,267,Texas AM,21,0,,,77,86,87,86,91,77,88,74,19,7,6,5,13,6,40,21,21,15,15,8,7,45,45,45,45,45,45,78,75,80,76,81,72,17,24,29,CIN,DL,00-0040756,ACT,Shemar Stewart,exact_name
22179,Travis Jones,Travis,Jones,1999-10-15,76,334,Connecticut,25,3,,,77,75,95,71,72,75,90,59,20,6,6,6,10,6,26,13,14,14,10,6,5,45,45,45,45,45,45,74,61,79,74,77,83,15,19,16,BAL,DL,00-0037756,ACT,Travis Jones,exact_name
21553,Trevor Lawrence,Trevor,Lawrence,1999-10-06,78,220,Clemson,25,4,,,77,88,69,88,88,73,88,83,92,88,82,80,81,84,50,25,28,20,29,18,13,16,14,18,21,18,16,10,10,24,18,31,27,13,18,10,JAX,QB,00-0036971,ACT,Trevor Lawrence,exact_name
15287,Trey Amos,Trey,Amos,2002-03-03,73,195,Ole Miss,23,0,,,77,91,64,83,92,78,89,82,49,49,45,42,42,42,72,60,67,36,37,34,32,35,25,35,35,25,35,30,27,51,77,75,65,77,79,78,WAS,DB,00-0040731,ACT,Trey Amos,exact_name
14622,Trey Benson,Trey,Benson,2002-07-23,73,220,Florida State,23,1,,,77,93,77,85,94,67,86,86,29,25,20,15,20,20,70,52,53,56,65,59,55,55,33,30,43,27,30,26,31,42,37,47,49,27,34,29,ARI,RB,00-0039921,ACT,Trey Benson,exact_name
14700,Troy Fautanu,Troy,Fautanu,2000-10-11,76,317,Washington,24,1,,,77,72,87,70,79,78,93,57,13,8,6,5,7,8,35,33,33,25,25,22,21,80,80,79,79,81,80,44,33,47,23,27,39,9,11,13,PIT,OL,00-0039871,ACT,Troy Fautanu,exact_name
22922,Tuli Tuipulotu,Tuli,Tuipulotu,2002-09-03,75,266,USC,22,2,,,77,77,88,71,83,84,92,65,20,9,7,6,17,9,35,27,32,15,15,8,6,40,40,40,45,45,45,72,79,79,81,85,77,43,55,38,LAC,LB,00-0039111,ACT,Tuli Tuipulotu,exact_name
15204,Tyleik Williams,Tyleik,Williams,2003-02-25,75,329,Ohio State,22,0,,,77,75,91,68,78,75,86,60,18,15,10,7,13,14,28,20,20,18,18,14,10,45,45,45,45,45,45,72,69,84,74,77,79,13,19,18,DET,DL,00-0040672,ACT,Tyleik Williams,exact_name
15162,Tyler Booker,Tyler,Booker,2004-04-12,77,321,Alabama,21,0,,,77,60,94,53,59,74,89,53,21,6,6,6,13,6,23,21,21,15,10,5,5,75,77,73,81,82,79,48,46,43,21,41,54,11,13,10,DAL,OL,00-0040007,ACT,Tyler Booker,exact_name
15363,Tyler Loop,Tyler,Loop,2001-08-04,71,191,Arizona,24,0,,,77,74,40,67,75,62,87,53,25,30,28,20,15,16,30,13,13,12,14,12,10,12,11,13,10,10,10,10,10,10,14,24,20,10,11,10,BAL,K,00-0040074,ACT,Tyler Loop,exact_name
2448,Tyler Lockett,Tyler,Lockett,1992-09-28,70,182,Kansas State,32,10,,,77,88,50,91,88,76,96,89,30,15,10,6,23,6,92,85,89,76,78,77,76,30,17,15,51,34,29,10,10,25,15,30,25,10,25,10,nan,NAN,,,,unmatched
21538,Walker Little,Walker,Little,1999-04-01,79,325,Stanford,26,4,,,77,62,86,69,67,85,81,57,22,6,6,6,15,6,26,15,15,16,14,5,5,81,78,82,78,76,80,32,24,31,24,21,35,11,14,10,JAX,OL,00-0036975,ACT,Walker Little,exact_name
15235,Walter Nolen,Walter,Nolen,2003-10-14,76,300,Ole Miss,21,0,,,77,81,87,81,88,75,90,71,22,15,10,7,13,14,41,31,33,14,20,16,12,45,45,45,45,45,45,76,66,79,73,79,83,18,22,21,ARI,DL,00-0040706,ACT,Walter Nolen,exact_name
22919,Will McDonald IV,Will,McDonald IV,1999-06-04,75,241,Iowa State,26,2,,,77,82,69,88,87,76,91,80,44,30,25,22,11,15,48,45,46,35,35,30,28,45,45,45,45,45,45,73,82,72,71,82,77,38,50,52,NYJ,DL,00-0039142,ACT,Will McDonald IV,exact_name
20917,A.J. Dillon,A.J.,Dillon,1998-05-02,72,247,Boston College,27,5,,,76,88,85,79,86,73,92,79,31,20,15,10,15,15,68,44,52,41,51,44,34,61,42,37,56,48,40,15,10,31,15,33,29,10,17,15,nan,NAN,,,,unmatched
13845,Andrew Wylie,Andrew,Wylie,1994-08-19,78,309,Eastern Michigan,31,8,,,76,68,85,66,71,75,91,53,25,5,5,5,10,5,35,30,30,20,25,15,7,77,81,73,80,82,78,40,30,32,18,33,35,11,11,10,WAS,OL,00-0033831,ACT,Andrew Wylie,exact_name
13160,B.J. Hill,B.J.,Hill,1996-04-20,75,311,N.C. State,29,7,,,76,73,88,71,76,72,94,60,19,6,6,6,15,6,43,20,15,15,15,7,3,45,45,45,45,45,45,76,64,77,73,81,88,22,28,12,CIN,DL,00-0034800,ACT,B.J. Hill,exact_name
21532,Brady Christensen,Brady,Christensen,1996-09-27,78,300,BYU,28,4,,,76,74,88,70,78,73,91,55,21,6,6,6,16,6,26,24,28,22,14,12,11,80,83,77,76,79,73,10,10,17,15,18,25,12,15,10,nan,NAN,,,,unmatched
2278,Brandon McManus,Brandon,McManus,1991-07-25,75,201,Temple,34,12,,,76,76,56,70,76,64,95,57,38,33,15,15,16,15,35,15,15,15,15,15,15,17,17,17,15,16,16,10,10,29,24,35,24,11,20,10,nan,NAN,,,,unmatched
21239,Bryce Huff,Bryce,Huff,1998-04-17,75,255,Memphis,27,5,,,76,83,72,79,87,74,86,71,28,6,6,6,12,6,36,25,29,17,15,8,4,45,45,45,45,45,45,71,82,67,68,80,82,38,48,33,nan,NAN,,,,unmatched
20621,C.J. Gardner-Johnson,C.J.,Gardner-Johnson,1997-12-20,71,208,Florida,27,6,,,76,90,68,84,90,75,85,85,25,15,10,10,20,15,84,61,66,26,28,21,15,35,35,35,35,35,35,31,48,53,71,77,65,76,79,77,BUF,DB,00-0035253,ACT,C.J. Gardner-Johnson,exact_name
14500,Caleb Williams,Caleb,Williams,2001-11-18,73,214,USC,23,1,,,76,89,65,85,91,66,94,82,93,86,78,83,79,81,41,15,15,15,15,15,15,12,25,19,17,24,15,10,10,23,27,31,23,13,18,10,CHI,QB,00-0039918,ACT,Caleb Williams,exact_name
22924,Calijah Kancey,Calijah,Kancey,2001-03-01,72,280,Pittsburgh,24,2,,,76,83,84,82,91,74,87,69,25,6,6,6,10,6,52,43,42,21,35,28,24,35,35,35,40,40,40,70,77,79,72,80,82,19,29,10,TB,DL,00-0039063,ACT,Calijah Kancey,exact_name
22086,Calvin Austin,Calvin,Austin,1999-03-24,69,162,Memphis,26,3,,,76,95,53,91,96,75,89,92,35,35,28,19,28,25,84,78,78,66,74,75,76,26,19,15,48,15,22,10,10,30,30,41,32,22,33,21,NYG,WR,00-0037837,ACT,Calvin Austin III,exact_name
14909,Cedric Gray,Cedric,Gray,2002-10-30,74,234,North Carolina,22,1,,,76,84,69,77,91,75,95,74,14,17,19,14,15,16,70,62,65,18,21,21,15,25,24,23,28,23,27,59,67,70,74,86,87,68,73,66,TEN,LB,00-0039858,ACT,Cedric Gray,exact_name
20972,Cesar Ruiz,Cesar,Ruiz,1999-06-14,76,316,Michigan,26,5,,,76,76,87,55,75,84,91,57,25,6,6,6,11,6,22,15,15,15,15,5,5,76,78,73,76,79,73,10,10,17,10,23,27,12,12,10,NO,OL,00-0036408,ACT,Cesar Ruiz,exact_name
23060,Chamarri Conner,Chamarri,Conner,2000-07-11,72,206,Virginia Tech,25,2,,,76,89,66,86,92,76,94,81,25,15,10,10,10,15,69,58,59,41,43,42,39,35,35,35,35,35,35,35,45,58,75,77,68,74,71,75,KC,DB,00-0038982,ACT,Chamarri Conner,exact_name
21141,D.J. Wonnum,D.J.,Wonnum,1997-10-31,77,258,South Carolina,27,5,,,76,82,82,76,81,80,91,67,18,6,6,6,13,6,48,22,31,16,13,6,3,45,45,45,45,45,45,77,69,77,78,81,84,45,53,31,DET,LB,00-0036335,ACT,D.J. Wonnum,exact_name
2528,Dante Fowler Jr,Dante,Fowler Jr,1994-08-03,75,261,Florida,31,10,,,76,82,73,80,85,82,83,66,25,6,6,6,16,6,51,45,44,28,15,8,4,45,45,45,45,45,45,69,79,70,78,84,78,41,45,42,SEA,DL,00-0032052,ACT,Dante Fowler Jr.,exact_name
22824,Darnell Washington,Darnell,Washington,2001-08-17,79,264,Georgia,24,2,,,76,84,81,86,86,69,91,79,32,15,10,6,15,6,78,78,80,62,63,56,52,64,63,61,75,71,74,30,34,51,15,51,55,18,23,26,PIT,TE,00-0038558,ACT,Darnell Washington,exact_name
23001,Dee Winters,Dee,Winters,2000-10-17,71,227,TCU,24,2,,,76,89,66,81,93,76,85,71,30,15,10,10,10,15,65,63,62,40,52,48,45,35,35,35,35,35,35,42,56,64,75,83,84,73,72,54,DAL,LB,00-0038625,ACT,Dee Winters,exact_name
22997,DeMarvion Overshown,DeMarvion,Overshown,2000-08-13,74,220,Texas,25,2,,,76,88,64,78,92,82,86,72,22,6,6,6,15,6,66,63,66,34,38,33,27,35,35,35,40,40,40,52,67,71,79,89,81,68,66,65,DAL,LB,00-0038556,ACT,DeMarvion Overshown,exact_name
2560,Denzel Perryman,Denzel,Perryman,1992-12-05,71,240,Miami,32,10,,,76,82,84,76,82,81,85,68,25,6,6,6,17,6,60,15,30,12,15,5,5,45,45,45,45,45,45,58,51,75,82,86,83,60,56,48,LAC,LB,00-0032103,ACT,Denzel Perryman,exact_name
22974,Derick Hall,Derick,Hall,2001-03-19,75,252,Auburn,24,2,,,76,87,76,76,92,76,92,78,30,26,21,15,12,14,52,45,47,44,42,37,35,40,40,40,45,45,45,79,69,73,72,82,80,47,55,42,SEA,LB,00-0039047,ACT,Derick Hall,exact_name
20553,Dre'Mont Jones,Dre'Mont,Jones,1997-01-05,75,281,Ohio State,28,6,,,76,74,82,73,77,81,89,60,24,6,6,6,12,6,51,39,37,26,24,21,17,45,45,45,45,45,45,67,77,77,80,83,89,34,48,25,NE,LB,00-0035678,ACT,Dre'Mont Jones,exact_name
21599,Elijah Moore,Elijah,Moore,2000-03-27,70,178,Ole Miss,25,4,,,76,92,59,92,91,69,86,93,36,15,10,10,20,18,84,84,83,66,74,74,74,27,18,14,44,27,32,10,10,25,16,31,24,12,17,18,PHI,WR,00-0036980,ACT,Elijah Moore,exact_name
21705,Eric Stokes,Eric,Stokes,1999-03-01,72,194,Georgia,26,4,,,76,95,58,84,93,72,85,83,29,18,12,10,12,9,68,58,62,36,38,36,34,25,35,35,35,35,35,27,32,44,71,68,53,74,73,80,LV,DB,00-0036901,ACT,Eric Stokes,exact_name
23274,Ethan Evans,Ethan,Evans,2001-07-19,76,235,Wingate,24,2,,,76,68,55,57,71,59,91,51,39,30,28,25,17,20,29,10,12,12,10,10,10,14,14,14,15,15,15,11,11,14,19,30,24,10,10,10,LA,P,00-0039059,ACT,Ethan Evans,exact_name
13670,Evan Brown,Evan,Brown,1996-09-16,75,320,SMU,28,7,,,76,69,90,54,65,83,89,52,24,5,5,5,14,5,25,14,14,15,13,5,5,77,75,79,75,70,80,12,13,26,19,31,35,12,14,8,HOU,OL,00-0034495,ACT,Evan Brown,exact_name
4601,Grey Zabel,Grey,Zabel,2002-03-30,78,312,North Dakota St.,23,0,,,76,74,88,62,79,79,91,61,17,6,6,6,14,6,24,10,15,14,12,5,5,77,74,79,77,75,78,19,17,25,20,27,30,10,10,10,SEA,OL,00-0040639,ACT,Grey Zabel,exact_name
12560,Haason Reddick,Haason,Reddick,1994-09-22,73,240,Temple,30,8,,,76,85,81,87,87,67,96,74,25,6,6,6,12,6,70,60,59,46,52,44,35,45,44,43,45,44,44,73,78,77,64,83,82,58,62,45,nan,NAN,,,,unmatched
21787,Jack Jones,Jack,Jones,1997-12-20,71,175,Arizona St.,27,3,,,76,94,53,88,93,75,86,90,26,15,10,10,10,15,77,57,71,26,35,31,29,25,25,25,25,25,25,23,28,49,77,73,60,72,77,65,SF,DB,00-0038039,ACT,Jack Jones,exact_name
13463,Jacob Martin,Jacob,Martin,1995-12-11,74,242,Temple,29,7,,,76,86,77,80,85,78,89,71,23,6,6,6,10,6,48,30,28,25,15,5,5,45,45,45,45,45,45,66,79,75,75,79,78,38,43,31,TEN,DL,00-0034163,ACT,Jacob Martin,exact_name
1238,Jake Bates,Jake,Bates,1999-03-03,70,202,Arkansas,26,2,,,76,72,35,61,74,59,89,51,32,28,22,13,15,20,31,10,12,12,10,10,10,20,15,15,20,15,15,10,10,10,15,25,26,10,10,10,DET,K,00-0039172,ACT,Jake Bates,exact_name
22088,Jalen Tolbert,Jalen,Tolbert,1999-02-27,73,195,South Alabama,26,3,,,76,91,61,86,94,79,92,86,27,25,20,15,20,20,84,81,83,74,75,77,79,28,23,26,45,22,28,10,10,23,15,28,23,13,16,12,MIA,WR,00-0037666,ACT,Jalen Tolbert,exact_name
21924,Jamien Sherwood,Jamien,Sherwood,2000-01-12,74,216,Auburn,25,4,,,76,86,67,78,87,79,85,75,43,37,33,29,29,28,63,57,60,34,35,31,29,35,35,35,35,35,35,53,52,69,78,87,86,71,69,74,NYJ,LB,00-0036500,ACT,Jamien Sherwood,exact_name
14984,Jarvis Brownlee Jr,Jarvis,Brownlee Jr,2001-07-13,70,194,Louisville,24,1,,,76,92,63,85,91,77,93,86,31,29,24,19,12,14,73,61,64,35,39,34,30,30,24,22,35,29,26,32,40,51,76,74,68,71,78,69,NYJ,DB,00-0039372,ACT,Jarvis Brownlee Jr.,exact_name
14697,JC Latham,JC,Latham,2003-02-08,78,335,Alabama,22,1,,,76,63,94,60,64,72,96,50,21,11,9,6,5,7,24,19,27,19,15,14,10,76,80,74,80,80,81,47,32,49,26,31,40,9,10,10,TEN,OL,00-0039731,ACT,JC Latham,exact_name
22324,Jerome Ford,Jerome,Ford,1999-09-12,70,210,Cincinnati,25,3,,,76,91,73,84,92,74,88,86,25,30,25,15,11,10,68,55,54,54,59,53,46,57,40,35,41,28,35,32,23,36,25,43,39,16,24,16,WAS,RB,00-0037267,ACT,Jerome Ford,exact_name
20835,Joey Slye,Joey,Slye,1996-04-10,71,213,Virginia Tech,29,6,,,76,71,66,62,73,58,87,49,29,31,30,24,16,10,35,10,12,12,10,10,10,16,10,10,19,10,10,10,10,24,10,29,31,12,12,10,TEN,K,00-0035192,ACT,Joey Slye,exact_name
11695,Johnny Hekker,Johnny,Hekker,1990-02-08,77,225,Oregon State,35,13,,,76,74,55,61,68,63,94,51,67,63,53,43,38,29,39,18,43,15,15,15,15,25,15,13,29,16,16,10,10,17,20,35,25,15,15,10,MIN,P,00-0028872,ACT,Johnny Hekker,exact_name
21113,Jonah Jackson,Jonah,Jackson,1997-02-05,75,319,Ohio State,28,5,,,76,68,86,57,65,90,93,46,11,6,6,6,10,6,29,15,15,15,15,5,5,75,77,72,79,77,81,35,22,29,31,30,37,12,13,10,CHI,OL,00-0036258,ACT,Jonah Jackson,exact_name
14621,Jonathon Brooks,Jonathon,Brooks,2003-07-21,72,216,Texas,22,1,,,76,90,70,90,91,68,82,88,23,20,15,10,18,15,65,50,50,56,65,58,51,54,43,39,32,21,26,10,10,35,30,41,38,23,30,25,CAR,RB,00-0039344,ACT,Jonathon Brooks,exact_name
20456,Juan Thornhill,Juan,Thornhill,1995-10-19,72,205,Virginia,29,6,,,76,90,66,83,89,82,94,83,52,44,40,30,27,18,76,59,66,15,20,10,10,35,35,35,35,35,35,38,49,55,80,75,72,65,71,71,nan,NAN,,,,unmatched
22638,Kader Kohou,Kader,Kohou,1998-11-28,70,195,Texas AM-Commerce,26,3,,,76,93,63,80,93,76,88,83,25,6,6,6,9,6,70,47,54,14,10,9,8,35,35,35,35,35,35,22,24,44,75,74,52,76,70,80,KC,DB,00-0037353,ACT,Kader Kohou,exact_name
22599,KaVontae Turpin,KaVontae,Turpin,1996-08-02,69,160,TCU,29,4,,,76,97,48,92,94,78,86,89,41,35,28,24,33,23,80,75,77,75,68,69,70,22,10,11,33,15,22,9,10,11,17,24,12,25,24,10,DAL,WR,00-0037801,ACT,KaVontae Turpin,exact_name
15161,Kelvin Banks Jr,Kelvin,Banks Jr,2004-03-10,77,315,Texas,21,0,,,76,67,86,58,72,76,89,59,14,20,18,17,12,15,25,13,12,18,14,5,5,81,80,82,79,79,81,33,10,23,34,24,30,13,14,11,NO,OL,00-0040125,ACT,Kelvin Banks Jr.,exact_name
22742,Kendre Miller,Kendre,Miller,2002-06-11,72,220,TCU,23,2,,,76,90,75,84,90,79,89,83,36,34,26,21,20,18,64,47,48,43,53,44,38,47,27,34,36,24,31,40,34,55,49,58,57,33,38,48,NO,RB,00-0038551,ACT,Kendre Miller,exact_name
15238,Kenneth Grant,Kenneth,Grant,2003-10-27,76,330,Michigan,21,0,,,76,68,92,66,78,77,91,60,18,15,10,8,17,15,45,37,38,17,18,12,10,45,45,45,45,45,45,74,68,77,76,79,83,15,21,18,MIA,DL,00-0040127,ACT,Kenneth Grant,exact_name
2507,Laken Tomlinson,Laken,Tomlinson,1992-02-09,75,323,Duke,33,10,,,76,70,86,57,68,94,95,48,20,6,6,6,14,6,20,10,12,12,10,5,5,76,78,74,77,75,78,10,10,20,20,35,35,12,15,10,nan,NAN,,,,unmatched
22435,Luke Wattenberg,Luke,Wattenberg,1997-09-10,77,300,Washington,27,3,,,76,66,79,69,78,78,91,62,17,6,6,6,10,6,26,15,15,10,15,5,5,82,78,85,72,69,74,23,24,31,25,27,32,7,8,10,DEN,OL,00-0037278,ACT,Luke Wattenberg,exact_name
22191,Micah McFadden,Micah,McFadden,2000-01-03,74,232,Indiana,25,3,,,76,85,72,83,91,77,89,75,22,6,6,6,12,6,63,37,39,12,23,14,8,45,45,45,45,45,45,64,59,74,79,86,80,64,67,41,NYG,LB,00-0037259,ACT,Micah McFadden,exact_name
21697,Michael Carter II,Michael,Carter II,1999-03-08,70,184,Duke,26,4,,,76,92,55,86,93,77,89,82,27,6,6,6,10,6,68,44,66,27,22,16,11,35,35,35,35,35,35,30,36,47,79,71,56,77,75,72,PHI,DB,00-0036501,ACT,Michael Carter II,exact_name_birthdate
15200,Mike Green,Mike,Green,2003-07-28,75,251,Marshall,22,0,,,76,88,79,88,92,68,87,77,16,6,8,6,10,6,37,23,25,12,15,8,7,45,45,45,45,45,45,68,78,72,66,79,79,28,39,25,BAL,LB,00-0040722,ACT,Mike Green,exact_name
15359,Nick Emmanwori,Nick,Emmanwori,2004-02-07,75,220,South Carolina,21,0,,,76,93,70,83,93,76,91,81,25,6,6,6,12,6,74,60,65,37,39,34,30,35,35,35,35,35,35,38,38,57,71,79,72,68,73,74,SEA,DB,00-0040733,ACT,Nick Emmanwori,exact_name
12645,Noah Brown,Noah,Brown,1996-01-06,74,215,Ohio State,29,8,,,76,89,74,82,87,82,86,78,33,27,23,19,19,17,86,84,86,81,80,80,74,52,30,30,62,36,30,10,10,45,22,49,45,16,24,10,nan,NAN,,,,unmatched
21508,Osa Odighizuwa,Osa,Odighizuwa,1998-08-13,74,280,UCLA,27,4,,,76,77,85,68,82,79,92,61,12,6,6,6,13,6,26,14,20,13,10,6,3,45,45,45,45,45,45,79,72,76,77,82,86,19,26,17,SF,DL,00-0036942,ACT,Osa Odighizuwa,exact_name
14702,Patrick Paul,Patrick,Paul,2001-11-01,80,331,Houston,23,1,,,76,68,90,63,73,81,93,57,32,14,11,11,5,5,33,31,38,25,23,21,11,81,83,79,76,74,76,33,35,41,20,32,44,14,11,11,MIA,OL,00-0039899,ACT,Patrick Paul,exact_name
2534,Preston Smith,Preston,Smith,1992-11-17,77,265,Mississippi St.,32,10,,,76,80,82,78,84,74,97,66,20,6,6,6,17,6,59,42,49,35,21,11,6,45,45,45,45,45,45,76,65,84,72,85,83,52,59,43,nan,NAN,,,,unmatched
2832,Raheem Mostert,Raheem,Mostert,1992-04-09,70,205,Purdue,33,10,,,76,91,67,85,92,75,79,84,30,35,30,20,11,15,70,53,52,57,64,58,51,61,25,20,47,32,30,10,10,27,20,51,41,15,20,20,nan,NAN,,,,unmatched
12690,Rayshawn Jenkins,Rayshawn,Jenkins,1994-01-25,73,200,Miami,31,8,,,76,88,72,80,87,77,87,81,30,18,15,10,12,15,78,64,66,22,28,18,13,35,35,35,35,35,35,49,37,67,74,82,76,67,74,62,nan,NAN,,,,unmatched
14985,Renardo Green,Renardo,Green,2000-11-09,72,186,Florida State,24,1,,,76,90,59,88,92,73,92,85,25,25,22,21,21,18,59,50,60,33,34,30,21,30,20,21,35,21,24,32,37,42,73,74,64,78,75,82,SF,DB,00-0039345,ACT,Renardo Green,exact_name
17818,Riley Dixon,Riley,Dixon,1993-08-24,76,221,Syracuse,32,9,,,76,77,56,68,82,64,88,51,43,37,33,22,13,22,38,15,20,15,10,10,10,10,10,10,20,16,16,10,10,24,25,62,34,13,22,10,TB,P,00-0032943,ACT,Riley Dixon,exact_name
21600,Rondale Moore,Rondale,Moore,2000-06-09,67,180,Purdue,25,4,,,76,93,66,92,91,66,82,90,41,42,36,35,31,29,82,77,79,65,77,74,75,32,23,20,49,24,28,10,10,29,16,35,25,10,16,15,nan,NAN,,,,unmatched
15369,Ryan Fitzgerald,Ryan,Fitzgerald,2000-08-13,71,194,Florida State,25,0,,,76,72,53,58,71,61,86,50,23,29,28,26,16,18,29,10,14,12,10,10,10,12,11,13,15,20,11,10,10,12,13,26,24,12,14,10,CAR,K,00-0040279,ACT,Ryan Fitzgerald,exact_name
12834,Samson Ebukam,Samson,Ebukam,1995-05-09,75,240,Eastern Wash.,30,8,,,76,84,83,79,88,70,95,67,25,6,6,6,15,6,52,42,43,17,23,13,7,45,45,45,45,45,45,67,78,80,67,82,82,48,61,36,ATL,DL,00-0033945,ACT,Samson Ebukam,exact_name
17550,Sheldon Rankins,Sheldon,Rankins,1994-04-02,74,305,Louisville,31,9,,,76,72,87,71,72,86,89,58,23,6,6,6,13,6,43,28,26,15,13,5,3,44,44,45,45,46,45,78,71,78,85,76,81,28,39,13,HOU,DL,00-0032759,ACT,Sheldon Rankins,exact_name
22859,Steve Avila,Steve,Avila,1999-10-16,75,330,TCU,25,2,,,76,65,88,56,71,82,91,56,17,5,5,5,10,5,23,20,21,15,20,10,6,75,79,70,77,80,75,10,10,16,18,18,30,9,10,10,LA,OL,00-0039058,ACT,Steve Avila,exact_name
14741,Tanor Bortolini,Tanor,Bortolini,2002-06-18,76,303,Wisconsin,23,1,,,76,74,82,78,82,81,91,70,21,7,6,5,8,5,25,10,12,13,10,7,6,76,74,77,82,81,84,22,20,25,21,33,37,12,12,9,IND,OL,00-0039744,ACT,Tanor Bortolini,exact_name
12922,Taysom Hill,Taysom,Hill,1990-08-23,74,221,BYU,35,8,,,76,89,82,82,88,78,85,82,84,81,74,74,75,79,81,77,78,66,67,63,58,57,55,52,62,60,56,44,53,54,41,68,57,53,59,45,nan,NAN,,,,unmatched
21435,Teair Tart,Teair,Tart,1997-02-28,74,315,FIU,28,5,,,76,71,88,64,77,80,86,51,29,6,6,6,16,6,34,15,17,12,12,7,5,45,45,45,45,45,45,77,71,78,81,77,82,12,23,10,LAC,DL,00-0036181,ACT,Teair Tart,exact_name
17860,Ted Karras,Ted,Karras,1993-03-15,76,310,Illinois,32,9,,,76,69,86,52,61,79,92,42,29,6,6,6,10,6,26,24,23,18,22,12,6,82,82,83,70,70,71,31,27,29,10,37,30,12,12,10,CIN,OL,00-0032445,ACT,Ted Karras,exact_name
14684,Theo Johnson,Theo,Johnson,2001-02-26,78,264,Penn State,24,1,,,76,87,75,79,90,80,90,76,29,27,15,10,13,6,80,81,78,70,69,65,61,60,59,58,62,59,60,20,20,27,15,31,31,12,14,10,NYG,TE,00-0039847,ACT,Theo Johnson,exact_name
20305,Thomas Morstead,Thomas,Morstead,1986-03-07,76,225,SMU,39,16,,,76,71,68,59,61,65,93,49,50,46,48,39,17,20,30,10,12,12,10,10,10,19,15,13,22,15,15,11,11,14,19,30,14,12,15,10,nan,NAN,,,,unmatched
12903,Tim Patrick,Tim,Patrick,1993-11-23,76,212,Utah,31,8,,,76,88,69,82,90,76,84,83,36,20,15,15,19,6,92,84,85,82,77,77,76,43,20,17,55,34,30,10,10,28,22,31,35,20,26,17,NYJ,WR,00-0033375,ACT,Tim Patrick,exact_name
22642,Tony Adams,Tony,Adams,1999-01-24,72,205,Illinois,26,3,,,76,90,62,84,94,77,86,86,25,15,10,10,10,15,68,52,54,41,43,42,39,35,35,35,35,35,35,25,33,48,75,73,63,77,75,67,TEN,DB,00-0037155,ACT,Tony Adams,exact_name
14810,TreVeyon Henderson,TreVeyon,Henderson,2002-10-22,70,202,Ohio State,22,0,,,76,91,71,86,90,68,82,83,18,24,15,10,32,25,67,50,47,51,66,61,56,56,38,42,42,31,28,25,28,32,46,39,33,28,24,29,NE,RB,00-0040734,ACT,TreVeyon Henderson,exact_name
14647,Troy Franklin,Troy,Franklin,2003-02-06,75,180,Oregon,22,1,,,76,92,58,86,91,79,90,87,23,15,10,6,19,6,85,80,79,74,77,76,79,29,20,20,40,21,30,10,10,33,27,42,35,25,32,10,DEN,WR,00-0039868,ACT,Troy Franklin,exact_name
22371,Tyquan Thornton,Tyquan,Thornton,2000-08-07,74,182,Baylor,25,3,,,76,92,55,82,91,80,85,84,44,38,31,22,27,26,86,82,83,73,76,78,79,25,25,23,46,19,28,10,10,21,17,30,19,12,18,18,KC,WR,00-0038104,ACT,Tyquan Thornton,exact_name
13145,Uchenna Nwosu,Uchenna,Nwosu,1996-12-28,74,251,USC,28,7,,,76,82,73,81,86,81,92,73,18,6,6,6,13,6,63,46,43,35,15,5,5,45,45,45,45,45,45,71,77,79,79,83,79,47,60,37,SEA,LB,00-0034350,ACT,Uchenna Nwosu,exact_name
21495,Zaven Collins,Zaven,Collins,1999-05-19,76,270,Tulsa,26,4,,,76,85,76,82,86,74,92,74,40,40,34,31,37,26,73,64,63,12,20,10,5,45,45,45,45,45,45,75,66,79,72,87,87,65,72,46,ARI,LB,00-0036933,ACT,Zaven Collins,exact_name
17562,A'Shawn Robinson,A'Shawn,Robinson,1995-03-21,75,320,Alabama,30,9,,,75,65,85,57,68,79,89,52,23,6,6,6,17,6,42,34,37,15,13,5,3,44,44,45,45,46,45,75,61,77,82,79,87,18,26,13,TB,DL,00-0032889,ACT,A'Shawn Robinson,exact_name
20984,A.J. Epenesa,A.J.,Epenesa,1998-09-15,78,260,Iowa,26,5,,,75,79,85,76,76,82,90,66,24,6,6,6,14,6,53,31,37,27,26,22,15,45,45,45,45,45,45,76,68,77,81,82,82,20,28,19,nan,NAN,,,,unmatched
12563,Adoree' Jackson,Adoree',Jackson,1995-09-18,71,185,USC,29,8,,,75,92,54,94,93,77,87,90,10,6,6,6,12,6,73,70,74,59,62,54,49,35,35,35,35,35,35,26,34,45,73,67,46,73,77,70,nan,NAN,,,,unmatched
20641,Alexander Mattison,Alexander,Mattison,1998-06-19,71,215,Boise State,27,6,,,75,86,74,80,90,78,90,81,25,21,15,12,12,13,68,53,51,54,63,54,43,57,37,31,36,30,25,10,10,28,17,35,35,16,21,17,nan,NAN,,,,unmatched
22209,Alontae Taylor,Alontae,Taylor,1998-12-03,73,199,Tennessee,26,3,,,75,95,60,81,94,74,91,83,44,42,35,30,32,38,72,59,64,42,43,40,36,35,35,35,35,35,35,36,45,43,72,70,56,71,74,73,TEN,DB,00-0038121,ACT,Alontae Taylor,exact_name
20631,Andrew Wingard,Andrew,Wingard,1996-12-05,72,200,Wyoming,28,6,,,75,86,55,86,90,79,89,83,35,15,10,10,12,15,71,43,61,15,35,25,10,40,35,35,35,45,40,57,45,53,77,79,66,64,75,63,ARI,DB,00-0035378,ACT,Andrew Wingard,exact_name
22850,Anton Harrison,Anton,Harrison,2002-02-02,77,315,Oklahoma,23,2,,,75,73,82,62,79,83,91,53,21,6,6,6,13,6,32,26,22,18,21,13,7,81,79,82,76,73,78,33,26,38,26,33,29,14,11,12,JAX,OL,00-0038934,ACT,Anton Harrison,exact_name
13120,Arden Key,Arden,Key,1996-05-03,77,240,LSU,29,7,,,75,81,79,77,78,81,87,64,10,6,6,6,14,6,35,19,16,12,10,8,4,45,45,45,45,45,45,69,77,79,80,82,80,34,46,21,IND,DL,00-0034825,ACT,Arden Key,exact_name
13177,Austin Corbett,Austin,Corbett,1995-09-05,76,305,Nevada,29,7,,,75,69,85,57,70,82,85,51,23,6,6,6,10,6,18,15,12,12,10,5,5,80,78,81,78,76,80,20,10,15,16,23,29,12,12,10,BUF,OL,00-0034261,ACT,Austin Corbett,exact_name
13332,Avonte Maddox,Avonte,Maddox,1996-03-31,69,184,Pittsburgh,29,7,,,75,89,55,91,92,76,81,93,27,6,6,6,10,6,71,65,67,27,37,27,24,35,40,35,40,35,35,25,39,44,76,70,56,73,75,74,DET,DB,00-0034377,ACT,Avonte Maddox,exact_name
20400,Ben Powers,Ben,Powers,1996-10-29,76,310,Oklahoma,28,6,,,75,70,82,61,69,88,89,47,25,6,6,6,11,6,37,15,15,15,15,5,5,78,76,80,79,81,77,10,10,33,10,35,38,12,12,10,DEN,OL,00-0034978,ACT,Ben Powers,exact_name
15290,Benjamin Morrison,Benjamin,Morrison,2004-03-11,72,193,Notre Dame,21,0,,,75,92,57,91,94,68,82,89,15,9,7,8,10,6,77,69,75,23,24,21,19,35,25,35,35,25,35,25,33,42,66,68,49,77,72,77,TB,DB,00-0040747,ACT,Benjamin Morrison,exact_name
14812,Bhayshul Tuten,Bhayshul,Tuten,2002-02-14,69,206,Virginia Tech,23,0,,,75,95,75,90,96,58,88,87,29,21,15,10,26,18,65,54,56,59,59,52,49,49,36,33,35,28,29,28,30,38,29,38,37,26,30,22,JAX,RB,00-0040719,ACT,Bhayshul Tuten,exact_name
14623,Blake Corum,Blake,Corum,2000-11-25,68,210,Michigan,24,1,,,75,88,75,89,91,72,89,87,27,25,18,10,11,15,67,54,54,57,68,63,57,48,37,41,40,32,37,10,10,24,20,33,32,10,20,16,LA,RB,00-0039738,ACT,Blake Corum,exact_name
21407,Blake Gillikin,Blake,Gillikin,1998-01-21,74,196,Penn State,27,5,,,75,73,49,63,76,56,85,53,40,26,22,16,14,20,35,15,15,15,15,15,15,9,10,10,7,10,10,10,10,23,26,31,28,10,25,10,ARI,P,00-0035859,ACT,Blake Gillikin,exact_name
12967,C.J. Ham,C.J.,Ham,1993-07-22,71,250,Augustana,32,9,,,75,83,77,77,84,74,90,72,32,27,23,18,10,17,71,56,59,49,61,51,40,72,52,47,65,60,54,28,20,38,26,47,36,12,18,26,MIN,RB,00-0032918,RET,C.J. Ham,exact_name
12557,Cam Robinson,Cam,Robinson,1995-10-09,78,335,Alabama,29,8,,,75,69,90,58,67,88,89,51,15,6,6,6,13,6,32,26,22,18,23,13,7,79,81,77,71,73,69,33,26,38,26,33,29,11,17,12,nan,NAN,,,,unmatched
23077,Carrington Valentine,Carrington,Valentine,2001-09-09,72,189,Kentucky,23,2,,,75,91,49,88,94,74,91,89,27,23,16,13,11,13,61,49,61,40,21,11,10,25,25,25,35,35,35,30,35,38,72,67,50,74,78,72,GB,DB,00-0038408,ACT,Carrington Valentine,exact_name
20403,Charles Omenihu,Charles,Omenihu,1997-08-20,77,280,Texas,28,6,,,75,74,83,77,78,87,88,66,28,6,6,6,13,6,46,44,41,26,21,14,10,45,45,45,45,45,45,76,70,78,84,83,78,37,45,28,WAS,DL,00-0035279,ACT,Charles Omenihu,exact_name
22347,Chigoziem Okonkwo,Chigoziem,Okonkwo,1999-09-08,75,238,Maryland,25,3,,,75,88,67,77,91,72,85,72,20,15,10,6,6,6,85,78,77,70,71,67,63,61,55,60,61,57,62,10,10,29,23,33,30,12,15,15,nan,NAN,,,,unmatched
14753,Chop Robinson,Chop,Robinson,2003-01-02,75,254,Penn State,22,1,,,75,88,73,81,91,74,89,75,23,6,6,6,14,6,28,20,20,16,10,8,6,45,45,45,45,45,45,70,77,70,71,81,77,47,49,35,MIA,LB,00-0039911,ACT,Chop Robinson,exact_name
23035,Clark Phillips III,Clark,Phillips III,2001-12-19,70,183,Utah,23,2,,,75,89,60,89,94,74,93,90,23,15,12,10,15,8,76,64,67,28,29,24,21,35,35,35,35,35,35,31,39,41,77,70,55,78,74,62,ATL,DB,00-0038568,ACT,Clark Phillips III,exact_name
22211,Coby Bryant,Coby,Bryant,1999-03-29,73,193,Cincinnati,26,3,,,75,88,63,83,90,75,91,83,27,6,6,6,11,6,75,64,70,19,24,16,12,10,33,34,15,33,34,20,25,52,77,77,66,69,79,79,CHI,DB,00-0038136,ACT,Coby Bryant,exact_name
22019,Corliss Waitman,Corliss,Waitman,1995-07-21,74,210,South Alabama,30,5,,,75,71,46,64,69,61,88,48,45,41,36,31,25,25,50,22,37,15,15,15,15,16,16,16,21,17,17,10,10,15,15,30,35,12,15,10,SF,P,00-0035821,ACT,Corliss Waitman,exact_name
12579,Curtis Samuel,Curtis,Samuel,1996-08-11,71,195,Ohio State,29,8,,,75,90,64,89,92,73,84,84,27,15,10,6,23,6,86,83,83,75,75,74,71,38,30,30,43,23,16,12,18,24,28,32,26,20,28,23,nan,NAN,,,,unmatched
22067,Dameon Pierce,Dameon,Pierce,2000-02-19,70,214,Florida,25,3,,,75,90,84,82,89,68,96,81,26,20,15,10,11,15,67,54,50,49,60,52,44,57,39,35,45,33,27,10,10,39,14,46,41,12,16,15,PHI,RB,00-0037258,ACT,Dameon Pierce,exact_name
22396,Dane Belton,Dane,Belton,2000-12-07,73,205,Iowa,24,3,,,75,91,63,87,93,75,90,86,23,6,6,6,10,6,74,59,63,32,28,25,23,35,35,35,35,35,35,34,43,50,73,75,70,68,73,63,NYJ,DB,00-0038123,ACT,Dane Belton,exact_name
22275,Darrell Baker,Darrell,Baker,1998-03-27,73,190,Ga. Southern,27,3,,,75,91,57,81,93,74,89,86,30,18,12,8,17,6,58,57,59,35,44,39,36,30,24,23,35,26,25,30,35,54,75,75,63,74,77,78,MIA,DB,00-0037549,ACT,Darrell Baker Jr.,exact_name
12607,Deatrich Wise Jr,Deatrich,Wise Jr,1994-07-26,78,285,Arkansas,31,8,,,75,75,85,68,77,82,92,57,11,6,6,6,16,6,36,35,33,15,17,17,17,45,45,45,45,45,45,75,64,78,81,85,83,24,33,16,WAS,DL,00-0033947,ACT,Deatrich Wise,exact_name
17600,Demarcus Robinson,Demarcus,Robinson,1994-09-21,73,203,Florida,30,9,,,75,88,60,89,89,78,93,80,24,21,18,16,19,14,86,83,84,76,75,74,76,38,21,19,58,28,22,11,11,22,21,34,23,16,24,16,SF,WR,00-0032775,ACT,Demarcus Robinson,exact_name
23052,Deonte Banks,Deonte,Banks,2001-03-03,74,205,Maryland,24,2,,,75,94,60,90,97,70,89,91,25,17,14,12,14,6,66,57,61,41,39,36,32,29,29,29,34,34,34,33,41,55,67,72,62,69,71,76,NYG,DB,00-0039000,ACT,Deonte Banks,exact_name
22207,Derion Kendrick,Derion,Kendrick,2000-08-24,72,190,Georgia,25,3,,,75,85,59,87,90,78,89,85,42,41,38,35,25,28,75,66,69,47,54,48,44,35,35,35,35,35,35,26,32,49,80,75,56,76,81,72,DAL,DB,00-0037842,ACT,Derion Kendrick,exact_name
20491,Devin Singletary,Devin,Singletary,1997-09-03,67,203,FAU,27,6,,,75,87,70,88,89,73,94,89,24,21,15,12,12,17,70,51,48,50,60,54,47,56,38,35,31,24,21,10,10,25,12,37,37,13,15,15,NYG,RB,00-0035250,ACT,Devin Singletary,exact_name
21071,Devin Duvernay,Devin,Duvernay,1997-09-12,71,202,Texas,27,5,,,75,93,68,86,92,73,91,83,44,38,28,23,26,24,87,82,82,70,77,75,74,28,24,21,53,34,29,10,10,36,17,40,35,16,20,16,ARI,WR,00-0036331,ACT,Devin Duvernay,exact_name
15123,Donovan Jackson,Donovan,Jackson,2002-12-04,76,317,Ohio State,22,0,,,75,67,90,62,72,76,89,53,13,6,6,6,13,6,23,13,12,10,10,5,5,77,77,79,76,76,78,16,20,35,25,22,31,10,10,10,MIN,OL,00-0040661,ACT,Donovan Jackson,exact_name
15171,Donovan Ezeiruaku,Donovan,Ezeiruaku,2003-09-25,75,248,Boston College,21,0,,,75,83,77,85,90,68,91,75,22,9,6,6,14,6,38,23,21,14,15,8,7,45,45,45,45,45,45,70,79,77,69,82,79,33,43,28,DAL,DL,00-0040725,ACT,Donovan Ezeiruaku,exact_name
22772,Dontayvion Wicks,Dontayvion,Wicks,2001-06-16,73,206,Virginia,24,2,,,75,89,60,87,88,79,86,86,53,45,39,35,40,31,82,78,81,73,78,78,78,23,24,18,45,21,27,10,10,20,16,31,29,10,10,16,PHI,WR,00-0038393,ACT,Dontayvion Wicks,exact_name
21585,Dyami Brown,Dyami,Brown,1999-11-01,72,195,North Carolina,25,4,,,75,93,63,88,92,77,89,84,51,43,32,30,31,23,85,81,81,72,76,76,78,25,13,15,46,29,34,12,17,39,25,41,37,22,29,24,WAS,WR,00-0036626,ACT,Dyami Brown,exact_name
13294,Folorunso Fatukasi,Folorunso,Fatukasi,1995-03-04,76,318,Connecticut,30,7,,,75,66,91,67,70,74,88,57,20,6,6,6,10,6,23,15,15,15,15,7,3,45,45,45,45,45,45,72,53,76,75,78,85,18,28,12,nan,NAN,,,,unmatched
20372,Garrett Bradbury,Garrett,Bradbury,1995-06-20,75,300,N.C. State,30,6,,,75,73,90,68,78,81,89,58,30,6,6,6,12,6,56,42,40,41,29,21,14,75,75,76,79,77,82,43,34,42,30,41,44,12,15,10,CHI,OL,00-0035588,ACT,Garrett Bradbury,exact_name
11842,Greg Van Roten,Greg,Van Roten,1990-02-26,76,305,Penn,35,12,,,75,67,84,56,61,86,89,50,17,6,6,6,10,6,36,25,30,40,30,20,12,77,80,72,77,78,76,10,10,25,10,33,45,12,12,10,nan,NAN,,,,unmatched
22998,Henry To'oTo'o,Henry,To'oTo'o,2001-01-05,74,228,Alabama,24,2,,,75,85,65,81,92,79,89,73,30,6,6,6,11,6,55,54,55,23,22,18,13,35,35,35,35,35,35,49,55,69,80,89,77,70,68,57,HOU,LB,00-0038599,ACT,Henry To'oTo'o,exact_name
22267,Ja'Quan McMillian,Ja'Quan,McMillian,2000-06-04,70,183,East Carolina,25,2,,,75,88,56,91,84,78,89,86,35,31,27,24,15,19,77,58,65,19,35,31,29,30,30,30,31,31,31,25,34,40,80,76,64,79,76,73,DEN,DB,00-0037384,ACT,Ja'Quan McMillian,exact_name
16152,Jacory Croskey-Merritt,Jacory,Croskey-Merritt,2001-04-12,71,206,Arizona,24,0,,,75,91,67,80,95,77,89,83,24,9,21,13,24,33,62,55,53,41,50,43,33,50,41,40,36,31,28,27,30,31,26,36,32,20,25,21,WAS,RB,00-0040242,ACT,Jacory Croskey-Merritt,exact_name
20592,Jahlani Tavai,Jahlani,Tavai,1996-09-28,74,246,Hawaii,28,6,,,75,84,78,79,85,72,87,70,25,6,6,6,10,6,69,45,49,27,34,24,17,45,45,45,45,45,45,64,51,73,78,84,85,61,64,46,nan,NAN,,,,unmatched
22951,Jalen Redmond,Jalen,Redmond,1999-03-12,74,291,Oklahoma,26,2,,,75,79,85,74,85,74,83,64,22,6,6,6,5,5,37,30,35,15,10,6,5,40,40,40,45,45,45,71,77,77,75,79,82,18,24,25,MIN,DL,00-0038778,ACT,Jalen Redmond,exact_name
22363,Jalen Nailor,Jalen,Nailor,1999-03-02,72,190,Michigan St.,26,3,,,75,91,58,87,94,77,82,85,26,15,10,6,13,6,82,80,79,75,75,76,78,29,27,24,49,33,28,10,10,34,26,42,34,22,31,23,LV,WR,00-0037291,ACT,Jalen Nailor,exact_name
15202,James Pearce Jr,James,Pearce Jr,2003-10-12,77,245,Tennessee,21,0,,,75,90,76,74,92,77,86,66,31,20,13,12,10,15,53,33,33,14,15,10,5,40,40,40,40,40,40,67,78,70,68,76,74,40,50,31,ATL,LB,00-0040578,ACT,James Pearce Jr.,exact_name
2725,James Winchester,James,Winchester,1989-08-06,75,209,Oklahoma,36,10,,,75,80,67,75,81,70,94,77,40,10,10,10,10,10,60,47,49,44,42,37,32,50,50,40,47,40,35,15,20,39,25,56,42,15,25,25,KC,LS,00-0030615,ACT,James Winchester,exact_name
14944,Javon Bullard,Javon,Bullard,2002-09-05,71,198,Georgia,22,1,,,75,89,70,85,91,74,92,89,30,15,10,10,17,15,71,61,67,31,32,26,23,30,28,25,35,33,31,33,37,55,71,76,72,69,77,73,GB,DB,00-0039867,ACT,Javon Bullard,exact_name
20534,Jawaan Taylor,Jawaan,Taylor,1997-11-25,77,330,Florida,27,6,,,75,67,87,64,60,82,94,51,19,6,6,6,10,6,35,10,12,12,10,5,5,81,83,78,70,73,67,10,10,36,10,27,38,12,12,10,ATL,OL,00-0035237,ACT,Jawaan Taylor,exact_name
23032,Jaylon Jones,Jaylon,Jones,2002-04-03,74,200,Texas AM,23,2,,,75,89,62,87,93,75,87,81,33,17,13,11,15,6,67,62,67,49,39,37,33,25,25,25,35,35,35,35,44,52,75,75,61,73,78,75,IND,DB,00-0038407,ACT,Jaylon Jones,exact_name_birthdate
14751,Jer'Zhan Newton,Jer'Zhan,Newton,2002-08-31,74,304,Illinois,23,1,,,75,78,85,73,82,71,90,67,29,5,5,5,10,5,35,10,12,12,10,10,10,45,45,45,45,45,45,72,77,79,73,79,84,12,22,10,WAS,DL,00-0039906,ACT,Jer'Zhan Newton,exact_name
13200,Jerome Baker,Jerome,Baker,1996-12-25,74,225,Ohio State,28,7,,,75,89,74,83,87,75,94,76,22,6,6,6,15,6,66,51,65,18,20,15,10,45,43,44,45,44,44,58,69,73,74,84,85,67,65,46,nan,NAN,,,,unmatched
1073,John Jenkins,John,Jenkins,1989-07-11,75,327,Georgia,36,12,,,75,71,90,55,63,78,84,42,25,6,6,6,10,6,30,15,15,15,15,7,3,45,45,45,45,45,45,73,55,77,79,75,87,10,15,10,BAL,DL,00-0030070,ACT,John Jenkins,exact_name
1088,Johnathan Hankins,Johnathan,Hankins,1992-03-30,74,320,Ohio State,33,12,,,75,73,90,60,65,87,89,50,10,6,6,6,16,6,30,16,15,12,10,3,2,45,45,45,45,45,45,71,51,76,86,78,82,20,29,10,nan,NAN,,,,unmatched
13710,Jonathan Owens,Jonathan,Owens,1995-07-22,71,204,Missouri W State,30,6,,,75,91,66,83,91,76,86,85,18,6,6,6,10,6,72,56,63,34,37,33,29,12,35,35,16,35,35,26,30,48,74,80,70,63,72,65,IND,DB,00-0034485,ACT,Jonathan Owens,exact_name
23025,Jordan Battle,Jordan,Battle,2000-12-14,73,215,Alabama,24,2,,,75,88,63,77,92,77,93,79,34,27,21,14,10,6,72,60,71,35,38,33,25,25,35,35,35,35,35,34,40,63,76,83,71,66,75,70,CIN,DB,00-0038560,ACT,Jordan Battle,exact_name
22253,Jordan Stout,Jordan,Stout,1998-08-04,75,214,Penn State,27,3,,,75,84,45,66,88,61,89,57,34,27,23,18,17,15,27,15,15,15,15,15,15,17,17,17,14,16,16,10,10,21,17,24,27,10,10,10,NYG,P,00-0038094,ACT,Jordan Stout,exact_name
12662,Josh Reynolds,Josh,Reynolds,1995-02-16,75,196,Texas AM,30,8,,,75,88,66,84,85,82,95,86,30,25,20,15,20,20,86,85,87,78,78,79,77,44,25,23,51,27,20,10,10,24,17,32,35,18,26,20,nan,NAN,,,,unmatched
20990,Joshua Uche,Joshua,Uche,1998-09-18,75,245,Michigan,26,5,,,75,87,73,83,91,63,84,74,21,5,5,5,16,5,48,26,29,16,18,10,5,45,45,45,45,45,45,69,80,72,61,79,80,47,56,43,MIA,LB,00-0036159,ACT,Joshua Uche,exact_name
21058,Juwan Johnson,Juwan,Johnson,1996-09-13,76,231,Oregon,28,5,,,75,87,69,83,87,76,88,77,36,30,25,20,22,26,81,82,86,69,70,65,61,58,56,53,62,58,53,17,14,36,23,38,34,19,27,21,NO,TE,00-0036040,ACT,Juwan Johnson,exact_name
12493,Kalif Raymond,Kalif,Raymond,1994-08-08,68,182,Holy Cross,31,8,,,75,91,53,87,91,80,88,83,35,15,10,6,19,6,87,74,80,75,76,77,78,38,21,19,44,26,19,11,16,34,24,52,44,22,31,22,CHI,WR,00-0032464,ACT,Kalif Raymond,exact_name
22934,Keeanu Benton,Keeanu,Benton,2001-06-17,76,309,Wisconsin,24,2,,,75,70,88,69,75,78,91,59,19,6,6,6,15,6,46,32,36,15,15,7,6,40,40,40,45,45,45,78,64,76,77,77,83,15,21,10,PIT,DL,00-0039110,ACT,Keeanu Benton,exact_name
22937,Keion White,Keion,White,1999-01-20,77,285,Georgia Tech,26,2,,,75,82,85,75,81,70,85,66,20,7,6,5,9,8,61,58,66,51,53,49,41,47,47,47,50,50,50,79,68,74,68,84,84,32,41,41,SF,DL,00-0039148,ACT,Keion White,exact_name
21628,Khalil Herbert,Khalil,Herbert,1998-04-21,69,212,Virginia Tech,27,4,,,75,88,73,86,87,74,85,81,37,22,16,12,17,16,66,47,45,44,59,53,45,62,36,33,35,19,26,10,10,28,15,35,31,10,17,14,nan,NAN,,,,unmatched
14925,Kool-Aid McKinstry,Kool-Aid,McKinstry,2002-09-30,72,196,Alabama,22,1,,,75,90,53,91,92,72,91,87,25,20,15,14,11,10,64,58,66,27,31,25,22,15,10,9,21,14,12,29,39,50,68,75,67,76,74,79,NO,DB,00-0039860,ACT,Kool-Aid McKinstry,exact_name
12604,Larry Ogunjobi,Larry,Ogunjobi,1994-06-03,74,305,Charlotte,31,8,,,75,74,89,71,73,80,92,53,23,6,6,6,10,6,35,30,28,15,14,6,3,45,44,45,45,46,45,75,63,77,76,77,83,23,31,17,nan,NAN,,,,unmatched
20974,Lloyd Cushenberry III,Lloyd,Cushenberry III,1997-11-22,76,315,LSU,27,5,,,75,71,85,56,66,87,88,50,22,6,6,6,15,6,30,10,12,12,10,5,5,76,76,77,78,79,77,15,12,23,28,25,22,13,14,10,BUF,OL,00-0036391,ACT,Lloyd Cushenberry III,exact_name
12665,Mack Hollins,Mack,Hollins,1993-09-16,76,221,North Carolina,31,8,,,75,91,73,82,88,80,93,73,27,25,20,15,22,10,87,85,85,76,77,77,76,55,20,19,61,39,32,10,10,49,20,68,51,11,22,10,NE,WR,00-0033555,ACT,Mack Hollins,exact_name
15357,Malaki Starks,Malaki,Starks,2003-11-13,73,197,Georgia,21,0,,,75,89,63,90,91,71,92,91,40,33,29,26,32,30,72,57,62,29,32,25,21,35,35,35,35,35,35,36,37,55,67,79,72,70,76,72,BAL,DB,00-0040688,ACT,Malaki Starks,exact_name
22258,Martin Emerson Jr,Martin,Emerson Jr,2000-09-27,74,201,Mississippi St.,24,3,,,75,89,65,87,91,77,91,87,26,16,13,8,11,6,67,50,55,36,35,32,28,35,35,35,35,35,35,31,39,45,78,73,52,70,79,85,NO,DB,00-0037250,ACT,Martin Emerson,exact_name
15118,Mason Taylor,Mason,Taylor,2004-05-08,77,246,LSU,21,0,,,75,83,75,83,86,70,92,69,22,7,14,11,35,10,84,83,81,71,72,67,60,59,60,57,62,63,59,36,39,42,31,42,39,34,37,18,NYJ,TE,00-0040736,ACT,Mason Taylor,exact_name
1083,Mason McCormick,Mason,McCormick,2000-05-25,77,315,S. Dakota St.,25,1,,,75,70,90,61,79,74,90,61,28,9,7,6,12,8,26,15,15,11,10,7,5,76,78,73,77,78,76,30,20,35,24,32,37,10,10,10,PIT,OL,00-0039358,ACT,Mason McCormick,exact_name
22388,Matt Araiza,Matt,Araiza,2000-05-16,73,200,San Diego St.,25,3,,,75,83,49,67,87,55,89,57,35,30,25,20,19,19,27,15,20,15,15,15,15,17,17,17,16,16,16,10,10,20,19,38,34,11,15,10,KC,P,00-0037284,ACT,Matt Araiza,exact_name
22878,Matthew Bergeron,Matthew,Bergeron,2000-02-26,77,323,Syracuse,25,2,,,75,63,89,71,75,78,93,59,23,6,6,6,14,6,31,10,12,19,25,14,10,75,79,73,80,75,83,20,15,25,13,21,30,10,9,10,ATL,OL,00-0039048,ACT,Matthew Bergeron,exact_name
23039,Mekhi Blackmon,Mekhi,Blackmon,1999-03-18,71,178,USC,26,2,,,75,90,55,90,95,73,84,89,27,6,6,6,10,6,71,58,66,49,52,42,35,26,26,26,34,35,35,29,42,40,74,72,70,70,74,74,IND,DB,00-0038565,ACT,Mekhi Blackmon,exact_name
21386,Michael Hoecht,Michael,Hoecht,1997-10-05,76,297,Brown,27,5,,,75,84,83,80,86,75,91,67,10,6,6,6,14,6,33,35,33,15,30,22,17,49,45,45,45,45,45,69,77,76,73,81,79,46,50,18,BUF,LB,00-0035933,ACT,Michael Hoecht,exact_name
14608,Michael Penix Jr,Michael,Penix Jr,2000-05-08,74,216,Washington,25,1,,,75,84,57,78,89,75,83,73,92,89,82,82,75,83,30,15,15,15,15,14,12,15,15,15,12,12,12,10,10,18,17,28,18,12,15,10,ATL,QB,00-0039917,ACT,Michael Penix Jr.,exact_name
20607,Mike Jackson,Mike,Jackson,1997-01-10,73,210,Miami,28,6,,,75,91,61,84,88,77,87,85,25,6,6,6,12,6,67,40,61,45,29,19,12,35,35,35,35,35,35,32,37,53,76,75,64,76,74,74,CAR,DB,00-0035277,ACT,Mike Jackson,exact_name
13148,Mike Hughes,Mike,Hughes,1997-02-11,70,189,UCF,28,7,,,75,88,66,90,90,77,85,87,23,6,6,6,18,6,76,69,74,24,35,30,26,35,35,35,35,35,35,23,31,47,77,72,62,72,77,82,ATL,DB,00-0034843,ACT,Mike Hughes,exact_name
21067,Nick Westbrook-Ikhine,Nick,Westbrook-Ikhine,1997-03-21,74,211,Indiana,28,5,,,75,90,64,82,89,82,91,80,31,20,15,10,20,6,84,85,83,74,78,76,76,34,26,22,58,28,23,10,10,36,17,38,32,14,19,18,IND,WR,00-0036182,ACT,Nick Westbrook-Ikhine,exact_name
14695,Olu Fashanu,Olu,Fashanu,2002-12-09,78,312,Penn State,22,1,,,75,69,88,64,74,75,95,57,22,6,6,6,11,6,32,15,20,12,10,5,5,79,81,77,78,77,80,42,29,46,29,38,43,10,11,10,nan,NAN,,,,unmatched
22766,Parker Washington,Parker,Washington,2002-03-21,70,212,Penn State,23,2,,,75,89,66,87,91,80,89,87,25,15,10,6,20,6,83,81,84,68,77,77,74,24,15,12,43,18,24,10,10,20,16,20,30,10,10,10,JAX,WR,00-0038606,ACT,Parker Washington,exact_name
14904,Payton Wilson,Payton,Wilson,2000-04-21,76,238,N.C. State,25,1,,,75,92,67,87,93,76,82,81,29,25,17,18,11,15,73,66,71,31,34,32,26,35,25,29,41,37,38,63,72,65,75,86,85,58,65,69,PIT,LB,00-0039741,ACT,Payton Wilson,exact_name
21910,Pete Werner,Pete,Werner,1998-06-05,75,242,Ohio State,27,4,,,75,84,72,81,88,77,88,72,30,6,6,6,15,6,62,42,48,20,10,5,5,45,45,45,45,45,45,61,54,73,75,86,86,66,62,53,NO,LB,00-0036927,ACT,Pete Werner,exact_name
14733,Roger Rosengarten,Roger,Rosengarten,2002-06-03,78,300,Washington,23,1,,,75,75,82,69,77,76,92,61,17,9,6,5,8,5,12,11,14,12,10,10,8,80,78,82,77,78,79,10,10,28,22,33,28,15,10,10,BAL,OL,00-0039233,ACT,Roger Rosengarten,exact_name
22710,Ronnie Hickman,Ronnie,Hickman,2001-10-11,73,209,Ohio State,23,2,,,75,86,65,81,89,76,90,78,32,27,23,21,12,15,64,54,60,17,21,11,10,30,25,25,35,35,35,47,37,57,76,76,74,76,75,70,CLE,DB,00-0038715,RES,Ronnie Hickman,exact_name
22538,Ryan Wright,Ryan,Wright,2000-06-01,75,245,Tulane,25,3,,,75,81,62,64,84,61,90,58,48,45,40,35,14,25,31,21,24,15,15,11,7,16,8,8,7,9,9,10,10,23,23,32,39,10,10,10,NO,P,00-0037500,ACT,Ryan Wright,exact_name
1416,Spencer Shrader,Spencer,Shrader,1999-05-19,74,201,Notre Dame,26,1,,,75,67,42,60,65,58,87,51,28,33,28,21,17,20,32,12,15,12,10,8,7,13,13,13,12,12,12,10,10,11,10,21,25,11,12,10,IND,K,00-0039576,ACT,Spencer Shrader,exact_name
17592,Sterling Shepard,Sterling,Shepard,1993-02-10,70,194,Oklahoma,32,9,,,75,87,68,89,90,75,81,85,27,22,20,17,27,18,81,82,83,78,77,77,76,41,11,15,60,39,32,11,11,24,21,40,33,16,24,16,nan,NAN,,,,unmatched
14927,Terrion Arnold,Terrion,Arnold,2002-03-22,72,189,Alabama,23,1,,,75,90,58,93,94,69,93,90,35,24,22,19,13,15,78,67,70,39,51,46,41,35,24,23,35,25,26,30,34,45,69,73,72,72,74,76,DET,DB,00-0039903,ACT,Terrion Arnold,exact_name
15008,Tory Taylor,Tory,Taylor,1997-07-10,76,225,Iowa,28,1,,,75,81,61,65,83,59,93,55,41,28,25,22,13,15,45,10,12,12,10,10,10,20,15,15,25,15,15,10,10,28,15,44,39,10,13,15,CHI,P,00-0039745,E14,Tory Taylor,exact_name
12548,Tre'Davious White,Tre'Davious,White,1995-01-16,71,192,LSU,30,8,,,75,90,75,88,91,75,83,86,36,28,22,18,30,16,74,58,70,32,35,25,18,25,35,35,25,35,35,28,36,53,74,77,64,73,76,83,nan,NAN,,,,unmatched
20916,Tua Tagovailoa,Tua,Tagovailoa,1998-03-02,73,220,Alabama,27,5,,,75,83,61,78,84,70,83,79,87,91,81,87,83,89,32,19,20,16,19,15,11,16,13,13,22,20,14,10,10,23,18,32,28,11,17,10,ATL,QB,00-0036212,ACT,Tua Tagovailoa,exact_name
21582,Tutu Atwell,Tutu,Atwell,1999-10-07,69,165,Louisville,25,4,,,75,93,40,89,94,78,80,90,66,60,55,52,49,54,83,79,81,59,76,77,79,22,10,14,36,13,20,10,10,21,18,28,18,10,17,10,MIA,WR,00-0036849,ACT,Tutu Atwell,exact_name
17644,Tyler Higbee,Tyler,Higbee,1993-01-01,78,255,W. Kentucky,32,9,,,75,81,79,81,78,75,91,69,26,22,18,16,16,10,86,81,84,71,72,66,65,60,59,56,64,59,63,17,17,32,22,33,34,14,21,17,LA,TE,00-0033110,ACT,Tyler Higbee,exact_name
20597,Tyrel Dodson,Tyrel,Dodson,1998-06-25,72,237,Texas AM,27,6,,,75,89,74,73,87,70,87,69,34,6,6,6,10,6,60,24,50,12,10,5,5,45,45,45,45,45,45,51,58,72,69,85,85,66,73,31,MIA,LB,00-0035352,ACT,Tyrel Dodson,exact_name
23038,Tyrique Stevenson,Tyrique,Stevenson,2000-05-26,72,212,Miami,25,2,,,75,91,60,82,95,70,87,79,26,6,6,6,13,6,72,57,62,23,20,15,10,35,35,35,35,35,35,35,40,52,71,76,66,73,77,81,CHI,DB,00-0039071,ACT,Tyrique Stevenson,exact_name
20995,Yetur Gross-Matos,Yetur,Gross-Matos,1998-02-26,77,265,Penn State,27,5,,,75,83,81,79,86,73,87,69,18,6,6,6,15,6,31,16,16,14,10,7,5,45,45,45,45,45,45,77,68,75,73,82,83,27,32,17,nan,NAN,,,,unmatched
12564,Zay Jones,Zay,Jones,1995-03-30,74,200,East Carolina,30,8,,,75,89,76,86,92,75,79,86,39,34,29,25,20,19,88,80,86,79,74,73,74,38,25,23,61,22,12,18,22,27,17,23,34,15,24,20,nan,NAN,,,,unmatched
12721,Al-Quadin Muhammad,Al-Quadin,Muhammad,1995-03-28,76,250,Miami,30,8,,,74,80,78,73,82,80,93,64,34,6,6,6,10,6,41,28,24,12,14,7,3,45,45,45,45,45,45,78,69,74,81,82,79,31,42,17,TB,DL,00-0033964,ACT,Al-Quadin Muhammad,exact_name
20390,Alec Ingold,Alec,Ingold,1996-07-09,73,235,Wisconsin,29,6,,,74,83,78,72,80,70,84,75,60,52,47,43,40,38,71,62,54,51,63,50,42,68,47,43,67,55,59,30,35,35,33,49,50,15,20,20,LAC,RB,00-0035125,ACT,Alec Ingold,exact_name
15206,Alfred Collins,Alfred,Collins,2001-10-08,78,332,Texas,23,0,,,74,73,92,69,79,73,91,52,24,15,10,7,13,12,42,35,36,16,15,13,10,45,45,45,45,45,45,74,59,74,73,78,82,11,15,10,SF,DL,00-0040721,ACT,Alfred Collins,exact_name
13260,Allen Lazard,Allen,Lazard,1995-12-11,77,227,Iowa State,29,7,,,74,88,71,80,90,74,83,77,21,15,10,6,19,6,85,87,87,77,74,73,72,45,20,20,59,31,27,10,10,40,18,40,34,15,25,15,nan,NAN,,,,unmatched
14698,Amarius Mims,Amarius,Mims,2002-10-14,80,350,Georgia,22,1,,,74,70,91,70,73,74,86,65,13,12,11,6,11,5,49,41,51,44,35,31,24,78,78,78,75,78,73,42,31,45,28,42,35,12,11,15,CIN,OL,00-0039925,ACT,Amarius Mims,exact_name
15335,Andrew Mukuba,Andrew,Mukuba,2002-12-07,71,186,Texas,22,0,,,74,91,64,82,91,72,85,84,25,6,6,6,13,6,73,61,64,36,38,33,29,35,35,35,35,35,35,35,33,57,69,84,75,67,71,70,PHI,DB,00-0040749,ACT,Andrew Mukuba,exact_name
20439,Anthony Nelson,Anthony,Nelson,1997-03-04,79,271,Iowa,28,6,,,74,80,77,80,84,75,92,68,22,6,6,6,17,6,47,39,42,17,14,7,3,44,46,44,44,44,45,76,68,76,76,81,84,37,44,26,TB,LB,00-0035254,ACT,Anthony Nelson,exact_name
12897,Arthur Maulet,Arthur,Maulet,1993-07-13,70,190,Memphis,32,8,,,74,89,59,81,87,79,86,80,31,6,6,6,14,6,70,62,64,24,33,23,16,35,35,35,35,35,35,38,49,52,81,73,63,74,77,71,nan,NAN,,,,unmatched
20965,Austin Jackson,Austin,Jackson,1999-08-11,77,320,USC,26,5,,,74,72,84,65,76,81,86,54,22,6,6,6,10,6,31,20,16,13,18,7,5,75,73,77,78,76,80,54,41,55,42,53,54,22,31,18,MIA,OL,00-0036248,ACT,Austin Jackson,exact_name
15329,Azareye'h Thomas,Azareye'h,Thomas,2004-07-06,74,196,Florida State,21,0,,,74,86,67,85,89,79,90,84,26,6,6,6,10,6,72,62,66,27,28,25,23,35,25,35,35,25,35,33,38,54,79,67,56,71,78,79,NYJ,DB,00-0040133,ACT,Azareye'h Thomas,exact_name
21677,Baron Browning,Baron,Browning,1999-02-19,75,255,Ohio State,26,4,,,74,86,75,85,91,71,90,74,31,21,11,11,24,23,50,41,40,13,17,8,5,45,45,45,45,45,45,77,69,78,70,81,78,61,58,48,ARI,LB,00-0036995,ACT,Baron Browning,exact_name
13424,Bilal Nichols,Bilal,Nichols,1996-09-14,75,300,Delaware,28,7,,,74,73,87,65,75,74,91,58,23,6,6,6,14,6,44,32,30,30,36,32,25,45,45,45,45,45,45,73,61,75,75,78,85,20,28,11,nan,NAN,,,,unmatched
21922,Bobby Brown III,Bobby,Brown III,2000-08-07,76,324,Texas AM,25,4,,,74,72,86,63,79,73,88,61,22,6,6,6,11,6,26,13,14,14,10,6,5,44,44,44,45,44,45,69,59,79,72,77,86,16,23,17,CAR,DL,00-0036903,ACT,Bobby Brown III,exact_name
21790,Brandon Stephens,Brandon,Stephens,1997-12-29,73,215,SMU,27,4,,,74,90,68,84,87,76,92,82,21,6,6,6,14,6,70,58,72,36,46,34,28,38,38,38,35,35,35,40,44,58,75,78,69,73,77,82,NYJ,DB,00-0036987,ACT,Brandon Stephens,exact_name
22135,Braxton Jones,Braxton,Jones,1999-03-27,77,303,Southern Utah,26,3,,,74,73,88,65,81,82,92,56,22,6,6,6,10,6,26,18,23,13,16,12,10,79,77,81,73,76,71,44,40,46,34,48,40,10,12,10,CHI,OL,00-0037081,ACT,Braxton Jones,exact_name
22915,Bryan Bresee,Bryan,Bresee,2001-10-06,77,305,Clemson,23,2,,,74,78,88,70,85,77,85,68,22,13,10,7,15,6,47,41,43,12,10,5,3,40,40,40,45,45,45,78,63,73,75,79,78,24,28,20,NO,DL,00-0038995,ACT,Bryan Bresee,exact_name
22686,Bryce Young,Bryce,Young,2001-07-05,70,204,Alabama,24,2,,,74,87,54,84,89,73,89,88,87,88,79,81,81,81,35,18,19,13,16,12,9,12,10,12,16,10,10,10,10,17,13,32,20,9,10,9,CAR,QB,00-0039150,ACT,Bryce Young,exact_name
22123,Cade Mays,Cade,Mays,1999-04-26,78,325,Tennessee,26,3,,,74,64,82,60,69,77,86,55,20,6,6,6,10,6,21,12,15,15,15,5,5,81,81,81,77,75,79,21,15,24,22,22,21,10,10,10,DET,OL,00-0037297,ACT,Cade Mays,exact_name
14939,Calen Bullock,Calen,Bullock,2003-04-30,74,188,USC,22,1,,,74,90,54,87,92,77,92,88,35,15,10,6,10,6,78,69,71,40,37,27,20,30,25,24,32,29,27,25,35,52,76,75,65,67,73,66,HOU,DB,00-0039838,ACT,Calen Bullock,exact_name
12823,Cameron Johnston,Cameron,Johnston,1992-02-24,71,194,Ohio State,33,7,,,74,76,48,60,73,61,89,53,28,15,15,15,14,10,30,10,12,12,10,10,10,20,24,24,20,23,23,10,10,26,10,25,35,21,29,10,PIT,P,00-0033729,ACT,Cameron Johnston,exact_name
22771,Cedric Tillman,Cedric,Tillman,2000-04-19,75,215,Tennessee,25,2,,,74,88,70,79,90,84,87,77,22,20,15,15,20,6,86,83,82,76,76,75,75,33,28,22,55,34,29,10,10,31,17,34,35,10,10,10,CLE,WR,00-0038979,ACT,Cedric Tillman,exact_name
23110,Chad Ryland,Chad,Ryland,1999-10-15,72,195,Maryland,25,2,,,74,73,40,60,74,61,92,55,34,35,30,25,15,20,35,10,12,12,10,10,10,10,10,10,12,12,12,10,10,13,10,30,24,12,12,10,ARI,K,00-0038567,ACT,Chad Ryland,exact_name
21874,Chauncey Golston,Chauncey,Golston,1998-02-10,77,268,Iowa,27,4,,,74,78,81,71,86,76,91,63,23,6,6,6,14,6,65,49,51,14,30,10,6,45,45,45,45,45,45,76,69,77,78,79,82,28,39,23,NYG,DL,00-0036982,ACT,Chauncey Golston,exact_name
22131,Chris Paul,Chris,Paul,1998-11-19,76,324,Tulsa,26,3,,,74,76,82,60,83,73,90,53,25,6,6,6,10,6,29,10,15,12,12,6,5,80,83,78,74,74,74,19,15,23,30,33,31,8,9,10,WAS,OL,00-0037092,ACT,Chris Paul,exact_name
23287,Christian Izien,Christian,Izien,2000-06-08,69,200,Rutgers,25,2,,,74,92,52,85,90,76,93,83,25,26,25,22,22,29,68,56,63,32,48,45,39,30,30,30,30,30,30,34,44,46,78,79,66,71,73,64,DET,DB,00-0038820,ACT,Christian Izien,exact_name
14958,Cole Bishop,Cole,Bishop,2002-10-24,74,207,Utah,22,1,,,74,91,64,84,93,70,91,81,36,35,32,24,24,19,66,58,68,14,15,15,12,15,13,14,21,19,18,57,53,62,68,79,66,65,76,70,BUF,DB,00-0039872,ACT,Cole Bishop,exact_name
14708,Cooper Beebe,Cooper,Beebe,2001-05-19,76,335,Kansas State,24,1,,,74,71,87,69,75,77,92,60,10,7,6,5,5,6,32,31,24,22,21,16,12,77,75,78,78,78,80,28,21,33,28,39,40,9,12,9,DAL,OL,00-0039348,ACT,Cooper Beebe,exact_name
2500,D.J. Humphries,D.J.,Humphries,1993-12-28,77,307,Florida,31,10,,,74,65,87,55,63,75,83,52,10,6,6,6,12,6,35,10,12,12,10,5,5,81,85,76,74,77,71,10,10,35,25,32,45,18,12,10,nan,NAN,,,,unmatched
13241,Da'Shawn Hand,Da'Shawn,Hand,1995-11-14,75,302,Alabama,29,7,,,74,76,88,57,77,69,82,53,22,6,6,6,14,6,27,20,18,13,15,8,4,45,45,45,45,45,45,74,62,78,71,79,84,20,28,20,ATL,DL,00-0034371,ACT,Da'Shawn Hand,exact_name
23301,Daniel Whelan,Daniel,Whelan,1999-02-10,77,216,California-Davis,26,2,,,74,78,57,57,79,57,88,50,42,38,32,24,22,25,23,14,15,12,15,14,10,20,15,15,20,15,15,10,10,15,15,25,28,10,12,10,GB,P,00-0037547,ACT,Daniel Whelan,exact_name
22104,Daniel Faalele,Daniel,Faalele,1999-11-09,80,380,Minnesota,25,3,,,74,52,90,39,46,77,87,38,29,15,12,9,15,6,34,33,30,15,24,16,10,77,81,73,75,79,72,15,13,35,16,32,44,7,7,10,NYG,OL,00-0038118,ACT,Daniel Faalele,exact_name
15291,Darien Porter,Darien,Porter,2001-01-06,75,195,Iowa State,24,0,,,74,96,61,92,94,69,90,90,23,9,7,6,8,6,71,65,68,28,28,25,22,35,25,35,35,25,35,20,25,45,70,71,43,72,68,75,LV,DB,00-0040641,ACT,Darien Porter,exact_name
21122,DaVon Hamilton,DaVon,Hamilton,1997-02-01,76,335,Ohio State,28,5,,,74,70,91,65,68,74,88,53,22,6,6,6,11,6,26,19,18,17,14,6,5,44,46,44,45,44,45,72,60,78,76,78,79,16,23,19,JAX,DL,00-0036262,ACT,DaVon Hamilton,exact_name
20523,Dawson Knox,Dawson,Knox,1996-11-14,76,254,Ole Miss,28,6,,,74,86,72,84,90,72,89,75,41,28,23,17,20,21,83,81,85,67,67,61,56,63,59,62,65,60,65,10,10,28,14,31,31,13,16,13,BUF,TE,00-0035689,ACT,Dawson Knox,exact_name
21674,Derrick Barnes,Derrick,Barnes,1999-05-29,73,245,Purdue,26,4,,,74,86,79,72,83,78,91,70,25,15,12,6,10,6,59,43,56,26,38,24,10,46,46,46,45,45,45,72,66,73,74,82,83,56,66,42,DET,LB,00-0036964,ACT,Derrick Barnes,exact_name
20713,Donovan Wilson,Donovan,Wilson,1995-02-21,72,204,Texas AM,30,6,,,74,87,64,83,88,77,86,79,25,6,6,6,17,6,75,52,65,45,35,30,24,35,35,35,35,35,35,35,42,62,76,79,71,63,72,65,nan,NAN,,,,unmatched
23015,Dorian Williams,Dorian,Williams,2001-06-28,74,230,Tulane,24,2,,,74,89,63,79,93,74,90,75,20,15,12,10,11,12,65,55,60,25,15,10,10,30,30,30,35,35,35,46,54,67,73,86,86,61,67,67,BUF,LB,00-0038557,ACT,Dorian Williams,exact_name
15044,Dylan Sampson,Dylan,Sampson,2004-09-14,68,199,Tennessee,20,0,,,74,92,65,88,91,63,92,86,29,24,14,25,27,20,66,51,52,46,56,51,46,50,39,33,39,25,22,24,26,32,34,33,28,22,26,25,CLE,RB,00-0040162,ACT,Dylan Sampson,exact_name
20730,E.J. Speed,E.J.,Speed,1995-06-01,75,224,Tarleton State,30,6,,,74,88,74,83,88,73,89,74,24,6,6,6,15,6,66,66,64,40,41,32,27,45,45,45,45,45,45,53,61,71,74,85,83,57,63,37,HOU,LB,00-0034987,ACT,E.J. Speed,exact_name
2546,Eddie Goldman,Eddie,Goldman,1994-01-06,75,332,Florida State,31,8,,,74,63,93,60,58,81,85,52,21,6,6,6,10,6,25,15,15,15,15,7,3,45,45,45,45,45,45,76,57,75,81,79,81,21,28,16,nan,NAN,,,,unmatched
15099,Elic Ayomanor,Elic,Ayomanor,2003-06-03,74,206,Stanford,22,0,,,74,91,68,81,92,77,84,79,13,27,19,10,24,28,82,81,83,75,75,76,78,23,24,18,55,30,32,30,35,39,34,43,27,28,32,25,TEN,WR,00-0040170,ACT,Elic Ayomanor,exact_name
21629,Elijah Mitchell,Elijah,Mitchell,1998-05-02,70,200,UL Lafayette,27,4,,,74,88,71,86,91,67,84,86,27,20,17,12,17,10,69,57,56,54,64,57,50,54,31,34,36,18,27,11,12,24,19,34,27,13,18,16,PHI,RB,00-0036567,ACT,Elijah Mitchell,exact_name
17686,Emmanuel Ogbah,Emmanuel,Ogbah,1993-11-06,76,278,Oklahoma St.,31,9,,,74,82,83,74,86,77,89,63,22,6,6,6,14,6,45,17,17,17,14,7,3,45,45,45,45,44,45,73,62,76,75,84,80,39,51,22,nan,NAN,,,,unmatched
12885,Eric Wilson,Eric,Wilson,1994-09-26,73,230,Cincinnati,30,8,,,74,87,75,82,88,76,92,72,24,6,6,6,10,6,64,56,50,15,23,13,7,45,45,45,45,45,45,55,65,72,77,83,83,59,66,49,MIN,LB,00-0033336,ACT,Eric Wilson,exact_name
17713,Eric Murray,Eric,Murray,1994-01-07,71,199,Minnesota,31,9,,,74,86,63,81,90,81,91,79,27,6,6,6,14,6,62,58,67,27,26,16,11,10,33,34,15,33,34,38,44,48,80,71,68,67,73,76,JAX,DB,00-0033038,ACT,Eric Murray,exact_name
1080,Evan Williams,Evan,Williams,2001-07-28,71,200,Oregon,24,1,,,74,86,62,81,90,72,90,85,25,15,10,10,16,15,68,56,64,30,25,23,18,25,25,22,30,30,30,45,54,60,74,80,72,74,73,66,GB,DB,00-0039813,ACT,Evan Williams,exact_name
14703,Graham Barton,Graham,Barton,2002-06-01,77,314,Duke,23,1,,,74,74,87,73,82,80,89,62,21,9,6,5,8,6,32,13,15,18,16,11,5,74,73,75,77,77,78,24,22,33,30,39,37,12,11,12,TB,OL,00-0039905,ACT,Graham Barton,exact_name
20574,Greg Dortch,Greg,Dortch,1998-05-29,67,175,Wake Forest,27,7,,,74,90,43,87,90,77,85,89,38,28,23,17,20,10,87,77,81,63,76,74,71,25,10,13,40,16,19,10,10,22,16,26,23,18,25,12,DET,WR,00-0035500,ACT,Greg Dortch,exact_name
15120,Harold Fannin Jr,Harold,Fannin Jr,2004-07-20,75,241,Bowling Green St.,21,0,,,74,82,75,81,85,69,93,73,77,65,63,60,52,53,84,80,80,68,71,65,62,58,59,59,63,60,63,28,32,34,21,30,30,23,24,10,CLE,TE,00-0040663,ACT,Harold Fannin Jr.,exact_name
20356,Hunter Renfrow,Hunter,Renfrow,1995-12-25,70,185,Clemson,29,6,,,74,87,61,85,86,79,87,87,44,41,36,28,28,26,85,81,84,66,79,75,73,35,19,17,44,17,22,16,21,46,31,50,48,35,39,34,nan,NAN,,,,unmatched
21471,Ifeatu Melifonwu,Ifeatu,Melifonwu,1999-05-02,75,213,Syracuse,26,4,,,74,88,64,83,90,77,85,82,46,41,38,33,26,29,73,54,62,42,34,32,30,35,35,35,35,35,35,34,42,56,75,75,64,68,75,70,nan,NAN,,,,unmatched
21903,Isaiah McDuffie,Isaiah,McDuffie,1999-07-21,73,227,Boston College,26,4,,,74,87,73,75,89,75,86,68,24,21,12,9,13,6,60,41,39,35,33,29,24,45,45,45,45,45,45,48,52,71,75,85,86,61,60,42,GB,LB,00-0036658,ACT,Isaiah McDuffie,exact_name
22073,Jahan Dotson,Jahan,Dotson,2000-03-22,71,182,Penn State,25,3,,,74,92,61,84,94,76,90,87,48,44,34,30,30,24,83,83,83,70,72,74,75,27,13,17,41,18,25,10,10,21,27,36,25,20,28,19,ATL,WR,00-0037741,ACT,Jahan Dotson,exact_name
17912,Jake Brendel,Jake,Brendel,1992-09-10,76,299,UCLA,32,9,,,74,69,84,69,73,84,86,61,22,6,6,6,10,6,40,15,15,15,15,5,5,72,70,74,78,72,84,19,15,30,30,32,41,20,20,10,SF,OL,00-0032701,ACT,Jake Brendel,exact_name
14660,Jalen McMillan,Jalen,McMillan,2001-12-07,73,197,Washington,23,1,,,74,90,60,85,92,78,84,85,24,20,15,10,17,10,82,76,78,71,78,77,75,30,26,22,44,26,33,10,10,27,12,31,29,10,17,14,TB,WR,00-0039855,ACT,Jalen McMillan,exact_name
15057,Jayden Higgins,Jayden,Higgins,2002-12-15,76,214,Iowa State,22,0,,,74,89,67,83,92,77,90,81,33,9,12,18,26,22,86,84,84,77,74,74,70,24,22,15,52,30,34,30,33,40,28,44,22,26,29,21,HOU,WR,00-0040130,ACT,Jayden Higgins,exact_name
21272,Jaylinn Hawkins,Jaylinn,Hawkins,1997-08-25,73,208,California,28,5,,,74,88,63,82,88,75,88,78,27,6,6,6,12,6,74,60,72,32,40,37,30,30,35,35,30,35,35,50,44,61,74,78,67,70,78,66,BAL,DB,00-0036302,ACT,Jaylinn Hawkins,exact_name
21519,Joe Tryon-Shoyinka,Joe,Tryon-Shoyinka,1999-04-30,77,259,Washington,26,4,,,74,82,81,81,85,71,90,70,29,15,12,6,16,6,55,46,50,33,36,30,23,45,45,45,45,45,45,66,74,76,73,85,81,44,52,45,PHI,DL,00-0036967,ACT,Joe Tryon-Shoyinka,exact_name
15337,Jonas Sanker,Jonas,Sanker,2002-11-23,73,206,Virginia,22,0,,,74,90,58,82,89,74,89,87,31,25,20,17,22,19,69,56,61,28,31,24,20,35,35,35,35,35,35,39,34,56,71,80,68,69,74,65,NO,DB,00-0040643,ACT,Jonas Sanker,exact_name
14699,Jordan Morgan,Jordan,Morgan,2001-08-04,77,311,Arizona,24,1,,,74,71,87,62,80,76,88,56,23,21,15,11,7,9,27,15,15,15,15,13,9,79,81,77,75,73,77,25,21,31,29,22,35,16,18,10,GB,OL,00-0039904,ACT,Jordan Morgan,exact_name
22212,Josh Jobe,Josh,Jobe,1998-04-09,71,190,Alabama,27,3,,,74,90,63,80,90,77,88,79,29,6,6,6,10,6,58,53,57,25,21,14,11,31,31,31,35,35,35,29,37,49,76,73,68,72,77,75,SEA,DB,00-0037137,ACT,Josh Jobe,exact_name
22151,Josh Paschal,Josh,Paschal,1999-12-17,75,278,Kentucky,25,3,,,74,80,85,72,91,70,88,65,20,6,6,6,10,6,38,38,36,31,33,29,25,45,45,45,45,45,45,72,57,79,68,82,82,32,41,37,nan,NAN,,,,unmatched
22217,Joshua Williams,Joshua,Williams,1999-10-17,75,193,Fayetteville State,25,3,,,74,89,59,86,93,76,89,82,30,6,6,6,13,6,71,61,66,43,40,37,35,34,34,33,35,35,35,32,38,46,73,70,60,70,75,76,TEN,DB,00-0038043,ACT,Joshua Williams,exact_name
15175,JT Tuimoloau,JT,Tuimoloau,2003-05-10,76,264,Ohio State,22,0,,,74,80,82,77,87,75,92,71,20,24,17,7,15,6,57,49,49,15,17,13,7,45,45,45,45,45,45,76,69,81,75,83,77,44,53,36,IND,DL,00-0040744,ACT,JT Tuimoloau,exact_name
21273,Justin Strnad,Justin,Strnad,1996-08-21,75,235,Wake Forest,29,5,,,74,88,71,81,84,78,86,75,30,15,10,10,14,15,60,51,57,17,24,14,7,45,45,45,45,45,45,50,57,67,75,85,85,63,68,52,DEN,LB,00-0036428,ACT,Justin Strnad,exact_name
13210,Justin Jones,Justin,Jones,1996-08-28,75,300,N.C. State,29,7,,,74,72,84,61,73,85,85,54,23,6,6,6,17,6,25,22,17,15,15,7,3,45,45,45,45,45,45,73,65,77,83,79,79,21,28,10,nan,NAN,,,,unmatched
21560,Justin Fields,Justin,Fields,1999-03-05,75,228,Ohio State,26,4,,,74,92,65,93,96,57,91,92,91,85,80,81,76,82,32,16,16,17,19,15,14,16,10,10,30,14,17,10,10,20,18,26,24,17,19,10,KC,QB,00-0036945,ACT,Justin Fields,exact_name
15046,Kaleb Johnson,Kaleb,Johnson,2003-08-14,73,224,Iowa,22,0,,,74,88,76,92,90,65,89,90,24,10,13,9,19,15,66,57,54,45,58,50,44,51,45,44,38,35,33,32,34,34,36,37,38,33,29,25,PIT,RB,00-0040142,ACT,Kaleb Johnson,exact_name
23134,Keaton Mitchell,Keaton,Mitchell,2002-01-17,68,186,East Carolina,23,2,,,74,94,60,82,95,71,85,83,27,25,24,20,11,15,71,64,61,42,62,53,54,46,37,41,40,40,40,15,22,23,20,33,27,25,32,22,LAC,RB,00-0038454,ACT,Keaton Mitchell,exact_name
23054,Kei'Trel Clark,Kei'Trel,Clark,2001-03-19,70,181,Louisville,24,2,,,74,92,51,90,95,74,85,87,26,6,6,6,10,6,73,57,65,26,42,35,36,20,20,20,21,21,21,21,30,39,72,68,45,75,70,63,ARI,DB,00-0038984,ACT,Kei'Trel Clark,exact_name
22707,Kelee Ringo,Kelee,Ringo,2002-06-27,74,207,Georgia,23,2,,,74,94,58,84,95,70,92,83,35,6,6,6,15,6,71,58,66,49,45,35,41,35,35,35,35,35,35,35,44,44,68,67,62,68,75,75,PHI,DB,00-0039140,ACT,Kelee Ringo,exact_name
14767,Kris Jenkins Jr,Kris,Jenkins Jr,2001-10-10,75,310,Michigan,23,1,,,74,75,87,67,80,68,90,55,22,13,10,7,15,6,46,35,38,12,10,5,3,40,40,40,45,45,45,72,66,78,71,78,83,24,28,20,CIN,DL,00-0039908,ACT,Kris Jenkins,exact_name
21524,Levi Onwuzurike,Levi,Onwuzurike,1998-03-02,75,293,Washington,27,4,,,74,79,87,74,82,74,83,64,25,6,6,6,14,6,28,20,16,13,15,8,4,45,45,45,45,45,45,68,76,76,72,77,83,21,30,19,DET,DL,00-0036954,ACT,Levi Onwuzurike,exact_name
12973,Lucas Patrick,Lucas,Patrick,1993-07-30,75,313,Duke,32,9,,,74,70,84,59,81,82,88,51,21,6,6,6,13,6,24,20,16,12,13,5,5,76,75,77,77,75,79,10,10,20,14,23,34,12,12,10,NYG,OL,00-0033082,ACT,Lucas Patrick,exact_name
22926,Lukas Van Ness,Lukas,Van Ness,2001-07-06,77,272,Iowa,24,2,,,74,86,81,83,91,72,91,73,31,25,20,16,12,12,42,35,35,17,13,6,5,35,35,35,40,40,40,74,61,77,68,83,79,35,41,28,GB,DL,00-0039112,ACT,Lukas Van Ness,exact_name
14962,Malik Mustapha,Malik,Mustapha,2002-06-25,70,206,Wake Forest,23,1,,,74,88,66,84,91,71,89,82,23,15,10,10,11,15,66,64,59,34,33,30,27,33,30,32,35,35,35,27,32,56,70,83,72,66,71,65,SF,DB,00-0039360,ACT,Malik Mustapha,exact_name
13102,Marcus Davenport,Marcus,Davenport,1996-09-04,78,285,UTSA,28,7,,,74,84,82,75,86,76,84,67,23,6,6,6,17,6,24,18,15,12,10,8,5,45,45,45,45,45,45,76,67,78,73,82,79,34,42,26,nan,NAN,,,,unmatched
20715,Matt Gay,Matt,Gay,1994-03-15,72,232,Utah,31,6,,,74,74,41,58,69,58,86,51,27,35,30,25,24,20,30,15,15,15,15,15,15,16,16,16,21,17,17,10,10,13,10,15,13,12,12,10,LV,K,00-0035269,ACT,Matt Gay,exact_name
14714,Matt Goncalves,Matt,Goncalves,2001-01-26,78,317,Pittsburgh,24,1,,,74,66,84,54,71,78,85,51,17,7,6,5,5,5,12,10,12,12,10,10,8,80,82,78,75,78,71,10,10,28,13,31,32,11,11,9,IND,OL,00-0039736,ACT,Matt Goncalves,exact_name
14953,Max Melton,Max,Melton,2002-04-15,71,187,Rutgers,23,1,,,74,93,60,85,94,69,92,85,21,22,21,15,8,6,77,65,67,35,25,15,10,25,16,19,35,21,21,33,37,45,72,75,52,73,76,74,ARI,DB,00-0039807,ACT,Max Melton,exact_name
20492,Miles Sanders,Miles,Sanders,1997-05-01,71,210,Penn State,28,6,,,74,90,69,87,91,76,85,86,29,31,27,19,18,16,66,54,56,59,64,59,52,52,30,27,36,26,25,10,10,26,19,36,33,12,18,15,nan,NAN,,,,unmatched
22936,Moro Ojomo,Moro,Ojomo,2001-08-15,75,292,Texas,24,2,,,74,71,84,69,82,75,92,61,20,13,9,6,6,6,33,22,25,15,10,8,6,45,45,45,45,45,45,81,71,74,71,80,82,22,26,31,PHI,DL,00-0038412,ACT,Moro Ojomo,exact_name
13188,Nathan Shepherd,Nathan,Shepherd,1993-10-09,76,315,Fort Hays State,31,7,,,74,73,90,70,73,75,90,60,30,6,6,6,17,6,33,28,27,12,10,5,3,45,45,45,45,45,45,68,76,74,77,75,82,21,27,13,NO,DL,00-0034760,ACT,Nathan Shepherd,exact_name
15203,Nic Scourton,Nic,Scourton,2004-08-25,75,257,Texas AM,21,0,,,74,82,83,81,90,74,89,73,28,15,10,9,32,25,33,20,22,13,15,8,7,45,45,45,45,45,45,72,76,74,73,81,75,42,49,29,CAR,LB,00-0040746,ACT,Nic Scourton,exact_name
21810,Noah Gray,Noah,Gray,1999-04-30,75,240,Duke,26,4,,,74,85,69,85,89,76,91,71,51,43,36,31,31,30,89,78,78,66,69,63,58,60,56,60,60,55,58,10,10,36,19,43,37,14,18,15,KC,TE,00-0036637,ACT,Noah Gray,exact_name
15293,Nohl Williams,Nohl,Williams,2002-09-23,72,199,California,22,0,,,74,89,63,84,89,73,92,83,25,6,6,6,7,6,79,68,74,37,39,36,34,35,25,35,35,25,35,31,32,56,73,75,64,76,76,76,KC,DB,00-0040670,ACT,Nohl Williams,exact_name
15180,Oluwafemi Oladejo,Oluwafemi,Oladejo,2003-09-20,75,261,UCLA,21,0,,,74,85,81,83,87,72,90,74,26,20,15,10,15,6,55,47,47,16,17,10,5,45,45,45,45,45,45,74,73,75,72,80,80,49,57,41,TEN,LB,00-0040752,ACT,Oluwafemi Oladejo,exact_name
15122,Oronde Gadsden,Oronde,Gadsden,2003-06-25,77,241,Syracuse,22,0,,,74,86,73,80,88,77,82,75,37,24,23,18,24,28,82,81,81,72,72,66,64,55,54,56,54,51,54,28,31,33,35,33,29,22,26,19,LAC,TE,00-0040189,ACT,Oronde Gadsden II,exact_name
20856,Patrick Mekari,Patrick,Mekari,1997-08-13,76,305,California,28,6,,,74,72,85,58,68,86,87,50,22,6,6,6,10,6,22,10,12,12,10,5,5,75,76,73,75,77,73,15,15,25,30,31,34,9,12,10,JAX,OL,00-0035112,ACT,Patrick Mekari,exact_name
14626,Ray Davis,Ray,Davis,1999-11-11,69,220,Kentucky,25,1,,,74,88,78,86,88,72,87,85,40,32,26,20,27,25,71,52,56,55,66,61,54,49,33,27,36,33,28,10,10,30,19,36,33,12,12,15,BUF,RB,00-0039875,ACT,Ray Davis,exact_name
1330,Ryan Rehkow,Ryan,Rehkow,1998-09-11,76,235,BYU,26,1,,,74,68,53,67,71,56,87,53,33,20,15,10,17,16,29,10,12,12,10,10,10,14,14,14,15,15,15,11,11,14,19,27,28,10,10,10,CIN,P,00-0039323,ACT,Ryan Rehkow,exact_name
11938,Sam Martin,Sam,Martin,1990-02-27,73,211,Appalach. St.,35,12,,,74,76,46,55,71,63,92,50,41,15,15,15,13,15,45,10,12,12,10,10,10,20,15,15,25,15,15,10,10,10,15,35,24,10,25,10,CAR,P,00-0030092,ACT,Sam Martin,exact_name
15282,Shavon Revel Jr,Shavon,Revel Jr,2001-04-08,74,202,East Carolina,24,0,,,74,93,66,90,94,62,80,88,29,6,6,6,10,6,72,67,71,26,25,22,19,35,25,35,35,25,35,33,34,56,63,78,66,76,72,77,DAL,DB,00-0040008,ACT,Shavon Revel Jr.,exact_name
15126,Tate Ratledge,Tate,Ratledge,2001-04-26,79,308,Georgia,24,0,,,74,73,88,71,78,78,82,61,10,6,6,6,10,6,42,30,29,26,26,19,13,74,74,75,76,77,77,35,30,35,35,34,38,20,27,15,DET,OL,00-0040728,ACT,Tate Ratledge,exact_name
21104,Terence Steele,Terence,Steele,1997-06-04,78,310,Texas Tech,28,5,,,74,75,88,57,76,71,91,46,22,6,6,6,14,6,41,21,25,14,27,12,10,70,75,68,84,83,85,10,10,25,15,24,32,15,20,10,DAL,OL,00-0036036,ACT,Terence Steele,exact_name
21238,Tershawn Wharton,Tershawn,Wharton,1998-06-25,73,280,Missouri University of Science & Technology,27,5,,,74,79,87,72,83,77,89,60,25,6,6,6,10,6,36,10,24,12,10,5,3,45,45,45,45,45,45,64,74,75,76,79,80,19,29,10,CAR,DL,00-0035890,ACT,Tershawn Wharton,exact_name
15064,Tory Horton,Tory,Horton,2002-11-29,75,196,Colorado St.,22,0,,,74,93,68,87,94,70,83,88,31,27,19,12,26,28,83,78,78,75,77,76,76,28,21,14,53,24,24,26,27,31,32,33,39,50,37,24,SEA,WR,00-0040648,ACT,Tory Horton,exact_name
21170,Tyler Bass,Tyler,Bass,1997-02-14,70,183,Ga. Southern,28,5,,,74,85,40,62,81,59,87,55,27,35,30,25,14,20,35,10,12,12,10,10,10,17,17,17,12,12,12,10,10,13,10,31,29,12,12,10,BUF,K,00-0036162,ACT,Tyler Bass,exact_name
13336,Tyler Conklin,Tyler,Conklin,1995-07-30,75,248,Central Michigan,30,7,,,74,83,66,78,84,74,94,76,30,20,15,10,14,10,90,81,82,67,68,60,56,59,58,56,63,58,61,20,18,24,12,26,28,15,17,10,DET,TE,00-0034270,ACT,Tyler Conklin,exact_name
14931,Tyler Nubin,Tyler,Nubin,2000-11-01,74,210,Minnesota,24,1,,,74,87,62,82,85,78,92,83,25,10,8,7,5,10,77,68,72,21,15,15,13,40,36,37,45,41,41,48,49,67,79,75,68,71,77,72,NYG,DB,00-0039861,ACT,Tyler Nubin,exact_name
15327,Upton Stout,Upton,Stout,2002-01-09,69,181,W. Kentucky,23,0,,,74,91,57,87,92,70,87,85,18,10,6,6,10,10,76,64,72,23,31,27,25,35,25,35,35,25,35,31,47,45,68,73,65,74,73,74,SF,DB,00-0040152,ACT,Upton Stout,exact_name
14809,Woody Marks,Woody,Marks,2000-12-29,70,213,USC,24,0,,,74,88,70,83,88,77,89,83,27,9,12,10,23,30,73,49,55,61,65,55,45,51,40,42,40,29,33,24,24,32,32,34,31,22,25,24,HOU,RB,00-0040583,ACT,Woody Marks,exact_name
15331,Xavier Watts,Xavier,Watts,2001-11-22,72,205,Notre Dame,23,0,,,74,86,62,82,88,76,93,82,31,25,21,17,22,20,74,60,65,36,40,35,30,35,35,35,35,35,35,36,33,55,73,80,69,69,77,67,ATL,DB,00-0040148,ACT,Xavier Watts,exact_name
14652,Xavier Legette,Xavier,Legette,2001-01-29,73,221,South Carolina,24,1,,,74,93,73,89,93,67,89,86,48,38,32,25,33,31,80,84,83,71,72,72,74,47,35,32,56,36,44,11,11,36,23,41,38,23,28,22,CAR,WR,00-0039342,ACT,Xavier Legette,exact_name
21544,Aaron Banks,Aaron,Banks,1997-09-03,77,325,Notre Dame,27,4,,,73,60,87,60,58,83,85,50,25,6,6,6,14,6,30,10,12,12,10,5,5,73,75,71,77,77,77,10,10,15,10,25,25,12,15,10,GB,OL,00-0036551,ACT,Aaron Banks,exact_name
12950,Adam Butler,Adam,Butler,1994-04-12,76,300,Vanderbilt,31,8,,,73,70,85,63,63,85,91,51,20,6,6,6,10,6,36,33,29,15,18,10,6,45,45,45,45,45,45,74,60,76,84,79,81,26,29,26,LV,DL,00-0033381,ACT,Adam Butler,exact_name
14649,Adonai Mitchell,Adonai,Mitchell,2002-10-08,74,205,Texas,22,1,,,73,94,51,91,95,67,86,90,45,25,20,15,26,20,81,77,80,66,73,74,79,26,15,20,51,26,33,10,10,26,16,29,27,10,17,10,NYJ,WR,00-0039890,ACT,Adonai Mitchell,exact_name
15364,Andres Borregales,Andres,Borregales,2002-01-02,71,202,Miami,23,0,,,73,75,46,67,75,59,88,51,28,32,29,22,16,18,32,11,12,13,12,10,10,16,13,16,12,11,12,10,10,10,15,22,23,11,12,10,nan,NAN,,,,unmatched
17655,Andrew Billings,Andrew,Billings,1995-03-06,73,340,Baylor,30,9,,,73,70,89,62,68,75,86,51,24,6,6,6,10,6,26,14,16,15,13,5,3,44,44,45,45,46,45,77,56,76,77,74,83,18,26,13,ARI,DL,00-0033066,ACT,Andrew Billings,exact_name
15182,Ashton Gillotte,Ashton,Gillotte,2002-10-30,75,264,Louisville,22,0,,,73,84,78,83,90,72,90,72,27,15,10,7,15,15,35,25,25,12,15,8,7,45,45,45,45,45,45,74,66,81,69,79,79,27,36,25,KC,DL,00-0040640,ACT,Ashton Gillotte,exact_name
21152,Ashtyn Davis,Ashtyn,Davis,1996-10-10,73,202,California,28,5,,,73,92,60,88,92,76,85,83,37,6,6,14,10,6,74,57,68,29,44,35,30,30,33,34,35,33,34,26,32,49,75,71,61,66,73,64,SF,DB,00-0036329,ACT,Ashtyn Davis,exact_name
17645,Austin Hooper,Austin,Hooper,1994-10-29,76,254,Stanford,30,9,,,73,81,73,80,83,77,91,71,26,15,10,6,15,6,86,79,81,69,65,60,56,59,59,55,62,58,62,17,17,29,22,31,34,14,21,17,ATL,TE,00-0032392,ACT,Austin Hooper,exact_name
21509,Azeez Ojulari,Azeez,Ojulari,2000-06-16,75,240,Georgia,25,4,,,73,85,77,80,90,70,79,73,23,6,6,6,14,6,50,44,48,31,29,24,19,45,45,45,45,45,45,67,74,74,73,81,76,43,51,32,ATL,LB,00-0036552,ACT,Azeez Ojulari,exact_name
15332,Billy Bowman Jr,Billy,Bowman Jr,2003-01-29,70,192,Oklahoma,22,0,,,73,92,61,89,92,68,90,88,24,6,6,6,12,6,70,59,62,34,36,31,27,35,35,35,35,35,35,38,38,52,65,78,64,72,77,66,ATL,DB,00-0040156,ACT,Billy Bowman Jr.,exact_name
23337,Blake Grupe,Blake,Grupe,1998-11-05,67,160,Notre Dame,26,2,,,73,76,28,64,75,59,87,52,27,31,21,20,15,20,32,19,17,16,20,15,12,20,17,17,20,16,16,10,10,11,15,27,24,15,14,10,IND,K,00-0038905,ACT,Blake Grupe,exact_name
13133,Bradley Bozeman,Bradley,Bozeman,1994-11-24,77,325,Alabama,30,7,,,73,71,85,52,56,84,95,36,17,6,6,6,12,6,12,15,10,10,10,5,5,69,71,67,79,81,76,10,10,15,10,19,20,10,11,10,nan,NAN,,,,unmatched
21786,Brandin Echols,Brandin,Echols,1997-10-16,70,175,Kentucky,27,4,,,73,92,52,88,93,72,87,88,32,19,14,12,13,23,63,52,56,33,45,40,37,35,35,35,35,35,35,29,38,43,71,65,58,68,73,75,PIT,DB,00-0036504,ACT,Brandin Echols,exact_name
15330,Caleb Ransaw,Caleb,Ransaw,2002-12-22,72,197,Tulane,22,0,,,73,95,62,86,96,68,87,86,24,6,6,6,12,6,67,53,60,22,25,15,13,35,35,35,35,35,35,38,35,54,64,77,68,68,72,63,JAX,DB,00-0040145,ACT,Caleb Ransaw,exact_name
14960,Cam Hart,Cam,Hart,2000-12-05,74,207,Notre Dame,24,1,,,73,91,59,80,92,69,86,81,32,33,31,25,10,26,70,65,68,60,56,51,48,35,31,32,35,35,35,23,32,61,68,73,66,74,75,76,LAC,DB,00-0039369,ACT,Cam Hart,exact_name
14895,Chris Braswell,Chris,Braswell,2001-10-25,75,255,Alabama,23,1,,,73,86,79,78,90,73,90,64,31,6,6,6,17,6,51,37,41,12,10,3,2,45,45,45,45,45,45,73,71,75,72,78,80,41,47,25,TB,LB,00-0039902,ACT,Chris Braswell,exact_name
13195,Coleman Shelton,Coleman,Shelton,1995-07-28,76,299,Washington,30,6,,,73,73,83,64,70,84,87,56,26,6,6,6,10,6,31,15,12,12,10,5,5,73,71,75,80,79,80,10,10,10,10,15,33,12,12,10,LA,OL,00-0034114,ACT,Coleman Shelton,exact_name
2308,Cornelius Lucas III,Cornelius,Lucas III,1991-07-18,80,327,Kansas State,34,11,,,73,69,83,59,55,82,91,42,33,6,6,6,10,6,27,15,15,15,15,5,5,78,80,76,75,77,73,10,10,25,10,21,26,12,12,10,nan,NAN,,,,unmatched
14894,Dallas Turner,Dallas,Turner,2003-02-02,75,247,Alabama,22,1,,,73,90,76,84,92,61,90,69,18,6,6,6,13,6,45,10,15,18,15,8,4,45,45,45,45,45,45,73,73,75,60,83,80,49,54,29,MIN,LB,00-0039924,ACT,Dallas Turner,exact_name
21663,Damar Hamlin,Damar,Hamlin,1998-03-24,72,200,Pittsburgh,27,4,,,73,88,62,86,92,75,87,77,25,6,6,6,18,6,70,62,65,38,37,33,31,35,35,35,35,35,35,33,38,52,74,83,70,61,71,62,BUF,DB,00-0036888,ACT,Damar Hamlin,exact_name
12594,Damontae Kazee,Damontae,Kazee,1993-06-05,71,174,San Diego St.,32,8,,,73,87,68,87,86,77,85,85,22,6,6,6,14,6,77,74,77,24,28,18,13,35,35,35,35,35,35,26,34,55,75,76,65,70,75,72,nan,NAN,,,,unmatched
21655,Dan Moore,Dan,Moore,1998-09-28,77,315,Texas AM,26,4,,,73,65,88,65,65,81,92,55,13,6,6,6,10,6,27,11,15,12,13,5,5,76,74,78,77,76,78,21,16,29,31,25,36,12,13,10,TEN,OL,00-0036869,ACT,Dan Moore Jr.,exact_name
21692,Dayo Odeyingbo,Dayo,Odeyingbo,1999-09-24,77,282,Vanderbilt,25,4,,,73,80,84,79,84,71,89,65,26,6,6,6,13,6,45,29,31,24,26,19,14,45,45,45,45,45,45,68,76,76,68,81,82,23,35,22,CHI,DL,00-0036480,ACT,Dayo Odeyingbo,exact_name
22628,Dee Alford,Dee,Alford,1997-11-05,71,175,Tusculum College,27,4,,,73,89,49,85,90,74,88,84,22,6,6,6,12,6,71,62,72,33,30,25,21,13,33,34,18,33,34,30,33,43,73,70,66,75,73,67,BUF,DB,00-0037034,ACT,Dee Alford,exact_name
17677,Deion Jones,Deion,Jones,1994-11-04,73,222,LSU,30,9,,,73,87,73,83,88,74,87,79,25,6,6,6,10,6,74,45,60,18,15,5,5,45,44,43,45,44,44,51,58,64,72,83,77,66,73,51,nan,NAN,,,,unmatched
15245,Demetrius Knight Jr,Demetrius,Knight Jr,2000-01-04,74,240,South Carolina,25,0,,,73,86,72,80,87,75,90,75,35,31,28,25,25,22,65,57,59,32,34,31,26,45,45,45,45,45,45,62,65,72,74,83,83,58,64,47,CIN,LB,00-0040738,ACT,Demetrius Knight Jr.,exact_name
12530,Derek Barnett,Derek,Barnett,1996-06-25,75,259,Tennessee,29,8,,,73,77,85,74,75,75,85,62,28,6,6,6,15,6,49,42,45,22,21,17,13,45,45,45,45,45,45,76,64,78,73,83,82,32,46,26,nan,NAN,,,,unmatched
13136,Derrick Nnadi,Derrick,Nnadi,1996-05-09,73,317,Florida State,29,7,,,73,73,88,53,65,84,90,46,24,6,6,6,16,6,25,15,15,15,15,7,3,45,45,45,45,45,45,69,57,72,86,79,81,19,28,15,IND,DL,00-0034818,ACT,Derrick Nnadi,exact_name
14731,DJ Glaze,DJ,Glaze,2002-08-04,76,315,Maryland,23,1,,,73,65,88,56,73,76,90,51,27,9,7,6,5,9,29,22,21,15,13,12,11,75,78,72,76,77,75,10,10,32,15,29,33,10,15,10,LV,OL,00-0039349,ACT,DJ Glaze,exact_name
22310,Drake Jackson,Drake,Jackson,2001-04-12,75,273,USC,24,3,,,73,84,75,83,90,68,87,73,26,6,6,6,10,6,50,33,34,17,14,7,5,45,45,45,45,45,45,62,76,68,68,83,76,36,47,24,WAS,DL,00-0037826,ACT,Drake Jackson,exact_name
22441,Evan Neal,Evan,Neal,2000-09-19,79,350,Alabama,24,3,,,73,76,91,61,79,63,93,54,26,6,6,6,10,6,30,19,24,12,14,8,5,68,75,62,79,81,77,30,33,34,30,31,35,10,12,10,NYG,OL,00-0037612,ACT,Evan Neal,exact_name
12448,George Fant,George,Fant,1992-07-19,77,322,W. Kentucky,33,9,,,73,76,83,74,71,78,85,57,13,6,6,6,12,6,70,59,59,53,53,46,34,79,77,81,70,68,72,60,51,55,28,52,55,12,13,10,nan,NAN,,,,unmatched
20408,Greg Gaines,Greg,Gaines,1996-05-06,73,312,Washington,29,6,,,73,71,87,60,70,81,91,55,31,6,6,6,10,6,39,32,40,19,24,20,18,45,45,45,45,45,45,73,53,76,83,78,78,15,26,17,nan,NAN,,,,unmatched
15012,Isaac Guerendo,Isaac,Guerendo,2000-06-28,72,221,Louisville,25,1,,,73,92,71,84,92,75,81,83,23,20,15,10,12,10,68,49,49,55,66,62,60,55,35,38,33,19,26,10,10,39,27,47,40,29,36,35,SF,RB,00-0039363,ACT,Isaac Guerendo,exact_name
15067,Isaac TeSlaa,Isaac,TeSlaa,2002-02-20,76,214,Arkansas,23,0,,,73,91,65,88,91,75,87,89,69,48,48,47,37,32,83,83,86,72,74,75,69,23,21,12,47,30,31,31,35,41,29,43,28,23,30,21,DET,WR,00-0040669,ACT,Isaac TeSlaa,exact_name
14610,J.J. McCarthy,J.J.,McCarthy,2003-01-20,75,219,Michigan,22,1,,,73,85,68,88,88,67,90,83,91,86,81,80,80,75,36,10,12,15,15,14,12,15,18,14,23,22,16,10,10,24,15,33,29,12,14,10,MIN,QB,00-0039923,ACT,J.J. McCarthy,exact_name
14655,Ja'Lynn Polk,Ja'Lynn,Polk,2002-04-11,74,203,Washington,23,1,,,73,89,62,89,90,72,88,87,27,25,20,15,22,10,83,82,82,74,74,77,75,32,20,19,51,39,32,10,10,30,20,28,30,11,22,10,NO,WR,00-0039907,ACT,Ja'Lynn Polk,exact_name
1248,Ja'Marcus Ingram,Ja'Marcus,Ingram,1997-09-02,74,190,Buffalo,27,2,,,73,90,68,82,93,75,86,83,27,15,10,6,10,6,64,57,64,37,38,33,29,35,35,35,38,35,35,35,42,52,72,72,67,67,73,73,HOU,DB,00-0037661,ACT,Ja'Marcus Ingram,exact_name
15055,Jack Bech,Jack,Bech,2002-12-18,73,214,TCU,22,0,,,73,89,67,89,92,72,85,84,29,24,16,21,27,23,83,80,79,79,77,77,72,24,24,16,56,31,30,34,36,42,25,40,36,27,39,21,LV,WR,00-0040729,ACT,Jack Bech,exact_name
14951,Jaden Hicks,Jaden,Hicks,2002-08-16,74,215,Wash. St.,23,1,,,73,89,67,87,91,70,95,84,40,35,31,24,14,16,71,57,67,40,26,22,17,30,27,26,35,35,35,45,53,64,68,79,69,69,74,71,KC,DB,00-0039825,ACT,Jaden Hicks,exact_name
23083,Jakorian Bennett,Jakorian,Bennett,2000-08-23,71,195,Maryland,25,2,,,73,95,54,89,97,65,90,87,29,23,21,20,10,14,75,55,73,25,21,14,11,31,31,31,35,35,35,29,37,38,64,68,53,72,68,63,PHI,DB,00-0039072,ACT,Jakorian Bennett,exact_name
1325,Jalen Coker,Jalen,Coker,2001-10-31,73,210,Holy Cross,23,1,,,73,91,63,79,92,74,89,77,50,42,33,28,34,29,86,82,82,73,77,76,75,40,11,15,51,35,29,11,11,35,21,37,34,16,24,16,CAR,WR,00-0039491,ACT,Jalen Coker,exact_name
21021,James Pierre,James,Pierre,1996-09-16,74,185,FAU,28,5,,,73,91,60,83,89,73,92,82,27,6,6,6,10,6,71,57,65,49,52,42,35,26,35,35,34,35,35,29,37,46,73,72,60,73,77,71,MIN,DB,00-0035795,ACT,James Pierre,exact_name
14956,Jarrian Jones,Jarrian,Jones,2001-05-08,72,191,Florida State,24,1,,,73,93,43,88,93,69,87,84,32,16,9,8,12,6,74,59,65,31,32,26,22,25,14,15,28,23,21,28,43,46,69,70,52,74,70,68,JAX,DB,00-0039353,ACT,Jarrian Jones,exact_name
21701,Jason Pinnock,Jason,Pinnock,1999-06-30,72,205,Pittsburgh,26,4,,,73,89,61,87,93,74,89,86,35,6,6,6,10,6,72,61,69,51,47,44,40,35,35,35,39,39,39,33,37,52,73,68,64,68,73,73,NYG,DB,00-0036502,ACT,Jason Pinnock,exact_name
21133,Javon Kinlaw,Javon,Kinlaw,1997-10-03,77,330,South Carolina,27,5,,,73,73,86,72,77,75,75,62,24,6,6,6,17,6,31,16,17,17,15,7,3,45,45,45,45,45,45,76,71,75,72,78,83,17,25,16,WAS,DL,00-0036260,ACT,Javon Kinlaw,exact_name
14796,Jaxson Dart,Jaxson,Dart,2003-05-13,74,221,Ole Miss,22,0,,,73,84,63,82,88,72,92,82,88,87,84,79,77,85,44,25,21,25,23,20,20,25,32,30,30,31,30,16,18,15,28,19,25,8,9,9,NYG,QB,00-0040691,ACT,Jaxson Dart,exact_name
15059,Jaylin Noel,Jaylin,Noel,2002-09-04,70,194,Iowa State,22,0,,,73,93,66,89,94,68,93,86,68,63,59,56,47,35,82,79,78,72,76,76,78,29,30,24,55,27,25,28,33,39,35,42,25,25,37,25,HOU,WR,00-0040138,ACT,Jaylin Noel,exact_name
15068,Jaylin Lane,Jaylin,Lane,2002-05-01,70,191,Virginia Tech,23,0,,,73,94,58,91,93,69,86,90,60,44,41,33,32,33,83,77,77,71,74,71,74,22,20,11,46,22,23,27,28,36,28,31,34,34,37,25,WAS,WR,00-0040164,ACT,Jaylin Lane,exact_name
15367,Jeremy Crawshaw,Jeremy,Crawshaw,2001-05-22,75,205,Florida,24,0,,,73,77,60,66,82,58,86,57,32,30,28,23,21,20,35,21,18,12,18,15,10,16,18,13,21,11,15,10,10,16,21,32,32,12,10,10,DEN,P,00-0040223,E14,Jeremy Crawshaw,exact_name
13269,Jeremy Reaves,Jeremy,Reaves,1996-08-29,71,200,South Alabama,29,7,,,73,86,61,76,85,77,84,74,28,6,6,6,16,6,59,48,62,15,15,13,10,35,35,35,35,35,35,33,41,52,77,81,75,66,71,71,WAS,DB,00-0034465,ACT,Jeremy Reaves,exact_name
22361,John Metchie III,John,Metchie III,2000-07-18,71,187,Alabama,25,3,,,73,90,66,87,92,72,84,88,24,15,10,6,17,6,79,79,79,75,76,75,73,31,20,19,51,29,35,10,10,22,16,29,24,10,17,12,CAR,WR,00-0037614,ACT,John Metchie III,exact_name
14764,Jonah Elliss,Jonah,Elliss,2003-04-03,74,246,Utah,22,1,,,73,81,74,82,87,76,84,70,22,6,6,6,17,6,26,39,42,17,14,7,3,44,46,44,44,44,45,71,74,74,75,79,77,41,47,26,DEN,LB,00-0039809,ACT,Jonah Elliss,exact_name
20530,Jonah Williams,Jonah,Williams,1997-11-17,77,312,Alabama,27,6,,,73,69,85,66,71,87,88,54,30,6,6,6,6,6,34,20,25,35,15,5,5,77,75,78,75,75,75,31,38,30,29,42,39,15,20,10,ARI,DL,00-0035944,ACT,Jonah Williams,exact_name
17711,Jonathan Jones,Jonathan,Jones,1993-09-20,70,190,Auburn,31,9,,,73,92,63,85,90,70,83,86,27,6,6,6,12,6,74,60,72,27,26,16,11,33,33,34,34,33,34,35,41,56,69,73,70,70,71,76,PHI,DB,00-0032580,ACT,Jonathan Jones,exact_name
17656,Jonathan Bullard,Jonathan,Bullard,1993-10-22,75,290,Florida,31,9,,,73,71,81,70,79,69,87,58,22,6,6,6,16,6,35,17,20,17,13,6,3,44,45,44,44,44,45,70,58,79,71,77,87,22,29,23,DAL,DL,00-0033093,ACT,Jonathan Bullard,exact_name
15048,Jordan James,Jordan,James,2004-03-29,70,208,Oregon,21,0,,,73,89,72,85,92,65,93,84,20,14,25,8,21,31,62,58,55,49,59,54,48,48,38,37,34,28,25,27,30,33,28,35,34,20,28,22,SF,RB,00-0040177,ACT,Jordan James,exact_name
15178,Jordan Burch,Jordan,Burch,2001-10-10,76,280,Oregon,23,0,,,73,83,81,81,85,72,85,72,29,15,10,9,15,15,52,29,43,15,17,10,5,45,45,45,45,45,45,73,66,75,68,79,82,38,45,35,ARI,LB,00-0040137,ACT,Jordan Burch,exact_name
22624,Jordan Meredith,Jordan,Meredith,1998-01-04,75,300,W. Kentucky,27,4,,,73,68,83,70,74,79,91,56,22,6,6,6,10,6,24,21,19,10,12,5,5,77,78,74,78,76,80,10,10,26,10,28,37,12,12,10,LV,OL,00-0036604,ACT,Jordan Meredith,exact_name
23127,Jordan Howden,Jordan,Howden,2000-05-14,72,209,Minnesota,25,2,,,73,89,58,88,93,72,92,84,27,6,6,6,9,6,65,57,60,32,40,37,30,30,30,30,30,35,35,41,35,50,70,71,72,68,72,65,NO,DB,00-0038588,ACT,Jordan Howden,exact_name
20358,Josh Oliver,Josh,Oliver,1997-03-21,77,259,San Jose St.,28,6,,,73,86,75,78,84,68,87,68,24,15,10,6,10,6,84,77,79,65,67,61,56,61,59,60,72,70,62,26,32,48,33,49,47,17,26,23,MIN,TE,00-0035249,ACT,Josh Oliver,exact_name
13322,Justin Watson,Justin,Watson,1995-04-04,74,215,Penn,30,7,,,73,90,69,80,92,79,87,79,26,15,10,6,25,6,81,82,83,75,77,75,77,39,31,34,50,36,30,10,10,27,18,29,30,17,25,15,HOU,WR,00-0034386,ACT,Justin Watson,exact_name
20991,K'Lavon Chaisson,K'Lavon,Chaisson,1999-07-25,75,245,LSU,26,5,,,73,86,78,85,88,68,87,73,26,6,6,6,13,6,51,31,33,15,12,7,5,45,45,45,45,45,45,63,76,75,67,80,76,49,54,29,WAS,LB,00-0036286,ACT,K'Lavon Chaisson,exact_name
22257,Kaiir Elam,Kaiir,Elam,2001-05-05,73,191,Florida,24,3,,,73,93,60,85,90,72,85,86,27,24,20,17,14,6,76,57,65,37,35,31,28,35,35,35,35,35,35,31,39,45,70,64,66,68,74,75,KC,DB,00-0037242,ACT,Kaiir Elam,exact_name
20682,Kevin Givens,Kevin,Givens,1997-03-01,73,285,Penn State,28,6,,,73,73,88,63,66,80,86,58,25,6,6,6,10,6,32,10,12,12,10,3,2,45,45,45,45,45,45,74,68,75,77,78,82,19,29,10,nan,NAN,,,,unmatched
14954,Kris Abrams-Draine,Kris,Abrams-Draine,2001-10-04,71,178,Missouri,23,1,,,73,91,40,91,93,67,93,90,31,14,12,10,8,8,74,64,68,24,33,23,16,25,15,19,35,25,26,25,33,41,69,75,66,75,73,62,DEN,DB,00-0039371,ACT,Kris Abrams-Draine,exact_name
15174,Landon Jackson,Landon,Jackson,2003-01-02,78,264,Arkansas,22,0,,,73,83,81,79,85,72,83,64,17,16,14,9,27,25,35,21,21,12,15,8,7,45,45,45,45,45,45,72,71,78,73,80,81,26,35,27,BUF,DL,00-0040132,ACT,Landon Jackson,exact_name
20452,Lonnie Johnson Jr,Lonnie,Johnson Jr,1995-11-04,74,213,Kentucky,29,6,,,73,92,65,85,92,72,88,87,29,18,14,8,14,6,66,51,60,31,39,34,27,35,35,35,35,35,35,28,42,49,72,70,56,76,73,77,MIA,DB,00-0035244,ACT,Lonnie Johnson,exact_name
21763,Mac Jones,Mac,Jones,1998-09-05,75,214,Alabama,26,4,,,73,84,60,81,81,74,90,75,86,88,84,80,81,83,28,15,15,15,15,14,12,14,14,14,32,20,23,10,10,20,16,20,18,10,14,10,SF,QB,00-0036972,ACT,Mac Jones,exact_name
21341,Malcolm Roach,Malcolm,Roach,1998-06-09,75,290,Texas,27,5,,,73,74,83,64,80,78,80,50,26,6,6,6,15,6,49,33,41,28,31,28,19,50,45,45,48,45,45,67,74,77,77,76,82,27,32,10,DEN,DL,00-0035763,ACT,Malcolm Roach,exact_name
21691,Malcolm Koonce,Malcolm,Koonce,1998-06-06,74,250,Buffalo,27,4,,,73,79,75,81,82,75,88,69,26,6,6,6,13,6,47,42,47,29,27,24,18,45,45,45,45,45,45,72,78,76,73,82,79,38,46,28,LV,DL,00-0036989,ACT,Malcolm Koonce,exact_name
22229,Markquese Bell,Markquese,Bell,1999-01-06,75,205,Florida AM,26,3,,,73,92,68,77,94,70,90,79,36,33,31,28,26,26,66,53,61,27,34,31,29,34,34,34,35,35,35,44,54,65,68,77,79,63,71,64,DAL,DB,00-0037561,ACT,Markquese Bell,exact_name
22697,Michael Mayer,Michael,Mayer,2001-07-06,76,265,Notre Dame,24,2,,,73,82,79,76,86,63,93,71,25,15,10,6,10,12,82,82,81,63,69,63,58,60,61,58,64,64,63,39,43,52,35,56,54,23,34,29,LV,TE,00-0039066,ACT,Michael Mayer,exact_name
13375,Michael Badgley,Michael,Badgley,1995-07-28,70,183,Miami,30,7,,,73,72,36,58,74,59,85,53,26,35,30,25,14,20,35,10,12,12,10,10,10,17,17,17,12,12,12,10,10,13,10,31,29,12,12,10,nan,NAN,,,,unmatched
13881,Mike Ford Jr,Mike,Ford Jr,1995-08-04,72,195,SE Missouri St.,30,7,,,73,89,58,92,92,71,85,87,29,6,6,6,15,6,69,56,63,44,46,36,29,35,35,35,35,35,35,40,45,51,70,74,49,75,69,71,ATL,DB,00-0034639,ACT,Mike Ford,exact_name
22495,Nazeeh Johnson,Nazeeh,Johnson,1998-07-17,70,199,Marshall,27,3,,,73,93,56,84,94,73,86,82,25,15,10,10,12,15,68,52,58,24,36,31,26,30,30,30,35,35,35,40,46,52,75,71,55,69,73,64,nan,NAN,,,,unmatched
20724,Nick Allegretti,Nick,Allegretti,1996-04-21,76,310,Illinois,29,6,,,73,67,83,64,68,85,91,55,23,6,6,6,12,6,42,10,12,12,19,5,5,77,79,74,76,73,79,22,17,31,27,35,41,12,12,10,WAS,OL,00-0035149,ACT,Nick Allegretti,exact_name
20747,Nick Scott,Nick,Scott,1995-05-17,71,200,Penn State,30,6,,,73,90,64,82,93,75,91,82,28,6,6,6,17,6,69,49,65,21,39,26,20,45,35,35,35,35,35,28,50,53,74,76,65,64,71,64,CAR,DB,00-0035669,ACT,Nick Scott,exact_name
20511,Noah Fant,Noah,Fant,1997-11-20,76,249,Iowa,27,6,,,73,87,72,87,91,67,90,76,28,20,15,10,14,10,84,77,81,71,68,64,61,59,56,58,59,56,59,16,19,38,28,38,41,16,22,19,NO,TE,00-0035644,ACT,Noah Fant,exact_name
22852,O'Cyrus Torrence,O'Cyrus,Torrence,2000-01-20,77,347,Florida,25,2,,,73,61,91,50,68,74,90,51,21,7,6,5,12,6,25,12,14,12,10,7,5,70,76,65,78,81,75,21,10,39,10,22,35,7,8,7,BUF,OL,00-0038548,ACT,O'Cyrus Torrence,exact_name
20802,Olamide Zaccheaus,Olamide,Zaccheaus,1997-07-23,68,193,Virginia,28,6,,,73,90,54,85,89,77,88,85,31,19,12,7,20,13,87,79,80,72,77,76,76,35,19,19,48,26,20,15,23,35,30,39,35,15,23,10,ATL,WR,00-0035208,ACT,Olamide Zaccheaus,exact_name
21414,P.J. Locke,P.J.,Locke,1997-02-12,70,202,Texas,28,6,,,73,89,66,80,86,77,87,82,27,15,10,10,18,15,67,48,62,23,20,10,10,25,34,33,16,33,33,52,58,57,76,77,66,65,73,63,DAL,DB,00-0035227,ACT,P.J. Locke,exact_name
21688,Payton Turner,Payton,Turner,1999-01-07,78,270,Houston,26,4,,,73,80,82,83,84,68,84,72,28,6,6,6,13,6,37,19,21,16,15,7,4,45,45,45,45,45,45,75,66,73,63,82,84,23,34,16,DET,DL,00-0036926,ACT,Payton Turner,exact_name
15313,Quincy Riley,Quincy,Riley,2001-05-26,71,194,Louisville,24,0,,,73,90,64,90,90,73,86,85,28,20,12,12,29,27,77,65,71,33,32,33,30,35,25,35,35,25,35,32,32,44,70,72,48,75,75,73,NO,DB,00-0040166,ACT,Quincy Riley,exact_name
15109,Robbie Ouzts,Robbie,Ouzts,2002-09-06,76,274,Alabama,22,0,,,73,75,82,72,74,69,86,68,23,27,8,27,25,17,75,68,69,57,65,58,51,57,56,55,62,60,64,37,30,37,30,40,44,18,25,16,SEA,RB,00-0040649,ACT,Robbie Ouzts,exact_name
17897,Roy Robertson-Harris,Roy,Robertson-Harris,1993-07-23,77,290,UTEP,32,9,,,73,77,82,71,72,87,86,62,34,6,6,6,12,6,40,10,15,12,10,3,2,45,45,45,45,45,45,73,65,76,85,78,77,30,45,28,NYG,DL,00-0032667,ACT,Roy Robertson-Harris,exact_name
14850,Ruke Orhorhoro,Ruke,Orhorhoro,2001-10-13,76,290,Clemson,23,1,,,73,76,90,71,83,64,84,64,22,6,6,6,15,6,48,10,12,17,13,6,3,45,45,44,45,44,45,75,65,76,66,80,80,23,29,22,JAX,DL,00-0039733,ACT,Ruke Orhorhoro,exact_name
22150,Sam Williams,Sam,Williams,1999-03-31,76,261,Ole Miss,26,3,,,73,88,79,82,90,68,88,70,20,6,6,6,14,6,42,34,30,13,10,7,5,45,45,45,45,45,45,74,64,67,65,82,79,30,40,24,DAL,DL,00-0037665,ACT,Sam Williams,exact_name
23078,Starling Thomas V,Starling,Thomas V,2000-01-25,70,194,UAB,25,2,,,73,93,56,82,90,73,88,82,31,29,24,19,12,14,65,57,61,35,39,34,30,30,25,25,35,35,35,32,42,42,74,70,63,73,71,69,ARI,DB,00-0038663,ACT,Starling Thomas V,exact_name
15241,T.J. Sanders,T.J.,Sanders,2003-07-30,76,297,South Carolina,22,0,,,73,74,88,61,83,73,90,58,28,6,6,6,12,6,20,16,17,15,15,13,10,45,45,45,45,45,45,75,68,80,70,77,78,14,18,15,BUF,DL,00-0040724,ACT,T.J. Sanders,exact_name
23142,Tavius Robinson,Tavius,Robinson,1999-01-03,78,258,Ole Miss,26,2,,,73,84,79,71,91,71,86,62,20,6,6,6,16,6,35,31,35,12,20,15,10,45,45,45,45,45,45,75,60,73,70,80,83,31,38,32,BAL,LB,00-0038505,ACT,Tavius Robinson,exact_name
15256,Teddye Buchanan,Teddye,Buchanan,2002-10-03,74,233,California,22,0,,,73,86,78,82,89,71,89,78,28,29,26,23,23,20,61,52,54,26,28,25,22,40,40,40,40,40,40,54,60,69,69,83,85,60,66,44,BAL,LB,00-0040069,ACT,Teddye Buchanan,exact_name
12908,Thomas Hennessy,Thomas,Hennessy,1994-06-11,74,246,Duke,31,8,,,73,74,67,67,73,60,94,67,38,6,6,6,10,6,61,49,52,30,44,39,34,59,50,40,45,40,35,10,10,48,37,48,59,25,24,15,NYJ,LS,00-0033260,ACT,Thomas Hennessy,exact_name
13123,Tim Settle Jr,Tim,Settle Jr,1997-07-11,75,313,Virginia Tech,28,7,,,73,69,88,56,66,74,93,50,16,6,6,6,15,6,26,15,15,15,15,7,3,45,45,45,45,45,45,77,71,76,77,78,83,18,27,14,WAS,DL,00-0034397,ACT,Tim Settle,exact_name
13645,Trent Sieg,Trent,Sieg,1995-12-02,75,240,Colorado St.,29,7,,,73,75,72,76,68,64,89,60,29,6,6,6,10,6,47,42,45,27,30,26,20,53,54,49,50,46,49,24,26,46,46,49,65,24,25,16,DAL,LS,00-0034198,ACT,Trent Sieg,exact_name
2335,Tress Way,Tress,Way,1990-04-18,73,220,Oklahoma,35,12,,,73,73,44,62,73,63,92,49,54,54,50,47,34,30,45,10,12,12,10,10,10,11,11,11,14,14,14,10,10,10,19,25,29,13,27,10,WAS,P,00-0030140,ACT,Tress Way,exact_name
15031,Trevin Wallace,Trevin,Wallace,2003-02-22,74,241,Kentucky,22,1,,,73,89,70,81,88,71,90,75,50,47,44,42,35,37,66,57,62,26,38,24,12,40,35,34,45,45,44,62,67,73,67,84,85,70,69,65,CAR,LB,00-0039347,ACT,Trevin Wallace,exact_name
20734,Ty Johnson,Ty,Johnson,1997-09-17,70,210,Maryland,27,6,,,73,90,64,86,89,78,90,84,23,20,15,10,11,13,67,54,52,47,63,54,49,54,25,28,31,17,23,10,10,24,15,34,31,12,15,15,BUF,RB,00-0035537,ACT,Ty Johnson,exact_name
22062,Ty Chandler,Ty,Chandler,1998-05-12,71,204,North Carolina,27,3,,,73,93,65,81,95,76,92,79,28,25,20,15,14,18,67,56,57,51,64,57,51,42,30,35,46,25,32,10,10,25,11,35,32,11,18,10,NO,RB,00-0037276,ACT,Ty Chandler,exact_name
22882,Tyler Steen,Tyler,Steen,2000-06-24,78,321,Alabama,25,2,,,73,64,91,59,73,75,94,59,26,10,8,6,7,6,24,10,15,12,10,8,6,79,76,80,74,72,76,51,45,52,47,53,48,12,13,10,PHI,OL,00-0039001,ACT,Tyler Steen,exact_name
13232,Tyquan Lewis,Tyquan,Lewis,1995-01-30,75,277,Ohio State,30,7,,,73,80,83,74,87,69,82,66,20,6,6,6,15,6,33,27,24,13,15,8,4,45,45,45,45,45,45,76,62,78,70,81,82,29,38,21,nan,NAN,,,,unmatched
22973,Tyree Wilson,Tyree,Wilson,2000-05-20,78,271,Texas Tech,25,2,,,73,81,85,76,87,71,87,70,22,6,6,6,17,6,49,44,47,12,10,8,5,40,40,40,45,45,45,74,61,74,71,80,81,35,45,44,NO,DL,00-0038541,ACT,Tyree Wilson,exact_name
14907,Tyrice Knight,Tyrice,Knight,2000-12-20,73,233,UTEP,24,1,,,73,85,71,75,90,71,91,73,23,13,13,10,11,13,62,52,52,41,31,24,25,26,25,23,27,25,25,68,62,73,70,85,83,62,66,49,SEA,LB,00-0039815,ACT,Tyrice Knight,exact_name
20623,Ugo Amadi,Ugo,Amadi,1997-05-16,69,201,Oregon,28,6,,,73,90,62,82,88,71,90,84,30,25,20,17,23,20,69,56,62,25,35,25,20,35,35,35,35,35,35,42,48,53,71,74,69,74,77,76,nan,NAN,,,,unmatched
13392,Will Dissly,Will,Dissly,1996-07-08,76,265,Washington,29,7,,,73,82,78,77,79,67,88,70,25,27,18,12,10,12,83,80,80,67,65,62,58,65,63,58,70,72,69,39,41,45,32,51,45,14,19,10,nan,NAN,,,,unmatched
21001,Willie Gay Jr,Willie,Gay Jr,1998-02-15,73,243,Mississippi St.,27,5,,,73,87,73,80,90,70,85,75,25,6,6,6,16,6,68,46,64,31,35,30,24,45,45,45,45,45,45,50,58,70,69,85,84,58,62,56,MIA,LB,00-0036362,ACT,Willie Gay Jr.,exact_name
22340,Zamir White,Zamir,White,1999-09-18,72,215,Georgia,25,3,,,73,91,78,84,91,75,86,82,31,20,15,10,15,14,62,46,43,43,49,43,34,52,28,23,39,32,26,10,10,37,13,43,36,11,14,14,nan,NAN,,,,unmatched
14687,A.J. Barner,A.J.,Barner,2002-05-03,78,251,Michigan,23,1,,,72,78,78,83,85,76,86,71,23,20,15,10,17,10,85,79,81,67,66,59,59,60,60,57,62,63,58,10,10,34,16,36,34,12,14,12,nan,NAN,,,,unmatched
14769,Adisa Isaac,Adisa,Isaac,2001-10-04,76,254,Penn State,23,1,,,72,81,72,77,86,73,83,71,19,6,6,6,10,6,25,21,22,12,10,7,5,49,48,51,49,45,50,71,75,71,71,80,79,42,49,42,BAL,LB,00-0039791,ACT,Adisa Isaac,exact_name
2402,Ameer Abdullah,Ameer,Abdullah,1993-06-13,69,203,Nebraska,32,10,,,72,89,68,86,91,76,91,86,35,30,25,15,17,10,72,56,52,53,63,55,45,54,48,44,37,19,18,5,5,30,23,17,42,10,19,25,JAX,RB,00-0032104,ACT,Ameer Abdullah,exact_name
2498,Andrus Peat,Andrus,Peat,1993-11-04,79,316,Stanford,31,10,,,72,68,87,59,63,81,78,51,25,6,6,6,13,6,30,10,12,12,10,10,10,71,74,68,77,78,76,10,10,15,10,23,34,12,15,10,nan,NAN,,,,unmatched
12418,Antonio Hamilton Sr,Antonio,Hamilton Sr,1993-01-24,72,195,S.C. State,32,8,,,72,90,59,82,89,76,91,81,27,6,6,6,10,6,65,43,60,31,32,22,15,13,35,35,19,35,35,22,33,45,74,74,60,76,73,66,WAS,DB,00-0032933,ACT,Antonio Hamilton,exact_name
20649,Ashton Dulin,Ashton,Dulin,1997-05-15,73,215,Malone University,28,6,,,72,92,61,88,92,74,88,81,35,22,16,12,20,16,83,80,79,71,72,71,74,33,26,22,45,28,25,10,10,28,15,43,41,10,18,15,IND,WR,00-0035021,ACT,Ashton Dulin,exact_name
17742,Austin Johnson,Austin,Johnson,1994-05-08,76,314,Penn State,31,9,,,72,72,89,56,63,73,94,52,23,6,6,6,12,6,29,14,16,15,13,6,3,45,44,45,45,45,45,72,56,74,76,77,83,22,29,13,nan,NAN,,,,unmatched
21109,Ben Bredeson,Ben,Bredeson,1998-02-20,77,315,Michigan,27,5,,,72,71,86,52,60,78,85,50,17,6,6,6,12,6,12,15,10,10,10,5,5,79,81,75,71,71,71,10,10,15,10,19,20,10,11,10,TB,OL,00-0036132,ACT,Ben Bredeson,exact_name
21100,Ben Bartch,Ben,Bartch,1998-07-22,78,315,St. John's,27,5,,,72,67,85,68,61,75,87,52,25,6,6,6,5,6,54,40,44,34,40,33,24,72,71,74,76,74,78,15,10,15,15,22,29,12,15,10,DET,OL,00-0036272,ACT,Ben Bartch,exact_name
22701,BJ Ojulari,BJ,Ojulari,2002-04-05,74,248,LSU,23,2,,,72,86,75,84,91,61,85,73,19,6,6,6,10,6,29,21,22,12,10,7,5,49,48,51,49,45,50,66,74,68,62,84,76,41,50,42,ARI,LB,00-0039155,ACT,BJ Ojulari,exact_name
24423,Blake Brandel,Blake,Brandel,1997-01-23,79,315,Oregon State,28,5,,,72,69,87,52,63,81,88,47,25,6,6,6,5,6,23,10,12,12,10,5,5,75,79,71,74,71,77,15,10,15,15,22,29,12,15,10,MIN,OL,00-0036347,ACT,Blake Brandel,exact_name
14631,Braelon Allen,Braelon,Allen,2004-01-20,73,235,Wisconsin,21,1,,,72,88,79,83,89,77,85,85,43,34,28,21,29,30,64,51,51,54,62,55,50,57,39,36,44,38,34,38,29,48,33,44,45,34,42,34,NYJ,RB,00-0039794,ACT,Braelon Allen,exact_name
13377,Braxton Berrios,Braxton,Berrios,1995-10-06,69,190,Miami,29,7,,,72,90,55,90,89,72,89,86,19,15,10,6,20,6,84,79,76,68,77,75,72,34,16,16,39,17,10,10,10,29,18,34,25,18,25,10,NYG,WR,00-0034419,ACT,Braxton Berrios,exact_name
2109,Brent Urban,Brent,Urban,1991-05-05,79,309,Virginia,34,11,,,72,71,81,65,73,78,74,53,25,6,6,6,14,6,34,25,30,15,10,3,2,45,45,45,45,45,45,71,56,76,81,77,82,25,29,12,nan,NAN,,,,unmatched
2532,Bud Dupree,Bud,Dupree,1993-02-12,76,269,Kentucky,32,10,,,72,83,76,75,85,75,81,66,33,6,6,6,14,6,62,26,36,30,15,5,5,45,45,45,45,45,45,75,65,75,76,84,79,43,56,56,LAC,LB,00-0032146,ACT,Bud Dupree,exact_name
14945,Caelen Carson,Caelen,Carson,2002-03-03,72,193,Wake Forest,23,1,,,72,88,52,89,93,72,93,88,27,19,11,6,11,7,68,57,56,27,26,16,14,15,12,11,25,16,22,33,27,52,73,76,66,66,73,73,DAL,DB,00-0039387,ACT,Caelen Carson,exact_name
21412,Cam Lewis,Cam,Lewis,1997-04-13,69,183,Buffalo,28,5,,,72,90,51,90,90,76,88,84,35,6,6,6,15,6,60,45,58,30,22,12,10,35,35,35,35,35,35,32,35,52,74,75,59,71,74,68,CHI,DB,00-0035357,ACT,Cam Lewis,exact_name
14778,Cam Ward,Cam,Ward,2002-05-25,74,219,Miami,23,0,,,72,82,66,83,85,64,93,81,91,85,79,78,79,80,45,28,33,25,35,17,19,26,36,33,32,33,33,38,39,40,32,24,35,33,35,33,TEN,QB,00-0040676,ACT,Cam Ward,exact_name
15071,Chimere Dike,Chimere,Dike,2001-12-14,73,196,Florida,23,0,,,72,94,65,88,94,74,85,86,11,21,10,14,35,21,80,77,77,69,72,72,74,26,24,15,54,30,29,31,31,38,39,43,49,53,47,26,TEN,WR,00-0040705,ACT,Chimere Dike,exact_name
17628,Chris Moore,Chris,Moore,1993-06-16,73,200,Cincinnati,32,8,,,72,88,58,86,88,75,88,81,26,18,15,12,19,6,84,82,82,68,76,77,74,40,21,19,55,27,20,11,11,24,21,29,26,16,24,16,nan,NAN,,,,unmatched
14707,Christian Haynes,Christian,Haynes,2000-04-13,75,317,Connecticut,25,1,,,72,71,87,68,75,76,95,56,23,21,15,13,7,11,29,31,32,21,19,11,10,73,75,72,74,73,74,10,10,20,23,29,33,12,15,10,SEA,OL,00-0039839,ACT,Christian Haynes,exact_name
22137,Cole Strange,Cole,Strange,1998-07-31,77,305,Tenn-Chat,27,3,,,72,71,87,68,79,77,89,59,21,6,6,6,11,6,43,42,39,44,36,34,30,70,69,73,71,75,78,38,37,34,39,43,42,10,10,10,LAC,OL,00-0038103,ACT,Cole Strange,exact_name
15117,Colston Loveland,Colston,Loveland,2004-04-09,78,241,Michigan,21,0,,,72,86,78,82,90,64,88,72,23,15,27,10,34,26,80,78,81,72,70,67,62,56,54,54,61,58,60,35,41,36,36,41,38,35,36,21,CHI,TE,00-0040126,ACT,Colston Loveland,exact_name
15346,Craig Woodson,Craig,Woodson,2001-02-20,72,200,California,24,0,,,72,91,59,85,92,70,86,85,24,6,6,6,12,6,71,59,62,34,36,31,27,35,35,35,35,35,35,33,32,55,67,76,69,65,72,68,NE,DB,00-0040716,ACT,Craig Woodson,exact_name
15000,Dadrion Taylor-Demerson,Dadrion,Taylor-Demerson,2001-01-20,70,197,Texas Tech,24,1,,,72,92,57,85,93,67,89,86,31,25,20,14,8,9,70,66,64,44,52,45,39,22,14,15,25,15,19,27,32,51,69,75,69,69,72,67,ARI,DB,00-0039864,ACT,Dadrion Taylor-Demerson,exact_name
20361,Dalton Risner,Dalton,Risner,1995-07-13,77,312,Kansas State,30,6,,,72,69,86,61,63,81,91,58,26,6,6,6,10,6,31,18,16,15,15,6,5,76,79,73,73,70,75,31,24,36,29,42,44,12,12,10,CIN,OL,00-0035702,ACT,Dalton Risner,exact_name
22185,Damone Clark,Damone,Clark,2000-06-28,75,240,LSU,25,3,,,72,90,67,80,89,67,83,74,24,19,13,10,12,11,57,48,52,31,32,29,25,45,45,45,45,45,45,49,46,68,63,81,91,65,68,46,DET,LB,00-0037281,ACT,Damone Clark,exact_name
15214,Darius Alexander,Darius,Alexander,2000-08-26,76,305,Toledo,25,0,,,72,74,86,73,79,68,89,63,22,9,6,6,7,10,50,34,44,14,16,13,10,45,45,45,45,45,45,78,74,81,68,75,77,31,37,17,NYG,DL,00-0040694,ACT,Darius Alexander,exact_name
21006,Darnay Holmes,Darnay,Holmes,1998-06-23,70,195,UCLA,27,5,,,72,90,56,89,89,73,88,88,29,6,6,6,10,6,75,62,72,40,55,51,47,35,35,35,35,35,35,36,45,47,72,73,53,73,72,71,ATL,DB,00-0036394,ACT,Darnay Holmes,exact_name
20458,Darnell Savage,Darnell,Savage,1997-07-30,71,198,Maryland,28,6,,,72,92,59,85,90,75,92,84,20,15,10,10,10,15,74,60,68,22,34,22,17,35,35,35,35,35,35,35,54,52,72,71,59,74,71,65,PIT,DB,00-0034968,ACT,Darnell Savage,exact_name
21134,Darrell Taylor,Darrell,Taylor,1997-03-24,76,267,Tennessee,28,5,,,72,83,86,74,86,68,88,64,31,6,6,6,18,6,59,55,52,38,45,41,34,45,45,45,45,45,45,68,73,75,64,81,82,49,56,53,nan,NAN,,,,unmatched
22311,David Ojabo,David,Ojabo,2000-05-17,76,255,Michigan,25,3,,,72,87,78,84,90,64,83,71,20,6,6,6,11,6,32,16,17,13,10,3,2,45,45,45,45,45,45,61,72,68,61,77,80,34,42,32,MIA,LB,00-0038142,ACT,David Ojabo,exact_name
13610,Dennis Gardeck,Dennis,Gardeck,1994-08-09,72,232,Sioux Falls,31,7,,,72,87,81,74,86,74,81,70,28,6,6,6,10,6,50,32,37,15,14,10,6,45,45,45,45,45,45,69,76,76,72,84,77,50,59,34,JAX,LB,00-0034473,ACT,Dennis Gardeck,exact_name
1160,Devaughn Vele,Devaughn,Vele,1997-12-15,77,210,Utah,27,1,,,72,90,58,83,90,74,84,80,49,37,30,23,31,24,87,83,81,71,76,75,73,28,20,27,43,18,24,10,10,32,25,35,33,20,27,25,NO,WR,00-0039424,ACT,Devaughn Vele,exact_name
21657,Dillon Radunz,Dillon,Radunz,1998-03-28,78,301,North Dakota St.,27,4,,,72,69,84,74,73,81,84,57,19,6,6,6,14,6,28,25,15,20,15,5,5,73,75,71,76,74,78,25,20,32,18,29,31,13,15,15,NO,OL,00-0036619,ACT,Dillon Radunz,exact_name
15295,Dorian Strong,Dorian,Strong,2002-03-14,73,185,Virginia Tech,23,0,,,72,89,60,96,91,67,87,92,18,17,14,9,32,31,73,61,66,31,29,27,27,35,25,35,35,25,35,29,29,49,66,74,67,68,73,72,BUF,DB,00-0040197,ACT,Dorian Strong,exact_name
23029,Emmanuel Forbes Jr,Emmanuel,Forbes Jr,2001-01-13,72,173,Mississippi St.,24,2,,,72,94,44,89,95,67,88,85,24,15,12,10,10,6,78,72,75,28,50,44,40,35,35,35,35,35,35,20,31,38,64,65,44,74,70,58,LA,DB,00-0039151,ACT,Emmanuel Forbes,exact_name
14934,Ennis Rakestraw Jr,Ennis,Rakestraw Jr,2002-06-05,72,183,Missouri,23,1,,,72,89,57,87,93,69,83,85,26,21,14,11,10,7,58,51,54,25,16,14,10,35,21,23,35,27,25,29,37,45,70,68,66,74,72,69,DET,DB,00-0039862,ACT,Ennis Rakestraw Jr.,exact_name
12644,Ethan Pocic,Ethan,Pocic,1995-08-05,78,320,LSU,30,8,,,72,71,88,56,64,75,86,50,24,6,6,6,11,6,34,14,17,16,23,13,7,71,71,70,82,78,84,10,10,33,32,27,36,12,12,10,nan,NAN,,,,unmatched
22916,Felix Anudike-Uzomah,Felix,Anudike-Uzomah,2002-01-24,76,255,Kansas State,23,2,,,72,81,72,85,82,71,90,72,20,6,6,6,11,6,32,21,27,13,10,7,5,35,35,35,40,40,40,72,74,73,68,84,78,24,29,32,KC,DL,00-0039006,ACT,Felix Anudike-Uzomah,exact_name
20393,Foster Moreau,Foster,Moreau,1997-05-06,76,250,LSU,28,6,,,72,82,76,80,85,72,92,79,25,20,15,10,10,10,86,79,79,66,66,61,57,61,59,60,62,62,61,10,10,37,15,42,33,12,15,15,HOU,TE,00-0034981,ACT,Foster Moreau,exact_name
112,Geno Smith,Geno,Smith,1990-10-10,75,221,West Virginia,34,12,,,72,87,58,80,83,64,87,73,88,87,82,84,83,86,57,46,48,30,30,20,10,24,20,20,20,15,15,10,10,25,18,30,38,18,25,15,NYJ,QB,00-0030565,ACT,Geno Smith,exact_name
22755,Hunter Luepke,Hunter,Luepke,2000-02-28,73,230,North Dakota St.,25,2,,,72,86,69,83,91,70,87,72,43,35,31,23,13,15,76,68,62,55,66,64,58,57,52,54,60,59,56,44,35,49,35,57,49,21,28,18,DAL,RB,00-0038738,ACT,Hunter Luepke,exact_name
13245,Isaac Yiadom,Isaac,Yiadom,1996-02-20,73,188,Boston College,29,7,,,72,89,54,85,90,74,86,86,22,6,6,6,13,6,66,55,61,38,31,26,20,35,35,35,35,35,35,28,40,53,74,73,56,71,76,77,NO,DB,00-0034780,ACT,Isaac Yiadom,exact_name
22971,Isaiah McGuire,Isaiah,McGuire,2001-07-27,76,271,Missouri,24,2,,,72,79,79,75,88,71,92,66,20,6,6,6,10,6,34,21,32,13,15,9,6,45,45,45,45,45,45,76,65,77,70,79,79,29,42,40,CLE,DL,00-0038574,ACT,Isaiah McGuire,exact_name
22678,Jack Gibbens,Jack,Gibbens,1998-11-24,75,242,Minnesota,26,3,,,72,86,68,79,85,72,91,78,23,9,7,6,5,6,58,41,45,15,15,9,5,40,35,35,45,40,40,56,47,70,73,82,85,59,69,43,ARI,LB,00-0037596,ACT,Jack Gibbens,exact_name
15172,Jack Sawyer,Jack,Sawyer,2002-05-06,76,260,Ohio State,23,0,,,72,80,77,71,86,76,92,63,17,11,10,8,12,10,49,37,44,12,15,10,5,45,45,45,45,45,45,74,65,77,74,84,80,37,48,33,PIT,LB,00-0040160,ACT,Jack Sawyer,exact_name
12524,Jamal Adams,Jamal,Adams,1995-10-17,73,213,LSU,29,8,,,72,87,77,83,87,71,76,85,25,15,10,10,17,15,68,52,61,12,35,25,20,35,35,35,35,35,35,59,61,69,72,85,70,67,74,63,nan,NAN,,,,unmatched
12838,Jamal Agnew,Jamal,Agnew,1995-04-03,70,190,San Diego,30,8,,,72,91,60,89,91,65,84,87,49,40,35,30,30,24,82,78,79,72,72,69,71,35,35,35,47,35,35,24,32,56,57,78,63,64,62,65,nan,NAN,,,,unmatched
20794,Jamie Gillan,Jamie,Gillan,1997-07-04,73,207,Arkansas P.B.,28,6,,,72,76,69,64,74,59,87,56,51,43,35,26,17,17,37,14,15,16,15,15,15,18,18,18,17,17,17,10,10,28,23,50,53,13,18,10,nan,NAN,,,,unmatched
14822,Jarquez Hunter,Jarquez,Hunter,2002-12-29,69,204,Auburn,22,0,,,72,91,73,78,91,73,93,77,54,33,29,22,33,26,65,49,49,47,57,52,40,48,38,36,39,32,29,29,31,42,46,49,42,40,47,44,LA,RB,00-0040692,ACT,Jarquez Hunter,exact_name
22874,Jarrett Patterson,Jarrett,Patterson,1999-09-01,76,310,Notre Dame,26,2,,,72,61,83,54,71,78,86,52,27,5,5,5,7,5,33,28,24,18,21,11,7,79,80,77,68,63,73,30,20,27,18,25,31,10,9,10,HOU,OL,00-0038615,ACT,Jarrett Patterson,exact_name
15051,Jaydon Blue,Jaydon,Blue,2004-01-08,69,195,Texas,21,0,,,72,93,65,89,95,61,86,88,31,24,19,15,23,20,71,59,60,60,68,64,59,52,39,36,36,27,24,25,27,30,37,43,30,29,31,26,DAL,RB,00-0040586,ACT,Jaydon Blue,exact_name
14632,Jaylen Wright,Jaylen,Wright,2003-04-01,71,210,Tennessee,22,1,,,72,93,76,84,93,64,90,86,26,22,16,12,17,16,66,48,48,47,60,54,53,57,34,31,42,26,30,10,10,33,16,38,34,10,17,14,MIA,RB,00-0039874,ACT,Jaylen Wright,exact_name
12720,Jeremy McNichols,Jeremy,McNichols,1995-12-26,69,205,Boise State,29,9,,,72,88,72,82,90,79,87,78,30,33,28,24,11,18,70,55,52,46,64,58,50,54,29,24,41,25,25,10,10,25,12,36,25,13,12,20,WAS,RB,00-0033955,ACT,Jeremy McNichols,exact_name
23058,Ji'Ayir Brown,Ji'Ayir,Brown,2000-01-25,71,202,Penn State,25,2,,,72,86,64,85,91,70,93,84,30,15,10,10,16,15,80,71,70,20,30,20,15,35,35,35,35,35,35,51,61,62,71,76,69,70,74,71,SF,DB,00-0038554,ACT,Ji'Ayir Brown,exact_name
28329,Joe Flacco,Joe,Flacco,1985-01-16,78,245,Delaware,40,17,,,72,75,66,68,71,72,93,62,89,87,80,80,79,80,31,10,12,12,10,10,10,15,25,15,15,20,20,10,10,24,15,30,29,15,20,10,CIN,QB,00-0026158,ACT,Joe Flacco,exact_name
22853,John Michael Schmitz Jr,John Michael,Schmitz Jr,1999-03-19,76,310,Minnesota,26,2,,,72,61,84,57,72,80,92,57,26,28,24,18,15,15,35,29,31,15,10,8,5,75,77,74,79,77,81,26,25,28,15,34,35,10,10,10,NYG,OL,00-0039019,ACT,John Michael Schmitz,exact_name
1069,John Parker Romo,John Parker,Romo,1997-08-24,71,175,Virginia Tech,28,2,,,72,75,38,62,71,57,85,54,26,32,15,12,16,15,18,15,15,15,15,15,15,17,17,17,16,16,16,10,10,24,17,29,26,11,17,10,nan,NAN,,,,unmatched
21179,Jon Runyan,Jon,Runyan,1997-08-08,76,307,Michigan,28,5,,,72,71,87,64,70,84,92,57,25,6,6,6,14,6,36,22,15,18,17,12,5,75,74,76,74,73,75,24,16,22,26,30,30,12,15,10,NYG,OL,00-0036246,ACT,Jon Runyan,exact_name
22770,Jonathan Mingo,Jonathan,Mingo,2001-04-20,74,220,Ole Miss,24,2,,,72,90,71,82,92,72,88,81,30,15,10,6,20,6,81,80,82,74,76,75,76,32,23,17,53,27,34,10,10,39,27,45,43,26,36,28,DAL,WR,00-0039062,ACT,Jonathan Mingo,exact_name
14674,Jordan Whittington,Jordan,Whittington,2000-10-01,73,205,Texas,24,1,,,72,89,64,90,90,73,81,87,22,20,15,15,20,6,86,76,78,71,74,74,71,34,28,22,54,34,29,10,10,28,17,34,28,13,18,15,LA,WR,00-0039751,ACT,Jordan Whittington,exact_name
15176,Josaiah Stewart,Josaiah,Stewart,2003-04-26,73,249,Michigan,22,0,,,72,82,79,77,88,71,91,69,22,20,10,8,20,15,31,15,15,13,20,15,10,45,45,45,45,45,45,77,73,69,67,77,78,32,41,31,LA,LB,00-0040580,ACT,Josaiah Stewart,exact_name
21510,Joseph Ossai,Joseph,Ossai,2000-04-12,76,263,Texas,25,4,,,72,84,80,80,90,66,85,65,24,6,6,6,10,6,53,43,46,15,10,5,5,45,45,45,45,45,45,76,69,72,62,78,79,45,54,47,NYJ,DL,00-0036902,ACT,Joseph Ossai,exact_name
15005,Joshua Karty,Joshua,Karty,2002-03-07,74,207,Stanford,23,1,,,72,75,45,64,80,55,92,56,34,31,21,20,15,20,32,14,19,16,19,15,12,20,17,17,20,16,16,10,10,11,15,25,24,11,14,9,nan,NAN,,,,unmatched
11673,Kelvin Beachum,Kelvin,Beachum,1989-06-08,75,308,SMU,36,13,,,72,63,87,57,61,88,94,44,12,6,6,6,14,6,42,10,15,15,10,5,5,77,79,74,74,72,76,30,30,40,15,30,45,15,25,10,nan,NAN,,,,unmatched
14637,Kimani Vidal,Kimani,Vidal,2001-08-28,68,213,Troy,24,1,,,72,90,70,85,90,74,90,83,28,20,15,10,12,15,68,51,55,57,66,60,56,47,38,34,27,16,22,10,10,29,17,35,33,12,18,15,LAC,RB,00-0039391,ACT,Kimani Vidal,exact_name
21166,Kindle Vildor,Kindle,Vildor,1997-12-11,70,189,Ga. Southern,27,5,,,72,89,56,89,88,78,92,88,37,33,22,17,27,29,68,49,67,30,32,26,20,35,35,35,35,35,35,34,38,50,76,73,55,64,73,73,NE,DB,00-0036307,ACT,Kindle Vildor,exact_name
14705,Kingsley Suamataia,Kingsley,Suamataia,2003-01-18,77,326,BYU,22,1,,,72,71,89,67,76,71,91,52,78,15,11,9,12,9,35,31,32,14,14,12,11,73,76,70,75,73,76,35,33,30,20,27,40,15,20,15,KC,OL,00-0039844,ACT,Kingsley Suamataia,exact_name
15035,Kyle Monangai,Kyle,Monangai,2002-06-06,68,207,Rutgers,23,0,,,72,86,77,81,88,68,91,78,24,10,27,21,36,28,68,48,46,46,53,46,37,49,44,39,43,32,30,28,30,33,26,38,36,22,24,21,CHI,RB,00-0040236,ACT,Kyle Monangai,exact_name
15061,Kyle Williams,Kyle,Williams,2002-11-13,72,190,Wash. St.,22,0,,,72,92,66,87,93,70,83,85,59,48,43,38,32,34,81,79,77,78,75,75,74,27,24,18,49,23,24,25,28,31,40,33,29,29,36,28,NE,WR,00-0040131,ACT,Kyle Williams,exact_name
22180,Logan Hall,Logan,Hall,2000-04-22,78,283,Houston,25,3,,,72,76,85,75,83,73,90,66,28,6,6,6,13,6,37,25,32,21,21,14,10,45,45,45,45,45,45,74,66,72,73,79,82,20,28,25,HOU,DL,00-0038127,ACT,Logan Hall,exact_name
14666,Luke McCaffrey,Luke,McCaffrey,2001-04-02,74,198,Rice,24,1,,,72,90,55,92,91,62,89,90,58,53,45,43,51,47,83,84,78,65,76,75,71,28,20,18,41,23,29,10,10,30,16,37,32,13,19,10,WAS,WR,00-0039355,ACT,Luke McCaffrey,exact_name
14665,Malik Washington,Malik,Washington,2000-10-20,69,191,Virginia,24,1,,,72,90,59,88,92,71,88,86,42,30,27,19,29,18,85,79,77,67,74,72,71,24,38,33,42,19,27,10,10,20,16,28,29,18,16,15,MIA,WR,00-0039880,ACT,Malik Washington,exact_name
21145,Malik Harrison,Malik,Harrison,1998-03-05,75,259,Ohio State,27,5,,,72,85,75,84,86,73,87,73,47,34,27,22,36,21,58,42,48,20,26,21,16,45,45,45,45,45,45,70,60,74,72,83,83,54,63,55,PIT,LB,00-0036280,ACT,Malik Harrison,exact_name
19983,Marcus Mariota,Marcus,Mariota,1993-10-30,76,222,Oregon,31,10,,,72,87,60,85,88,74,79,82,86,87,82,75,80,81,62,26,31,23,39,29,19,20,15,15,28,20,20,10,10,25,30,35,28,10,24,10,WAS,QB,00-0032268,ACT,Marcus Mariota,exact_name
2537,Mario Edwards Jr,Mario,Edwards Jr,1994-04-19,75,280,Florida State,31,10,,,72,75,88,66,70,73,86,59,33,6,6,6,15,6,47,15,15,15,15,8,4,45,45,45,45,45,45,76,64,76,72,76,81,24,29,15,nan,NAN,,,,unmatched
14906,Marist Liufau,Marist,Liufau,2001-02-09,74,234,Notre Dame,24,1,,,72,84,73,78,88,71,90,78,26,23,21,19,19,13,60,49,54,29,31,29,24,40,41,40,45,45,45,72,61,75,70,83,76,68,67,63,DAL,LB,00-0039352,ACT,Marist Liufau,exact_name
15350,Marques Sigle,Marques,Sigle,2002-07-18,71,199,Kansas State,23,0,,,72,92,64,84,92,70,90,81,24,6,6,6,12,6,68,57,60,32,34,29,25,35,35,35,35,35,35,36,37,50,67,76,71,68,72,67,SF,DB,00-0040185,ACT,Marques Sigle,exact_name
14628,MarShawn Lloyd,MarShawn,Lloyd,2001-01-05,69,215,USC,24,1,,,72,90,73,88,92,73,78,87,26,22,16,12,17,16,63,50,49,50,60,55,52,53,32,29,29,23,18,10,10,25,16,33,30,10,17,14,GB,RB,00-0039811,ACT,MarShawn Lloyd,exact_name
14868,Marshawn Kneeland,Marshawn,Kneeland,2001-07-08,75,267,W. Michigan,24,1,,,72,81,78,79,84,74,89,75,34,6,6,6,12,6,26,10,15,12,10,3,2,45,45,45,45,45,45,75,69,74,75,79,78,31,32,28,nan,NAN,,,,unmatched
22931,Mazi Smith,Mazi,Smith,2001-06-16,75,337,Michigan,24,2,,,72,74,91,76,77,66,92,66,22,7,6,5,7,6,33,25,24,15,15,10,6,40,40,40,45,45,45,70,55,74,63,73,83,12,14,15,NYJ,DL,00-0038545,ACT,Mazi Smith,exact_name
22162,Micheal Clemons,Micheal,Clemons,1997-08-21,77,281,Texas AM,28,3,,,72,77,80,74,84,74,86,65,23,20,15,10,12,6,30,20,26,12,10,8,4,45,45,45,45,45,45,74,60,77,72,82,82,20,28,26,IND,DL,00-0038107,ACT,Micheal Clemons,exact_name
14865,Mike Hall Jr,Mike,Hall Jr,2003-06-13,74,300,Ohio State,22,1,,,72,81,79,67,85,73,88,58,30,6,6,6,17,6,33,28,27,12,10,5,3,45,45,45,45,45,45,75,73,78,72,77,83,21,27,13,CLE,DL,00-0039895,ACT,Mike Hall Jr.,exact_name
13872,Mo Alie-Cox,Mo,Alie-Cox,1993-09-19,77,267,Virginia Commonwealth,31,7,,,72,82,70,73,81,70,89,64,25,15,10,6,14,6,83,81,84,71,70,66,63,61,60,57,66,65,61,10,10,19,21,25,28,10,13,10,IND,TE,00-0033217,ACT,Mo Alie-Cox,exact_name
20563,Neville Gallimore,Neville,Gallimore,1997-01-17,74,302,Oklahoma,28,5,,,72,80,80,71,82,74,88,63,29,6,6,6,10,6,34,23,25,17,15,7,5,45,45,45,45,45,45,71,77,73,71,77,84,16,24,15,CHI,DL,00-0036366,ACT,Neville Gallimore,exact_name
13090,Ogbo Okoronkwo,Ogbo,Okoronkwo,1995-04-24,74,250,Oklahoma,30,7,,,72,81,83,78,83,77,85,69,19,5,5,5,16,5,41,25,15,15,15,15,15,45,45,45,45,45,45,67,73,76,74,84,77,45,51,30,nan,NAN,,,,unmatched
15049,Ollie Gordon II,Ollie,Gordon II,2004-01-15,73,226,Oklahoma St.,21,0,,,72,86,76,83,88,74,92,82,51,38,32,31,35,29,69,48,48,56,62,56,50,54,40,36,37,29,28,29,30,36,28,42,38,27,20,22,MIA,RB,00-0040198,ACT,Ollie Gordon II,exact_name
21690,Patrick Jones II,Patrick,Jones II,1998-09-29,76,264,Pittsburgh,26,4,,,72,77,78,72,86,77,89,65,18,6,6,6,16,6,38,22,23,12,10,5,5,45,45,45,45,45,45,75,67,75,75,80,79,30,39,26,CAR,LB,00-0037007,ACT,Patrick Jones II,exact_name
15177,Princely Umanmielen,Princely,Umanmielen,2002-04-18,76,244,Ole Miss,23,0,,,72,82,79,80,89,70,88,69,25,19,10,6,10,6,32,23,22,15,15,8,7,45,45,45,45,45,45,70,77,79,66,78,74,46,52,39,CAR,LB,00-0040136,ACT,Princely Umanmielen,exact_name
17834,Quinton Jefferson,Quinton,Jefferson,1993-03-31,76,291,Maryland,32,9,,,72,74,82,62,76,79,89,60,10,6,6,6,10,6,36,15,15,28,10,3,2,44,45,45,45,45,45,58,76,74,77,78,83,15,25,25,nan,NAN,,,,unmatched
2898,Rick Lovato,Rick,Lovato,1992-09-09,74,235,Old Dominion,32,10,,,72,74,72,59,68,66,92,57,10,10,10,10,10,10,66,43,45,42,48,43,38,59,50,40,50,40,35,24,16,44,13,41,52,22,19,10,nan,NAN,,,,unmatched
21637,Riley Patterson,Riley,Patterson,1999-09-07,72,190,Memphis,25,4,,,72,76,40,63,78,55,91,56,31,31,24,20,16,20,38,10,15,10,10,10,10,10,16,14,15,16,16,10,10,14,17,34,32,15,15,10,MIA,K,00-0036816,ACT,Riley Patterson,exact_name
13163,Ronnie Harrison Jr,Ronnie,Harrison Jr,1997-04-18,75,214,Alabama,28,7,,,72,86,72,81,88,72,87,79,23,6,6,6,18,6,74,55,63,20,20,15,10,35,35,35,35,35,35,45,53,60,71,75,71,69,74,74,MIA,LB,00-0034779,ACT,Ronnie Harrison,exact_name
21400,Ross Matiscik,Ross,Matiscik,1996-09-13,72,240,Baylor,28,5,,,72,71,73,68,67,66,92,59,33,11,11,11,12,11,55,45,49,40,46,42,38,55,47,40,47,40,35,52,47,62,56,72,62,47,50,30,JAX,LS,00-0035827,ACT,Ross Matiscik,exact_name
21929,Roy Lopez,Roy,Lopez,1997-08-07,74,318,Arizona,28,4,,,72,66,90,69,68,74,90,60,21,6,6,6,16,6,22,13,12,12,10,8,5,45,45,45,45,45,45,75,67,76,78,75,78,12,19,11,ARI,DL,00-0036568,ACT,Roy Lopez,exact_name
1124,Ryan Flournoy,Ryan,Flournoy,1999-10-27,73,200,SE Missouri St.,25,1,,,72,91,62,81,91,76,82,79,29,20,15,15,20,6,86,80,82,75,75,73,70,33,28,22,55,36,31,10,10,28,15,34,31,13,18,15,DAL,WR,00-0039410,ACT,Ryan Flournoy,exact_name
21846,Ryan Neuzil,Ryan,Neuzil,1997-07-31,75,301,Appalach. St.,28,4,,,72,69,85,68,72,76,94,58,21,7,6,5,10,6,50,50,48,51,46,44,39,77,74,79,77,75,79,10,10,22,25,29,22,6,10,10,ATL,OL,00-0036833,ACT,Ryan Neuzil,exact_name
22486,Samuel Womack III,Samuel,Womack III,1999-07-07,70,189,Toledo,26,3,,,72,92,46,88,93,66,88,88,17,6,6,6,10,6,69,55,60,24,33,28,21,25,25,25,25,24,25,31,36,41,67,66,58,73,69,67,NYJ,DB,00-0037830,ACT,Samuel Womack,exact_name
15205,Shemar Turner,Shemar,Turner,2003-01-14,75,290,Texas AM,22,0,,,72,80,88,72,85,74,86,62,27,15,10,8,13,14,29,22,24,12,15,13,10,45,45,45,45,45,45,75,64,77,69,73,76,15,20,20,CHI,DL,00-0040741,ACT,Shemar Turner,exact_name
22362,Skyy Moore,Skyy,Moore,2000-09-10,70,195,W. Michigan,24,3,,,72,89,69,86,95,68,84,89,55,42,35,34,32,30,83,76,78,76,73,71,73,31,20,23,47,28,34,10,10,31,28,34,30,25,32,24,GB,WR,00-0038090,ACT,Skyy Moore,exact_name
12526,Solomon Thomas,Solomon,Thomas,1995-08-26,75,295,Stanford,30,8,,,72,82,87,77,83,65,91,59,18,6,6,6,17,6,32,25,25,20,25,18,14,45,45,45,45,45,45,61,74,73,66,78,82,29,43,34,TEN,DL,00-0033870,ACT,Solomon Thomas,exact_name
23081,Sydney Brown,Sydney,Brown,2000-03-21,70,211,Illinois,25,2,,,72,90,69,83,95,71,88,79,42,34,28,24,17,16,76,65,69,35,37,33,24,25,25,25,35,35,35,39,48,58,69,75,64,72,66,71,ATL,DB,00-0039002,ACT,Sydney Brown,exact_name
15072,Tez Johnson,Tez,Johnson,2002-05-18,70,165,Oregon,23,0,,,72,89,58,93,91,63,88,90,63,49,43,44,39,29,82,77,76,66,74,73,74,22,22,15,51,17,15,18,17,22,37,19,19,21,28,21,TB,WR,00-0040237,ACT,Tez Johnson,exact_name
21777,Tommy Tremble,Tommy,Tremble,2000-06-02,76,250,Notre Dame,25,4,,,72,86,75,80,89,75,89,73,26,15,10,6,10,6,79,78,77,63,69,64,61,58,57,54,62,58,62,10,10,37,23,36,34,15,22,21,CAR,TE,00-0037005,ACT,Tommy Tremble,exact_name
15058,Tre' Harris,Tre',Harris,2002-02-28,75,210,Ole Miss,23,0,,,72,88,68,82,91,74,87,82,64,51,44,40,33,32,82,82,85,74,74,72,75,21,21,14,52,30,33,31,33,38,36,37,21,24,27,25,LAC,WR,00-0040727,ACT,Tre Harris,exact_name
13759,Trent Sherfield Sr,Trent,Sherfield Sr,1996-02-25,73,205,Vanderbilt,29,7,,,72,89,54,86,91,74,90,82,49,40,35,29,24,31,85,81,79,70,76,73,71,40,25,27,57,25,15,10,10,35,18,58,50,30,44,27,BUF,WR,00-0034487,ACT,Trent Sherfield,exact_name
21130,Trevis Gipson,Trevis,Gipson,1997-06-13,75,263,Tulsa,28,5,,,72,82,79,78,86,72,90,70,20,6,6,6,14,6,37,19,22,13,15,8,4,45,45,45,45,45,45,64,74,71,70,79,79,38,46,34,CAR,DL,00-0036305,ACT,Trevis Gipson,exact_name
22103,Trevor Penning,Trevor,Penning,1999-05-15,79,325,Northern Iowa,26,3,,,72,76,89,74,82,59,87,60,23,11,10,7,7,5,41,35,35,28,31,23,17,66,72,60,80,82,76,26,31,33,21,41,27,10,11,12,LAC,OL,00-0037241,ACT,Trevor Penning,exact_name
22776,Trey Palmer,Trey,Palmer,2001-04-02,72,192,Nebraska,24,2,,,72,95,54,80,92,74,90,86,25,15,10,6,18,6,83,78,79,71,74,75,77,30,22,25,57,29,35,13,20,36,31,46,46,33,39,37,NO,WR,00-0039052,ACT,Trey Palmer,exact_name
14866,Tyler Davis,Tyler,Davis,2000-11-01,74,300,Clemson,24,1,,,72,72,89,60,78,60,88,51,12,13,16,17,15,15,22,15,15,13,4,4,4,23,25,18,45,45,45,72,67,76,65,77,85,17,19,10,LA,DL,00-0039749,ACT,Tyler Davis,exact_name
14701,Tyler Guyton,Tyler,Guyton,2002-06-11,79,327,Oklahoma,23,1,,,72,67,85,71,75,81,91,59,25,12,9,7,7,7,33,22,25,15,21,17,15,76,76,72,77,75,79,23,24,29,33,39,28,16,14,13,DAL,OL,00-0039341,ACT,Tyler Guyton,exact_name
21072,Van Jefferson,Van,Jefferson,1996-07-26,73,200,Florida,29,5,,,72,89,59,84,92,76,89,80,36,32,27,22,25,21,81,82,83,75,77,75,73,41,28,22,36,31,25,10,10,34,15,38,34,16,23,14,WAS,WR,00-0036415,ACT,Van Jefferson,exact_name
20466,Will Harris,Will,Harris,1995-12-19,73,207,Boston College,29,6,,,72,89,65,83,90,74,90,82,23,15,10,10,14,15,68,52,65,39,37,32,28,35,35,35,35,35,35,27,33,52,72,73,68,66,73,65,WAS,DB,00-0035655,ACT,Will Harris,exact_name
14630,Will Shipley,Will,Shipley,2002-08-29,71,210,Clemson,23,1,,,72,91,68,87,91,71,83,89,36,28,22,15,22,18,64,52,53,58,67,62,55,45,30,35,30,25,32,10,10,25,17,35,32,11,18,10,PHI,RB,00-0039746,ACT,Will Shipley,exact_name
22920,Zach Harrison,Zach,Harrison,2001-08-14,78,272,Ohio State,24,2,,,72,83,81,73,87,74,89,61,23,20,14,13,12,5,46,41,49,32,29,26,24,40,40,40,45,45,45,76,67,76,71,76,81,35,44,44,ATL,DL,00-0038980,ACT,Zach Harrison,exact_name
21092,Adam Trautman,Adam,Trautman,1997-02-05,77,253,Dayton,28,5,,,71,82,74,84,83,60,89,73,65,61,55,47,47,48,83,80,80,66,67,62,56,63,60,63,66,63,67,10,10,31,16,34,33,13,19,17,DEN,TE,00-0036422,ACT,Adam Trautman,exact_name
22208,Akayleb Evans,Akayleb,Evans,1999-06-02,74,198,Missouri,26,3,,,71,90,65,81,93,69,85,86,24,15,10,10,11,11,59,48,52,27,28,23,17,33,33,33,35,35,35,35,40,49,68,70,56,66,76,78,CAR,DB,00-0038101,ACT,Akayleb Evans,exact_name
21160,Akeem Davis-Gaither,Akeem,Davis-Gaither,1997-09-21,74,228,Appalach. St.,27,5,,,71,87,70,85,91,73,85,78,30,15,10,10,10,15,63,45,60,15,33,28,18,40,35,35,35,35,35,52,58,67,73,83,79,60,67,60,IND,LB,00-0036298,ACT,Akeem Davis-Gaither,exact_name
13297,Alex Cappa,Alex,Cappa,1995-01-27,78,310,Humboldt State,30,7,,,71,68,85,58,62,83,89,51,16,6,6,6,16,6,51,39,37,40,34,24,16,71,74,68,74,76,72,43,39,39,34,28,43,12,12,10,nan,NAN,,,,unmatched
4705,Andre Szmyt,Andre,Szmyt,1998-09-26,72,200,Syracuse,26,0,,,71,73,41,64,71,55,88,52,29,37,28,27,13,10,29,10,12,12,10,10,10,16,10,10,14,10,10,10,10,15,12,19,13,12,12,10,CLE,K,00-0038428,ACT,Andre Szmyt,exact_name
20672,Andre James,Andre,James,1997-05-02,76,300,UCLA,28,6,,,71,67,83,57,68,74,91,51,25,6,6,6,10,6,29,25,15,16,15,5,5,79,77,81,74,72,75,25,15,39,20,29,32,13,15,10,nan,NAN,,,,unmatched
22778,Andrei Iosivas,Andrei,Iosivas,1999-10-15,75,210,Princeton,25,2,,,71,92,67,89,91,72,88,87,30,20,15,10,22,21,82,80,78,64,71,72,74,22,19,15,37,21,14,10,11,28,15,31,28,10,10,16,CIN,WR,00-0038619,ACT,Andrei Iosivas,exact_name
15127,Anthony Belton,Anthony,Belton,2001-02-23,78,336,N.C. State,24,0,,,71,64,86,59,68,74,90,55,15,6,9,6,11,6,22,15,21,16,16,5,5,75,79,75,74,75,73,39,32,44,12,30,31,13,15,10,GB,OL,00-0040726,ACT,Anthony Belton,exact_name
22893,Anthony Bradford,Anthony,Bradford,2001-04-28,77,345,LSU,24,2,,,71,70,92,56,84,74,87,52,12,10,7,6,7,5,24,16,14,11,11,9,7,65,70,60,76,78,74,10,10,25,21,22,30,11,12,10,SEA,OL,00-0039020,ACT,Anthony Bradford,exact_name
22709,Antonio Johnson,Antonio,Johnson,2001-10-29,75,195,Texas AM,23,2,,,71,88,55,80,92,69,89,80,23,15,10,10,11,15,64,53,63,49,45,40,33,35,35,35,35,35,35,35,49,53,67,80,70,73,69,74,JAX,DB,00-0038596,ACT,Antonio Johnson,exact_name
15007,Austin McNamara,Austin,McNamara,2001-02-24,77,204,Texas Tech,24,1,,,71,76,45,68,80,54,90,63,42,55,54,51,24,23,40,20,23,15,15,15,15,18,5,5,15,6,6,10,10,21,27,26,25,15,25,22,NYJ,P,00-0039634,ACT,Austin McNamara,exact_name
14754,Bralen Trice,Bralen,Trice,2001-02-26,76,274,Washington,24,1,,,71,82,76,77,85,70,88,68,27,6,6,6,16,6,28,21,30,23,15,8,4,45,45,45,45,45,45,72,75,74,69,79,78,43,49,24,ATL,LB,00-0039837,ACT,Bralen Trice,exact_name
14768,Brandon Dorlus,Brandon,Dorlus,2001-03-22,75,283,Oregon,24,1,,,71,77,84,70,82,67,88,52,22,6,6,6,16,6,35,17,20,17,13,6,3,44,45,44,44,44,45,75,70,79,64,78,79,22,29,23,ATL,DL,00-0039859,ACT,Brandon Dorlus,exact_name
14730,Brandon Coleman,Brandon,Coleman,2000-10-12,77,313,TCU,24,1,,,71,73,85,71,77,72,91,60,23,11,10,7,7,5,26,22,26,19,12,11,7,74,77,71,74,71,75,35,31,35,21,41,27,10,10,9,WAS,OL,00-0039913,ACT,Brandon Coleman,exact_name
21339,Broderick Washington,Broderick,Washington,1996-12-04,74,314,Texas Tech,28,5,,,71,70,83,61,73,76,89,52,27,6,6,6,16,6,23,10,12,12,10,3,2,55,55,52,57,56,54,73,63,75,79,77,79,19,26,10,BAL,DL,00-0036081,ACT,Broderick Washington,exact_name
22849,Broderick Jones,Broderick,Jones,2001-05-16,77,311,Georgia,24,2,,,71,73,86,76,83,74,92,59,24,6,6,6,11,6,34,24,26,15,15,9,5,74,73,75,74,72,76,58,43,55,57,61,54,12,15,10,PIT,OL,00-0039109,ACT,Broderick Jones,exact_name
15141,Caleb Rogers,Caleb,Rogers,2001-10-03,77,312,Texas Tech,23,0,,,71,69,86,70,72,72,90,64,22,6,6,6,10,6,24,10,15,12,10,10,5,73,74,72,75,75,73,10,10,24,25,26,22,10,10,10,LV,OL,00-0040150,ACT,Caleb Rogers,exact_name
21687,Cam Sample,Cam,Sample,1999-09-20,75,272,Tulane,25,4,,,71,77,78,70,81,70,88,65,27,6,6,6,10,6,35,24,24,13,14,6,3,45,45,45,45,45,45,75,67,76,73,82,84,38,47,36,nan,NAN,,,,unmatched
13165,Cedrick Wilson Jr,Cedrick,Wilson Jr,1995-11-20,74,197,Boise State,29,7,,,71,88,51,84,89,70,88,82,69,55,50,46,42,38,84,82,84,69,74,73,73,29,27,23,42,31,25,10,10,24,19,34,28,16,22,10,DET,WR,00-0034418,ACT,Cedrick Wilson Jr.,exact_name
14966,Chau Smith-Wade,Chau,Smith-Wade,2002-09-17,71,176,Wash. St.,22,1,,,71,88,57,86,92,73,88,84,27,17,14,9,11,6,69,47,54,27,26,16,11,10,33,34,15,33,34,26,27,41,72,71,58,72,73,65,CAR,DB,00-0039380,ACT,Chau Smith-Wade,exact_name
12426,Chris Manhertz,Chris,Manhertz,1992-04-10,78,235,Canisius,33,10,,,71,78,77,81,83,68,95,73,30,6,6,6,10,6,72,72,73,62,57,52,47,66,66,61,71,71,69,17,17,29,22,37,33,14,21,17,NYG,TE,00-0031484,ACT,Chris Manhertz,exact_name
21358,Christian Rozeboom,Christian,Rozeboom,1997-01-30,74,230,S. Dakota St.,28,5,,,71,82,67,77,86,80,88,70,22,6,6,6,15,6,70,33,37,12,26,5,5,45,45,45,45,45,45,51,57,68,79,83,79,61,67,46,TB,LB,00-0035942,ACT,Christian Rozeboom,exact_name
22682,Christian Elliss,Christian,Elliss,1999-01-02,75,231,Idaho,26,4,,,71,85,74,82,86,73,89,70,21,6,6,6,10,6,58,48,51,12,15,5,5,45,45,45,45,45,45,64,55,71,76,83,81,50,55,44,NE,LB,00-0036813,ACT,Christian Elliss,exact_name
22405,Christian Harris,Christian,Harris,2001-01-16,73,226,Alabama,24,3,,,71,90,69,84,93,71,90,82,25,6,6,6,10,6,69,50,62,37,35,31,29,45,45,45,45,45,45,55,62,66,72,84,77,65,66,58,ATL,LB,00-0037823,ACT,Christian Harris,exact_name
20951,Colby Parkinson,Colby,Parkinson,1999-01-08,79,251,Stanford,26,5,,,71,82,73,78,83,73,86,68,23,15,10,6,13,6,85,77,82,68,70,64,56,62,58,61,63,59,62,20,20,47,46,47,48,16,22,19,LA,TE,00-0036244,ACT,Colby Parkinson,exact_name
22236,Damarri Mathis,Damarri,Mathis,1999-04-12,71,195,Pittsburgh,26,3,,,71,93,61,84,93,70,87,83,29,6,6,6,10,6,67,56,63,32,30,25,20,30,30,30,35,35,35,34,40,47,69,67,48,68,72,75,nan,NAN,,,,unmatched
22102,Daniel Bellinger,Daniel,Bellinger,2000-09-22,77,253,San Diego St.,24,3,,,71,85,79,79,89,75,91,70,25,15,10,6,10,6,84,77,77,66,67,59,54,61,57,61,62,61,59,34,31,49,39,55,44,23,31,24,TEN,TE,00-0038115,ACT,Daniel Bellinger,exact_name
13552,Daniel Ekuale,Daniel,Ekuale,1994-01-13,75,305,Wash. St.,31,7,,,71,67,81,64,68,73,84,50,10,6,6,6,10,6,35,15,15,26,10,3,2,45,45,45,45,45,45,72,59,76,74,77,88,15,25,25,nan,NAN,,,,unmatched
14872,Darius Robinson,Darius,Robinson,2001-09-13,77,285,Missouri,23,1,,,71,74,87,77,77,71,87,58,17,12,19,27,16,11,25,25,21,10,10,8,6,35,35,35,40,40,40,73,68,73,72,75,78,32,33,25,ARI,DL,00-0039854,ACT,Darius Robinson,exact_name
12859,David Moore,David,Moore,1995-01-15,72,219,East Central Univ.,30,8,,,71,88,74,82,86,78,86,76,35,29,25,15,19,15,85,82,85,73,74,75,74,56,30,29,57,27,20,10,10,33,25,40,37,18,25,33,CAR,WR,00-0033589,ACT,David Moore,exact_name
12596,Dawuane Smoot,Dawuane,Smoot,1995-03-02,75,264,Illinois,30,8,,,71,79,82,79,77,78,90,61,20,6,6,6,14,6,35,20,22,12,10,3,2,45,45,45,45,45,45,64,74,75,77,80,77,26,35,24,nan,NAN,,,,unmatched
17731,Dean Lowry,Dean,Lowry,1994-06-09,78,296,Northwestern,31,9,,,71,76,86,69,76,71,94,56,22,6,6,6,15,6,48,37,33,17,13,6,3,45,45,44,45,44,45,73,61,72,69,77,86,23,29,22,PIT,DL,00-0032412,ACT,Dean Lowry,exact_name
13859,DeAndre Carter,DeAndre,Carter,1993-04-10,68,188,Sacramento State,32,9,,,71,88,60,91,92,70,88,89,31,19,12,7,20,13,85,77,78,70,74,75,73,28,19,19,36,26,20,15,23,34,22,39,35,15,23,10,nan,NAN,,,,unmatched
14835,Devin Neal,Devin,Neal,2003-08-12,71,213,Kansas,22,0,,,71,87,71,81,89,67,93,84,45,36,29,23,31,28,68,54,53,53,60,55,49,48,43,42,40,30,31,28,30,34,36,40,40,26,30,25,NO,RB,00-0040202,ACT,Devin Neal,exact_name_birthdate
14653,Devontez Walker,Devontez,Walker,2001-06-19,74,193,North Carolina,24,1,,,71,94,63,87,93,60,89,84,23,15,10,6,19,6,80,81,85,73,73,74,75,38,20,20,52,28,35,10,10,31,17,29,33,12,20,10,BAL,WR,00-0039792,ACT,Devontez Walker,exact_name
15053,DJ Giddens,DJ,Giddens,2003-08-26,72,212,Kansas State,22,0,,,71,91,70,77,92,72,90,80,28,12,13,18,33,30,63,52,51,50,59,57,52,49,41,39,35,32,30,29,32,39,26,36,35,21,27,21,IND,RB,00-0040179,ACT,DJ Giddens,exact_name
22975,Drew Sanders,Drew,Sanders,2001-12-31,77,233,Arkansas,23,2,,,71,84,72,81,89,73,88,74,52,51,45,40,33,44,64,58,59,12,10,8,4,35,35,35,40,40,40,73,71,73,75,85,76,70,62,69,DEN,LB,00-0039003,ACT,Drew Sanders,exact_name
13291,Durham Smythe,Durham,Smythe,1995-08-09,77,248,Notre Dame,30,7,,,71,81,75,75,83,77,90,73,25,15,10,6,14,6,86,74,76,65,66,62,56,60,56,59,62,57,62,10,10,19,21,25,28,10,13,10,BAL,TE,00-0034798,ACT,Durham Smythe,exact_name
1074,Elijah Jones,Elijah,Jones,2000-01-08,73,185,Boston College,25,1,,,71,91,48,82,93,61,88,86,23,21,19,15,12,14,77,65,72,15,23,16,10,26,15,19,34,25,26,29,35,43,60,74,65,73,67,74,ARI,DB,00-0039823,ACT,Elijah Jones,exact_name
13105,Isaiah Oliver,Isaiah,Oliver,1996-09-30,72,210,Colorado,28,7,,,71,89,59,84,88,73,85,87,40,6,6,6,16,6,76,66,71,49,54,48,42,35,35,35,35,35,35,22,31,39,71,74,58,74,71,77,ARI,DB,00-0034357,ACT,Isaiah Oliver,exact_name
22283,Ja'Sir Taylor,Ja'Sir,Taylor,1999-01-08,70,185,Wake Forest,26,3,,,71,92,53,89,93,73,90,86,28,6,6,6,10,6,65,55,58,24,33,23,16,35,35,35,35,35,35,34,39,43,72,66,50,71,66,64,CIN,DB,00-0037307,ACT,Ja'Sir Taylor,exact_name
22195,Jack Sanborn,Jack,Sanborn,2000-07-29,74,234,Wisconsin,25,3,,,71,80,72,79,87,78,92,71,25,6,6,6,12,6,65,50,53,25,32,30,24,35,35,35,40,40,40,62,45,72,77,85,78,53,62,37,CHI,LB,00-0037109,ACT,Jack Sanborn,exact_name
4728,Jack Westover,Jack,Westover,1999-06-09,74,245,Washington,26,1,,,71,80,78,81,85,59,89,74,38,20,15,10,15,21,73,63,68,63,67,63,57,59,52,54,64,55,61,14,10,41,25,45,43,12,14,17,NE,RB,00-0039305,ACT,Jack Westover,exact_name
14663,Jacob Cowing,Jacob,Cowing,2001-02-04,68,168,Arizona,24,1,,,71,93,52,83,93,52,91,85,25,25,20,15,15,6,79,77,77,74,77,76,76,25,12,12,39,20,25,10,10,24,17,27,26,17,25,15,SF,WR,00-0039365,ACT,Jacob Cowing,exact_name
17566,Jacoby Brissett,Jacoby,Brissett,1992-12-11,76,235,N.C. State,32,9,,,71,79,73,77,75,70,91,71,90,85,79,82,81,81,27,20,20,19,18,17,15,17,14,18,16,10,10,9,9,21,21,28,39,12,18,9,ARI,QB,00-0033119,ACT,Jacoby Brissett,exact_name
23347,Jaleel McLaughlin,Jaleel,McLaughlin,2000-09-13,67,187,Youngstown St.,24,2,,,71,92,66,78,92,66,88,83,31,27,21,17,23,16,70,48,52,54,62,55,51,48,27,30,31,26,21,19,13,32,18,34,29,15,21,15,DEN,RB,00-0038794,ACT,Jaleel McLaughlin,exact_name
15056,Jalen Royals,Jalen,Royals,2003-02-18,72,205,Utah State,22,0,,,71,92,64,85,93,73,87,83,43,29,25,20,30,28,81,81,80,71,75,72,71,27,28,19,49,28,28,34,36,43,23,42,23,29,31,19,KC,WR,00-0040646,ACT,Jalen Royals,exact_name
22696,Jalin Hyatt,Jalin,Hyatt,2001-09-25,72,190,Tennessee,23,2,,,71,94,57,82,95,68,89,83,25,15,10,6,19,6,82,75,77,70,75,76,77,28,13,18,50,18,25,10,10,20,15,25,17,10,10,10,NYG,WR,00-0038938,ACT,Jalin Hyatt,exact_name
1076,Jalyx Hunt,Jalyx,Hunt,2001-03-13,75,252,Houston Christian,24,1,,,71,84,77,79,90,72,90,72,30,6,6,6,12,6,30,45,47,15,10,7,5,40,40,40,45,45,45,74,71,68,71,79,75,56,58,46,PHI,LB,00-0039740,ACT,Jalyx Hunt,exact_name
22406,James Houston IV,James,Houston IV,1998-11-16,73,248,Jackson St.,26,3,,,71,84,72,70,91,70,91,67,21,22,17,12,14,10,32,29,30,15,15,5,5,45,45,45,45,45,45,77,70,69,67,83,78,27,34,31,DAL,DL,00-0037310,ACT,James Houston,exact_name
15170,Jared Wilson,Jared,Wilson,2003-06-05,75,310,Georgia,22,0,,,71,78,86,70,79,69,89,62,18,6,6,6,8,6,28,16,18,14,11,5,5,74,72,76,74,73,76,13,14,25,24,20,28,11,14,10,NE,OL,00-0040147,ACT,Jared Wilson,exact_name
21656,Jaylon Moore,Jaylon,Moore,1998-01-09,76,311,W. Michigan,27,4,,,71,63,84,58,67,75,91,52,13,6,6,6,10,6,38,38,36,24,27,16,9,79,76,82,72,72,73,39,37,34,36,40,44,12,13,10,KC,OL,00-0036557,ACT,Jaylon Moore,exact_name
21010,Jeff Okudah,Jeff,Okudah,1999-02-02,73,202,Ohio State,26,5,,,71,90,66,88,89,69,83,85,21,16,11,7,14,21,62,52,63,39,36,33,27,23,35,35,27,35,35,32,38,51,68,71,62,71,74,77,nan,NAN,,,,unmatched
20554,Jerry Tillery,Jerry,Tillery,1996-10-08,78,295,Notre Dame,28,6,,,71,75,85,72,78,72,90,66,19,6,6,6,10,6,30,21,18,12,10,3,2,52,50,53,51,51,47,72,63,74,69,76,82,22,28,10,IND,DL,00-0035674,ACT,Jerry Tillery,exact_name
2548,Jordan Phillips,Jordan,Phillips,1992-09-21,78,341,Oklahoma,32,10,,,71,72,87,60,68,80,80,51,14,6,6,6,11,6,38,23,27,15,16,8,4,45,45,45,45,45,45,75,63,73,79,77,78,37,45,10,MIA,DL,00-0040175,ACT,Jordan Phillips,exact_name
15244,Jordan Phillips,Jordan,Phillips,2004-06-30,74,313,Maryland,21,0,,,71,72,89,59,81,66,88,56,15,27,17,14,12,16,23,18,18,16,17,14,11,45,45,45,45,45,45,71,66,75,65,74,84,9,11,12,MIA,DL,00-0040175,ACT,Jordan Phillips,exact_name
14940,Josh Newton,Josh,Newton,2000-09-14,71,190,TCU,24,1,,,71,89,61,85,90,68,95,89,31,29,24,19,12,14,77,67,72,57,55,56,51,30,25,25,35,35,35,32,38,43,64,70,55,74,68,75,CIN,DB,00-0039375,ACT,Josh Newton,exact_name
15163,Josh Conerly Jr,Josh,Conerly Jr,2003-11-05,77,311,Oregon,21,0,,,71,71,82,70,80,73,89,59,21,6,6,6,30,6,30,18,17,17,16,11,10,76,74,77,74,73,76,24,26,35,22,28,26,13,15,24,WAS,OL,00-0040686,ACT,Josh Conerly Jr.,exact_name
21114,Josh Jones,Josh,Jones,1997-06-22,79,310,Houston,28,5,,,71,67,85,59,67,72,90,52,30,6,6,6,13,6,36,15,15,15,15,5,5,79,78,80,75,76,75,10,10,20,15,28,35,12,15,10,SEA,OL,00-0036363,ACT,Josh Jones,exact_name
15240,Joshua Farmer,Joshua,Farmer,2003-01-17,75,305,Florida State,22,0,,,71,69,88,67,74,68,89,59,20,27,15,25,12,31,40,36,39,38,39,33,28,45,45,45,45,45,45,73,58,76,68,75,81,20,16,16,NE,DL,00-0040171,ACT,Joshua Farmer,exact_name
22877,Juice Scruggs,Juice,Scruggs,2000-01-19,75,308,Penn State,25,2,,,71,65,87,60,74,75,85,58,17,6,6,6,15,6,36,15,15,14,15,7,5,76,77,75,73,70,75,51,39,46,45,47,48,10,10,10,DET,OL,00-0038936,ACT,Juice Scruggs,exact_name
14905,Junior Colson,Junior,Colson,2002-12-06,75,247,Michigan,22,1,,,71,86,75,77,90,65,89,75,25,24,21,11,15,15,55,52,55,15,15,9,5,40,37,39,45,45,45,54,45,76,60,83,83,65,69,69,LAC,LB,00-0039346,ACT,Junior Colson,exact_name
14873,Justin Eboigbe,Justin,Eboigbe,2001-04-09,77,292,Alabama,24,1,,,71,66,83,67,71,71,80,50,19,16,13,11,15,14,44,34,37,17,7,7,7,24,25,18,45,45,45,73,67,77,74,77,83,41,45,18,LAC,DL,00-0039835,ACT,Justin Eboigbe,exact_name
15320,Justin Walley,Justin,Walley,2002-09-22,70,190,Minnesota,22,0,,,71,92,55,83,91,66,91,82,21,6,6,6,8,6,74,64,70,22,23,19,18,35,25,35,35,25,35,22,39,44,67,69,56,72,76,75,IND,DB,00-0040139,ACT,Justin Walley,exact_name
21676,K.J. Britt,K.J.,Britt,1999-06-04,72,235,Auburn,26,4,,,71,81,74,72,82,75,88,69,30,6,6,6,15,6,49,28,25,15,15,5,5,45,45,45,45,45,45,52,49,67,75,84,82,61,68,47,NE,LB,00-0036643,ACT,K.J. Britt,exact_name
2807,Kendall Lamm,Kendall,Lamm,1992-06-05,77,310,Appalach. St.,33,10,,,71,68,80,67,54,77,90,52,13,6,6,6,10,6,45,25,15,20,30,18,12,79,76,81,73,71,75,10,10,35,28,32,42,12,13,10,nan,NAN,,,,unmatched
15361,Kevin Winston Jr,Kevin,Winston Jr,2003-12-02,74,213,Penn State,21,0,,,71,89,64,84,94,69,87,81,24,6,6,6,12,6,66,52,59,21,24,14,12,35,35,35,35,35,35,35,36,56,66,80,69,62,71,70,TEN,DB,00-0040141,ACT,Kevin Winston Jr.,exact_name
13870,KhaDarel Hodge,KhaDarel,Hodge,1995-01-03,74,208,P. View AM,30,7,,,71,90,60,83,88,76,88,80,57,45,41,36,32,39,83,79,83,70,75,74,76,35,10,17,49,19,10,10,10,29,18,38,31,13,25,18,nan,NAN,,,,unmatched
20409,Khalen Saunders,Khalen,Saunders,1996-08-09,72,324,W. Illinois,29,6,,,71,72,84,67,76,73,83,59,25,6,6,6,12,6,49,39,49,28,28,23,20,45,45,45,45,45,45,66,73,75,71,77,82,18,27,11,nan,NAN,,,,unmatched
21891,Khyiris Tonga,Khyiris,Tonga,1996-07-07,76,338,BYU,29,4,,,71,68,91,56,75,69,88,54,23,6,6,6,10,6,30,28,29,27,22,16,12,48,52,47,49,50,46,75,64,79,67,77,76,18,24,13,KC,DL,00-0036909,ACT,Khyiris Tonga,exact_name
21870,Kingsley Enagbare,Kingsley,Enagbare,2000-01-18,76,258,South Carolina,25,3,,,71,77,83,67,83,70,87,63,20,6,6,6,11,6,28,22,27,20,14,7,5,45,45,45,45,45,45,74,66,77,67,80,82,28,43,28,NYJ,DL,00-0037083,ACT,Kingsley Enagbare,exact_name
11215,Kirk Cousins,Kirk,Cousins,1988-08-19,75,205,Michigan St.,37,13,,,71,69,52,69,68,71,85,67,85,85,81,82,83,90,22,15,15,15,15,15,13,13,13,13,14,14,14,12,10,12,10,37,38,12,12,10,LV,QB,00-0029604,ACT,Kirk Cousins,exact_name
15052,LeQuint Allen,LeQuint,Allen,2004-08-05,72,204,Syracuse,21,0,,,71,89,72,86,92,66,90,86,51,32,27,20,30,28,69,61,59,61,67,62,57,52,38,36,40,27,23,33,45,58,30,65,55,48,53,43,JAX,RB,00-0040238,ACT,LeQuint Allen Jr.,exact_name
15318,Mac McWilliams,Mac,McWilliams,2001-11-29,70,191,UCF,23,0,,,71,92,59,86,93,67,81,86,25,19,27,23,21,21,67,51,64,30,29,31,30,35,25,35,35,25,35,29,26,46,69,73,51,73,73,69,PHI,DB,00-0040071,ACT,Mac McWilliams,exact_name
23262,Marte Mapu,Marte,Mapu,1999-11-08,75,230,Sacramento State,25,2,,,71,88,68,83,88,68,88,80,54,46,41,39,31,35,73,62,64,44,42,38,34,35,35,35,35,35,35,41,58,64,66,81,81,71,68,66,HOU,LB,00-0039054,ACT,Marte Mapu,exact_name
13007,Michael Davis,Michael,Davis,1995-01-06,74,196,BYU,30,8,,,71,91,63,81,88,74,88,80,26,6,6,6,17,6,69,60,62,16,22,12,10,25,35,35,25,35,35,45,51,52,71,69,59,70,76,76,nan,NAN,,,,unmatched
2276,Mike Pennel,Mike,Pennel,1991-05-09,76,332,CSU-Pueblo,34,12,,,71,67,85,54,67,71,88,47,20,6,6,6,10,6,32,15,15,15,15,7,3,45,45,45,45,45,45,70,48,77,74,76,84,15,20,16,nan,NAN,,,,unmatched
22787,Mitchell Tinsley,Mitchell,Tinsley,1999-09-15,73,205,Penn State,25,2,,,71,86,60,91,89,74,92,87,35,29,25,22,19,21,82,83,81,64,72,69,66,27,20,17,56,42,48,10,10,33,26,41,31,18,26,17,CIN,WR,00-0038839,ACT,Mitchell Tinsley,exact_name
15274,Nick Martin,Nick,Martin,2002-10-13,72,221,Oklahoma St.,22,0,,,71,88,74,79,93,73,88,82,22,6,6,6,12,6,60,52,54,27,29,26,23,45,45,45,45,45,45,55,61,70,71,82,78,58,63,48,SF,LB,00-0040135,ACT,Nick Martin,exact_name
21992,Nick McCloud,Nick,McCloud,1998-07-09,73,191,Notre Dame,27,4,,,71,90,58,88,92,71,90,85,31,6,6,6,15,6,67,53,66,24,24,21,16,35,35,35,35,35,35,26,34,51,69,69,60,68,73,71,nan,NAN,,,,unmatched
21013,Noah Igbinoghene,Noah,Igbinoghene,1999-11-27,71,197,Auburn,25,5,,,71,91,61,88,91,68,83,87,28,6,6,6,17,6,64,49,67,44,58,53,47,35,35,35,35,35,35,28,37,49,67,73,56,71,67,75,SEA,DB,00-0036287,ACT,Noah Igbinoghene,exact_name
15224,Omarr Norman-Lott,Omarr,Norman-Lott,2002-03-11,74,303,Tennessee,23,0,,,71,67,85,71,82,71,83,61,24,15,10,6,13,8,24,19,19,15,19,13,10,45,45,45,45,45,45,78,71,78,68,76,77,10,13,10,KC,DL,00-0040748,ACT,Omarr Norman-Lott,exact_name
15125,Ozzy Trapilo,Ozzy,Trapilo,2001-10-17,80,312,Boston College,23,0,,,71,65,87,61,74,74,84,57,14,6,6,6,14,6,24,17,20,21,15,5,5,77,75,76,75,75,76,29,23,28,22,26,21,14,16,10,CHI,OL,00-0040740,ACT,Ozzy Trapilo,exact_name
22450,Percy Butler,Percy,Butler,2000-05-29,72,191,UL Lafayette,25,3,,,71,92,57,83,95,72,87,84,26,16,13,10,8,7,60,53,57,26,35,31,26,34,34,34,34,34,34,30,37,51,72,73,58,72,69,60,WAS,DB,00-0038100,ACT,Percy Butler,exact_name
13039,Reid Ferguson,Reid,Ferguson,1994-03-24,74,235,LSU,31,9,,,71,73,65,63,70,68,94,62,27,18,16,13,10,17,57,54,51,48,51,47,42,54,50,40,50,47,42,17,17,39,22,48,33,14,21,17,BUF,LS,00-0032497,ACT,Reid Ferguson,exact_name
21643,Robert Hainsey,Robert,Hainsey,1998-08-12,76,306,Notre Dame,27,4,,,71,64,87,64,69,82,89,49,21,6,6,6,11,6,22,21,15,13,15,5,5,76,77,75,73,73,73,25,15,33,20,29,25,13,11,10,JAX,OL,00-0036985,ACT,Robert Hainsey,exact_name
20451,Rock Ya-Sin,Rock,Ya-Sin,1996-05-23,71,192,Temple,29,6,,,71,90,68,85,88,67,89,83,27,6,6,6,10,6,69,59,63,17,22,12,10,35,35,35,35,35,35,24,36,51,63,75,52,75,70,83,DET,DB,00-0035637,ACT,Rock Ya-Sin,exact_name
14661,Roman Wilson,Roman,Wilson,2001-06-19,72,185,Michigan,24,1,,,71,93,56,86,94,63,85,92,26,20,15,10,17,6,82,80,82,71,74,71,73,32,20,17,50,28,34,10,10,26,15,32,27,12,17,17,PIT,WR,00-0039739,ACT,Roman Wilson,exact_name
22747,Roschon Johnson,Roschon,Johnson,2001-01-31,72,227,Texas,24,2,,,71,86,78,82,89,77,89,81,50,42,38,31,36,38,66,46,47,44,53,45,37,58,43,37,33,25,20,10,10,32,14,39,33,10,15,13,CHI,RB,00-0039021,ACT,Roschon Johnson,exact_name
22443,Sean Rhyan,Sean,Rhyan,1998-09-20,77,321,UCLA,26,3,,,71,64,84,66,73,76,86,59,28,21,15,12,5,5,35,30,28,15,18,14,10,73,76,71,74,73,75,10,10,25,21,35,43,10,10,10,GB,OL,00-0037076,ACT,Sean Rhyan,exact_name
20853,Shy Tuttle,Shy,Tuttle,1995-10-20,75,300,Tennessee,29,6,,,71,75,82,71,74,68,89,59,16,6,6,6,10,6,44,29,33,15,15,7,3,45,45,45,45,45,45,60,68,75,70,80,84,22,26,20,WAS,DL,00-0035409,ACT,Shy Tuttle,exact_name
14611,Spencer Rattler,Spencer,Rattler,2000-09-28,73,211,South Carolina,24,1,,,71,83,56,77,85,67,90,78,90,86,79,77,79,71,39,18,18,18,23,16,10,14,13,15,16,14,10,10,10,21,15,26,19,10,14,10,NO,QB,00-0039376,ACT,Spencer Rattler,exact_name
15038,Tahj Brooks,Tahj,Brooks,2002-05-13,69,220,Texas Tech,23,0,,,71,88,68,87,92,66,94,85,21,16,17,25,32,25,70,50,50,55,61,57,51,51,46,41,41,33,30,28,23,35,37,37,35,24,27,26,CIN,RB,00-0040208,ACT,Tahj Brooks,exact_name
15075,Tai Felton,Tai,Felton,2003-03-15,73,183,Maryland,22,0,,,71,93,59,84,93,62,86,85,22,24,15,22,33,27,81,77,79,70,72,71,76,26,24,17,40,22,20,23,25,28,36,30,49,33,46,25,MIN,WR,00-0040154,ACT,Tai Felton,exact_name
13498,Tavierre Thomas,Tavierre,Thomas,1996-03-11,70,205,Ferris State,29,7,,,71,90,55,79,90,75,92,78,25,6,6,6,13,6,64,37,60,14,23,13,10,35,35,35,35,35,35,35,43,50,75,74,59,74,73,73,MIN,DB,00-0034488,ACT,Tavierre Thomas,exact_name
21150,Terrell Burgess,Terrell,Burgess,1998-11-12,71,202,Utah,26,5,,,71,89,62,87,89,72,87,87,35,6,6,6,11,6,64,55,60,35,43,36,30,35,35,35,35,35,35,40,50,56,69,74,67,71,67,71,NO,DB,00-0036421,ACT,Terrell Burgess,exact_name
15050,Trevor Etienne,Trevor,Etienne,2004-07-09,69,198,Georgia,21,0,,,71,92,69,79,93,68,84,81,45,40,32,23,28,27,70,49,46,56,63,56,54,47,36,32,34,31,28,30,29,37,36,35,40,27,35,25,CAR,RB,00-0040644,ACT,Trevor Etienne,exact_name
21274,Troy Dye,Troy,Dye,1996-09-18,75,225,Oregon,28,5,,,71,87,71,81,87,75,87,75,30,15,10,10,13,15,61,50,52,26,37,31,25,45,45,45,45,45,45,48,57,68,74,81,81,61,66,59,LAC,LB,00-0036338,ACT,Troy Dye,exact_name
22194,Troy Andersen,Troy,Andersen,1999-04-23,76,235,Montana State,26,3,,,71,91,68,87,93,76,85,85,53,51,46,44,39,53,67,58,57,37,35,30,24,53,54,52,56,54,57,40,45,68,72,80,81,54,58,55,ATL,LB,00-0037810,ACT,Troy Andersen,exact_name
15210,Ty Hamilton,Ty,Hamilton,2002-04-15,75,299,Ohio State,23,0,,,71,75,89,61,80,69,91,57,17,13,8,7,14,11,25,15,16,15,16,13,10,45,45,45,45,45,45,71,64,76,69,73,78,11,17,14,LA,DL,00-0040585,ACT,Ty Hamilton,exact_name
15209,Ty Robinson,Ty,Robinson,2001-05-03,78,288,Nebraska,24,0,,,71,78,89,65,80,69,92,64,21,15,12,10,14,12,55,50,52,48,48,45,42,45,45,45,45,45,45,73,65,80,67,74,73,21,23,19,PHI,DL,00-0040662,ACT,Ty Robinson,exact_name
21619,Tylan Wallace,Tylan,Wallace,1999-05-13,71,198,Oklahoma St.,26,4,,,71,90,64,90,92,70,85,86,27,15,10,6,18,6,82,82,84,66,70,70,70,36,21,26,60,28,33,10,10,38,24,48,40,24,31,26,CLE,WR,00-0036630,ACT,Tylan Wallace,exact_name
13114,Will Hernandez,Will,Hernandez,1995-09-02,74,332,UTEP,29,7,,,71,68,90,60,69,70,90,53,22,6,6,6,14,6,17,12,10,12,10,10,10,73,76,68,71,74,69,10,10,24,15,28,27,10,10,10,nan,NAN,,,,unmatched
15129,Wyatt Milum,Wyatt,Milum,2002-12-27,79,313,West Virginia,22,0,,,71,63,87,65,67,69,87,58,18,6,6,6,10,6,38,28,27,15,20,15,13,75,75,73,76,76,74,42,45,43,30,35,25,12,11,10,JAX,OL,00-0040146,ACT,Wyatt Milum,exact_name
14890,Xavier Thomas,Xavier,Thomas,1999-12-20,74,250,Clemson,25,1,,,71,85,78,76,86,71,85,66,25,10,8,6,13,7,60,41,46,21,22,16,11,35,35,35,40,40,40,72,72,69,70,77,79,38,42,37,HOU,LB,00-0039367,RES,Xavier Thomas,exact_name
22815,Xavier Gipson,Xavier,Gipson,2001-03-08,70,189,Stephen F. Austin,24,2,,,71,92,56,87,94,64,86,92,34,15,10,6,15,6,81,78,79,66,71,72,73,26,21,20,47,21,25,10,10,38,25,37,39,21,27,30,NYG,WR,00-0038496,ACT,Xavier Gipson,exact_name
22769,Xavier Hutchinson,Xavier,Hutchinson,2000-06-01,75,205,Iowa State,25,2,,,71,88,62,86,89,74,92,83,57,47,42,38,35,30,86,82,83,68,73,72,71,26,19,22,48,28,23,10,10,25,17,38,32,14,19,18,HOU,WR,00-0038618,ACT,Xavier Hutchinson,exact_name
22002,Adam Prentice,Adam,Prentice,1997-01-16,72,245,South Carolina,28,4,,,70,77,76,77,79,82,92,67,24,15,10,5,17,5,66,53,58,52,57,52,44,65,50,53,67,58,52,25,26,28,15,41,39,10,12,15,DEN,RB,00-0036727,ACT,Adam Prentice,exact_name
15128,Aireontae Ersery,Aireontae,Ersery,2002-02-19,78,331,Minnesota,23,0,,,70,72,85,58,76,74,89,50,18,6,6,6,10,6,19,18,18,13,15,5,5,75,77,73,72,74,71,31,26,45,20,21,32,11,12,10,HOU,OL,00-0040745,ACT,Aireontae Ersery,exact_name
22313,Alex Wright,Alex,Wright,2000-09-05,77,267,UAB,24,3,,,70,79,73,70,84,74,88,66,15,6,6,6,10,6,42,39,41,31,35,30,27,45,45,45,45,45,45,74,65,76,73,80,82,22,31,25,CLE,DL,00-0037251,ACT,Alex Wright,exact_name
23080,Alex Austin,Alex,Austin,2001-05-22,73,191,Oregon State,24,2,,,70,88,49,85,90,76,90,83,27,8,8,8,11,8,72,59,61,19,24,16,12,30,30,30,35,35,35,30,35,40,74,73,52,71,73,68,MIA,DB,00-0038646,ACT,Alex Austin,exact_name
22854,Andrew Vorhees,Andrew,Vorhees,1999-01-21,78,310,USC,26,2,,,70,65,97,51,74,72,81,48,15,5,5,5,7,5,30,24,25,15,22,16,14,71,75,68,72,68,75,40,25,35,23,21,29,8,9,8,BAL,OL,00-0038383,ACT,Andrew Vorhees,exact_name
10439,Andy Dalton,Andy,Dalton,1987-10-29,74,220,TCU,37,14,,,70,74,54,73,67,71,93,70,87,85,80,79,80,81,55,52,47,24,30,20,10,13,13,13,14,14,14,10,10,12,10,23,15,12,12,10,PHI,QB,00-0027973,ACT,Andy Dalton,exact_name
22331,Bam Knight,Bam,Knight,2001-04-11,71,210,N.C. State,24,3,,,70,88,69,85,89,71,89,87,25,30,25,15,11,10,66,56,59,44,59,51,44,49,32,34,35,31,33,10,12,20,24,33,36,10,12,10,ARI,RB,00-0037157,ACT,Bam Knight,exact_name
15179,Barryn Sorrell,Barryn,Sorrell,2002-12-22,75,256,Texas,22,0,,,70,83,82,80,85,71,90,73,13,15,10,7,12,15,47,43,45,34,37,32,27,45,45,45,45,45,45,71,67,73,69,76,75,36,46,32,GB,DL,00-0040010,ACT,Barryn Sorrell,exact_name
14722,Beaux Limmer,Beaux,Limmer,2001-06-10,77,307,Arkansas,24,1,,,70,65,85,67,75,75,90,59,21,7,6,6,14,7,24,15,15,15,15,5,5,72,71,73,77,75,79,10,10,35,17,22,30,8,7,8,LA,OL,00-0039753,ACT,Beaux Limmer,exact_name
21611,Ben Skowronek,Ben,Skowronek,1997-06-27,75,224,Notre Dame,28,4,,,70,85,68,80,89,74,86,78,30,15,10,10,25,25,88,82,83,73,74,73,69,39,33,27,54,32,28,16,22,41,23,52,47,23,30,22,PIT,WR,00-0036862,ACT,Ben Skowronek,exact_name
14712,Blake Fisher,Blake,Fisher,2003-03-25,78,312,Notre Dame,22,1,,,70,66,83,59,69,63,90,56,22,9,7,6,11,8,22,10,12,14,10,8,7,73,75,71,77,79,77,15,15,25,24,31,34,8,9,10,HOU,OL,00-0039857,ACT,Blake Fisher,exact_name
15034,Brashard Smith,Brashard,Smith,2003-04-11,70,194,SMU,22,0,,,70,93,64,84,93,59,87,85,25,21,15,10,18,20,69,60,63,62,66,63,58,47,21,12,33,24,25,23,25,29,29,39,27,20,24,22,KC,RB,00-0040078,ACT,Brashard Smith,exact_name
14880,Brennan Jackson,Brennan,Jackson,2000-10-14,76,264,Wash. St.,24,1,,,70,83,80,70,88,71,81,65,25,10,8,6,13,7,50,37,39,21,22,16,11,35,35,35,40,40,40,70,69,75,73,78,78,39,45,37,LV,LB,00-0039836,ACT,Brennan Jackson,exact_name
1095,Bub Means,Bub,Means,2000-03-03,74,215,Pittsburgh,25,1,,,70,91,67,81,92,74,90,80,40,20,15,15,16,6,82,80,81,68,73,71,70,35,23,31,47,33,40,10,10,32,21,33,36,20,29,15,NO,WR,00-0039386,ACT,Bub Means,exact_name
15207,Cam Jackson,Cam,Jackson,2002-08-07,78,328,Florida,23,0,,,70,67,87,60,70,69,90,54,24,14,12,10,13,11,17,18,18,19,15,13,10,45,45,45,45,45,45,69,53,77,70,74,80,10,12,13,CAR,DL,00-0040174,ACT,Cam Jackson,exact_name
22312,Cameron Thomas,Cameron,Thomas,2000-01-07,76,267,San Diego St.,25,3,,,70,78,77,82,84,65,92,73,22,6,6,6,9,6,39,38,37,34,34,31,28,45,45,45,45,45,45,73,66,75,64,82,83,25,35,18,ATL,DL,00-0037815,ACT,Cameron Thomas,exact_name
17900,Casey Kreiter,Casey,Kreiter,1990-08-13,73,250,Iowa,35,11,,,70,72,67,68,71,61,92,63,10,10,10,10,10,10,62,47,45,42,50,45,40,57,50,40,48,40,35,24,16,45,13,42,49,22,19,10,ARI,LS,00-0030957,ACT,Casey Kreiter,exact_name
22186,Chad Muma,Chad,Muma,1999-08-18,75,239,Wyoming,26,3,,,70,85,76,86,89,71,91,76,21,15,10,10,12,11,66,61,59,15,21,14,10,45,45,45,45,45,45,48,46,61,68,84,82,61,62,42,NE,LB,00-0037811,ACT,Chad Muma,exact_name
4602,Charles Grant,Charles,Grant,2002-03-22,77,309,William  Mary,23,0,,,70,75,85,73,77,71,89,62,14,6,6,6,7,6,28,18,25,14,15,6,6,72,74,76,74,73,75,28,32,27,23,27,33,11,13,10,LV,OL,00-0040151,ACT,Charles Grant,exact_name
22781,Charlie Jones,Charlie,Jones,1998-10-29,72,190,Purdue,26,2,,,70,90,56,88,89,62,82,89,29,15,10,6,17,6,86,83,78,60,74,74,72,29,20,19,46,20,27,10,10,28,24,41,34,22,29,25,CIN,WR,00-0038576,ACT,Charlie Jones,exact_name
14709,Christian Mahogany,Christian,Mahogany,2000-10-11,75,314,Boston College,24,1,,,70,68,89,60,76,61,87,63,26,7,6,5,8,7,28,21,22,14,15,11,9,74,75,73,75,76,75,34,23,32,24,25,27,8,9,10,DET,OL,00-0039408,ACT,Christian Mahogany,exact_name
15249,Cody Simon,Cody,Simon,2002-04-01,74,230,Ohio State,23,0,,,70,87,73,77,93,71,88,74,23,6,6,6,12,6,64,56,58,31,33,28,25,45,45,45,45,45,45,56,58,67,69,81,80,57,63,46,ARI,LB,00-0040645,ACT,Cody Simon,exact_name
15184,Collin Oliver,Collin,Oliver,2002-09-23,74,240,Oklahoma St.,22,0,,,70,87,77,82,91,66,85,75,29,22,13,15,26,19,50,41,42,32,34,29,26,45,45,45,45,45,45,69,72,77,64,75,73,51,58,42,GB,LB,00-0040012,ACT,Collin Oliver,exact_name
12753,Daniel Brunskill,Daniel,Brunskill,1994-01-27,77,300,San Diego St.,31,8,,,70,71,81,60,64,78,91,51,27,6,6,6,6,6,53,50,46,35,39,29,21,76,77,75,75,73,77,10,10,20,15,29,33,12,15,10,nan,NAN,,,,unmatched
15248,Danny Stutsman,Danny,Stutsman,2003-03-10,75,233,Oklahoma,22,0,,,70,87,74,79,90,70,87,77,23,6,6,6,11,6,67,59,61,34,35,32,29,45,45,45,45,45,45,56,59,70,67,82,82,55,61,45,NO,LB,00-0040155,ACT,Danny Stutsman,exact_name
22960,Dante Stills,Dante,Stills,1999-12-14,76,300,West Virginia,25,2,,,70,76,80,71,83,74,91,60,25,19,15,10,12,9,44,39,39,15,15,14,12,35,35,35,40,40,40,74,68,78,71,76,78,23,28,20,ARI,DL,00-0038623,ACT,Dante Stills,exact_name
14918,Darius Muasau,Darius,Muasau,2001-02-10,73,230,UCLA,24,1,,,70,82,63,76,88,75,93,75,21,13,11,6,10,7,70,58,62,15,23,13,7,35,30,30,40,35,35,54,67,66,73,81,80,60,70,54,NYG,LB,00-0039829,ACT,Darius Muasau,exact_name
15297,Denzel Burke,Denzel,Burke,2002-10-10,71,190,Ohio State,22,0,,,70,90,61,84,92,72,85,82,22,21,17,13,13,18,71,59,66,33,28,27,28,35,25,35,35,25,35,32,35,52,71,75,51,68,72,66,ARI,DB,00-0040195,ACT,Denzel Burke,exact_name
15242,Deone Walker,Deone,Walker,2004-03-11,79,331,Kentucky,21,0,,,70,61,82,70,73,74,85,62,22,12,11,10,17,14,30,18,18,16,16,14,12,45,45,45,45,45,45,77,74,78,73,71,82,17,22,14,BUF,DL,00-0040710,ACT,Deone Walker,exact_name
22819,Derius Davis,Derius,Davis,2000-09-11,68,165,TCU,24,2,,,70,94,63,82,94,60,85,83,23,15,10,6,14,6,82,79,80,59,71,72,73,26,10,17,44,19,24,10,10,25,26,33,34,20,26,23,LAC,WR,00-0038573,ACT,Derius Davis,exact_name
20581,Devin White,Devin,White,1998-02-17,72,237,LSU,27,6,,,70,88,76,80,88,67,94,81,23,6,6,6,10,6,69,41,46,26,24,19,12,45,45,45,45,45,45,62,68,68,64,84,79,59,65,53,nan,NAN,,,,unmatched
14867,DeWayne Carter,DeWayne,Carter,2000-12-10,74,305,Duke,24,1,,,70,73,82,57,78,73,90,56,12,13,16,17,16,15,22,15,15,12,4,4,4,23,25,18,45,45,45,73,70,78,71,78,79,17,19,10,BUF,DL,00-0039873,ACT,DeWayne Carter,exact_name
15168,Dylan Fairchild,Dylan,Fairchild,2003-05-08,77,318,Georgia,22,0,,,70,71,86,60,78,75,90,54,23,6,6,6,10,6,27,13,25,12,14,12,10,73,74,72,72,73,72,37,34,43,25,30,18,11,10,10,CIN,OL,00-0040140,ACT,Dylan Fairchild,exact_name
15119,Elijah Arroyo,Elijah,Arroyo,2003-04-05,77,254,Miami,22,0,,,70,87,77,80,89,66,83,70,50,59,49,38,42,47,81,75,76,66,68,64,63,59,59,58,58,56,59,29,29,32,37,30,30,46,40,23,SEA,TE,00-0040739,ACT,Elijah Arroyo,exact_name
23339,Emari Demercado,Emari,Demercado,1999-01-20,69,215,TCU,26,2,,,70,91,65,83,91,70,92,84,30,23,16,14,13,10,67,56,57,45,63,55,48,58,45,45,49,35,36,10,10,31,19,35,35,14,18,20,KC,RB,00-0038705,ACT,Emari Demercado,exact_name
15164,Emery Jones Jr,Emery,Jones Jr,2004-03-05,77,315,LSU,21,0,,,70,70,88,57,74,68,88,54,20,6,6,6,10,6,21,22,21,13,20,5,5,75,76,74,74,75,73,42,23,35,26,33,31,11,12,10,BAL,OL,00-0040068,ACT,Emery Jones Jr.,exact_name
14690,Erick All Jr,Erick,All Jr,2000-09-13,77,255,Iowa,24,1,,,70,86,72,83,87,67,78,74,24,15,10,6,15,6,80,77,75,65,66,61,63,58,56,57,60,58,59,10,10,41,16,42,46,16,22,19,CIN,TE,00-0039814,ACT,Erick All,exact_name
20347,Gardner Minshew,Gardner,Minshew,1996-05-16,73,225,Wash. St.,29,6,,,70,80,62,78,82,68,92,76,86,86,81,79,80,82,26,16,15,15,15,14,12,15,18,14,23,22,16,10,10,24,16,32,31,13,12,10,ARI,QB,00-0035289,ACT,Gardner Minshew,exact_name
21093,Harrison Bryant,Harrison,Bryant,1998-04-23,77,230,FAU,27,5,,,70,83,71,77,86,70,89,74,34,15,15,10,10,5,79,77,80,70,66,62,60,62,59,61,62,58,62,39,45,50,36,54,47,23,31,27,SEA,TE,00-0036232,ACT,Harrison Bryant,exact_name
14679,Ja'Tavion Sanders,Ja'Tavion,Sanders,2003-03-27,76,243,Texas,22,1,,,70,83,67,79,90,75,92,75,31,15,10,6,13,6,79,77,78,67,66,64,58,55,53,54,54,51,57,35,25,27,31,42,49,16,21,20,CAR,TE,00-0039356,ACT,Ja'Tavion Sanders,exact_name
22619,Jake Tonges,Jake,Tonges,1999-07-08,76,240,California,26,3,,,70,86,72,81,88,73,90,72,36,37,33,29,32,34,82,78,79,64,67,63,59,57,56,54,59,54,58,15,17,29,26,38,35,15,20,15,SF,TE,00-0037112,ACT,Jake Tonges,exact_name
20862,Jakob Johnson,Jakob,Johnson,1994-12-15,75,255,Tennessee,30,6,,,70,77,82,69,72,79,86,65,30,6,6,6,14,6,60,43,38,40,50,42,34,69,52,48,68,53,57,68,58,57,56,68,71,41,48,23,nan,NAN,,,,unmatched
15211,Jamaree Caldwell,Jamaree,Caldwell,2000-08-30,73,340,Oregon,25,0,,,70,67,87,67,72,72,89,61,25,14,8,6,18,15,19,18,18,16,16,13,10,45,45,45,45,45,45,74,58,75,71,78,77,12,14,16,LAC,DL,00-0040144,ACT,Jamaree Caldwell,exact_name
19982,Jameis Winston,Jameis,Winston,1994-01-06,76,231,Florida State,31,10,,,70,76,72,76,72,62,87,73,90,85,80,82,77,80,49,15,20,15,15,14,12,15,15,15,37,30,27,10,10,45,19,50,45,12,13,10,NYG,QB,00-0031503,ACT,Jameis Winston,exact_name
22923,Jaquelin Roy,Jaquelin,Roy,2000-10-22,75,305,LSU,24,2,,,70,68,91,57,68,64,88,54,21,12,7,6,14,7,26,12,13,25,12,8,5,49,51,47,54,55,51,63,47,77,68,69,81,10,12,13,nan,NAN,,,,unmatched
14689,Jared Wiley,Jared,Wiley,2000-11-02,78,249,TCU,24,1,,,70,85,75,77,89,62,88,72,24,15,10,6,15,6,81,79,80,67,68,65,58,56,56,55,58,56,58,10,10,33,18,35,39,16,22,16,KC,TE,00-0039824,ACT,Jared Wiley,exact_name
15323,Jaylin Smith,Jaylin,Smith,2003-11-05,71,187,USC,21,0,,,70,91,54,86,86,72,83,85,27,6,6,6,8,6,68,66,73,36,36,33,30,35,25,35,35,25,35,28,41,42,70,70,61,69,74,69,HOU,DB,00-0040149,ACT,Jaylin Smith,exact_name
22530,Jaylon Jones,Jaylon,Jones,1997-10-14,71,190,Ole Miss,27,3,,,70,92,63,91,93,65,79,90,26,6,6,6,14,6,57,53,54,15,25,22,19,35,35,35,35,35,35,36,26,52,66,74,64,67,69,67,CHI,DB,00-0037106,ACT,Jaylon Jones,exact_name_birthdate
1089,Jaylon Carlies,Jaylon,Carlies,2001-09-13,75,227,Missouri,23,1,,,70,89,72,83,90,73,93,71,22,16,15,6,8,8,76,64,67,12,15,8,7,35,35,35,45,40,40,51,62,60,69,78,77,60,70,70,IND,LB,00-0039377,ACT,Jaylon Carlies,exact_name
14654,Jermaine Burton,Jermaine,Burton,2001-06-28,72,204,Alabama,24,1,,,70,91,58,90,92,56,85,89,24,15,10,6,16,6,86,83,81,67,72,73,74,27,10,10,43,23,26,10,10,30,16,32,31,12,16,13,nan,NAN,,,,unmatched
21654,Josh Myers,Josh,Myers,1998-07-16,77,310,Ohio State,27,4,,,70,62,89,60,57,80,86,49,26,6,6,6,10,6,31,14,16,15,11,6,5,73,76,71,73,71,74,29,24,31,21,35,31,12,12,10,NYJ,OL,00-0036622,ACT,Josh Myers,exact_name
1165,Jowon Briggs,Jowon,Briggs,2001-09-01,73,313,Cincinnati,24,1,,,70,72,88,66,73,61,90,57,21,6,6,6,10,6,48,18,15,29,15,22,17,47,45,45,45,45,45,73,67,76,64,74,82,19,27,19,NYJ,DL,00-0039431,ACT,Jowon Briggs,exact_name
15036,Kalel Mullings,Kalel,Mullings,2002-10-04,74,226,Michigan,22,0,,,70,87,79,79,91,67,88,77,42,37,32,25,25,25,61,48,48,41,51,44,35,50,49,43,45,32,36,46,40,63,23,70,62,55,62,53,TEN,RB,00-0040205,ACT,Kalel Mullings,exact_name
22943,Karl Brooks,Karl,Brooks,2000-05-08,75,296,Bowling Green St.,25,2,,,70,70,84,67,79,74,93,47,23,8,7,6,14,7,44,38,37,11,12,6,5,45,45,45,45,45,45,75,66,75,73,71,77,22,30,27,GB,DL,00-0038398,ACT,Karl Brooks,exact_name
15073,KeAndre Lambert-Smith,KeAndre,Lambert-Smith,2001-10-16,73,182,Auburn,23,0,,,70,93,60,92,94,65,91,95,21,13,19,25,35,20,80,78,77,68,73,71,70,20,30,21,43,26,26,28,28,33,46,41,44,57,66,30,LAC,WR,00-0040184,ACT,KeAndre Lambert-Smith,exact_name
1108,Khristian Boyd,Khristian,Boyd,2000-02-23,74,320,Northern Iowa,25,1,,,70,63,88,55,69,67,88,50,29,6,6,6,10,6,30,10,12,12,15,10,6,47,45,45,45,45,45,69,67,76,68,76,82,12,20,10,NO,DL,00-0039401,ACT,Khristian Boyd,exact_name
23040,Kyu Blu Kelly,Kyu Blu,Kelly,2001-05-22,72,192,Stanford,24,2,,,70,88,54,86,94,71,91,83,31,15,10,6,10,6,73,64,69,22,21,15,12,28,22,22,34,34,35,28,42,42,64,67,51,67,72,76,nan,NAN,,,,unmatched
15100,Lajohntay Wester,Lajohntay,Wester,2002-03-29,70,163,Colorado,23,0,,,70,90,62,88,91,63,91,92,15,15,15,16,31,21,79,82,83,71,75,73,72,20,18,10,44,15,15,19,22,26,34,24,28,66,22,24,BAL,WR,00-0040075,ACT,LaJohntay Wester,exact_name
21121,Leki Fotu,Leki,Fotu,1998-08-23,77,334,Utah,27,5,,,70,72,88,60,68,73,89,54,19,6,6,6,10,6,36,23,22,12,18,14,12,45,45,45,45,45,45,68,55,74,74,76,78,13,24,14,NYG,DL,00-0036371,ACT,Leki Fotu,exact_name
1097,Logan Lee,Logan,Lee,2000-06-12,77,286,Iowa,25,1,,,70,71,83,78,73,70,90,69,23,6,6,6,10,6,40,24,23,13,12,7,3,45,45,45,45,45,45,73,68,75,68,79,81,17,26,21,PIT,DL,00-0039389,ACT,Logan Lee,exact_name
22825,Luke Musgrave,Luke,Musgrave,2000-09-02,78,253,Oregon State,24,2,,,70,89,75,82,90,65,86,71,23,15,10,6,15,6,85,74,77,62,66,62,64,56,56,52,61,59,61,43,47,50,38,46,60,14,23,24,GB,TE,00-0039144,ACT,Luke Musgrave,exact_name
13143,M.J. Stewart Jr,M.J.,Stewart Jr,1995-09-16,71,200,North Carolina,29,7,,,70,88,66,84,88,68,87,79,25,6,6,6,10,6,66,63,64,20,25,15,10,35,35,35,35,35,35,32,40,55,70,78,66,68,75,81,HOU,DB,00-0034355,ACT,M.J. Stewart,exact_name
1356,Mason Tipton,Mason,Tipton,2000-09-27,70,182,Yale,24,1,,,70,94,59,82,92,68,93,86,35,33,27,23,22,30,80,76,78,68,72,73,74,35,27,25,46,29,31,10,10,33,18,37,30,17,21,17,NO,WR,00-0039623,ACT,Mason Tipton,exact_name
13470,Matt Pryor,Matt,Pryor,1994-12-16,79,332,TCU,30,7,,,70,60,86,57,53,77,87,49,19,6,6,6,13,6,23,15,15,12,10,5,5,76,79,73,75,72,78,21,17,22,14,25,27,10,12,10,ARI,OL,00-0034417,ACT,Matt Pryor,exact_name
14846,Mekhi Wingo,Mekhi,Wingo,2003-04-17,73,295,LSU,22,1,,,70,77,79,73,86,66,86,66,27,6,6,6,16,6,45,36,39,12,10,3,2,45,45,45,45,45,45,72,67,76,64,79,83,15,20,10,DET,DL,00-0039396,ACT,Mekhi Wingo,exact_name
21253,Mykal Walker,Mykal,Walker,1997-08-28,75,230,Fresno State,28,5,,,70,87,72,79,87,73,91,74,25,6,6,6,15,6,68,42,52,20,33,25,20,47,45,45,47,45,45,56,63,66,72,81,81,59,66,42,NYJ,LB,00-0036300,ACT,Mykal Walker,exact_name
22914,Myles Murphy,Myles,Murphy,2002-01-03,77,275,Clemson,23,2,,,70,88,82,77,90,64,93,74,51,42,32,27,11,15,40,28,35,16,15,8,7,40,40,40,45,45,45,72,59,73,62,79,76,28,37,31,CIN,DL,00-0038546,ACT,Myles Murphy,exact_name
20484,Nick Moore,Nick,Moore,1992-12-09,74,253,Georgia,32,5,,,70,70,70,74,74,64,88,67,39,10,10,10,10,10,70,52,58,44,48,43,38,54,50,40,51,40,35,19,24,43,42,58,57,36,42,33,BAL,LS,00-0035408,ACT,Nick Moore,exact_name
13196,Oren Burks,Oren,Burks,1995-03-21,75,233,Vanderbilt,30,7,,,70,87,72,84,86,73,90,74,16,6,6,6,10,6,70,52,49,12,15,5,5,45,45,45,45,45,45,51,60,66,71,81,81,61,67,53,CIN,LB,00-0034754,ACT,Oren Burks,exact_name
15074,Pat Bryant II,Pat,Bryant II,2002-12-10,74,204,Illinois,22,0,,,70,85,69,84,88,73,90,86,10,23,19,11,35,30,82,81,81,80,72,74,69,23,24,15,57,31,30,28,31,36,29,45,37,32,38,22,DEN,WR,00-0040134,ACT,Pat Bryant,exact_name
2688,Rakeem Nunez-Roches Sr,Rakeem,Nunez-Roches Sr,1993-07-03,74,307,Southern Miss,32,10,,,70,72,81,58,72,72,86,53,16,6,6,6,10,6,30,15,15,15,15,8,4,45,45,45,45,45,45,72,58,74,75,76,84,20,29,20,TB,DL,00-0031957,ACT,Rakeem Nunez-Roches,exact_name
21644,Robert Jones,Robert,Jones,1999-01-28,76,325,Mid Tenn St.,26,4,,,70,65,88,49,68,78,89,53,15,6,6,6,13,6,24,10,12,12,10,5,5,71,72,70,73,72,74,15,10,35,10,27,32,10,11,10,SF,OL,00-0036596,ACT,Robert Jones,exact_name
22492,Rodney Thomas II,Rodney,Thomas II,1999-06-26,73,196,Yale,26,3,,,70,89,61,83,92,70,91,87,24,22,15,13,15,22,73,52,63,23,30,26,20,35,35,35,35,35,35,36,44,56,68,76,60,65,71,66,SEA,DB,00-0037323,ACT,Rodney Thomas,exact_name
11217,Russell Wilson,Russell,Wilson,1988-11-29,71,215,Wisconsin,36,13,,,70,84,59,87,84,56,97,86,90,86,80,83,76,85,68,35,42,25,31,21,11,10,10,10,45,38,35,10,10,16,26,47,26,15,14,10,nan,NAN,,,,unmatched
20538,Ryan Bates,Ryan,Bates,1997-02-14,76,306,Penn State,28,6,,,70,67,86,67,78,75,91,55,17,6,6,6,14,6,20,16,14,12,10,8,5,74,73,75,72,66,76,10,10,26,10,27,31,12,12,10,nan,NAN,,,,unmatched
15181,Sai'vion Jones,Sai'vion,Jones,2003-07-03,77,283,LSU,22,0,,,70,81,80,79,88,75,89,68,24,18,10,9,15,15,29,17,17,14,15,8,7,45,45,45,45,45,45,71,68,74,71,78,76,25,33,30,DEN,DL,00-0040153,ACT,Sai'vion Jones,exact_name
15063,Savion Williams,Savion,Williams,2001-11-22,76,222,TCU,23,0,,,70,90,71,86,90,75,88,84,55,47,48,49,39,41,79,83,82,69,69,68,66,24,21,14,48,33,32,33,36,42,29,41,26,35,37,22,GB,WR,00-0040009,ACT,Savion Williams,exact_name
20739,Scott Miller,Scott,Miller,1997-07-31,69,174,Bowling Green St.,28,6,,,70,94,54,85,92,64,86,90,35,35,30,18,24,19,84,80,81,67,72,71,74,26,10,11,46,15,11,10,10,24,24,36,27,19,26,18,CHI,WR,00-0035298,ACT,Scott Miller,exact_name
15276,Shemar James,Shemar,James,2004-06-24,74,222,Florida,21,0,,,70,83,73,81,82,70,87,80,27,6,6,6,12,6,60,51,53,25,27,24,21,45,45,45,45,45,45,56,58,68,68,82,85,56,63,46,DAL,LB,00-0040011,ACT,Shemar James,exact_name
23003,SirVocea Dennis,SirVocea,Dennis,2000-03-09,72,230,Pittsburgh,25,2,,,70,85,66,81,89,73,90,75,48,46,44,42,33,45,63,55,61,25,15,11,9,45,45,45,45,45,45,64,74,69,73,80,84,52,64,65,TB,LB,00-0039049,ACT,SirVocea Dennis,exact_name
21889,T.J. Slaton,T.J.,Slaton,1997-10-03,77,340,Florida,27,4,,,70,69,87,58,77,65,90,54,15,6,6,6,10,6,22,13,13,12,10,5,3,52,55,53,58,61,54,73,61,74,66,77,85,13,18,14,nan,NAN,,,,unmatched
14922,Tatum Bethune,Tatum,Bethune,2001-02-19,72,227,Florida State,24,1,,,70,81,67,83,87,72,92,76,20,31,23,21,13,11,67,55,60,23,15,10,10,30,25,25,42,35,35,54,64,67,72,83,80,63,68,63,SF,LB,00-0039435,ACT,Tatum Bethune,exact_name
22488,Theo Jackson,Theo,Jackson,1998-10-02,73,198,Tennessee,26,3,,,70,90,58,76,92,73,90,81,25,6,6,6,10,6,65,43,57,24,10,10,10,35,35,35,35,35,35,44,48,58,70,74,67,63,69,67,MIN,DB,00-0037301,ACT,Theo Jackson,exact_name
14908,Tommy Eichenberg,Tommy,Eichenberg,2001-01-11,74,233,Ohio State,24,1,,,70,78,75,81,84,64,90,77,35,25,21,11,14,11,58,50,52,17,20,10,6,40,35,35,45,40,40,66,52,74,69,86,80,60,55,45,LV,LB,00-0039374,ACT,Tommy Eichenberg,exact_name
21301,Tyler Johnson,Tyler,Johnson,1998-08-25,73,206,Minnesota,27,5,,,70,87,68,82,90,70,88,80,56,49,46,43,46,46,82,83,81,73,73,73,70,30,20,18,45,25,27,10,10,32,26,37,37,23,37,27,DAL,WR,00-0036427,ACT,Tyler Johnson,exact_name
21869,Victor Dimukeje,Victor,Dimukeje,1999-11-18,74,262,Duke,25,4,,,70,77,82,75,78,69,90,67,10,6,6,6,13,6,45,28,34,13,10,3,2,45,45,45,45,45,45,76,64,74,68,79,79,38,49,25,nan,NAN,,,,unmatched
22869,Wanya Morris,Wanya,Morris,2000-10-10,77,307,Oklahoma,24,2,,,70,69,83,63,70,74,86,57,21,7,7,7,7,6,23,17,15,15,16,7,5,73,76,70,77,73,82,10,10,33,10,36,30,12,12,13,KC,OL,00-0038981,ACT,Wanya Morris,exact_name
20677,Yosh Nijman,Yosh,Nijman,1996-01-02,79,314,Virginia Tech,29,6,,,70,73,87,70,76,83,90,57,35,6,6,6,5,6,25,10,12,12,10,5,5,72,71,74,71,70,72,42,35,37,34,38,44,20,26,10,nan,NAN,,,,unmatched
12581,Zach Cunningham,Zach,Cunningham,1994-12-12,75,237,Vanderbilt,30,8,,,70,84,80,79,87,69,85,71,25,6,6,6,10,6,59,31,36,25,15,5,5,45,45,45,45,45,45,49,60,74,68,82,80,56,62,48,nan,NAN,,,,unmatched
15301,Zah Frazier,Zah,Frazier,2000-10-05,75,186,UTSA,24,0,,,70,94,56,82,96,65,86,84,22,9,20,23,32,18,74,62,69,32,26,25,24,35,25,35,35,25,35,23,24,44,64,70,69,69,65,61,nan,NAN,,,,unmatched
14711,Zak Zinter,Zak,Zinter,2001-04-17,78,315,Michigan,24,1,,,70,63,88,54,65,74,79,49,21,9,7,6,10,6,22,21,15,15,15,7,5,72,74,70,74,73,75,41,28,39,31,35,44,8,9,10,CLE,OL,00-0039350,ACT,Zak Zinter,exact_name
4723,Zavier Scott,Zavier,Scott,1999-07-17,73,219,Maine,26,1,,,70,89,75,84,92,69,89,86,30,20,17,12,11,21,72,60,60,60,67,62,59,48,30,25,35,30,25,19,25,28,14,33,31,16,23,25,MIN,RB,00-0038440,ACT,Zavier Scott,exact_name
13804,Aaron Stinnie,Aaron,Stinnie,1994-02-18,75,312,J. Madison,31,7,,,69,70,83,61,62,82,83,49,21,6,6,6,10,6,35,10,12,12,10,5,5,75,71,79,71,75,67,10,10,20,10,23,29,12,12,10,NYG,OL,00-0034668,ACT,Aaron Stinnie,exact_name
20526,Andrew Beck,Andrew,Beck,1996-05-15,75,255,Texas,29,6,,,69,86,77,78,87,59,84,75,30,15,10,6,15,6,72,65,66,60,63,57,52,69,55,52,65,61,65,35,20,47,40,52,47,31,37,26,NYJ,RB,00-0034959,ACT,Andrew Beck,exact_name
22689,Anthony Richardson Sr,Anthony,Richardson Sr,2002-05-22,76,250,Florida,23,2,,,69,91,73,88,92,51,82,87,96,80,75,76,75,86,39,17,19,17,20,16,13,16,20,15,25,20,23,10,10,27,17,29,33,11,17,10,IND,QB,00-0039164,ACT,Anthony Richardson,exact_name
15019,Anthony Gould,Anthony,Gould,2001-04-06,68,174,Oregon State,24,1,,,69,94,47,86,95,58,87,89,26,15,10,10,18,15,78,78,78,70,71,72,73,24,12,18,34,19,25,10,10,16,17,23,20,10,16,14,IND,WR,00-0039816,ACT,Anthony Gould,exact_name
17657,Artie Burns,Artie,Burns,1995-05-01,72,187,Miami,30,9,,,69,89,56,82,88,74,85,79,27,6,6,6,11,6,63,45,60,27,26,16,11,33,33,34,34,33,34,35,41,39,73,66,51,70,73,77,nan,NAN,,,,unmatched
14875,Austin Booker,Austin,Booker,2002-12-14,77,245,Kansas,22,1,,,69,79,76,74,83,72,90,69,25,6,6,6,15,6,34,34,30,24,17,10,6,45,45,45,45,45,45,66,74,72,70,78,75,38,45,36,CHI,DL,00-0039840,ACT,Austin Booker,exact_name
15246,Barrett Carter,Barrett,Carter,2002-10-23,72,231,Clemson,22,0,,,69,85,72,76,90,71,87,76,23,6,6,6,12,6,61,53,55,28,30,27,24,45,45,45,45,45,45,54,61,67,69,84,81,57,63,46,CIN,LB,00-0040157,ACT,Barrett Carter,exact_name
14682,Ben Sinnott,Ben,Sinnott,2002-06-14,76,250,Kansas State,23,1,,,69,83,70,88,89,64,90,78,26,15,10,5,15,10,79,76,77,67,68,62,55,57,52,57,59,52,58,54,45,50,40,55,55,33,46,31,WAS,TE,00-0039912,ACT,Ben Sinnott,exact_name
15304,Bilhal Kone,Bilhal,Kone,2002-03-03,73,190,W. Michigan,23,0,,,69,91,58,87,92,66,88,82,29,24,27,24,31,19,69,54,65,27,18,17,16,35,25,35,35,25,35,26,25,45,65,72,58,70,66,70,BAL,DB,00-0040073,ACT,Bilhal Kone,exact_name
28422,Bo Richter,Bo,Richter,2000-08-13,73,248,Air Force,25,1,,,69,87,72,81,92,57,86,72,27,6,6,6,13,6,44,20,20,25,15,5,5,45,45,45,45,45,45,58,71,69,56,79,78,42,49,34,MIN,LB,00-0039718,ACT,Bo Richter,exact_name
22927,Byron Young,Byron,Young,2000-11-10,75,297,Alabama,24,2,,,69,71,82,59,81,69,93,49,10,7,6,6,10,8,37,22,23,29,10,7,5,35,35,35,40,40,40,64,53,75,70,76,80,15,23,25,PHI,DL,00-0038978,ACT,Byron Young,exact_name_birthdate
1070,Caedan Wallace,Caedan,Wallace,2000-04-18,77,314,Penn State,25,1,,,69,67,87,59,76,78,89,49,21,13,12,11,7,7,35,21,22,25,24,22,21,71,68,72,75,70,72,50,45,30,20,27,44,11,11,12,NE,OL,00-0039863,ACT,Caedan Wallace,exact_name
21477,Charles Snowden,Charles,Snowden,1998-03-27,79,240,Virginia,27,4,,,69,83,69,83,86,62,85,72,25,6,6,6,12,6,64,59,60,47,40,36,33,45,45,45,45,45,45,67,72,70,66,79,78,48,54,35,nan,NAN,,,,unmatched
22737,Chris Rodriguez Jr,Chris,Rodriguez Jr,2000-09-26,71,224,Kentucky,24,2,,,69,89,71,79,91,77,92,79,27,24,20,14,17,10,60,51,52,40,51,44,37,57,55,54,45,45,45,11,12,35,40,46,39,30,37,32,JAX,RB,00-0038611,ACT,Chris Rodriguez Jr.,exact_name
22929,Colby Wooden,Colby,Wooden,2000-12-21,76,273,Auburn,24,2,,,69,79,78,68,87,72,92,66,14,9,7,6,10,8,28,23,25,14,15,11,9,40,40,40,45,45,45,68,72,72,73,73,80,24,33,10,IND,DL,00-0038387,ACT,Colby Wooden,exact_name
12641,Dan Feeney,Dan,Feeney,1994-05-29,76,310,Indiana,31,8,,,69,67,88,64,65,80,93,52,27,6,6,6,10,6,28,20,24,25,17,7,5,65,68,62,70,71,69,10,10,37,20,34,34,12,20,15,TB,OL,00-0033910,ACT,Dan Feeney,exact_name
23086,Darrell Luter Jr,Darrell,Luter Jr,2000-04-24,72,190,South Alabama,25,2,,,69,90,50,87,92,65,90,79,10,8,6,5,13,6,66,63,68,50,50,45,40,30,30,30,35,35,35,30,35,50,64,73,64,66,71,77,SF,DB,00-0038594,ACT,Darrell Luter Jr.,exact_name
4603,David Walker,David,Walker,2000-06-03,73,263,Central Arkansas,25,0,,,69,83,78,79,85,71,89,70,25,6,6,6,12,6,60,53,55,28,30,26,23,45,45,45,45,45,45,72,65,71,69,81,75,56,62,44,TB,LB,00-0040158,ACT,David Walker,exact_name
22855,Dawand Jones,Dawand,Jones,2001-08-06,80,375,Ohio State,24,2,,,69,61,95,42,65,76,88,45,15,6,6,6,5,6,22,13,21,12,10,5,5,72,77,68,70,67,73,35,10,42,15,15,40,9,9,10,CLE,OL,00-0039014,ACT,Dawand Jones,exact_name
1082,Decamerion Richardson,Decamerion,Richardson,2001-03-16,74,195,Mississippi St.,24,1,,,69,94,52,85,92,57,90,86,24,23,22,15,15,13,55,47,50,33,36,31,26,31,23,22,35,24,25,26,33,52,55,75,77,66,70,75,LV,DB,00-0039357,ACT,Decamerion Richardson,exact_name
21614,Dee Eskridge,Dee,Eskridge,1997-03-23,69,190,W. Michigan,28,4,,,69,92,58,86,93,64,78,85,22,15,10,6,15,6,78,77,79,71,68,68,71,31,17,22,43,29,38,13,19,43,24,47,40,22,29,28,nan,NAN,,,,unmatched
23050,DeMarcco Hellams,DeMarcco,Hellams,2000-06-05,73,213,Alabama,25,2,,,69,87,70,76,92,69,92,74,38,35,31,25,23,21,71,65,71,52,55,49,47,35,35,35,35,35,35,45,49,63,67,75,75,65,66,71,ATL,DB,00-0038628,ACT,DeMarcco Hellams,exact_name
12561,Deshaun Watson,Deshaun,Watson,1995-09-14,75,223,Clemson,29,8,,,69,84,69,87,87,60,74,84,89,82,76,76,77,84,51,34,52,25,25,17,15,23,25,15,27,15,15,10,10,22,19,34,34,15,20,10,CLE,QB,00-0033537,ACT,Deshaun Watson,exact_name
22181,Dominique Robinson,Dominique,Robinson,1998-07-02,77,275,Miami Univ.,27,3,,,69,80,79,76,87,64,89,72,62,55,50,42,39,41,65,59,57,42,43,41,37,45,45,45,45,45,45,62,73,72,64,81,78,32,45,30,HOU,DL,00-0037082,ACT,Dominique Robinson,exact_name
1126,Elijah Klein,Elijah,Klein,2000-04-08,76,319,UTEP,25,1,,,69,62,83,59,64,75,92,57,26,19,15,12,8,10,31,24,23,19,21,13,11,77,77,74,73,71,73,10,10,10,18,15,33,12,12,10,TB,OL,00-0039411,ACT,Elijah Klein,exact_name
15189,Elijah Roberts,Elijah,Roberts,2001-12-24,76,285,SMU,23,0,,,69,80,83,76,83,67,89,57,22,13,12,21,15,18,28,18,18,15,15,8,7,45,45,45,45,45,45,75,71,76,66,72,76,29,37,24,TB,DL,00-0040183,ACT,Elijah Roberts,exact_name
23335,Emanuel Wilson,Emanuel,Wilson,1999-05-08,71,226,Fort Valley State,26,2,,,69,90,72,80,93,73,90,79,35,29,26,21,11,10,68,62,60,53,62,57,49,54,40,41,51,42,39,10,10,31,22,36,37,10,15,10,SEA,RB,00-0038797,ACT,Emanuel Wilson,exact_name
22303,Eyioma Uwazurike,Eyioma,Uwazurike,1998-05-06,78,320,Iowa State,27,3,,,69,62,83,65,68,73,91,55,19,6,6,6,8,6,31,23,22,26,22,18,15,45,45,45,45,45,45,70,63,76,72,75,82,13,14,11,DEN,DL,00-0038106,ACT,Eyioma Uwazurike,exact_name
22101,Grant Calcaterra,Grant,Calcaterra,1998-12-04,76,240,SMU,26,3,,,69,85,72,80,89,73,79,77,25,15,10,6,13,6,83,72,75,66,68,63,60,58,55,58,57,53,55,10,10,23,22,23,30,12,15,15,PHI,TE,00-0037086,ACT,Grant Calcaterra,exact_name
22053,Hassan Haskins,Hassan,Haskins,1999-11-26,74,228,Michigan,25,3,,,69,89,77,80,91,69,86,80,35,25,20,15,24,23,66,50,51,44,58,52,43,56,37,32,44,35,30,17,18,34,30,42,41,18,26,21,nan,NAN,,,,unmatched
13212,Ian Thomas,Ian,Thomas,1996-06-06,76,260,Indiana,29,7,,,69,82,68,77,88,69,92,74,31,27,22,19,13,6,79,76,75,68,69,64,56,58,54,57,60,60,57,20,20,27,15,31,31,12,14,10,LV,TE,00-0034365,ACT,Ian Thomas,exact_name
15098,Isaiah Bond,Isaiah,Bond,2004-03-15,71,185,Texas,21,0,,,69,93,60,77,94,69,85,78,23,18,14,10,23,21,80,76,78,66,71,72,73,22,24,13,44,21,25,10,10,25,33,37,24,23,30,27,CLE,WR,00-0040782,ACT,Isaiah Bond,exact_name
22754,Isaiah Davis,Isaiah,Davis,2002-02-21,72,218,S. Dakota St.,23,1,,,69,87,73,82,90,67,84,80,49,32,23,19,28,25,67,46,48,53,64,53,42,49,32,24,35,20,20,18,24,40,14,43,40,18,26,23,NYJ,RB,00-0039798,ACT,Isaiah Davis,exact_name
22241,Isaiah Pola-Mao,Isaiah,Pola-Mao,1999-06-30,76,211,USC,26,3,,,69,89,57,88,91,68,87,80,27,19,13,12,11,11,70,57,64,25,21,17,10,35,35,35,35,35,35,28,35,44,70,73,67,68,68,75,LV,DB,00-0037512,ACT,Isaiah Pola-Mao,exact_name
15253,Jack Kiser,Jack,Kiser,2000-09-10,74,229,Notre Dame,24,0,,,69,83,70,78,88,69,88,75,26,28,25,22,22,19,55,44,48,22,23,18,15,45,45,45,45,45,45,57,59,66,68,83,81,57,64,45,JAX,LB,00-0040723,ACT,Jack Kiser,exact_name
4726,Jahdae Walker,Jahdae,Walker,2002-07-05,75,206,Texas AM,23,0,,,69,91,60,92,91,62,86,87,28,20,15,10,17,15,77,78,78,65,71,72,73,26,19,22,38,28,23,10,10,26,17,39,30,14,19,18,CHI,WR,00-0040277,ACT,Jahdae Walker,exact_name
22821,Jake Bobo,Jake,Bobo,1998-08-04,76,207,UCLA,27,2,,,69,85,62,80,86,73,91,77,31,15,10,6,19,6,85,84,85,69,74,72,70,31,21,19,52,31,27,11,11,25,15,33,33,10,10,22,SEA,WR,00-0038752,ACT,Jake Bobo,exact_name
22116,Jamaree Salyer,Jamaree,Salyer,2000-07-13,76,325,Georgia,25,3,,,69,63,88,59,68,75,90,55,14,6,6,6,10,6,23,15,15,8,15,5,5,72,73,71,69,71,68,30,24,35,17,34,33,10,10,10,MIA,OL,00-0037295,ACT,Jamaree Salyer,exact_name
14662,Jamari Thrash,Jamari,Thrash,2000-12-19,72,188,Louisville,24,1,,,69,90,56,84,93,62,83,84,28,20,18,13,17,17,82,76,79,70,74,72,71,27,20,17,44,22,29,10,10,29,14,31,28,18,23,15,CLE,WR,00-0039379,ACT,Jamari Thrash,exact_name
15322,Jason Marshall Jr,Jason,Marshall Jr,2002-09-06,72,194,Florida,22,0,,,69,89,60,88,93,69,86,84,23,16,10,19,18,27,69,55,64,34,27,26,25,35,25,35,35,25,35,24,36,43,71,69,52,71,64,60,MIA,DB,00-0040178,ACT,Jason Marshall Jr.,exact_name
14896,Javon Solomon,Javon,Solomon,2001-01-17,73,247,Troy,24,1,,,69,82,77,75,84,70,90,64,22,6,6,6,15,6,47,35,37,15,10,6,5,45,45,45,45,45,45,70,72,73,69,76,79,36,40,29,BUF,DL,00-0039879,ACT,Javon Solomon,exact_name
23047,Jay Ward,Jay,Ward,2000-07-13,73,188,LSU,25,2,,,69,87,58,79,93,69,90,83,23,15,10,10,11,15,70,63,69,34,33,30,27,35,35,35,35,35,35,27,32,60,72,77,66,65,67,73,MIN,DB,00-0038578,ACT,Jay Ward,exact_name
14912,Jaylan Ford,Jaylan,Ford,2001-11-28,75,242,Texas,23,1,,,69,82,73,81,84,69,95,75,24,11,9,6,9,9,73,63,67,15,24,21,14,35,30,30,45,40,40,64,60,76,66,79,79,54,57,52,NO,LB,00-0039388,ACT,Jaylan Ford,exact_name
14915,JD Bertrand,JD,Bertrand,2000-05-05,73,235,Notre Dame,25,1,,,69,83,70,75,87,70,89,74,25,9,7,6,8,7,53,47,46,25,18,8,6,40,35,35,45,45,45,65,54,73,71,82,76,60,65,62,ATL,LB,00-0039370,ACT,JD Bertrand,exact_name
13190,Joe Noteboom,Joe,Noteboom,1995-06-19,77,300,TCU,30,7,,,69,71,87,60,75,79,83,53,17,6,6,6,14,6,20,15,14,15,10,8,5,73,71,75,71,67,74,10,10,30,10,31,31,12,12,10,nan,NAN,,,,unmatched
1317,Joe Andreessen,Joe,Andreessen,2000-02-07,73,232,Buffalo,25,1,,,69,84,77,77,89,66,91,80,30,6,6,6,15,6,66,15,25,15,15,5,5,45,45,45,45,45,45,58,51,71,69,82,80,51,62,55,BUF,LB,00-0039763,ACT,Joe Andreessen,exact_name
10577,Jon Weeks,Jon,Weeks,1986-02-17,70,242,Baylor,39,15,,,69,69,69,68,71,68,94,60,40,12,12,12,14,12,64,47,44,21,41,36,31,55,50,40,47,40,35,59,55,66,55,65,67,26,34,21,SF,LS,00-0027224,ACT,Jon Weeks,exact_name
15167,Jonah Savaiinaea,Jonah,Savaiinaea,2004-01-13,76,324,Arizona,21,0,,,69,74,84,65,78,74,89,57,22,6,6,6,13,6,21,15,18,16,10,5,5,68,66,70,74,73,77,10,10,23,22,23,20,10,10,10,MIA,OL,00-0040742,ACT,Jonah Savaiinaea,exact_name
1157,Jonah Laulu,Jonah,Laulu,2000-06-30,77,292,Oklahoma,25,1,,,69,74,84,65,79,68,87,61,19,6,6,6,10,6,36,25,20,24,15,7,3,45,45,45,45,45,45,70,70,74,66,78,79,22,31,18,LV,DL,00-0039423,ACT,Jonah Laulu,exact_name
21996,Jonah Williams,Jonah,Williams,1995-08-17,77,275,Weber State,30,5,,,69,78,82,73,78,66,90,59,23,9,9,9,17,9,37,27,32,22,18,15,12,46,46,46,45,45,45,70,63,74,67,73,81,16,20,18,ARI,DL,00-0035944,ACT,Jonah Williams,exact_name
20981,Jordan Elliott,Jordan,Elliott,1997-11-23,76,303,Missouri,27,5,,,69,71,82,61,78,73,93,55,23,6,6,6,14,6,32,20,19,14,12,6,4,45,45,45,45,45,45,70,62,72,74,76,80,16,23,10,TEN,DL,00-0036266,ACT,Jordan Elliott,exact_name
15083,Jordan Watkins,Jordan,Watkins,2002-02-15,71,196,Ole Miss,23,0,,,69,93,66,82,93,68,92,83,29,25,22,15,33,16,84,77,75,67,70,71,73,20,26,17,42,21,23,28,29,36,35,40,42,60,32,25,SF,WR,00-0040172,ACT,Jordan Watkins,exact_name
14881,Jordan Jefferson,Jordan,Jefferson,2001-09-24,75,305,LSU,23,1,,,69,69,91,67,72,60,90,50,15,6,6,6,10,6,22,13,13,12,10,5,3,52,55,53,45,45,45,72,66,73,64,73,81,13,18,14,CIN,DL,00-0039743,ACT,Jordan Jefferson,exact_name
15316,Jordan Hancock,Jordan,Hancock,2003-08-12,72,186,Ohio State,22,0,,,69,91,60,82,94,71,85,81,22,21,7,15,35,32,71,60,64,35,30,30,31,35,25,35,35,25,35,32,43,48,72,74,60,65,67,56,BUF,DB,00-0040192,ACT,Jordan Hancock,exact_name
23266,Josh Hayes,Josh,Hayes,1999-04-04,72,190,Kansas State,26,2,,,69,91,58,81,91,69,87,77,27,6,6,6,16,6,67,57,64,39,21,11,10,35,35,35,35,35,35,31,36,45,73,74,53,71,69,67,TB,DB,00-0039051,ACT,Josh Hayes,exact_name
1448,Josh Butler,Josh,Butler,1996-11-25,71,182,Michigan St.,28,2,,,69,91,56,83,93,65,85,85,21,24,21,15,14,12,60,51,51,20,20,15,8,26,21,19,30,24,23,28,33,48,62,71,61,68,72,68,DAL,DB,00-0038348,ACT,Josh Butler,exact_name
12708,Joshua Dobbs,Joshua,Dobbs,1995-01-26,75,220,Tennessee,30,8,,,69,88,74,84,86,64,84,77,85,84,79,78,80,81,52,42,40,28,30,20,10,24,20,20,20,15,15,10,10,27,18,34,33,18,25,15,nan,NAN,,,,unmatched
4706,Kai Kroeger,Kai,Kroeger,2002-06-11,75,213,South Carolina,23,0,,,69,80,53,66,82,52,88,58,38,35,30,25,14,25,31,14,14,15,15,11,11,16,13,14,12,11,12,10,10,13,18,27,29,10,10,10,HOU,P,00-0040654,ACT,Kai Kroeger,exact_name
20998,Kenneth Murray Jr,Kenneth,Murray Jr,1998-11-17,74,241,Oklahoma,26,5,,,69,87,73,83,89,71,88,74,25,22,20,19,28,25,60,43,47,25,15,15,15,45,45,45,45,45,45,51,62,67,66,80,85,60,58,52,nan,NAN,,,,unmatched
1071,Kiran Amegadjie,Kiran,Amegadjie,2002-02-01,77,326,Yale,23,1,,,69,70,88,69,74,69,91,55,24,25,21,19,11,13,37,34,32,25,24,21,14,72,72,70,73,72,73,36,21,30,20,27,33,15,14,11,CHI,OL,00-0039822,ACT,Kiran Amegadjie,exact_name
15085,Konata Mumpfield,Konata,Mumpfield,2002-10-24,71,186,Pittsburgh,22,0,,,69,86,63,90,88,63,90,88,22,19,19,15,20,16,83,79,79,73,74,74,73,22,22,16,44,21,19,23,26,33,37,39,39,50,41,25,LA,WR,00-0040590,ACT,Konata Mumpfield,exact_name
15183,Kyle Kennard,Kyle,Kennard,2001-12-12,77,254,South Carolina,23,0,,,69,81,78,75,86,68,91,68,23,18,10,7,14,10,48,35,41,14,19,19,19,45,45,45,45,45,45,62,70,76,68,80,78,45,54,34,LAC,LB,00-0040161,ACT,Kyle Kennard,exact_name
21624,Kylen Granson,Kylen,Granson,1998-03-27,74,242,SMU,27,4,,,69,85,69,81,88,69,92,75,27,15,10,5,10,7,79,77,78,67,64,59,58,60,59,56,59,55,59,10,10,37,20,41,38,11,19,16,TEN,TE,00-0036876,ACT,Kylen Granson,exact_name
20422,L.J. Collier,L.J.,Collier,1995-09-12,74,300,TCU,29,6,,,69,77,83,64,76,74,85,56,23,6,6,6,10,6,40,24,23,13,12,7,3,45,45,45,45,45,45,72,65,73,71,74,80,17,26,21,ARI,DL,00-0035636,ACT,L.J. Collier,exact_name
15334,Lathan Ransom,Lathan,Ransom,2002-07-16,72,203,Ohio State,23,0,,,69,86,66,83,91,68,80,80,24,6,6,6,12,6,69,58,61,33,35,30,25,35,35,35,35,35,35,37,36,53,65,77,70,62,70,62,CAR,DB,00-0040159,ACT,Lathan Ransom,exact_name
22843,Luke Schoonmaker,Luke,Schoonmaker,1998-09-28,77,250,Michigan,26,2,,,69,85,72,89,88,66,88,76,37,15,10,6,15,6,80,80,79,63,64,57,52,61,61,57,64,63,59,18,25,43,40,55,52,34,39,34,DAL,TE,00-0038547,ACT,Luke Schoonmaker,exact_name
14859,Maason Smith,Maason,Smith,2002-10-13,78,310,LSU,22,1,,,69,72,83,64,75,64,83,58,28,6,6,6,15,6,39,10,15,20,10,3,2,45,45,45,45,45,45,72,71,77,62,79,84,24,47,19,ATL,DL,00-0039889,ACT,Maason Smith,exact_name
14659,Malachi Corley,Malachi,Corley,2002-03-21,71,207,W. Kentucky,23,1,,,69,88,66,85,90,61,91,86,42,36,28,22,26,24,85,76,79,71,73,70,68,43,27,33,52,33,38,11,11,36,24,41,40,26,31,25,CLE,WR,00-0039920,ACT,Malachi Corley,exact_name
21483,Marco Wilson,Marco,Wilson,1999-03-03,71,191,Florida,26,4,,,69,91,66,87,92,70,86,88,34,6,6,6,15,6,67,52,66,36,34,24,22,35,35,35,35,35,35,45,53,45,67,65,48,68,68,66,MIA,DB,00-0036884,ACT,Marco Wilson,exact_name
15311,Marcus Harris,Marcus,Harris,2001-03-06,71,188,California,24,0,,,69,93,59,79,92,63,90,86,13,16,12,7,27,21,74,61,67,31,31,30,29,35,25,35,33,25,35,27,26,47,62,72,67,70,66,68,TEN,DB,00-0040201,ACT,Marcus Harris,exact_name_birthdate
14860,McKinnley Jackson,McKinnley,Jackson,2001-12-26,74,330,Texas AM,23,1,,,69,64,84,55,72,71,85,51,12,13,16,17,20,15,22,15,15,12,4,4,4,23,25,18,45,45,45,66,65,76,74,75,80,17,19,10,CIN,DL,00-0039354,ACT,McKinnley Jackson,exact_name
20541,Michael Jordan,Michael,Jordan,1998-01-25,78,315,Ohio State,27,6,,,69,69,79,59,61,75,90,51,25,6,6,6,13,6,30,10,12,12,10,10,10,75,73,77,72,71,74,10,10,15,10,23,34,12,15,10,nan,NAN,,,,unmatched
15132,Miles Frazier,Miles,Frazier,2001-09-12,78,317,LSU,23,0,,,69,64,89,59,71,70,91,53,21,6,6,6,13,6,43,43,46,28,34,30,26,71,72,69,72,73,70,42,38,42,29,28,28,22,24,10,DET,OL,00-0040193,ACT,Miles Frazier,exact_name
22256,Montaric Brown,Montaric,Brown,1999-08-24,72,190,Arkansas,26,3,,,69,87,57,78,90,72,90,79,23,6,6,6,6,6,70,56,67,39,41,36,32,35,35,35,35,35,35,27,34,49,70,69,51,72,76,72,JAX,DB,00-0037313,ACT,Montaric Brown,exact_name
21708,Nahshon Wright,Nahshon,Wright,1997-09-23,76,185,Oregon State,27,4,,,69,89,54,81,85,75,89,76,27,15,10,6,10,6,74,67,74,47,48,43,39,35,35,35,38,35,35,31,40,53,72,75,68,68,73,73,NYJ,DB,00-0036986,ACT,Nahshon Wright,exact_name
14963,Nehemiah Pritchett,Nehemiah,Pritchett,2001-02-11,72,190,Auburn,24,1,,,69,94,50,85,92,64,89,86,24,12,8,6,10,9,62,50,58,42,35,30,25,30,22,21,35,25,24,23,32,44,62,69,53,66,73,74,SEA,DB,00-0039795,ACT,Nehemiah Pritchett,exact_name
22979,Nick Hampton,Nick,Hampton,2000-04-05,74,250,Appalach. St.,25,2,,,69,86,65,83,92,62,87,69,31,22,17,14,9,11,40,40,39,12,20,20,15,35,35,35,40,40,40,67,66,68,63,83,78,44,52,47,CAR,LB,00-0039076,ACT,Nick Hampton,exact_name
10939,Nick Bellore,Nick,Bellore,1989-05-12,73,250,Central Michigan,36,14,,,69,85,80,79,80,71,87,76,25,6,6,6,10,6,61,47,40,41,52,40,33,66,43,38,63,57,53,64,50,67,68,76,83,58,70,50,WAS,LB,00-0028292,ACT,Nick Bellore,exact_name
2002,Pat O'Donnell,Pat,O'Donnell,1991-02-22,76,220,Miami,34,11,,,69,78,59,69,78,55,85,57,49,36,32,27,13,20,34,15,20,15,10,10,10,10,10,10,20,16,16,10,10,24,25,60,24,13,22,10,nan,NAN,,,,unmatched
15032,Raheim Sanders,Raheim,Sanders,2003-06-08,72,217,South Carolina,22,0,,,69,90,72,84,89,69,83,84,22,18,15,10,21,21,67,51,49,48,60,52,42,46,35,37,37,28,30,27,31,37,39,34,34,25,31,27,CLE,RB,00-0040466,ACT,Raheim Sanders,exact_name
15324,Robert Longerbeam,Robert,Longerbeam,2001-01-18,71,175,Rutgers,24,0,,,69,93,57,85,92,65,85,87,48,48,44,41,41,41,73,60,66,25,20,18,15,35,25,35,35,25,35,23,27,42,64,71,47,69,68,65,BAL,DB,00-0040077,ACT,Robert Longerbeam,exact_name
20930,Salvon Ahmed,Salvon,Ahmed,1998-12-29,71,197,Washington,26,5,,,69,91,62,83,91,68,87,81,30,25,20,15,20,15,65,47,44,46,56,53,50,54,35,30,30,19,23,10,12,30,30,41,31,31,27,22,CHI,RB,00-0036020,ACT,Salvon Ahmed,exact_name
21401,Sam Franklin Jr,Sam,Franklin Jr,1996-02-02,75,210,Temple,29,5,,,69,86,66,84,88,73,89,79,27,6,6,6,19,6,68,64,62,40,41,38,29,35,33,34,35,33,34,50,58,59,72,73,63,65,70,59,BUF,DB,00-0036037,ACT,Sam Franklin Jr.,exact_name
23268,Scott Matlock,Scott,Matlock,2000-06-28,76,296,Boise State,25,2,,,69,74,85,73,81,72,90,61,22,13,10,7,9,8,68,55,56,48,58,48,39,66,55,51,70,61,58,70,64,67,67,79,76,15,19,20,LAC,RB,00-0038614,ACT,Scott Matlock,exact_name
4626,Shaun Dolac,Shaun,Dolac,2001-09-14,73,225,Buffalo,23,0,,,69,85,73,86,93,67,86,82,24,6,6,6,12,6,46,46,48,25,32,25,20,45,45,45,45,45,45,49,53,65,68,81,81,56,62,46,LA,LB,00-0040613,ACT,Shaun Dolac,exact_name
15247,Smael Mondon Jr,Smael,Mondon Jr,2003-02-13,74,224,Georgia,22,0,,,69,86,70,83,92,68,85,78,26,25,22,19,19,16,52,47,48,23,28,25,22,45,45,45,45,45,45,51,53,68,67,80,81,56,65,50,PHI,LB,00-0040013,ACT,Smael Mondon Jr.,exact_name
22890,T.J. Bass,T.J.,Bass,1999-03-31,76,325,Oregon,26,2,,,69,56,85,52,71,70,92,47,18,6,6,6,14,6,45,40,42,42,42,37,30,73,76,72,71,75,70,55,41,43,46,52,47,12,14,10,nan,NAN,,,,unmatched
14936,T.J. Tampa,T.J.,Tampa,2002-03-13,74,200,Iowa State,23,1,,,69,88,60,86,88,68,93,87,40,33,32,23,11,21,73,67,71,53,54,51,47,15,12,10,25,20,20,35,43,51,72,69,54,71,68,75,BAL,DB,00-0039234,ACT,T.J. Tampa,exact_name
21520,Ta'Quon Graham,Ta'Quon,Graham,1998-12-01,76,294,Texas,26,4,,,69,74,86,72,79,64,91,57,23,6,6,6,12,6,25,14,14,15,12,5,3,44,44,45,45,46,45,72,65,75,62,76,78,19,27,19,PHI,DL,00-0036948,ACT,Ta'Quon Graham,exact_name
23152,Terell Smith,Terell,Smith,1999-07-27,72,204,Minnesota,26,2,,,69,92,63,83,95,64,87,81,26,6,6,6,12,6,65,58,63,25,33,26,16,35,35,35,35,35,35,35,45,56,65,74,64,63,70,76,CHI,DB,00-0038395,ACT,Terell Smith,exact_name
15105,Terrance Ferguson,Terrance,Ferguson,2003-03-07,77,247,Oregon,22,0,,,69,85,73,78,87,67,90,68,29,10,11,18,21,28,76,76,80,70,68,62,56,55,55,53,57,54,59,41,45,46,37,48,39,39,46,22,LA,TE,00-0040737,ACT,Terrance Ferguson,exact_name
20640,Travis Homer,Travis,Homer,1998-08-07,70,211,Miami,27,6,,,69,91,62,81,93,73,90,83,25,21,15,12,11,13,69,53,50,53,60,52,45,55,41,36,34,25,24,10,10,38,20,39,35,15,20,17,PIT,RB,00-0035594,ACT,Travis Homer,exact_name
20678,Trey Pipkins III,Trey,Pipkins III,1996-09-05,78,307,Sioux Falls,28,6,,,69,69,83,64,74,82,88,53,16,6,6,6,13,6,47,34,32,37,26,20,15,72,74,70,75,73,77,40,30,40,24,35,40,12,12,10,LAC,OL,00-0035688,ACT,Trey Pipkins,exact_name
22052,Tyler Badie,Tyler,Badie,2000-02-07,68,197,Missouri,25,3,,,69,90,74,83,94,68,87,82,25,20,15,10,12,14,69,53,55,55,62,58,52,45,23,28,39,21,27,10,10,30,24,36,34,19,28,20,DEN,RB,00-0037085,ACT,Tyler Badie,exact_name
15185,Tyler Baron,Tyler,Baron,2001-10-22,77,258,Miami,23,0,,,69,85,76,73,89,69,86,65,12,16,10,19,15,15,36,29,27,20,15,10,6,45,45,45,45,45,45,72,68,78,67,76,77,31,38,26,NYJ,DL,00-0040196,ACT,Tyler Baron,exact_name
10583,Tyrod Taylor,Tyrod,Taylor,1989-08-03,73,217,Virginia Tech,36,14,,,69,86,57,86,86,66,82,83,87,83,77,78,79,77,63,54,55,33,35,24,15,23,18,20,20,15,15,10,10,25,20,35,37,18,25,15,GB,QB,00-0028118,ACT,Tyrod Taylor,exact_name
22202,Ventrell Miller,Ventrell,Miller,1999-01-15,72,221,Florida,26,2,,,69,83,74,76,87,71,82,72,17,14,11,7,13,5,58,52,54,25,15,8,6,35,35,35,45,45,45,54,49,67,73,80,78,61,69,48,JAX,LB,00-0038570,ACT,Ventrell Miller,exact_name
15217,Vernon Broughton,Vernon,Broughton,2001-07-15,77,311,Texas,24,0,,,69,72,86,63,80,69,88,59,13,12,7,7,12,13,51,46,50,44,45,42,38,45,45,45,45,45,45,77,72,74,68,72,76,9,15,15,NO,DL,00-0040642,ACT,Vernon Broughton,exact_name
22687,Will Levis,Will,Levis,1999-06-27,76,229,Kentucky,26,2,,,69,80,69,83,85,58,87,79,94,83,78,80,76,78,47,13,16,14,16,13,11,13,10,10,20,12,16,10,10,18,12,22,25,10,15,10,TEN,QB,00-0039152,ACT,Will Levis,exact_name
15213,Aeneas Peebles,Aeneas,Peebles,2001-09-03,73,282,Virginia Tech,23,0,,,68,73,81,64,81,68,93,57,23,6,6,6,10,6,27,20,22,18,15,12,10,45,45,45,45,45,45,77,75,75,64,76,78,16,21,22,BAL,DL,00-0040076,ACT,Aeneas Peebles,exact_name
23358,Alex Palczewski,Alex,Palczewski,1999-08-03,78,314,Illinois,26,2,,,68,63,82,60,75,75,85,58,16,8,7,6,5,5,25,21,25,15,25,15,7,71,69,73,72,70,74,40,30,37,25,32,38,12,12,10,DEN,OL,00-0038796,ACT,Alex Palczewski,exact_name
15087,Arian Smith,Arian,Smith,2001-10-11,72,179,Georgia,23,0,,,68,94,64,90,91,71,86,89,12,7,10,15,31,21,75,71,71,66,71,70,71,25,24,15,47,20,30,23,24,30,45,29,31,68,51,30,NYJ,WR,00-0040582,ACT,Arian Smith,exact_name
21641,Ben Cleveland,Ben,Cleveland,1998-08-25,78,370,Georgia,27,4,,,68,70,90,65,72,68,85,49,23,5,5,5,10,5,12,13,15,13,12,5,5,68,72,66,72,73,71,21,12,35,17,17,31,11,11,10,LAC,OL,00-0036977,ACT,Ben Cleveland,exact_name
21132,Benito Jones,Benito,Jones,1997-11-27,73,329,Ole Miss,27,5,,,68,69,86,52,68,74,85,46,23,6,6,6,10,6,37,24,31,12,13,5,3,45,45,45,45,45,45,65,72,73,71,75,79,20,28,20,LV,DL,00-0035841,ACT,Benito Jones,exact_name
22084,Bo Melton,Bo,Melton,1999-05-18,71,189,Rutgers,26,3,,,68,94,65,90,93,63,87,91,32,20,15,10,24,15,81,78,79,69,73,72,74,28,24,20,53,30,36,25,30,42,60,61,55,64,69,63,GB,DB,00-0037091,ACT,Bo Melton,exact_name
21562,Brevin Jordan,Brevin,Jordan,2000-07-16,75,245,Miami,25,4,,,68,86,73,83,89,59,85,76,42,39,31,28,26,21,79,77,78,70,65,59,55,59,58,56,58,58,56,21,27,43,29,46,43,15,19,20,HOU,TE,00-0036556,ACT,Brevin Jordan,exact_name
1391,British Brooks,British,Brooks,1999-11-18,71,225,North Carolina,25,1,,,68,86,78,81,89,61,88,74,25,6,6,6,10,6,69,54,51,53,51,47,41,58,49,52,59,51,55,25,21,33,32,51,39,23,32,21,HOU,RB,00-0039603,ACT,British Brooks,exact_name
22795,Bryce Ford-Wheaton,Bryce,Ford-Wheaton,2000-03-09,76,220,West Virginia,25,2,,,68,92,68,84,93,65,88,84,37,21,19,18,22,20,79,80,82,72,72,70,68,40,11,15,51,35,29,11,11,37,21,40,38,16,24,16,nan,NAN,,,,unmatched
4724,Brycen Tremayne,Brycen,Tremayne,1999-11-18,76,212,Stanford,25,1,,,68,87,68,87,90,69,87,83,24,15,13,11,17,10,82,78,79,67,72,71,68,27,21,17,50,26,33,10,10,27,22,31,29,10,17,14,CAR,WR,00-0038840,ACT,Brycen Tremayne,exact_name
14876,Cedric Johnson,Cedric,Johnson,2002-09-06,75,264,Ole Miss,22,1,,,68,85,79,69,89,68,88,66,23,6,6,6,10,6,40,24,23,13,12,7,3,45,45,45,45,45,45,68,70,74,67,77,76,40,46,21,CIN,DL,00-0039752,ACT,Cedric Johnson,exact_name
21923,Chris Rumph II,Chris,Rumph II,1998-10-19,74,244,Duke,26,4,,,68,80,74,80,88,60,89,74,26,6,6,6,12,6,36,25,24,23,15,9,7,45,45,45,45,45,45,59,72,70,57,78,78,37,47,33,NO,LB,00-0036867,ACT,Chris Rumph II,exact_name
20366,Chuma Edoga,Chuma,Edoga,1997-05-25,75,308,USC,28,6,,,68,70,84,66,67,75,83,54,23,6,6,6,3,6,29,21,16,15,17,7,5,69,67,71,72,69,75,10,10,26,15,27,36,12,15,10,JAX,OL,00-0035698,ACT,Chuma Edoga,exact_name
15221,CJ West,CJ,West,2002-06-12,73,316,Indiana,23,0,,,68,74,84,64,77,63,88,53,25,15,10,8,14,12,19,18,18,17,17,15,12,45,45,45,45,45,45,76,62,82,62,76,74,13,16,12,SF,DL,00-0040711,ACT,CJ West,exact_name
20531,Cody Ford,Cody,Ford,1996-12-28,75,345,Oklahoma,28,6,,,68,67,87,55,66,70,84,52,16,6,6,6,7,6,23,15,15,15,15,5,5,71,73,68,72,74,71,10,10,14,24,23,14,16,12,10,CIN,OL,00-0035238,ACT,Cody Ford,exact_name
20882,Craig Reynolds,Craig,Reynolds,1996-06-15,71,215,Kutztown,29,7,,,68,89,66,84,89,74,86,80,31,27,21,17,23,16,67,55,52,57,61,52,50,49,35,30,31,26,21,19,13,32,18,34,29,15,21,15,nan,NAN,,,,unmatched
22500,Daniel Hardy,Daniel,Hardy,1998-12-15,75,240,Montana State,26,3,,,68,83,71,89,90,61,90,74,23,6,6,6,12,6,33,22,25,15,15,10,5,45,45,45,45,45,45,61,64,65,59,75,81,25,36,32,CHI,DL,00-0037843,ACT,Daniel Hardy,exact_name
23085,Daniel Scott,Daniel,Scott,1998-10-26,73,208,California,26,2,,,68,91,67,91,93,64,89,86,35,34,28,24,17,16,70,61,68,48,45,41,39,30,30,30,35,35,35,47,55,47,60,65,61,70,68,67,IND,DB,00-0038392,ACT,Daniel Scott,exact_name
22114,Darian Kinnard,Darian,Kinnard,1999-12-29,77,322,Kentucky,25,3,,,68,62,86,50,72,60,91,49,21,6,6,6,8,6,23,15,12,12,10,5,5,69,72,65,78,79,77,19,12,29,10,19,32,8,8,10,GB,OL,00-0037194,ACT,Darian Kinnard,exact_name
4727,Darius Cooper,Darius,Cooper,2001-11-22,71,210,Tarleton State,23,0,,,68,89,65,81,91,64,91,85,32,20,17,12,21,21,80,79,79,68,72,73,75,30,27,33,51,33,38,11,11,24,24,32,35,18,26,22,PHI,WR,00-0040024,ACT,Darius Cooper,exact_name
1732,David Quessenberry,David,Quessenberry,1990-08-24,77,310,San Jose St.,35,8,,,68,68,85,62,68,83,92,54,30,6,6,6,10,6,62,57,54,45,39,29,21,68,72,66,74,72,76,25,15,39,20,29,41,13,15,10,LA,OL,00-0030097,ACT,David Quessenberry,exact_name
22491,Deane Leonard,Deane,Leonard,1999-11-20,72,195,Ole Miss,25,3,,,68,93,60,82,94,60,89,86,23,15,10,10,11,15,57,50,51,20,26,16,11,35,35,35,35,35,35,32,41,51,60,73,62,67,65,72,LAC,DB,00-0037320,ACT,Deane Leonard,exact_name
20922,DeeJay Dallas,DeeJay,Dallas,1998-09-16,70,214,Miami,26,5,,,68,88,75,79,86,75,91,76,42,39,37,28,29,31,71,60,56,63,67,61,53,52,38,35,49,36,33,13,17,32,24,44,42,24,34,26,JAX,RB,00-0036425,ACT,DeeJay Dallas,exact_name
1351,Dell Pettus,Dell,Pettus,2001-06-02,71,200,Troy,24,1,,,68,89,64,83,91,67,92,79,26,15,12,10,7,7,67,61,64,40,36,32,27,35,35,35,35,35,35,33,44,56,66,77,69,68,66,64,NE,DB,00-0039692,ACT,Dell Pettus,exact_name
16143,Dillon Gabriel,Dillon,Gabriel,2000-12-28,72,205,Oregon,24,0,,,68,83,58,79,86,71,89,78,84,84,80,80,81,84,41,21,18,28,21,16,18,24,25,27,18,29,26,30,32,33,29,39,35,24,48,22,CLE,QB,00-0040704,ACT,Dillon Gabriel,exact_name
20436,Donald Parham,Donald,Parham,1997-08-16,80,237,Stetson,28,5,,,68,85,71,75,83,69,83,70,30,15,10,6,10,6,81,76,79,69,67,64,59,58,57,53,58,56,53,17,17,32,22,38,38,14,21,17,nan,NAN,,,,unmatched
1397,Dondrea Tillman,Dondrea,Tillman,1998-04-30,76,247,IUP,27,2,,,68,73,77,72,80,70,85,65,20,6,6,6,16,6,42,33,38,12,20,15,10,45,45,45,45,45,45,73,60,73,69,81,81,35,43,32,DEN,LB,00-0037799,ACT,Dondrea Tillman,exact_name
15065,Dont'e Thornton Jr,Dont'e,Thornton Jr,2002-11-30,77,205,Tennessee,22,0,,,68,96,70,81,94,67,84,78,17,19,11,10,32,31,75,75,73,72,68,69,74,29,27,19,50,29,30,33,33,39,39,48,51,49,56,28,LV,WR,00-0040581,ACT,Dont'e Thornton Jr.,exact_name
14995,Donte Kent,Donte,Kent,2001-09-28,70,187,Central Michigan,23,0,,,68,93,56,79,93,61,90,81,20,24,7,17,30,28,65,49,60,30,30,28,27,35,25,35,26,25,35,23,30,47,62,72,62,69,69,68,PIT,DB,00-0040232,ACT,Donte Kent,exact_name
20395,Drew Sample,Drew,Sample,1996-04-16,77,260,Washington,29,6,,,68,82,73,77,84,67,89,72,26,20,15,10,14,10,77,78,79,68,66,61,56,60,59,54,65,62,65,23,37,47,24,54,43,17,23,19,CIN,TE,00-0035631,ACT,Drew Sample,exact_name
1122,Dylan Laube,Dylan,Laube,1999-12-14,70,208,New Hampshire,25,1,,,68,88,67,88,89,62,91,90,27,15,10,10,17,10,75,65,63,63,70,64,59,50,30,25,31,28,25,10,10,26,13,32,27,11,16,15,LV,RB,00-0039407,ACT,Dylan Laube,exact_name
4663,Efton Chism III,Efton,Chism III,2001-10-26,71,193,Eastern Wash.,23,0,,,68,84,66,90,87,60,91,91,42,31,26,20,31,15,81,78,77,67,75,74,70,29,24,20,50,27,32,22,25,37,22,44,33,15,21,20,NE,WR,00-0040563,ACT,Efton Chism III,exact_name
13028,Elijah Wilkinson,Elijah,Wilkinson,1995-02-10,76,329,Massachusetts,30,8,,,68,70,85,60,56,80,86,45,32,6,6,6,12,6,26,15,20,12,10,5,5,72,70,74,72,70,74,30,20,33,24,38,37,10,12,10,ARI,OL,00-0033676,ACT,Elijah Wilkinson,exact_name
21795,Elijah Hicks,Elijah,Hicks,1999-10-16,71,204,California,25,3,,,68,88,58,77,90,70,91,75,30,6,6,6,14,6,69,51,62,25,15,10,10,35,35,35,35,35,35,34,42,50,72,73,69,66,68,67,CHI,DB,00-0037096,ACT,Elijah Hicks,exact_name
22736,Eric Gray,Eric,Gray,1999-11-04,70,210,Oklahoma,25,2,,,68,86,69,85,90,67,92,86,24,24,19,15,19,17,72,47,49,49,63,56,48,55,32,37,31,18,24,10,10,24,13,34,25,10,16,14,NYG,RB,00-0038396,ACT,Eric Gray,exact_name
15116,Gunnar Helm,Gunnar,Helm,2002-09-06,77,241,Texas,22,0,,,68,78,74,79,80,72,91,73,21,13,7,15,30,18,80,74,75,67,67,62,60,59,60,58,60,61,58,40,34,44,21,45,41,24,24,10,TEN,TE,00-0040584,ACT,Gunnar Helm,exact_name
14716,Isaiah Adams,Isaiah,Adams,2000-07-21,76,315,Illinois,25,1,,,68,65,86,59,70,69,90,56,31,31,24,22,14,21,32,37,15,13,21,15,14,73,73,73,71,72,74,32,32,37,31,35,40,11,11,11,ARI,OL,00-0039808,ACT,Isaiah Adams,exact_name
4605,Jackson Slater,Jackson,Slater,2003-05-30,75,311,Sacramento State,22,0,,,68,72,89,61,72,68,87,52,24,5,5,5,9,5,25,25,24,15,13,5,5,70,71,69,72,72,71,35,33,36,24,31,35,12,14,10,TEN,OL,00-0040190,ACT,Jackson Slater,exact_name
20997,Jacob Phillips,Jacob,Phillips,1999-04-01,75,228,LSU,26,5,,,68,82,73,71,85,64,80,72,24,6,6,6,12,6,56,45,52,25,31,27,22,50,45,45,43,45,45,47,53,71,67,82,82,51,57,48,nan,NAN,,,,unmatched
20329,Jake Browning,Jake,Browning,1996-04-11,74,209,Washington,29,5,,,68,79,57,76,82,72,93,73,87,85,80,74,77,74,39,27,33,14,24,13,10,11,10,10,11,10,10,10,10,22,15,30,19,10,13,10,TB,QB,00-0035100,ACT,Jake Browning,exact_name
15133,Jalen Rivers,Jalen,Rivers,2002-09-12,78,319,Miami,22,0,,,68,63,83,56,65,67,82,49,23,6,6,6,12,6,21,18,18,18,16,5,5,70,73,70,72,74,72,34,23,23,29,21,24,11,13,10,CIN,OL,00-0040180,ACT,Jalen Rivers,exact_name
15152,Jalen Travis,Jalen,Travis,2002-04-19,80,339,Iowa State,23,0,,,68,68,88,57,70,68,87,50,17,6,6,6,12,6,22,21,18,23,18,5,5,73,75,73,73,73,71,26,20,29,24,21,28,11,14,15,IND,OL,00-0040163,ACT,Jalen Travis,exact_name
13239,Jalyn Holmes,Jalyn,Holmes,1996-01-25,77,283,Ohio State,29,7,,,68,78,87,62,79,66,87,56,23,6,6,6,14,6,56,33,36,50,45,40,36,45,45,45,45,45,45,71,64,73,68,80,79,24,29,21,nan,NAN,,,,unmatched
20988,James Lynch,James,Lynch,1999-01-20,76,295,Baylor,26,5,,,68,72,82,71,76,66,85,66,23,9,9,9,17,9,38,25,27,24,22,19,14,45,45,45,45,45,45,70,58,75,64,79,78,26,32,14,CHI,DL,00-0036337,ACT,James Lynch,exact_name
23045,Jammie Robinson,Jammie,Robinson,2001-01-24,71,190,Florida State,24,2,,,68,86,67,87,93,66,93,81,27,25,23,21,25,24,70,65,67,25,20,10,10,35,35,35,35,35,35,31,38,47,65,75,72,62,69,58,ATL,DB,00-0038587,ACT,Jammie Robinson,exact_name
21527,Jay Tufele,Jay,Tufele,1999-07-25,75,305,USC,26,4,,,68,71,88,58,74,63,86,52,23,6,6,6,17,6,25,18,19,15,10,7,3,45,45,45,45,45,45,63,67,71,63,78,83,16,21,17,DET,DL,00-0036881,ACT,Jay Tufele,exact_name
15348,Jaylen Reed,Jaylen,Reed,2003-01-29,72,211,Penn State,22,0,,,68,89,67,85,92,65,91,84,24,6,6,6,12,6,65,53,58,25,28,21,17,35,35,35,35,35,35,37,35,46,62,75,65,65,70,66,HOU,DB,00-0040204,ACT,Jaylen Reed,exact_name
15250,Jeffrey Bassa,Jeffrey,Bassa,2002-09-20,74,235,Oregon,22,0,,,68,85,69,78,89,68,88,75,25,6,6,6,12,6,54,49,51,25,30,27,24,45,45,45,45,45,45,50,53,62,66,82,81,62,67,42,KC,LB,00-0040072,ACT,Jeffrey Bassa,exact_name
22090,Jeremy Ruckert,Jeremy,Ruckert,2000-08-11,77,250,Ohio State,25,3,,,68,82,78,74,85,68,92,69,30,25,20,14,10,13,80,76,78,62,64,57,53,61,60,59,67,60,65,33,24,36,20,42,37,14,15,16,NYJ,TE,00-0037805,ACT,Jeremy Ruckert,exact_name
17692,Jihad Ward,Jihad,Ward,1994-03-11,77,287,Illinois,31,9,,,68,68,80,65,69,75,88,52,22,6,6,6,14,6,24,17,17,17,14,5,5,45,45,44,45,44,45,73,62,74,77,78,81,40,46,22,nan,NAN,,,,unmatched
14614,Joe Milton III,Joe,Milton III,2000-03-06,77,246,Tennessee,25,1,,,68,86,64,79,85,56,84,77,99,81,76,72,75,72,27,10,10,13,10,10,10,12,14,12,17,10,10,10,10,22,16,24,24,10,12,10,DAL,QB,00-0039398,ACT,Joe Milton III,exact_name
14658,Johnny Wilson,Johnny,Wilson,2001-04-03,79,231,Florida State,24,1,,,68,88,70,82,90,71,83,84,27,15,10,6,18,6,78,78,82,72,71,70,71,46,30,27,49,38,30,10,10,29,13,30,31,15,18,20,PHI,WR,00-0039236,ACT,Johnny Wilson,exact_name
13038,Johnny Mundt,Johnny,Mundt,1994-11-23,76,233,Oregon,30,8,,,68,84,74,76,85,74,83,75,25,6,6,6,10,6,79,76,76,63,66,60,56,60,58,54,64,56,60,22,16,26,24,33,33,14,24,10,PHI,TE,00-0033246,ACT,Johnny Mundt,exact_name
15016,Josh Williams,Josh,Williams,2001-06-09,69,210,LSU,24,0,,,68,88,72,83,91,68,88,83,36,30,25,20,22,28,68,48,47,47,58,52,46,44,22,23,35,29,27,15,20,33,27,34,35,22,26,23,TB,RB,00-0040429,ACT,Josh Williams,exact_name
23062,JuJu Brents,JuJu,Brents,2000-01-18,75,198,Kansas State,25,2,,,68,88,52,94,95,62,93,89,22,24,18,15,16,15,67,60,67,15,20,10,10,35,35,35,35,35,35,41,47,49,61,74,63,59,67,82,nan,NAN,,,,unmatched
16151,Korie Black,Korie,Black,2002-06-22,72,192,Oklahoma St.,23,0,,,68,94,58,83,91,62,89,83,22,27,18,9,31,28,68,53,62,30,23,23,24,35,25,35,35,25,35,32,27,46,61,73,60,70,72,63,NYG,DB,00-0040243,ACT,Korie Black,exact_name
1153,Levi Drake Rodriguez,Levi Drake,Rodriguez,2000-08-04,76,290,Texas AM-Commerce,25,1,,,68,72,84,63,64,67,90,58,20,9,9,9,17,9,42,18,15,15,15,8,4,45,45,45,45,45,45,65,66,76,67,76,81,21,28,25,MIN,DL,00-0039421,ACT,Levi Drake Rodriguez,exact_name
23367,Lucas Havrisik,Lucas,Havrisik,1999-09-29,74,188,Arizona,25,3,,,68,74,38,61,78,49,92,55,32,35,30,24,11,11,23,11,11,11,12,10,8,10,10,10,15,10,10,10,10,10,10,17,29,10,10,10,GB,K,00-0038152,ACT,Lucas Havrisik,exact_name
22425,Luke Fortner,Luke,Fortner,1998-05-15,78,307,Kentucky,27,3,,,68,65,87,60,73,75,91,49,17,6,6,6,14,6,24,10,15,14,12,5,5,74,72,78,68,65,71,19,17,25,20,27,30,10,10,10,CAR,OL,00-0037814,ACT,Luke Fortner,exact_name
15345,Malachi Moore,Malachi,Moore,2001-09-13,71,197,Alabama,23,0,,,68,87,61,80,89,68,88,83,25,6,6,6,12,6,70,58,61,33,35,30,26,35,35,35,35,35,35,35,33,51,65,74,67,64,71,66,NYJ,DB,00-0040165,ACT,Malachi Moore,exact_name
21116,Matt Peart,Matt,Peart,1997-06-11,79,318,Connecticut,28,5,,,68,69,86,54,73,75,82,49,11,5,5,5,10,5,27,15,15,15,15,5,5,73,70,74,71,68,73,28,22,29,32,33,37,12,13,10,DEN,OL,00-0036392,ACT,Matt Peart,exact_name
2431,Michael Burton,Michael,Burton,1992-02-01,72,247,Rutgers,33,10,,,68,80,82,74,78,73,91,71,30,15,10,5,17,5,63,48,49,54,45,35,27,66,48,43,69,59,55,25,30,28,15,43,45,10,15,15,CLE,RB,00-0031595,ACT,Michael Burton,exact_name
22976,Mike Morris,Mike,Morris,2001-04-22,78,292,Michigan,24,2,,,68,74,82,69,84,63,90,61,22,11,5,5,8,6,51,41,45,19,25,16,11,40,40,40,45,45,45,69,59,79,65,74,75,25,32,35,SEA,DL,00-0038591,ACT,Mike Morris,exact_name
15103,Mitchell Evans,Mitchell,Evans,2003-03-18,77,253,Notre Dame,22,0,,,68,81,73,79,85,68,78,70,41,30,25,20,31,30,80,80,78,65,67,60,59,57,57,53,60,54,54,30,33,38,34,38,38,29,34,19,CAR,TE,00-0040187,ACT,Mitchell Evans,exact_name
22665,Mitchell Fraboni,Mitchell,Fraboni,1996-10-28,74,223,Arizona St.,28,4,,,68,80,75,66,76,53,88,66,35,25,15,10,10,10,45,39,40,24,44,40,35,54,49,51,54,51,45,10,10,41,32,49,55,17,18,15,DEN,LS,00-0036943,ACT,Mitchell Fraboni,exact_name
22980,Mohamoud Diabate,Mohamoud,Diabate,2001-05-18,76,225,Utah,24,2,,,68,87,69,79,86,72,90,76,26,6,6,6,12,6,49,45,45,23,15,9,7,35,35,35,45,45,45,62,69,69,70,82,79,49,56,41,TEN,LB,00-0038711,ACT,Mohamoud Diabate,exact_name
1142,Myles Harden,Myles,Harden,2001-12-13,71,195,South Dakota,23,1,,,68,89,59,90,94,53,87,95,24,23,22,19,13,14,71,57,62,35,32,30,27,30,25,25,35,30,30,28,34,49,54,75,70,68,66,67,CLE,DB,00-0039417,ACT,Myles Harden,exact_name
14921,Nathaniel Watson,Nathaniel,Watson,2000-09-01,74,245,Mississippi St.,25,1,,,68,84,68,72,87,68,90,72,17,14,11,7,13,5,62,53,58,14,15,8,6,35,35,33,45,41,41,72,59,69,64,78,85,58,64,56,CLE,LB,00-0039406,ACT,Nathaniel Watson,exact_name
2816,Neville Hewitt,Neville,Hewitt,1993-04-06,74,234,Marshall,32,10,,,68,85,67,74,82,71,89,65,22,6,6,6,15,6,63,33,35,12,15,5,5,45,45,45,45,45,45,55,64,64,67,81,86,62,67,55,nan,NAN,,,,unmatched
22996,Noah Sewell,Noah,Sewell,2002-04-26,73,246,Oregon,23,2,,,68,82,80,74,89,63,88,73,25,6,6,6,10,6,63,55,57,27,34,24,17,45,45,45,45,45,45,71,55,72,63,77,80,52,58,53,CHI,LB,00-0038390,ACT,Noah Sewell,exact_name
22172,Otito Ogbonnia,Otito,Ogbonnia,2000-08-25,76,320,UCLA,25,3,,,68,62,86,53,65,74,90,45,22,6,6,6,11,6,26,19,18,14,14,8,5,45,45,45,45,45,45,70,63,75,72,73,79,20,35,18,DAL,DL,00-0037270,ACT,Otito Ogbonnia,exact_name
15042,Phil Mafah,Phil,Mafah,2002-10-24,73,234,Clemson,22,0,,,68,88,75,80,88,74,88,79,44,37,30,26,30,27,67,53,50,48,58,50,45,53,41,43,38,36,35,34,28,41,35,46,41,30,34,30,DAL,RB,00-0040021,ACT,Phil Mafah,exact_name
15336,R.J. Mickens,R.J.,Mickens,2001-07-10,72,210,Clemson,24,0,,,68,89,63,81,91,66,90,80,24,6,6,6,12,6,66,56,60,31,33,28,24,35,35,35,35,35,35,36,35,53,62,77,66,65,71,69,LAC,DB,00-0040221,ACT,R.J. Mickens,exact_name
14638,Rasheen Ali,Rasheen,Ali,2001-02-16,71,206,Marshall,24,1,,,68,92,74,86,92,69,80,85,25,21,15,12,11,13,67,53,53,49,61,54,45,46,35,31,30,25,24,10,10,31,20,34,35,15,20,17,BAL,RB,00-0039796,ACT,Rasheen Ali,exact_name
13848,Robert Tonyan,Robert,Tonyan,1994-04-30,77,237,Indiana St.,31,7,,,68,86,74,78,88,62,84,72,46,37,33,26,25,22,84,78,81,72,64,60,56,56,53,50,58,58,55,10,10,33,39,34,39,15,15,25,PIT,TE,00-0033757,ACT,Robert Tonyan,exact_name
15215,Rylie Mills,Rylie,Mills,2001-08-20,77,296,Notre Dame,24,0,,,68,73,84,66,77,65,87,61,12,15,10,8,11,12,24,18,22,19,17,15,12,45,45,45,45,45,45,75,61,75,62,77,81,18,19,15,SEA,DL,00-0040647,ACT,Rylie Mills,exact_name
22661,Sam Okuayinonu,Sam,Okuayinonu,1998-05-01,73,269,Maryland,27,3,,,68,80,83,68,85,63,88,63,21,7,6,5,8,6,35,20,32,12,10,5,3,35,30,30,40,35,35,73,64,71,62,77,77,29,35,20,SF,DL,00-0037602,ACT,Sam Okuayinonu,exact_name
14999,Sione Vaki,Sione,Vaki,2001-07-30,72,208,Utah,24,1,,,68,89,74,83,91,69,92,82,48,47,42,35,27,26,69,53,55,58,64,56,49,53,39,36,42,38,35,43,52,61,64,77,69,57,70,59,DET,RB,00-0039364,ACT,Sione Vaki,exact_name
15017,Tahj Washington,Tahj,Washington,2001-05-16,70,174,USC,24,1,,,68,88,53,89,87,48,86,88,22,15,10,6,16,6,82,78,77,68,72,73,74,25,18,20,39,19,26,10,10,25,15,25,20,10,17,10,MIA,WR,00-0039884,ACT,Tahj Washington,exact_name
15223,Tonka Hemingway,Tonka,Hemingway,2001-10-31,75,284,South Carolina,23,0,,,68,72,81,72,84,66,93,65,21,14,10,7,18,12,54,55,53,43,42,37,32,45,45,45,45,45,45,74,70,80,63,74,75,27,37,29,LV,DL,00-0040169,ACT,Tonka Hemingway,exact_name
13467,Tremon Smith,Tremon,Smith,1996-07-20,72,190,Central Arkansas,29,8,,,68,91,58,83,94,68,90,84,47,29,25,19,21,20,78,71,76,50,48,41,34,37,26,22,34,22,24,22,29,42,69,67,51,62,68,71,HOU,DB,00-0034278,ACT,Tremon Smith,exact_name
16155,Trikweze Bridges,Trikweze,Bridges,2000-09-20,75,196,Florida,24,0,,,68,91,62,83,94,64,91,80,22,19,19,15,24,24,73,63,68,35,35,33,32,35,25,35,35,25,35,24,37,47,61,70,52,68,72,64,DAL,DB,00-0040251,ACT,Trikweze Bridges,exact_name
20838,Troy Reeder,Troy,Reeder,1994-09-13,75,245,Delaware,30,6,,,68,87,77,79,85,71,85,73,25,6,6,6,16,6,57,33,35,19,19,12,7,45,45,45,45,45,45,61,53,70,71,81,78,55,56,43,nan,NAN,,,,unmatched
20978,Trystan Colon,Trystan,Colon,1998-03-23,75,313,Missouri,27,5,,,68,71,80,59,61,76,90,49,22,6,6,6,15,6,30,10,12,12,10,5,5,76,75,77,73,71,75,15,12,23,28,25,35,11,13,10,JAX,OL,00-0035992,ACT,Trystan Colon,exact_name
21029,Tyler Huntley,Tyler,Huntley,1998-02-03,73,204,Utah,27,5,,,68,85,53,85,91,66,84,81,86,83,78,74,78,77,46,43,45,20,29,21,18,11,10,10,11,10,10,10,10,17,13,24,17,10,12,10,BAL,QB,00-0035993,ACT,Tyler Huntley,exact_name
22325,Tyler Goodson,Tyler,Goodson,2000-11-10,69,197,Iowa,24,3,,,68,92,57,88,92,65,86,84,30,25,20,15,11,15,67,60,58,43,62,54,45,36,24,20,27,17,15,10,10,20,20,37,24,18,20,20,ATL,RB,00-0037120,ACT,Tyler Goodson,exact_name
22962,Tyler Lacy,Tyler,Lacy,1999-11-10,76,285,Oklahoma St.,25,2,,,68,69,86,65,81,64,88,58,21,6,6,6,16,6,37,33,34,15,25,15,10,40,40,40,45,45,45,67,61,73,63,73,81,24,30,32,DET,DL,00-0038940,ACT,Tyler Lacy,exact_name
14788,Tyler Shough,Tyler,Shough,1999-09-28,77,225,Louisville,25,0,,,68,84,56,77,84,66,81,75,92,81,81,75,73,83,36,27,25,27,24,20,19,21,17,18,11,15,14,20,21,24,32,29,16,25,47,21,NO,QB,00-0040743,ACT,Tyler Shough,exact_name
15225,Yahya Black,Yahya,Black,2002-04-21,78,336,Iowa,23,0,,,68,60,87,63,66,68,87,55,15,11,10,8,14,12,22,18,18,12,16,13,10,45,45,45,45,45,45,70,62,75,68,75,79,9,14,12,PIT,DL,00-0040188,ACT,Yahya Black,exact_name
22716,Aidan O'Connell,Aidan,O'Connell,1998-09-01,75,210,Purdue,27,2,,,67,75,55,73,79,69,82,75,86,86,78,77,79,78,21,10,10,12,10,10,10,17,14,19,15,11,15,10,10,20,13,23,20,10,13,10,LV,QB,00-0038579,ACT,Aidan O'Connell,exact_name
13588,Austin Schlottmann,Austin,Schlottmann,1995-09-18,78,300,TCU,29,7,,,67,70,86,58,75,74,86,47,17,6,6,6,10,6,36,20,20,32,16,10,8,71,69,73,70,66,73,10,10,25,10,31,35,12,12,10,TEN,OL,00-0034112,ACT,Austin Schlottmann,exact_name
15090,Beaux Collins,Beaux,Collins,2002-12-16,75,206,Notre Dame,22,0,,,67,88,73,79,90,67,86,85,26,22,14,22,18,28,78,79,80,74,74,73,71,26,23,19,46,30,32,15,26,32,26,34,35,27,34,23,NYG,WR,00-0040432,ACT,Beaux Collins,exact_name
14884,Braiden McGregor,Braiden,McGregor,2001-07-12,77,267,Michigan,24,1,,,67,80,73,73,86,68,86,62,27,7,6,5,5,6,39,25,28,12,10,7,5,45,45,45,45,45,45,68,63,71,65,82,82,24,29,35,NYJ,DL,00-0039284,ACT,Braiden McGregor,exact_name
22426,Brock Hoffman,Brock,Hoffman,1999-07-02,76,302,Virginia Tech,26,3,,,67,56,81,60,72,74,90,57,22,7,6,5,5,5,21,10,12,12,10,5,5,75,77,72,72,70,74,35,25,29,31,34,32,9,9,10,PIT,OL,00-0037336,ACT,Brock Hoffman,exact_name
2700,C.J. Goodwin,C.J.,Goodwin,1990-02-04,75,190,California,35,11,,,67,93,66,81,94,60,89,79,35,15,10,6,13,6,68,65,75,62,49,39,32,30,25,24,32,32,27,31,38,48,62,65,48,67,64,74,nan,NAN,,,,unmatched
14680,Cade Stover,Cade,Stover,2000-06-12,76,247,Ohio State,25,1,,,67,84,74,70,88,69,89,70,26,20,15,10,14,10,78,75,76,65,64,59,52,58,56,56,64,58,59,53,51,56,45,60,58,44,50,33,HOU,TE,00-0039359,ACT,Cade Stover,exact_name
21192,Calvin Throckmorton,Calvin,Throckmorton,1996-08-16,77,311,Oregon,29,5,,,67,64,84,51,57,70,90,48,30,6,6,6,10,6,39,30,34,24,25,22,19,71,74,68,70,72,67,46,35,44,45,50,49,15,20,10,DEN,OL,00-0035764,ACT,Calvin Throckmorton,exact_name
4604,Carson Vinson,Carson,Vinson,2001-11-13,79,314,Alabama AM,23,0,,,67,68,81,63,70,70,87,52,15,6,6,6,11,6,28,15,29,17,15,5,5,74,72,74,73,71,74,23,14,37,22,31,24,11,14,10,BAL,OL,00-0040070,ACT,Carson Vinson,exact_name
2769,Charley Hughlett,Charley,Hughlett,1990-05-16,76,248,UCF,35,11,,,67,71,73,73,70,62,93,64,38,6,6,6,10,6,57,52,48,20,38,33,28,66,60,66,65,62,66,10,10,42,40,44,57,25,24,15,nan,NAN,,,,unmatched
22215,Chase Lucas,Chase,Lucas,1997-03-04,72,176,Arizona St.,28,3,,,67,90,54,90,94,61,89,89,25,16,13,11,9,6,62,55,60,25,37,30,24,34,34,34,34,34,34,24,30,42,59,61,46,67,71,67,TB,DB,00-0037321,ACT,Chase Lucas,exact_name
14740,Christian Jones,Christian,Jones,2000-05-12,77,320,Texas,25,1,,,67,71,84,54,72,65,92,56,16,21,15,11,9,11,32,34,32,24,23,20,17,74,73,72,74,70,78,40,30,40,24,35,33,12,10,10,ARI,OL,00-0039382,ACT,Christian Jones,exact_name_birthdate
22244,Christopher Smith II,Christopher,Smith II,2000-05-01,71,195,Georgia,25,2,,,67,86,57,77,92,71,87,80,22,6,6,6,14,6,70,53,69,24,28,18,13,30,30,30,35,35,35,31,45,48,70,67,64,66,70,60,nan,NAN,,,,unmatched
13099,Chukwuma Okorafor,Chukwuma,Okorafor,1997-08-08,78,320,W. Michigan,28,7,,,67,67,85,57,63,71,91,51,18,6,6,6,13,6,24,15,12,13,15,10,7,73,75,71,74,71,77,18,14,24,18,26,28,11,13,10,NYJ,OL,00-0034768,ACT,Chukwuma Okorafor,exact_name
1345,Cody Schrader,Cody,Schrader,1999-09-08,69,214,Missouri,25,1,,,67,85,73,77,90,70,88,75,36,35,30,27,27,28,68,52,56,58,66,58,52,48,38,35,46,36,33,13,17,27,24,35,36,18,27,20,DEN,RB,00-0039703,ACT,Cody Schrader,exact_name
12931,Cooper Rush,Cooper,Rush,1993-11-21,75,225,Central Michigan,31,8,,,67,73,62,70,75,66,92,68,85,87,79,77,77,82,28,26,22,19,14,14,12,15,14,18,18,20,19,10,10,23,20,30,29,12,18,11,nan,NAN,,,,unmatched
23149,Cory Trice Jr,Cory,Trice Jr,2000-05-30,75,206,Purdue,25,2,,,67,90,67,92,91,57,85,89,25,12,11,10,13,6,72,62,71,48,34,33,31,35,35,35,35,35,35,42,38,57,59,73,70,60,68,78,nan,NAN,,,,unmatched
22518,D'Anthony Bell,D'Anthony,Bell,1996-10-17,73,211,West Florida,28,3,,,67,89,66,83,89,65,91,81,27,6,6,6,17,6,62,55,54,48,51,47,44,35,35,35,35,35,35,45,40,58,63,70,68,67,69,73,SEA,DB,00-0037332,ACT,D'Anthony Bell,exact_name
22306,D.J. Davidson,D.J.,Davidson,1997-09-19,75,327,Arizona St.,27,3,,,67,65,83,64,69,70,88,55,22,20,16,13,12,10,34,16,18,15,13,11,10,45,45,45,50,50,50,71,60,72,72,77,80,12,13,16,nan,NAN,,,,unmatched
15344,Dante Trader Jr,Dante,Trader Jr,2003-02-13,71,200,Maryland,22,0,,,67,84,62,81,91,66,88,82,34,22,18,14,19,17,69,58,60,33,35,30,26,35,35,35,35,35,35,37,35,52,63,76,66,63,72,69,MIA,DB,00-0040182,ACT,Dante Trader Jr.,exact_name
12799,Dare Ogunbowale,Dare,Ogunbowale,1994-05-04,71,205,Wisconsin,31,8,,,67,88,71,82,86,74,92,83,25,29,24,21,11,17,70,56,52,56,65,58,48,50,27,24,36,25,24,10,10,21,15,32,37,15,20,20,nan,NAN,,,,unmatched
22377,Dareke Young,Dareke,Young,1999-06-04,74,224,Lenoir-Rhyne University,26,3,,,67,91,71,86,93,66,85,82,23,15,10,8,11,6,78,79,75,62,69,67,66,30,29,28,43,34,29,10,10,28,15,42,30,12,10,12,LV,WR,00-0037093,ACT,Dareke Young,exact_name
15060,Dominic Lovett,Dominic,Lovett,2002-11-08,70,185,Georgia,22,0,,,67,92,62,80,92,66,87,84,12,12,10,10,24,22,82,76,76,70,69,68,69,24,21,15,41,20,20,21,24,28,44,27,33,67,50,30,DET,WR,00-0040241,ACT,Dominic Lovett,exact_name
23011,Drake Thomas,Drake,Thomas,2000-02-25,71,228,N.C. State,25,2,,,67,82,66,80,87,67,90,79,27,15,11,10,8,6,57,49,50,16,23,13,6,35,35,35,45,45,45,45,54,61,72,85,79,56,67,44,SEA,LB,00-0038922,ACT,Drake Thomas,exact_name
22961,Dylan Horton,Dylan,Horton,2000-08-21,76,275,TCU,25,2,,,67,81,73,70,82,68,91,65,27,7,6,5,5,6,39,25,28,12,10,7,5,45,45,45,45,45,45,69,64,69,70,81,81,24,29,35,HOU,DL,00-0039009,ACT,Dylan Horton,exact_name
22779,Elijah Higgins,Elijah,Higgins,2000-10-27,75,235,Stanford,24,2,,,67,89,69,81,90,63,92,76,25,15,10,6,17,6,80,77,78,63,65,61,60,50,49,47,51,49,52,10,10,25,15,30,24,13,20,10,ARI,TE,00-0039041,ACT,Elijah Higgins,exact_name
15218,Elijah Simmons,Elijah,Simmons,2001-07-26,73,334,Tennessee,24,0,,,67,63,89,67,69,63,87,55,20,6,6,6,10,6,38,18,18,15,16,7,5,45,45,45,45,45,45,72,63,73,61,75,80,20,25,15,TB,DL,00-0040384,ACT,Elijah Simmons,exact_name
12711,Eric Saubert,Eric,Saubert,1994-05-09,77,253,Drake,31,8,,,67,82,75,72,83,69,90,63,20,15,10,6,10,6,78,75,80,63,64,58,54,61,61,60,63,60,63,20,19,32,20,36,30,12,15,10,SEA,TE,00-0033576,ACT,Eric Saubert,exact_name
1348,Ethan Bonner,Ethan,Bonner,1999-10-23,73,186,Stanford,25,2,,,67,92,53,90,91,63,86,88,25,15,10,6,16,15,63,53,57,25,25,23,21,33,24,25,35,31,32,30,34,47,60,68,50,69,64,66,MIA,DB,00-0038684,ACT,Ethan Bonner,exact_name
15263,Francisco Mauigoa,Francisco,Mauigoa,2003-03-17,74,233,Miami,22,0,,,67,84,73,75,90,68,88,71,30,26,23,20,20,17,56,45,46,24,26,23,20,45,45,45,45,45,45,55,61,63,67,81,78,59,66,46,NYJ,LB,00-0040186,ACT,Francisco Mauigoa,exact_name
1084,Giovanni Manu,Giovanni,Manu,2001-01-26,79,354,UBC,24,1,,,67,70,86,50,75,49,89,52,29,15,12,9,15,6,40,39,35,28,24,23,22,69,74,65,76,77,75,41,23,39,16,42,43,7,7,8,DET,OL,00-0039362,ACT,Giovanni Manu,exact_name
22344,Greg Dulcich,Greg,Dulcich,2000-03-26,76,245,UCLA,25,3,,,67,84,67,82,88,57,79,75,29,15,10,6,10,6,80,78,81,68,66,63,62,53,50,55,54,52,55,10,10,34,21,41,32,15,23,33,MIA,TE,00-0037252,ACT,Greg Dulcich,exact_name
14669,Isaiah Williams,Isaiah,Williams,2001-01-29,70,185,Illinois,24,1,,,67,87,59,91,92,64,90,92,67,61,58,53,43,51,81,77,78,71,69,67,64,30,15,15,44,29,32,10,10,23,17,29,24,10,15,13,NYJ,WR,00-0039451,ACT,Isaiah Williams,exact_name
15104,Jackson Hawes,Jackson,Hawes,2000-12-06,76,253,Georgia Tech,24,0,,,67,78,72,73,86,71,91,71,24,25,9,15,26,20,74,73,73,61,63,56,52,61,62,60,69,69,66,28,32,33,25,30,33,17,20,13,BUF,TE,00-0040194,ACT,Jackson Hawes,exact_name
24435,Jacob Bobenmoyer,Jacob,Bobenmoyer,1997-05-28,74,235,N. Colorado,28,5,,,67,79,68,71,84,57,90,67,27,18,16,13,10,17,52,46,38,30,33,29,25,48,51,44,53,44,40,60,49,60,48,69,68,41,47,46,nan,NAN,,,,unmatched
23117,Jake Andrews,Jake,Andrews,1999-11-11,75,305,Troy,25,2,,,67,67,87,56,72,73,93,54,26,21,14,15,15,10,41,32,33,13,10,5,5,70,74,65,73,74,70,48,41,47,46,53,42,14,18,10,HOU,OL,00-0039030,ACT,Jake Andrews,exact_name
1372,Jalen Sundell,Jalen,Sundell,1999-10-18,77,301,North Dakota St.,25,1,,,67,66,84,65,61,74,89,47,23,6,6,6,10,6,26,24,23,18,14,12,6,73,69,75,71,68,73,15,15,36,10,32,33,12,12,10,SEA,OL,00-0039926,ACT,Jalen Sundell,exact_name
14959,James Williams Sr,James,Williams Sr,2003-02-15,76,231,Miami,22,1,,,67,84,71,79,89,67,89,73,35,34,27,24,14,15,69,65,71,42,33,28,23,35,35,35,35,35,35,54,47,57,65,78,71,69,73,81,TEN,LB,00-0039430,ACT,James Williams,exact_name
1125,Jarrett Kingston,Jarrett,Kingston,1999-12-02,76,308,USC,25,1,,,67,72,90,66,77,62,92,64,20,8,7,6,11,6,25,15,21,10,10,5,5,69,71,67,70,71,66,24,25,28,25,34,25,10,12,8,HOU,OL,00-0039832,ACT,Jarrett Kingston,exact_name
1344,Jaylen McCollough,Jaylen,McCollough,2000-10-12,72,202,Tennessee,24,1,,,67,85,63,77,88,71,92,75,28,15,10,10,12,13,75,60,64,42,35,32,29,30,30,30,35,35,35,39,45,56,70,73,66,66,71,67,LA,DB,00-0039776,ACT,Jaylen McCollough,exact_name
22351,Jelani Woods,Jelani,Woods,1998-10-09,79,253,Virginia,26,3,,,67,85,78,84,87,52,89,73,79,67,61,62,53,58,78,77,82,62,63,61,59,61,59,61,63,61,63,15,20,35,15,40,38,12,20,35,NYJ,TE,00-0037755,ACT,Jelani Woods,exact_name
14903,Jeremiah Trotter Jr,Jeremiah,Trotter Jr,2002-12-24,72,230,Clemson,22,1,,,67,78,69,79,85,71,91,72,23,13,13,9,10,13,67,63,64,31,31,27,23,35,31,31,35,31,29,61,68,67,73,79,77,65,68,55,PHI,LB,00-0039826,ACT,Jeremiah Trotter Jr.,exact_name
14772,Jimmy Horn Jr,Jimmy,Horn Jr,2002-09-12,68,174,Colorado,22,0,,,67,91,61,83,91,69,88,85,18,18,15,12,18,16,77,75,75,68,72,72,71,21,23,15,41,16,15,18,20,26,37,24,24,64,32,25,CAR,WR,00-0040218,ACT,Jimmy Horn Jr.,exact_name
10866,Jimmy Garoppolo,Jimmy,Garoppolo,1991-11-02,74,225,E. Illinois,33,11,,,67,74,63,73,71,68,82,70,85,84,78,79,78,87,35,15,25,20,17,16,14,10,10,10,26,10,10,10,10,16,22,37,16,17,19,10,nan,NAN,,,,unmatched
15208,JJ Pegues,JJ,Pegues,2001-11-25,75,309,Ole Miss,23,0,,,67,67,84,62,69,64,92,60,46,38,34,31,39,35,52,56,48,30,37,31,24,45,45,45,45,45,45,67,71,78,62,77,77,19,20,19,LV,DL,00-0040199,ACT,JJ Pegues,exact_name
21276,Joe Bachie,Joe,Bachie,1998-02-26,73,235,Michigan St.,27,5,,,67,82,76,78,87,64,84,70,22,6,6,6,15,6,60,38,41,32,37,34,27,47,45,45,48,45,45,55,48,67,67,78,82,52,62,51,DET,LB,00-0035895,ACT,Joe Bachie,exact_name
4678,Johnathan Edwards,Johnathan,Edwards,2001-11-16,73,201,Tulane,23,0,,,67,92,59,83,90,63,86,77,25,6,6,6,10,6,66,52,59,24,24,16,12,30,30,30,35,35,35,29,33,45,60,73,60,69,65,69,IND,DB,00-0040347,ACT,Johnathan Edwards,exact_name
22618,Julius Chestnut,Julius,Chestnut,2000-10-26,71,228,Sacred Heart,24,3,,,67,88,76,83,91,67,85,79,25,25,20,10,11,10,68,63,59,52,60,50,45,54,48,51,45,42,46,10,10,38,16,42,35,10,12,10,TEN,RB,00-0037594,ACT,Julius Chestnut,exact_name
22864,Justin Dedich,Justin,Dedich,2000-04-21,74,300,USC,25,1,,,67,60,89,56,62,70,88,57,15,6,6,6,15,6,27,10,12,12,10,5,5,68,70,64,71,69,73,10,10,31,22,34,33,14,14,10,LA,OL,00-0039784,ACT,Justin Dedich,exact_name
20732,Justin Skule,Justin,Skule,1996-11-23,78,315,Vanderbilt,28,6,,,67,65,85,64,64,72,86,54,18,6,6,6,10,6,28,26,24,47,22,13,7,69,67,72,72,69,75,22,17,30,21,33,32,12,12,10,TB,OL,00-0034989,ACT,Justin Skule,exact_name
14961,Kamal Hadden,Kamal,Hadden,2001-01-17,73,192,Tennessee,24,1,,,67,87,65,81,94,64,85,81,35,15,10,6,10,11,72,61,67,24,26,21,16,30,25,24,32,28,26,31,39,47,61,64,51,63,74,73,GB,DB,00-0039831,ACT,Kamal Hadden,exact_name
21729,Kene Nwangwu,Kene,Nwangwu,1998-02-09,73,210,Iowa State,27,4,,,67,93,68,87,94,65,88,82,31,20,17,12,11,23,61,43,42,45,52,45,42,45,26,29,33,18,23,10,10,25,16,33,29,11,18,15,NYJ,RB,00-0036842,ACT,Kene Nwangwu,exact_name
22046,Kenny Pickett,Kenny,Pickett,1998-06-06,75,225,Pittsburgh,27,3,,,67,81,68,80,87,63,88,78,87,84,79,79,78,80,45,22,39,18,25,15,12,16,15,12,20,19,15,5,5,25,19,29,29,9,10,9,CAR,QB,00-0038102,ACT,Kenny Pickett,exact_name
14967,Kitan Oladapo,Kitan,Oladapo,2000-10-20,74,216,Oregon State,24,1,,,67,86,68,79,89,62,93,78,27,9,8,6,9,8,66,55,61,12,15,13,10,25,23,21,35,33,33,47,36,63,58,84,73,67,68,66,GB,DB,00-0039818,ACT,Kitan Oladapo,exact_name
20449,Kris Boyd,Kris,Boyd,1996-09-12,71,195,Texas,28,6,,,67,90,65,85,88,70,88,87,20,10,10,10,12,10,60,48,62,20,38,29,22,40,35,35,35,35,35,35,39,53,67,73,59,65,68,69,nan,NAN,,,,unmatched
1171,KT Leveston,KT,Leveston,1999-10-28,76,337,Kansas State,25,1,,,67,60,85,55,65,71,91,52,13,10,5,5,5,7,29,14,12,12,12,8,6,71,71,67,75,75,76,10,10,35,10,25,35,12,11,10,CLE,OL,00-0039755,ACT,KT Leveston,exact_name
22634,Kurt Hinish,Kurt,Hinish,1999-04-27,74,300,Notre Dame,26,3,,,67,70,88,67,78,65,88,63,19,6,6,6,10,6,37,18,20,24,15,7,3,45,45,45,45,45,45,70,48,71,67,72,77,12,19,14,nan,NAN,,,,unmatched
22178,LaBryan Ray,LaBryan,Ray,1997-12-05,76,290,Alabama,27,2,,,67,68,83,62,70,69,80,64,20,6,6,6,10,6,40,20,24,26,15,8,4,35,35,35,45,45,45,67,48,72,68,69,84,16,19,15,CAR,DL,00-0037203,ACT,LaBryan Ray,exact_name
21124,Larrell Murchison,Larrell,Murchison,1997-04-24,74,297,N.C. State,28,5,,,67,70,87,57,68,70,86,55,23,6,6,6,10,6,39,14,16,15,13,5,5,48,45,45,45,50,45,65,70,72,71,76,76,18,20,13,LA,DL,00-0036237,ACT,Larrell Murchison,exact_name
21545,Larry Borom,Larry,Borom,1999-03-30,77,333,Missouri,26,4,,,67,67,83,51,68,82,88,39,25,6,6,6,14,6,24,10,12,12,10,5,5,73,76,71,70,67,73,10,10,28,10,16,28,12,15,10,DET,OL,00-0036905,ACT,Larry Borom,exact_name
21650,Liam Eichenberg,Liam,Eichenberg,1998-01-19,77,306,Notre Dame,27,4,,,67,68,85,66,70,77,92,53,21,6,6,6,11,6,24,15,21,12,10,8,5,66,66,66,73,70,76,10,10,17,25,18,26,12,15,10,nan,NAN,,,,unmatched
15165,Marcus Mbow,Marcus,Mbow,2003-04-02,76,302,Purdue,22,0,,,67,71,84,68,73,66,86,57,22,6,6,6,13,6,23,21,23,20,21,5,5,71,72,73,74,73,75,37,24,28,32,23,32,11,14,10,NYG,OL,00-0040181,ACT,Marcus Mbow,exact_name
20975,Matt Hennessy,Matt,Hennessy,1997-11-17,75,307,Temple,27,5,,,67,66,85,69,69,64,88,57,27,6,6,6,10,6,26,15,15,15,15,5,5,72,69,74,76,74,78,10,10,20,15,30,21,12,15,10,DAL,OL,00-0036295,ACT,Matt Hennessy,exact_name
22169,Matthew Butler,Matthew,Butler,1999-06-10,76,295,Tennessee,26,3,,,67,72,80,54,82,71,91,51,23,6,6,6,12,6,36,30,31,26,29,25,20,44,44,44,45,45,45,67,59,72,70,77,80,14,17,12,MIA,DL,00-0037280,ACT,Matthew Butler,exact_name
16156,Micah Robinson,Micah,Robinson,2002-02-05,71,183,Tulane,23,0,,,67,92,58,79,94,64,88,78,22,15,13,10,20,17,75,62,70,26,20,20,17,35,25,35,35,25,35,25,23,48,63,74,64,63,67,65,TEN,DB,00-0040020,ACT,Micah Robinson,exact_name
17756,Miles Killebrew,Miles,Killebrew,1993-05-10,74,222,Southern Utah,32,9,,,67,86,76,82,85,70,90,75,27,6,6,6,12,6,69,44,63,23,20,10,10,25,34,33,19,33,33,51,46,59,71,73,70,54,60,67,TB,DB,00-0032399,ACT,Miles Killebrew,exact_name
4722,Nate Carter,Nate,Carter,2002-05-22,70,202,Michigan St.,23,0,,,67,91,74,79,89,67,89,85,25,21,15,12,11,13,67,49,51,47,59,52,44,45,25,28,37,31,26,20,26,33,29,38,36,15,20,22,ATL,RB,00-0040547,ACT,Nate Carter,exact_name
22798,Nikko Remigio,Nikko,Remigio,1999-11-04,69,187,Fresno State,25,2,,,67,87,63,79,91,61,87,83,29,15,10,10,19,17,82,75,76,67,73,72,69,29,20,15,44,24,20,10,10,26,16,33,31,13,18,17,KC,WR,00-0038519,ACT,Nikko Remigio,exact_name
20479,Olisaemeka Udoh,Olisaemeka,Udoh,1997-02-14,78,320,Elon University,28,6,,,67,70,87,65,72,74,90,53,18,6,6,6,13,6,21,15,15,15,15,5,5,68,69,67,72,74,70,32,22,35,34,36,34,13,20,10,ARI,OL,00-0034994,ACT,Olisaemeka Udoh,exact_name
22999,Owen Pappoe,Owen,Pappoe,2000-09-29,72,230,Auburn,24,2,,,67,89,77,77,92,65,87,74,24,22,17,12,14,10,62,54,60,15,15,10,8,35,35,35,40,40,40,55,60,61,61,87,76,66,61,54,ARI,LB,00-0038600,ACT,Owen Pappoe,exact_name
22165,Perrion Winfrey,Perrion,Winfrey,2000-08-05,76,290,Oklahoma,25,3,,,67,76,82,59,79,68,90,53,20,9,9,9,17,9,24,14,15,12,15,8,5,45,45,45,45,45,45,70,61,75,63,78,77,20,24,18,nan,NAN,,,,unmatched
15190,Que Robinson,Que,Robinson,2001-05-12,76,243,Alabama,24,0,,,67,84,73,80,88,69,87,74,23,6,6,6,12,6,56,46,50,24,25,20,17,45,45,45,45,45,45,58,60,65,67,82,79,59,62,51,DEN,LB,00-0040168,ACT,Que Robinson,exact_name
1096,Qwan'tez Stiggers,Qwan'tez,Stiggers,2002-01-08,72,197,,23,2,,,67,91,60,83,94,60,92,81,31,22,18,15,22,15,73,61,64,24,24,21,16,30,25,24,35,30,31,26,34,54,62,70,64,67,69,60,NYJ,DB,00-0039789,ACT,Qwan'tez Stiggers,exact_name
16144,Ruben Hyppolite II,Ruben,Hyppolite II,2001-09-16,72,236,Maryland,23,0,,,67,88,68,84,91,70,87,76,24,6,6,6,11,6,61,54,58,29,32,27,24,45,45,45,45,45,45,57,58,64,68,80,79,58,64,47,CHI,LB,00-0040167,ACT,Ruben Hyppolite II,exact_name
21742,Simi Fehoko,Simi,Fehoko,1997-11-05,75,225,Stanford,27,4,,,67,90,66,88,89,69,90,80,25,15,10,10,18,28,81,79,80,69,68,67,69,37,25,19,48,30,27,10,10,43,26,45,43,27,38,23,ARI,WR,00-0036646,ACT,Simi Fehoko,exact_name
10837,Teddy Bridgewater,Teddy,Bridgewater,1992-11-10,74,210,Louisville,32,11,,,67,80,52,83,82,68,85,79,85,82,75,77,79,81,52,38,34,37,32,22,12,15,25,15,15,30,20,10,10,25,15,20,29,15,20,10,DET,QB,00-0031237,ACT,Teddy Bridgewater,exact_name
22173,Thomas Booker IV,Thomas,Booker IV,1999-11-11,75,301,Stanford,25,3,,,67,74,85,73,82,62,91,66,18,6,6,6,10,6,39,35,36,25,29,25,22,45,45,45,45,45,45,66,53,70,64,74,78,15,14,16,LV,DL,00-0037262,ACT,Thomas Booker,exact_name
21913,Tommy Togiai,Tommy,Togiai,1999-09-19,74,296,Ohio State,25,4,,,67,71,91,72,72,53,88,62,23,6,6,6,13,6,23,12,16,15,11,5,3,44,44,45,45,46,45,71,58,71,57,76,82,14,17,12,HOU,DL,00-0036883,ACT,Tommy Togiai,exact_name
9712,Tyrell Shavers,Tyrell,Shavers,1999-08-18,76,211,San Diego St.,26,2,,,67,91,55,79,88,65,86,83,30,26,22,19,19,17,79,78,79,63,73,71,67,30,10,11,48,33,28,10,12,26,27,38,28,21,25,26,BUF,WR,00-0038679,ACT,Tyrell Shavers,exact_name
22908,Warren McClendon Jr,Warren,McClendon Jr,2001-04-11,76,317,Georgia,24,2,,,67,69,88,53,77,72,89,50,10,5,5,5,7,5,25,21,22,17,20,15,10,71,75,66,72,68,75,41,33,35,23,42,40,10,10,10,LA,OL,00-0039077,ACT,Warren McClendon Jr.,exact_name
1395,Winston Reid,Winston,Reid,1999-08-03,72,225,Weber State,26,1,,,67,85,77,73,88,63,90,69,28,15,10,6,10,10,62,60,57,12,22,12,6,45,45,45,45,45,45,58,50,67,65,81,79,47,56,48,CLE,LB,00-0039515,ACT,Winston Reid,exact_name
22436,Alec Anderson,Alec,Anderson,1999-10-03,77,305,UCLA,25,2,,,66,60,85,49,56,68,91,46,25,6,6,6,13,6,40,35,25,35,28,18,10,68,72,65,76,73,78,35,30,40,30,50,45,12,15,10,BUF,OL,00-0037428,ACT,Alec Anderson,exact_name
22875,Alex Forsyth,Alex,Forsyth,1999-02-13,76,312,Oregon,26,2,,,66,66,86,54,65,70,90,50,25,6,6,6,10,6,34,37,35,33,31,21,15,74,76,71,71,70,72,10,10,31,20,34,34,12,13,15,DEN,OL,00-0038649,ACT,Alex Forsyth,exact_name
22944,Ali Gaye,Ali,Gaye,1998-11-29,78,263,LSU,26,2,,,66,82,73,78,87,63,86,72,25,6,6,6,12,6,41,34,35,21,28,22,17,45,45,45,45,45,45,60,69,67,59,76,75,35,46,38,HOU,LB,00-0038724,ACT,Ali Gaye,exact_name
4742,Austin Ajiake,Austin,Ajiake,2000-06-30,73,223,UNLV,25,0,,,66,86,65,79,90,61,86,80,23,6,6,6,11,6,53,44,45,23,25,22,19,45,45,45,45,45,45,52,54,65,59,83,80,57,64,45,IND,LB,00-0039178,ACT,Austin Ajiake,exact_name
22640,Brenden Schooler,Brenden,Schooler,1997-05-30,73,205,Texas,28,3,,,66,92,64,91,91,62,88,87,27,20,16,13,11,9,71,64,67,47,50,48,44,33,33,33,35,35,35,36,42,60,55,79,61,60,65,59,NE,DB,00-0037205,ACT,Brenden Schooler,exact_name
22978,Brenton Cox,Brenton,Cox,2000-01-30,76,250,Florida,25,2,,,66,78,81,65,88,64,88,66,25,6,6,6,16,6,48,40,43,20,15,7,5,40,40,40,45,45,45,71,65,75,60,76,73,41,46,51,GB,DL,00-0038463,ACT,Brenton Cox Jr.,exact_name
21959,Brock Wright,Brock,Wright,1998-11-27,76,255,Notre Dame,26,4,,,66,86,79,73,89,74,84,72,26,15,10,6,10,6,79,75,76,60,64,58,53,58,58,56,59,60,56,10,10,35,16,34,43,11,14,13,DET,TE,00-0036754,ACT,Brock Wright,exact_name
16146,Bryce Cabeldue,Bryce,Cabeldue,2001-09-04,77,308,Kansas,23,0,,,66,74,90,61,77,67,86,61,19,6,6,6,11,6,30,13,16,13,12,5,5,68,69,66,70,71,69,31,29,34,20,27,41,11,11,10,SEA,OL,00-0040650,ACT,Bryce Cabeldue,exact_name
21901,Buddy Johnson,Buddy,Johnson,1999-02-27,73,240,Texas AM,26,4,,,66,86,75,76,87,66,87,72,51,41,29,26,33,32,61,42,49,38,36,33,31,45,45,45,45,45,45,49,46,65,66,81,79,52,59,38,nan,NAN,,,,unmatched
20440,Byron Cowart,Byron,Cowart,1997-05-20,75,300,Maryland,28,6,,,66,68,85,60,66,63,83,58,20,9,9,9,17,9,40,18,15,15,15,8,4,45,45,45,45,45,45,69,73,75,66,73,77,21,28,25,nan,NAN,,,,unmatched
15166,Cameron Williams,Cameron,Williams,2003-10-16,78,334,Texas,21,0,,,66,66,88,55,72,65,87,51,22,6,6,6,6,6,19,20,18,16,18,5,5,70,73,70,71,72,69,32,11,25,27,13,32,12,15,10,PHI,OL,00-0040687,ACT,Cameron Williams,exact_name
21898,Cameron Goode,Cameron,Goode,1998-04-15,75,245,California,27,3,,,66,85,67,84,92,63,90,78,25,6,6,6,11,6,50,33,40,16,15,5,5,45,45,45,45,45,45,55,64,65,65,73,73,35,43,40,MIA,LB,00-0037315,ACT,Cameron Goode,exact_name
17543,Carson Wentz,Carson,Wentz,1992-12-30,77,237,North Dakota St.,32,9,,,66,81,72,78,82,66,80,76,89,80,77,78,74,79,38,20,20,19,18,17,15,17,14,18,27,10,10,9,9,21,21,28,30,12,18,9,MIN,QB,00-0032950,ACT,Carson Wentz,exact_name
1098,Casey Washington,Casey,Washington,2001-03-06,72,200,Illinois,24,1,,,66,90,60,79,90,68,87,82,55,40,32,29,30,27,83,76,79,66,70,69,68,30,22,18,46,26,33,10,10,21,16,26,21,11,16,13,ATL,WR,00-0039394,ACT,Casey Washington,exact_name
22096,Charlie Kolar,Charlie,Kolar,1999-02-10,78,250,Iowa State,26,3,,,66,83,68,81,84,65,91,74,29,15,10,6,10,6,79,76,82,65,66,62,58,56,53,55,57,53,56,17,15,36,22,38,33,12,15,10,LAC,TE,00-0038046,ACT,Charlie Kolar,exact_name
13585,Chris Lammons,Chris,Lammons,1996-01-31,70,190,South Carolina,29,8,,,66,90,55,81,92,62,82,83,30,6,6,6,16,6,63,41,60,17,15,10,6,35,35,35,35,35,35,31,37,51,59,73,67,65,69,62,nan,NAN,,,,unmatched
23350,Chris Brooks,Chris,Brooks,2000-01-11,73,223,BYU,25,2,,,66,89,71,81,88,64,90,78,32,20,15,10,18,16,65,47,49,48,56,50,43,55,40,37,39,24,29,14,10,31,17,35,28,12,18,19,GB,RB,00-0038685,ACT,Chris Brooks,exact_name
22249,Connor Heyward,Connor,Heyward,1999-01-22,72,230,Michigan St.,26,3,,,66,82,68,72,86,68,90,67,37,32,20,24,26,26,78,79,77,60,65,56,49,58,58,57,58,55,54,25,21,46,31,50,40,15,15,10,LV,TE,00-0037304,ACT,Connor Heyward,exact_name
1137,Daijahn Anthony,Daijahn,Anthony,2000-09-09,72,200,Ole Miss,24,1,,,66,88,56,87,92,59,93,88,31,21,20,15,15,16,69,60,62,26,30,20,15,35,35,35,35,35,35,37,44,53,57,76,70,64,70,63,CIN,DB,00-0039414,ACT,Daijahn Anthony,exact_name
21353,Daniel Thomas,Daniel,Thomas,1998-07-01,70,215,Auburn,27,5,,,66,87,65,81,89,67,92,81,18,6,6,6,10,6,63,48,63,20,25,15,11,12,35,35,16,35,35,26,30,60,65,79,67,61,64,63,CLE,DB,00-0036306,ACT,Daniel Thomas,exact_name
22840,Davis Allen,Davis,Allen,2001-02-03,78,250,Clemson,24,2,,,66,82,69,78,88,72,89,71,44,20,15,10,24,16,82,80,79,59,62,55,49,55,51,54,60,56,60,45,50,55,49,61,63,37,45,30,LA,TE,00-0039074,ACT,Davis Allen,exact_name
22143,DeMarvin Leal,DeMarvin,Leal,2000-07-01,76,290,Texas AM,25,3,,,66,73,74,77,78,72,87,64,20,9,9,9,17,9,44,31,34,25,26,24,20,45,45,45,45,45,45,66,71,70,67,83,76,24,28,26,nan,NAN,,,,unmatched
23282,DJ Ivey,DJ,Ivey,2000-02-25,73,192,Miami,25,2,,,66,90,54,83,90,61,90,87,22,6,6,6,13,6,64,56,63,14,17,12,11,30,30,30,35,35,35,27,38,41,58,64,56,68,69,72,nan,NAN,,,,unmatched
20328,Drew Lock,Drew,Lock,1996-11-10,76,228,Missouri,28,6,,,66,83,68,80,85,68,87,79,89,84,76,75,74,75,42,28,37,12,29,23,17,13,14,13,24,18,14,10,10,20,15,26,22,14,16,10,SEA,QB,00-0035704,ACT,Drew Lock,exact_name
14983,Dwight McGlothern,Dwight,McGlothern,2002-02-06,74,185,Arkansas,23,1,,,66,90,59,75,92,63,89,83,33,30,25,18,23,12,62,61,64,24,20,18,16,20,20,20,22,22,20,35,41,36,86,60,54,62,66,60,MIN,DB,00-0039714,ACT,Dwight McGlothern,exact_name
23269,Erick Hallett II,Erick,Hallett II,2000-04-24,71,190,Pittsburgh,25,2,,,66,89,55,89,91,63,93,91,22,6,6,6,16,6,70,58,63,28,41,35,33,30,30,30,35,35,35,35,40,47,68,64,69,60,68,60,TEN,DB,00-0038620,ACT,Erick Hallett,exact_name
22182,Esezi Otomewo,Esezi,Otomewo,1999-03-09,77,282,Minnesota,26,3,,,66,76,81,62,81,67,91,48,17,6,6,6,6,6,25,20,18,12,12,10,8,45,45,45,45,45,45,69,57,76,65,70,74,18,24,15,PIT,DL,00-0037274,ACT,Esezi Otomewo,exact_name
4698,Gage Larvadain,Gage,Larvadain,2003-01-03,68,171,South Carolina,22,0,,,66,90,62,79,92,63,86,84,29,18,17,15,28,17,78,75,77,64,69,67,68,31,23,19,42,25,32,19,10,26,22,32,25,13,17,13,CLE,WR,00-0040259,ACT,Gage Larvadain,exact_name
20843,Gunner Olszewski,Gunner,Olszewski,1996-11-26,72,190,Bemidji State,28,6,,,66,88,56,86,89,75,88,80,21,15,10,6,15,6,80,74,77,62,70,69,64,33,25,27,50,32,30,28,33,53,53,62,50,58,60,54,NYG,WR,00-0035645,RES,Gunner Olszewski,exact_name
15025,Hunter Nourzad,Hunter,Nourzad,1999-11-26,75,315,Penn State,25,1,,,66,67,83,66,73,75,93,55,22,8,6,6,14,6,22,10,12,12,10,5,5,72,69,69,71,72,73,38,35,34,35,41,35,9,9,10,KC,OL,00-0039827,ACT,Hunter Nourzad,exact_name
4741,Jacob Saylors,Jacob,Saylors,2001-03-08,71,195,E. Tenn. St.,24,0,,,66,88,73,77,90,73,88,77,36,18,15,10,19,19,67,48,50,47,61,53,44,49,30,26,39,28,27,10,20,33,20,36,34,22,25,20,DET,RB,00-0038896,ACT,Jacob Saylors,exact_name
22254,Jalyn Armour-Davis,Jalyn,Armour-Davis,1999-09-03,73,195,Alabama,25,3,,,66,93,60,81,94,56,84,82,31,15,10,6,10,6,70,47,60,22,21,15,12,28,22,22,34,34,35,26,34,43,60,72,57,67,69,68,nan,NAN,,,,unmatched
1104,Jamal Hill,Jamal,Hill,2001-04-04,72,226,Oregon,24,1,,,66,91,65,78,89,63,90,75,28,24,23,21,13,11,64,56,60,20,15,10,5,35,35,35,45,40,40,51,59,63,61,79,78,60,69,55,HOU,LB,00-0039395,ACT,Jamal Hill,exact_name
21515,Janarius Robinson,Janarius,Robinson,1998-05-04,77,260,Florida State,27,4,,,66,81,81,73,85,67,85,67,25,6,6,6,18,6,50,35,40,25,25,20,16,45,45,45,45,45,45,67,63,70,65,76,74,33,45,34,nan,NAN,,,,unmatched
23090,Jarrick Bernard-Converse,Jarrick,Bernard-Converse,2000-04-29,73,197,LSU,25,2,,,66,93,61,85,93,59,93,82,25,25,22,20,22,14,64,55,65,27,26,16,11,25,25,25,15,33,34,24,35,50,58,68,63,63,66,74,NYG,DB,00-0038401,ACT,Jarrick Bernard-Converse,exact_name
1134,Javontae Jean-Baptiste,Javontae,Jean-Baptiste,2000-05-16,77,260,Notre Dame,25,1,,,66,84,77,67,85,67,90,58,18,9,6,5,5,6,52,45,29,42,43,38,34,48,49,48,40,40,40,64,63,72,69,78,75,31,30,22,WAS,LB,00-0039412,ACT,Javontae Jean-Baptiste,exact_name
23034,JL Skinner,JL,Skinner,2001-04-16,76,220,Boise State,24,2,,,66,89,59,87,91,61,91,77,27,19,13,12,11,11,75,73,77,65,53,55,45,35,35,35,41,39,40,28,44,56,66,72,67,59,69,76,DEN,DB,00-0038605,ACT,JL Skinner,exact_name
22175,John Ridgeway III,John,Ridgeway III,1999-05-07,77,321,Arkansas,26,3,,,66,62,86,55,70,63,91,53,19,6,6,6,6,6,21,14,20,12,14,6,4,45,45,45,45,45,45,67,55,76,60,74,81,12,14,10,NO,DL,00-0037283,ACT,John Ridgeway,exact_name
21767,John Bates,John,Bates,1997-11-06,78,259,Boise State,27,4,,,66,78,75,84,79,66,92,73,25,15,10,6,10,6,77,75,75,62,64,59,52,63,60,63,64,63,60,10,10,45,31,50,47,21,26,24,WAS,TE,00-0036628,ACT,John Bates,exact_name
23123,Jon Gaines II,Jon,Gaines II,2000-05-24,76,315,UCLA,25,2,,,66,72,77,72,85,71,89,64,20,6,6,6,11,6,25,10,12,15,10,5,5,72,66,78,69,67,71,24,25,28,25,24,25,10,12,10,ARI,OL,00-0038571,ACT,Jon Gaines II,exact_name
14916,Jordan Magee,Jordan,Magee,2001-03-24,74,228,Temple,24,1,,,66,87,64,87,91,65,91,82,54,50,46,42,32,37,56,47,53,20,10,6,5,35,35,30,45,40,40,54,65,65,63,80,78,60,64,45,WAS,LB,00-0039368,ACT,Jordan Magee,exact_name
1223,Josh Wallace,Josh,Wallace,2000-07-05,71,189,Michigan,25,1,,,66,86,60,83,91,65,86,83,25,25,22,20,22,14,66,59,65,27,26,16,11,25,25,25,15,33,34,28,37,52,63,72,62,68,64,69,LA,DB,00-0039772,ACT,Josh Wallace,exact_name
22400,Juanyeh Thomas,Juanyeh,Thomas,2000-06-24,75,217,Georgia Tech,25,3,,,66,87,65,76,92,64,92,84,24,6,6,6,11,6,62,53,57,34,31,29,25,34,34,34,35,35,35,38,47,58,62,77,69,63,68,66,IND,DB,00-0037578,ACT,Juanyeh Thomas,exact_name
23099,Kaevon Merriweather,Kaevon,Merriweather,1999-12-20,72,207,Iowa,25,2,,,66,85,63,79,93,67,90,83,24,13,11,10,10,10,63,50,54,33,31,22,18,35,35,35,35,35,35,45,40,51,64,74,68,63,63,65,HOU,DB,00-0038823,ACT,Kaevon Merriweather,exact_name
15258,Kain Medrano,Kain,Medrano,2001-02-16,75,222,UCLA,24,0,,,66,90,71,85,92,66,89,80,22,24,21,18,18,15,50,43,49,22,24,21,18,40,40,40,40,40,40,49,52,62,64,79,77,55,61,45,WAS,LB,00-0040216,ACT,Kain Medrano,exact_name
4754,Ke'Shawn Williams,Ke'Shawn,Williams,2001-12-27,69,188,Indiana,23,0,,,66,89,53,84,90,61,87,86,29,15,10,10,19,17,80,75,76,73,74,72,68,29,20,22,44,24,25,10,10,26,36,33,31,13,18,17,CIN,WR,00-0040534,ACT,Ke'Shawn Williams,exact_name
15343,Kitan Crawford,Kitan,Crawford,2001-12-31,71,202,Nevada,23,0,,,66,92,64,83,90,62,88,86,24,6,6,6,13,6,62,53,58,25,28,21,17,35,35,35,35,35,35,35,34,50,59,76,65,64,67,65,ARI,DB,00-0040230,ACT,Kitan Crawford,exact_name
15272,Kobe King,Kobe,King,2003-01-28,73,243,Penn State,22,0,,,66,83,76,77,91,66,88,73,23,6,6,6,12,6,49,42,48,21,23,20,17,45,45,45,45,45,45,52,51,64,65,79,76,55,61,45,NYJ,LB,00-0040214,RES,Kobe King,exact_name
16147,Kyonte Hamilton,Kyonte,Hamilton,2002-11-07,75,305,Rutgers,22,0,,,66,72,85,68,79,57,88,62,49,41,37,34,40,38,26,17,19,15,16,14,11,45,45,45,45,45,45,71,65,73,57,75,80,12,17,20,HOU,DL,00-0040229,ACT,Kyonte Hamilton,exact_name
21296,Lucas Niang,Lucas,Niang,1998-08-19,78,315,TCU,27,5,,,66,66,86,60,57,72,84,50,30,6,6,6,10,6,30,26,24,18,23,13,7,69,67,71,72,70,74,10,10,25,15,24,28,15,20,10,nan,NAN,,,,unmatched
16145,Luke Newman,Luke,Newman,2002-03-03,75,308,Michigan St.,23,0,,,66,70,87,61,74,69,88,61,13,6,6,6,10,6,23,10,11,11,10,5,5,69,68,71,71,70,71,39,26,35,25,32,30,13,15,10,CHI,OL,00-0040210,ACT,Luke Newman,exact_name
22856,Luke Wypler,Luke,Wypler,2001-05-03,75,303,Ohio State,24,2,,,66,68,85,63,77,72,92,59,20,6,6,6,10,6,29,23,31,25,25,20,15,69,65,73,68,63,73,20,18,25,15,35,26,10,10,12,CLE,OL,00-0038609,ACT,Luke Wypler,exact_name
23126,Malik Heath,Malik,Heath,2000-03-03,74,215,Ole Miss,25,2,,,66,87,64,85,91,66,88,79,33,25,20,15,23,20,81,80,81,68,70,68,66,29,20,18,50,27,17,10,10,27,16,30,31,12,19,16,nan,NAN,,,,unmatched
14986,Marcellas Dial Jr,Marcellas,Dial Jr,2000-12-06,72,190,South Carolina,24,1,,,66,91,62,78,90,66,95,80,27,17,9,8,14,8,67,55,65,27,26,16,11,15,14,11,25,16,15,26,33,59,62,66,70,66,64,67,NE,DB,00-0039390,ACT,Marcellas Dial Jr.,exact_name
13088,Mason Rudolph,Mason,Rudolph,1995-07-17,77,235,Oklahoma St.,30,7,,,66,74,66,67,76,69,91,65,86,85,78,77,78,77,40,24,20,18,24,19,15,14,13,10,17,13,10,10,10,22,20,32,31,10,16,10,PIT,QB,00-0034771,ACT,Mason Rudolph,exact_name
22106,Max Mitchell,Max,Mitchell,1999-10-12,78,299,UL Lafayette,25,3,,,66,62,85,55,72,75,91,58,24,8,6,5,10,6,24,13,15,12,15,5,5,68,65,70,73,72,74,15,13,25,20,32,29,10,10,10,NYJ,OL,00-0038114,ACT,Max Mitchell,exact_name
20364,Max Scharping,Max,Scharping,1996-08-10,78,325,N. Illinois,29,6,,,66,65,86,60,64,76,89,54,30,6,6,6,12,6,35,15,15,15,15,5,5,65,66,64,71,73,69,31,21,39,27,32,42,12,15,10,nan,NAN,,,,unmatched
10551,Morgan Cox,Morgan,Cox,1986-04-26,76,233,Tennessee,39,16,,,66,71,73,62,62,73,92,58,22,10,10,10,13,10,58,44,42,25,47,40,35,56,50,40,50,40,35,56,55,63,29,63,63,15,20,15,TEN,LS,00-0027557,ACT,Morgan Cox,exact_name
4657,Myles Price,Myles,Price,2001-12-16,69,178,Indiana,23,0,,,66,92,53,81,92,67,84,82,36,25,20,18,29,22,80,74,76,64,69,68,69,29,20,22,40,26,34,10,10,20,14,34,26,12,19,15,MIN,WR,00-0040506,ACT,Myles Price,exact_name
14734,Nathan Thomas,Nathan,Thomas,2001-08-22,77,332,UL Lafayette,24,1,,,66,66,85,52,74,62,90,55,25,20,15,10,12,15,53,47,59,50,43,40,35,70,73,65,76,72,77,10,10,32,10,34,28,12,12,10,DAL,OL,00-0039422,ACT,Nathan Thomas,exact_name
15219,Nazir Stackhouse,Nazir,Stackhouse,2002-04-18,76,327,Georgia,23,0,,,66,67,85,63,70,66,93,52,20,6,6,6,10,6,38,18,18,15,16,7,5,45,45,45,45,45,45,66,58,72,65,74,80,18,21,18,GB,DL,00-0040041,ACT,Nazir Stackhouse,exact_name
1172,Nick Gargiulo,Nick,Gargiulo,2000-07-19,77,310,South Carolina,25,1,,,66,64,87,71,72,70,90,58,30,6,5,5,10,7,43,31,33,22,21,17,14,71,70,68,69,69,70,30,24,31,35,32,33,11,12,10,DEN,OL,00-0039438,ACT,Nick Gargiulo,exact_name
21904,Nick Niemann,Nick,Niemann,1997-12-02,75,244,Iowa,27,4,,,66,88,71,86,90,66,92,73,21,6,6,6,12,6,57,49,52,41,31,28,21,45,45,45,45,45,45,39,41,60,68,78,82,55,63,38,GB,LB,00-0036648,ACT,Nick Niemann,exact_name
4753,Nick Whiteside,Nick,Whiteside,2000-05-01,73,200,Saginaw Valley,25,0,,,66,89,54,81,90,63,88,83,25,6,6,6,10,6,67,57,66,23,25,19,13,33,35,30,35,35,35,25,31,42,61,69,52,67,74,69,DET,DB,00-0038841,ACT,Nick Whiteside,exact_name
22886,Olusegun Oluwatimi,Olusegun,Oluwatimi,1999-08-05,75,308,Michigan,26,2,,,66,60,84,60,71,65,92,53,27,6,6,6,10,6,27,22,26,12,10,8,5,71,74,66,72,75,69,31,21,21,26,26,28,12,10,10,nan,NAN,,,,unmatched
21879,Patrick Johnson,Patrick,Johnson,1999-01-10,74,248,Tulane,26,4,,,66,83,75,82,86,65,90,71,22,6,6,6,16,6,46,34,37,21,21,15,12,45,45,45,45,45,45,67,60,68,63,78,76,40,50,49,nan,NAN,,,,unmatched
15352,Rayuan Lane III,Rayuan,Lane III,2003-07-21,71,201,Navy,22,0,,,66,87,59,79,85,72,91,79,24,6,6,6,12,6,64,52,57,25,28,21,17,35,35,35,35,35,35,30,36,46,72,75,65,60,65,71,JAX,DB,00-0040213,ACT,Rayuan Lane III,exact_name
1362,Rico Payton,Rico,Payton,1999-11-28,71,182,Pittsburg St.,25,1,,,66,86,58,86,91,66,88,90,31,22,18,15,22,15,68,61,64,24,24,21,16,30,25,24,35,30,31,26,34,51,63,69,64,65,67,63,NYG,DB,00-0039620,ACT,Rico Payton,exact_name
28419,Ryan Miller,Ryan,Miller,2000-02-20,73,221,Furman,25,2,,,66,88,63,89,88,59,87,82,23,15,10,8,11,6,78,79,79,67,69,67,64,30,29,28,43,29,29,10,10,28,15,37,30,12,10,12,NYG,WR,00-0038824,ACT,Ryan Miller,exact_name
22498,Sam Roberts,Sam,Roberts,1998-04-14,77,295,NW Missouri State,27,3,,,66,69,85,57,75,69,90,49,14,6,6,6,10,6,24,11,15,14,15,8,4,48,49,47,51,49,51,71,58,71,68,73,76,12,13,10,NYG,DL,00-0037298,ACT,Sam Roberts,exact_name
1170,Sanoussi Kane,Sanoussi,Kane,2001-10-06,71,207,Purdue,23,1,,,66,88,58,81,91,61,90,81,31,35,23,22,23,24,57,49,52,12,15,11,10,33,33,31,35,35,35,47,42,65,60,81,71,64,62,66,TEN,DB,00-0039235,ACT,Sanoussi Kane,exact_name
22735,Sean Tucker,Sean,Tucker,2001-10-25,70,210,Syracuse,23,2,,,66,92,76,78,90,68,91,76,26,24,21,17,15,24,69,68,65,46,61,51,43,48,50,46,44,45,43,13,15,30,26,29,35,15,21,15,TB,RB,00-0038951,ACT,Sean Tucker,exact_name
14710,Sedrick Van Pran-Granger,Sedrick,Van Pran-Granger,2001-10-23,76,310,Georgia,23,1,,,66,66,82,69,73,78,95,53,17,9,8,6,14,8,24,10,15,10,12,5,5,72,70,69,72,70,72,19,17,25,20,27,31,10,10,10,BUF,OL,00-0039876,ACT,Sedrick Van Pran-Granger,exact_name
22633,Shane Zylstra,Shane,Zylstra,1996-11-16,77,215,Minnesota State,28,4,,,66,82,65,79,84,65,88,78,25,6,6,6,10,6,79,80,80,68,64,62,59,34,32,29,58,51,56,22,20,31,24,44,34,15,15,18,BUF,TE,00-0036534,ACT,Shane Zylstra,exact_name
14770,Shedeur Sanders,Shedeur,Sanders,2002-02-07,74,212,Colorado,23,0,,,66,78,65,81,81,53,94,79,88,83,78,79,76,81,32,25,26,25,21,15,18,27,30,27,15,30,27,35,34,36,42,33,37,31,32,32,CLE,QB,00-0040668,ACT,Shedeur Sanders,exact_name
13323,Siran Neal,Siran,Neal,1994-08-04,72,206,Jacksonville State,31,7,,,66,90,60,81,86,64,94,80,21,6,6,6,14,6,67,56,64,30,40,35,28,35,35,35,35,35,35,41,48,60,65,72,68,64,70,76,SF,DB,00-0034391,ACT,Siran Neal,exact_name
22891,Spencer Anderson,Spencer,Anderson,2000-06-07,77,305,Maryland,25,2,,,66,67,88,63,70,73,91,50,26,8,7,6,14,6,21,20,22,12,12,5,5,73,77,70,65,62,68,27,10,24,26,15,35,12,12,10,PIT,OL,00-0038645,ACT,Spencer Anderson,exact_name
22136,Spencer Burford,Spencer,Burford,2000-07-19,76,300,UTSA,25,3,,,66,66,86,65,75,76,90,56,24,6,6,6,10,6,32,15,15,15,15,10,5,68,69,67,73,71,75,10,10,25,20,30,29,10,11,10,LV,OL,00-0037829,ACT,Spencer Burford,exact_name
13731,Tanner Hudson,Tanner,Hudson,1994-11-12,77,241,Southern Arkansas,30,7,,,66,82,70,77,85,70,87,69,30,15,10,6,10,6,82,76,78,63,66,60,55,56,55,50,61,61,56,17,17,29,22,28,32,14,21,17,CIN,TE,00-0034613,ACT,Tanner Hudson,exact_name
22964,Thomas Incoom,Thomas,Incoom,1999-02-19,74,265,Central Michigan,26,2,,,66,84,77,78,91,63,91,72,24,11,7,6,11,6,54,55,51,44,45,41,35,45,45,45,45,45,45,66,59,66,61,75,78,25,31,27,CAR,LB,00-0038791,ACT,Thomas Incoom,exact_name
14744,Trevor Keegan,Trevor,Keegan,2000-08-30,78,305,Michigan,25,1,,,66,64,85,60,72,70,91,54,22,15,11,11,10,6,31,15,15,20,10,5,5,73,72,67,70,70,70,15,15,21,21,23,34,10,10,10,DAL,OL,00-0039310,ACT,Trevor Keegan,exact_name
14910,Ty'Ron Hopper,Ty'Ron,Hopper,2001-04-06,74,228,Missouri,24,1,,,66,83,66,77,87,73,91,71,35,31,26,25,13,16,58,52,54,13,15,7,5,40,40,40,45,45,45,72,66,65,75,86,70,52,64,52,GB,LB,00-0039812,ACT,Ty'Ron Hopper,exact_name
12498,Tyler Ott,Tyler,Ott,1992-02-28,75,253,Harvard,33,10,,,66,75,72,64,77,55,92,60,39,10,10,10,10,10,69,54,59,44,48,43,38,54,50,40,49,40,35,19,24,43,25,57,52,15,25,25,WAS,LS,00-0031156,ACT,Tyler Ott,exact_name
15243,Tyrion Ingram-Dawkins,Tyrion,Ingram-Dawkins,2003-06-26,77,276,Georgia,22,0,,,66,77,83,75,86,65,86,70,28,14,12,10,10,9,47,48,47,40,40,35,30,45,45,45,45,45,45,72,67,74,65,72,71,12,13,12,MIN,DL,00-0040173,ACT,Tyrion Ingram-Dawkins,exact_name
22427,Vederian Lowe,Vederian,Lowe,1999-04-17,78,320,Illinois,26,3,,,66,65,82,57,75,78,92,54,19,6,6,6,6,6,50,20,16,13,32,15,5,75,70,68,71,71,75,24,21,33,25,31,29,8,9,10,SF,OL,00-0037287,ACT,Vederian Lowe,exact_name
15212,Warren Brinson,Warren,Brinson,2002-02-04,77,315,Georgia,23,0,,,66,70,83,65,75,66,87,59,24,6,6,6,10,6,19,18,18,13,17,15,12,45,45,45,45,45,45,77,72,77,63,73,76,10,14,11,GB,DL,00-0040016,ACT,Warren Brinson,exact_name
183,Xavier Weaver,Xavier,Weaver,2000-10-12,73,185,Colorado,24,1,,,66,91,56,83,94,58,87,85,47,38,32,27,28,27,78,75,77,66,67,66,65,23,10,14,41,20,27,10,10,26,16,32,27,13,17,13,ARI,WR,00-0039521,ACT,Xavier Weaver,exact_name
21559,Zach Wilson,Zach,Wilson,1999-08-03,74,214,BYU,26,4,,,66,83,61,84,87,57,83,80,93,81,75,79,75,82,60,29,31,16,34,22,16,15,15,15,18,14,12,10,10,22,17,31,23,12,15,10,NO,QB,00-0037013,ACT,Zach Wilson,exact_name
22017,Zayne Anderson,Zayne,Anderson,1997-01-03,74,206,BYU,28,4,,,66,90,59,90,89,60,80,84,31,16,10,10,12,10,65,50,53,25,28,20,15,35,35,35,35,35,35,43,52,45,61,76,67,64,70,58,MIA,DB,00-0036677,ACT,Zayne Anderson,exact_name
22928,Adetomiwa Adebawore,Adetomiwa,Adebawore,2001-03-04,74,282,Northwestern,24,2,,,65,89,84,79,92,63,92,73,21,14,10,6,5,7,30,24,26,14,13,6,5,40,40,40,45,45,45,71,63,70,62,74,66,19,25,24,IND,DL,00-0039031,ACT,Adetomiwa Adebawore,exact_name
4669,Adin Huntington,Adin,Huntington,2002-03-18,73,281,Tulane,23,0,,,65,82,81,67,87,60,87,67,20,6,6,6,10,6,34,20,21,15,15,7,5,45,45,45,45,45,45,68,74,69,56,76,74,25,32,17,CLE,DL,00-0040255,ACT,Adin Huntington,exact_name
15149,Ajani Cornelius,Ajani,Cornelius,2002-05-21,77,312,Oregon,23,0,,,65,64,86,51,70,69,88,46,13,6,6,6,6,6,20,21,21,13,18,5,5,70,72,70,70,71,71,28,27,29,31,29,29,10,12,10,DAL,OL,00-0040017,ACT,Ajani Cornelius,exact_name
4735,Ale Kaho,Ale,Kaho,2000-04-07,74,230,UCLA,25,0,,,65,86,66,82,89,62,88,74,22,6,6,6,15,6,52,44,45,24,23,22,21,45,45,45,45,44,45,49,50,63,60,80,81,57,66,46,WAS,LB,00-0040318,ACT,Ale Kaho,exact_name
1427,Art Green,Art,Green,2000-04-29,73,198,Houston,25,2,,,65,94,57,83,95,59,87,83,29,29,24,18,16,15,68,59,65,20,27,23,21,25,25,25,30,30,30,25,33,45,55,74,56,62,66,62,NYG,DB,00-0038788,ACT,Art Green,exact_name
4712,Austen Pleasants,Austen,Pleasants,1997-08-22,79,330,Ohio,28,3,,,65,62,84,49,65,68,86,50,11,6,6,6,10,6,24,19,17,12,15,5,5,71,73,70,71,71,69,12,10,24,14,21,23,11,10,10,SF,OL,00-0035829,ACT,Austen Pleasants,exact_name
4685,Austin Brinkman,Austin,Brinkman,2002-06-20,75,242,West Virginia,23,0,,,65,70,65,66,76,50,89,60,29,6,6,6,10,6,47,42,45,24,34,28,22,53,49,43,49,46,42,10,10,46,26,49,54,18,25,16,HOU,LS,00-0040409,ACT,Austin Brinkman,exact_name
22851,Blake Freeland,Blake,Freeland,2001-05-03,80,302,BYU,24,2,,,65,73,83,72,81,66,90,55,54,48,46,39,35,42,53,53,54,57,51,48,45,67,64,70,70,65,75,55,44,47,10,51,47,14,15,10,IND,OL,00-0039158,ACT,Blake Freeland,exact_name
196,Brandon Codrington,Brandon,Codrington,2000-11-17,69,185,NC Central,24,1,,,65,89,61,82,92,63,86,84,26,6,6,6,14,6,57,54,56,15,25,22,19,35,35,35,35,35,35,36,26,52,64,74,64,63,66,67,HOU,DB,00-0039333,ACT,Brandon Codrington,exact_name
1538,Bryce Oliver,Bryce,Oliver,2000-05-19,73,214,Youngstown St.,25,1,,,65,87,60,80,86,68,91,81,30,15,10,6,19,28,79,77,78,64,70,69,68,31,28,24,51,34,30,10,10,27,14,28,29,10,10,10,TEN,WR,00-0039650,ACT,Bryce Oliver,exact_name
22827,Cameron Latu,Cameron,Latu,2000-02-24,77,244,Alabama,25,2,,,65,80,73,74,84,72,88,74,25,15,10,5,15,5,76,73,77,60,65,60,54,56,56,52,59,56,59,27,29,49,36,52,50,21,27,25,PHI,TE,00-0038564,ACT,Cameron Latu,exact_name
1343,Charles Woods,Charles,Woods,2000-06-17,71,185,SMU,25,1,,,65,86,55,87,85,68,84,85,21,20,14,13,13,12,70,66,65,32,30,28,23,27,21,23,35,31,31,34,29,45,65,70,53,68,65,72,NE,DB,00-0039770,ACT,Charles Woods,exact_name
21327,Charlie Woerner,Charlie,Woerner,1997-10-16,77,241,Georgia,27,5,,,65,82,77,76,83,72,91,68,34,22,16,11,17,13,73,74,74,62,64,56,51,61,59,59,62,57,60,36,42,56,58,58,58,50,57,50,ATL,TE,00-0036429,ACT,Charlie Woerner,exact_name
15142,Chase Lundt,Chase,Lundt,2002-06-16,79,304,Connecticut,23,0,,,65,69,82,62,74,72,86,56,20,6,6,6,13,6,37,27,27,20,24,21,17,70,69,71,71,69,72,20,18,25,18,29,25,11,13,10,BUF,OL,00-0040217,ACT,Chase Lundt,exact_name
4622,Chaz Chambliss,Chaz,Chambliss,2002-10-25,73,242,Georgia,22,0,,,65,81,79,82,84,61,86,74,25,6,6,6,12,6,51,47,45,25,27,24,21,45,45,45,45,45,45,63,66,61,58,76,77,54,60,43,MIN,LB,00-0040496,ACT,Chaz Chambliss,exact_name
13850,Chris Board,Chris,Board,1995-07-23,74,239,North Dakota St.,30,7,,,65,87,69,85,87,66,91,74,20,6,6,6,11,6,55,40,46,25,15,10,10,30,35,35,42,35,35,48,52,60,68,80,80,57,62,43,nan,NAN,,,,unmatched
22223,Christian Braswell,Christian,Braswell,1999-09-27,70,181,Rutgers,25,2,,,65,90,42,89,90,61,88,87,32,19,14,12,13,23,69,62,67,38,49,45,44,35,35,35,35,35,35,29,33,51,59,64,60,61,70,59,JAX,DB,00-0038616,ACT,Christian Braswell,exact_name
22203,D'Marco Jackson,D'Marco,Jackson,1998-07-20,73,233,Appalach. St.,27,3,,,65,87,69,77,92,64,87,75,25,6,6,6,13,6,57,46,44,27,27,23,17,45,45,45,45,45,45,58,52,63,66,80,80,48,53,38,CHI,LB,00-0037271,ACT,D'Marco Jackson,exact_name
1338,Dalton Tucker,Dalton,Tucker,2000-03-18,78,307,Marshall,25,1,,,65,66,82,63,62,63,88,57,21,6,6,6,10,6,35,10,12,12,10,5,5,67,70,64,73,75,70,10,10,20,10,23,29,12,12,10,IND,OL,00-0039578,ACT,Dalton Tucker,exact_name
21337,Danny Pinter,Danny,Pinter,1996-06-19,76,306,Ball State,29,5,,,65,74,82,60,75,74,87,56,30,6,6,6,11,6,48,40,37,40,34,31,25,62,60,64,74,72,77,33,21,35,30,29,37,13,15,10,BAL,OL,00-0036215,ACT,Danny Pinter,exact_name
20350,David Sills V,David,Sills V,1996-05-29,75,211,West Virginia,29,7,,,65,87,60,84,89,63,79,80,73,69,64,58,55,63,78,77,81,70,72,68,72,35,30,27,45,26,18,10,10,24,23,27,25,10,16,10,TB,WR,00-0035359,ACT,David Sills,exact_name
21556,Davis Mills,Davis,Mills,1998-10-21,76,225,Stanford,26,4,,,65,78,56,76,75,67,88,75,87,82,77,77,76,78,22,15,12,14,12,11,10,14,13,15,16,14,10,10,10,19,15,21,19,10,14,10,HOU,QB,00-0036898,ACT,Davis Mills,exact_name
21408,Del'Shawn Phillips,Del'Shawn,Phillips,1996-10-09,74,230,Illinois,28,6,,,65,87,72,76,83,68,88,70,25,6,6,6,13,6,65,42,60,19,15,10,6,45,45,45,45,45,45,46,52,66,69,77,76,54,64,46,LAC,LB,00-0035202,ACT,Del'Shawn Phillips,exact_name
14978,Demani Richardson,Demani,Richardson,2000-10-07,73,214,Texas AM,24,1,,,65,86,64,78,92,65,90,77,27,20,16,13,11,9,67,62,65,34,40,38,24,33,33,33,35,35,35,36,48,52,63,78,69,62,66,65,CAR,DB,00-0039601,ACT,Demani Richardson,exact_name
1355,Demontrey Jacobs,Demontrey,Jacobs,1998-11-22,78,315,USF,26,2,,,65,67,83,67,70,72,92,56,16,6,6,6,13,6,28,22,25,22,22,15,10,73,66,69,70,72,74,20,15,31,21,33,34,12,12,10,ARI,OL,00-0038792,ACT,Demontrey Jacobs,exact_name
17751,Deon Bush,Deon,Bush,1993-08-14,72,200,Miami,32,9,,,65,88,71,82,88,69,87,79,27,15,10,10,12,15,68,32,60,23,20,10,10,25,34,33,14,33,33,31,27,46,71,70,62,59,65,62,nan,NAN,,,,unmatched
22623,Devon Key,Devon,Key,1997-10-28,72,208,W. Kentucky,27,4,,,65,86,66,79,89,64,92,83,30,15,10,10,16,15,58,49,54,20,30,20,15,35,35,35,35,35,35,45,39,59,60,77,69,62,64,71,DEN,DB,00-0036683,ACT,Devon Key,exact_name
15169,Drew Kendall,Drew,Kendall,2001-11-27,76,308,Boston College,23,0,,,65,71,81,66,72,76,92,64,15,6,6,6,12,6,22,20,22,12,18,10,5,71,71,69,71,69,71,25,11,15,24,31,23,11,10,10,PHI,OL,00-0040587,ACT,Drew Kendall,exact_name
22482,Drew Ogletree,Drew,Ogletree,1998-07-28,77,260,Youngstown St.,27,3,,,65,82,74,77,86,68,86,67,25,15,10,6,11,6,79,73,76,61,65,60,55,58,56,59,58,57,58,10,10,24,21,31,26,10,10,10,nan,NAN,,,,unmatched
22497,Eric Johnson II,Eric,Johnson II,1998-07-16,76,320,Missouri State,27,3,,,65,77,79,65,80,69,92,59,23,6,6,6,12,6,32,14,16,15,13,5,3,45,45,45,45,45,45,67,57,70,66,79,77,15,16,10,MIN,DL,00-0037269,ACT,Eric Johnson,exact_name
9718,George Holani,George,Holani,1999-12-16,70,208,Boise State,25,1,,,65,89,71,78,92,63,82,80,42,31,26,20,15,15,69,62,58,50,58,53,43,50,36,31,34,31,26,10,10,27,20,24,25,15,18,15,SEA,RB,00-0039299,ACT,George Holani,exact_name
15154,Hayden Conner,Hayden,Conner,2002-04-26,78,315,Texas,23,0,,,65,65,86,63,75,65,89,57,23,6,6,6,6,6,21,32,33,28,31,27,26,69,70,67,71,71,69,42,38,39,29,28,35,10,11,10,ARI,OL,00-0040219,ACT,Hayden Conner,exact_name
21563,Hunter Long,Hunter,Long,1998-08-19,77,253,Boston College,27,4,,,65,81,72,71,86,63,88,69,30,15,10,6,10,6,79,79,80,61,66,60,55,57,52,56,59,53,57,47,38,50,38,52,53,14,21,17,JAX,TE,00-0037004,ACT,Hunter Long,exact_name
15351,Hunter Wohler,Hunter,Wohler,2003-01-12,74,213,Wisconsin,22,0,,,65,87,63,92,90,62,85,83,24,6,6,6,12,6,64,52,57,25,27,20,16,35,35,35,35,35,35,37,34,51,60,74,67,61,66,66,IND,DB,00-0040235,ACT,Hunter Wohler,exact_name
21926,Isaiahh Loudermilk,Isaiahh,Loudermilk,1997-10-10,79,293,Wisconsin,27,4,,,65,69,79,66,78,61,88,63,28,6,6,6,13,6,51,40,42,28,28,23,18,45,45,45,45,45,45,64,67,72,64,76,79,14,24,15,MIN,DL,00-0036843,ACT,Isaiahh Loudermilk,exact_name
21776,Jack Stoll,Jack,Stoll,1998-01-28,76,247,Nebraska,27,4,,,65,83,68,82,85,65,90,75,33,17,10,6,10,6,80,75,78,61,63,58,49,59,58,55,63,58,62,10,10,35,20,39,34,15,19,10,CLE,TE,00-0036741,ACT,Jack Stoll,exact_name
1092,Jacob Monk,Jacob,Monk,2001-06-04,75,308,Duke,24,1,,,65,69,83,67,76,72,94,57,25,15,11,10,9,9,27,22,26,12,15,8,5,70,68,69,69,65,73,23,21,21,26,36,28,11,10,9,GB,OL,00-0039817,ACT,Jacob Monk,exact_name
14800,Jalen Milroe,Jalen,Milroe,2002-12-13,74,216,Alabama,22,0,,,65,93,69,89,93,49,88,87,92,76,73,78,74,79,40,21,18,28,19,19,23,23,32,32,30,33,33,38,38,37,26,28,42,20,18,19,SEA,QB,00-0040673,ACT,Jalen Milroe,exact_name
22098,James Mitchell,James,Mitchell,1999-08-11,75,255,Virginia Tech,26,3,,,65,84,70,76,87,65,83,69,42,37,33,30,30,31,76,75,73,63,63,63,61,56,55,57,57,52,59,23,22,32,14,35,35,18,20,10,CAR,TE,00-0037282,ACT,James Mitchell,exact_name
15228,Jay Toia,Jay,Toia,2003-07-16,75,341,UCLA,22,0,,,65,65,86,53,72,72,94,51,19,14,10,7,13,11,20,18,18,13,17,15,12,45,45,45,45,45,45,68,60,73,71,71,73,11,16,13,DAL,DL,00-0040019,ACT,Jay Toia,exact_name
4734,John Bullock,John,Bullock,2001-04-22,72,230,Nebraska,24,0,,,65,85,69,79,85,64,88,70,21,6,6,6,12,6,58,40,49,25,25,23,21,45,45,45,45,45,45,51,53,62,61,80,81,60,66,48,TB,LB,00-0040416,ACT,John Bullock,exact_name
22455,Jordan Jackson,Jordan,Jackson,1998-01-30,76,294,Air Force,27,3,,,65,74,78,76,74,67,88,66,22,6,6,6,14,6,24,17,17,17,14,5,5,45,45,45,45,45,45,68,59,70,69,78,78,23,29,20,DEN,DL,00-0037294,ACT,Jordan Jackson,exact_name
22644,Josh Blackwell,Josh,Blackwell,1999-04-05,71,179,Duke,26,3,,,65,94,53,91,92,56,87,84,24,22,20,16,13,15,59,48,52,35,34,30,24,35,35,35,35,35,35,26,32,38,52,69,47,65,62,71,CHI,DB,00-0037129,ACT,Josh Blackwell,exact_name
21094,Josiah Deguara,Josiah,Deguara,1997-02-14,74,240,Cincinnati,28,5,,,65,85,78,77,84,61,86,73,41,30,25,20,26,21,81,78,80,65,63,57,54,56,52,54,60,55,61,14,10,41,27,41,41,12,14,17,nan,NAN,,,,unmatched
16153,Julian Ashby,Julian,Ashby,2002-07-08,73,231,Vanderbilt,23,0,,,65,74,68,72,83,60,88,69,29,10,11,10,16,17,45,49,47,34,47,40,35,45,41,40,51,51,49,32,32,37,34,52,50,17,20,15,NE,LS,00-0040246,ACT,Julian Ashby,exact_name
22453,Kalia Davis,Kalia,Davis,1998-10-02,74,310,UCF,26,3,,,65,70,84,54,80,62,80,48,20,6,6,6,10,6,32,25,19,20,15,9,5,45,45,45,45,45,45,67,57,73,66,73,75,20,28,15,CLE,DL,00-0037832,ACT,Kalia Davis,exact_name
22483,Ko Kieft,Ko,Kieft,1998-01-20,77,265,Minnesota,27,3,,,65,73,75,79,70,66,91,65,24,22,15,11,11,15,74,72,71,66,64,58,51,63,59,63,65,63,64,10,10,35,25,37,34,10,10,10,TB,TE,00-0037311,ACT,Ko Kieft,exact_name
22048,Malik Willis,Malik,Willis,1999-05-25,73,219,Liberty,26,3,,,65,90,72,92,93,43,92,89,93,78,72,75,68,82,58,39,43,22,33,26,17,20,16,18,26,19,15,10,10,29,16,41,35,22,28,16,MIA,QB,00-0038128,ACT,Malik Willis,exact_name
23356,Markees Watts,Markees,Watts,1999-12-07,73,240,Charlotte,25,2,,,65,81,71,81,81,59,91,73,31,6,6,6,17,6,52,43,48,12,10,7,5,45,45,45,45,45,45,66,72,67,60,79,72,44,52,16,CLE,LB,00-0038958,RET,Markees Watts,exact_name
1120,Michael Jerrell,Michael,Jerrell,1999-08-18,77,294,Findlay,26,1,,,65,74,82,53,81,53,93,54,16,5,5,5,10,5,23,20,19,15,12,11,7,70,66,75,72,70,74,12,18,31,15,34,36,9,12,10,ATL,OL,00-0039842,ACT,Michael Jerrell,exact_name
22609,Mike Caliendo,Mike,Caliendo,1997-10-21,76,301,W. Michigan,27,3,,,65,60,82,59,71,66,92,55,17,6,6,6,14,6,42,15,14,20,25,17,13,70,72,73,70,73,67,10,10,26,10,27,25,12,12,10,KC,OL,00-0037207,ACT,Mike Caliendo,exact_name
15146,Myles Hinton,Myles,Hinton,2002-01-09,79,325,Michigan,23,0,,,65,66,82,56,69,67,86,52,29,6,6,6,7,6,22,17,15,14,12,5,5,72,71,73,71,70,72,44,36,31,29,21,30,13,15,10,PHI,OL,00-0040015,ACT,Myles Hinton,exact_name
21880,Naquan Jones,Naquan,Jones,1998-02-05,75,313,Michigan St.,27,4,,,65,61,82,57,56,73,87,53,19,6,6,6,10,6,33,23,22,12,18,12,10,45,45,45,45,45,45,72,55,73,75,74,78,12,13,14,HOU,DL,00-0036695,ACT,Naquan Jones,exact_name
23087,Rejzohn Wright,Rejzohn,Wright,2000-09-04,74,193,Oregon State,24,2,,,65,89,53,84,92,63,88,81,47,44,42,40,33,40,70,65,72,35,31,26,15,22,22,22,34,34,34,28,43,49,64,74,50,59,67,76,NO,DB,00-0038781,ACT,Rejzohn Wright,exact_name
14795,Riley Leonard,Riley,Leonard,2002-09-13,76,216,Notre Dame,22,0,,,65,86,70,84,83,58,87,83,89,81,72,75,72,83,39,18,16,28,16,16,21,26,30,27,38,31,28,35,33,34,16,25,37,17,44,32,IND,QB,00-0040206,ACT,Riley Leonard,exact_name
22380,Sam Howell,Sam,Howell,2000-09-16,73,220,North Carolina,24,3,,,65,82,64,78,87,51,93,78,91,81,76,78,74,79,61,37,51,15,15,14,12,15,18,14,23,22,16,10,10,24,13,33,29,12,14,10,DAL,QB,00-0037077,ACT,Sam Howell,exact_name
23330,Segun Olubi,Segun,Olubi,1999-11-01,72,225,San Diego St.,25,3,,,65,90,66,82,91,61,87,79,21,15,14,12,14,10,63,49,48,15,15,5,5,45,45,45,45,45,45,51,62,64,63,82,75,57,66,44,LV,LB,00-0037527,ACT,Segun Olubi,exact_name
4758,Terrell Jennings,Terrell,Jennings,2002-11-24,73,225,Florida AM,22,0,,,65,88,74,75,91,69,88,78,32,39,37,28,29,31,65,51,52,49,58,53,48,46,38,35,39,26,33,20,27,35,30,38,31,24,24,23,NE,RB,00-0039757,ACT,Terrell Jennings,exact_name
15121,Thomas Fidone II,Thomas,Fidone II,2002-09-20,77,243,Nebraska,22,0,,,65,81,71,83,89,63,80,78,29,24,17,22,33,23,77,74,73,63,66,61,57,62,63,60,56,56,54,38,42,45,32,45,42,28,30,18,NYG,TE,00-0040225,ACT,Thomas Fidone II,exact_name
1072,Tip Reiman,Tip,Reiman,2001-09-17,76,271,Illinois,23,1,,,65,84,77,82,88,50,88,75,28,15,10,6,15,6,79,78,73,61,60,53,48,62,62,58,66,67,63,17,17,37,17,34,34,14,21,17,ARI,TE,00-0039737,ACT,Tip Reiman,exact_name
12743,Trent Taylor,Trent,Taylor,1994-04-30,68,181,LA. Tech,31,8,,,65,86,62,88,87,61,88,86,31,28,21,18,20,24,82,80,76,65,70,68,64,44,19,19,52,26,20,15,23,31,23,39,35,15,23,24,nan,NAN,,,,unmatched
22955,Truman Jones,Truman,Jones,2000-05-13,75,250,Harvard,25,2,,,65,83,71,82,89,65,90,72,20,6,6,6,11,6,32,26,27,13,10,7,5,35,35,35,40,40,40,69,63,72,62,78,73,32,38,37,TEN,LB,00-0038514,ACT,Truman Jones,exact_name
23381,Ty Okada,Ty,Okada,1999-06-04,71,193,Montana State,26,2,,,65,90,62,88,91,60,89,90,52,51,46,40,31,41,61,59,65,29,35,28,26,35,35,35,35,35,35,32,38,45,56,69,63,65,63,61,SEA,DB,00-0038765,ACT,Ty Okada,exact_name
22240,Tycen Anderson,Tycen,Anderson,1999-06-13,74,205,Toledo,26,3,,,65,92,59,92,95,60,87,82,24,10,8,6,9,7,58,56,55,41,36,31,29,33,33,33,34,34,34,32,37,55,56,66,60,65,63,73,DEN,DB,00-0037752,ACT,Tycen Anderson,exact_name
1379,Tyler Owens,Tyler,Owens,2001-05-12,74,213,Texas Tech,24,1,,,65,93,63,79,94,62,89,76,22,6,6,6,10,6,65,59,62,15,20,16,12,35,35,35,35,35,35,27,36,54,58,72,62,63,68,64,WAS,DB,00-0039681,ACT,Tyler Owens,exact_name
23151,Tyrus Wheat,Tyrus,Wheat,1999-12-08,74,260,Mississippi St.,25,2,,,65,84,74,74,90,59,92,65,15,9,7,6,16,7,57,41,41,15,15,13,11,35,35,35,45,45,45,70,58,67,56,76,75,41,53,46,DAL,DL,00-0038742,ACT,Tyrus Wheat,exact_name
22831,Will Mallory,Will,Mallory,1999-06-02,76,239,Miami,26,2,,,65,87,72,77,89,66,92,73,27,22,16,11,14,13,78,76,78,60,63,58,56,52,46,51,52,47,52,10,10,33,15,39,33,10,15,15,IND,TE,00-0038394,ACT,Will Mallory,exact_name
13187,Will Clapp,Will,Clapp,1996-09-19,77,311,LSU,28,7,,,65,72,80,53,63,78,85,47,14,6,6,6,11,6,24,15,15,15,15,5,5,71,69,72,68,64,72,10,10,19,10,15,26,10,11,10,nan,NAN,,,,unmatched
15234,Zeek Biggers,Zeek,Biggers,2003-10-04,78,321,Georgia Tech,21,0,,,65,69,84,56,76,67,87,56,32,6,6,6,10,6,18,18,19,16,16,14,12,45,45,45,45,45,45,70,66,73,64,71,75,19,15,14,MIA,DL,00-0040248,ACT,Zeek Biggers,exact_name
20806,Alex Bachman,Alex,Bachman,1996-05-29,71,190,Wake Forest,29,5,,,64,88,61,89,89,57,88,83,26,15,10,6,13,6,79,81,79,70,69,67,65,27,10,10,47,29,34,10,10,33,24,39,33,19,27,21,nan,NAN,,,,unmatched
23141,Asim Richards,Asim,Richards,2000-10-02,76,307,North Carolina,24,2,,,64,67,87,59,73,73,93,51,21,6,6,6,13,6,52,50,54,44,42,40,35,72,72,73,64,64,64,46,35,45,46,49,45,11,12,10,NO,OL,00-0038601,ACT,Asim Richards,exact_name
22438,Austin Deculus,Austin,Deculus,1999-03-12,77,321,LSU,26,3,,,64,70,84,50,77,73,93,48,18,6,6,6,8,6,19,15,17,13,20,16,8,64,66,62,70,73,67,10,10,29,20,21,27,8,9,10,TEN,OL,00-0037302,ACT,Austin Deculus,exact_name
23007,Ben VanSumeren,Ben,VanSumeren,2000-05-05,74,231,Michigan St.,25,2,,,64,91,75,80,93,54,89,71,30,20,15,10,12,12,67,65,65,39,53,46,37,54,52,55,55,51,53,39,49,54,51,79,72,57,54,45,BUF,RB,00-0038489,ACT,Ben VanSumeren,exact_name
4737,BJ Green II,BJ,Green II,2003-07-03,73,270,Colorado,22,0,,,64,82,80,73,89,52,87,61,21,7,6,5,8,6,35,20,32,12,10,5,3,35,30,30,40,35,35,64,67,68,52,79,77,44,50,20,JAX,DL,00-0040329,ACT,BJ Green II,exact_name
21479,Blake Hance,Blake,Hance,1996-01-11,77,310,Northwestern,29,5,,,64,70,85,61,62,75,90,53,30,6,6,6,10,6,43,31,33,30,29,23,20,60,59,61,72,68,75,30,24,41,39,32,43,13,15,10,nan,NAN,,,,unmatched
2658,Bobby Hart,Bobby,Hart,1994-08-21,77,310,Florida State,31,10,,,64,49,84,50,50,77,91,40,35,6,6,6,11,6,39,15,15,15,15,5,5,71,72,70,71,70,73,10,10,40,10,39,40,12,12,10,SEA,OL,00-0031622,ACT,Bobby Hart,exact_name
1366,Brenden Bates,Brenden,Bates,1999-10-17,76,255,Kentucky,25,1,,,64,82,75,80,80,66,91,69,24,22,15,11,11,15,74,73,72,65,61,54,50,63,59,62,64,62,65,10,10,35,25,37,34,10,10,10,CLE,TE,00-0039458,ACT,Brenden Bates,exact_name
14691,Brevyn Spann-Ford,Brevyn,Spann-Ford,1999-12-27,79,260,Minnesota,25,1,,,64,80,72,71,83,65,89,66,25,15,10,5,15,5,77,74,76,63,63,59,51,61,62,56,61,62,60,46,40,51,31,59,55,29,38,31,DAL,TE,00-0039530,ACT,Brevyn Spann-Ford,exact_name
23136,Caleb Murphy,Caleb,Murphy,1999-12-15,75,254,Ferris State,25,2,,,64,79,70,74,84,56,91,68,28,15,10,10,13,15,47,35,42,36,32,26,23,35,35,35,45,45,45,68,73,59,58,80,71,39,44,35,NYG,LB,00-0038851,ACT,Caleb Murphy,exact_name
20365,Calvin Anderson,Calvin,Anderson,1996-03-25,77,300,Texas,29,6,,,64,65,85,70,70,77,83,56,25,6,6,6,7,6,30,10,12,12,10,5,5,67,65,69,66,64,68,32,20,15,10,23,30,12,15,10,nan,NAN,,,,unmatched
23020,Cam Jones,Cam,Jones,1999-10-21,74,227,Indiana,25,2,,,64,85,65,74,90,68,83,70,30,19,13,11,25,14,54,45,47,20,15,5,5,45,45,45,45,45,45,46,54,60,69,81,78,52,62,48,NYG,LB,00-0038513,ACT,Cam Jones,exact_name
15257,Carson Bruener,Carson,Bruener,2001-06-05,73,227,Washington,24,0,,,64,86,67,81,90,63,88,73,25,21,18,15,15,12,48,42,47,22,24,21,18,45,45,45,45,45,45,44,46,58,62,80,76,59,65,47,PIT,LB,00-0040231,ACT,Carson Bruener,exact_name
23263,Chandler Zavala,Chandler,Zavala,1999-04-02,75,322,N.C. State,26,2,,,64,66,88,65,72,64,81,57,21,9,9,7,10,9,30,21,23,18,12,11,7,70,69,65,70,67,73,14,15,19,21,25,31,9,10,10,CAR,OL,00-0038536,ACT,Chandler Zavala,exact_name
21111,Charlie Heck,Charlie,Heck,1996-11-20,80,311,North Carolina,28,5,,,64,67,84,54,69,77,87,52,12,6,6,6,14,6,35,20,25,19,25,22,21,67,65,69,69,66,72,33,22,35,13,38,36,12,16,10,MIA,OL,00-0036195,ACT,Charlie Heck,exact_name
21478,Chazz Surratt,Chazz,Surratt,1997-02-16,74,233,North Carolina,28,4,,,64,85,75,82,87,64,89,73,67,63,59,52,48,51,58,33,35,20,15,5,5,45,45,45,45,45,45,52,57,61,60,83,74,54,63,40,SEA,LB,00-0037003,ACT,Chazz Surratt,exact_name
1251,Chris Roland-Wallace,Chris,Roland-Wallace,2001-11-23,72,202,USC,23,1,,,64,86,64,78,90,65,88,73,38,36,34,31,26,35,65,63,65,61,62,60,58,33,33,34,34,33,34,37,45,42,63,67,52,69,65,65,nan,NAN,,,,unmatched
21993,Chris Williams,Chris,Williams,1998-06-16,74,302,Wagner College,27,4,,,64,67,84,58,73,60,88,47,14,6,6,6,12,6,28,15,15,15,15,7,3,45,45,45,45,45,45,72,54,70,62,75,78,13,15,10,ATL,DL,00-0035857,ACT,Chris Williams,exact_name
15158,Connor Colby,Connor,Colby,2003-01-16,78,309,Iowa,22,0,,,64,69,83,66,73,65,89,61,17,6,6,6,10,6,32,11,13,15,15,6,6,68,69,67,70,70,70,10,10,20,30,25,28,10,10,10,SF,OL,00-0040245,ACT,Connor Colby,exact_name
4738,Connor O'Toole,Connor,O'Toole,2002-08-27,75,248,Utah,23,0,,,64,84,81,82,87,48,86,71,22,6,6,6,13,6,34,39,42,14,18,7,5,45,45,45,45,45,45,65,66,66,51,77,78,43,49,35,SEA,LB,00-0040061,ACT,Connor O'Toole,exact_name
4731,Cooper McDonald,Cooper,McDonald,2001-08-07,75,240,TCU,24,0,,,64,84,73,77,92,61,87,67,22,6,6,6,12,6,57,48,45,13,23,21,19,45,45,45,45,45,45,51,52,65,59,79,80,55,63,44,KC,LB,00-0040118,ACT,Cooper McDonald,exact_name
23377,D.J. Montgomery,D.J.,Montgomery,1996-11-17,73,201,Austin Peay,28,5,,,64,90,53,91,92,57,90,79,25,15,10,8,17,8,75,74,71,71,62,63,66,27,20,17,55,29,31,11,11,28,22,33,37,25,21,28,nan,NAN,,,,unmatched
14749,Donovan Jennings,Donovan,Jennings,1999-11-24,76,323,USF,25,1,,,64,72,86,65,73,65,76,57,20,10,5,5,18,15,21,23,26,16,10,5,6,68,68,72,67,72,68,23,27,34,20,35,34,22,27,16,GB,OL,00-0039272,ACT,Donovan Jennings,exact_name
4739,Elijah Ponder,Elijah,Ponder,2002-08-24,75,261,Cal Poly SLO,23,0,,,64,85,76,82,88,51,87,74,20,6,6,6,14,6,38,27,38,16,10,5,5,45,45,45,45,45,45,64,66,68,50,77,76,34,43,35,NE,LB,00-0040574,ACT,Elijah Ponder,exact_name
15227,Eric Gregory,Eric,Gregory,2000-09-13,75,319,Arkansas,24,0,,,64,68,86,62,74,56,89,59,20,6,6,6,10,6,35,21,20,15,15,7,5,45,45,45,45,45,45,68,60,75,54,72,76,16,21,17,NE,DL,00-0040371,ACT,Eric Gregory,exact_name
20664,Fred Johnson,Fred,Johnson,1997-06-05,79,326,Florida,28,6,,,64,63,85,53,60,78,89,42,12,6,6,6,10,6,24,17,15,15,18,8,5,67,68,65,71,69,74,10,10,25,15,23,31,9,14,10,PHI,OL,00-0034951,ACT,Fred Johnson,exact_name
15113,Gavin Bartholomew,Gavin,Bartholomew,2003-04-30,77,246,Pittsburgh,22,0,,,64,82,70,82,87,66,90,76,39,26,24,19,26,26,76,75,76,62,63,55,52,58,59,56,59,53,53,39,35,43,26,46,36,27,33,14,MIN,TE,00-0040215,ACT,Gavin Bartholomew,exact_name
21682,Grant Stuard,Grant,Stuard,1998-10-15,71,230,Houston,26,4,,,64,84,76,69,88,67,91,67,26,6,6,6,17,6,47,29,25,20,15,5,5,45,45,45,45,45,45,42,46,60,59,83,78,58,55,32,LA,LB,00-0036672,ACT,Grant Stuard,exact_name
23353,Irvin Charles,Irvin,Charles,1997-04-13,76,219,IUP,28,3,,,64,87,66,83,91,57,88,78,27,25,21,19,16,15,79,81,81,69,67,66,63,37,24,25,53,33,26,11,11,27,19,28,36,23,29,26,SEA,WR,00-0037156,ACT,Irvin Charles,exact_name
21498,Jake Hansen,Jake,Hansen,1998-06-19,73,235,Illinois,27,3,,,64,81,71,76,85,65,78,72,24,6,6,6,10,6,61,60,57,18,24,14,6,45,45,45,45,45,45,55,47,63,69,76,83,40,55,49,HOU,LB,00-0037457,ACT,Jake Hansen,exact_name
15255,Jalen McLeod,Jalen,McLeod,2002-06-05,74,241,Auburn,23,0,,,64,81,77,72,86,66,92,68,21,18,10,10,17,13,34,23,25,13,15,10,5,45,45,45,45,45,45,66,70,68,65,79,77,54,60,43,JAX,LB,00-0040209,ACT,Jalen McLeod,exact_name
4614,JJ Roberts,JJ,Roberts,2001-09-22,71,192,Marshall,23,0,,,64,91,62,85,93,57,89,85,24,6,6,6,12,6,62,57,58,22,25,20,15,35,35,35,35,35,35,33,32,49,55,71,66,63,67,58,TB,DB,00-0040425,ACT,JJ Roberts,exact_name
20584,Joe Giles-Harris,Joe,Giles-Harris,1997-04-01,74,234,Duke,28,6,,,64,83,69,79,81,60,86,66,25,6,6,6,10,6,53,45,47,33,27,24,20,45,45,45,45,45,45,61,62,70,58,80,81,48,57,31,CIN,LB,00-0035363,ACT,Joe Giles-Harris,exact_name
22604,Joey Blount,Joey,Blount,1998-11-16,73,195,Virginia,26,3,,,64,92,65,87,94,62,86,80,26,15,10,8,13,15,62,54,57,25,28,24,19,29,29,29,33,33,33,35,40,51,63,65,60,58,64,65,ARI,DB,00-0037141,ACT,Joey Blount,exact_name
4757,John Saunders Jr,John,Saunders Jr,2001-10-24,74,210,Ole Miss,23,0,,,64,88,64,90,89,58,87,81,23,6,6,6,12,6,64,61,60,21,25,22,19,35,35,35,35,35,35,32,34,46,56,72,64,65,68,61,NE,DB,00-0040310,ACT,John Saunders Jr.,exact_name
22440,Joshua Ezeudu,Joshua,Ezeudu,1999-09-19,76,308,North Carolina,25,3,,,64,66,81,57,72,70,88,58,16,6,6,6,7,6,23,12,15,10,10,5,5,71,70,72,69,67,71,10,10,20,24,19,21,9,10,10,NYG,OL,00-0037807,ACT,Joshua Ezeudu,exact_name
1278,Kameron Johnson,Kameron,Johnson,2002-03-17,70,184,Barton,23,1,,,64,90,63,82,92,66,90,83,40,33,26,20,38,22,77,70,73,62,67,66,64,24,17,22,44,24,30,10,10,24,25,32,26,20,27,21,TB,WR,00-0039589,ACT,Kameron Johnson,exact_name
23283,Kendall Williamson,Kendall,Williamson,2000-08-24,72,203,Stanford,25,2,,,64,91,63,84,90,67,92,81,30,15,10,10,12,15,62,56,64,20,20,15,10,34,34,34,35,35,35,35,42,53,64,75,47,69,62,64,LAC,DB,00-0038414,ACT,Kendall Williamson,exact_name
21627,Kenny Yeboah,Kenny,Yeboah,1998-10-30,75,250,Ole Miss,26,4,,,64,82,70,82,82,62,86,74,29,15,10,6,10,6,76,76,75,62,64,59,57,58,55,59,57,55,57,10,10,40,39,44,43,15,44,32,nan,NAN,,,,unmatched
22738,Kenny McIntosh,Kenny,McIntosh,2000-03-03,72,210,Georgia,25,2,,,64,87,66,83,89,64,83,82,53,45,39,35,38,27,72,45,45,50,64,57,52,55,24,32,47,33,26,11,12,33,21,41,39,25,35,27,SEA,RB,00-0038636,ACT,Kenny McIntosh,exact_name
4755,Kevin Knowles,Kevin,Knowles,2003-04-09,70,190,Florida State,22,0,,,64,90,54,82,93,54,87,85,25,6,6,6,10,6,64,59,63,23,22,12,12,35,35,35,35,35,35,26,33,44,52,70,54,66,67,70,KC,DB,00-0040089,ACT,Kevin Knowles,exact_name
4715,Keyon Martin,Keyon,Martin,2001-05-16,69,170,UL Lafayette,24,0,,,64,92,54,85,93,54,84,86,25,6,6,6,10,6,62,59,61,26,29,17,12,30,30,30,35,35,35,27,35,44,51,69,51,67,65,67,BAL,DB,00-0040636,ACT,Keyon Martin,exact_name
21422,Khalil Dorsey,Khalil,Dorsey,1998-03-31,69,170,N. Arizona,27,5,,,64,92,51,87,91,59,84,86,35,6,6,6,15,6,64,59,63,26,34,32,37,35,35,35,35,35,35,32,35,54,56,74,60,64,61,67,DET,DB,00-0036124,ACT,Khalil Dorsey,exact_name
21951,LaCale London,LaCale,London,1997-08-05,75,297,W. Illinois,28,5,,,64,72,83,66,77,60,87,51,24,6,6,6,14,6,25,16,16,13,10,5,3,45,45,45,45,45,45,69,57,71,62,73,76,16,22,12,ATL,DL,00-0036204,ACT,LaCale London,exact_name
22504,Liam McCullough,Liam,McCullough,1997-06-05,74,247,Ohio State,28,4,,,64,76,64,63,79,55,90,54,39,24,18,10,12,7,55,49,44,20,45,38,34,55,49,54,45,43,39,10,10,44,35,48,56,20,20,15,ATL,LS,00-0036082,ACT,Liam McCullough,exact_name
22346,Lucas Krull,Lucas,Krull,1998-07-11,78,260,Pittsburgh,27,2,,,64,84,68,79,88,67,89,70,65,47,39,32,22,23,78,70,76,64,64,60,51,58,54,52,56,48,52,12,14,23,25,32,36,13,14,17,DEN,TE,00-0037539,ACT,Lucas Krull,exact_name
1239,Luke Haggard,Luke,Haggard,2000-01-03,78,305,Indiana,25,2,,,64,67,84,60,73,62,90,47,24,6,6,6,15,6,20,14,14,15,13,5,5,73,70,71,71,71,70,12,13,26,19,31,29,12,14,8,TB,OL,00-0038818,ACT,Luke Haggard,exact_name
21808,Luke Farrell,Luke,Farrell,1997-10-14,77,250,Ohio State,27,4,,,64,78,77,78,80,63,90,73,25,15,10,6,10,6,78,75,72,65,62,56,49,61,60,62,63,63,59,17,12,44,18,43,45,12,17,19,SF,TE,00-0036887,ACT,Luke Farrell,exact_name
20836,Luke Gifford,Luke,Gifford,1995-08-28,75,243,Nebraska,30,6,,,64,86,75,81,85,63,84,73,44,39,33,26,26,25,65,33,35,19,19,12,7,45,45,45,45,45,45,57,64,67,63,78,79,55,60,43,SF,LB,00-0035413,ACT,Luke Gifford,exact_name
21791,Marcelino McCrary-Ball,Marcelino,McCrary-Ball,1999-03-23,72,214,Indiana,26,2,,,64,89,72,83,91,64,88,82,24,6,6,6,15,6,68,56,61,25,20,10,10,35,35,35,35,35,35,42,52,58,61,78,73,58,65,64,NYJ,LB,00-0037526,ACT,Marcelino McCrary-Ball,exact_name
16149,Marcus Bryant,Marcus,Bryant,2002-06-22,79,317,Missouri,23,0,,,64,68,85,66,73,65,87,56,22,6,6,6,15,6,23,25,29,18,16,5,5,69,71,68,69,70,68,11,10,24,29,21,22,27,14,10,NE,OL,00-0040226,ACT,Marcus Bryant,exact_name
4732,Marlowe Wax,Marlowe,Wax,2002-12-13,73,236,Syracuse,22,0,,,64,85,71,84,91,57,87,78,24,6,6,6,10,6,55,43,46,18,24,22,20,45,45,45,45,45,45,52,53,61,55,80,82,55,63,45,LAC,LB,00-0040460,ACT,Marlowe Wax,exact_name
13250,Mike White,Mike,White,1995-03-25,77,218,W. Kentucky,30,8,,,64,69,54,70,74,65,92,72,85,83,79,75,78,76,31,15,19,12,21,14,13,19,18,17,22,21,18,10,10,22,18,24,26,11,17,10,nan,NAN,,,,unmatched
22537,Mike Brown,Mike,Brown,1999-04-07,73,222,Miami Univ.,26,3,,,64,89,66,83,88,62,91,78,30,9,7,6,5,6,65,49,55,15,15,10,10,35,35,35,35,35,35,44,50,60,63,76,65,58,65,63,NE,DB,00-0037493,ACT,Mike Brown,exact_name
12552,Mitchell Trubisky,Mitchell,Trubisky,1994-08-20,75,222,North Carolina,31,8,,,64,84,71,86,85,52,90,82,89,81,74,76,75,79,44,33,29,31,38,28,18,18,21,21,21,19,19,10,10,24,18,43,35,15,17,13,TEN,QB,00-0033869,ACT,Mitchell Trubisky,exact_name
23059,Nic Jones,Nic,Jones,2002-10-15,72,191,Ball State,22,2,,,64,89,49,87,92,59,87,84,10,9,7,6,13,6,69,61,67,50,55,46,44,30,30,30,35,35,35,30,37,45,62,63,42,62,68,74,NYG,DB,00-0038986,ACT,Nic Jones,exact_name
4681,Nikko Reed,Nikko,Reed,2003-03-03,70,180,Oregon,22,0,,,64,90,62,85,91,56,86,80,26,6,6,6,10,6,65,62,64,24,28,18,11,30,30,30,35,35,35,23,34,42,55,71,53,67,69,71,LAC,DB,00-0040471,ACT,Nikko Reed,exact_name
1276,Rashad Wisdom,Rashad,Wisdom,2001-06-06,69,210,UTSA,24,1,,,64,87,57,87,92,61,85,88,25,23,12,10,24,26,68,60,64,27,28,18,10,20,20,20,23,23,21,33,39,56,66,73,67,52,63,64,TB,DB,00-0039596,ACT,Rashad Wisdom,exact_name
4716,Reddy Steward,Reddy,Steward,2001-05-04,71,178,Troy,24,1,,,64,88,55,76,94,59,87,84,24,6,6,6,10,6,63,59,61,24,30,18,15,30,30,30,35,35,35,27,32,43,55,70,54,66,71,66,DAL,DB,00-0039465,ACT,Reddy Steward,exact_name
22446,Ryan Van Demark,Ryan,Van Demark,1998-03-22,78,307,Connecticut,27,2,,,64,63,83,66,75,69,92,58,16,6,6,6,13,6,35,22,25,22,22,15,10,68,66,70,69,64,73,40,30,40,21,35,40,12,12,10,MIN,OL,00-0037404,ACT,Ryan Van Demark,exact_name
22385,Skylar Thompson,Skylar,Thompson,1997-06-04,74,219,Kansas State,28,3,,,64,77,65,83,85,59,86,80,88,79,77,78,76,78,34,16,19,14,15,14,12,15,12,12,20,19,22,10,10,22,14,30,26,10,15,10,BAL,QB,00-0037327,ACT,Skylar Thompson,exact_name
22712,Tanner McKee,Tanner,McKee,2000-04-27,78,231,Stanford,25,2,,,64,77,61,76,84,67,89,74,87,81,77,76,75,76,20,12,10,16,12,11,10,15,14,19,15,11,11,5,5,18,15,16,20,5,11,5,PHI,QB,00-0038400,ACT,Tanner McKee,exact_name
4711,Theo Benedet,Theo,Benedet,2001-10-12,79,304,UBC,23,1,,,64,68,83,61,73,63,89,54,11,6,6,6,13,6,22,17,15,12,17,5,5,70,70,69,72,72,70,15,10,25,14,25,25,12,12,10,CHI,OL,00-0039459,ACT,Theo Benedet,exact_name
1265,Thomas Harper,Thomas,Harper,2000-11-05,70,189,Notre Dame,24,1,,,64,89,60,80,94,65,77,81,25,20,15,10,22,16,57,64,61,20,22,18,15,35,35,35,35,35,35,36,42,42,64,63,52,67,65,66,DET,DB,00-0039660,ACT,Thomas Harper,exact_name
1118,Travis Glover,Travis,Glover,2000-08-17,78,317,Georgia State,25,1,,,64,63,86,50,69,69,95,51,19,11,8,6,5,6,25,10,12,12,10,7,5,69,70,68,73,68,69,42,35,37,24,38,44,9,8,10,GB,OL,00-0039819,ACT,Travis Glover,exact_name
23370,Trevor Nowaske,Trevor,Nowaske,1998-11-07,75,235,Saginaw Valley,26,2,,,64,88,74,86,89,59,91,81,24,19,16,12,14,15,62,46,53,12,18,9,5,35,35,35,35,35,35,62,53,64,58,80,74,50,55,45,DET,LB,00-0038660,ACT,Trevor Nowaske,exact_name
14785,Will Howard,Will,Howard,2001-09-24,76,236,Ohio State,23,0,,,64,81,68,78,83,63,91,76,86,82,75,80,76,81,42,20,19,26,20,18,16,27,37,34,25,35,33,42,39,39,37,47,41,21,21,16,PIT,QB,00-0040203,ACT,Will Howard,exact_name
22984,Yasir Abdullah,Yasir,Abdullah,2000-04-12,73,234,Louisville,25,2,,,64,90,70,83,95,59,89,76,20,9,7,6,10,6,64,62,59,29,27,24,20,35,35,35,40,40,40,57,66,62,60,81,75,60,50,44,JAX,LB,00-0038580,ACT,Yasir Abdullah,exact_name
23292,AJ Finley,AJ,Finley,2001-09-14,72,188,Ole Miss,23,2,,,63,87,56,86,87,61,88,84,31,6,6,6,5,5,73,66,67,30,38,33,31,35,35,35,35,35,35,35,40,48,58,67,66,64,68,69,SEA,DB,00-0038866,ACT,AJ Finley,exact_name
15355,Alijah Clark,Alijah,Clark,2003-07-11,73,187,Syracuse,22,0,,,63,89,64,83,93,56,86,82,24,6,6,6,12,6,65,58,57,30,30,27,24,35,35,35,35,35,35,33,34,46,53,72,63,66,65,66,DAL,DB,00-0040045,ACT,Alijah Clark,exact_name
15260,Bam Martin-Scott,Bam,Martin-Scott,2000-07-04,74,231,South Carolina,25,0,,,63,85,74,75,88,59,88,69,23,6,6,6,12,6,51,47,50,27,23,20,17,45,45,45,45,45,45,49,51,63,57,79,77,54,61,43,CAR,LB,00-0040289,ACT,Bam Martin-Scott,exact_name
14952,Beau Brade,Beau,Brade,2002-01-29,72,203,Maryland,23,1,,,63,84,61,87,91,62,86,81,36,42,37,39,23,25,69,60,60,24,32,30,27,29,25,24,24,22,22,60,50,50,59,68,69,62,65,62,NYG,DB,00-0039241,ACT,Beau Brade,exact_name
22126,Ben Brown,Ben,Brown,1998-05-19,77,312,Ole Miss,27,4,,,63,61,85,58,63,75,88,45,22,6,6,6,9,6,25,15,15,15,15,5,5,67,67,70,68,66,71,10,10,14,15,24,15,10,10,10,NE,OL,00-0037413,ACT,Ben Brown,exact_name
4752,C.J. Okoye,C.J.,Okoye,2001-10-20,78,370,,23,0,,,63,58,89,56,61,62,88,46,20,6,6,6,10,6,35,22,19,15,15,7,5,45,45,45,45,45,45,69,62,70,60,71,78,16,20,15,nan,NAN,,,,unmatched
22250,Cal Adomitis,Cal,Adomitis,1998-07-09,74,238,Pittsburgh,27,3,,,63,73,69,66,82,50,89,66,27,29,14,12,10,10,64,61,59,49,55,52,47,52,45,42,50,40,42,24,16,43,13,50,54,15,13,10,PIT,LS,00-0037412,ACT,Cal Adomitis,exact_name
11222,Case Keenum,Case,Keenum,1988-02-17,73,220,Houston,37,13,,,63,77,54,72,72,63,84,71,85,82,76,77,79,79,33,10,10,15,10,10,10,21,27,20,17,10,10,10,10,22,22,24,14,10,12,10,CHI,QB,00-0028986,ACT,Case Keenum,exact_name
23343,Claudin Cherelus,Claudin,Cherelus,1999-02-09,74,230,Alcorn St.,26,2,,,63,87,70,70,85,66,93,71,41,37,32,27,22,37,50,45,46,12,22,12,6,45,45,45,45,45,45,46,41,62,68,83,77,45,54,47,CAR,LB,00-0038493,ACT,Claudin Cherelus,exact_name
23264,Colby Sorsdal,Colby,Sorsdal,2000-03-01,78,304,William  Mary,25,2,,,63,67,80,59,66,71,91,57,10,6,6,6,10,6,34,15,15,15,15,10,5,65,63,67,71,67,75,10,10,25,15,33,31,11,12,9,DET,OL,00-0038592,ACT,Colby Sorsdal,exact_name
4677,Corey Thornton,Corey,Thornton,2001-01-30,73,193,Louisville,24,0,,,63,85,55,77,91,58,86,85,27,6,6,6,10,6,67,60,67,24,22,17,11,30,30,30,35,35,35,29,34,41,56,70,55,69,71,65,CAR,DB,00-0040296,ACT,Corey Thornton,exact_name
12763,Corey Levin,Corey,Levin,1994-08-12,76,307,Tenn-Chat,31,7,,,63,64,84,63,66,73,89,53,16,6,6,6,10,6,25,23,18,14,18,8,5,72,73,70,64,66,62,10,10,28,25,35,32,15,20,10,ATL,OL,00-0033793,ACT,Corey Levin,exact_name
23284,Desjuan Johnson,Desjuan,Johnson,1999-09-03,74,285,Toledo,25,2,,,63,72,79,62,80,65,92,64,10,6,7,6,9,7,48,45,41,15,18,8,6,40,40,40,45,45,45,68,64,70,64,78,74,22,29,25,LA,DL,00-0039061,ACT,Desjuan Johnson,exact_name
4749,Dom Jones,Dom,Jones,2000-07-16,74,192,Colorado St.,25,0,,,63,87,60,85,90,57,87,84,25,6,6,6,10,6,66,58,60,25,23,19,15,35,35,35,35,35,35,26,33,44,55,71,54,66,69,70,CLE,DB,00-0040258,ACT,Dom Jones,exact_name
4736,Easton Mascarenas-Arnold,Easton,Mascarenas-Arnold,2002-09-13,71,227,USC,22,0,,,63,86,73,88,90,59,87,76,13,6,6,6,11,6,37,34,37,15,20,7,5,45,45,45,45,45,45,61,54,62,57,79,79,55,61,48,CLE,LB,00-0040261,ACT,Easton Mascarenas-Arnold,exact_name
13522,Elijah Campbell,Elijah,Campbell,1995-08-24,71,195,Northern Iowa,30,7,,,63,90,61,84,84,62,84,81,27,6,6,6,10,6,70,45,62,27,26,16,11,33,33,34,34,33,34,35,41,48,60,69,60,65,66,65,NYG,DB,00-0034248,ACT,Elijah Campbell,exact_name
1333,Frank Crum,Frank,Crum,2000-05-14,79,315,Wyoming,25,1,,,63,74,85,71,79,54,91,56,22,6,6,6,15,6,19,10,12,15,10,5,5,69,68,66,72,73,70,20,10,20,22,27,33,10,17,10,DEN,OL,00-0039568,ACT,Frank Crum,exact_name
21108,Hakeem Adeniji,Hakeem,Adeniji,1997-12-08,76,315,Kansas,27,5,,,63,66,84,42,71,75,86,44,15,6,6,6,14,6,25,10,12,12,10,5,5,65,66,64,70,72,68,31,23,30,29,34,36,16,11,10,nan,NAN,,,,unmatched
4733,Isaiah Stalbird,Isaiah,Stalbird,2000-07-18,73,215,S. Dakota St.,25,0,,,63,89,66,76,95,57,87,83,25,6,6,6,10,6,59,45,45,18,22,20,18,45,45,45,45,45,45,47,50,59,55,81,78,57,64,49,NO,LB,00-0039622,ACT,Isaiah Stalbird,exact_name
15145,Jack Nelson,Jack,Nelson,2002-01-15,79,318,Wisconsin,23,0,,,63,67,84,64,71,66,87,53,17,6,6,6,11,6,27,24,19,16,16,5,5,70,69,71,69,68,70,34,33,35,28,30,25,11,12,10,ATL,OL,00-0040224,ACT,Jack Nelson,exact_name
15107,Jake Briningstool,Jake,Briningstool,2002-12-09,78,240,Clemson,22,0,,,63,81,71,77,84,58,88,72,24,15,10,6,10,6,78,75,76,70,66,62,57,56,59,54,58,55,52,14,13,33,29,36,37,14,19,15,KC,TE,00-0040081,ACT,Jake Briningstool,exact_name
21546,Jake Curhan,Jake,Curhan,1998-02-09,78,325,California,27,4,,,63,57,81,50,60,72,91,52,28,6,6,6,10,6,31,15,15,15,15,5,5,66,68,63,72,68,76,29,26,39,24,37,32,10,10,10,nan,NAN,,,,unmatched
13181,Jamarco Jones,Jamarco,Jones,1996-06-04,76,293,Ohio State,29,7,,,63,58,80,50,53,68,86,45,17,6,6,6,14,6,20,16,14,12,10,8,5,70,67,74,68,66,72,10,10,26,10,27,31,12,12,10,nan,NAN,,,,unmatched
21652,James Hudson III,James,Hudson III,1999-05-13,77,313,Cincinnati,26,4,,,63,60,82,51,65,73,90,51,24,6,6,6,11,6,34,24,26,15,15,5,5,65,67,63,72,69,75,49,39,45,51,54,48,12,15,10,NE,OL,00-0036866,ACT,James Hudson,exact_name
14883,Jaylen Harrell,Jaylen,Harrell,2002-05-01,76,247,Michigan,23,1,,,63,83,75,67,88,65,90,67,27,6,6,6,13,6,44,20,20,25,15,5,5,45,45,45,45,45,45,62,65,66,64,79,72,39,43,31,TEN,LB,00-0039436,ACT,Jaylen Harrell,exact_name
22345,John FitzPatrick,John,FitzPatrick,2000-03-09,79,250,Georgia,25,3,,,63,80,79,67,83,70,86,63,23,13,10,6,6,5,73,70,68,64,60,56,49,62,57,64,65,59,63,38,36,45,39,45,43,12,15,15,nan,NAN,,,,unmatched
15131,John Williams,John,Williams,2002-01-17,76,322,Cincinnati,23,0,,,63,67,87,54,71,65,88,57,20,6,6,6,13,6,22,16,17,18,11,5,5,70,68,66,68,67,68,29,14,27,29,21,29,10,10,10,GB,OL,00-0040023,ACT,John Williams,exact_name
1332,John Stephens,John,Stephens,1999-09-23,78,221,UL Lafayette,25,3,,,63,83,77,77,89,57,84,75,27,17,10,6,10,6,77,74,77,63,62,60,58,61,60,58,61,57,62,10,10,31,20,34,34,15,19,10,nan,NAN,,,,unmatched
21957,Jon Rhattigan,Jon,Rhattigan,1999-02-02,72,236,Army,26,4,,,63,80,72,75,84,55,83,71,25,6,6,6,14,6,59,37,40,34,34,31,20,49,49,49,51,52,51,51,55,65,65,81,81,50,60,40,CHI,LB,00-0036802,ACT,Jon Rhattigan,exact_name
15155,Jonah Monheim,Jonah,Monheim,2002-06-07,76,303,USC,23,0,,,63,72,80,68,80,70,93,59,19,6,6,6,10,6,29,17,18,18,15,5,5,70,67,70,71,68,71,10,10,30,23,30,10,10,10,10,JAX,OL,00-0040227,ACT,Jonah Monheim,exact_name
22454,Jonathan Ford,Jonathan,Ford,1998-09-28,77,338,Miami,26,3,,,63,57,84,52,66,65,90,47,19,6,6,6,10,6,32,15,22,12,12,8,5,45,45,45,45,45,45,64,53,72,62,72,80,12,14,10,GB,DL,00-0037094,ACT,Jonathan Ford,exact_name
4748,Jordan Colbert,Jordan,Colbert,2000-03-18,74,218,Rhode Island,25,0,,,63,86,64,86,91,60,87,80,25,6,6,6,12,6,65,56,58,25,33,25,15,35,35,35,35,35,35,33,35,53,58,76,71,66,68,65,nan,NAN,,,,unmatched
13893,Josh Woods,Josh,Woods,1996-07-01,73,230,Maryland,29,7,,,63,84,64,78,84,73,84,69,15,6,6,6,14,6,60,51,47,25,15,5,5,45,45,45,45,45,45,47,49,61,71,77,74,56,62,59,nan,NAN,,,,unmatched
23351,Julian Hill,Julian,Hill,2000-07-09,76,251,Campbell Univ.,25,2,,,63,83,75,72,85,55,90,73,60,58,52,48,37,45,74,76,72,65,64,60,51,60,54,55,60,57,59,10,10,37,23,36,34,15,22,21,NE,TE,00-0038720,RES,Julian Hill,exact_name
21821,Kayode Awosika,Kayode,Awosika,1998-10-27,77,315,Buffalo,26,4,,,63,65,86,48,64,64,89,50,15,7,6,5,5,6,26,12,15,10,13,6,5,65,67,62,72,74,70,10,10,28,21,29,35,10,10,10,LAC,OL,00-0036736,ACT,Kayode Awosika,exact_name
1497,Kendell Brooks,Kendell,Brooks,2000-03-03,72,206,Michigan St.,25,2,,,63,91,63,77,92,57,82,81,31,6,6,6,5,5,58,52,56,23,25,21,13,35,35,35,35,35,35,35,40,54,58,78,65,62,67,66,TEN,DB,00-0038703,ACT,Kendell Brooks,exact_name
16150,Mason Richman,Mason,Richman,2002-05-07,77,307,Iowa,23,0,,,63,60,84,65,72,65,86,51,26,6,6,6,11,6,26,18,17,29,26,25,23,69,71,70,68,70,69,37,33,40,31,29,28,11,12,10,SEA,OL,00-0040652,ACT,Mason Richman,exact_name
21059,Mason Kinsey,Mason,Kinsey,1998-08-29,70,203,Berry College,27,5,,,63,86,60,77,85,55,87,78,26,15,10,6,17,6,81,77,80,63,72,71,72,26,10,10,38,18,15,10,10,30,23,33,31,20,28,22,TEN,WR,00-0036176,ACT,Mason Kinsey,exact_name
1444,Natrone Brooks,Natrone,Brooks,1999-12-11,70,175,Southern Miss,25,2,,,63,88,50,82,90,66,90,79,29,29,24,18,16,15,71,62,68,20,27,23,21,25,25,25,30,30,30,26,34,45,63,71,56,61,65,63,ATL,DB,00-0038966,ACT,Natrone Brooks,exact_name
22907,Nick Saldiveri,Nick,Saldiveri,2000-08-14,78,316,Old Dominion,25,2,,,63,65,84,61,78,68,92,61,26,7,6,5,10,7,24,22,16,14,16,16,16,70,71,69,65,65,65,34,23,32,18,25,27,11,11,10,NO,OL,00-0038566,RES,Nick Saldiveri,exact_name
12872,Pat O'Connor,Pat,O'Connor,1993-11-01,76,300,Eastern Michigan,31,8,,,63,75,82,70,83,58,88,62,25,6,6,6,10,6,29,26,20,15,17,10,6,45,45,45,45,45,45,61,71,74,55,72,75,21,29,17,nan,NAN,,,,unmatched
22844,Payne Durham,Payne,Durham,2000-06-15,77,255,Purdue,25,2,,,63,77,73,80,84,59,91,67,20,25,20,14,10,20,78,79,75,62,61,55,49,55,55,52,61,61,58,10,10,39,18,37,44,14,21,17,TB,TE,00-0039050,ACT,Payne Durham,exact_name
4719,PJ Jules,PJ,Jules,1998-05-18,72,203,S. Illinois,27,1,,,63,89,65,78,92,60,89,81,25,6,6,6,18,6,67,53,60,30,33,29,24,35,35,35,35,35,35,32,34,47,58,74,61,65,67,66,CIN,DB,00-0039632,ACT,PJ Jules,exact_name
14799,Quinn Ewers,Quinn,Ewers,2003-03-15,74,214,Texas,22,0,,,63,78,66,74,77,65,86,74,86,81,76,74,77,86,41,27,33,28,25,18,23,27,21,23,19,20,17,27,27,30,46,46,23,38,19,30,MIA,QB,00-0040234,ACT,Quinn Ewers,exact_name
21625,Quintin Morris,Quintin,Morris,1999-01-21,74,252,Bowling Green St.,26,4,,,63,83,72,78,86,62,89,65,29,24,15,10,11,12,80,77,80,66,56,57,54,53,47,51,55,51,54,38,32,35,33,41,42,22,28,24,JAX,TE,00-0036590,ACT,Quintin Morris,exact_name
4718,Reuben Lowery III,Reuben,Lowery III,2002-07-30,69,204,Tenn-Chat,23,0,,,63,91,61,83,91,58,87,86,25,6,6,6,14,6,65,55,58,22,28,18,10,35,35,35,35,35,35,33,34,46,56,73,62,63,65,64,IND,DB,00-0040106,RET,Reuben Lowery,exact_name
22981,Robert Beal Jr,Robert,Beal Jr,1999-08-18,76,250,Georgia,26,2,,,63,90,68,75,92,66,88,71,21,6,6,6,11,6,44,35,41,38,33,31,22,45,45,45,45,45,45,67,57,67,61,77,70,34,50,48,MIA,DL,00-0038603,ACT,Robert Beal Jr.,exact_name
13740,Ross Dwelley,Ross,Dwelley,1995-01-26,77,235,San Diego,30,7,,,63,79,72,70,77,67,93,64,30,15,10,6,10,6,79,78,80,65,65,61,53,57,55,51,58,58,54,17,17,29,22,28,33,14,21,17,nan,NAN,,,,unmatched
22714,Stetson Bennett IV,Stetson,Bennett IV,1997-10-28,71,190,Georgia,27,2,,,63,84,55,84,90,61,86,85,87,81,72,76,76,80,27,10,13,13,10,10,10,14,12,14,24,17,20,10,9,11,13,26,20,9,13,10,LA,QB,00-0039107,ACT,Stetson Bennett,exact_name
22557,Stone Smartt,Stone,Smartt,1998-10-08,76,226,Old Dominion,26,3,,,63,85,62,79,91,63,88,78,78,67,65,64,49,66,79,71,77,58,63,60,57,47,42,45,45,43,47,17,17,35,37,41,35,14,15,17,PHI,TE,00-0037475,ACT,Stone Smartt,exact_name
21828,Stone Forsythe,Stone,Forsythe,1997-12-29,80,307,Florida,27,4,,,63,67,87,67,67,77,91,49,12,6,6,6,10,6,24,17,15,15,18,8,5,69,71,67,66,63,68,10,10,25,15,23,31,9,11,10,CAR,OL,00-0036653,ACT,Stone Forsythe,exact_name
1347,Storm Duck,Storm,Duck,2000-12-15,72,195,Louisville,24,1,,,63,91,63,80,92,62,87,86,17,11,7,6,9,5,71,62,64,27,30,26,20,25,25,25,25,25,25,35,42,47,60,69,52,60,64,63,MIA,DB,00-0039481,ACT,Storm Duck,exact_name
13013,Storm Norton,Storm,Norton,1994-05-16,79,317,Toledo,31,8,,,63,65,82,67,71,79,90,53,30,6,6,6,10,6,27,22,15,21,15,15,15,63,65,62,72,68,75,25,15,39,20,29,29,13,15,10,ATL,OL,00-0033752,ACT,Storm Norton,exact_name
22349,Teagan Quitoriano,Teagan,Quitoriano,2000-03-15,78,258,Oregon State,25,3,,,63,74,78,73,74,57,91,66,25,15,10,6,9,6,76,79,78,60,66,61,52,56,56,55,61,62,56,38,32,44,36,45,46,10,12,10,ARI,TE,00-0037277,ACT,Teagan Quitoriano,exact_name
21555,Trey Lance,Trey,Lance,2000-05-09,76,226,North Dakota St.,25,4,,,63,87,71,89,90,32,86,85,91,80,75,77,73,83,51,31,36,21,27,18,14,18,15,17,27,18,15,20,22,38,34,54,52,32,40,32,LAC,QB,00-0037012,ACT,Trey Lance,exact_name
1119,Tylan Grable,Tylan,Grable,1999-10-04,77,309,UCF,25,1,,,63,74,81,73,81,68,90,65,57,52,48,45,35,35,51,49,55,51,43,35,33,68,69,68,70,67,70,57,46,45,42,51,48,12,13,10,BUF,OL,00-0039882,ACT,Tylan Grable,exact_name
15196,Tyler Batty,Tyler,Batty,1999-05-02,78,271,BYU,26,0,,,63,80,83,77,81,52,84,65,20,6,6,6,10,6,36,20,21,15,13,7,5,45,45,45,45,45,45,66,67,69,54,77,77,35,44,31,MIN,LB,00-0040492,ACT,Tyler Batty,exact_name
15022,Walter Rouse,Walter,Rouse,2001-03-09,78,322,Oklahoma,24,1,,,63,64,83,55,66,64,90,53,22,10,7,6,8,6,38,15,15,20,10,5,5,72,71,70,71,70,71,15,15,22,10,21,37,8,8,9,MIN,OL,00-0039828,ACT,Walter Rouse,exact_name
4704,William Wagner,William,Wagner,2000-12-20,74,240,Michigan,24,0,,,63,73,71,66,75,54,90,62,35,10,6,6,9,6,51,51,47,21,39,31,25,52,48,45,47,44,43,10,10,38,32,49,51,15,19,11,CIN,LS,00-0040379,ACT,William Wagner,exact_name
4639,Willie Lampkin IV,Willie,Lampkin IV,2002-01-22,71,290,North Carolina,23,0,,,63,65,82,59,74,65,87,59,17,6,6,6,14,6,20,15,14,12,10,5,5,69,65,68,70,68,71,15,10,26,15,27,23,12,12,10,PHI,OL,00-0040631,ACT,Willie Lampkin,exact_name
23311,Xavier Smith,Xavier,Smith,1997-09-21,69,174,Florida AM,27,2,,,63,90,60,78,93,56,84,79,47,38,32,27,28,27,79,75,77,66,67,66,65,23,10,14,41,20,27,10,10,26,16,32,27,13,17,13,LA,WR,00-0038359,ACT,Xavier Smith,exact_name
20360,Yodny Cajuste,Yodny,Cajuste,1996-02-21,77,310,West Virginia,29,6,,,63,64,88,58,56,73,77,48,30,6,6,6,10,6,22,25,15,40,15,5,5,63,62,64,71,69,73,25,15,35,20,29,36,13,15,10,nan,NAN,,,,unmatched
11836,Aaron Brewer,Aaron,Brewer,1990-07-05,77,232,San Diego St.,35,13,,,62,73,68,69,72,60,87,63,14,6,6,6,10,6,55,45,40,22,47,42,37,57,50,40,51,39,34,51,35,59,35,61,58,28,32,25,MIA,OL,00-0036171,ACT,Aaron Brewer,exact_name
23111,Alex Ward,Alex,Ward,1999-04-21,76,236,UCF,26,2,,,62,69,66,72,77,52,90,71,31,24,15,9,10,6,48,48,47,25,44,42,39,45,44,45,48,44,49,20,25,40,25,43,46,16,24,20,LV,LS,00-0038360,ACT,Alex Ward,exact_name
1346,Andrew Meyer,Andrew,Meyer,2000-01-14,75,295,UTEP,25,1,,,62,70,86,52,73,58,92,60,17,6,6,6,10,6,22,11,13,10,12,7,5,72,73,70,69,71,68,10,10,29,10,33,25,10,10,10,MIA,OL,00-0039485,ACT,Andrew Meyer,exact_name
4621,Austin Keys,Austin,Keys,2002-04-03,74,247,Ole Miss,23,0,,,62,85,71,70,86,62,83,72,21,6,6,6,12,6,35,45,46,20,22,19,16,45,45,45,45,45,45,56,57,62,58,80,80,56,62,44,ARI,LB,00-0040501,ACT,Austin Keys,exact_name
22834,Ben Sims,Ben,Sims,2000-05-16,77,250,Baylor,25,2,,,62,85,69,69,88,57,92,71,27,15,10,7,12,7,77,75,79,57,65,62,54,53,52,51,55,53,57,10,10,25,22,34,28,12,14,10,MIA,TE,00-0038809,ACT,Ben Sims,exact_name
22838,Blake Whiteheart,Blake,Whiteheart,2000-03-22,76,247,Wake Forest,25,2,,,62,82,72,82,88,61,91,77,33,30,24,21,15,15,75,72,76,64,61,56,51,58,49,55,60,52,55,20,15,32,26,43,42,10,12,17,CLE,TE,00-0038710,ACT,Blake Whiteheart,exact_name
23298,Brandon Pili,Brandon,Pili,1999-04-02,75,316,USC,26,2,,,62,61,82,60,72,68,80,49,18,7,6,5,5,5,22,13,12,12,10,8,5,40,40,40,45,45,45,62,55,73,67,68,71,12,14,11,SEA,DL,00-0038694,ACT,Brandon Pili,exact_name
13448,Brett Toth,Brett,Toth,1996-09-01,78,304,Army,29,6,,,62,68,81,68,69,68,84,53,30,6,6,6,16,6,33,15,15,15,15,15,15,64,63,65,70,68,71,10,10,20,15,24,32,12,15,10,SF,OL,00-0035743,ACT,Brett Toth,exact_name
22675,C.J. Brewer,C.J.,Brewer,1997-11-22,74,290,Coastal Carolina,27,3,,,62,73,80,55,81,57,92,51,26,9,7,6,7,7,49,42,44,25,31,28,15,40,35,35,45,40,40,68,56,71,62,75,73,23,24,10,nan,NAN,,,,unmatched
4721,C.J. Ravenell,C.J.,Ravenell,2000-07-07,77,300,Missouri W State,25,1,,,62,70,82,60,75,59,88,53,20,6,6,6,10,6,36,20,22,15,15,7,5,45,45,45,45,45,45,68,62,73,57,69,78,17,23,15,TEN,DL,00-0039332,ACT,C.J. Ravenell,exact_name
4746,Carl Jones,Carl,Jones,2001-08-08,72,223,UCLA,24,0,,,62,89,70,79,88,60,88,71,23,6,6,6,12,6,55,43,42,23,26,23,20,45,45,45,45,45,45,52,53,64,58,79,80,54,60,42,BAL,LB,00-0039460,ACT,Carl Jones,exact_name
23286,Chris Stoll,Chris,Stoll,1998-08-03,74,255,Penn State,27,2,,,62,75,65,61,74,49,91,53,33,16,9,6,10,6,46,44,42,32,40,38,34,52,50,53,54,49,55,10,10,43,32,39,48,15,14,14,SEA,LS,00-0038769,ACT,Chris Stoll,exact_name
13643,Christian Kuntz,Christian,Kuntz,1994-04-13,73,228,Duquesne,31,5,,,62,79,76,78,85,50,90,75,25,15,6,6,10,6,61,46,42,16,29,24,22,45,45,45,45,45,45,58,53,62,51,76,76,39,49,45,PIT,LS,00-0034051,ACT,Christian Kuntz,exact_name
15254,Cody Lindenberg,Cody,Lindenberg,2002-01-15,74,236,Minnesota,23,0,,,62,82,71,79,81,64,82,77,26,23,20,17,17,14,57,48,51,24,27,24,21,45,45,45,45,45,45,48,50,64,63,79,77,54,62,46,LV,LB,00-0040228,ACT,Cody Lindenberg,exact_name
4673,Danny Striggow,Danny,Striggow,2002-07-24,76,253,Minnesota,23,0,,,62,78,75,81,80,56,87,74,22,6,6,6,10,6,35,19,23,15,15,7,5,45,45,45,45,45,45,68,67,67,55,78,75,34,47,33,JAX,DL,00-0040342,ACT,Danny Striggow,exact_name
1378,David Martin-Robinson,David,Martin-Robinson,1999-12-26,75,247,Temple,25,1,,,62,85,70,81,87,52,87,81,20,25,20,14,10,20,78,74,75,64,60,54,52,60,56,60,61,56,61,10,10,39,18,37,39,14,21,17,TEN,TE,00-0039648,ACT,David Martin-Robinson,exact_name
22152,DeAngelo Malone,DeAngelo,Malone,1999-07-12,76,240,W. Kentucky,26,3,,,62,87,72,82,90,67,92,74,21,6,6,6,10,6,37,29,31,12,15,8,6,45,45,45,45,45,45,63,71,68,63,78,75,40,50,44,ATL,LB,00-0037808,ACT,DeAngelo Malone,exact_name
21403,Demetrius Flannigan-Fowles,Demetrius,Flannigan-Fowles,1996-09-04,74,223,Arizona,28,6,,,62,86,65,76,85,66,91,75,27,6,6,6,12,6,67,57,66,24,37,27,22,30,35,35,30,35,35,43,58,61,63,79,74,58,65,60,BUF,LB,00-0035020,ACT,Demetrius Flannigan-Fowles,exact_name
1166,Devin Culp,Devin,Culp,2000-02-02,76,237,Washington,25,1,,,62,90,68,74,92,68,90,77,30,15,10,6,10,6,76,73,72,64,58,51,47,50,49,51,51,50,53,17,17,29,22,28,33,14,21,17,TB,TE,00-0039754,ACT,Devin Culp,exact_name
4612,Donovan McMillon,Donovan,McMillon,2002-06-18,74,203,Pittsburgh,23,0,,,62,90,65,84,86,58,88,87,24,6,6,6,12,6,69,56,57,22,24,14,12,35,35,35,35,35,35,35,32,51,55,74,65,61,64,57,CLE,DB,00-0040263,ACT,Donovan McMillon,exact_name
4620,Dorian Mausi Jr,Dorian,Mausi Jr,2002-03-05,73,234,Auburn,23,0,,,62,83,68,77,83,61,86,76,21,6,6,6,12,6,53,44,52,18,24,19,14,45,45,45,45,45,45,48,51,63,58,79,78,54,60,45,TEN,LB,00-0040503,ACT,Dorian Mausi,exact_name
4709,Drew Moss,Drew,Moss,2003-05-21,75,303,Colorado St.,22,0,,,62,72,84,63,80,57,89,61,12,6,6,6,10,6,21,14,14,15,13,5,5,68,66,69,69,67,70,10,10,28,15,29,24,11,12,10,TEN,OL,00-0040557,ACT,Drew Moss,exact_name
4720,Elijah Williams,Elijah,Williams,2002-09-09,75,270,Morgan St.,22,0,,,62,65,84,71,72,58,86,59,20,6,6,6,10,6,37,15,20,15,15,7,5,45,45,45,45,45,45,67,59,71,56,69,77,18,22,15,MIN,DL,00-0040624,ACT,Elijah Williams,exact_name
4717,Eric Rogers,Eric,Rogers,2002-04-02,74,189,Rutgers,23,0,,,62,86,59,84,90,58,81,81,25,6,6,6,10,6,63,59,62,25,26,16,14,30,30,30,35,35,35,27,31,43,56,70,55,66,68,68,LAC,DB,00-0040468,ACT,Eric Rogers,exact_name
14737,Ethan Driskell,Ethan,Driskell,2000-06-29,80,313,Marshall,25,1,,,62,64,87,69,58,56,83,52,15,20,15,10,19,15,28,25,24,17,15,10,5,67,68,63,71,72,67,10,10,37,22,31,34,11,10,12,KC,OL,00-0039317,ACT,Ethan Driskell,exact_name
21683,Garret Wallow,Garret,Wallow,1999-01-25,74,230,TCU,26,4,,,62,83,69,80,85,68,91,65,24,6,6,6,10,6,47,36,39,25,20,10,6,42,43,42,44,45,45,52,56,63,67,76,78,60,58,48,SF,LB,00-0036844,ACT,Garret Wallow,exact_name
22669,J.J. Russell,J.J.,Russell,1998-10-12,73,225,Memphis,26,3,,,62,82,73,75,87,60,91,69,24,9,8,6,7,7,58,55,55,32,35,30,26,47,40,43,49,41,44,54,48,63,63,77,79,54,63,46,nan,NAN,,,,unmatched
13846,J.T. Gray,J.T.,Gray,1996-01-18,72,202,Mississippi St.,29,7,,,62,90,65,81,90,57,91,79,31,6,6,6,10,6,62,51,62,26,30,20,15,35,35,35,35,35,35,40,46,54,54,80,72,56,63,61,PHI,DB,00-0034116,ACT,J.T. Gray,exact_name
22521,Jack Cochrane,Jack,Cochrane,1999-02-09,75,236,South Dakota,26,3,,,62,84,70,75,90,51,90,76,35,29,26,24,21,22,62,54,50,45,47,44,39,50,45,49,45,45,45,45,51,62,55,82,78,49,62,36,KC,LB,00-0037208,ACT,Jack Cochrane,exact_name
22636,Jacob Hummel,Jacob,Hummel,1999-01-04,73,235,Iowa State,26,3,,,62,87,67,85,88,64,92,76,22,6,6,6,15,6,65,55,58,21,31,24,14,45,45,45,45,45,45,45,43,60,65,80,76,53,59,46,HOU,LB,00-0037633,ACT,Jacob Hummel,exact_name
15112,Jalin Conyers,Jalin,Conyers,2001-07-26,76,260,Texas Tech,24,0,,,62,81,74,85,85,56,88,74,23,15,10,6,10,6,75,73,74,71,65,61,56,58,55,55,59,51,52,16,15,35,27,35,37,15,19,15,nan,NAN,,,,unmatched
20381,Jarrett Stidham,Jarrett,Stidham,1996-08-08,75,215,Auburn,29,6,,,62,78,62,72,77,66,85,74,86,81,75,73,73,73,53,48,49,34,37,32,31,19,14,19,19,15,15,10,10,20,16,26,20,11,19,10,DEN,QB,00-0035264,ACT,Jarrett Stidham,exact_name
15135,Joe Huber,Joe,Huber,2002-05-02,77,310,Wisconsin,23,0,,,62,66,86,61,70,55,83,55,14,6,6,6,12,6,22,15,14,12,14,5,5,69,70,68,68,68,67,17,10,25,13,24,27,11,12,10,MIN,OL,00-0040500,ACT,Joe Huber,exact_name
4710,Josh Fryar,Josh,Fryar,2002-02-12,77,320,Ohio State,23,0,,,62,70,86,61,78,58,86,56,12,6,6,6,10,6,21,15,16,12,13,5,5,70,70,68,68,69,67,14,10,25,12,23,26,12,11,10,ARI,OL,00-0040382,ACT,Josh Fryar,exact_name
23125,Jovaughn Gwyn,Jovaughn,Gwyn,1999-03-18,74,301,South Carolina,26,2,,,62,68,89,57,77,71,92,54,19,7,6,5,10,6,26,12,14,11,12,8,5,70,67,73,62,59,65,32,33,30,38,26,40,12,11,10,BAL,OL,00-0038629,ACT,Jovaughn Gwyn,exact_name
15259,Karene Reid,Karene,Reid,2000-02-19,72,226,Utah,25,0,,,62,83,70,78,89,61,86,73,21,6,6,6,12,6,51,42,45,21,22,20,18,45,45,45,45,45,45,49,52,62,58,80,78,56,62,49,DEN,LB,00-0040449,ACT,Karene Reid,exact_name
22637,Keir Thomas,Keir,Thomas,1998-01-25,74,275,Florida State,27,3,,,62,77,75,69,85,52,90,67,25,6,6,7,7,7,44,31,34,14,15,5,5,40,40,40,45,45,45,72,52,66,51,81,74,16,24,27,LA,LB,00-0037057,ACT,Keir Thomas,exact_name
14802,Kurtis Rourke,Kurtis,Rourke,2000-10-25,76,220,Indiana,24,0,,,62,76,67,75,78,67,82,72,90,80,73,73,71,75,49,17,18,27,18,18,17,24,35,34,23,33,33,28,30,30,48,24,35,20,44,17,SF,QB,00-0040589,ACT,Kurtis Rourke,exact_name
21851,Landon Young,Landon,Young,1997-08-21,79,321,Kentucky,28,4,,,62,66,90,60,77,68,84,43,35,12,6,6,10,6,28,26,23,21,22,13,7,66,68,64,68,66,70,22,17,36,21,33,32,12,12,10,NYJ,OL,00-0036930,ACT,Landon Young,exact_name
1272,Maema Njongmeta,Maema,Njongmeta,2001-03-09,72,232,Wisconsin,24,1,,,62,80,66,73,84,64,90,65,23,6,6,6,12,6,53,44,41,20,10,6,5,45,45,45,45,45,45,48,44,65,67,78,79,52,63,49,CAR,LB,00-0039637,ACT,Maema Njongmeta,exact_name
1161,Matt Lee,Matt,Lee,2001-06-06,76,310,Miami,24,1,,,62,71,82,53,74,70,91,55,30,12,11,7,5,8,35,25,15,13,15,8,5,73,68,68,68,64,72,25,15,39,24,35,31,13,12,11,nan,NAN,,,,unmatched
1149,Nick Samac,Nick,Samac,2001-08-21,76,307,Michigan St.,24,1,,,62,65,84,64,72,70,87,54,24,21,14,15,15,10,24,22,27,11,10,5,5,66,67,68,70,69,71,41,31,34,46,33,42,14,18,10,CAR,OL,00-0039237,ACT,Nick Samac,exact_name
15340,Sebastian Castro,Sebastian,Castro,2000-10-14,71,203,Iowa,24,0,,,62,86,59,80,90,60,88,81,34,25,22,19,26,19,64,55,59,27,27,18,19,35,35,35,35,35,35,31,34,48,58,71,63,64,68,63,PIT,DB,00-0040527,ACT,Sebastian Castro,exact_name
23016,Shaka Heyward,Shaka,Heyward,2000-04-19,75,238,Duke,25,2,,,62,88,74,73,89,57,88,73,22,10,6,5,10,6,51,50,51,12,22,12,6,45,45,45,45,45,45,55,42,65,53,77,77,54,60,43,CIN,LB,00-0038890,ACT,Shaka Heyward,exact_name
21505,Tarron Jackson,Tarron,Jackson,1998-06-22,74,254,Coastal Carolina,27,4,,,62,81,77,71,79,61,90,67,25,6,6,6,15,6,41,30,32,18,23,17,13,45,45,45,45,45,45,61,65,69,62,76,75,24,38,22,nan,NAN,,,,unmatched
22605,Tre Avery,Tre,Avery,1997-02-26,71,181,Rutgers,28,3,,,62,91,60,91,92,54,87,94,24,6,6,6,10,6,68,56,64,25,35,30,25,35,35,35,35,35,35,25,31,35,53,65,44,59,67,54,CLE,DB,00-0037593,ACT,Tre Avery,exact_name
4695,Trey Washington,Trey,Washington,2002-12-09,70,205,Ole Miss,22,0,,,62,89,67,77,92,60,86,72,25,6,6,6,13,6,64,57,55,14,23,13,10,35,35,35,35,35,35,35,33,45,58,71,64,63,66,60,IND,DB,00-0040357,ACT,Trey Washington,exact_name
22509,Tristin McCollum,Tristin,McCollum,1999-05-03,75,195,Sam Houston,26,3,,,62,90,57,92,93,51,89,90,26,15,10,8,13,15,65,57,63,25,28,24,19,29,29,29,33,33,33,29,35,47,50,73,60,65,67,62,LV,DB,00-0037461,ACT,Tristin McCollum,exact_name
4665,Benjamin Yurosek,Benjamin,Yurosek,2002-03-17,76,245,Georgia,23,0,,,61,84,72,78,91,55,85,74,25,15,10,6,10,6,76,72,74,66,64,58,54,57,58,56,56,52,54,12,12,31,20,35,37,14,16,15,nan,NAN,,,,unmatched
23360,Brady Russell,Brady,Russell,1998-08-31,75,247,Colorado,27,2,,,61,80,71,75,83,62,88,73,24,19,10,7,12,15,75,76,74,64,57,59,55,55,51,49,58,53,56,41,29,44,40,45,41,13,16,15,SEA,RB,00-0038488,ACT,Brady Russell,exact_name
15157,Brandon Crenshaw-Dickson,Brandon,Crenshaw-Dickson,2001-02-22,79,316,Florida,24,0,,,61,61,86,60,63,59,88,54,12,8,6,6,14,6,19,16,18,12,17,5,5,69,68,70,67,67,69,13,10,24,14,23,25,11,15,10,TEN,OL,00-0040512,ACT,Brandon Crenshaw-Dickson,exact_name
1442,Cam Grandy,Cam,Grandy,2000-11-19,77,253,Illinois St.,24,1,,,61,76,77,72,84,53,88,67,23,13,10,6,6,5,78,77,77,65,59,53,47,60,60,55,60,57,59,14,16,29,32,32,38,18,25,25,CIN,TE,00-0039631,ACT,Cam Grandy,exact_name
1381,Colson Yankoff,Colson,Yankoff,2000-03-01,76,225,UCLA,25,1,,,61,85,71,83,88,69,88,79,59,53,45,42,51,55,73,72,70,62,58,53,50,54,53,55,56,52,56,16,21,40,17,34,41,12,21,18,WAS,TE,00-0039686,ACT,Colson Yankoff,exact_name
12735,Dan Skipper,Dan,Skipper,1994-09-20,81,330,Arkansas,30,8,,,61,70,82,56,63,73,89,47,22,6,6,6,11,6,42,29,34,21,33,24,18,64,67,63,68,66,71,24,18,35,18,33,36,11,15,10,nan,NAN,,,,unmatched
4756,Ja'Markis Weston,Ja'Markis,Weston,2000-08-10,75,235,Florida,25,0,,,61,84,72,74,83,61,86,74,21,6,6,6,10,6,65,49,57,25,33,30,27,45,45,45,45,45,45,49,50,60,59,79,79,57,64,63,SEA,LB,00-0040408,ACT,Ja'Markis Weston,exact_name
15261,Jay Higgins IV,Jay,Higgins IV,2002-02-14,72,224,Iowa,23,0,,,61,78,68,83,84,62,88,76,23,6,6,6,12,6,53,41,51,26,28,25,22,45,45,45,45,45,45,53,51,63,60,78,79,53,61,42,BAL,LB,00-0040100,ACT,Jay Higgins,exact_name
23326,Kahlef Hailassie,Kahlef,Hailassie,2000-11-09,73,195,W. Kentucky,24,2,,,61,88,53,92,90,56,91,88,25,15,10,10,11,15,70,61,63,27,28,21,14,30,30,30,35,35,35,35,43,47,55,72,55,62,67,73,MIN,DB,00-0038523,ACT,Kahlef Hailassie,exact_name
22467,Luke Tenuta,Luke,Tenuta,1999-09-01,80,314,Virginia Tech,26,3,,,61,59,81,60,64,70,89,55,23,6,6,6,8,6,34,15,15,15,20,5,5,68,65,72,65,64,66,54,43,57,42,51,49,10,12,10,IND,OL,00-0037305,ACT,Luke Tenuta,exact_name
20842,Matt Orzech,Matt,Orzech,1995-04-12,75,245,Azusa Pacific,30,6,,,61,78,73,76,77,59,88,71,26,10,10,10,10,10,56,44,45,41,35,30,25,50,50,40,43,40,35,10,10,40,37,45,44,15,25,25,nan,NAN,,,,unmatched
22913,Michael Jurgens,Michael,Jurgens,2000-01-01,77,307,Wake Forest,25,1,,,61,58,80,67,70,69,90,54,23,6,6,6,8,5,26,15,15,15,13,11,7,69,67,67,69,69,72,10,10,20,17,26,30,12,15,10,MIN,OL,00-0039419,ACT,Michael Jurgens,exact_name
23348,Nate Adkins,Nate,Adkins,1999-07-09,75,252,South Carolina,26,2,,,61,77,74,75,79,52,89,71,28,25,20,14,10,13,79,76,78,59,61,55,49,62,61,59,60,61,60,24,21,36,28,39,38,20,26,17,DEN,TE,00-0038783,ACT,Nate Adkins,exact_name
13834,Nick Mullens,Nick,Mullens,1995-03-21,72,210,Southern Miss,30,8,,,61,74,57,71,79,60,85,71,84,82,76,76,75,79,34,25,32,24,21,16,10,16,25,15,28,20,20,10,26,29,15,19,26,15,20,10,JAX,QB,00-0033319,ACT,Nick Mullens,exact_name
21044,Patrick Taylor Jr,Patrick,Taylor Jr,1998-04-29,74,217,Memphis,27,5,,,61,87,67,77,89,68,85,76,26,24,21,16,17,23,67,54,54,48,59,51,43,43,37,38,39,39,40,24,21,35,29,36,37,14,15,15,SF,RB,00-0035973,ACT,Patrick Taylor,exact_name
23368,Tommy DeVito,Tommy,DeVito,1998-08-07,74,210,Illinois,27,2,,,61,84,62,82,87,63,91,80,83,79,74,71,73,75,32,13,15,10,15,14,11,10,10,10,12,12,12,10,10,14,20,26,21,10,10,9,NE,QB,00-0038476,ACT,Tommy DeVito,exact_name
15151,Torricelli Simpkins III,Torricelli,Simpkins III,2002-06-06,77,312,South Carolina,23,0,,,61,57,78,41,66,61,88,51,13,6,6,6,14,6,24,16,15,14,11,5,5,68,69,67,70,70,68,17,10,26,13,23,26,12,13,10,NO,OL,00-0040541,ACT,Torricelli Simpkins III,exact_name
22845,Travis Vokolek,Travis,Vokolek,1998-06-04,78,260,Nebraska,27,2,,,61,77,76,76,79,63,86,72,23,13,10,6,6,5,74,76,70,66,59,54,47,59,60,54,63,62,58,44,36,49,45,52,48,28,35,35,nan,NAN,,,,unmatched
15148,Xavier Truss,Xavier,Truss,2001-07-13,79,309,Georgia,24,0,,,61,64,88,57,68,57,86,47,14,6,6,6,12,6,23,13,13,11,11,5,5,68,68,65,69,69,66,16,10,27,15,22,27,11,12,10,NO,OL,00-0040451,ACT,Xavier Truss,exact_name
22720,Adrian Martinez,Adrian,Martinez,2000-01-07,74,220,Kansas State,25,0,,,60,85,65,81,87,54,87,82,86,77,75,73,73,73,24,12,12,11,13,10,9,12,12,15,18,10,12,7,7,15,12,19,16,11,13,7,SF,QB,00-0038658,ACT,Adrian Martinez,exact_name
4713,Benjamin Chukwuma,Benjamin,Chukwuma,2001-05-08,78,310,Georgia State,24,0,,,60,61,82,52,66,57,88,46,12,6,6,6,10,6,22,16,13,12,16,5,5,69,69,66,68,68,67,14,10,26,15,25,24,10,12,10,TB,OL,00-0040417,ACT,Benjamin Chukwuma,exact_name
4708,Corey Bullock,Corey,Bullock,2001-12-09,75,320,Maryland,23,1,,,60,62,85,61,65,58,88,54,12,6,6,6,15,6,25,13,11,12,10,9,5,67,68,66,70,71,67,15,12,23,12,27,26,12,13,10,BAL,OL,00-0039242,ACT,Corey Bullock,exact_name
1374,Evan Deckers,Evan,Deckers,1999-02-23,75,252,Duke,26,2,,,60,67,62,56,62,55,93,63,35,6,6,6,10,6,67,62,60,33,43,38,24,50,55,45,44,39,34,10,10,41,34,24,39,14,23,32,TB,LS,00-0038817,ACT,Evan Deckers,exact_name
14803,Graham Mertz,Graham,Mertz,2000-12-06,75,212,Florida,24,0,,,60,77,60,78,75,52,84,77,86,84,79,72,80,81,27,23,24,25,22,16,18,28,27,31,22,27,30,15,24,18,35,18,21,17,21,18,HOU,QB,00-0040211,ACT,Graham Mertz,exact_name
2605,Joe Cardona,Joe,Cardona,1992-04-16,75,245,Navy,33,10,,,60,75,80,69,73,48,94,61,35,10,10,10,10,10,56,44,45,42,35,30,25,57,50,40,45,40,35,10,10,40,24,35,44,15,25,25,LA,LS,00-0032228,ACT,Joe Cardona,exact_name
4628,Johnny Walker Jr,Johnny,Walker Jr,2001-12-12,75,250,Missouri,23,0,,,60,78,73,61,78,62,86,65,22,6,6,6,12,6,52,43,46,26,28,25,22,45,45,45,45,45,45,49,52,64,59,78,78,54,60,45,DEN,DL,00-0040452,ACT,Johnny Walker Jr.,exact_name
24426,Kyle Hinton,Kyle,Hinton,1998-02-27,74,295,Washburn,27,5,,,60,75,87,60,76,63,89,55,30,6,6,6,13,6,39,10,12,12,21,13,5,63,61,65,62,61,64,33,22,30,30,29,37,12,15,10,ATL,OL,00-0036354,ACT,Kyle Hinton,exact_name
13691,Kyle Allen,Kyle,Allen,1996-03-08,75,210,Houston,29,7,,,60,81,53,74,77,62,89,76,84,82,75,76,74,74,24,18,20,19,18,17,15,17,14,18,16,10,10,9,9,21,21,28,28,12,18,9,BUF,QB,00-0034577,ACT,Kyle Allen,exact_name
14792,Max Brosmer,Max,Brosmer,2001-03-28,74,218,Minnesota,24,0,,,60,79,70,77,80,54,87,75,87,77,78,72,73,76,31,18,16,25,18,15,16,39,27,27,20,22,20,34,33,36,33,42,32,18,14,15,MIN,QB,00-0040494,ACT,Max Brosmer,exact_name
4729,Nick Kallerup,Nick,Kallerup,2001-03-27,77,266,Minnesota,24,0,,,60,81,72,65,83,62,92,64,30,25,20,11,10,16,73,76,76,58,57,50,45,58,57,55,66,64,66,17,17,26,20,30,31,14,18,15,SEA,TE,00-0040058,ACT,Nick Kallerup,exact_name
13723,Trent Scott,Trent,Scott,1994-01-25,77,320,Grambling St.,31,7,,,60,68,80,53,58,65,90,44,22,6,6,6,11,6,27,15,15,16,14,5,5,65,66,65,67,70,62,26,20,28,19,29,28,11,14,10,WAS,OL,00-0034571,ACT,Trent Scott,exact_name
4740,Zaire Mitchell-Paden,Zaire,Mitchell-Paden,1999-08-20,77,257,FAU,26,0,,,60,76,75,75,81,60,87,69,24,15,10,6,10,6,74,72,74,62,62,57,50,56,58,55,61,57,59,11,12,33,23,34,37,17,19,15,NO,TE,00-0037340,ACT,Zaire Mitchell-Paden,exact_name
21905,Amen Ogbongbemiga,Amen,Ogbongbemiga,1998-09-04,73,226,Oklahoma St.,26,4,,,59,83,68,73,86,58,89,73,17,6,6,6,13,6,46,36,44,25,15,8,5,45,45,45,45,45,45,57,53,62,63,80,73,41,46,43,nan,NAN,,,,unmatched
4666,Carter Runyon,Carter,Runyon,2001-07-23,77,243,Towson,24,0,,,59,85,74,77,81,60,86,77,24,15,10,6,10,6,75,70,71,60,60,54,49,58,59,56,59,53,53,14,15,38,26,36,35,12,18,14,LV,TE,00-0040488,ACT,Carter Runyon,exact_name
21932,Cole Van Lanen,Cole,Van Lanen,1998-04-23,76,312,Wisconsin,27,4,,,59,68,79,72,79,67,90,59,30,6,6,6,12,6,22,15,15,14,15,5,5,61,63,59,64,67,62,25,15,35,21,29,26,13,15,10,JAX,OL,00-0036655,ACT,Cole Van Lanen,exact_name
21907,Curtis Robinson,Curtis,Robinson,1998-06-02,75,235,Stanford,27,4,,,59,85,74,83,85,57,88,77,24,6,6,6,10,6,51,47,49,12,15,5,5,45,45,45,45,45,45,43,44,59,55,74,76,45,58,52,DAL,LB,00-0036728,ACT,Curtis Robinson,exact_name
15187,Jared Ivey,Jared,Ivey,2001-12-05,78,274,Ole Miss,23,0,,,59,67,74,66,66,60,87,58,20,6,6,6,10,6,35,20,21,15,15,7,5,45,45,45,45,45,45,64,71,72,58,79,76,36,46,32,SEA,LB,00-0040056,ACT,Jared Ivey,exact_name
28334,Josh Johnson,Josh,Johnson,1986-05-15,75,198,San Diego,39,16,,,59,80,53,81,81,61,91,74,84,78,67,67,75,66,54,41,34,43,32,25,19,15,25,15,15,30,20,10,10,24,15,20,30,15,20,10,CIN,QB,00-0026300,ACT,Josh Johnson,exact_name
23349,Kion Smith,Kion,Smith,1998-10-07,77,306,Fayetteville State,26,3,,,59,61,75,60,67,62,92,55,17,7,7,5,7,6,23,17,19,11,15,12,10,63,60,66,67,63,70,33,23,35,21,29,32,10,10,10,MIA,OL,00-0036839,ACT,Kion Smith,exact_name
23379,Tucker Fisk,Tucker,Fisk,1999-01-19,76,285,Stanford,26,3,,,59,65,79,73,69,57,90,61,24,15,9,7,7,7,68,70,66,63,56,50,41,60,64,56,67,63,60,57,49,59,49,65,58,12,15,15,nan,NAN,,,,unmatched
22900,Tyson Bagent,Tyson,Bagent,2000-06-08,75,212,Shepherd Univ.,25,2,,,59,79,59,85,86,60,90,77,86,79,72,68,74,76,25,10,14,12,10,10,10,19,14,19,19,15,15,10,10,20,15,26,20,11,14,10,CHI,QB,00-0038416,ACT,Tyson Bagent,exact_name
4707,Will Putnam,Will,Putnam,2000-08-13,76,301,Clemson,25,1,,,59,62,86,56,69,58,87,58,14,6,6,6,10,6,24,19,15,15,13,5,5,68,68,67,69,69,68,10,10,26,19,26,12,10,10,10,LV,OL,00-0039544,ACT,Will Putnam,exact_name
13711,Ezekiel Turner,Ezekiel,Turner,1996-06-09,74,214,Washington,29,7,,,58,86,63,82,88,58,86,72,25,6,6,6,13,6,61,48,60,19,29,26,21,35,35,35,35,35,35,31,38,51,55,73,70,59,65,62,nan,NAN,,,,unmatched
14618,Kedon Slovis,Kedon,Slovis,2001-04-11,75,223,BYU,24,0,,,58,81,66,78,85,52,85,78,86,78,76,72,72,77,31,19,15,21,19,18,17,21,22,24,19,19,23,26,28,26,27,29,20,13,15,18,ARI,QB,00-0039577,ACT,Kedon Slovis,exact_name
22174,PJ Mustipher,PJ,Mustipher,1998-11-10,76,320,Penn State,26,2,,,58,59,79,52,67,61,91,46,20,9,7,6,7,7,25,13,14,9,10,6,5,40,40,40,45,44,45,64,50,79,35,65,80,10,10,11,ARI,DL,00-0038795,ACT,PJ Mustipher,exact_name
21311,Rex Sunahara,Rex,Sunahara,1996-10-09,78,250,West Virginia,28,1,,,58,69,62,67,77,50,88,59,38,12,12,12,15,12,55,46,42,26,40,34,29,60,58,53,53,39,35,34,25,25,28,62,38,15,25,21,CLE,LS,00-0036443,ACT,Rex Sunahara,exact_name
22429,Xavier Newman,Xavier,Newman,1999-08-04,74,297,Baylor,26,3,,,58,67,81,43,76,60,89,44,15,10,6,6,10,6,20,14,13,11,10,8,5,62,60,64,67,63,71,18,13,26,15,22,31,10,10,10,nan,NAN,,,,unmatched
4644,Zeke Correll,Zeke,Correll,2000-11-10,75,307,N.C. State,24,0,,,58,55,82,45,72,59,87,59,13,6,6,6,14,6,23,16,16,15,15,5,5,71,68,70,68,67,69,14,10,26,15,27,26,12,12,10,nan,NAN,,,,unmatched
22177,Cory Durden,Cory,Durden,1999-01-26,76,292,N.C. State,26,2,,,57,65,77,66,63,60,89,54,19,6,6,6,14,6,40,31,31,13,16,8,4,35,35,35,45,45,45,67,70,65,59,70,76,26,29,23,NE,DL,00-0038653,ACT,Cory Durden,exact_name
21973,Scott Daly,Scott,Daly,1994-02-07,74,245,Notre Dame,31,5,,,57,71,72,64,71,51,91,62,35,10,6,6,9,6,49,51,47,21,39,31,25,54,53,55,46,44,46,10,10,38,38,51,51,15,19,11,TB,LS,00-0034067,ACT,Scott Daly,exact_name
22449,Tanner Conner,Tanner,Conner,1998-03-20,75,232,Idaho State,27,3,,,57,86,67,79,89,63,87,75,26,15,10,6,10,6,75,73,77,53,55,52,50,48,32,34,49,35,39,11,11,29,18,44,36,17,19,17,NYG,TE,00-0037348,ACT,Tanner Conner,exact_name
21848,Foster Sarell,Foster,Sarell,1998-08-28,78,322,Stanford,27,4,,,56,54,86,54,60,65,91,48,22,6,6,6,14,6,23,14,21,13,16,12,10,59,57,61,64,67,62,10,10,25,15,28,35,10,10,10,WAS,OL,00-0036584,ACT,Foster Sarell,exact_name
20428,Tyree Jackson,Tyree,Jackson,1997-11-07,79,249,Buffalo,27,5,,,56,82,74,81,87,56,83,75,93,71,66,70,69,71,73,70,72,58,56,51,46,54,52,54,52,49,52,10,10,22,14,31,40,12,18,12,nan,NAN,,,,unmatched
17606,Brandon Allen,Brandon,Allen,1992-09-05,74,209,Arkansas,32,9,,,54,75,56,76,70,61,85,74,82,78,69,70,72,75,26,20,20,19,18,17,15,17,14,18,16,10,10,9,9,21,21,28,24,12,18,9,NYG,QB,00-0032434,ACT,Brandon Allen,exact_name
21622,Feleipe Franks,Feleipe,Franks,1997-12-22,78,234,Arkansas,27,4,,,54,84,65,78,84,62,87,78,90,78,71,74,70,79,76,71,67,52,53,48,45,49,47,49,50,46,51,9,9,22,15,28,26,12,18,10,CAR,TE,00-0036825,ACT,Feleipe Franks,exact_name
20791,Matt Nelson,Matt,Nelson,1995-12-19,79,299,Iowa,29,6,,,54,67,75,64,63,68,89,57,16,6,6,6,13,6,43,28,34,31,27,24,20,60,61,58,63,64,60,58,55,59,58,63,68,12,12,10,nan,NAN,,,,unmatched
21841,Ryan McCollum,Ryan,McCollum,1998-03-04,77,300,Texas AM,27,4,,,53,62,80,60,60,60,86,53,12,6,6,6,13,6,30,15,15,15,15,5,5,62,60,64,65,63,67,10,10,25,11,30,37,11,11,10,PIT,OL,00-0036783,ACT,Ryan McCollum,exact_name
