fighter,division,sample,minutes,data_completeness,sig_landed_per_min,sig_attempted_per_min,sig_absorbed_per_min,sig_diff_per_min,sig_accuracy,sig_defense,kd_per15,kd_absorbed_per15,td_per15,td_accuracy,td_defense,sub_attempts_per15,control_share,finish_loss_rate,ground_strike_share,clinch_strike_share,distance_strike_share,sig_diff_per_min_pct,sig_accuracy_pct,sig_defense_pct,kd_per15_pct,td_per15_pct,td_accuracy_pct,td_defense_pct,sub_attempts_per15_pct,control_share_pct,kd_absorbed_per15_pct,finish_loss_rate_pct,sig_attempted_per_min_pct,striking_score,wrestling_score,grappling_score,durability_score,pace_score
Merab Dvalishvili,Men’s Bantamweight,8,169.7,1.0,4.543311726576311,10.86034177961108,3.1997642899233942,1.343547436652917,0.4183396635919696,0.49953917050691243,0.0,0.0,4.949911608721273,0.2814070351758794,0.75,0.3535651149086623,0.8566581849024597,0.0,0.10894941634241245,0.15953307392996108,0.7315175097276264,83.6734693877551,26.53061224489796,30.612244897959183,22.448979591836736,95.91836734693877,36.666666666666664,65.59139784946237,61.224489795918366,85.71428571428571,73.46938775510205,73.46938775510205,80.61224489795919,40.81632653061225,70.97267939433837,80.95238095238095,59.18367346938776,80.61224489795919
Sean O'Malley,Men’s Bantamweight,8,117.73333333333333,1.0,4.5101925254813136,7.814269535673839,3.3295583238958097,1.1806342015855038,0.5771739130434783,0.5344418052256532,0.2548131370328426,0.0,0.0,0.0,0.5918367346938775,0.0,0.01643655489809336,0.5,0.030131826741996232,0.01694915254237288,0.9529190207156308,78.57142857142857,94.89795918367348,51.02040816326531,62.244897959183675,9.693877551020408,6.111111111111111,38.70967741935484,19.387755102040817,3.061224489795918,73.46938775510205,26.530612244897956,44.89795918367347,71.68367346938776,14.39397264282057,10.714285714285715,50.34013605442177,44.89795918367347
Petr Yan,Men’s Bantamweight,8,170.0,1.0,4.617647058823529,8.023529411764706,4.7,-0.08235294117647118,0.5755131964809385,0.5794736842105264,0.08823529411764705,0.0,1.4117647058823528,0.3902439024390244,0.8503937007874016,0.08823529411764705,0.49695219762592235,0.0,0.048407643312101914,0.11082802547770701,0.8407643312101911,43.87755102040816,93.87755102040816,72.44897959183673,44.89795918367347,54.08163265306123,66.66666666666666,81.72043010752688,38.775510204081634,45.91836734693878,73.46938775510205,73.46938775510205,50.0,63.775510204081634,62.096774193548384,46.25850340136055,73.12925170068029,50.0
Mario Bautista,Men’s Bantamweight,8,103.06666666666666,1.0,5.481888745148771,10.876455368693403,4.298188874514877,1.1836998706338937,0.504014272970562,0.5380604796663191,0.29107373868046577,0.0,2.6196636481241913,0.32727272727272727,0.5365853658536586,1.01875808538163,0.5398843930635838,0.0,0.05486725663716814,0.0920353982300885,0.8530973451327434,79.59183673469387,65.3061224489796,52.04081632653062,70.40816326530613,77.55102040816327,47.77777777777778,28.49462365591398,83.6734693877551,53.06122448979592,73.46938775510205,73.46938775510205,81.63265306122449,66.83673469387756,51.72116158291274,71.42857142857143,66.3265306122449,81.63265306122449
Umar Nurmagomedov,Men’s Bantamweight,8,117.91666666666667,1.0,3.9349823321554767,6.996466431095406,1.9420494699646642,1.9929328621908124,0.5624242424242424,0.6038062283737025,0.127208480565371,0.254416961130742,3.6890459363957593,0.46774193548387094,0.7941176470588236,0.127208480565371,0.9304201680672269,0.0,0.2801724137931034,0.04956896551724138,0.6702586206896551,93.87755102040816,89.79591836734694,83.6734693877551,46.93877551020408,91.83673469387756,78.88888888888889,73.11827956989248,44.89795918367347,93.87755102040816,32.6530612244898,73.46938775510205,31.63265306122449,78.57142857142858,84.43036354326676,76.87074829931973,63.26530612244898,31.63265306122449
Song Yadong,Men’s Bantamweight,8,122.96666666666668,1.0,3.9034968826240166,8.69341284901057,3.8465708864190833,0.05692599620493333,0.4490177736202058,0.5052301255230125,0.3659528327460016,0.0,1.0978584982380046,0.4090909090909091,0.8378378378378378,0.12198427758200052,0.7075208913649025,0.3333333333333333,0.09375,0.04791666666666667,0.8583333333333333,47.95918367346938,44.89795918367347,32.6530612244898,73.46938775510205,46.93877551020408,70.0,79.56989247311827,42.857142857142854,73.46938775510205,73.46938775510205,38.26530612244898,54.08163265306123,49.744897959183675,67.4945139346061,54.42176870748299,48.12925170068027,54.08163265306123
Farid Basharat,Men’s Bantamweight,7,94.25,1.0,3.9363395225464193,7.681697612732095,3.4694960212201593,0.46684350132625996,0.5124309392265194,0.6088516746411483,0.0,0.0,3.660477453580902,0.35384615384615387,0.5454545454545454,0.3183023872679045,0.7692307692307693,0.0,0.09433962264150944,0.07547169811320754,0.8301886792452831,61.224489795918366,71.42857142857143,84.6938775510204,22.448979591836736,90.81632653061224,58.88888888888889,30.107526881720432,59.183673469387756,77.55102040816327,73.46938775510205,73.46938775510205,41.83673469387755,59.94897959183673,64.34094067734621,75.85034013605441,77.2108843537415,41.83673469387755
Raoni Barcelos,Men’s Bantamweight,8,106.73333333333333,1.0,3.532167395377889,6.820737039350406,3.0637101811367895,0.46845721424109943,0.5178571428571429,0.5922693266832918,0.1405371642723298,0.4216114928169894,3.232354778263585,0.2839506172839506,0.8518518518518519,0.8432229856339788,0.7885714285714286,0.5,0.19363395225464192,0.09018567639257294,0.7161803713527851,62.244897959183675,72.44897959183673,78.57142857142857,50.0,86.73469387755102,37.77777777777778,82.79569892473118,78.57142857142857,80.61224489795919,20.40816326530612,26.530612244897956,30.612244897959183,65.81632653061224,71.9801038695048,81.97278911564626,41.836734693877546,30.612244897959183
Bryce Mitchell,Men’s Bantamweight,8,89.5,1.0,2.122905027932961,3.7206703910614527,1.541899441340782,0.581005586592179,0.5705705705705706,0.5818181818181818,0.1675977653631285,0.670391061452514,3.016759776536313,0.3103448275862069,1.0,0.5027932960893855,0.862496555524938,1.0,0.20526315789473684,0.11578947368421053,0.6789473684210526,64.28571428571429,91.83673469387756,75.51020408163265,52.04081632653062,84.6938775510204,43.333333333333336,96.23655913978494,67.3469387755102,87.75510204081633,12.24489795918368,5.612244897959177,7.142857142857142,70.91836734693878,78.00471801623875,79.93197278911565,31.122448979591834,7.142857142857142
Cory Sandhagen,Men’s Bantamweight,8,169.13333333333333,1.0,4.251083957430036,9.678754434371305,3.5593220338983054,0.6917619235317307,0.4392180818570556,0.525236593059937,0.0,0.1773748521876232,1.330311391407174,0.3191489361702128,0.5365853658536586,0.0886874260938116,0.6176066024759285,0.0,0.10570236439499305,0.03337969401947149,0.8609179415855355,67.3469387755102,36.734693877551024,44.89795918367347,22.448979591836736,53.06122448979592,46.666666666666664,28.49462365591398,39.795918367346935,64.28571428571429,37.755102040816325,73.46938775510205,65.3061224489796,42.85714285714286,48.12705727452271,52.38095238095239,52.04081632653061,65.3061224489796
Deiveson Figueiredo,Men’s Bantamweight,8,112.86666666666666,1.0,1.7897223862965153,3.5262847017129357,3.340224453632605,-1.5505020673360896,0.507537688442211,0.473463687150838,0.13290017720023628,0.0,1.860602480803308,0.2916666666666667,0.5625,0.26580035440047256,0.5469343461747151,0.5,0.0594059405940594,0.07920792079207921,0.8613861386138614,19.387755102040817,68.36734693877551,21.428571428571427,47.95918367346938,66.3265306122449,41.11111111111111,33.33333333333333,55.10204081632652,54.08163265306123,73.46938775510205,26.530612244897956,6.122448979591836,39.285714285714285,48.71315192743764,58.50340136054422,40.476190476190474,6.122448979591836
Aiemann Zahabi,Men’s Bantamweight,8,88.18333333333334,1.0,5.2617652617652615,10.33075033075033,4.195804195804196,1.0659610659610657,0.5093304061470911,0.6929460580912863,0.3402003402003402,0.5103005103005103,0.0,0.0,1.0,0.0,0.9633507853403142,1.0,0.0625,0.028017241379310345,0.9094827586206896,76.53061224489795,69.38775510204081,97.95918367346938,71.42857142857143,9.693877551020408,6.111111111111111,96.23655913978494,19.387755102040817,97.95918367346938,15.306122448979599,5.612244897959177,75.51020408163265,78.8265306122449,52.500182868846466,42.3469387755102,39.62585034013605,75.51020408163265
Raul Rosas Jr.,Men’s Bantamweight,7,71.0,1.0,1.3380281690140845,3.2535211267605635,1.3380281690140845,0.0,0.41125541125541126,0.5476190476190477,0.2112676056338028,0.0,6.76056338028169,0.5423728813559322,0.33333333333333337,0.8450704225352113,0.7887369791666666,0.0,0.3157894736842105,0.010526315789473684,0.6736842105263158,46.42857142857143,20.408163265306122,59.183673469387756,58.16326530612245,97.95918367346938,86.66666666666667,11.827956989247312,79.59183673469387,81.63265306122449,73.46938775510205,73.46938775510205,5.1020408163265305,46.04591836734694,69.52161509765196,86.39455782312926,68.70748299319729,5.1020408163265305
Montel Jackson,Men’s Bantamweight,8,80.96666666666667,1.0,2.4207492795389047,4.989707698641416,1.4450391107451626,0.9757101687937422,0.48514851485148514,0.6225806451612903,1.8526142445450802,0.0,1.2968299711815563,0.4117647058823529,0.6904761904761905,0.3705228489090161,0.5538922155688623,0.0,0.1989795918367347,0.10714285714285714,0.6938775510204082,72.44897959183673,61.224489795918366,85.71428571428571,100.0,52.04081632653062,71.11111111111111,58.06451612903226,62.244897959183675,55.10204081632652,73.46938775510205,73.46938775510205,13.26530612244898,79.8469387755102,59.07962109575013,56.46258503401361,77.55102040816327,13.26530612244898
Chris Gutierrez,Men’s Bantamweight,8,109.58333333333333,1.0,4.206844106463879,7.510266159695818,2.7832699619771866,1.4235741444866923,0.560145808019441,0.6386255924170616,0.41064638783269963,0.13688212927756654,0.13688212927756654,0.2,0.5652173913043479,0.0,0.06824591088550479,0.0,0.01735357917570499,0.004338394793926247,0.9783080260303688,84.6938775510204,88.77551020408163,90.81632653061224,76.53061224489795,20.408163265306122,27.22222222222222,34.40860215053764,19.387755102040817,11.224489795918368,42.85714285714286,73.46938775510205,38.775510204081634,85.20408163265306,23.315869358496087,17.006802721088437,69.04761904761905,38.775510204081634
Payton Talbott,Men’s Bantamweight,6,61.63333333333334,1.0,5.8734451054624115,9.96214169821525,3.0016224986479174,2.871822606814494,0.5895765472312704,0.4510385756676558,0.730124391563007,0.0,0.973499188750676,0.5,0.72,0.243374797187669,0.3887310606060606,0.0,0.23480662983425415,0.11878453038674033,0.6464088397790055,97.95918367346938,96.93877551020408,14.285714285714285,89.79591836734694,40.816326530612244,82.22222222222221,60.215053763440864,52.04081632653062,32.6530612244898,73.46938775510205,73.46938775510205,70.40816326530613,74.74489795918367,53.97666593519128,41.83673469387755,53.74149659863946,70.40816326530613
Daniel Marcos,Men’s Bantamweight,7,85.14999999999999,1.0,4.815032295948327,8.70229007633588,3.934233705226072,0.8807985907222546,0.553306342780027,0.5843672456575683,0.35231943628890194,0.0,1.5854374633000587,0.5294117647058824,0.8571428571428572,0.17615971814445097,0.5755176613885505,0.0,0.026829268292682926,0.14146341463414633,0.8317073170731707,71.42857142857143,87.75510204081633,76.53061224489795,72.44897959183673,58.16326530612245,85.0,84.40860215053763,48.97959183673469,56.12244897959183,73.46938775510205,73.46938775510205,55.10204081632652,77.04081632653062,70.92357910906297,54.42176870748299,74.48979591836735,55.10204081632652
Adrian Yanez,Men’s Bantamweight,8,64.76666666666667,1.0,5.898095728255275,13.679876479670613,5.357694287184766,0.5404014410705091,0.43115124153498874,0.5700123915737298,0.9264024704065877,0.6948018528049408,0.0,0.0,0.6666666666666667,0.0,0.23529411764705882,0.6666666666666666,0.07853403141361257,0.020942408376963352,0.900523560209424,63.26530612244898,29.591836734693878,69.38775510204081,94.89795918367348,9.693877551020408,6.111111111111111,53.2258064516129,19.387755102040817,23.46938775510204,10.204081632653063,15.81632653061225,95.91836734693877,64.28571428571429,23.125045717211613,17.517006802721088,31.802721088435373,95.91836734693877
Marcus McGhee,Men’s Bantamweight,6,62.85,1.0,5.441527446300716,12.474144789180588,3.6435958631662686,1.7979315831344476,0.4362244897959184,0.564638783269962,0.7159904534606205,0.0,0.23866348448687352,0.1111111111111111,0.9,0.23866348448687352,0.35450819672131145,0.0,0.03216374269005848,0.029239766081871343,0.9385964912280702,88.77551020408163,33.6734693877551,68.36734693877551,88.77551020408163,23.46938775510204,15.555555555555555,91.39784946236558,51.02040816326531,30.612244897959183,73.46938775510205,73.46938775510205,89.79591836734694,69.89795918367346,40.258759417745594,35.034013605442176,71.76870748299321,89.79591836734694
Henry Cejudo,Men’s Bantamweight,8,120.35,1.0,3.8803489821354384,7.685916078105526,4.977149979227254,-1.0968009970918153,0.5048648648648648,0.4622980251346499,0.24927295388450352,0.12463647694225176,1.2463647694225177,0.2222222222222222,0.675,0.12463647694225176,0.5785674625208218,0.0,0.11991434689507495,0.13704496788008566,0.7430406852248393,25.510204081632654,66.3265306122449,17.346938775510203,61.224489795918366,51.02040816326531,30.0,56.98924731182796,43.87755102040816,57.14285714285714,44.89795918367348,73.46938775510205,42.857142857142854,42.60204081632653,48.7881281544876,50.68027210884353,45.23809523809524,42.857142857142854
Ricky Simon,Men’s Bantamweight,8,108.6,1.0,3.0202578268876614,7.329650092081032,4.917127071823205,-1.8968692449355435,0.4120603015075377,0.5795275590551181,0.27624309392265195,0.41436464088397795,1.9337016574585637,0.2153846153846154,0.8666666666666667,0.13812154696132597,0.9386331938633193,0.25,0.057926829268292686,0.051829268292682924,0.8902439024390244,14.285714285714285,22.448979591836736,73.46938775510205,68.36734693877551,68.36734693877551,28.888888888888886,86.02150537634408,45.91836734693878,94.89795918367348,21.428571428571434,44.38775510204082,35.714285714285715,44.642857142857146,69.54392509692049,69.72789115646259,46.42857142857144,35.714285714285715
Charles Jourdain,Men’s Bantamweight,8,81.36666666666667,1.0,4.657927079065956,9.85661614092585,3.8344940598115524,0.8234330192544039,0.47256857855361595,0.5185185185185186,0.18435067595247848,0.36870135190495695,0.9217533797623925,0.2631578947368421,0.4242424242424242,0.7374027038099139,0.37513691128148957,0.3333333333333333,0.052770448548812667,0.22427440633245382,0.7229551451187335,68.36734693877551,58.16326530612245,38.775510204081634,56.12244897959183,39.795918367346935,33.33333333333333,16.129032258064516,75.51020408163265,31.63265306122449,23.469387755102037,38.26530612244898,68.36734693877551,55.357142857142854,30.222734254992318,48.97959183673469,33.50340136054422,68.36734693877551
Marlon Vera,Men’s Bantamweight,8,152.28333333333333,1.0,4.3208930721243295,9.869760315201926,6.770274707234322,-2.449381635109993,0.43779108449767135,0.49559686888454013,0.6895042136368611,0.09850060194812302,0.0,0.0,0.75,0.09850060194812302,0.1717062634989201,0.0,0.0364741641337386,0.044072948328267476,0.9194528875379939,8.16326530612245,34.69387755102041,28.57142857142857,85.71428571428571,9.693877551020408,6.111111111111111,65.59139784946237,40.816326530612244,19.387755102040817,45.91836734693879,73.46938775510205,69.38775510204081,39.28571428571428,25.196035403408676,23.299319727891156,49.31972789115647,69.38775510204081
Rob Font,Men’s Bantamweight,8,127.95,1.0,4.486127393513091,9.620945681906994,3.501367721766315,0.9847596717467764,0.4662875710804224,0.5470171890798787,0.11723329425556857,0.3516998827667057,0.23446658851113714,0.14285714285714285,0.22448979591836737,0.11723329425556857,0.10719899402703552,0.0,0.010452961672473868,0.05749128919860627,0.9320557491289199,73.46938775510205,54.08163265306123,58.16326530612245,45.91836734693878,22.448979591836736,17.22222222222222,5.376344086021505,41.83673469387755,15.306122448979592,24.489795918367353,73.46938775510205,64.28571428571429,57.90816326530613,15.088417087265015,26.530612244897963,52.040816326530624,64.28571428571429
Davey Grant,Men’s Bantamweight,8,103.61666666666666,1.0,6.7363680231622975,15.209908315907995,4.700016084928422,2.0363519382338753,0.44289340101522845,0.5409990574929312,0.28952871159723337,0.14476435579861668,0.0,0.0,0.6923076923076923,0.14476435579861668,0.1712707182320442,0.3333333333333333,0.012893982808022923,0.03581661891117478,0.9512893982808023,94.89795918367348,41.83673469387755,54.08163265306123,69.38775510204081,9.693877551020408,6.111111111111111,59.13978494623656,47.95918367346938,18.367346938775512,39.79591836734694,38.26530612244898,98.9795918367347,65.05102040816327,23.328030136785898,25.340136054421766,44.047619047619044,98.9795918367347
David Martinez,Men’s Bantamweight,3,34.63333333333333,1.0,4.619826756496631,10.134744947064485,2.8296438883541866,1.7901828681424448,0.45584045584045585,0.7003058103975535,0.4331087584215592,0.0,0.8662175168431184,0.2857142857142857,1.0,0.0,0.7385892116182573,0.0,0.06875,0.0375,0.89375,87.75510204081633,47.95918367346938,98.9795918367347,77.55102040816327,38.775510204081634,39.44444444444444,96.23655913978494,19.387755102040817,76.53061224489795,73.46938775510205,73.46938775510205,74.48979591836735,78.06122448979592,62.74678150830225,44.897959183673464,81.97278911564626,74.48979591836735
Jean Matsumoto,Men’s Bantamweight,6,84.98333333333333,1.0,5.118650715826632,12.931947440674643,5.059815650127476,0.05883506569915653,0.3958143767060964,0.49172576832151305,0.0,0.1765051970974701,3.353598744851932,0.4222222222222222,0.5476190476190477,0.5295155912924102,0.5089197224975223,0.0,0.009195402298850575,0.10344827586206896,0.8873563218390804,48.97959183673469,14.285714285714285,25.510204081632654,22.448979591836736,87.75510204081633,73.33333333333333,31.182795698924732,68.36734693877551,46.93877551020408,38.775510204081634,73.46938775510205,90.81632653061224,27.80612244897959,59.80250164581962,67.68707482993197,45.91836734693877,90.81632653061224
Elijah Smith,Men’s Bantamweight,3,25.233333333333334,1.0,3.6856010568031703,6.737120211360634,1.7040951122853367,1.9815059445178336,0.5470588235294118,0.5168539325842696,0.59445178335535,0.0,1.7833553500660502,0.75,0.46153846153846156,1.1889035667107,0.5840188014101058,0.0,0.4731182795698925,0.06451612903225806,0.46236559139784944,89.79591836734694,84.6938775510204,36.734693877551024,83.6734693877551,64.28571428571429,95.55555555555556,18.817204301075268,85.71428571428571,58.16326530612245,73.46938775510205,73.46938775510205,29.591836734693878,73.72448979591837,59.20543486211689,69.38775510204083,61.22448979591837,29.591836734693878
Jonathan Martinez,Men’s Bantamweight,8,106.75,1.0,4.590163934426229,8.68384074941452,4.337236533957846,0.25292740046838347,0.5285868392664509,0.559047619047619,0.5620608899297423,0.1405152224824356,0.2810304449648712,0.3333333333333333,0.736842105263158,0.1405152224824356,0.6071987480438185,0.0,0.03469387755102041,0.0653061224489796,0.9,55.10204081632652,77.55102040816327,64.28571428571429,82.6530612244898,25.510204081632654,52.77777777777778,63.44086021505376,46.93877551020408,62.244897959183675,41.83673469387755,73.46938775510205,53.06122448979592,69.89795918367348,50.993435008411964,44.89795918367347,59.863945578231295,53.06122448979592
Said Nurmagomedov,Men’s Bantamweight,8,71.68333333333334,1.0,2.5668449197860963,4.910485933503836,1.9251336898395721,0.6417112299465242,0.5227272727272727,0.519163763066202,0.20925366193908393,0.0,1.0462683096954197,0.19230769230769232,0.625,1.6740292955126714,0.21113172541743971,0.0,0.11413043478260869,0.1358695652173913,0.75,66.3265306122449,75.51020408163265,39.795918367346935,57.14285714285714,45.91836734693878,25.0,45.16129032258064,93.87755102040816,22.448979591836736,73.46938775510205,73.46938775510205,12.244897959183673,59.6938775510204,34.63215931533904,54.08163265306123,62.244897959183675,12.244897959183673
Rinya Nakamura,Men’s Bantamweight,5,46.58333333333333,1.0,2.747763864042934,5.237924865831843,1.524150268336315,1.223613595706619,0.5245901639344263,0.6414141414141414,0.966010733452594,0.3220035778175313,2.2540250447227193,0.875,1.0,1.2880143112701252,0.902605459057072,0.0,0.359375,0.03125,0.609375,80.61224489795919,76.53061224489795,92.85714285714286,95.91836734693877,71.42857142857143,96.66666666666667,96.23655913978494,86.73469387755102,90.81632653061224,26.530612244897956,73.46938775510205,15.306122448979592,86.4795918367347,88.78703094140882,82.99319727891157,64.28571428571429,15.306122448979592
Cody Garbrandt,Men’s Bantamweight,8,88.86666666666666,1.0,2.2843210802700677,4.996249062265567,4.0622655663915985,-1.7779444861215308,0.4572072072072072,0.5134770889487871,0.1687921980495124,0.5063765941485372,0.843960990247562,0.16666666666666666,0.75,0.0,0.42201834862385323,0.6,0.034482758620689655,0.15763546798029557,0.8078817733990148,16.3265306122449,51.02040816326531,34.69387755102041,53.06122448979592,37.755102040816325,20.555555555555554,65.59139784946237,19.387755102040817,36.734693877551024,16.3265306122449,19.387755102040817,14.285714285714285,38.775510204081634,40.15918733084632,31.292517006802722,23.469387755102037,14.285714285714285
Javid Basharat,Men’s Bantamweight,7,84.21666666666667,1.0,5.224619038195131,9.784286562438155,3.075400752028498,2.1492182861666334,0.5339805825242718,0.6392757660167131,0.1781120126657431,0.1781120126657431,1.603008113991688,0.36,0.8387096774193549,0.0,0.7034372501998402,0.5,0.1,0.07045454545454545,0.8295454545454546,95.91836734693877,80.61224489795919,91.83673469387756,54.08163265306123,59.183673469387756,61.111111111111114,80.64516129032258,19.387755102040817,71.42857142857143,36.73469387755102,26.530612244897956,66.3265306122449,80.61224489795919,68.09212932484822,50.0,51.70068027210885,66.3265306122449
Ethyn Ewing,Men’s Bantamweight,2,26.733333333333334,1.0,7.443890274314215,13.466334164588527,4.526184538653366,2.9177057356608485,0.5527777777777778,0.6344410876132931,0.5610972568578554,0.0,1.683291770573566,0.6,1.0,0.0,0.5872093023255814,0.0,0.010050251256281407,0.11557788944723618,0.8743718592964824,98.9795918367347,86.73469387755102,89.79591836734694,81.63265306122449,62.244897959183675,89.44444444444444,96.23655913978494,19.387755102040817,59.183673469387756,73.46938775510205,73.46938775510205,93.87755102040816,89.28571428571428,76.77739375320022,46.938775510204074,78.91156462585035,93.87755102040816
Jakub Wiklacz,Men’s Bantamweight,2,29.983333333333334,1.0,3.4018899388549193,7.7042801556420235,3.86881600889383,-0.4669260700389106,0.44155844155844154,0.4629629629629629,0.0,0.0,0.0,,0.41666666666666663,2.501389660922735,0.4126819126819127,0.0,0.08823529411764706,0.10784313725490197,0.803921568627451,35.714285714285715,40.816326530612244,18.367346938775512,22.448979591836736,9.693877551020408,,15.053763440860216,98.9795918367347,35.714285714285715,73.46938775510205,73.46938775510205,43.87755102040816,29.33673469387755,20.153975568722114,48.12925170068028,55.102040816326536,43.87755102040816
Aleksandre Topuria,Men’s Bantamweight,2,30.0,1.0,2.933333333333333,5.333333333333333,2.566666666666667,0.36666666666666625,0.55,0.6869918699186992,0.0,0.0,1.5,0.3333333333333333,1.0,0.0,0.9977426636568849,0.0,0.03409090909090909,0.06818181818181818,0.8977272727272727,60.204081632653065,85.71428571428571,96.93877551020408,22.448979591836736,56.12244897959183,52.77777777777778,96.23655913978494,19.387755102040817,98.9795918367347,73.46938775510205,73.46938775510205,16.3265306122449,66.3265306122449,76.02909443347231,58.16326530612245,81.29251700680273,16.3265306122449
Kyler Phillips,Men’s Bantamweight,8,116.8,1.0,4.469178082191781,10.727739726027398,4.160958904109589,0.3082191780821919,0.4166001596169194,0.5810344827586207,0.2568493150684931,0.12842465753424656,2.8253424657534247,0.4489795918367347,0.7647058823529411,0.2568493150684931,0.6411075612353567,0.0,0.09003831417624521,0.05172413793103448,0.8582375478927203,57.14285714285714,24.489795918367346,74.48979591836735,63.26530612244898,81.63265306122449,76.66666666666667,67.74193548387096,53.06122448979592,65.3061224489796,43.87755102040817,73.46938775510205,78.57142857142857,54.8469387755102,72.83684441518542,66.66666666666667,63.94557823129252,78.57142857142857
Cody Haddon,Men’s Bantamweight,2,22.183333333333334,1.0,8.88054094665665,15.777610818933132,2.70473328324568,6.1758076634109695,0.5628571428571428,0.6026490066225165,0.67618332081142,0.0,2.70473328324568,0.4,0.8333333333333334,0.0,0.6154970760233918,0.0,0.22842639593908629,0.07106598984771574,0.700507614213198,100.0,90.81632653061224,82.6530612244898,84.6938775510204,78.57142857142857,68.88888888888889,78.49462365591397,19.387755102040817,63.26530612244898,73.46938775510205,73.46938775510205,100.0,89.54081632653062,72.30506180967011,53.74149659863946,76.53061224489797,100.0
Taylor Lapilus,Men’s Bantamweight,8,111.43333333333334,1.0,4.594675441220461,9.557283876757403,2.6114268620999104,1.9832485791205503,0.4807511737089202,0.6278772378516624,0.26921926413401137,0.0,0.26921926413401137,0.3333333333333333,0.7746478873239436,0.26921926413401137,0.3028142589118199,0.0,0.041015625,0.203125,0.755859375,90.81632653061224,60.204081632653065,87.75510204081633,66.3265306122449,24.489795918367346,52.77777777777778,70.96774193548387,56.12244897959183,28.57142857142857,73.46938775510205,73.46938775510205,63.26530612244898,76.27551020408163,44.201686050764394,36.39455782312925,78.2312925170068,63.26530612244898
SuYoung You,Men’s Bantamweight,4,51.06666666666666,1.0,2.3694516971279374,4.543080939947781,2.1344647519582245,0.23498694516971286,0.521551724137931,0.7013698630136986,0.0,0.293733681462141,3.231070496083551,0.3793103448275862,0.0,0.293733681462141,0.8752362948960303,1.0,0.024793388429752067,0.11570247933884298,0.859504132231405,53.06122448979592,74.48979591836735,100.0,22.448979591836736,85.71428571428571,64.44444444444444,1.6129032258064515,58.16326530612245,88.77551020408163,28.571428571428573,5.612244897959177,10.204081632653061,62.5,60.13678589715456,77.55102040816325,44.72789115646259,10.204081632653061
Rafael Estevam,Men’s Bantamweight,4,56.733333333333334,1.0,1.8683901292596945,5.781433607520564,4.353701527614571,-2.4853113983548765,0.3231707317073171,0.44988864142538976,0.0,0.26439482961222094,5.023501762632197,0.3275862068965517,0.6666666666666667,0.26439482961222094,0.925615505500262,1.0,0.11320754716981132,0.04716981132075472,0.839622641509434,7.142857142857142,5.1020408163265305,13.26530612244898,22.448979591836736,96.93877551020408,48.888888888888886,53.2258064516129,54.08163265306123,92.85714285714286,30.612244897959176,5.612244897959177,21.428571428571427,11.989795918367346,72.97765342696218,81.29251700680273,16.49659863945578,21.428571428571427
Da'Mon Blackshear,Men’s Bantamweight,8,71.45,1.0,5.122463261021693,10.776766969909026,4.254723582925123,0.8677396780965703,0.4753246753246753,0.5272161741835149,0.0,0.2099370188943317,1.6794961511546536,0.42105263157894735,0.8095238095238095,1.6794961511546536,0.6828282828282828,0.3333333333333333,0.08196721311475409,0.15300546448087432,0.7650273224043715,70.40816326530613,59.183673469387756,48.97959183673469,22.448979591836736,61.224489795918366,72.22222222222221,76.34408602150538,94.89795918367348,68.36734693877551,34.693877551020414,38.26530612244898,79.59183673469387,50.25510204081633,69.53953624460536,74.82993197278911,40.64625850340136,79.59183673469387
Victor Henry,Men’s Bantamweight,7,86.56666666666666,1.0,7.173661917597228,13.492491336157105,5.186753946861764,1.986907970735464,0.5316780821917808,0.48032407407407407,0.5198305737389295,0.0,1.039661147477859,0.42857142857142855,0.8103448275862069,0.346553715825953,0.5320987654320988,0.5,0.05152979066022544,0.1320450885668277,0.8164251207729468,91.83673469387756,79.59183673469387,22.448979591836736,79.59183673469387,44.89795918367347,74.44444444444444,77.41935483870968,60.204081632653065,50.0,73.46938775510205,26.530612244897956,94.89795918367348,68.36734693877551,61.6904396167069,51.70068027210885,40.816326530612244,94.89795918367348
Benardo Sopaj,Men’s Bantamweight,3,37.1,1.0,4.393530997304582,7.574123989218329,4.690026954177897,-0.296495956873315,0.5800711743772242,0.5271739130434783,0.8086253369272236,0.4043126684636118,2.425876010781671,0.6,0.7692307692307692,0.8086253369272236,0.704635761589404,1.0,0.39263803680981596,0.09815950920245399,0.50920245398773,39.795918367346935,95.91836734693877,47.95918367346938,91.83673469387756,74.48979591836735,89.44444444444444,68.81720430107528,77.55102040816327,72.44897959183673,22.448979591836736,5.612244897959177,40.816326530612244,68.87755102040816,76.30010606393095,74.82993197278911,25.340136054421762,40.816326530612244
Rei Tsuruya,Men’s Bantamweight,3,33.31666666666666,1.0,1.980990495247624,4.292146073036519,2.281140570285143,-0.3001500750375188,0.46153846153846156,0.41984732824427484,0.0,0.0,3.601800900450226,0.25,0.5,0.45022511255627823,0.700187969924812,0.0,0.4090909090909091,0.030303030303030304,0.5606060606060606,38.775510204081634,53.06122448979592,9.183673469387756,22.448979591836736,89.79591836734694,31.666666666666664,23.655913978494624,66.3265306122449,70.40816326530613,73.46938775510205,73.46938775510205,9.183673469387756,30.867346938775512,53.88166556945359,75.51020408163265,52.040816326530624,9.183673469387756
Santiago Luna,Men’s Bantamweight,3,32.666666666666664,1.0,4.744897959183674,8.938775510204083,2.7551020408163267,1.989795918367347,0.5308219178082192,0.6797153024911031,0.9183673469387756,0.0,2.295918367346939,0.7142857142857143,0.5714285714285714,0.9183673469387756,0.3016759776536313,1.0,0.05161290322580645,0.17419354838709677,0.7741935483870968,92.85714285714286,78.57142857142857,95.91836734693877,93.87755102040816,72.44897959183673,94.44444444444444,35.483870967741936,82.6530612244898,27.55102040816326,73.46938775510205,5.612244897959177,57.14285714285714,90.30612244897961,57.48207885304659,60.884353741496604,58.333333333333336,57.14285714285714
Juan Diaz,Men’s Bantamweight,1,9.133333333333333,1.0,1.4233576642335768,2.737226277372263,1.6423357664233578,-0.21897810218978098,0.52,0.5454545454545454,0.0,0.0,8.211678832116789,0.625,,1.6423357664233578,1.0,0.0,0.07692307692307693,0.15384615384615385,0.7692307692307693,42.857142857142854,73.46938775510205,57.14285714285714,22.448979591836736,100.0,91.66666666666666,,90.3061224489796,100.0,73.46938775510205,73.46938775510205,2.0408163265306123,48.9795918367347,97.22222222222221,96.7687074829932,68.02721088435375,2.0408163265306123
Colby Thicknesse,Men’s Bantamweight,3,45.0,1.0,3.2444444444444445,7.888888888888889,2.933333333333333,0.31111111111111134,0.4112676056338028,0.5432525951557093,0.0,0.0,0.6666666666666667,0.07142857142857142,0.33333333333333337,1.6666666666666665,0.5321252059308073,0.0,0.2945205479452055,0.0684931506849315,0.636986301369863,58.16326530612245,21.428571428571427,56.12244897959183,22.448979591836736,28.57142857142857,14.444444444444443,11.827956989247312,91.83673469387756,51.02040816326531,73.46938775510205,73.46938775510205,47.95918367346938,39.54081632653061,26.46605954209641,57.142857142857146,67.68707482993197,47.95918367346938
Borislav Nikolic,Men’s Bantamweight,1,15.0,1.0,3.8,9.8,2.8,1.0,0.3877551020408163,0.5882352941176471,0.0,1.0,1.0,1.0,0.625,2.0,0.7753164556962026,0.0,0.22807017543859648,0.05263157894736842,0.7192982456140351,74.48979591836735,11.224489795918368,77.55102040816327,22.448979591836736,42.857142857142854,98.88888888888889,45.16129032258064,97.95918367346938,78.57142857142857,4.591836734693875,73.46938775510205,67.3469387755102,46.42857142857143,66.36968766001024,73.12925170068027,51.87074829931973,67.3469387755102
Lawrence Lui,Men’s Bantamweight,1,15.0,1.0,3.466666666666667,10.0,3.7333333333333334,-0.2666666666666666,0.3466666666666667,0.552,0.0,0.0,7.0,0.4666666666666667,,0.0,0.9552715654952076,0.0,0.1346153846153846,0.11538461538461539,0.75,41.3265306122449,8.16326530612245,62.244897959183675,22.448979591836736,98.9795918367347,77.77777777777779,,19.387755102040817,95.91836734693877,73.46938775510205,73.46938775510205,72.44897959183673,33.54591836734694,90.89191232048374,71.42857142857143,69.72789115646259,72.44897959183673
Hecher Sosa,Men’s Bantamweight,1,15.0,1.0,6.933333333333334,14.733333333333333,4.133333333333334,2.8,0.47058823529411764,0.6309523809523809,0.0,0.0,0.0,,0.6363636363636364,0.0,0.15454545454545454,0.0,0.0,0.15384615384615385,0.8461538461538461,96.93877551020408,57.14285714285714,88.77551020408163,22.448979591836736,9.693877551020408,,47.31182795698925,19.387755102040817,17.346938775510203,73.46938775510205,73.46938775510205,96.93877551020408,66.3265306122449,24.784214761173285,15.476190476190476,78.57142857142857,96.93877551020408
Abdul Hussein,Men’s Bantamweight,1,13.116666666666667,1.0,4.955527318932655,7.547649301143583,3.354510800508259,1.6010165184243963,0.6565656565656566,0.45679012345679015,1.1435832274459974,0.0,1.1435832274459974,0.5,0.6666666666666667,3.4307496823379924,0.860036832412523,0.0,0.24615384615384617,0.16923076923076924,0.5846153846153846,85.71428571428571,100.0,16.3265306122449,98.9795918367347,50.0,82.22222222222221,53.2258064516129,100.0,86.73469387755102,73.46938775510205,73.46938775510205,39.795918367346935,75.25510204081633,68.04568063784654,78.91156462585035,54.42176870748299,39.795918367346935
ChangHo Lee,Men’s Bantamweight,3,38.8,1.0,3.6855670103092786,5.644329896907217,2.6288659793814433,1.0567010309278353,0.6529680365296804,0.3584905660377359,0.0,0.0,2.7061855670103094,0.3333333333333333,0.5,0.3865979381443299,0.4908446544595393,0.0,0.25874125874125875,0.4755244755244755,0.26573426573426573,75.51020408163265,98.9795918367347,4.081632653061225,22.448979591836736,79.59183673469387,52.77777777777778,23.655913978494624,63.26530612244898,44.89795918367347,73.46938775510205,73.46938775510205,18.367346938775512,50.25510204081633,50.230871918659936,62.585034013605444,50.34013605442177,18.367346938775512
Alatengheili,Men’s Bantamweight,8,105.78333333333333,1.0,2.8737986450291477,8.980620765716086,5.048054198834095,-2.174255553804947,0.32,0.5619360131255127,0.14179927524814873,0.0,1.559792027729636,0.44,0.7272727272727273,0.0,0.8415354330708661,0.0,0.03289473684210526,0.006578947368421052,0.9605263157894737,10.204081632653061,3.571428571428571,65.3061224489796,51.02040816326531,57.14285714285714,75.55555555555556,61.29032258064516,19.387755102040817,84.6938775510204,73.46938775510205,73.46938775510205,59.183673469387756,32.525510204081634,69.67065320751956,53.74149659863946,70.74829931972789,59.183673469387756
Felipe Lima,Men’s Bantamweight,3,41.25,1.0,2.860606060606061,6.351515151515152,2.909090909090909,-0.04848484848484835,0.45038167938931295,0.6470588235294117,0.0,0.0,2.1818181818181817,0.2727272727272727,0.8571428571428572,0.7272727272727273,0.45121951219512196,0.0,0.01694915254237288,0.1016949152542373,0.8813559322033898,44.89795918367347,45.91836734693878,93.87755102040816,22.448979591836736,70.40816326530613,35.0,84.40860215053763,74.48979591836735,40.816326530612244,73.46938775510205,73.46938775510205,23.46938775510204,51.78571428571429,57.658272986613994,61.904761904761905,80.27210884353742,23.46938775510204
Cristian Quinonez,Men’s Bantamweight,4,32.733333333333334,1.0,3.024439918533605,6.690427698574338,3.024439918533605,0.0,0.4520547945205479,0.5263157894736843,0.0,0.45824847250509165,4.124236252545825,0.5294117647058824,0.8,0.9164969450101833,0.8236074270557029,1.0,0.0707070707070707,0.030303030303030304,0.898989898989899,46.42857142857143,46.93877551020408,45.91836734693878,22.448979591836736,93.87755102040816,85.0,74.73118279569893,81.63265306122449,83.6734693877551,19.387755102040817,5.612244897959177,27.55102040816326,40.433673469387756,84.32055080096555,86.39455782312923,23.639455782312922,27.55102040816326
Jafel Filho,Men’s Bantamweight,6,57.11666666666667,1.0,1.6282462795447914,4.0618616866063615,1.5231981324773856,0.10504814706740584,0.40086206896551724,0.5219780219780219,0.0,0.2626203676685147,2.3635833090166325,0.5625,0.4736842105263158,1.838342573679603,0.43666809789609273,0.3333333333333333,0.21505376344086022,0.15053763440860216,0.6344086021505376,50.0,16.3265306122449,42.857142857142854,22.448979591836736,73.46938775510205,87.77777777777777,20.43010752688172,95.91836734693877,38.775510204081634,31.63265306122449,38.26530612244898,8.16326530612245,32.90816326530612,55.11319581596079,69.38775510204081,37.585034013605444,8.16326530612245
Serhiy Sidey,Men’s Bantamweight,3,45.0,1.0,4.488888888888889,11.155555555555555,4.2444444444444445,0.24444444444444446,0.40239043824701193,0.5484633569739953,0.0,0.33333333333333337,1.6666666666666665,0.25,0.19999999999999996,1.3333333333333335,0.5192926045016077,0.0,0.0049504950495049506,0.09405940594059406,0.900990099009901,54.08163265306123,17.346938775510203,60.204081632653065,22.448979591836736,60.204081632653065,31.666666666666664,4.301075268817205,87.75510204081633,47.95918367346938,25.510204081632654,73.46938775510205,84.6938775510204,38.52040816326531,36.03275181040158,65.3061224489796,53.061224489795926,84.6938775510204
Malcolm Wellmaker,Men’s Bantamweight,4,28.733333333333334,1.0,4.280742459396752,8.004640371229698,3.932714617169373,0.3480278422273786,0.5347826086956522,0.5150214592274678,1.0440835266821344,0.0,0.0,0.0,0.4285714285714286,0.0,0.20671834625322996,0.5,0.0,0.22764227642276422,0.7723577235772358,59.183673469387756,81.63265306122449,35.714285714285715,97.95918367346938,9.693877551020408,6.111111111111111,17.20430107526882,19.387755102040817,21.428571428571427,73.46938775510205,26.530612244897956,48.97959183673469,68.62244897959184,13.609465291492942,16.83673469387755,45.23809523809524,48.97959183673469
Kai Asakura,Men’s Bantamweight,3,18.566666666666666,1.0,2.5314183123877916,7.378815080789947,3.3393177737881508,-0.8078994614003592,0.34306569343065696,0.523076923076923,0.8078994614003591,0.0,0.0,,0.5,0.0,0.09090909090909091,1.0,0.02127659574468085,0.0,0.9787234042553191,27.55102040816326,7.142857142857142,43.87755102040816,90.81632653061224,9.693877551020408,,23.655913978494624,19.387755102040817,13.26530612244898,73.46938775510205,5.612244897959177,36.734693877551024,42.3469387755102,15.538365883988002,14.115646258503402,40.986394557823125,36.734693877551024
Muin Gafurov,Men’s Bantamweight,5,61.2,1.0,3.676470588235294,7.826797385620915,2.3529411764705883,1.3235294117647056,0.4697286012526096,0.5943661971830986,0.2450980392156863,0.2450980392156863,0.7352941176470588,0.1875,0.6666666666666667,0.0,0.4567251461988304,0.6666666666666666,0.07555555555555556,0.15555555555555556,0.7688888888888888,82.6530612244898,56.12244897959183,79.59183673469387,60.204081632653065,30.612244897959183,23.333333333333332,53.2258064516129,19.387755102040817,42.857142857142854,33.67346938775511,15.81632653061225,45.91836734693878,69.64285714285714,37.507131885012065,30.952380952380953,43.02721088435374,45.91836734693878
John Garza,Men’s Bantamweight,1,15.0,1.0,5.466666666666667,12.466666666666667,5.733333333333333,-0.2666666666666666,0.4385026737967914,0.35820895522388063,0.0,0.0,0.0,,0.7727272727272727,0.0,0.050980392156862744,0.0,0.0,0.1951219512195122,0.8048780487804879,41.3265306122449,35.714285714285715,3.061224489795918,22.448979591836736,9.693877551020408,,69.89247311827957,19.387755102040817,9.183673469387756,73.46938775510205,73.46938775510205,88.77551020408163,25.637755102040817,29.590008046229244,12.755102040816327,50.0,88.77551020408163
Adrian Luna Martinetti,Men’s Bantamweight,1,15.0,1.0,6.6,13.066666666666666,10.8,-4.200000000000001,0.5051020408163265,0.4723127035830619,0.0,0.0,1.0,0.2,1.0,0.0,0.9555555555555556,0.0,0.0,0.08080808080808081,0.9191919191919192,5.1020408163265305,67.3469387755102,20.408163265306122,22.448979591836736,42.857142857142854,27.22222222222222,96.23655913978494,19.387755102040817,96.93877551020408,73.46938775510205,73.46938775510205,92.85714285714286,28.8265306122449,65.81367493233853,53.06122448979591,55.78231292517007,92.85714285714286
John Yannis,Men’s Bantamweight,3,21.366666666666667,1.0,3.5569422776911077,7.207488299531981,4.071762870514821,-0.5148205928237131,0.4935064935064935,0.6266094420600858,0.702028081123245,0.0,0.0,,0.8,0.0,0.04945054945054945,0.5,0.06578947368421052,0.013157894736842105,0.9210526315789473,33.6734693877551,64.28571428571429,86.73469387755102,87.75510204081633,9.693877551020408,,74.73118279569893,19.387755102040817,8.16326530612245,73.46938775510205,26.530612244897956,33.6734693877551,68.11224489795919,30.86277521761393,12.414965986394558,62.244897959183675,33.6734693877551
Sulangrangbo,Men’s Bantamweight,1,15.0,1.0,3.7333333333333334,8.333333333333334,3.466666666666667,0.2666666666666666,0.448,0.6533333333333333,0.0,0.0,0.0,,0.5333333333333333,0.0,0.04472843450479233,0.0,0.0,0.07142857142857142,0.9285714285714286,56.12244897959183,43.87755102040816,94.89795918367348,22.448979591836736,9.693877551020408,,26.881720430107524,19.387755102040817,6.122448979591836,73.46938775510205,73.46938775510205,51.02040816326531,54.33673469387756,14.232682320239924,11.734693877551022,80.6122448979592,51.02040816326531
Timmy Cuamba,Men’s Bantamweight,5,61.333333333333336,1.0,2.885869565217391,6.293478260869565,3.5380434782608696,-0.6521739130434785,0.4585492227979275,0.5633802816901409,0.24456521739130435,0.4891304347826087,1.467391304347826,0.3157894736842105,0.6666666666666667,0.0,0.44280701754385965,0.3333333333333333,0.07909604519774012,0.0903954802259887,0.8305084745762712,30.612244897959183,52.04081632653062,67.3469387755102,59.183673469387756,55.10204081632652,45.55555555555556,53.2258064516129,19.387755102040817,39.795918367346935,17.3469387755102,38.26530612244898,22.448979591836736,52.29591836734694,48.419830297710476,38.095238095238095,40.986394557823125,22.448979591836736
Mark Vologdin,Men’s Bantamweight,2,30.0,1.0,4.433333333333334,10.633333333333333,6.4,-1.9666666666666668,0.4169278996865204,0.52,0.5,0.0,2.0,0.2857142857142857,0.0,0.0,0.24170616113744076,0.0,0.0,0.09774436090225563,0.9022556390977443,13.26530612244898,25.510204081632654,40.816326530612244,78.57142857142857,69.38775510204081,39.44444444444444,1.6129032258064515,19.387755102040817,24.489795918367346,73.46938775510205,73.46938775510205,76.53061224489795,39.54081632653062,33.73372467266476,37.755102040816325,62.585034013605444,76.53061224489795
Jamie Siraj,Men’s Bantamweight,1,2.716666666666667,1.0,2.2085889570552144,8.834355828220858,7.730061349693251,-5.521472392638037,0.25,0.38235294117647056,0.0,5.521472392638037,0.0,0.0,,0.0,0.0,1.0,0.0,0.0,1.0,3.061224489795918,2.0408163265306123,7.142857142857142,22.448979591836736,9.693877551020408,6.111111111111111,,19.387755102040817,1.0204081632653061,1.0204081632653061,5.612244897959177,56.12244897959183,8.673469387755102,5.608465608465608,10.034013605442176,4.591836734693875,56.12244897959183
Aoriqileng,Men’s Bantamweight,8,64.86666666666667,1.0,3.638232271325796,6.706063720452208,4.439876670092497,-0.801644398766701,0.542528735632184,0.4418604651162791,0.6937307297019526,0.4624871531346351,0.6937307297019526,0.375,0.6129032258064516,0.23124357656731756,0.2468944099378882,0.6666666666666666,0.18220338983050846,0.06779661016949153,0.75,28.57142857142857,83.6734693877551,12.244897959183673,86.73469387755102,29.591836734693878,63.33333333333333,43.01075268817204,50.0,25.510204081632654,18.3673469387755,15.81632653061225,28.57142857142857,52.80612244897959,40.36153170945797,35.034013605442176,15.476190476190474,28.57142857142857
Caolan Loughran,Men’s Bantamweight,4,60.0,1.0,4.733333333333333,11.083333333333334,5.2,-0.4666666666666668,0.4270676691729323,0.5207373271889402,0.0,0.0,3.0,0.34285714285714286,0.875,0.0,0.7973258268824771,0.0,0.1267605633802817,0.06690140845070422,0.8063380281690141,36.734693877551024,27.55102040816326,41.83673469387755,22.448979591836736,83.6734693877551,56.666666666666664,88.17204301075269,19.387755102040817,82.6530612244898,73.46938775510205,73.46938775510205,83.6734693877551,32.142857142857146,77.79131007241607,61.904761904761905,62.92517006802722,83.6734693877551
Carlos Vera,Men’s Bantamweight,2,18.266666666666666,1.0,1.5328467153284673,2.6824817518248176,2.791970802919708,-1.2591240875912408,0.5714285714285714,0.49504950495049505,0.8211678832116789,0.0,0.0,0.0,0.25,1.6423357664233578,0.01734820322180917,0.0,0.17857142857142858,0.03571428571428571,0.7857142857142857,23.46938775510204,92.85714285714286,27.55102040816326,92.85714285714286,9.693877551020408,6.111111111111111,6.451612903225806,90.3061224489796,4.081632653061225,73.46938775510205,73.46938775510205,1.0204081632653061,59.183673469387756,6.584558554604637,34.69387755102041,58.16326530612245,1.0204081632653061
Patchy Mix,Men’s Bantamweight,2,30.0,1.0,5.3,12.066666666666666,7.3,-2.0,0.43922651933701656,0.4311688311688312,0.0,0.0,2.5,0.625,,0.0,0.788034188034188,0.0,0.0440251572327044,0.05660377358490566,0.89937106918239,12.244897959183673,37.755102040816325,11.224489795918368,22.448979591836736,76.0204081632653,91.66666666666666,,19.387755102040817,79.59183673469387,73.46938775510205,73.46938775510205,86.73469387755102,20.918367346938776,82.42630385487529,58.333333333333336,52.721088435374156,86.73469387755102
Angel Pacheco,Men’s Bantamweight,2,30.0,1.0,4.8,15.0,9.033333333333333,-4.233333333333333,0.32,0.45252525252525255,0.0,0.0,0.5,1.0,0.11111111111111116,0.0,0.09683426443202979,0.0,0.0,0.08333333333333333,0.9166666666666666,4.081632653061225,3.571428571428571,15.306122448979592,22.448979591836736,27.55102040816326,98.88888888888889,3.225806451612903,19.387755102040817,14.285714285714285,73.46938775510205,73.46938775510205,97.95918367346938,11.35204081632653,35.98785750859483,20.408163265306122,54.08163265306123,97.95918367346938
Bekzat Almakhan,Men’s Bantamweight,4,46.06666666666666,1.0,2.5832127351664256,6.6208393632416795,4.232995658465992,-1.6497829232995662,0.3901639344262295,0.5266990291262136,0.9768451519536905,0.0,0.0,0.0,0.5909090909090908,0.0,0.040498442367601244,0.0,0.01680672268907563,0.04201680672268908,0.9411764705882353,18.367346938775512,13.26530612244898,46.93877551020408,96.93877551020408,9.693877551020408,6.111111111111111,37.634408602150536,19.387755102040817,5.1020408163265305,73.46938775510205,73.46938775510205,26.53061224489796,43.87755102040816,14.635359520152146,11.394557823129253,64.62585034013607,26.53061224489796
Nathan Fletcher,Men’s Bantamweight,3,22.26666666666667,1.0,3.4131736526946104,5.703592814371257,2.1556886227544907,1.2574850299401197,0.5984251968503937,0.5752212389380531,0.0,0.6736526946107784,3.368263473053892,0.38461538461538464,0.5,0.6736526946107784,0.4852459016393443,0.5,0.11842105263157894,0.4342105263157895,0.4473684210526316,81.63265306122449,97.95918367346938,71.42857142857143,22.448979591836736,88.77551020408163,65.55555555555556,23.655913978494624,72.44897959183673,43.87755102040816,11.224489795918364,26.530612244897956,20.408163265306122,68.36734693877551,55.46613268963499,68.3673469387755,36.39455782312925,20.408163265306122
Xiao Long,Men’s Bantamweight,4,56.46666666666667,1.0,4.99409681227863,10.926800472255017,4.144037780401416,0.8500590318772137,0.45705024311183146,0.4657534246575342,0.26564344746162927,0.0,0.7969303423848878,0.3,0.88,0.0,0.7329192546583851,0.0,0.024822695035460994,0.28368794326241137,0.6914893617021277,69.38775510204081,50.0,19.387755102040817,65.3061224489796,32.6530612244898,42.22222222222222,90.32258064516128,19.387755102040817,75.51020408163265,73.46938775510205,73.46938775510205,82.6530612244898,51.0204081632653,60.17701704337649,42.517006802721085,55.442176870748305,82.6530612244898
Pedro Munhoz,Men’s Bantamweight,8,113.15,1.0,5.205479452054794,13.000441891294741,6.610693769332744,-1.4052143172779497,0.4004078857919782,0.533083645443196,0.26513477684489617,0.0,0.13256738842244808,0.058823529411764705,0.875,0.0,0.9253112033195021,0.0,0.013582342954159592,0.022071307300509338,0.9643463497453311,20.408163265306122,15.306122448979592,50.0,64.28571428571429,19.387755102040817,12.777777777777777,88.17204301075269,19.387755102040817,91.83673469387756,73.46938775510205,73.46938775510205,91.83673469387756,37.5,53.04357764611221,43.53741496598639,65.64625850340137,91.83673469387756
Luan Lacerda,Men’s Bantamweight,4,47.81666666666666,1.0,4.057162774485884,9.452771000348553,6.1484837922621125,-2.0913210177762283,0.42920353982300885,0.49222797927461137,0.0,0.0,2.823283373997909,0.391304347826087,0.6666666666666667,0.6273963053328687,0.7111111111111111,0.3333333333333333,0.061855670103092786,0.09278350515463918,0.845360824742268,11.224489795918368,28.57142857142857,26.53061224489796,22.448979591836736,80.61224489795919,67.77777777777779,53.2258064516129,71.42857142857143,74.48979591836735,73.46938775510205,38.26530612244898,62.244897959183675,22.193877551020407,69.02640626142932,75.51020408163266,46.08843537414966,62.244897959183675
Josias Musasa,Men’s Bantamweight,2,18.266666666666666,1.0,3.0656934306569346,6.569343065693431,4.27007299270073,-1.2043795620437958,0.4666666666666667,0.4222222222222223,0.0,0.8211678832116789,0.8211678832116789,0.3333333333333333,0.875,0.0,0.11460258780036968,0.5,0.0,0.2857142857142857,0.7142857142857143,24.489795918367346,55.10204081632652,10.204081632653061,22.448979591836736,35.714285714285715,52.77777777777778,88.17204301075269,19.387755102040817,16.3265306122449,8.163265306122446,26.530612244897956,25.510204081632654,28.061224489795915,48.247659278765276,23.80952380952381,14.965986394557822,25.510204081632654
Cameron Saaiman,Men’s Bantamweight,6,54.71666666666667,1.0,5.501066098081023,11.294547669814193,4.42278403898873,1.0782820590922935,0.48705501618122976,0.5020576131687242,0.2741395065488882,0.5482790130977764,0.8224185196466646,0.2727272727272727,0.5,0.5482790130977764,0.590057636887608,0.6666666666666666,0.21926910299003322,0.07641196013289037,0.7043189368770764,77.55102040816327,62.244897959183675,31.63265306122449,67.3469387755102,36.734693877551024,35.0,23.655913978494624,69.38775510204081,60.204081632653065,13.265306122448981,15.81632653061225,85.71428571428571,59.69387755102041,38.89867237217468,55.442176870748305,20.23809523809524,85.71428571428571
Quang Le,Men’s Bantamweight,4,36.166666666666664,1.0,2.8202764976958528,7.244239631336406,4.589861751152074,-1.769585253456221,0.3893129770992366,0.49696969696969695,0.0,1.2442396313364055,2.9032258064516134,0.3333333333333333,1.0,0.4147465437788019,0.8768115942028986,0.6666666666666666,0.00980392156862745,0.06862745098039216,0.9215686274509803,17.346938775510203,12.244897959183673,29.591836734693878,22.448979591836736,82.6530612244898,52.77777777777778,96.23655913978494,65.3061224489796,89.79591836734694,3.061224489795923,15.81632653061225,34.69387755102041,20.408163265306122,80.36582912734987,79.25170068027211,16.156462585034017,34.69387755102041
Cameron Smotherman,Men’s Bantamweight,4,46.83333333333333,1.0,3.971530249110321,10.654804270462634,3.3736654804270465,0.5978647686832743,0.3727454909819639,0.596938775510204,0.0,0.3202846975088968,0.0,,0.625,0.0,0.0021668472372697724,0.3333333333333333,0.0,0.04838709677419355,0.9516129032258065,65.3061224489796,10.204081632653061,80.61224489795919,22.448979591836736,9.693877551020408,,45.16129032258064,19.387755102040817,2.0408163265306123,27.551020408163257,38.26530612244898,77.55102040816327,44.642857142857146,18.96532806671055,10.374149659863946,48.8095238095238,77.55102040816327
Toshiomi Kazama,Men’s Bantamweight,4,15.900000000000002,1.0,1.320754716981132,2.893081761006289,7.484276729559747,-6.163522012578615,0.45652173913043476,0.3602150537634409,0.0,3.7735849056603765,1.8867924528301883,0.16666666666666666,,1.8867924528301883,0.4086687306501548,1.0,0.09523809523809523,0.0,0.9047619047619048,1.0204081632653061,48.97959183673469,5.1020408163265305,22.448979591836736,67.3469387755102,20.555555555555554,,96.93877551020408,34.69387755102041,2.0408163265306074,5.612244897959177,3.061224489795918,19.387755102040817,40.86545729402872,66.3265306122449,4.251700680272105,3.061224489795918
Luis Gurule,Men’s Bantamweight,5,55.21666666666666,1.0,5.016601267733173,12.152127980682163,5.650467853908845,-0.6338665861756718,0.4128166915052161,0.5702479338842975,0.0,0.2716571083610021,0.8149713250830064,0.17647058823529413,0.7333333333333334,0.2716571083610021,0.5369595536959554,0.5,0.01444043321299639,0.08664259927797834,0.8989169675090253,31.63265306122449,23.46938775510204,70.40816326530613,22.448979591836736,33.6734693877551,22.22222222222222,62.365591397849464,57.14285714285714,52.04081632653062,29.591836734693874,26.530612244897956,87.75510204081633,36.98979591836735,42.575524833589355,47.61904761904762,42.176870748299315,87.75510204081633
Pedro Falcao,Men’s Bantamweight,2,30.0,1.0,3.3,7.433333333333334,4.7,-1.4000000000000004,0.4439461883408072,0.4872727272727273,0.0,1.0,2.5,0.19230769230769232,0.33333333333333337,0.0,0.6703417861080485,0.0,0.0,0.08080808080808081,0.9191919191919192,21.428571428571427,42.857142857142854,24.489795918367346,22.448979591836736,76.0204081632653,25.0,11.827956989247312,19.387755102040817,67.3469387755102,4.591836734693875,73.46938775510205,37.755102040816325,27.80612244897959,45.0488259820057,54.25170068027211,34.183673469387756,37.755102040816325
Cortavious Romious,Men’s Bantamweight,2,23.8,1.0,1.1764705882352942,2.899159663865546,4.07563025210084,-2.8991596638655457,0.4057971014492754,0.3489932885906041,0.0,0.0,3.7815126050420167,0.6666666666666666,0.33333333333333337,0.0,0.45216606498194944,0.5,0.10714285714285714,0.0,0.8928571428571429,6.122448979591836,18.367346938775512,2.0408163265306123,22.448979591836736,92.85714285714286,93.33333333333333,11.827956989247312,19.387755102040817,41.83673469387755,73.46938775510205,26.530612244897956,4.081632653061225,12.244897959183675,59.963791968400265,51.36054421768708,34.013605442176875,4.081632653061225
AJ Cunningham,Men’s Bantamweight,2,19.6,1.0,2.6530612244897958,6.479591836734693,3.9795918367346936,-1.3265306122448979,0.4094488188976378,0.36585365853658536,0.0,0.7653061224489796,0.0,,0.46153846153846156,0.7653061224489796,0.04933586337760911,0.5,0.0,0.038461538461538464,0.9615384615384616,22.448979591836736,19.387755102040817,6.122448979591836,22.448979591836736,9.693877551020408,,18.817204301075268,76.53061224489795,7.142857142857142,9.183673469387747,26.530612244897956,24.489795918367346,17.602040816326532,11.884646331650941,31.122448979591834,13.945578231292513,24.489795918367346
Baergeng Jieleyisi,Men’s Bantamweight,1,15.0,1.0,0.6,4.8,2.8,-2.1999999999999997,0.125,0.5172413793103448,0.0,0.0,1.0,1.0,0.6,0.0,0.056105610561056105,0.0,0.0,0.0,1.0,9.183673469387756,1.0204081632653061,37.755102040816325,22.448979591836736,42.857142857142854,98.88888888888889,40.86021505376344,19.387755102040817,10.204081632653061,73.46938775510205,73.46938775510205,11.224489795918368,17.602040816326532,48.20258210811207,24.149659863945576,61.56462585034014,11.224489795918368
Brad Katona,Men’s Bantamweight,8,106.06666666666666,1.0,4.8177247014456315,9.409176618478945,5.289126335637964,-0.4714016341923326,0.5120240480961924,0.4862637362637363,0.0,0.14142049025769957,1.8384663733500943,0.35135135135135137,0.6,0.0,0.6848299912816042,0.2,0.09784735812133072,0.16829745596868884,0.7338551859099804,34.69387755102041,70.40816326530613,23.46938775510204,22.448979591836736,65.3061224489796,57.77777777777777,40.86021505376344,19.387755102040817,69.38775510204081,40.816326530612244,45.91836734693879,61.224489795918366,37.75510204081633,58.332967595640405,51.36054421768707,36.734693877551024,61.224489795918366
Cody Stamann,Men’s Bantamweight,8,81.08333333333333,1.0,4.082219938335046,9.274409044193217,4.809866392600206,-0.7276464542651597,0.4401595744680851,0.5588235294117647,0.3699897225077082,0.0,0.7399794450154163,0.16,0.6,0.0,0.6489626556016598,0.3333333333333333,0.03625377643504532,0.12084592145015106,0.8429003021148036,29.591836734693878,39.795918367346935,63.26530612244898,74.48979591836735,31.63265306122449,18.88888888888889,40.86021505376344,19.387755102040817,66.3265306122449,73.46938775510205,38.26530612244898,60.204081632653065,51.785714285714285,39.42707190403043,39.115646258503396,58.333333333333336,60.204081632653065
Garrett Armfield,Men’s Bantamweight,5,54.35,1.0,5.354185832566698,9.972401103955841,3.643054277828887,1.7111315547378108,0.5369003690036901,0.5619469026548672,0.5519779208831647,0.0,1.1039558417663293,0.5,0.6470588235294117,0.5519779208831647,0.4278676988036594,0.6666666666666666,0.09965635738831616,0.054982817869415807,0.845360824742268,86.73469387755102,82.6530612244898,66.3265306122449,80.61224489795919,47.95918367346938,82.22222222222221,48.38709677419355,70.40816326530613,37.755102040816325,73.46938775510205,15.81632653061225,71.42857142857143,79.08163265306123,54.08090117767537,52.04081632653061,51.87074829931973,71.42857142857143
Kris Moutinho,Men’s Bantamweight,4,34.28333333333333,1.0,3.3543996110841032,10.092367525522606,9.363150218765192,-6.008750607681089,0.33236994219653176,0.30519480519480524,0.0,0.8750607681088964,0.0,0.0,0.30000000000000004,0.0,0.08350730688935282,0.75,0.0,0.008695652173913044,0.991304347826087,2.0408163265306123,6.122448979591836,1.0204081632653061,22.448979591836736,9.693877551020408,6.111111111111111,8.60215053763441,19.387755102040817,12.244897959183673,6.1224489795918275,11.734693877551015,73.46938775510205,7.908163265306123,9.163009289737401,13.775510204081632,6.292517006802716,73.46938775510205
Jake Hadley,Men’s Bantamweight,7,83.66666666666667,1.0,3.8605577689243025,8.952191235059761,4.314741035856573,-0.45418326693227096,0.43124165554072097,0.6024229074889869,0.17928286852589642,0.17928286852589642,0.17928286852589642,0.058823529411764705,0.5789473684210527,0.896414342629482,0.3302652950730915,0.0,0.09907120743034056,0.03715170278637771,0.8637770897832817,37.755102040816325,30.612244897959183,81.63265306122449,55.10204081632652,21.428571428571427,12.777777777777777,36.55913978494624,80.61224489795919,29.591836734693878,35.714285714285715,73.46938775510205,58.16326530612245,51.27551020408163,25.089331431497328,43.87755102040816,63.60544217687075,58.16326530612245
Chad Anheliger,Men’s Bantamweight,5,73.36666666666666,1.0,3.1076783280327125,7.060427078600637,2.903225806451613,0.2044525215810995,0.44015444015444016,0.540948275862069,0.40890504316219906,0.0,0.8178100863243981,0.36363636363636365,0.2727272727272727,0.40890504316219906,0.25508317929759705,0.3333333333333333,0.11403508771929824,0.12719298245614036,0.7587719298245614,52.04081632653062,38.775510204081634,53.06122448979592,75.51020408163265,34.69387755102041,62.22222222222222,7.526881720430108,64.28571428571429,26.53061224489796,73.46938775510205,38.26530612244898,32.6530612244898,54.84693877551021,32.74339843464267,41.83673469387755,54.931972789115655,32.6530612244898
Saimon Oliveira,Men’s Bantamweight,4,35.85,1.0,2.398884239888424,5.550906555090656,4.184100418410042,-1.7852161785216176,0.4321608040201005,0.41634241245136183,0.0,0.8368200836820083,0.41841004184100417,0.14285714285714285,0.33333333333333337,1.6736401673640167,0.18072289156626506,0.75,0.12790697674418605,0.1511627906976744,0.7209302325581395,15.306122448979592,31.63265306122449,8.16326530612245,22.448979591836736,26.53061224489796,17.22222222222222,11.827956989247312,92.85714285714286,20.408163265306122,7.142857142857143,11.734693877551015,17.346938775510203,19.387755102040817,18.997238680418405,46.59863945578231,9.01360544217687,17.346938775510203
Cody Gibson,Men’s Bantamweight,8,86.58333333333334,1.0,3.8460057747834453,7.853705486044272,3.695861405197305,0.1501443695861404,0.48970588235294116,0.5415472779369628,0.0,0.519730510105871,1.7324350336862366,0.3125,0.7857142857142857,1.039461020211742,0.5243198680956307,0.5,0.03303303303303303,0.21921921921921922,0.7477477477477478,51.02040816326531,63.26530612244898,55.10204081632652,22.448979591836736,63.26530612244898,44.44444444444444,72.04301075268818,84.6938775510204,48.97959183673469,14.285714285714283,26.530612244897956,46.93877551020408,47.95918367346939,57.18308828907908,65.64625850340136,31.97278911564625,46.93877551020408
Vince Morales,Men’s Bantamweight,8,107.03333333333333,1.0,3.1485518530052943,8.483338523824354,3.7745250700716286,-0.6259732170663344,0.3711453744493392,0.5486033519553073,0.14014325755216445,0.0,1.1211460604173156,0.47058823529411764,0.6578947368421053,0.7007162877608222,0.3957164711881693,0.0,0.02373887240356083,0.08902077151335312,0.887240356083086,32.6530612244898,9.183673469387756,61.224489795918366,48.97959183673469,48.97959183673469,80.0,49.46236559139785,73.46938775510205,33.6734693877551,73.46938775510205,73.46938775510205,52.04081632653062,38.01020408163265,53.02885670397191,52.04081632653061,69.38775510204083,52.04081632653062
Dan Argueta,Men’s Bantamweight,6,72.31666666666666,1.0,2.4752247061534915,5.69716524544826,3.443189675040332,-0.9679649688868404,0.4344660194174757,0.5079051383399209,0.0,0.0,4.355842359990781,0.3559322033898305,0.5555555555555556,1.4519474533302605,0.6019781718963165,0.25,0.17318435754189945,0.16759776536312848,0.659217877094972,26.53061224489796,32.6530612244898,33.6734693877551,22.448979591836736,94.89795918367348,60.0,32.25806451612903,88.77551020408163,61.224489795918366,73.46938775510205,44.38775510204082,19.387755102040817,28.8265306122449,62.09512837393022,81.6326530612245,50.51020408163265,19.387755102040817
Alexander Volkanovski,Men’s Featherweight,8,141.7,1.0,5.5045871559633035,9.576570218772055,3.2745236414961187,2.2300635144671848,0.5747973470891673,0.5618508026440038,0.2117148906139732,0.3175723359209598,1.4820042342978124,0.3333333333333333,0.6666666666666667,0.1058574453069866,0.6616749861342207,0.6666666666666666,0.09102564102564102,0.07435897435897436,0.8346153846153846,90.0,83.63636363636363,70.0,47.27272727272727,65.45454545454545,44.086021505376344,54.08163265306123,45.45454545454545,72.22222222222221,46.36363636363637,35.90909090909091,62.727272727272734,72.72727272727272,58.96110545880131,61.04377104377104,50.75757575757576,62.727272727272734
Aljamain Sterling,Men’s Featherweight,8,144.58333333333334,1.0,3.5066282420749277,5.955043227665706,2.081844380403458,1.4247838616714699,0.5888501742160279,0.5237341772151899,0.0,0.1037463976945245,3.5273775216138326,0.4,0.5333333333333333,0.3112391930835735,0.717022202873313,0.5,0.21893491124260356,0.1203155818540434,0.6607495069033531,80.9090909090909,88.18181818181819,49.09090909090909,20.0,87.27272727272727,58.602150537634415,30.612244897959183,59.09090909090909,80.55555555555556,59.99999999999999,49.090909090909086,20.909090909090907,59.54545454545455,64.26066956596911,75.63973063973064,52.72727272727273,20.909090909090907
Movsar Evloev,Men’s Featherweight,8,130.0,1.0,3.876923076923077,7.7,2.646153846153846,1.2307692307692308,0.5034965034965035,0.6023121387283237,0.0,0.0,4.846153846153847,0.6,0.5517241379310345,0.23076923076923078,0.7903570338724443,0.0,0.1488095238095238,0.061507936507936505,0.7896825396825397,76.36363636363637,60.0,83.63636363636363,20.0,91.81818181818183,86.02150537634408,34.69387755102041,54.54545454545454,88.88888888888889,80.9090909090909,83.18181818181819,38.18181818181819,60.0,75.3556134086088,78.41750841750842,82.57575757575758,38.18181818181819
Arnold Allen,Men’s Featherweight,8,117.68333333333334,1.0,3.806826228579521,8.2169664353491,4.121229287636312,-0.31440305905679056,0.46328852119958636,0.5594913714804723,0.25492139923523577,0.0,1.147146296558561,0.6923076923076923,0.6785714285714286,0.12746069961761788,0.6651162790697674,0.0,0.05580357142857143,0.04241071428571429,0.9017857142857143,39.09090909090909,39.09090909090909,67.27272727272727,49.09090909090909,53.63636363636364,90.32258064516128,57.14285714285714,47.27272727272727,73.14814814814815,80.9090909090909,83.18181818181819,46.36363636363636,48.63636363636363,68.56248739313256,58.01907968574636,77.12121212121212,46.36363636363636
Lerone Murphy,Men’s Featherweight,8,128.58333333333331,1.0,4.736228127025276,8.951393389500973,2.80751782242385,1.928710304601426,0.529105125977411,0.5970982142857143,0.3499675955930007,0.1166558651976669,1.2832145171743359,0.6111111111111112,0.44680851063829785,0.3499675955930007,0.4234126984126984,0.0,0.059113300492610835,0.09688013136288999,0.8440065681444991,87.27272727272727,68.18181818181817,82.72727272727273,60.0,58.18181818181818,87.09677419354838,19.387755102040817,62.727272727272734,43.51851851851852,57.27272727272727,83.18181818181819,55.45454545454545,74.54545454545455,52.04621649898148,54.80920314253648,74.39393939393939,55.45454545454545
Nathaniel Wood,Men’s Featherweight,8,120.0,1.0,5.266666666666667,9.558333333333334,4.191666666666666,1.0750000000000002,0.5510026155187445,0.5492831541218638,0.5,0.25,1.375,0.5,0.7272727272727273,0.25,0.4306732055283103,0.0,0.08227848101265822,0.056962025316455694,0.8607594936708861,71.81818181818181,79.0909090909091,63.63636363636363,66.81818181818183,62.727272727272734,72.04301075268818,66.83673469387756,55.45454545454545,44.44444444444444,50.90909090909091,83.18181818181819,60.909090909090914,70.3409090909091,61.51286565457073,54.208754208754215,65.9090909090909,60.909090909090914
Pat Sabatini,Men’s Featherweight,8,73.55,1.0,1.8354860639021076,3.3718558803535013,1.0333106730115569,0.8021753908905507,0.5443548387096774,0.5449101796407185,0.0,0.20394289598912305,4.894629503738953,0.42857142857142855,0.6666666666666667,0.6118286879673691,0.9077656293804317,1.0,0.5555555555555556,0.1111111111111111,0.3333333333333333,69.0909090909091,72.72727272727273,60.0,20.0,92.72727272727272,62.365591397849464,54.08163265306123,73.63636363636363,93.51851851851852,54.54545454545455,14.090909090909095,7.2727272727272725,55.45454545454545,75.67325382417549,86.62738496071829,42.87878787878788,7.2727272727272725
Diego Lopes,Men’s Featherweight,8,100.48333333333333,1.0,4.229557140487643,9.046276331066512,4.577873610880743,-0.3483164703931001,0.4675467546754675,0.4905869324473976,0.8956709238679714,0.0,1.0449494111793,0.4666666666666667,0.8695652173913043,0.1492784873113286,0.6719038817005545,0.0,0.2376470588235294,0.07294117647058823,0.6894117647058824,38.18181818181819,40.909090909090914,33.63636363636363,81.81818181818183,50.90909090909091,66.12903225806451,87.75510204081633,49.09090909090909,75.0,80.9090909090909,83.18181818181819,56.36363636363636,48.63636363636364,69.94830630199294,58.333333333333336,65.9090909090909,56.36363636363636
Jean Silva,Men’s Featherweight,7,59.95000000000001,1.0,4.570475396163469,8.623853211009173,4.437030859049207,0.1334445371142623,0.5299806576402321,0.5325131810193322,1.251042535446205,0.250208507089241,1.251042535446205,0.7142857142857143,0.78125,0.750625521267723,0.15247524752475247,1.0,0.043795620437956206,0.12043795620437957,0.8357664233576643,53.63636363636364,69.0909090909091,52.72727272727272,90.0,56.36363636363636,92.47311827956989,79.59183673469387,79.0909090909091,15.74074074074074,50.0,14.090909090909095,51.81818181818182,66.36363636363636,61.042333029660206,50.39842873176207,38.93939393939394,51.81818181818182
Cub Swanson,Men’s Featherweight,8,65.13333333333333,1.0,6.0491299897645865,10.05629477993859,5.6960081883316285,0.353121801432958,0.601526717557252,0.520671834625323,1.3817809621289663,0.6908904810644831,0.6908904810644831,0.5,0.7777777777777778,0.0,0.24095238095238095,0.6666666666666666,0.025380710659898477,0.09390862944162437,0.8807106598984772,60.0,92.72727272727272,46.36363636363636,91.81818181818183,41.81818181818181,72.04301075268818,78.06122448979592,22.272727272727273,24.074074074074073,23.636363636363644,35.90909090909091,66.36363636363637,72.72727272727272,53.999122783684996,29.388327721661053,35.303030303030305,66.36363636363637
Yair Rodriguez,Men’s Featherweight,8,94.03333333333333,1.0,5.391705069124424,10.570719602977668,4.6260191421481744,0.7656859269762499,0.5100603621730382,0.4609665427509294,0.31903580290677064,0.0,0.31903580290677064,0.2,0.525,0.15951790145338532,0.19787234042553192,0.6666666666666666,0.16962524654832348,0.05917159763313609,0.7712031558185405,68.18181818181817,63.63636363636363,28.18181818181818,55.45454545454545,30.909090909090907,20.967741935483872,29.591836734693878,50.0,18.51851851851852,80.9090909090909,35.90909090909091,71.81818181818181,53.86363636363636,24.996797024446796,33.14253647586981,48.333333333333336,71.81818181818181
Steve Garcia,Men’s Featherweight,8,45.0,1.0,6.155555555555556,13.622222222222222,2.1333333333333333,4.022222222222222,0.45187601957585644,0.6767676767676767,2.666666666666667,0.6666666666666667,0.0,0.0,0.7857142857142857,0.33333333333333337,0.25,1.0,0.20216606498194944,0.036101083032490974,0.7617328519855595,98.18181818181819,36.36363636363637,99.0909090909091,96.36363636363636,14.545454545454545,8.064516129032258,81.12244897959184,61.81818181818181,25.0,25.454545454545457,14.090909090909095,92.72727272727272,82.5,32.18310491351966,33.78787878787879,46.21212121212122,92.72727272727272
Melquizael Costa,Men’s Featherweight,8,83.51666666666668,1.0,4.059070045899022,8.5372181201357,3.3765715426062655,0.6824985032927562,0.47545582047685836,0.4566473988439307,0.35920973857513466,0.35920973857513466,1.4368389543005387,0.34782608695652173,0.5217391304347826,0.8980243464378366,0.3452695062193743,0.5,0.10914454277286136,0.10029498525073746,0.7905604719764012,66.36363636363637,43.63636363636363,26.36363636363636,62.727272727272734,63.63636363636363,48.38709677419355,28.57142857142857,84.54545454545455,33.33333333333333,41.81818181818181,49.090909090909086,50.0,49.77272727272728,43.48205557882977,60.5050505050505,39.090909090909086,50.0
Joanderson Brito,Men’s Featherweight,8,71.73333333333333,1.0,1.8680297397769516,3.62453531598513,1.9237918215613383,-0.055762081784386686,0.5153846153846153,0.3839285714285714,0.0,0.0,3.345724907063197,0.6956521739130435,0.625,1.6728624535315986,0.46954986760812,0.0,0.20149253731343283,0.22388059701492538,0.5746268656716418,48.18181818181818,64.54545454545455,8.181818181818182,20.0,85.45454545454545,91.39784946236558,48.46938775510204,92.72727272727272,49.074074074074076,80.9090909090909,83.18181818181819,8.181818181818182,35.22727272727273,68.59896418652178,75.75196408529742,57.42424242424243,8.181818181818182
Youssef Zalal,Men’s Featherweight,8,88.31666666666666,1.0,3.057180600113229,6.035100962445744,1.9815059445178336,1.0756746555953955,0.5065666041275797,0.651394422310757,0.16984336667295716,0.0,1.3587469333836573,0.24242424242424243,0.55,1.1889035667107002,0.5117352828010774,0.0,0.08518518518518518,0.037037037037037035,0.8777777777777778,72.72727272727273,61.81818181818181,95.45454545454545,43.63636363636363,61.81818181818181,29.03225806451613,33.6734693877551,88.18181818181819,56.481481481481474,80.9090909090909,83.18181818181819,23.636363636363637,68.4090909090909,45.251347687983625,68.82716049382715,86.51515151515152,23.636363636363637
Vinicius Oliveira,Men’s Featherweight,6,79.38333333333334,1.0,5.27818601721604,11.085450346420322,2.8847365106025613,2.3934495066134787,0.47613636363636364,0.5851449275362319,0.5668696199874028,0.0,1.3226957799706067,0.4375,0.7027027027027026,0.18895653999580095,0.5287508261731659,1.0,0.10501193317422435,0.057279236276849645,0.837708830548926,91.81818181818183,45.45454545454545,78.18181818181819,70.0,60.0,63.44086021505376,62.244897959183675,51.81818181818182,58.333333333333336,80.9090909090909,14.090909090909095,79.0909090909091,71.36363636363637,61.004772876892694,56.717171717171716,57.72727272727273,79.0909090909091
Dooho Choi,Men’s Featherweight,8,81.3,1.0,4.772447724477245,8.69618696186962,4.428044280442805,0.3444034440344401,0.5487977369165488,0.5678271308523409,0.5535055350553506,0.5535055350553506,1.2915129151291513,0.5384615384615384,0.5769230769230769,0.5535055350553506,0.49945533769063183,0.6666666666666666,0.10824742268041238,0.0979381443298969,0.7938144329896907,59.09090909090909,76.36363636363637,72.72727272727273,69.0909090909091,59.09090909090909,77.41935483870968,36.734693877551024,71.81818181818181,53.70370370370371,30.90909090909091,35.90909090909091,52.72727272727272,69.31818181818181,56.73716537771837,61.537598204264874,46.51515151515152,52.72727272727272
Kevin Vallejos,Men’s Featherweight,4,28.18333333333333,1.0,5.677114133648729,12.170313424009464,3.5481963335304556,2.1289178001182734,0.46647230320699706,0.5867768595041323,2.128917800118274,0.0,1.064458900059137,0.3333333333333333,0.9,0.0,0.9030837004405287,0.0,0.11875,0.125,0.75625,89.0909090909091,40.0,80.0,93.63636363636364,51.81818181818182,44.086021505376344,89.79591836734694,22.272727272727273,92.5925925925926,80.9090909090909,83.18181818181819,87.27272727272727,75.68181818181819,69.57317857087443,55.56116722783389,81.36363636363636,87.27272727272727
Chepe Mariscal,Men’s Featherweight,6,83.31666666666666,1.0,4.140828165633127,7.465493098619724,2.6645329065813166,1.4762952590518101,0.5546623794212219,0.5236051502145922,0.0,0.0,2.340468093618724,0.3939393939393939,0.5925925925925926,0.1800360072014403,0.5360631104432757,0.0,0.21739130434782608,0.22608695652173913,0.5565217391304348,81.81818181818183,80.0,48.18181818181818,20.0,75.45454545454545,56.98924731182796,39.285714285714285,50.90909090909091,59.25925925925925,80.9090909090909,83.18181818181819,33.63636363636363,57.5,57.74719157783673,61.874298540965206,70.75757575757576,33.63636363636363
Brian Ortega,Men’s Featherweight,8,129.88333333333333,1.0,3.9881945335557556,9.939689464904403,6.936994738868216,-2.9488002053124602,0.40123934934159566,0.46273106738223013,0.34646477608109844,0.11548825869369948,1.2703708456306944,0.2682926829268293,0.5,0.46195303477479793,0.4993224932249323,0.4,0.04054054054054054,0.0694980694980695,0.88996138996139,8.181818181818182,18.181818181818183,29.09090909090909,59.09090909090909,57.27272727272727,35.483870967741936,25.0,65.45454545454545,52.77777777777778,58.18181818181818,55.45454545454545,64.54545454545455,28.636363636363637,42.63359400456174,58.50168350168351,47.57575757575757,64.54545454545455
Mairon Santos,Men’s Featherweight,4,46.85,1.0,3.3297758804695836,6.915688367129135,2.2411953041622197,1.088580576307364,0.48148148148148145,0.6557377049180328,0.64034151547492,0.0,0.0,0.0,0.6923076923076923,0.0,0.25225225225225223,0.0,0.02564102564102564,0.08974358974358974,0.8846153846153846,73.63636363636363,47.27272727272727,97.27272727272728,75.45454545454545,14.545454545454545,8.064516129032258,59.693877551020414,22.272727272727273,25.925925925925924,80.9090909090909,83.18181818181819,27.27272727272727,73.4090909090909,27.057443537858283,20.914702581369248,87.12121212121212,27.27272727272727
Jose Aldo,Men’s Featherweight,8,138.4,1.0,4.053468208092485,7.955202312138728,5.209537572254335,-1.1560693641618496,0.5095367847411444,0.513166779203241,0.32514450867052025,0.10838150289017341,0.10838150289017341,0.14285714285714285,0.9473684210526316,0.10838150289017341,0.3752969121140142,0.25,0.026737967914438502,0.0392156862745098,0.9340463458110517,26.36363636363636,62.727272727272734,41.81818181818181,56.36363636363636,29.09090909090909,17.20430107526882,91.83673469387756,46.36363636363636,37.03703703703704,59.09090909090909,61.81818181818181,42.72727272727273,46.81818181818181,43.79224547427312,37.49719416386083,54.24242424242424,42.72727272727273
David Onama,Men’s Featherweight,8,85.4,1.0,4.9063231850117095,10.117096018735362,4.730679156908665,0.17564402810304447,0.4849537037037037,0.5318655851680185,0.7025761124121779,0.35128805620608894,1.2295081967213113,0.3181818181818182,0.5833333333333333,0.5269320843091334,0.5750364254492472,0.5,0.15990453460620524,0.045346062052505964,0.7947494033412887,54.54545454545454,50.90909090909091,50.90909090909091,79.0909090909091,55.45454545454545,40.32258064516129,37.755102040816325,70.0,61.111111111111114,43.63636363636363,49.090909090909086,67.27272727272727,58.86363636363636,48.66083481290855,62.188552188552194,47.878787878787875,67.27272727272727
Sean Woodson,Men’s Featherweight,8,95.66666666666666,1.0,5.2682926829268295,11.257839721254356,4.087108013937283,1.1811846689895464,0.467966573816156,0.588421052631579,0.31358885017421606,0.31358885017421606,0.7839721254355402,0.5555555555555556,0.90625,0.4703832752613241,0.3839946200403497,1.0,0.011904761904761904,0.061507936507936505,0.9265873015873016,74.54545454545455,41.81818181818181,80.9090909090909,54.54545454545454,46.36363636363636,80.10752688172043,90.81632653061224,66.36363636363637,39.81481481481482,47.272727272727266,14.090909090909095,80.9090909090909,62.954545454545446,64.27557614769597,50.84736251402918,47.42424242424243,80.9090909090909
Jose Delgado,Men’s Featherweight,5,48.4,1.0,6.053719008264463,11.09504132231405,4.1735537190082646,1.8801652892561984,0.5456238361266295,0.5324074074074074,1.2396694214876034,0.30991735537190085,0.6198347107438017,0.2222222222222222,0.5925925925925926,0.0,0.4119601328903654,0.0,0.11262798634812286,0.10238907849829351,0.7849829351535836,86.36363636363636,74.54545454545455,51.81818181818182,89.0909090909091,39.09090909090909,25.806451612903224,39.285714285714285,22.272727272727273,42.592592592592595,48.18181818181819,83.18181818181819,80.0,75.45454545454545,36.693916895529796,34.652076318742985,61.06060606060606,80.0
Giga Chikadze,Men’s Featherweight,8,93.11666666666667,1.0,3.9305530696259168,9.26794344012887,4.02720601396098,-0.09665294433506366,0.4241019698725377,0.5906113537117904,0.6443529622337569,0.32217648111687847,0.0,0.0,0.6666666666666667,0.32217648111687847,0.0807061790668348,0.25,0.03825136612021858,0.00819672131147541,0.953551912568306,44.54545454545455,28.18181818181818,81.81818181818183,76.36363636363637,14.545454545454545,8.064516129032258,54.08163265306123,60.0,10.185185185185185,45.45454545454545,61.81818181818181,59.09090909090909,57.727272727272734,21.719197128183303,28.24354657687991,63.03030303030303,59.09090909090909
William Gomis,Men’s Featherweight,7,102.33333333333333,1.0,3.195439739413681,6.576547231270359,2.5993485342019547,0.5960912052117262,0.48588410104011887,0.6161616161616161,0.0,0.0,0.7328990228013029,0.38461538461538464,0.7755102040816326,0.2931596091205212,0.32254697286012524,0.0,0.009174311926605505,0.1620795107033639,0.8287461773700305,65.45454545454545,51.81818181818182,88.18181818181819,20.0,44.54545454545455,53.76344086021505,76.53061224489795,56.36363636363636,31.48148148148148,80.9090909090909,83.18181818181819,26.36363636363636,56.36363636363637,51.580247283012255,44.13019079685747,84.0909090909091,26.36363636363636
Darren Elkins,Men’s Featherweight,8,73.21666666666667,1.0,2.9638060550876393,7.470976553608012,4.343273389483269,-1.3794673343956294,0.396709323583181,0.4573378839590444,0.0,0.4097427725927612,3.4828135670384706,0.3617021276595745,0.4545454545454546,0.6146141588891417,0.6472222222222223,0.75,0.15207373271889402,0.1935483870967742,0.6543778801843319,22.727272727272727,15.454545454545453,27.27272727272727,20.0,86.36363636363636,49.46236559139785,20.408163265306122,74.54545454545455,71.29629629629629,39.99999999999999,30.454545454545457,34.54545454545455,21.363636363636363,56.88261537915915,77.40179573512906,32.57575757575757,34.54545454545455
Muhammad Naimov,Men’s Featherweight,7,75.31666666666668,1.0,2.323522903297189,5.735782252710776,2.8546138526222613,-0.5310909493250722,0.4050925925925926,0.4473007712082262,0.19915910599690195,0.19915910599690195,1.7924319539721176,0.34615384615384615,0.7352941176470589,0.19915910599690195,0.5564776394651914,1.0,0.13714285714285715,0.1657142857142857,0.6971428571428572,34.54545454545455,23.636363636363637,17.272727272727273,45.45454545454545,70.0,47.31182795698925,70.40816326530613,53.63636363636364,60.18518518518518,55.45454545454545,14.090909090909095,18.181818181818183,30.22727272727273,61.976294101870145,61.27384960718294,28.939393939393938,18.181818181818183
Josh Emmett,Men’s Featherweight,8,106.44999999999999,1.0,3.0248943165805544,9.572569281352749,5.016439643024895,-1.9915453264443403,0.31599607458292445,0.5586776859504132,0.28182245185533117,0.42273367778299675,0.7045561296383279,0.25,0.375,0.0,0.5874213836477987,0.6,0.046583850931677016,0.024844720496894408,0.9285714285714286,17.272727272727273,3.6363636363636362,66.36363636363637,50.90909090909091,42.72727272727273,31.72043010752688,14.795918367346939,22.272727272727273,62.96296296296296,38.18181818181817,41.36363636363636,61.81818181818181,34.54545454545455,38.05164604127738,42.65432098765432,48.63636363636363,61.81818181818181
Luke Riley,Men’s Featherweight,3,23.55,1.0,6.666666666666666,11.337579617834395,3.8641188959660298,2.8025477707006363,0.5880149812734082,0.6111111111111112,1.2738853503184713,0.0,0.0,,0.375,0.0,0.040380047505938245,0.0,0.07006369426751592,0.10828025477707007,0.821656050955414,94.54545454545455,87.27272727272727,84.54545454545455,90.9090909090909,14.545454545454545,,14.795918367346939,22.272727272727273,6.481481481481481,80.9090909090909,83.18181818181819,81.81818181818183,89.31818181818181,11.940951464760987,14.433221099887767,82.87878787878788,81.81818181818183
Miles Johns,Men’s Featherweight,8,102.53333333333333,1.0,3.0234070221066323,7.539011703511053,3.0234070221066323,0.0,0.40103492884864167,0.6291866028708134,0.14629388816644995,0.0,1.4629388816644995,0.2564102564102564,0.6923076923076923,0.0,0.5877106045589693,0.3333333333333333,0.01935483870967742,0.035483870967741936,0.9451612903225807,49.54545454545455,17.272727272727273,91.81818181818183,40.909090909090914,64.54545454545455,34.40860215053764,59.693877551020414,22.272727272727273,63.888888888888886,80.9090909090909,58.18181818181818,35.45454545454545,49.88636363636363,55.634205783975375,50.23569023569024,76.96969696969698,35.45454545454545
Yadier del Valle,Men’s Featherweight,4,22.166666666666664,1.0,1.2631578947368423,2.7518796992481205,0.9022556390977444,0.36090225563909784,0.45901639344262296,0.6551724137931034,0.6766917293233083,0.0,0.6766917293233083,1.0,0.6,2.7067669172932334,0.4497767857142857,0.0,0.35714285714285715,0.07142857142857142,0.5714285714285714,60.909090909090914,38.18181818181819,96.36363636363636,78.18181818181819,40.909090909090914,98.38709677419355,41.83673469387755,96.36363636363636,47.22222222222222,80.9090909090909,83.18181818181819,5.454545454545454,68.4090909090909,57.088786149846065,61.49831649831649,86.81818181818181,5.454545454545454
Daniel Santos,Men’s Featherweight,6,69.3,1.0,5.151515151515151,12.727272727272728,5.382395382395383,-0.23088023088023135,0.40476190476190477,0.5046480743691899,0.4329004329004329,0.4329004329004329,2.597402597402598,0.3333333333333333,0.7333333333333334,0.0,0.8432432432432433,0.5,0.14565826330532214,0.0896358543417367,0.7647058823529411,41.81818181818181,22.727272727272727,38.18181818181819,64.54545454545455,76.36363636363637,44.086021505376344,68.87755102040816,22.272727272727273,90.74074074074075,37.27272727272727,49.090909090909086,89.0909090909091,41.81818181818181,70.01698740754041,63.125701459034794,41.51515151515152,89.0909090909091
Christian Rodriguez,Men’s Featherweight,8,98.53333333333333,1.0,4.100135317997294,7.672530446549391,3.1156968876860622,0.9844384303112319,0.5343915343915344,0.5682137834036568,0.15223274695534506,0.0,2.1312584573748308,0.3888888888888889,0.71875,0.9133964817320704,0.48046046652529534,0.3333333333333333,0.15594059405940594,0.18316831683168316,0.6608910891089109,70.0,70.0,73.63636363636363,41.81818181818181,74.54545454545455,55.91397849462365,65.3061224489796,85.45454545454545,50.92592592592593,80.9090909090909,58.18181818181818,37.27272727272727,63.86363636363636,61.67287035374592,70.30864197530865,70.9090909090909,37.27272727272727
Danny Silva,Men’s Featherweight,4,50.516666666666666,1.0,4.196634774001979,8.709996700758825,5.305179808644012,-1.1085450346420327,0.4818181818181818,0.6235955056179776,0.5938634114153745,0.0,2.0785219399538106,0.3181818181818182,0.7333333333333334,0.29693170570768723,0.6884272997032641,0.0,0.009433962264150943,0.02830188679245283,0.9622641509433962,27.27272727272727,48.63636363636364,90.45454545454545,71.81818181818181,73.63636363636363,40.32258064516129,68.87755102040816,58.18181818181818,76.85185185185185,80.9090909090909,83.18181818181819,53.63636363636364,59.54545454545455,64.92208678844622,69.55667789001122,84.84848484848486,53.63636363636364
Jamall Emmers,Men’s Featherweight,8,71.51666666666667,1.0,5.145653693777675,10.654859007224424,3.7893264973199723,1.3563271964577024,0.48293963254593175,0.5745682888540031,0.6292239571195526,0.20974131903985085,2.9363784665579122,0.5833333333333334,0.8,0.4194826380797017,0.8786464410735122,0.6666666666666666,0.09239130434782608,0.11684782608695653,0.7907608695652174,79.0909090909091,50.0,76.36363636363637,74.54545454545455,80.9090909090909,84.40860215053763,84.18367346938776,64.54545454545455,91.66666666666666,53.63636363636363,35.90909090909091,72.72727272727273,70.0,85.29200829892073,79.04040404040403,55.303030303030305,72.72727272727273
Jordan Leavitt,Men’s Featherweight,8,56.233333333333334,1.0,2.4718435091879076,4.285714285714286,1.7249555423829281,0.7468879668049795,0.5767634854771784,0.612,0.26674570243034973,0.0,2.934202726733847,0.28205128205128205,0.5,1.3337285121517488,0.7351576994434137,1.0,0.08633093525179857,0.12949640287769784,0.7841726618705036,67.27272727272727,84.54545454545455,85.45454545454545,50.0,80.0,36.55913978494624,25.0,90.0,81.48148148148148,80.9090909090909,14.090909090909095,10.909090909090908,71.81818181818181,55.76015531660693,83.82716049382715,60.151515151515156,10.909090909090908
Tommy McMillen,Men’s Featherweight,2,17.433333333333334,1.0,18.69980879541109,37.11281070745698,4.359464627151052,14.340344168260039,0.5038639876352395,0.6346153846153846,2.581261950286807,0.0,0.0,,,0.0,0.8076923076923077,0.0,0.03067484662576687,0.06134969325153374,0.9079754601226994,100.0,60.909090909090914,93.63636363636364,95.45454545454545,14.545454545454545,,,22.272727272727273,89.81481481481481,80.9090909090909,83.18181818181819,100.0,87.5,52.18013468013468,42.210998877665546,85.90909090909092,100.0
Kaan Ofli,Men’s Featherweight,5,43.8,1.0,2.4885844748858448,5.205479452054795,3.17351598173516,-0.6849315068493151,0.4780701754385965,0.5683229813664596,0.34246575342465757,0.6849315068493151,0.34246575342465757,0.07142857142857142,0.0,0.6849315068493151,0.6051625239005736,0.5,0.06422018348623854,0.22935779816513763,0.7064220183486238,31.818181818181817,46.36363636363636,74.54545454545455,58.18181818181818,33.63636363636363,16.129032258064516,5.1020408163265305,76.36363636363637,65.74074074074075,24.545454545454536,49.090909090909086,15.454545454545453,52.72727272727273,30.15204436287386,58.580246913580254,49.393939393939384,15.454545454545453
Marwan Rahiki,Men’s Featherweight,2,12.783333333333333,1.0,8.761408083441982,15.958279009126468,5.788787483702738,2.972620599739243,0.5490196078431373,0.5865921787709497,1.1734028683181226,0.0,0.0,,1.0,0.0,0.6923076923076923,0.0,0.026785714285714284,0.017857142857142856,0.9553571428571429,95.45454545454545,77.27272727272727,79.0909090909091,86.36363636363636,14.545454545454545,,96.42857142857143,22.272727272727273,78.70370370370371,80.9090909090909,83.18181818181819,98.18181818181819,84.54545454545455,63.22590989257657,38.50729517396184,81.06060606060606,98.18181818181819
Jack Jenkins,Men’s Featherweight,6,76.21666666666667,1.0,4.644653400393614,7.780450470150885,3.2932429477367156,1.3514104526568986,0.596964586846543,0.5795644891122278,0.5904220424229171,0.0,1.5744587797944458,0.5714285714285714,0.7,0.19680734747430573,0.4453012048192771,1.0,0.12994350282485875,0.10451977401129943,0.7655367231638418,78.18181818181819,90.0,77.27272727272727,70.9090909090909,67.27272727272727,82.25806451612904,61.224489795918366,52.72727272727272,46.2962962962963,80.9090909090909,14.090909090909095,40.0,79.0909090909091,64.26289447026774,55.4320987654321,57.42424242424243,40.0
Dan Ige,Men’s Featherweight,8,93.85,1.0,3.22855620671284,7.277570591369207,3.5269046350559408,-0.2983484283431008,0.44363103953147875,0.5402777777777779,0.4794885455514119,0.15982951518380395,0.3196590303676079,0.2222222222222222,0.6052631578947368,0.0,0.39283683911313244,0.2,0.11221122112211221,0.07590759075907591,0.8118811881188119,40.0,33.63636363636363,55.45454545454545,65.45454545454545,31.818181818181817,25.806451612903224,43.87755102040816,22.272727272727273,41.66666666666667,56.36363636363636,64.0909090909091,30.0,48.636363636363626,35.792212779539966,31.91919191919192,58.63636363636363,30.0
Lerryan Douglas,Men’s Featherweight,1,3.55,1.0,8.169014084507042,13.521126760563382,4.788732394366197,3.380281690140845,0.6041666666666666,0.6304347826086957,8.450704225352114,0.0,0.0,,,0.0,0.625,0.0,0.06896551724137931,0.06896551724137931,0.8620689655172413,97.27272727272728,93.63636363636364,92.72727272727272,99.0909090909091,14.545454545454545,,,22.272727272727273,68.05555555555556,80.9090909090909,83.18181818181819,91.81818181818183,95.68181818181819,41.30050505050505,34.95791245791246,85.60606060606061,91.81818181818183
Gaston Bolanos,Men’s Featherweight,5,60.38333333333333,1.0,3.9083632348882142,8.214187137731162,3.544024289263042,0.36433894562517244,0.47580645161290325,0.547568710359408,0.0,0.24841291747170852,0.7452387524151256,0.75,0.5,0.0,0.23783454987834549,1.0,0.1483050847457627,0.0423728813559322,0.809322033898305,61.81818181818181,44.54545454545455,61.81818181818181,20.0,45.45454545454545,94.08602150537635,25.0,22.272727272727273,23.14814814814815,51.81818181818181,14.090909090909095,45.45454545454545,47.04545454545455,46.92217877701749,30.291806958473625,42.57575757575757,45.45454545454545
Murtazali Magomedov,Men’s Featherweight,1,1.2833333333333334,1.0,3.8961038961038956,5.454545454545454,2.3376623376623376,1.558441558441558,0.7142857142857143,0.7692307692307692,0.0,0.0,11.688311688311687,0.5,,11.688311688311687,1.0,0.0,0.0,0.0,1.0,84.54545454545455,100.0,100.0,20.0,99.0909090909091,72.04301075268818,,100.0,98.61111111111111,80.9090909090909,83.18181818181819,16.363636363636363,76.13636363636364,89.91501031823611,99.23400673400674,88.03030303030305,16.363636363636363
Keiichiro Nakamura,Men’s Featherweight,1,13.8,1.0,3.260869565217391,8.623188405797102,5.72463768115942,-2.463768115942029,0.37815126050420167,0.6127450980392157,1.0869565217391304,0.0,0.0,,0.0,0.0,1.0,0.0,0.06666666666666667,0.022222222222222223,0.9111111111111111,15.454545454545453,10.909090909090908,86.36363636363636,85.45454545454545,14.545454545454545,,5.1020408163265305,22.272727272727273,98.61111111111111,80.9090909090909,83.18181818181819,50.90909090909091,49.54545454545455,39.41953549096406,45.14309764309764,83.48484848484848,50.90909090909091
Rodrigo Vera,Men’s Featherweight,1,1.8333333333333333,1.0,9.272727272727273,15.818181818181818,3.8181818181818183,5.454545454545455,0.5862068965517241,0.5,8.181818181818183,0.0,8.181818181818183,1.0,,0.0,1.0,0.0,0.5294117647058824,0.058823529411764705,0.4117647058823529,99.0909090909091,85.45454545454545,36.81818181818181,98.18181818181819,98.18181818181819,98.38709677419355,,22.272727272727273,98.61111111111111,80.9090909090909,83.18181818181819,97.27272727272728,79.88636363636364,98.39334202237428,73.02188552188552,66.96969696969697,97.27272727272728
Julian Erosa,Men’s Featherweight,8,49.61666666666667,1.0,5.96573731944911,12.596573731944911,5.925428283506886,0.040309035942224014,0.4736,0.49397590361445787,0.0,1.2092710782667115,1.813906617400067,0.3333333333333333,0.6153846153846154,0.6046355391333558,0.7386215864759428,0.75,0.10472972972972973,0.17229729729729729,0.722972972972973,51.81818181818182,42.72727272727273,34.54545454545455,20.0,70.9090909090909,44.086021505376344,46.42857142857143,72.72727272727273,82.4074074074074,15.454545454545455,30.454545454545457,88.18181818181819,37.27272727272727,60.95777281261152,75.34792368125702,26.818181818181817,88.18181818181819
Ezra Elliott,Men’s Featherweight,1,15.0,1.0,0.4,0.7333333333333333,0.4666666666666667,-0.06666666666666665,0.5454545454545454,0.65,0.0,0.0,12.0,0.6666666666666666,1.0,3.0,0.9336158192090396,0.0,0.6666666666666666,0.0,0.3333333333333333,46.36363636363636,73.63636363636363,94.54545454545455,20.0,100.0,88.70967741935483,96.42857142857143,97.72727272727273,96.29629629629629,80.9090909090909,83.18181818181819,0.9090909090909091,58.63636363636363,95.35863628605564,98.00785634118968,86.2121212121212,0.9090909090909091
Shane Collins,Men’s Featherweight,1,15.0,1.0,5.066666666666666,9.2,3.8666666666666667,1.1999999999999997,0.5507246376811594,0.348314606741573,0.0,0.0,0.0,0.0,0.4444444444444444,3.0,0.37745098039215685,0.0,0.0,0.13157894736842105,0.868421052631579,75.45454545454545,78.18181818181819,4.545454545454546,20.0,14.545454545454545,8.064516129032258,18.367346938775512,97.72727272727273,37.96296296296296,80.9090909090909,83.18181818181819,57.27272727272727,44.54545454545454,19.73507014405632,50.07856341189674,56.21212121212121,57.27272727272727
Marcio Barbosa,Men’s Featherweight,1,1.3333333333333333,1.0,3.0,6.0,3.75,-0.75,0.5,0.6153846153846154,11.25,0.0,0.0,,,0.0,,0.0,0.0,0.0,1.0,30.909090909090907,57.27272727272727,87.27272727272727,100.0,14.545454545454545,,,22.272727272727273,,80.9090909090909,83.18181818181819,21.818181818181817,68.86363636363636,14.545454545454545,18.40909090909091,83.7878787878788,21.818181818181817
Jose Delano,Men’s Featherweight,1,15.0,1.0,7.133333333333334,11.466666666666667,4.466666666666667,2.666666666666667,0.622093023255814,0.6616161616161615,0.0,0.0,0.0,0.0,1.0,0.0,0.3584905660377358,0.0,0.0,0.21495327102803738,0.7850467289719626,93.63636363636364,95.45454545454545,98.18181818181819,20.0,14.545454545454545,8.064516129032258,96.42857142857143,22.272727272727273,35.18518518518518,80.9090909090909,83.18181818181819,83.63636363636363,76.81818181818181,38.555931822060856,24.00112233445567,87.42424242424242,83.63636363636363
Morgan Charriere,Men’s Featherweight,6,50.983333333333334,1.0,4.020921869892121,8.041843739784243,4.511278195488722,-0.4903563255966006,0.5,0.5390781563126252,0.8826413860738804,0.5884275907159202,2.059496567505721,0.4666666666666667,0.8333333333333334,0.2942137953579601,0.6283987915407855,0.3333333333333333,0.04878048780487805,0.05853658536585366,0.8926829268292683,35.45454545454545,57.27272727272727,54.54545454545454,80.9090909090909,72.72727272727273,66.12903225806451,86.73469387755102,57.27272727272727,69.44444444444444,28.181818181818176,58.18181818181818,43.63636363636363,57.04545454545454,73.75886082683319,66.48148148148148,46.96969696969697,43.63636363636363
John Castaneda,Men’s Featherweight,8,100.83333333333334,1.0,5.395041322314049,10.21487603305785,4.998347107438016,0.3966942148760335,0.5281553398058253,0.5487914055505819,0.5950413223140495,0.44628099173553715,1.6363636363636362,0.4074074074074074,0.8,0.14876033057851237,0.786013986013986,0.3333333333333333,0.03860294117647059,0.0661764705882353,0.8952205882352942,63.63636363636363,67.27272727272727,62.727272727272734,72.72727272727273,69.0909090909091,60.215053763440864,84.18367346938776,48.18181818181818,87.03703703703704,35.45454545454545,58.18181818181818,69.0909090909091,66.5909090909091,75.1316683401937,68.10325476992143,52.121212121212125,69.0909090909091
Aaron Pico,Men’s Featherweight,2,18.35,1.0,6.1580381471389645,11.444141689373296,3.1062670299727517,3.0517711171662127,0.5380952380952381,0.45192307692307687,0.0,0.8174386920980925,6.53950953678474,0.5,,0.0,1.0,1.0,0.061946902654867256,0.07964601769911504,0.8584070796460177,96.36363636363636,71.81818181818181,21.818181818181817,20.0,97.27272727272728,72.04301075268818,,22.272727272727273,98.61111111111111,21.818181818181817,14.090909090909095,82.72727272727273,52.5,89.30894971217553,72.71885521885523,19.242424242424242,82.72727272727273
Bogdan Grad,Men’s Featherweight,4,39.41666666666667,1.0,3.2473572938689212,5.505285412262156,2.8414376321353063,0.40591966173361493,0.5898617511520737,0.4862385321100917,0.0,0.3805496828752642,5.3276955602537,0.3783783783783784,0.75,0.7610993657505284,0.768565248738284,0.5,0.40625,0.1875,0.40625,64.54545454545455,89.0909090909091,32.72727272727273,20.0,95.45454545454545,51.61290322580645,73.9795918367347,80.0,85.18518518518519,40.90909090909091,49.090909090909086,17.272727272727273,51.590909090909086,76.55805642556794,86.87991021324355,40.90909090909091,17.272727272727273
Javier Reyes,Men’s Featherweight,2,9.25,1.0,5.72972972972973,11.891891891891891,3.675675675675676,2.054054054054054,0.4818181818181818,0.3584905660377359,1.6216216216216217,1.6216216216216217,1.6216216216216217,0.5,,0.0,0.7647058823529411,1.0,0.6981132075471698,0.0,0.3018867924528302,88.18181818181819,48.63636363636364,5.454545454545454,92.72727272727272,68.18181818181817,72.04301075268818,,22.272727272727273,84.25925925925925,11.818181818181815,14.090909090909095,85.45454545454545,58.75,74.82802939792187,58.23793490460156,10.454545454545455,85.45454545454545
Kai Kamaka III,Men’s Featherweight,2,18.05,1.0,7.091412742382271,11.080332409972298,8.254847645429363,-1.1634349030470919,0.64,0.5415384615384615,0.0,1.6620498614958448,0.0,0.0,0.6666666666666667,0.0,0.22330097087378642,1.0,0.0,0.171875,0.828125,25.454545454545453,97.27272727272728,57.27272727272727,20.0,14.545454545454545,8.064516129032258,54.08163265306123,22.272727272727273,22.22222222222222,9.090909090909081,14.090909090909095,77.27272727272727,50.0,24.728456387442563,19.68013468013468,26.818181818181817,77.27272727272727
Isaac Dulgarian,Men’s Featherweight,4,32.8,1.0,2.987804878048781,4.695121951219512,1.6463414634146343,1.3414634146341466,0.6363636363636364,0.4065934065934066,0.0,0.0,4.573170731707318,0.5,,1.829268292682927,0.7872943845717527,0.5,0.7959183673469388,0.01020408163265306,0.19387755102040816,77.27272727272727,96.36363636363636,9.090909090909092,20.0,90.0,72.04301075268818,,93.63636363636364,87.96296296296296,80.9090909090909,49.090909090909086,12.727272727272727,50.68181818181818,83.33532457188372,90.5331088664422,46.36363636363637,12.727272727272727
Alberto Montes,Men’s Featherweight,2,19.15,1.0,4.5953002610966065,10.704960835509139,14.30809399477807,-9.712793733681462,0.4292682926829268,0.5218150087260035,0.0,1.566579634464752,0.0,,1.0,0.783289817232376,0.109375,1.0,0.0,0.06818181818181818,0.9318181818181818,0.9090909090909091,30.909090909090907,47.27272727272727,20.0,14.545454545454545,,96.42857142857143,80.9090909090909,12.037037037037036,12.727272727272721,14.090909090909095,73.63636363636363,24.772727272727273,41.00368767035434,35.83052749719416,24.6969696969697,73.63636363636363
JooSang Yoo,Men’s Featherweight,2,5.816666666666666,1.0,6.3610315186246424,10.830945558739256,4.98567335243553,1.3753581661891126,0.5873015873015873,0.5606060606060606,2.5787965616045847,2.5787965616045847,0.0,,0.5,0.0,0.0,1.0,0.02702702702702703,0.02702702702702703,0.9459459459459459,80.0,86.36363636363636,69.0909090909091,94.54545454545455,14.545454545454545,,25.0,22.272727272727273,3.2407407407407405,7.272727272727269,14.090909090909095,75.45454545454545,82.5,14.262065095398428,13.35297418630752,30.151515151515152,75.45454545454545
Andre Fili,Men’s Featherweight,8,80.68333333333334,1.0,4.040487502582111,10.249948357777319,5.899607519107622,-1.8591200165255115,0.3941958887545345,0.4426229508196722,0.37182400330510224,0.5577360049576533,1.859120016525511,0.38461538461538464,0.8125,0.0,0.6797752808988764,0.6,0.046012269938650305,0.06748466257668712,0.8865030674846626,19.090909090909093,13.636363636363635,15.454545454545453,63.63636363636363,71.81818181818181,53.76344086021505,85.71428571428571,22.272727272727273,75.92592592592592,30.000000000000004,41.36363636363636,70.0,27.954545454545453,71.80545857965213,56.672278338945006,28.939393939393938,70.0
Patricio Freire,Men’s Featherweight,2,30.0,1.0,2.4,4.9,3.9,-1.5,0.4897959183673469,0.524390243902439,0.0,0.5,3.0,0.46153846153846156,0.0,0.5,0.6715976331360947,0.0,0.05555555555555555,0.125,0.8194444444444444,21.818181818181817,53.63636363636364,50.0,20.0,81.81818181818183,64.51612903225806,5.1020408163265305,67.72727272727272,74.07407407407408,32.727272727272734,83.18181818181819,13.636363636363635,36.36363636363636,56.377606435210126,74.53984287317621,55.30303030303031,13.636363636363635
Douglas Silva de Andrade,Men’s Featherweight,8,90.45,1.0,3.3388612493090104,8.269762299613046,3.7037037037037037,-0.3648424543946933,0.4037433155080214,0.5539280958721704,0.6633499170812603,0.4975124378109453,0.33167495854063017,0.3333333333333333,0.7878787878787878,0.33167495854063017,0.3811965811965812,0.25,0.023178807947019868,0.06622516556291391,0.9105960264900662,36.36363636363637,21.818181818181817,65.45454545454545,77.27272727272727,32.72727272727273,44.086021505376344,82.6530612244898,60.909090909090914,38.88888888888889,34.54545454545453,61.81818181818181,47.27272727272727,50.22727272727273,49.588811086506944,44.17508417508418,53.93939393939394,47.27272727272727
Hyder Amil,Men’s Featherweight,6,42.433333333333344,1.0,7.2820109976433605,13.83346425765907,4.948939512961507,2.333071484681853,0.5264054514480409,0.5070422535211268,0.3534956794972505,0.706991358994501,0.706991358994501,0.16666666666666666,0.4666666666666667,0.706991358994501,0.3193612774451098,0.6666666666666666,0.06472491909385113,0.08090614886731391,0.8543689320388349,90.9090909090909,66.36363636363637,39.09090909090909,61.81818181818181,43.63636363636363,18.817204301075268,21.428571428571427,78.18181818181819,30.555555555555557,22.727272727272723,35.90909090909091,93.63636363636364,64.54545454545455,28.609423730391473,50.79124579124579,32.57575757575757,93.63636363636364
Losene Keita,Men’s Featherweight,1,15.0,1.0,3.466666666666667,7.933333333333334,4.466666666666667,-1.0,0.4369747899159664,0.6235955056179776,0.0,0.0,0.0,,1.0,0.0,,0.0,0.0,0.0,1.0,28.18181818181818,31.818181818181817,90.45454545454545,20.0,14.545454545454545,,96.42857142857143,22.272727272727273,,80.9090909090909,83.18181818181819,41.81818181818181,42.61363636363636,55.48701298701299,18.40909090909091,84.84848484848486,41.81818181818181
Calvin Kattar,Men’s Featherweight,8,150.13333333333333,1.0,3.983126110124334,11.08348134991119,6.594138543516874,-2.61101243339254,0.359375,0.5420906567992599,0.09991119005328597,0.09991119005328597,0.2997335701598579,0.3,0.7714285714285715,0.09991119005328597,0.30940834141610085,0.16666666666666666,0.026755852842809364,0.01839464882943144,0.9548494983277592,12.727272727272727,8.181818181818182,58.18181818181818,40.0,30.0,38.70967741935484,75.51020408163265,44.54545454545455,29.629629629629626,60.90909090909091,65.45454545454545,78.18181818181819,29.772727272727273,43.46237778265428,34.725028058361396,61.51515151515152,78.18181818181819
Jack Shore,Men’s Featherweight,8,84.96666666666667,1.0,3.6014123185562963,6.025892506865437,2.5892506865437426,1.0121616320125537,0.59765625,0.5435684647302905,0.35307963907414674,0.35307963907414674,3.001176932130247,0.3695652173913043,0.7407407407407407,0.5296194586112201,0.5260014054813774,1.0,0.12745098039215685,0.14052287581699346,0.7320261437908496,70.9090909090909,90.9090909090909,59.09090909090909,60.909090909090914,82.72727272727273,50.53763440860215,72.44897959183673,70.9090909090909,57.407407407407405,42.72727272727273,14.090909090909095,22.727272727272727,70.45454545454545,65.78032353377975,70.34792368125703,38.63636363636363,22.727272727272727
Steven Nguyen,Men’s Featherweight,2,25.0,1.0,6.2,16.0,6.48,-0.28000000000000025,0.3875,0.547486033519553,3.5999999999999996,0.6,0.6,1.0,1.0,0.0,0.916256157635468,0.0,0.24516129032258063,0.05161290322580645,0.7032258064516129,40.909090909090914,12.727272727272727,60.909090909090914,97.27272727272728,38.18181818181819,98.38709677419355,96.42857142857143,22.272727272727273,94.44444444444444,27.272727272727284,83.18181818181819,99.0909090909091,52.95454545454546,81.8604827072569,51.63299663299663,57.121212121212125,99.0909090909091
Isaac Thomson,Men’s Featherweight,1,15.0,1.0,1.4,3.1333333333333333,2.2,-0.8000000000000003,0.44680851063829785,0.42105263157894735,0.0,0.0,4.0,0.8,0.33333333333333337,0.0,0.2731411229135053,0.0,0.047619047619047616,0.2857142857142857,0.6666666666666666,30.0,35.45454545454545,10.909090909090908,20.0,89.0909090909091,95.6989247311828,11.73469387755102,22.272727272727273,26.851851851851855,80.9090909090909,83.18181818181819,6.363636363636363,24.09090909090909,55.844094887873695,46.07182940516274,58.333333333333336,6.363636363636363
Austin Bashi,Men’s Featherweight,3,33.65,1.0,1.6939078751857355,4.279346210995542,2.347696879643388,-0.6537890044576524,0.3958333333333333,0.5406976744186047,0.0,0.4457652303120357,3.1203566121842496,0.21212121212121213,0.5714285714285714,0.8915304606240714,0.6915520628683693,0.0,0.05263157894736842,0.15789473684210525,0.7894736842105263,32.72727272727273,14.545454545454545,56.36363636363636,20.0,84.54545454545455,22.58064516129032,35.714285714285715,83.63636363636363,77.77777777777779,36.36363636363636,83.18181818181819,10.0,30.909090909090907,55.15454079970209,81.98653198653199,58.63636363636363,10.0
Damien Anderson,Men’s Featherweight,1,15.0,1.0,0.4666666666666667,1.3333333333333333,0.4,0.06666666666666665,0.35,0.4545454545454546,0.0,0.0,0.0,0.0,0.33333333333333337,1.0,0.06638418079096045,0.0,0.2857142857142857,0.42857142857142855,0.2857142857142857,52.72727272727272,7.2727272727272725,25.0,20.0,14.545454545454545,8.064516129032258,11.73469387755102,86.36363636363636,8.333333333333332,80.9090909090909,83.18181818181819,2.727272727272727,26.25,10.669499471342789,36.41414141414141,63.03030303030303,2.727272727272727
Otari Tanzilovi,Men’s Featherweight,1,15.0,1.0,3.8666666666666667,5.933333333333334,5.066666666666666,-1.1999999999999997,0.651685393258427,0.4492753623188406,0.0,0.0,5.0,0.5555555555555556,1.0,0.0,0.6225490196078431,0.0,0.0,0.29310344827586204,0.7068965517241379,24.545454545454547,98.18181818181819,19.090909090909093,20.0,93.63636363636364,80.10752688172043,96.42857142857143,22.272727272727273,66.66666666666666,80.9090909090909,83.18181818181819,20.0,40.45454545454545,84.20978215333054,60.858585858585855,61.06060606060606,20.0
Ollie Schmid,Men’s Featherweight,1,2.783333333333333,1.0,3.2335329341317367,10.778443113772456,7.904191616766467,-4.6706586826347305,0.3,0.44999999999999996,0.0,5.389221556886228,0.0,,,0.0,0.0,1.0,0.0,0.0,1.0,5.454545454545454,2.727272727272727,20.0,20.0,14.545454545454545,,,22.272727272727273,3.2407407407407405,3.6363636363636287,14.090909090909095,74.54545454545455,12.045454545454545,8.893097643097644,13.35297418630752,12.575757575757576,74.54545454545455
Kurtis Campbell,Men’s Featherweight,1,5.516666666666667,1.0,3.081570996978852,7.43202416918429,2.900302114803625,0.18126888217522685,0.4146341463414634,0.5,0.0,5.438066465256798,5.438066465256798,0.4,0.0,0.0,0.6408839779005525,1.0,0.0,0.11764705882352941,0.8823529411764706,55.45454545454545,25.454545454545453,36.81818181818181,20.0,96.36363636363636,58.602150537634415,5.1020408163265305,22.272727272727273,70.37037037037037,2.727272727272722,14.090909090909095,32.72727272727273,34.43181818181818,57.60954952199192,63.00224466891134,17.878787878787875,32.72727272727273
Patricio Pitbull,Men’s Featherweight,1,15.0,1.0,3.2666666666666666,5.866666666666666,6.666666666666667,-3.4000000000000004,0.5568181818181818,0.4475138121546961,0.0,0.0,0.0,,0.5384615384615384,0.0,0.0,0.0,0.0,0.24489795918367346,0.7551020408163265,6.363636363636363,80.9090909090909,18.181818181818183,20.0,14.545454545454545,,31.63265306122449,22.272727272727273,3.2407407407407405,80.9090909090909,83.18181818181819,19.090909090909093,31.363636363636363,16.472949449139925,13.35297418630752,60.75757575757576,19.090909090909093
Melsik Baghdasaryan,Men’s Featherweight,6,49.4,1.0,4.433198380566802,7.874493927125506,2.9554655870445345,1.4777327935222675,0.5629820051413882,0.5730994152046784,0.30364372469635625,0.30364372469635625,0.0,,0.6875,0.0,0.20098039215686275,1.0,0.0228310502283105,0.136986301369863,0.8401826484018264,82.72727272727273,81.81818181818183,75.45454545454545,53.63636363636364,14.545454545454545,,58.16326530612245,22.272727272727273,19.444444444444446,49.090909090909086,14.090909090909095,40.909090909090914,73.4090909090909,30.717721432007142,18.754208754208758,46.21212121212121,40.909090909090914
Sebastian Szalay,Men’s Featherweight,1,13.8,1.0,5.72463768115942,14.782608695652174,3.260869565217391,2.463768115942029,0.3872549019607843,0.6218487394957983,0.0,1.0869565217391304,1.0869565217391304,1.0,,0.0,0.0,1.0,0.0,0.012658227848101266,0.9873417721518988,92.72727272727272,11.818181818181818,89.0909090909091,20.0,52.72727272727272,98.38709677419355,,22.272727272727273,3.2407407407407405,19.090909090909083,14.090909090909095,94.54545454545455,53.40909090909091,51.45170341406901,26.080246913580243,40.75757575757576,94.54545454545455
Zhu Kangjie,Men’s Featherweight,1,1.8333333333333333,1.0,3.8181818181818183,7.636363636363637,9.272727272727273,-5.454545454545455,0.5,0.4137931034482759,0.0,8.181818181818183,0.0,,0.0,0.0,0.0,1.0,0.0,0.0,1.0,2.727272727272727,57.27272727272727,10.0,20.0,14.545454545454545,,5.1020408163265305,22.272727272727273,3.2407407407407405,0.9090909090909091,14.090909090909095,36.36363636363637,22.5,7.629412034173939,13.35297418630752,8.333333333333334,36.36363636363637
Michael Aswell Jr.,Men’s Featherweight,3,31.7,1.0,6.182965299684542,15.331230283911673,6.182965299684542,0.0,0.40329218106995884,0.4987212276214834,0.946372239747634,0.0,0.473186119873817,0.25,0.5,0.0,0.9191176470588235,0.0,0.05612244897959184,0.0663265306122449,0.8775510204081632,49.54545454545455,20.0,35.45454545454545,83.63636363636363,35.45454545454545,31.72043010752688,25.0,22.272727272727273,95.37037037037037,80.9090909090909,83.18181818181819,96.36363636363636,47.15909090909091,46.886336483110675,51.032547699214355,66.51515151515152,96.36363636363636
Ricardo Ramos,Men’s Featherweight,8,69.68333333333334,1.0,2.8270748624730926,8.309016981583353,4.649605357569959,-1.8225304950968662,0.34024179620034545,0.5164179104477612,0.2152595072949055,0.2152595072949055,3.013633102128677,0.5833333333333334,0.6428571428571428,1.291557043769433,0.6012216404886562,0.6,0.005076142131979695,0.08121827411167512,0.9137055837563451,20.909090909090907,5.454545454545454,44.54545454545455,48.18181818181818,83.63636363636363,84.40860215053763,51.02040816326531,89.0909090909091,64.81481481481481,52.72727272727273,41.36363636363636,49.09090909090909,29.772727272727273,70.97004719124534,79.18069584736251,46.21212121212121,49.09090909090909
Ramon Taveras,Men’s Featherweight,3,45.0,1.0,3.8666666666666667,9.244444444444444,6.466666666666667,-2.6,0.4182692307692308,0.5344,0.33333333333333337,0.0,0.0,0.0,0.7272727272727273,0.0,0.28610354223433243,0.0,0.034482758620689655,0.017241379310344827,0.9482758620689655,13.636363636363635,26.36363636363636,53.63636363636364,57.27272727272727,14.545454545454545,8.064516129032258,66.83673469387756,22.272727272727273,27.77777777777778,80.9090909090909,83.18181818181819,58.18181818181818,37.72727272727273,29.306120786535537,21.531986531986533,72.57575757575758,58.18181818181818
Nate Landwehr,Men’s Featherweight,8,84.16666666666666,1.0,5.227722772277228,11.774257425742576,5.584158415841585,-0.35643564356435675,0.4439959636730575,0.5119418483904465,0.17821782178217824,0.8910891089108911,0.8910891089108911,0.4166666666666667,0.6111111111111112,0.8910891089108911,0.5003849114703618,0.75,0.056818181818181816,0.19318181818181818,0.75,37.27272727272727,34.54545454545455,40.0,44.54545454545455,47.27272727272727,61.29032258064516,44.89795918367347,82.72727272727273,54.629629629629626,20.000000000000004,30.454545454545457,84.54545454545455,39.09090909090909,52.02265966666888,61.543209876543216,30.151515151515152,84.54545454545455
Gabriel Santos,Men’s Featherweight,4,51.31666666666667,1.0,4.345566742448847,7.171159467359532,4.306593049691458,0.03897369275738871,0.6059782608695652,0.45432098765432094,0.2923026956804157,0.5846053913608315,3.7999350438454043,0.5416666666666666,0.875,1.169210782721663,0.7083333333333334,0.5,0.14798206278026907,0.1031390134529148,0.7488789237668162,50.90909090909091,94.54545454545455,23.636363636363637,52.72727272727272,88.18181818181819,78.49462365591397,88.77551020408163,87.27272727272727,79.62962962962963,29.090909090909097,49.090909090909086,29.09090909090909,55.454545454545446,83.77039541786085,85.0280583613917,33.93939393939394,29.09090909090909
Robert Ruchala,Men’s Featherweight,2,30.0,1.0,3.3666666666666667,9.8,5.2,-1.8333333333333335,0.3435374149659864,0.4545454545454546,0.0,0.0,1.0,0.2222222222222222,0.7142857142857143,0.0,0.7835990888382688,0.0,0.0,0.13861386138613863,0.8613861386138614,20.0,6.363636363636363,25.0,20.0,49.09090909090909,25.806451612903224,63.775510204081634,22.272727272727273,86.11111111111111,80.9090909090909,83.18181818181819,63.63636363636363,17.84090909090909,56.19599550475127,52.4915824915825,63.03030303030303,63.63636363636363
Gianni Vazquez,Men’s Featherweight,2,18.15,1.0,1.7079889807162536,7.327823691460056,3.9118457300275487,-2.203856749311295,0.23308270676691728,0.43200000000000005,0.0,1.6528925619834711,0.0,,0.625,1.6528925619834711,0.0681198910081744,0.5,0.0,0.03225806451612903,0.967741935483871,16.363636363636363,0.9090909090909091,12.727272727272727,20.0,14.545454545454545,,48.46938775510204,91.81818181818183,9.25925925925926,10.000000000000002,49.090909090909086,30.909090909090907,12.5,24.091367186605282,38.54096520763188,23.939393939393938,30.909090909090907
JeongYeong Lee,Men’s Featherweight,4,46.08333333333333,1.0,3.168173598553346,6.488245931283907,3.79746835443038,-0.6292947558770341,0.4882943143812709,0.5125348189415042,0.0,0.0,0.6509945750452081,0.6666666666666666,0.7380952380952381,0.0,0.21447543160690571,0.5,0.11643835616438356,0.14383561643835616,0.7397260273972602,33.63636363636363,52.72727272727272,40.909090909090914,20.0,40.0,88.70967741935483,71.42857142857143,22.272727272727273,20.37037037037037,80.9090909090909,49.090909090909086,25.454545454545453,36.81818181818181,55.12715480457416,27.54769921436588,56.96969696969697,25.454545454545453
Harry Hardwick,Men’s Featherweight,2,13.35,1.0,5.468164794007491,12.883895131086142,8.539325842696629,-3.071161048689138,0.42441860465116277,0.4411764705882353,0.0,1.1235955056179776,0.0,0.0,,0.0,0.2894736842105263,1.0,0.0,0.0,1.0,7.2727272727272725,29.09090909090909,14.545454545454545,20.0,14.545454545454545,8.064516129032258,,22.272727272727273,28.703703703703702,18.181818181818176,14.090909090909095,90.0,17.727272727272727,17.104558126063502,21.840628507295175,15.606060606060604,90.0
Manolo Zecchini,Men’s Featherweight,2,7.800000000000001,1.0,3.7179487179487176,13.076923076923075,12.82051282051282,-9.102564102564102,0.28431372549019607,0.45355191256830596,0.0,3.846153846153846,0.0,,,0.0,0.625,1.0,0.0,0.034482758620689655,0.9655172413793104,1.8181818181818181,1.8181818181818181,22.727272727272727,20.0,14.545454545454545,,,22.272727272727273,68.05555555555556,5.454545454545456,14.090909090909095,90.9090909090909,11.59090909090909,41.30050505050505,34.95791245791246,14.090909090909093,90.9090909090909
Yizha,Men’s Featherweight,4,45.61666666666667,1.0,3.2005845816587506,6.401169163317501,3.266350018268177,-0.06576543660942624,0.5,0.46402877697841727,0.9864815491413957,0.3288271830471319,2.630617464377055,0.2857142857142857,0.7777777777777778,0.0,0.4842454394693201,0.0,0.0821917808219178,0.0958904109589041,0.821917808219178,47.27272727272727,57.27272727272727,30.0,84.54545454545455,77.27272727272727,37.634408602150536,78.06122448979592,22.272727272727273,51.85185185185185,44.54545454545455,83.18181818181819,24.545454545454547,54.77272727272728,61.2050530541314,50.465768799102136,52.575757575757585,24.545454545454547
Jonathan Pearce,Men’s Featherweight,8,85.15,1.0,4.157369348209043,7.751027598355842,2.607163828537874,1.5502055196711688,0.5363636363636364,0.56640625,0.0,0.0,5.108631826189078,0.5,0.5,0.8807985907222547,0.762989095574086,0.6666666666666666,0.2937853107344633,0.20056497175141244,0.5056497175141242,83.63636363636363,70.9090909090909,71.81818181818181,20.0,94.54545454545455,72.04301075268818,25.0,81.81818181818183,83.33333333333334,80.9090909090909,35.90909090909091,39.09090909090909,61.590909090909086,68.73044965786902,86.56565656565658,62.878787878787875,39.09090909090909
Fernando Padilla,Men’s Featherweight,4,24.400000000000002,1.0,6.0655737704918025,15.040983606557376,5.737704918032787,0.32786885245901587,0.4032697547683924,0.5205479452054795,1.2295081967213113,0.6147540983606556,0.0,0.0,1.0,0.6147540983606556,0.5078125,0.5,0.12162162162162163,0.08108108108108109,0.7972972972972973,57.27272727272727,19.090909090909093,45.45454545454545,88.18181818181819,14.545454545454545,8.064516129032258,96.42857142857143,75.45454545454545,55.55555555555556,26.363636363636363,49.090909090909086,95.45454545454545,52.5,43.64852441465345,48.51851851851851,40.303030303030305,95.45454545454545
Westin Wilson,Men’s Featherweight,4,9.533333333333333,1.0,1.5734265734265735,4.93006993006993,6.713286713286713,-5.13986013986014,0.3191489361702128,0.30434782608695654,0.0,4.72027972027972,1.5734265734265733,0.16666666666666666,0.33333333333333337,7.8671328671328675,0.16666666666666666,1.0,0.0,0.06666666666666667,0.9333333333333333,4.545454545454546,4.545454545454546,3.6363636363636362,20.0,66.36363636363637,18.817204301075268,11.73469387755102,99.0909090909091,16.666666666666664,4.545454545454549,14.090909090909095,14.545454545454545,8.181818181818182,28.39555030223233,60.707070707070706,7.4242424242424265,14.545454545454545
Lucas Almeida,Men’s Featherweight,6,52.949999999999996,1.0,4.53257790368272,12.049102927289898,4.7025495750708215,-0.16997167138810187,0.3761755485893417,0.4340909090909091,0.84985835694051,1.1331444759206801,0.0,0.0,0.5454545454545454,0.0,0.2179203539823009,0.75,0.1,0.016666666666666666,0.8833333333333333,42.72727272727273,10.0,13.636363636363635,80.0,14.545454545454545,8.064516129032258,32.6530612244898,22.272727272727273,21.296296296296298,17.272727272727284,30.454545454545457,86.36363636363636,36.59090909090909,19.139832048818224,19.37149270482604,20.454545454545457,86.36363636363636
Victor Hugo,Men’s Featherweight,2,30.0,1.0,3.7666666666666666,8.3,3.4,0.3666666666666667,0.4538152610441767,0.5603448275862069,0.5,0.0,0.5,0.25,0.75,0.5,0.08656330749354005,0.0,0.0,0.11504424778761062,0.8849557522123894,62.727272727272734,37.27272727272727,68.18181818181817,66.81818181818183,36.36363636363637,31.72043010752688,73.9795918367347,67.72727272727272,11.11111111111111,80.9090909090909,83.18181818181819,48.18181818181818,58.75,38.29369235475227,38.400673400673405,77.42424242424242,48.18181818181818
Erik Silva,Men’s Featherweight,3,16.9,1.0,1.5384615384615385,2.307692307692308,1.656804733727811,-0.11834319526627235,0.6666666666666666,0.37777777777777777,0.0,0.0,2.6627218934911245,0.75,0.6,0.0,0.19444444444444445,1.0,0.038461538461538464,0.2692307692307692,0.6923076923076923,43.63636363636363,99.0909090909091,6.363636363636363,20.0,78.18181818181819,94.08602150537635,41.83673469387755,22.272727272727273,17.59259259259259,80.9090909090909,14.090909090909095,4.545454545454546,42.27272727272727,57.92429174341617,39.34904601571268,33.78787878787879,4.545454545454546
Ricky Turcios,Men’s Featherweight,6,73.03333333333333,1.0,4.135098128708353,10.132359653126427,3.7927886809675946,0.342309447740758,0.4081081081081081,0.47338403041825095,0.2053856686444546,0.4107713372889092,1.026928343222273,0.21739130434782608,0.4411764705882353,0.4107713372889092,0.38785270205643235,0.5,0.152317880794702,0.15894039735099338,0.6887417218543046,58.18181818181818,24.545454545454547,30.909090909090907,46.36363636363636,50.0,23.655913978494624,17.346938775510203,63.63636363636363,40.74074074074074,39.09090909090909,49.090909090909086,68.18181818181817,40.0,32.93589837368639,51.45903479236813,39.696969696969695,68.18181818181817
Roberto Romero,Men’s Featherweight,2,23.916666666666664,1.0,4.557491289198607,9.282229965156795,6.439024390243903,-1.8815331010452958,0.49099099099099097,0.44404332129963897,0.6271777003484321,1.2543554006968642,0.0,0.0,0.7142857142857143,0.0,0.4364754098360656,0.5,0.009174311926605505,0.10091743119266056,0.8899082568807339,18.181818181818183,54.54545454545454,16.363636363636363,73.63636363636363,14.545454545454545,8.064516129032258,63.775510204081634,22.272727272727273,45.370370370370374,14.545454545454549,49.090909090909086,60.0,40.68181818181817,32.938962812234706,27.396184062850732,26.666666666666668,60.0
Jeka Saragih,Men’s Featherweight,4,12.533333333333331,1.0,1.914893617021277,3.6702127659574475,4.388297872340426,-2.4734042553191493,0.5217391304347826,0.2763157894736842,1.1968085106382982,1.1968085106382982,1.1968085106382982,0.5,0.6666666666666667,0.0,0.1266540642722117,1.0,0.20833333333333334,0.08333333333333333,0.7083333333333334,14.545454545454545,65.45454545454545,0.9090909090909091,87.27272727272727,54.54545454545454,72.04301075268818,54.08163265306123,22.272727272727273,13.88888888888889,16.363636363636363,14.090909090909095,9.090909090909092,42.04545454545455,48.63974671002321,30.23569023569023,10.454545454545455,9.090909090909092
Mohammad Yahya,Men’s Featherweight,3,29.75,1.0,3.495798319327731,8.77310924369748,6.38655462184874,-2.890756302521009,0.39846743295019155,0.43113772455089816,0.0,3.5294117647058822,0.5042016806722689,0.2,0.4285714285714286,0.5042016806722689,0.05675146771037182,0.6666666666666666,0.0,0.019230769230769232,0.9807692307692307,9.090909090909092,16.363636363636363,11.818181818181818,20.0,37.27272727272727,20.967741935483872,16.3265306122449,69.0909090909091,7.4074074074074066,6.363636363636362,35.90909090909091,54.54545454545454,14.318181818181818,20.493601806965863,37.923681257014586,18.030303030303028,54.54545454545454
Gabriel Miranda,Men’s Featherweight,4,15.8,1.0,3.2278481012658227,7.341772151898734,6.012658227848101,-2.7848101265822787,0.4396551724137931,0.3790849673202614,0.0,5.696202531645569,4.746835443037974,0.38461538461538464,0.0,1.8987341772151896,0.35051546391752575,1.0,0.0,0.13725490196078433,0.8627450980392157,10.0,32.72727272727273,7.2727272727272725,20.0,90.9090909090909,53.76344086021505,5.1020408163265305,94.54545454545455,34.25925925925926,1.8181818181818157,14.090909090909095,31.818181818181817,17.5,46.00845796122294,73.23793490460157,7.7272727272727275,31.818181818181817
Zygimantas Ramaska,Men’s Featherweight,1,6.233333333333333,1.0,0.9625668449197861,1.6042780748663101,2.2459893048128343,-1.2834224598930484,0.6,0.30000000000000004,0.0,0.0,0.0,,0.33333333333333337,2.406417112299465,0.3687707641196013,1.0,0.0,0.6666666666666666,0.3333333333333333,23.636363636363637,91.81818181818183,2.727272727272727,20.0,14.545454545454545,,11.73469387755102,95.45454545454545,36.11111111111111,80.9090909090909,14.090909090909095,3.6363636363636362,34.54545454545455,20.797086511372225,48.703703703703695,32.57575757575758,3.6363636363636362
Connor Matthews,Men’s Featherweight,3,16.233333333333334,1.0,4.250513347022587,10.53388090349076,6.960985626283367,-2.71047227926078,0.40350877192982454,0.5533596837944664,0.0,1.8480492813141682,2.7720739219712525,0.5,0.0,0.0,0.47802197802197804,1.0,0.028985507246376812,0.014492753623188406,0.9565217391304348,11.818181818181818,20.909090909090907,64.54545454545455,20.0,79.0909090909091,72.04301075268818,5.1020408163265305,22.272727272727273,50.0,8.181818181818189,14.090909090909095,70.9090909090909,29.31818181818182,51.55899016498095,50.45454545454546,28.93939393939394,70.9090909090909
Lucas Alexander,Men’s Featherweight,4,27.916666666666664,1.0,4.692537313432836,8.167164179104478,2.865671641791045,1.8268656716417908,0.5745614035087719,0.5652173913043479,0.5373134328358209,0.5373134328358209,0.0,0.0,0.6,0.0,0.3315696649029982,1.0,0.061068702290076333,0.030534351145038167,0.9083969465648855,85.45454545454545,82.72727272727273,70.9090909090909,68.18181818181817,14.545454545454545,8.064516129032258,41.83673469387755,22.272727272727273,32.407407407407405,31.818181818181817,14.090909090909095,44.54545454545455,76.81818181818181,24.21352819394294,23.075196408529738,38.93939393939394,44.54545454545455
Kron Gracie,Men’s Featherweight,4,42.75,1.0,2.9473684210526314,6.970760233918129,5.730994152046784,-2.7836257309941526,0.4228187919463087,0.5158102766798419,0.0,0.0,0.3508771929824561,0.25,0.0,0.7017543859649122,0.11388888888888889,0.3333333333333333,0.007936507936507936,0.09523809523809523,0.8968253968253969,10.909090909090908,27.27272727272727,43.63636363636363,20.0,34.54545454545455,31.72043010752688,5.1020408163265305,77.27272727272727,12.962962962962962,80.9090909090909,58.18181818181818,28.18181818181818,25.454545454545453,21.08272210806773,41.59371492704826,60.90909090909091,28.18181818181818
Dennis Buzukja,Men’s Featherweight,6,52.06666666666667,1.0,4.705505761843789,10.966709346991037,4.801536491677337,-0.09603072983354721,0.4290718038528897,0.5155038759689923,0.2880921895006402,0.8642765685019206,0.0,0.0,0.6153846153846154,0.0,0.14273281114012185,0.6,0.036734693877551024,0.04081632653061224,0.9224489795918367,45.45454545454545,30.0,42.72727272727273,51.81818181818182,14.545454545454545,8.064516129032258,46.42857142857143,22.272727272727273,14.814814814814813,20.90909090909091,41.36363636363636,76.36363636363637,42.5,20.96333922946826,17.210998877665546,35.0,76.36363636363637
Brendon Marotte,Men’s Featherweight,2,9.65,1.0,0.41450777202072536,0.8290155440414507,5.699481865284974,-5.284974093264249,0.5,0.2857142857142857,0.0,1.5544041450777202,0.0,,0.0,0.0,0.0,1.0,0.25,0.0,0.75,3.6363636363636362,57.27272727272727,1.8181818181818181,20.0,14.545454545454545,,5.1020408163265305,22.272727272727273,3.2407407407407405,13.636363636363642,14.090909090909095,1.8181818181818181,20.68181818181818,7.629412034173939,13.35297418630752,9.848484848484851,1.8181818181818181
SeungWoo Choi,Men’s Featherweight,8,64.73333333333333,1.0,3.7075180226570543,9.979402677651905,3.4140061791967042,0.2935118434603501,0.3715170278637771,0.48,0.9268795056642636,1.6220391349124612,0.9268795056642636,0.5714285714285714,0.7857142857142857,0.0,0.5778491171749599,0.8,0.07916666666666666,0.09166666666666666,0.8291666666666667,56.36363636363636,9.090909090909092,31.818181818181817,82.72727272727273,48.18181818181818,82.25806451612904,81.12244897959184,22.272727272727273,62.03703703703704,10.909090909090908,28.181818181818176,65.45454545454545,45.0,68.39984217864402,44.163860830527504,23.636363636363637,65.45454545454545
Daniel Pineda,Men’s Featherweight,8,90.08333333333333,1.0,2.5642923219241442,4.673450508788159,3.4301572617946348,-0.8658649398704905,0.5486935866983373,0.4511545293072824,0.16651248843663277,0.49953746530989823,1.3320999074930622,0.22857142857142856,0.631578947368421,1.4986123959296949,0.45872420262664165,0.2,0.36363636363636365,0.047619047619047616,0.5887445887445888,29.09090909090909,75.45454545454545,20.909090909090907,42.72727272727273,60.909090909090914,27.956989247311824,50.0,90.9090909090909,48.148148148148145,33.63636363636364,64.0909090909091,11.818181818181818,42.04545454545455,46.753557076137724,66.65544332210999,39.54545454545455,11.818181818181818
Joshua Van,Men’s Flyweight,8,106.31666666666666,1.0,8.192506662486283,13.817212729267911,5.8410409155039975,2.351465746982285,0.5929203539823009,0.5743660041124057,0.8465276689136229,0.14108794481893713,0.7054397240946857,0.8333333333333334,0.75,0.28217588963787427,0.30740967544396813,1.0,0.060849598163030996,0.07807118254879448,0.8610792192881745,94.33962264150944,98.11320754716981,66.0377358490566,88.67924528301887,28.30188679245283,100.0,79.0,43.39622641509434,33.33333333333333,58.490566037735846,11.320754716981124,98.11320754716981,86.79245283018868,60.15880503144653,35.0104821802935,45.28301886792452,98.11320754716981
Alexandre Pantoja,Men’s Flyweight,8,102.71666666666667,1.0,4.468602953107253,8.401752393314943,4.410189842609119,0.058413110498134024,0.5318655851680185,0.45813397129186606,0.14603277624533506,0.0,4.819081616096057,0.515625,0.7333333333333334,1.0222294337173454,0.8853341780171049,1.0,0.09803921568627451,0.08061002178649238,0.8213507625272332,52.83018867924528,86.79245283018868,16.9811320754717,41.509433962264154,100.0,86.0,76.0,73.58490566037736,92.15686274509804,82.07547169811322,11.320754716981124,58.490566037735846,49.52830188679245,88.5392156862745,88.5805894684918,36.79245283018869,58.490566037735846
Manel Kape,Men’s Flyweight,8,89.25,1.0,5.053221288515406,8.77310924369748,3.742296918767507,1.310924369747899,0.5759897828863346,0.5975903614457831,1.1764705882352942,0.0,0.16806722689075632,0.3333333333333333,0.78125,0.33613445378151263,0.22046109510086456,0.0,0.082039911308204,0.04878048780487805,0.8691796008869179,84.90566037735849,96.22641509433963,79.24528301886792,94.33962264150944,15.09433962264151,55.00000000000001,82.0,47.16981132075472,15.686274509803921,82.07547169811322,85.84905660377359,69.81132075471697,88.67924528301887,41.94515353311136,25.983475151066717,82.38993710691824,69.81132075471697
Asu Almabayev,Men’s Flyweight,8,104.36666666666667,1.0,2.280421590546151,4.43628233791121,1.9354838709677418,0.34493771957840935,0.5140388768898488,0.5377574370709381,0.14372404982433729,0.0,4.7428936442031295,0.4583333333333333,0.4444444444444444,1.4372404982433726,0.9051418439716312,1.0,0.25210084033613445,0.10084033613445378,0.6470588235294118,66.0377358490566,77.35849056603774,49.056603773584904,39.62264150943396,98.11320754716981,76.0,23.0,88.67924528301887,98.0392156862745,82.07547169811322,11.320754716981124,7.547169811320755,58.01886792452831,73.78810580836108,94.94388950548773,47.48427672955975,7.547169811320755
Kyoji Horiguchi,Men’s Flyweight,8,124.98333333333333,1.0,3.4324576610214694,7.408987865048673,2.152286971596213,1.2801706894252565,0.4632829373650108,0.6345108695652174,0.4800640085344713,0.12001600213361782,1.6802240298706494,0.3783783783783784,0.6304347826086957,0.12001600213361782,0.5163004961020553,1.0,0.10023310023310024,0.13053613053613053,0.7692307692307693,83.01886792452831,52.83018867924528,92.45283018867924,71.69811320754717,69.81132075471697,66.0,50.0,30.18867924528302,72.54901960784314,60.37735849056603,11.320754716981124,37.735849056603776,75.0,64.59008509064003,57.51633986928104,54.71698113207547,37.735849056603776
Tatsuro Taira,Men’s Flyweight,8,93.26666666666668,1.0,2.7662616154395994,5.32880629020729,3.613295210864903,-0.8470335954253034,0.5191146881287726,0.4268707482993197,0.3216583273766976,0.48248749106504635,3.859899928520371,0.47058823529411764,0.375,0.8041458184417439,0.8946114915153319,0.5,0.37209302325581395,0.03488372093023256,0.5930232558139535,24.528301886792452,83.01886792452831,11.320754716981133,62.264150943396224,96.22641509433963,80.0,14.000000000000002,62.264150943396224,94.11764705882352,22.641509433962266,51.886792452830186,13.20754716981132,45.283018867924525,71.0860155382908,84.20273769885313,28.616352201257865,13.20754716981132
Brandon Moreno,Men’s Flyweight,8,161.96666666666667,1.0,4.161350072031282,8.390615352953283,4.013171434451533,0.1481786375797487,0.49595290654893304,0.6185446009389671,0.09261164848734307,0.09261164848734307,0.8335048363860876,0.28125,0.5769230769230769,0.09261164848734307,0.6154521510096576,0.25,0.04896142433234421,0.05637982195845697,0.8946587537091988,56.60377358490566,71.69811320754717,88.67924528301887,33.9622641509434,37.735849056603776,34.0,40.0,28.30188679245283,82.35294117647058,62.264150943396224,69.81132075471699,56.60377358490566,62.73584905660377,48.52219755826859,49.463559008509066,73.58490566037737,56.60377358490566
Brandon Royval,Men’s Flyweight,8,111.35,1.0,6.4930399640772345,14.836102379883252,4.849573417153121,1.6434665469241132,0.43765133171912834,0.4168466522678186,0.13471037269869782,0.5388414907947913,0.9429726088908845,0.5833333333333334,0.5,0.8082622361921868,0.20756172839506173,0.3333333333333333,0.08160442600276625,0.056708160442600276,0.8616874135546335,86.79245283018868,37.735849056603776,9.433962264150944,35.84905660377358,45.28301886792453,92.0,33.0,64.15094339622641,13.725490196078432,18.86792452830188,64.15094339622641,100.0,42.45283018867925,46.00212726600074,41.05315082007646,30.817610062893078,100.0
Tagir Ulanbekov,Men’s Flyweight,8,98.9,1.0,3.01314459049545,6.248736097067745,3.4378159757330633,-0.4246713852376134,0.48220064724919093,0.5058139534883721,0.15166835187057634,0.455005055611729,2.7300303336703737,0.391304347826087,0.6333333333333333,1.5166835187057632,0.747758887171561,0.5,0.1040268456375839,0.14093959731543623,0.7550335570469798,30.18867924528302,64.15094339622641,28.30188679245283,45.28301886792453,84.90566037735849,68.0,52.0,94.33962264150944,86.27450980392157,24.528301886792445,51.886792452830186,22.641509433962266,41.9811320754717,72.79504254532002,88.5065976075965,34.90566037735849,22.641509433962266
Amir Albazi,Men’s Flyweight,7,101.48333333333333,1.0,2.4733125307932338,7.321399244539333,3.8824109049104942,-1.4090983741172605,0.33781965006729475,0.5938144329896907,0.2956150435211036,0.0,1.1824601740844145,0.25,0.625,0.44342256528165547,0.8973891924711597,0.0,0.11952191235059761,0.027888446215139442,0.852589641434263,18.867924528301888,5.660377358490567,77.35849056603774,58.490566037735846,62.264150943396224,22.0,48.0,56.60377358490566,96.07843137254902,82.07547169811322,85.84905660377359,35.84905660377358,40.09433962264151,57.085645578986316,71.64878530028363,81.76100628930818,35.84905660377358
Ramazan Temirov,Men’s Flyweight,3,22.183333333333334,1.0,4.73328324567994,11.49511645379414,3.651389932381668,1.0818933132982718,0.4117647058823529,0.6214953271028038,3.3809166040571,0.0,0.67618332081142,0.5,1.0,0.0,0.2833333333333333,0.0,0.047619047619047616,0.08571428571428572,0.8666666666666667,81.13207547169812,26.41509433962264,90.56603773584906,98.11320754716981,26.41509433962264,83.0,100.0,14.150943396226415,29.411764705882355,82.07547169811322,85.84905660377359,94.33962264150944,74.05660377358491,59.70671476137625,23.325934147243803,86.16352201257864,94.33962264150944
Alessandro Costa,Men’s Flyweight,8,70.35,1.0,3.9374555792466244,7.98862828713575,3.8095238095238098,0.12793176972281461,0.4928825622775801,0.5434412265758092,0.8528784648187634,0.4264392324093817,0.8528784648187634,0.26666666666666666,0.8518518518518519,0.8528784648187634,0.2887426900584795,0.6666666666666666,0.16606498194945848,0.07942238267148015,0.7545126353790613,54.71698113207547,67.9245283018868,54.71698113207547,90.56603773584906,41.509433962264154,32.0,94.0,67.9245283018868,31.372549019607842,26.415094339622637,35.84905660377358,41.509433962264154,66.98113207547169,49.720495745468,46.93550376125293,38.9937106918239,41.509433962264154
Edgar Chairez,Men’s Flyweight,7,57.78333333333333,1.0,3.8592443034323622,8.11652725699452,4.568791462359389,-0.7095471589270268,0.47547974413646055,0.45341614906832295,0.7787712719930776,0.0,0.0,0.0,0.4666666666666667,1.817132967983848,0.0806083650190114,0.0,0.026905829596412557,0.017937219730941704,0.9551569506726457,28.30188679245283,56.60377358490566,15.09433962264151,84.90566037735849,7.547169811320755,5.0,30.0,96.22641509433963,1.9607843137254901,82.07547169811322,85.84905660377359,47.16981132075472,46.22641509433962,11.126988531261562,35.24478973979529,61.0062893081761,47.16981132075472
Alex Perez,Men’s Flyweight,8,54.1,1.0,3.7523105360443623,8.8909426987061,3.3826247689463953,0.36968576709796697,0.42203742203742206,0.5569007263922519,0.8317929759704251,0.277264325323475,1.1090573012939,0.36363636363636365,0.7096774193548387,0.277264325323475,0.4724172517552658,0.8,0.08374384236453201,0.09852216748768473,0.8177339901477833,67.9245283018868,30.18867924528302,56.60377358490566,86.79245283018868,54.71698113207547,62.0,70.0,41.509433962264154,60.78431372549019,47.16981132075472,22.641509433962266,73.58490566037736,60.37735849056604,61.87532371439141,52.336909606609936,42.138364779874216,73.58490566037736
Sumudaerji,Men’s Flyweight,8,95.18333333333334,1.0,4.191910348450358,8.646471721239713,2.258798809315356,1.9331115391350022,0.4848116646415553,0.639261744966443,0.3151812292067939,0.15759061460339696,0.7879530730169847,0.3333333333333333,0.7272727272727273,0.3151812292067939,0.2816622691292876,0.6666666666666666,0.047619047619047616,0.09022556390977443,0.8621553884711779,90.56603773584906,66.0377358490566,94.33962264150944,60.37735849056604,33.9622641509434,55.00000000000001,74.0,45.28301886792453,27.450980392156865,56.60377358490565,35.84905660377358,60.37735849056604,77.83018867924528,47.60331113577507,35.565421137008265,62.264150943396224,60.37735849056604
Alden Coria,Men’s Flyweight,3,40.78333333333333,1.0,4.0457703310175726,9.73436861463016,2.206783816918676,1.8389865140988966,0.4156171284634761,0.6959459459459459,0.0,0.0,2.206783816918676,0.5454545454545454,0.5625,1.4711892112791174,0.5087310826542492,0.0,0.10303030303030303,0.04242424242424243,0.8545454545454545,88.67924528301887,28.30188679245283,98.11320754716981,16.9811320754717,77.35849056603774,88.0,38.0,92.45283018867924,70.58823529411765,82.07547169811322,85.84905660377359,83.01886792452831,58.0188679245283,68.48668146503886,80.13318534961155,88.67924528301887,83.01886792452831
Andre Lima,Men’s Flyweight,5,65.95,1.0,3.9120545868081877,7.0962850644427595,2.8809704321455647,1.031084154662623,0.5512820512820513,0.5730337078651686,0.0,0.0,1.1372251705837755,0.5555555555555556,0.72,1.1372251705837755,0.7908121410992617,0.0,0.007751937984496124,0.09689922480620156,0.8953488372093024,79.24528301886792,92.45283018867924,64.15094339622641,16.9811320754717,58.490566037735846,90.0,72.0,79.24528301886792,90.19607843137256,82.07547169811322,85.84905660377359,30.18867924528302,63.20754716981132,77.6716611172771,75.97730916265878,77.35849056603774,30.18867924528302
Kai Kara-France,Men’s Flyweight,8,84.61666666666667,1.0,3.7463068741382703,8.76895804609021,2.7535946425054165,0.9927122316328538,0.4272237196765499,0.588339222614841,1.063620248178058,0.531810124089029,0.531810124089029,0.375,0.7941176470588236,0.0,0.11934900542495479,0.75,0.07570977917981073,0.025236593059936908,0.8990536277602523,77.35849056603774,35.84905660377358,75.47169811320755,92.45283018867924,22.641509433962266,64.0,86.0,14.150943396226415,5.88235294117647,20.754716981132074,26.415094339622637,67.9245283018868,70.28301886792453,44.63096559378468,14.224935257121716,40.88050314465409,67.9245283018868
Allan Nascimento,Men’s Flyweight,6,71.48333333333333,1.0,2.4061552809512707,5.329913732804849,1.9305199347167172,0.4756353462345535,0.45144356955380577,0.5727554179566563,0.20983912333877358,0.0,1.049195616693868,0.25,0.4375,1.049195616693868,0.5079872204472844,0.0,0.1569767441860465,0.08139534883720931,0.7616279069767442,71.69811320754717,45.28301886792453,62.264150943396224,50.943396226415096,49.056603773584904,22.0,19.0,75.47169811320755,68.62745098039215,82.07547169811322,85.84905660377359,15.09433962264151,57.54716981132076,39.67101368849426,64.3852509557282,76.72955974842768,15.09433962264151
Charles Johnson,Men’s Flyweight,8,96.73333333333335,1.0,4.620951068228807,10.110268780151618,4.589937973811164,0.031013094417643217,0.4570552147239264,0.5205183585313176,0.62026188835286,0.31013094417643,0.46519641626464503,0.13043478260869565,0.75,0.155065472088215,0.24946081955427749,0.6666666666666666,0.042505592841163314,0.1319910514541387,0.825503355704698,49.056603773584904,49.056603773584904,37.735849056603776,79.24528301886792,18.867924528301888,10.0,79.0,32.075471698113205,21.568627450980394,43.39622641509434,35.84905660377358,88.67924528301887,53.77358490566038,32.35913799482057,24.17067455913183,38.9937106918239,88.67924528301887
Steve Erceg,Men’s Flyweight,8,108.85,1.0,4.694533762057878,9.793293523197061,4.225999081304548,0.46853468075333016,0.4793621013133208,0.5576923076923077,0.13780431786862657,0.5512172714745063,0.8268259072117593,0.20689655172413793,0.6744186046511628,0.27560863573725314,0.4930966469428008,0.5,0.015655577299412915,0.09393346379647749,0.8904109589041096,69.81132075471697,62.264150943396224,58.490566037735846,37.735849056603776,35.84905660377358,14.000000000000002,64.0,39.62264150943396,66.66666666666666,16.981132075471702,51.886792452830186,84.90566037735849,57.075471698113205,45.12893081761006,47.37945492662473,42.45283018867925,84.90566037735849
Nyamjargal Tumendemberel,Men’s Flyweight,3,32.88333333333333,1.0,1.88545362392296,4.804865686771414,1.9158641662442981,-0.030410542321338108,0.3924050632911392,0.5882352941176471,0.456158134820071,0.0,2.736948808920426,0.6666666666666666,0.6956521739130435,1.368474404460213,0.43913857677902624,0.0,0.3225806451612903,0.06451612903225806,0.6129032258064516,45.28301886792453,16.9811320754717,73.58490566037736,69.81132075471697,86.79245283018868,95.0,66.0,84.90566037735849,52.94117647058824,82.07547169811322,85.84905660377359,9.433962264150944,51.41509433962264,75.18340732519422,74.87976322604514,80.50314465408805,9.433962264150944
Lone'er Kavanagh,Men’s Flyweight,5,78.25,1.0,4.10223642172524,8.20447284345048,3.9361022364217253,0.16613418530351476,0.5,0.5354449472096531,0.19169329073482427,0.19169329073482427,1.1501597444089455,0.46153846153846156,0.8260869565217391,0.38338658146964855,0.4040333796940195,1.0,0.11838006230529595,0.0778816199376947,0.8037383177570093,60.37735849056604,74.52830188679245,47.16981132075472,49.056603773584904,60.37735849056604,78.0,91.0,54.71698113207547,50.98039215686274,52.83018867924528,11.320754716981124,49.056603773584904,57.783018867924525,70.0894376618572,55.358243926501416,37.10691823899371,49.056603773584904
Jesus Aguilar,Men’s Flyweight,7,67.26666666666667,1.0,2.6313181367690786,7.046580773042616,2.4826560951437067,0.1486620416253719,0.37341772151898733,0.6070588235294118,0.22299306243805747,0.0,1.1149653121902876,0.2631578947368421,0.46153846153846156,1.1149653121902876,0.2597343105817682,0.3333333333333333,0.02824858757062147,0.096045197740113,0.8757062146892656,58.490566037735846,9.433962264150944,84.90566037735849,52.83018867924528,56.60377358490566,28.000000000000004,28.000000000000004,77.35849056603774,25.49019607843137,82.07547169811322,64.15094339622641,28.30188679245283,51.41509433962264,34.52349241583426,53.15082007645825,77.0440251572327,28.30188679245283
Imanol Rodriguez,Men’s Flyweight,1,9.35,1.0,4.919786096256685,8.983957219251337,2.3529411764705883,2.5668449197860963,0.5476190476190477,0.5769230769230769,1.6042780748663101,3.2085561497326203,1.6042780748663101,0.3333333333333333,,0.0,1.0,0.0,0.30434782608695654,0.043478260869565216,0.6521739130434783,98.11320754716981,90.56603773584906,69.81132075471697,96.22641509433963,67.9245283018868,55.00000000000001,,14.150943396226415,100.0,3.7735849056603814,85.84905660377359,77.35849056603774,88.67924528301887,74.30817610062893,60.691823899371066,53.144654088050316,77.35849056603774
HyunSung Park,Men’s Flyweight,5,42.95,1.0,3.1664726426076832,8.242142025611175,2.887077997671711,0.2793946449359721,0.384180790960452,0.5664335664335665,0.69848661233993,1.0477299185098952,1.0477299185098952,0.3333333333333333,0.4375,1.39697322467986,0.34473447344734476,1.0,0.0661764705882353,0.1323529411764706,0.8014705882352942,64.15094339622641,13.20754716981132,60.37735849056604,83.01886792452831,47.16981132075472,55.00000000000001,19.0,86.79245283018868,43.13725490196079,9.433962264150946,11.320754716981124,50.943396226415096,55.18867924528302,41.07676655567887,59.03317301763473,27.044025157232706,50.943396226415096
Mitch Raposo,Men’s Flyweight,4,60.0,1.0,1.8166666666666667,4.283333333333333,2.8833333333333333,-1.0666666666666667,0.42412451361867703,0.6103603603603603,0.0,0.25,1.75,0.3181818181818182,0.7083333333333333,0.0,0.378125,0.0,0.0,0.01834862385321101,0.981651376146789,22.641509433962266,33.9622641509434,86.79245283018868,16.9811320754717,71.69811320754717,49.0,68.0,14.150943396226415,47.05882352941176,50.0,85.84905660377359,3.7735849056603774,40.09433962264151,58.93923418423974,44.302626711061784,74.21383647798741,3.7735849056603774
Jose Ochoa,Men’s Flyweight,4,50.18333333333334,1.0,5.161076054466954,10.979740949850548,2.9890401859847224,2.1720358684822316,0.47005444646098005,0.5856353591160222,0.5978080371969445,0.0,0.29890401859847227,0.25,0.6551724137931034,0.8967120557954168,0.19141914191419143,0.0,0.03088803088803089,0.08108108108108109,0.888030888030888,92.45283018867924,54.71698113207547,71.69811320754717,77.35849056603774,16.9811320754717,22.0,56.00000000000001,69.81132075471697,11.76470588235294,82.07547169811322,85.84905660377359,92.45283018867924,74.05660377358491,26.686459489456162,32.852386237513876,79.87421383647799,92.45283018867924
Joseph Morales,Men’s Flyweight,4,36.56666666666666,1.0,2.023701002734731,5.0319051959890615,2.1057429352780312,-0.08204193254330017,0.40217391304347827,0.574585635359116,0.41020966271649956,0.41020966271649956,1.2306289881494987,0.42857142857142855,0.2857142857142857,2.8714676390154974,0.25344563552833077,0.5,0.28378378378378377,0.14864864864864866,0.5675675675675675,39.62264150943396,20.754716981132077,67.9245283018868,67.9245283018868,64.15094339622641,72.0,8.0,100.0,23.52941176470588,30.188679245283023,51.886792452830186,11.320754716981133,49.056603773584904,41.92008879023307,62.56011838697743,50.0,11.320754716981133
Tim Elliott,Men’s Flyweight,8,101.73333333333333,1.0,3.5288335517693317,8.758191349934469,3.607470511140236,-0.07863695937090442,0.40291806958473625,0.5158311345646438,0.1474442988204456,0.0,2.948885976408912,0.39215686274509803,0.6190476190476191,0.737221494102228,0.6715985847539402,0.3333333333333333,0.11977715877437325,0.12534818941504178,0.754874651810585,41.509433962264154,22.641509433962266,33.9622641509434,43.39622641509434,90.56603773584906,70.0,46.0,60.37735849056604,84.31372549019608,82.07547169811322,64.15094339622641,66.0377358490566,35.37735849056604,72.71994080651129,78.41904057220374,60.06289308176101,66.0377358490566
Lucas Rocha,Men’s Flyweight,2,22.2,1.0,5.9459459459459465,12.027027027027028,3.5585585585585586,2.387387387387388,0.4943820224719101,0.601010101010101,0.0,0.0,2.027027027027027,0.75,0.8260869565217391,0.0,0.18763796909492272,1.0,0.030303030303030304,0.09090909090909091,0.8787878787878788,96.22641509433963,69.81132075471697,81.13207547169812,16.9811320754717,75.47169811320755,98.0,91.0,14.150943396226415,9.803921568627452,82.07547169811322,11.320754716981124,96.22641509433963,66.0377358490566,68.56890492045875,33.14218769268714,58.17610062893082,96.22641509433963
Alibi Idiris,Men’s Flyweight,2,23.066666666666666,1.0,2.514450867052023,5.679190751445087,2.6445086705202314,-0.13005780346820828,0.44274809160305345,0.6013071895424836,0.0,0.0,3.2514450867052025,0.3125,0.6666666666666667,0.0,0.6112676056338028,1.0,0.10344827586206896,0.13793103448275862,0.7586206896551724,37.735849056603776,39.62264150943396,83.01886792452831,16.9811320754717,92.45283018867924,45.0,60.0,14.150943396226415,78.43137254901961,82.07547169811322,11.320754716981124,18.867924528301888,44.339622641509436,68.97105068442471,61.67838204464175,58.80503144654089,18.867924528301888
Matheus Nicolau,Men’s Flyweight,8,79.96666666666667,1.0,2.926219258024177,5.652355147978324,3.263859941642351,-0.337640683618174,0.5176991150442478,0.6395027624309393,0.5627344726969571,0.7503126302626093,0.7503126302626093,0.2857142857142857,0.8888888888888888,0.37515631513130465,0.38358974358974357,0.75,0.09829059829059829,0.01282051282051282,0.8888888888888888,35.84905660377358,81.13207547169812,96.22641509433963,73.58490566037736,31.132075471698112,38.0,98.0,51.886792452830186,49.01960784313725,14.150943396226406,26.415094339622637,16.9811320754717,71.69811320754718,54.037920828708835,44.012825255888515,45.59748427672955,16.9811320754717
Ronaldo Rodriguez,Men’s Flyweight,3,39.983333333333334,1.0,3.2513547311379742,7.228011671529804,4.026677782409337,-0.7753230512713625,0.44982698961937717,0.40808823529411764,0.0,0.7503126302626093,0.7503126302626093,0.2857142857142857,0.4444444444444444,0.37515631513130465,0.767056530214425,0.0,0.2923076923076923,0.046153846153846156,0.6615384615384615,26.41509433962264,43.39622641509434,3.7735849056603774,16.9811320754717,31.132075471698112,38.0,23.0,51.886792452830186,88.23529411764706,14.150943396226406,85.84905660377359,32.075471698113205,22.641509433962263,45.09184239733629,57.08472068072512,34.59119496855346,32.075471698113205
Matt Schnell,Men’s Flyweight,8,61.75,1.0,4.032388663967612,8.923076923076923,4.4534412955465585,-0.4210526315789469,0.4519056261343013,0.4282744282744283,0.24291497975708504,1.214574898785425,0.4858299595141701,0.5,0.30000000000000004,1.214574898785425,0.34226646248085757,1.0,0.17269076305220885,0.0963855421686747,0.7309236947791165,32.075471698113205,47.16981132075472,13.20754716981132,54.71698113207547,20.754716981132077,83.0,10.0,81.13207547169812,39.21568627450981,7.547169811320753,11.320754716981124,75.47169811320755,36.79245283018868,38.24260081391047,47.034159575779995,10.691823899371066,75.47169811320755
Terrance Saeteurn,Men’s Flyweight,1,2.8833333333333333,1.0,3.815028901734104,9.364161849710984,3.815028901734104,0.0,0.4074074074074074,0.5217391304347826,0.0,0.0,0.0,0.0,0.0,0.0,0.36363636363636365,1.0,0.0,0.18181818181818182,0.8181818181818182,47.16981132075472,24.528301886792452,39.62264150943396,16.9811320754717,7.547169811320755,5.0,3.0,14.150943396226415,45.09803921568628,82.07547169811322,11.320754716981124,79.24528301886792,32.075471698113205,15.161302256751759,22.265384141077817,44.339622641509436,79.24528301886792
Clayton Carpenter,Men’s Flyweight,5,45.116666666666674,1.0,3.4133727373476166,6.826745474695233,4.831917251570003,-1.4185445142223863,0.5,0.46172839506172836,0.0,0.3324713705208718,1.3298854820834871,0.2857142857142857,0.5,1.3298854820834871,0.48760932944606417,0.3333333333333333,0.16883116883116883,0.09090909090909091,0.7402597402597403,16.9811320754717,74.52830188679245,18.867924528301888,16.9811320754717,66.0377358490566,38.0,33.0,83.01886792452831,62.745098039215684,41.50943396226415,64.15094339622641,24.528301886792452,31.839622641509436,49.94570847206808,70.60056727093354,41.50943396226415,24.528301886792452
Kevin Borjas,Men’s Flyweight,6,75.93333333333334,1.0,3.4899034240561893,8.244073748902546,5.741878841088674,-2.251975417032485,0.4233226837060703,0.49537037037037035,0.5926251097453907,0.3950834064969271,0.0,0.0,0.8095238095238095,0.0,0.3251366120218579,0.5,0.011320754716981131,0.05660377358490566,0.9320754716981132,7.547169811320755,32.075471698113205,26.41509433962264,75.47169811320755,7.547169811320755,5.0,88.0,14.150943396226415,37.254901960784316,32.07547169811321,51.886792452830186,52.83018867924528,35.37735849056604,34.45051794302627,19.651005056110495,36.79245283018868,52.83018867924528
DongHun Choi,Men’s Flyweight,1,2.6,1.0,4.615384615384615,7.3076923076923075,0.7692307692307692,3.846153846153846,0.631578947368421,0.9130434782608696,5.769230769230768,0.0,0.0,,,0.0,,0.0,0.0,0.0,1.0,100.0,100.0,100.0,100.0,7.547169811320755,,,14.150943396226415,,82.07547169811322,85.84905660377359,33.9622641509434,100.0,7.547169811320755,10.849056603773585,89.30817610062894,33.9622641509434
Felipe Bunes,Men’s Flyweight,4,41.583333333333336,1.0,3.174348697394789,6.877755511022044,4.569138276553106,-1.3947895791583171,0.46153846153846156,0.4736842105263158,0.0,0.3607214428857715,1.0821643286573146,0.25,0.4,1.442885771543086,0.3238938053097345,0.3333333333333333,0.0,0.030303030303030304,0.9696969696969697,20.754716981132077,50.943396226415096,22.641509433962266,16.9811320754717,50.943396226415096,22.0,16.0,90.56603773584906,35.294117647058826,37.735849056603776,64.15094339622641,26.41509433962264,27.83018867924529,31.059378468368482,58.93451720310767,41.50943396226415,26.41509433962264
Azat Maksum,Men’s Flyweight,4,60.0,1.0,2.75,9.983333333333333,4.25,-1.5,0.27545909849749584,0.5251396648044693,0.25,0.0,3.5,0.3181818181818182,0.8571428571428572,0.25,0.614190687361419,0.0,0.006060606060606061,0.12121212121212122,0.8727272727272727,15.09433962264151,3.7735849056603774,41.509433962264154,56.60377358490566,94.33962264150944,49.0,96.0,37.735849056603776,80.3921568627451,82.07547169811322,85.84905660377359,86.79245283018868,29.245283018867923,79.93294487606363,70.82254285361944,69.81132075471699,86.79245283018868
Daniel Barez,Men’s Flyweight,4,46.516666666666666,1.0,4.965962020781082,10.426370476531709,7.502687208885704,-2.536725188104622,0.4762886597938144,0.49346879535558785,0.6449301325689717,0.0,0.6449301325689717,0.25,0.6666666666666667,0.0,0.22919937205651492,0.6666666666666666,0.025974025974025976,0.025974025974025976,0.948051948051948,5.660377358490567,60.37735849056604,24.528301886792452,81.13207547169812,24.528301886792452,22.0,60.0,14.150943396226415,19.607843137254903,82.07547169811322,35.84905660377358,90.56603773584906,42.924528301886795,31.534036256011838,19.429029473424592,47.48427672955975,90.56603773584906
Carlos Hernandez,Men’s Flyweight,7,71.6,1.0,3.5614525139664805,7.960893854748604,3.5055865921787714,0.055865921787709105,0.4473684210526316,0.5068762278978389,0.0,0.41899441340782123,1.8854748603351956,0.2647058823529412,0.64,0.0,0.4469650521152667,0.75,0.054901960784313725,0.17647058823529413,0.7686274509803922,50.943396226415096,41.509433962264154,30.18867924528302,16.9811320754717,73.58490566037736,30.0,54.0,14.150943396226415,56.86274509803921,28.30188679245283,26.415094339622637,39.62264150943396,34.905660377358494,53.61191268960414,48.19953138488099,28.30188679245283,39.62264150943396
Cody Durden,Men’s Flyweight,8,79.16666666666666,1.0,3.3852631578947374,8.753684210526316,5.027368421052632,-1.6421052631578945,0.38672438672438675,0.5074257425742574,0.0,0.3789473684210527,2.6526315789473687,0.45161290322580644,0.4545454545454546,0.9473684210526316,0.5945054945054945,0.6666666666666666,0.029850746268656716,0.022388059701492536,0.9477611940298507,11.320754716981133,15.09433962264151,32.075471698113205,16.9811320754717,81.13207547169812,74.0,26.0,71.69811320754717,74.50980392156863,35.84905660377358,35.84905660377358,64.15094339622641,18.867924528301884,63.91046984831668,75.77999753360463,34.59119496855346,64.15094339622641
Kiru Sahota,Men’s Flyweight,1,2.6,1.0,0.7692307692307692,8.846153846153847,4.615384615384615,-3.846153846153846,0.08695652173913043,0.368421052631579,0.0,5.769230769230768,0.0,,,0.0,,1.0,0.0,0.0,1.0,3.7735849056603774,1.8867924528301887,1.8867924528301887,16.9811320754717,7.547169811320755,,,14.150943396226415,,1.8867924528301887,11.320754716981124,71.69811320754717,6.132075471698114,7.547169811320755,10.849056603773585,5.031446540880501,71.69811320754717
Bruno Silva,Men’s Flyweight,8,81.85,1.0,4.312767257177764,8.332315210751375,5.913255956017105,-1.6004886988393405,0.5175953079178885,0.46341463414634143,0.3665241295051924,1.2828344532681737,1.0995723885155773,0.16216216216216217,0.7916666666666666,0.1832620647525962,0.4525790349417637,0.6666666666666666,0.04815864022662889,0.059490084985835696,0.8923512747875354,13.20754716981132,79.24528301886792,20.754716981132077,66.0377358490566,52.83018867924528,12.0,84.0,35.84905660377358,58.82352941176471,5.66037735849056,35.84905660377358,54.71698113207547,44.81132075471698,51.913429522752494,49.167591564927854,20.754716981132074,54.71698113207547
Felipe dos Santos,Men’s Flyweight,4,60.0,1.0,3.75,9.516666666666667,3.8,-0.04999999999999982,0.39404553415061294,0.41538461538461535,0.0,0.25,0.0,0.0,0.19999999999999996,0.5,0.10863509749303621,0.0,0.09333333333333334,0.08,0.8266666666666667,43.39622641509434,18.867924528301888,7.547169811320755,16.9811320754717,7.547169811320755,5.0,6.0,58.490566037735846,3.9215686274509802,50.0,85.84905660377359,81.13207547169812,21.698113207547173,5.617184609692934,23.31976815883586,47.79874213836479,81.13207547169812
Stewart Nicoll,Men’s Flyweight,4,42.583333333333336,1.0,3.0058708414872797,8.078277886497064,4.814090019569472,-1.808219178082192,0.37209302325581395,0.5413870246085011,0.0,0.3522504892367906,2.8180039138943247,0.22857142857142856,0.33333333333333337,0.0,0.6015132408575031,0.5,0.046875,0.0,0.953125,9.433962264150944,7.547169811320755,52.83018867924528,16.9811320754717,88.67924528301887,16.0,12.0,14.150943396226415,76.47058823529412,39.62264150943396,51.886792452830186,45.28301886792453,21.698113207547166,48.28745837957825,59.7669256381798,48.113207547169814,45.28301886792453
Ode Osbourne,Men’s Flyweight,8,82.51666666666667,1.0,2.2904463744698043,5.974550595839225,2.6297717632801456,-0.33932538881034136,0.38336713995943206,0.5262008733624455,0.36356291658250856,0.18178145829125428,0.9089072914562715,0.3125,0.6666666666666667,0.36356291658250856,0.16957076073098173,0.5,0.13227513227513227,0.047619047619047616,0.8201058201058201,33.9622641509434,11.320754716981133,43.39622641509434,64.15094339622641,43.39622641509434,45.0,60.0,49.056603773584904,7.8431372549019605,54.71698113207547,51.886792452830186,20.754716981132077,38.20754716981132,39.05984091749907,33.4319891478604,50.0,20.754716981132077
Jimmy Flick,Men’s Flyweight,6,50.18333333333332,1.0,1.5742278312852875,3.3078711391564273,5.599468615078048,-4.025240783792761,0.4759036144578313,0.4133611691022965,0.0,0.2989040185984724,2.391232148787779,0.2962962962962963,0.0,2.391232148787779,0.4415288077581289,0.5,0.02531645569620253,0.13924050632911392,0.8354430379746836,1.8867924528301887,58.490566037735846,5.660377358490567,16.9811320754717,79.24528301886792,42.0,3.0,98.11320754716981,54.90196078431373,45.283018867924525,51.886792452830186,1.8867924528301887,20.754716981132077,44.78681095079541,77.42015045011716,34.276729559748425,1.8867924528301887
Jose Johnson,Men’s Flyweight,4,35.666666666666664,1.0,2.355140186915888,4.345794392523365,1.8504672897196264,0.5046728971962617,0.5419354838709678,0.5182481751824817,0.0,0.0,0.8411214953271029,0.6666666666666666,0.52,0.8411214953271029,0.22887106724244294,0.6666666666666666,0.35714285714285715,0.13095238095238096,0.5119047619047619,73.58490566037736,88.67924528301887,35.84905660377358,16.9811320754717,39.62264150943396,95.0,36.0,66.0377358490566,17.647058823529413,82.07547169811322,35.84905660377358,5.660377358490567,53.77358490566038,47.06742508324084,41.10247872733999,51.25786163522013,5.660377358490567
CJ Vergara,Men’s Flyweight,8,83.71666666666667,1.0,4.945251841528966,8.707943460083616,4.694405733625324,0.2508461079036426,0.5679012345679012,0.5343601895734598,0.0,0.8958789567987259,0.0,,0.6,0.17917579135974518,0.34345047923322686,0.6,0.2028985507246377,0.08454106280193237,0.7125603864734299,62.264150943396224,94.33962264150944,45.28301886792453,16.9811320754717,7.547169811320755,,44.0,33.9622641509434,41.17647058823529,11.320754716981124,43.39622641509434,62.264150943396224,54.716981132075475,30.907880133185348,27.561968183499815,33.333333333333336,62.264150943396224
Victor Altamirano,Men’s Flyweight,6,78.65,1.0,4.183089637635092,7.997457088366179,3.6236490781945325,0.5594405594405596,0.5230524642289348,0.5410628019323671,0.19071837253655433,0.38143674507310865,2.670057215511761,0.358974358974359,0.5909090909090908,0.0,0.4923771880293619,0.0,0.1398176291793313,0.0911854103343465,0.7689969604863222,75.47169811320755,84.90566037735849,50.943396226415096,47.16981132075472,83.01886792452831,60.0,42.0,14.150943396226415,64.70588235294117,33.96226415094339,85.84905660377359,43.39622641509434,64.62264150943398,62.43118756936737,53.958564557898626,56.918238993710695,43.39622641509434
Jon Jones,Men’s Heavyweight,8,141.6,1.0,4.576271186440678,6.892655367231638,2.648305084745763,1.9279661016949152,0.6639344262295082,0.6138002059732235,0.211864406779661,0.0,1.2711864406779663,0.35294117647058826,1.0,0.1059322033898305,1.0,0.0,0.17746913580246915,0.09567901234567901,0.7268518518518519,83.60655737704919,90.1639344262295,100.0,44.26229508196721,70.49180327868852,60.416666666666664,87.0,63.934426229508205,95.90163934426229,76.22950819672131,82.78688524590164,37.704918032786885,79.50819672131146,78.45252732240436,76.775956284153,86.33879781420767,37.704918032786885
Ciryl Gane,Men’s Heavyweight,8,90.4,1.0,5.674778761061947,8.097345132743362,2.0132743362831858,3.661504424778761,0.7008196721311475,0.5737704918032787,0.33185840707964603,0.16592920353982302,0.49778761061946897,0.2727272727272727,0.3571428571428571,0.829646017699115,0.36701337295690933,0.5,0.0682261208576998,0.056530214424951264,0.8752436647173489,95.08196721311475,98.36065573770492,88.52459016393442,57.377049180327866,50.81967213114754,50.0,17.0,90.1639344262295,32.78688524590164,47.540983606557376,50.0,63.934426229508205,84.83606557377048,37.65163934426229,57.92349726775956,62.021857923497265,63.934426229508205
Alexander Volkov,Men’s Heavyweight,8,77.83333333333333,1.0,4.792291220556746,7.940042826552463,2.7623126338329764,2.0299785867237694,0.6035598705501618,0.5366379310344828,0.19271948608137046,0.0,0.5781584582441114,0.5,0.5,0.3854389721627409,0.39296187683284456,0.5,0.10723860589812333,0.040214477211796246,0.8525469168900804,85.24590163934425,80.32786885245902,68.85245901639344,40.98360655737705,55.73770491803278,81.25,24.0,78.68852459016394,34.42622950819672,76.22950819672131,50.0,59.01639344262295,68.85245901639344,48.853483606557376,56.28415300546448,65.02732240437159,59.01639344262295
Tom Aspinall,Men’s Heavyweight,8,20.6,1.0,7.233009708737864,10.873786407766989,3.7378640776699026,3.4951456310679614,0.6651785714285714,0.5523255813953488,2.912621359223301,0.0,2.1844660194174756,0.75,1.0,1.4563106796116505,0.9963636363636363,1.0,0.2483221476510067,0.11409395973154363,0.6375838926174496,93.44262295081968,91.80327868852459,73.77049180327869,95.08196721311475,83.60655737704919,100.0,87.0,95.08196721311475,90.1639344262295,76.22950819672131,12.295081967213122,81.9672131147541,88.52459016393442,90.19262295081967,89.6174863387978,54.09836065573771,81.9672131147541
Alex Pereira,Men’s Heavyweight,8,84.89999999999999,1.0,4.864546525323911,7.7385159010600715,3.69846878680801,1.1660777385159014,0.6286149162861492,0.5146831530139104,0.8833922261484101,0.17667844522968199,0.0,0.0,0.8461538461538461,0.35335689045936397,0.03785780240073869,0.5,0.13801452784503632,0.07021791767554479,0.7917675544794189,80.32786885245902,85.24590163934425,63.934426229508205,80.32786885245902,22.131147540983605,14.583333333333334,66.0,77.04918032786885,9.836065573770492,44.26229508196722,50.0,54.09836065573771,77.45901639344262,28.137636612021858,36.33879781420765,52.732240437158474,54.09836065573771
Sergei Pavlovich,Men’s Heavyweight,8,51.75,1.0,4.1352657004830915,9.584541062801932,3.3816425120772946,0.7536231884057969,0.4314516129032258,0.5843230403800475,1.4492753623188406,0.2898550724637681,0.5797101449275363,0.3333333333333333,1.0,0.0,0.9952153110047847,0.5,0.056074766355140186,0.009345794392523364,0.9345794392523364,73.77049180327869,22.950819672131146,93.44262295081968,88.52459016393442,57.377049180327866,56.25,87.0,31.967213114754102,88.52459016393442,42.622950819672134,50.0,77.04918032786885,69.67213114754098,72.28790983606558,59.28961748633879,62.02185792349727,77.04918032786885
Curtis Blaydes,Men’s Heavyweight,8,60.266666666666666,1.0,5.492256637168142,10.918141592920355,5.094026548672566,0.3982300884955752,0.5030395136778115,0.5040387722132471,0.24889380530973454,0.4977876106194691,1.7422566371681416,0.2413793103448276,0.3571428571428571,0.0,0.7059814658803707,0.6666666666666666,0.09667673716012085,0.2175226586102719,0.6858006042296072,60.65573770491803,50.81967213114754,54.09836065573771,47.540983606557376,78.68852459016394,41.66666666666667,17.0,31.967213114754102,57.377049180327866,32.786885245901644,33.606557377049185,83.60655737704919,53.278688524590166,48.68306010928962,56.01092896174864,40.16393442622951,83.60655737704919
Stipe Miocic,Men’s Heavyweight,8,100.86666666666667,1.0,4.3721083939193655,7.732980832782551,4.808327825512227,-0.43621943159286136,0.5653846153846154,0.3982630272952854,0.4461335095836087,0.7435558493060145,1.338400528750826,0.34615384615384615,0.5555555555555556,0.0,0.7442572741194488,1.0,0.11564625850340136,0.12698412698412698,0.7573696145124716,36.0655737704918,68.85245901639344,22.950819672131146,67.21311475409836,73.77049180327869,58.333333333333336,30.0,31.967213114754102,59.01639344262295,16.39344262295083,12.295081967213122,52.459016393442624,48.77049180327869,55.28005464480874,54.91803278688525,17.213114754098367,52.459016393442624
Martin Buday,Men’s Heavyweight,8,96.75,1.0,4.372093023255814,8.392764857881136,4.589147286821706,-0.21705426356589186,0.520935960591133,0.5608308605341246,0.15503875968992248,0.0,0.15503875968992248,0.25,0.9333333333333333,0.15503875968992248,0.5593360995850623,1.0,0.028368794326241134,0.25295508274231676,0.7186761229314421,45.90163934426229,55.73770491803278,85.24590163934425,36.0655737704918,44.26229508196721,44.79166666666667,72.0,68.85245901639344,45.90163934426229,76.22950819672131,12.295081967213122,67.21311475409836,55.73770491803278,51.73890027322404,53.00546448087431,57.923497267759565,67.21311475409836
Vitor Petrino,Men’s Heavyweight,8,80.18333333333334,1.0,3.1802120141342756,6.497609644564539,2.868426522552484,0.3117854915817917,0.4894433781190019,0.5208333333333333,0.5612138848472251,0.37414258989815,2.0577842444398255,0.36666666666666664,1.0,0.7482851797963,0.8882211538461539,1.0,0.12941176470588237,0.0392156862745098,0.8313725490196079,57.377049180327866,42.62295081967213,65.57377049180327,73.77049180327869,81.9672131147541,64.58333333333334,87.0,86.88524590163934,75.40983606557377,39.34426229508197,12.295081967213122,31.147540983606557,59.83606557377048,77.2400956284153,81.42076502732239,39.071038251366126,31.147540983606557
Jailton Almeida,Men’s Heavyweight,8,79.58333333333334,1.0,1.9099476439790575,2.927748691099476,1.507853403141361,0.4020942408376964,0.6523605150214592,0.4444444444444444,0.0,0.0,5.277486910994764,0.509090909090909,0.6666666666666667,1.319371727748691,0.8044920877998979,0.3333333333333333,0.618421052631579,0.125,0.2565789473684211,62.295081967213115,88.52459016393442,27.86885245901639,17.21311475409836,96.72131147540983,87.5,39.0,93.44262295081968,65.57377049180327,76.22950819672131,60.65573770491803,3.278688524590164,48.97540983606557,72.19877049180327,85.24590163934427,54.91803278688525,3.278688524590164
Waldo Cortes-Acosta,Men’s Heavyweight,8,102.81666666666666,1.0,5.504944075214784,11.40865618414654,3.452747609012806,2.052196466201978,0.4825234441602728,0.5517676767676767,0.29178148808558924,0.0,0.4376722321283839,0.5,0.7,0.14589074404279462,0.5478260869565217,0.0,0.07597173144876325,0.0353356890459364,0.8886925795053003,86.88524590163934,39.34426229508197,72.1311475409836,54.09836065573771,49.18032786885246,81.25,48.0,65.57377049180327,44.26229508196721,76.22950819672131,82.78688524590164,86.88524590163934,63.114754098360656,55.67315573770492,53.00546448087431,77.04918032786885,86.88524590163934
Derrick Lewis,Men’s Heavyweight,8,58.33333333333333,1.0,1.8171428571428574,4.388571428571429,3.8742857142857146,-2.057142857142857,0.4140625,0.308868501529052,0.7714285714285716,0.7714285714285716,0.2571428571428572,0.14285714285714285,0.4285714285714286,0.0,0.13184406482698205,0.8,0.49056603773584906,0.16981132075471697,0.33962264150943394,13.114754098360656,18.0327868852459,3.278688524590164,78.68852459016394,45.90163934426229,36.45833333333333,20.0,31.967213114754102,19.672131147540984,14.754098360655746,24.59016393442623,16.39344262295082,28.278688524590166,30.50802595628415,32.513661202185794,14.207650273224047,16.39344262295082
Valter Walker,Men’s Heavyweight,6,25.05,1.0,1.9161676646706587,3.632734530938124,2.6746506986027945,-0.7584830339321358,0.5274725274725275,0.43220338983050843,0.0,0.0,5.389221556886228,0.6923076923076923,1.0,3.592814371257485,0.9058956916099773,0.0,0.1875,0.10416666666666667,0.7083333333333334,26.229508196721312,59.01639344262295,26.229508196721312,17.21311475409836,98.36065573770492,97.91666666666666,87.0,98.36065573770492,81.9672131147541,76.22950819672131,82.78688524590164,8.19672131147541,32.17213114754098,91.31113387978142,92.89617486338797,61.748633879781416,8.19672131147541
Josh Hokit,Men’s Heavyweight,4,30.066666666666666,1.0,10.277161862527716,16.097560975609756,6.119733924611974,4.157427937915743,0.6384297520661157,0.4831460674157303,1.4966740576496673,0.0,1.4966740576496673,0.5,0.7777777777777778,0.4988913525498891,0.8031496062992126,0.0,0.1553398058252427,0.16828478964401294,0.6763754045307443,96.72131147540983,86.88524590163934,44.26229508196721,90.1639344262295,75.40983606557377,81.25,57.99999999999999,85.24590163934425,63.934426229508205,76.22950819672131,82.78688524590164,93.44262295081968,79.50819672131146,69.6485655737705,74.86338797814209,67.75956284153006,93.44262295081968
Serghei Spivac,Men’s Heavyweight,8,59.4,1.0,3.4175084175084174,7.441077441077441,5.353535353535354,-1.9360269360269364,0.4592760180995475,0.5,0.0,0.0,5.050505050505051,0.6060606060606061,0.0,0.7575757575757576,0.8515981735159818,0.6666666666666666,0.3103448275862069,0.014778325123152709,0.6748768472906403,16.39344262295082,30.327868852459016,47.540983606557376,17.21311475409836,95.08196721311475,93.75,2.0,88.52459016393442,72.1311475409836,76.22950819672131,33.606557377049185,42.62295081967213,27.86885245901639,65.74077868852459,85.24590163934425,52.459016393442624,42.62295081967213
Ryan Spann,Men’s Heavyweight,8,49.56666666666667,1.0,2.8648285137861462,8.170813718897108,4.438466711499664,-1.5736381977135174,0.3506172839506173,0.3905817174515236,0.605245460659045,0.605245460659045,0.9078681909885675,0.3,0.7142857142857143,1.5131136516476125,0.6378109452736318,0.75,0.176056338028169,0.028169014084507043,0.795774647887324,18.0327868852459,4.918032786885246,21.311475409836063,75.40983606557377,62.295081967213115,53.125,51.0,96.72131147540983,55.73770491803278,21.311475409836063,27.049180327868854,65.57377049180327,29.918032786885245,55.53944672131148,71.58469945355192,23.224043715846992,65.57377049180327
Aleksandar Rakic,Men’s Heavyweight,8,97.65,1.0,3.819764464925755,7.721454173067076,3.1950844854070657,0.6246799795186893,0.4946949602122016,0.5555555555555556,0.15360983102918588,0.15360983102918588,0.30721966205837176,0.1111111111111111,0.8333333333333334,0.15360983102918588,0.8891352549889135,0.6,0.07238605898123325,0.10187667560321716,0.8257372654155496,68.85245901639344,47.540983606557376,79.50819672131148,34.42622950819672,47.540983606557376,32.29166666666667,64.0,67.21311475409836,77.04918032786885,49.18032786885246,40.16393442622951,50.81967213114754,57.58196721311475,55.22045765027322,63.9344262295082,56.284153005464475,50.81967213114754
Brando Pericic,Men’s Heavyweight,3,12.45,1.0,11.004016064257028,19.116465863453815,4.2570281124498,6.746987951807228,0.5756302521008403,0.5826771653543308,1.2048192771084336,0.0,0.0,,0.7142857142857143,0.0,0.15141955835962145,0.0,0.08029197080291971,0.2116788321167883,0.708029197080292,98.36065573770492,72.1311475409836,91.80327868852459,86.88524590163934,22.131147540983605,,51.0,31.967213114754102,22.950819672131146,76.22950819672131,82.78688524590164,98.36065573770492,87.29508196721311,32.02732240437158,25.683060109289617,83.60655737704919,98.36065573770492
Mario Pinto,Men’s Heavyweight,3,29.816666666666663,1.0,2.548910005589715,3.823365008384573,1.8110676355505873,0.7378423700391279,0.6666666666666666,0.578125,0.5030743432084964,0.5030743432084964,2.515371716042482,0.2631578947368421,1.0,1.0061486864169928,0.9313399778516057,0.0,0.3684210526315789,0.18421052631578946,0.4473684210526316,72.1311475409836,93.44262295081968,90.1639344262295,70.49180327868852,85.24590163934425,47.91666666666667,87.0,91.80327868852459,85.24590163934425,31.14754098360656,82.78688524590164,11.475409836065573,81.55737704918033,76.3521174863388,87.43169398907104,68.0327868852459,11.475409836065573
Waldo Cortes Acosta,Men’s Heavyweight,4,28.583333333333336,1.0,4.198250728862973,8.0466472303207,4.128279883381924,0.06997084548104926,0.5217391304347826,0.5021097046413502,2.0991253644314867,0.0,0.5247813411078717,0.5,1.0,0.0,0.8271604938271605,0.0,0.19166666666666668,0.03333333333333333,0.775,52.459016393442624,57.377049180327866,49.18032786885246,93.44262295081968,52.459016393442624,81.25,87.0,31.967213114754102,67.21311475409836,76.22950819672131,82.78688524590164,62.295081967213115,63.11475409836066,71.98053278688525,50.54644808743169,69.39890710382514,62.295081967213115
Marcin Tybura,Men’s Heavyweight,8,64.13333333333333,1.0,3.2900207900207903,7.983367983367985,3.430353430353431,-0.1403326403326406,0.412109375,0.5045045045045045,0.0,0.46777546777546786,0.7016632016632017,0.25,0.2857142857142857,0.23388773388773393,0.5064456721915286,0.6,0.2132701421800948,0.08530805687203792,0.7014218009478673,49.18032786885246,16.39344262295082,55.73770491803278,17.21311475409836,59.01639344262295,44.79166666666667,5.0,72.1311475409836,39.34426229508197,34.42622950819673,40.16393442622951,60.65573770491803,34.631147540983605,37.038080601092894,56.83060109289618,43.44262295081967,60.65573770491803
Rizvan Kuniev,Men’s Heavyweight,3,41.2,1.0,3.7378640776699026,7.79126213592233,2.5970873786407767,1.140776699029126,0.4797507788161994,0.47804878048780486,0.3640776699029126,0.0,0.0,,0.92,0.0,0.5811789038262668,0.0,0.006493506493506494,0.3961038961038961,0.5974025974025974,78.68852459016394,37.704918032786885,39.34426229508197,60.65573770491803,22.131147540983605,,70.0,31.967213114754102,49.18032786885246,76.22950819672131,82.78688524590164,57.377049180327866,54.09836065573771,47.10382513661202,34.42622950819672,66.12021857923497,57.377049180327866
Kennedy Nzechukwu,Men’s Heavyweight,8,55.06666666666667,1.0,5.447941888619854,10.587167070217918,4.9576271186440675,0.4903147699757868,0.5145797598627787,0.5045372050816697,0.5447941888619854,0.5447941888619854,0.0,0.0,0.78125,0.2723970944309927,0.4320785597381342,0.6666666666666666,0.07333333333333333,0.22666666666666666,0.7,65.57377049180327,54.09836065573771,57.377049180327866,72.1311475409836,22.131147540983605,14.583333333333334,60.0,73.77049180327869,36.0655737704918,27.868852459016395,33.606557377049185,80.32786885245902,62.29508196721311,33.19501366120218,43.98907103825136,39.61748633879781,80.32786885245902
Alexandr Romanov,Men’s Heavyweight,8,72.7,1.0,3.6726272352132048,6.616231086657496,2.200825309491059,1.4718019257221457,0.5550935550935551,0.5543175487465182,0.0,0.0,4.126547455295736,0.5263157894736842,0.2857142857142857,0.4126547455295736,0.7933595456531236,0.6666666666666666,0.33707865168539325,0.08614232209737828,0.5767790262172284,81.9672131147541,65.57377049180327,77.04918032786885,17.21311475409836,91.80327868852459,89.58333333333334,5.0,83.60655737704919,60.65573770491803,76.22950819672131,33.606557377049185,32.78688524590164,60.45081967213115,61.76058743169399,78.68852459016394,62.295081967213115,32.78688524590164
Mick Parkin,Men’s Heavyweight,5,63.38333333333333,1.0,4.73310544307126,9.48198790428609,4.007362608467,0.7257428346042598,0.49916805324459235,0.5974643423137876,0.23665527215356297,0.0,0.9466210886142519,0.36363636363636365,0.75,0.0,0.793733681462141,0.0,0.04666666666666667,0.04,0.9133333333333333,70.49180327868852,49.18032786885246,96.72131147540983,45.90163934426229,65.57377049180327,62.5,55.00000000000001,31.967213114754102,62.295081967213115,76.22950819672131,82.78688524590164,73.77049180327869,65.57377049180329,61.342213114754095,53.278688524590166,85.24590163934427,73.77049180327869
Steven Asplund,Men’s Heavyweight,3,38.81666666666666,1.0,7.6513525118076435,14.401030485186777,5.2297123228853595,2.421640188922284,0.5313059033989267,0.47948717948717945,1.15929583512237,0.3864319450407901,0.0,0.0,1.0,0.3864319450407901,0.5476190476190477,0.0,0.07407407407407407,0.08080808080808081,0.8451178451178452,91.80327868852459,60.65573770491803,40.98360655737705,85.24590163934425,22.131147540983605,14.583333333333334,87.0,80.32786885245902,42.62295081967213,37.70491803278688,82.78688524590164,90.1639344262295,69.67213114754098,41.584357923497265,48.36065573770492,53.82513661202186,90.1639344262295
Mohammed Usman,Men’s Heavyweight,6,80.6,1.0,3.8461538461538463,9.813895781637719,4.267990074441688,-0.4218362282878414,0.3919089759797724,0.5120567375886524,0.18610421836228289,0.0,0.5583126550868487,0.14285714285714285,0.6666666666666667,0.0,0.8871595330739299,0.0,0.01935483870967742,0.01935483870967742,0.9612903225806452,39.34426229508197,13.114754098360656,60.65573770491803,39.34426229508197,54.09836065573771,36.45833333333333,39.0,31.967213114754102,73.77049180327869,76.22950819672131,82.78688524590164,78.68852459016394,38.114754098360656,50.83179644808743,53.278688524590166,73.224043715847,78.68852459016394
Hamdy Abdelwahab,Men’s Heavyweight,4,60.0,1.0,4.266666666666667,7.65,3.6666666666666665,0.6000000000000001,0.5577342047930284,0.5143487858719646,0.25,0.0,3.25,0.65,1.0,0.0,1.0,0.0,0.390625,0.05859375,0.55078125,67.21311475409836,67.21311475409836,62.295081967213115,49.18032786885246,90.1639344262295,95.83333333333334,87.0,31.967213114754102,95.90163934426229,76.22950819672131,82.78688524590164,49.18032786885246,61.47540983606557,92.2247267759563,72.6775956284153,73.77049180327869,49.18032786885246
Jhonata Diniz,Men’s Heavyweight,5,56.36666666666667,1.0,3.6723832052040213,6.244825547013601,3.406268480189237,0.26611472501478417,0.5880681818181818,0.5844155844155844,0.26611472501478417,0.0,0.0,,0.6923076923076923,0.0,0.05531609195402299,1.0,0.028985507246376812,0.033816425120772944,0.9371980676328503,55.73770491803278,77.04918032786885,95.08196721311475,50.81967213114754,22.131147540983605,,46.0,31.967213114754102,11.475409836065573,76.22950819672131,12.295081967213122,29.508196721311474,69.67213114754098,26.535519125683056,21.857923497267763,61.20218579234973,29.508196721311474
Jairzinho Rozenstruik,Men’s Heavyweight,8,81.28333333333333,1.0,2.4851343038753333,5.917572278039779,2.768095140455198,-0.2829608365798646,0.41995841995842,0.5647969052224371,0.36907935206069303,0.0,0.0,,0.6666666666666667,0.0,0.007352941176470588,0.4,0.019801980198019802,0.054455445544554455,0.9257425742574258,44.26229508196721,19.672131147540984,86.88524590163934,62.295081967213115,22.131147540983605,,39.0,31.967213114754102,6.557377049180328,76.22950819672131,58.196721311475414,27.86885245901639,53.27868852459016,22.562841530054644,20.21857923497268,73.77049180327869,27.86885245901639
Jovan Leka,Men’s Heavyweight,1,2.3666666666666667,1.0,4.225352112676056,6.76056338028169,3.380281690140845,0.845070422535211,0.625,0.5555555555555556,6.338028169014084,0.0,0.0,,,0.0,1.0,0.0,0.2,0.2,0.6,75.40983606557377,83.60655737704919,79.50819672131148,98.36065573770492,22.131147540983605,,,31.967213114754102,95.90163934426229,76.22950819672131,82.78688524590164,34.42622950819672,84.22131147540983,59.01639344262295,50.0,79.50819672131148,34.42622950819672
Gokhan Saricam,Men’s Heavyweight,1,9.716666666666667,1.0,5.866209262435677,12.452830188679245,6.174957118353345,-0.30874785591766774,0.47107438016528924,0.38144329896907214,1.5437392795883362,0.0,0.0,0.0,1.0,0.0,0.47058823529411764,0.0,0.14035087719298245,0.17543859649122806,0.6842105263157895,42.62295081967213,32.78688524590164,16.39344262295082,91.80327868852459,22.131147540983605,14.583333333333334,87.0,31.967213114754102,37.704918032786885,76.22950819672131,82.78688524590164,88.52459016393442,45.90163934426229,40.35484972677595,30.601092896174865,58.46994535519125,88.52459016393442
Shamil Gaziev,Men’s Heavyweight,5,34.233333333333334,1.0,4.118792599805258,8.500486854917234,4.469328140214216,-0.3505355404089583,0.4845360824742268,0.4831081081081081,0.4381694255111977,1.314508276533593,1.314508276533593,0.6,0.8,0.0,0.9675090252707581,1.0,0.09219858156028368,0.19858156028368795,0.7092198581560284,40.98360655737705,40.98360655737705,42.62295081967213,65.57377049180327,72.1311475409836,91.66666666666666,62.0,31.967213114754102,86.88524590163934,8.1967213114754,12.295081967213122,68.85245901639344,47.540983606557376,78.1707650273224,63.66120218579235,21.038251366120218,68.85245901639344
Jose Montanha,Men’s Heavyweight,1,1.8333333333333333,1.0,1.090909090909091,3.8181818181818183,1.6363636363636365,-0.5454545454545454,0.2857142857142857,0.25,0.0,0.0,8.181818181818183,0.5,1.0,8.181818181818183,0.8472222222222222,0.0,0.0,0.5,0.5,32.78688524590164,1.639344262295082,1.639344262295082,17.21311475409836,100.0,81.25,87.0,100.0,70.49180327868852,76.22950819672131,82.78688524590164,9.836065573770492,13.319672131147541,84.68545081967213,90.1639344262295,53.551912568306015,9.836065573770492
RJ Harris,Men’s Heavyweight,1,1.6666666666666667,1.0,9.0,15.6,6.6,2.4000000000000004,0.5769230769230769,0.56,9.0,0.0,0.0,,,0.0,1.0,0.0,0.5333333333333333,0.0,0.4666666666666667,90.1639344262295,73.77049180327869,83.60655737704919,100.0,22.131147540983605,,,31.967213114754102,95.90163934426229,76.22950819672131,82.78688524590164,91.80327868852459,86.88524590163934,59.01639344262295,50.0,80.87431693989072,91.80327868852459
Gable Steveson,Men’s Heavyweight,1,2.5166666666666666,1.0,16.29139072847682,22.649006622516556,5.1655629139072845,11.125827814569536,0.7192982456140351,0.6060606060606061,5.960264900662252,0.0,0.0,0.0,,0.0,1.0,0.0,0.024390243902439025,0.2926829268292683,0.6829268292682927,100.0,100.0,98.36065573770492,96.72131147540983,22.131147540983605,14.583333333333334,,31.967213114754102,95.90163934426229,76.22950819672131,82.78688524590164,100.0,98.77049180327869,44.205373406193075,50.0,85.79234972677597,100.0
Tallison Teixeira,Men’s Heavyweight,4,16.816666666666666,1.0,3.686818632309217,5.470763131813677,3.4489593657086224,0.23785926660059475,0.6739130434782609,0.3176470588235294,0.8919722497522299,1.7839444995044598,2.6759167492566895,0.3,,0.0,0.6282798833819242,1.0,0.4032258064516129,0.11290322580645161,0.4838709677419355,54.09836065573771,95.08196721311475,4.918032786885246,81.9672131147541,88.52459016393442,53.125,,31.967213114754102,54.09836065573771,6.557377049180331,12.295081967213122,24.59016393442623,59.016393442622956,65.2493169398907,58.196721311475414,7.923497267759566,24.59016393442623
Tyrell Fortune,Men’s Heavyweight,2,26.2,1.0,1.9083969465648856,3.8931297709923665,4.312977099236641,-2.4045801526717554,0.49019607843137253,0.508695652173913,0.0,0.5725190839694657,1.7175572519083968,0.42857142857142855,1.0,0.0,0.6278118609406953,1.0,0.12,0.32,0.56,9.836065573770492,44.26229508196721,59.01639344262295,17.21311475409836,77.04918032786885,75.0,87.0,31.967213114754102,52.459016393442624,24.59016393442623,12.295081967213122,13.114754098360656,32.58196721311475,72.87704918032787,53.82513661202186,31.9672131147541,13.114754098360656
Denzel Freeman,Men’s Heavyweight,2,19.983333333333334,1.0,2.452043369474562,4.3035863219349455,3.402835696413678,-0.9507923269391161,0.5697674418604651,0.5036496350364963,0.0,0.0,0.0,0.0,0.5,0.0,0.0,1.0,0.0,0.08163265306122448,0.9183673469387755,22.950819672131146,70.49180327868852,52.459016393442624,17.21311475409836,22.131147540983605,14.583333333333334,24.0,31.967213114754102,3.278688524590164,76.22950819672131,12.295081967213122,14.754098360655737,40.778688524590166,15.998292349726777,19.125683060109292,46.994535519125684,14.754098360655737
Ante Delija,Men’s Heavyweight,3,21.033333333333335,1.0,4.27892234548336,11.220285261489698,3.946117274167987,0.33280507131537274,0.3813559322033898,0.5257142857142857,0.7131537242472266,0.7131537242472266,0.0,0.0,0.75,0.0,0.1125,0.5,0.044444444444444446,0.044444444444444446,0.9111111111111111,59.01639344262295,8.19672131147541,67.21311475409836,77.04918032786885,22.131147540983605,14.583333333333334,55.00000000000001,31.967213114754102,18.0327868852459,19.67213114754098,50.0,85.24590163934425,52.868852459016395,27.43681693989071,24.043715846994534,45.62841530054644,85.24590163934425
Allen Frye Jr.,Men’s Heavyweight,1,15.0,1.0,2.2,5.733333333333333,4.266666666666667,-2.0666666666666664,0.38372093023255816,0.36,0.0,0.0,0.0,,,0.0,0.9152215799614644,0.0,0.0,0.42424242424242425,0.5757575757575758,11.475409836065573,9.836065573770492,9.836065573770492,17.21311475409836,22.131147540983605,,,31.967213114754102,83.60655737704919,76.22950819672131,82.78688524590164,26.229508196721312,12.09016393442623,52.868852459016395,45.9016393442623,56.28415300546448,26.229508196721312
Marek Bujlo,Men’s Heavyweight,1,15.0,1.0,2.066666666666667,5.333333333333333,3.2666666666666666,-1.1999999999999997,0.3875,0.379746835443038,0.0,0.0,0.0,,,0.0,1.0,0.0,0.0,0.0,1.0,21.311475409836063,11.475409836065573,14.754098360655737,17.21311475409836,22.131147540983605,,,31.967213114754102,95.90163934426229,76.22950819672131,82.78688524590164,21.311475409836063,16.188524590163933,59.01639344262295,50.0,57.92349726775956,21.311475409836063
Alexander Poppeck,Men’s Heavyweight,1,2.3666666666666667,1.0,3.380281690140845,7.605633802816901,4.225352112676056,-0.845070422535211,0.4444444444444444,0.375,0.0,6.338028169014084,0.0,,,0.0,0.0,1.0,0.0,0.0,1.0,24.59016393442623,27.86885245901639,13.114754098360656,17.21311475409836,22.131147540983605,,,31.967213114754102,3.278688524590164,3.278688524590165,12.295081967213122,47.540983606557376,20.69672131147541,12.704918032786885,19.125683060109292,9.562841530054648,47.540983606557376
Max Gimenis,Men’s Heavyweight,1,0.9333333333333333,1.0,3.2142857142857144,7.5,9.642857142857142,-6.428571428571428,0.42857142857142855,0.47058823529411764,0.0,32.14285714285714,0.0,,,0.0,0.0,1.0,0.0,0.0,1.0,4.918032786885246,21.311475409836063,36.885245901639344,17.21311475409836,22.131147540983605,,,31.967213114754102,3.278688524590164,1.639344262295082,12.295081967213122,44.26229508196721,20.08196721311475,12.704918032786885,19.125683060109292,16.939890710382517,44.26229508196721
Thomas Petersen,Men’s Heavyweight,7,75.16666666666667,1.0,2.9933481152993346,5.135254988913525,2.580931263858093,0.41241685144124185,0.582901554404145,0.5570776255707763,0.19955654101995565,0.5986696230598669,2.5942350332594235,0.37142857142857144,0.8571428571428572,0.19955654101995565,0.8989690721649485,0.75,0.18222222222222223,0.07111111111111111,0.7466666666666667,63.934426229508205,75.40983606557377,81.9672131147541,42.62295081967213,86.88524590163934,66.66666666666666,68.0,70.49180327868852,78.68852459016394,22.950819672131146,27.049180327868854,19.672131147540984,65.98360655737704,75.06010928961749,78.68852459016394,43.98907103825136,19.672131147540984
Guilherme Pat,Men’s Heavyweight,3,45.0,1.0,2.8,4.6,2.8222222222222224,-0.022222222222222587,0.6086956521739131,0.461864406779661,0.33333333333333337,1.0,0.0,,1.0,0.0,0.14372061786433848,0.0,0.0,0.15873015873015872,0.8412698412698413,50.81967213114754,81.9672131147541,31.147540983606557,59.01639344262295,22.131147540983605,,87.0,31.967213114754102,21.311475409836063,11.47540983606558,82.78688524590164,18.0327868852459,55.73770491803279,43.48087431693989,25.136612021857925,41.80327868852459,18.0327868852459
Marcus Buchecha,Men’s Heavyweight,3,37.16666666666667,1.0,1.5874439461883405,3.147982062780269,2.152466367713004,-0.5650224215246635,0.5042735042735043,0.5031055900621118,0.0,0.4035874439461883,2.0179372197309413,0.16129032258064516,,0.4035874439461883,0.5720789074355084,0.5,0.4406779661016949,0.13559322033898305,0.423728813559322,31.147540983606557,52.459016393442624,50.81967213114754,17.21311475409836,80.32786885245902,39.58333333333333,,81.9672131147541,47.540983606557376,36.06557377049181,50.0,4.918032786885246,37.90983606557378,55.81739526411658,69.94535519125684,45.62841530054644,4.918032786885246
Rodrigo Nascimento,Men’s Heavyweight,8,85.13333333333333,1.0,3.688332028191073,7.787783868441661,4.416601409553642,-0.7282693813625687,0.473604826546003,0.4454277286135693,0.0,0.5285826155050901,1.0571652310101802,0.375,0.5909090909090908,0.35238841033672674,0.5153321976149915,0.6666666666666666,0.05732484076433121,0.1178343949044586,0.8248407643312102,27.86885245901639,34.42622950819672,29.508196721311474,17.21311475409836,67.21311475409836,68.75,32.0,75.40983606557377,40.98360655737705,29.508196721311478,33.606557377049185,55.73770491803278,27.254098360655735,52.23668032786885,61.202185792349724,30.874316939890715,55.73770491803278
Alvin Hines,Men’s Heavyweight,2,16.666666666666668,1.0,5.579999999999999,17.04,7.619999999999999,-2.04,0.3274647887323944,0.38942307692307687,0.0,0.8999999999999999,0.8999999999999999,0.1,,0.0,0.3333333333333333,0.5,0.0,0.021505376344086023,0.978494623655914,14.754098360655737,3.278688524590164,19.672131147540984,17.21311475409836,60.65573770491803,29.166666666666668,,31.967213114754102,31.147540983606557,13.114754098360663,50.0,96.72131147540983,13.729508196721312,40.32331511839708,41.2568306010929,27.59562841530055,96.72131147540983
Elisha Ellison,Men’s Heavyweight,2,4.433333333333334,1.0,3.6090225563909772,9.473684210526315,15.789473684210526,-12.180451127819548,0.38095238095238093,0.339622641509434,0.0,3.3834586466165413,0.0,0.0,1.0,0.0,0.25,1.0,0.0,0.3125,0.6875,1.639344262295082,6.557377049180328,6.557377049180328,17.21311475409836,22.131147540983605,14.583333333333334,87.0,31.967213114754102,27.86885245901639,4.918032786885248,12.295081967213122,72.1311475409836,7.991803278688525,37.89583333333333,27.3224043715847,7.923497267759566,72.1311475409836
Sean Sharaf,Men’s Heavyweight,2,16.066666666666666,1.0,7.406639004149378,16.86721991701245,15.0,-7.593360995850622,0.43911439114391143,0.42619047619047623,0.0,0.0,0.9336099585062241,0.1111111111111111,,0.0,0.9019607843137255,1.0,0.06722689075630252,0.008403361344537815,0.9243697478991597,3.278688524590164,24.59016393442623,24.59016393442623,17.21311475409836,63.934426229508205,32.29166666666667,,31.967213114754102,80.32786885245902,76.22950819672131,12.295081967213122,95.08196721311475,17.418032786885245,58.85132058287797,58.743169398907106,37.704918032786885,95.08196721311475
Tanner Boser,Men’s Heavyweight,8,86.91666666666666,1.0,5.0162991371045065,9.192713326941515,2.945349952061362,2.0709491850431445,0.5456821026282853,0.5428571428571429,0.17257909875359542,0.17257909875359542,0.0,0.0,0.6818181818181819,0.0,0.3270631067961165,0.4,0.05733944954128441,0.11926605504587157,0.823394495412844,88.52459016393442,63.934426229508205,70.49180327868852,37.704918032786885,22.131147540983605,14.583333333333334,44.0,31.967213114754102,29.508196721311474,45.9016393442623,58.196721311475414,70.49180327868852,65.16393442622952,27.555669398907103,27.868852459016395,58.196721311475414,70.49180327868852
Louie Sutherland,Men’s Heavyweight,4,20.03333333333333,1.0,1.7970049916805326,2.5956738768718806,1.9467554076539104,-0.1497504159733778,0.6923076923076923,0.35,0.0,0.0,4.492512479201332,0.4,0.33333333333333337,0.0,0.8316831683168316,1.0,0.2777777777777778,0.16666666666666666,0.5555555555555556,47.540983606557376,96.72131147540983,8.19672131147541,17.21311475409836,93.44262295081968,72.91666666666666,12.0,31.967213114754102,68.85245901639344,76.22950819672131,12.295081967213122,1.639344262295082,42.41803278688525,61.802937158469945,64.75409836065575,32.24043715846995,1.639344262295082
Jamal Pogues,Men’s Heavyweight,4,60.0,1.0,3.3833333333333333,7.366666666666666,3.9,-0.5166666666666666,0.4592760180995475,0.47058823529411764,0.0,0.0,1.25,0.38461538461538464,0.6666666666666667,0.0,0.5922865013774105,0.0,0.019704433497536946,0.10344827586206896,0.8768472906403941,34.42622950819672,30.327868852459016,36.885245901639344,17.21311475409836,68.85245901639344,70.83333333333334,39.0,31.967213114754102,50.81967213114754,76.22950819672131,82.78688524590164,40.98360655737705,29.71311475409836,57.376366120218584,50.54644808743169,65.30054644808745,40.98360655737705
Chris Barnett,Men’s Heavyweight,6,52.983333333333334,1.0,3.3595470273670966,7.0588235294117645,6.549229317395407,-3.1896822900283106,0.47593582887700536,0.3644688644688645,0.28310789556464294,0.5662157911292859,0.0,0.0,0.3529411764705882,0.0,0.06867554309740714,0.5,0.21348314606741572,0.07865168539325842,0.7078651685393258,6.557377049180328,36.0655737704918,11.475409836065573,52.459016393442624,22.131147540983605,14.583333333333334,14.000000000000002,31.967213114754102,14.754098360655737,26.229508196721312,50.0,39.34426229508197,26.639344262295083,16.36714480874317,22.95081967213115,29.234972677595625,39.34426229508197
Tai Tuivasa,Men’s Heavyweight,8,80.7,1.0,2.3543990086741013,5.353159851301115,5.489467162329616,-3.1350681536555145,0.4398148148148148,0.3864265927977839,0.37174721189591076,0.7434944237918215,0.0,,0.6333333333333333,0.0,0.2077856420626896,0.5714285714285714,0.06315789473684211,0.22105263157894736,0.7157894736842105,8.19672131147541,26.229508196721312,18.0327868852459,63.934426229508205,22.131147540983605,,34.0,31.967213114754102,24.59016393442623,18.032786885245898,42.622950819672134,22.950819672131146,29.098360655737707,26.907103825136613,26.229508196721312,26.22950819672131,22.950819672131146
Justin Tafa,Men’s Heavyweight,8,50.41666666666667,1.0,4.066115702479339,7.576859504132231,5.315702479338842,-1.2495867768595037,0.5366492146596858,0.46825396825396826,0.8925619834710743,0.29752066115702475,0.0,0.0,0.5333333333333333,0.0,0.21269487750556793,0.25,0.03414634146341464,0.1024390243902439,0.8634146341463415,19.672131147540984,62.295081967213115,34.42622950819672,83.60655737704919,22.131147540983605,14.583333333333334,28.000000000000004,31.967213114754102,26.229508196721312,40.98360655737705,62.295081967213115,45.90163934426229,50.0,22.735997267759565,26.775956284153008,45.90163934426229,45.90163934426229
Robelis Despaigne,Men’s Heavyweight,3,30.3,1.0,2.112211221122112,3.5313531353135312,2.541254125412541,-0.42904290429042913,0.5981308411214953,0.4652777777777778,0.495049504950495,0.0,0.0,,0.5,0.0,0.018292682926829267,0.0,0.03125,0.15625,0.8125,37.704918032786885,78.68852459016394,32.78688524590164,68.85245901639344,22.131147540983605,,24.0,31.967213114754102,8.19672131147541,76.22950819672131,82.78688524590164,6.557377049180328,54.50819672131148,18.109289617486336,20.76502732240437,63.9344262295082,6.557377049180328
Don'Tale Mayes,Men’s Heavyweight,8,99.56666666666666,1.0,2.7920990960830268,6.809507867425511,3.4248409775694677,-0.632741881486441,0.41002949852507375,0.4940652818991098,0.3013056578506863,0.15065282892534315,0.0,0.0,0.30434782608695654,0.0,0.08333333333333333,0.2,0.007194244604316547,0.1223021582733813,0.8705035971223022,29.508196721311474,14.754098360655737,45.90163934426229,55.73770491803278,22.131147540983605,14.583333333333334,8.0,31.967213114754102,16.39344262295082,50.81967213114754,63.9344262295082,36.0655737704918,36.47540983606557,15.27698087431694,23.497267759562842,53.551912568306015,36.0655737704918
Lukasz Brzeski,Men’s Heavyweight,7,59.03333333333333,1.0,4.692264257481649,9.520045172219085,3.777526821005082,0.914737436476567,0.4928825622775801,0.5531062124248497,0.0,1.0163749294184077,0.0,0.0,0.3157894736842105,0.0,0.05669291338582677,0.6666666666666666,0.0,0.04693140794223827,0.9530685920577617,77.04918032786885,45.90163934426229,75.40983606557377,17.21311475409836,22.131147540983605,14.583333333333334,10.0,31.967213114754102,13.114754098360656,9.836065573770497,33.606557377049185,75.40983606557377,53.89344262295082,14.9573087431694,22.404371584699458,39.61748633879782,75.40983606557377
Magomed Ankalaev,Men’s Light Heavyweight,8,108.08333333333333,1.0,3.5435620663068623,6.994602929838088,2.8404009252120277,0.7031611410948346,0.5066137566137566,0.49918433931484507,0.13878180416345412,0.0,0.6939090208172707,0.17857142857142858,1.0,0.4163454124903624,0.9348268839103869,1.0,0.1462140992167102,0.09399477806788512,0.7597911227154047,64.70588235294117,45.09803921568628,52.94117647058824,35.294117647058826,54.90196078431373,25.581395348837212,92.3913043478261,72.54901960784314,94.11764705882352,87.25490196078431,19.60784313725491,41.17647058823529,49.50980392156863,66.74807688495014,73.85620915032679,53.26797385620915,41.17647058823529
Carlos Ulberg,Men’s Light Heavyweight,8,59.1,1.0,5.516074450084602,10.642978003384094,4.060913705583756,1.455160744500846,0.5182829888712241,0.5121951219512195,1.5228426395939085,0.0,0.25380710659898476,0.3333333333333333,0.8333333333333334,0.25380710659898476,0.8791946308724832,0.0,0.1196319018404908,0.027607361963190184,0.852760736196319,82.35294117647058,60.78431372549019,62.745098039215684,94.11764705882352,37.254901960784316,44.18604651162791,66.30434782608695,66.66666666666666,88.23529411764706,87.25490196078431,89.21568627450979,84.31372549019608,75.0,58.99514760403656,64.05228758169933,79.73856209150325,84.31372549019608
Robert Whittaker,Men’s Light Heavyweight,8,103.78333333333333,1.0,3.806006102457042,7.929982334992774,3.5362132648145175,0.2697928376425245,0.479951397326853,0.5429638854296388,0.2890637546169905,0.2890637546169905,0.8671912638509716,0.46153846153846156,0.7037037037037037,0.0,0.2342629482071713,0.5,0.0379746835443038,0.035443037974683546,0.9265822784810127,58.82352941176471,33.33333333333333,76.47058823529412,43.13725490196079,64.70588235294117,79.06976744186046,46.73913043478261,27.450980392156865,25.49019607843137,62.745098039215684,63.72549019607843,52.94117647058824,52.94117647058823,54.0012440770039,39.2156862745098,67.6470588235294,52.94117647058824
Navajo Stirling,Men’s Light Heavyweight,6,65.4,1.0,6.406727828746177,11.819571865443423,2.46177370030581,3.9449541284403664,0.5420439844760673,0.5944584382871536,0.45871559633027514,0.0,0.9174311926605503,0.36363636363636365,0.696969696969697,0.0,0.5107564191533657,0.0,0.1957040572792363,0.057279236276849645,0.747016706443914,100.0,72.54901960784314,92.15686274509804,56.86274509803921,66.66666666666666,53.48837209302325,39.130434782608695,27.450980392156865,54.90196078431373,87.25490196078431,89.21568627450979,92.15686274509804,80.39215686274511,53.54685858165308,49.67320261437908,89.54248366013071,92.15686274509804
Dominick Reyes,Men’s Light Heavyweight,8,54.03333333333333,1.0,5.126465144972239,8.6428130783467,3.886489821098088,1.2399753238741513,0.5931477516059958,0.5035460992907801,0.8328192473781617,1.1104256631708822,0.27760641579272055,1.0,0.8571428571428572,0.27760641579272055,0.6973684210526315,1.0,0.23465703971119134,0.07220216606498195,0.6931407942238267,78.43137254901961,96.07843137254902,60.78431372549019,74.50980392156863,39.21568627450981,98.83720930232558,73.91304347826086,68.62745098039215,72.54901960784314,17.647058823529413,19.60784313725491,60.78431372549019,77.45098039215686,71.12873966573486,60.13071895424837,32.67973856209151,60.78431372549019
Paulo Costa,Men’s Light Heavyweight,8,130.36666666666667,1.0,5.714650984402966,9.649705957555613,5.983124520582971,-0.2684735361800046,0.5922098569157392,0.49185667752442996,0.3451802608028637,0.23012017386857578,0.3451802608028637,0.5,0.75,0.0,0.6152849740932642,0.25,0.05100671140939597,0.03087248322147651,0.9181208053691275,43.13725490196079,94.11764705882352,43.13725490196079,49.01960784313725,41.17647058823529,82.55813953488372,55.434782608695656,27.450980392156865,62.745098039215684,66.66666666666666,75.49019607843137,74.50980392156863,57.35294117647058,60.47862269275759,43.790849673202615,61.764705882352935,74.50980392156863
Azamat Murzakanov,Men’s Light Heavyweight,7,63.31666666666666,1.0,4.469597262437484,7.912608581205581,3.2850750197420377,1.1845222426954458,0.564870259481038,0.5583864118895966,1.4214266912345355,0.23690444853908924,0.7107133456172677,0.21428571428571427,0.8888888888888888,0.23690444853908924,0.4835742444152431,1.0,0.24381625441696114,0.0636042402826855,0.6925795053003534,74.50980392156863,82.35294117647058,82.35294117647058,90.19607843137256,58.82352941176471,30.23255813953488,80.43478260869566,64.70588235294117,49.01960784313725,64.70588235294117,19.60784313725491,50.98039215686274,82.3529411764706,54.627619500783126,57.51633986928105,55.555555555555564,50.98039215686274
Alonzo Menifield,Men’s Light Heavyweight,8,66.11666666666667,1.0,3.7963196370052934,7.910259642046886,4.839929417695991,-1.0436097806906979,0.47992351816443596,0.4984326018808778,0.6806150743634989,0.6806150743634989,0.2268716914544996,0.3333333333333333,0.85,0.2268716914544996,0.3294930875576037,1.0,0.02390438247011952,0.11553784860557768,0.8605577689243028,23.52941176470588,31.372549019607842,50.98039215686274,64.70588235294117,33.33333333333333,44.18604651162791,69.56521739130434,62.745098039215684,29.411764705882355,33.333333333333336,19.60784313725491,49.01960784313725,42.647058823529406,44.12409048553698,41.830065359477125,34.640522875817,49.01960784313725
Jiri Prochazka,Men’s Light Heavyweight,8,86.48333333333332,1.0,5.608016958951629,9.9441125457699,5.573328194257083,0.03468876469454596,0.563953488372093,0.4434180138568129,0.6937752938909232,0.6937752938909232,0.5203314704181924,0.6,0.6666666666666667,0.1734438234727308,0.5149425287356322,1.0,0.15876288659793814,0.08041237113402062,0.7608247422680412,52.94117647058824,78.43137254901961,27.450980392156865,66.66666666666666,50.98039215686274,88.37209302325581,33.69565217391305,54.90196078431373,56.86274509803921,31.37254901960784,19.60784313725491,76.47058823529412,56.37254901960784,57.47772061301771,54.248366013071895,26.143790849673206,76.47058823529412
Jan Blachowicz,Men’s Light Heavyweight,8,117.15,1.0,3.576611182244985,6.777635510029876,3.977806231327358,-0.4011950490823728,0.5277078085642317,0.4845132743362832,0.12804097311139565,0.12804097311139565,0.7682458386683738,0.42857142857142855,0.7727272727272727,0.5121638924455826,0.36182108626198084,0.5,0.07875894988066826,0.0405727923627685,0.8806682577565632,39.21568627450981,64.70588235294117,41.17647058823529,33.33333333333333,60.78431372549019,74.4186046511628,58.69565217391305,78.43137254901961,31.372549019607842,72.54901960784314,63.72549019607843,35.294117647058826,44.6078431372549,56.31777989254347,56.86274509803922,59.15032679738562,35.294117647058826
Volkan Oezdemir,Men’s Light Heavyweight,8,73.5,1.0,5.1020408163265305,10.0,4.244897959183674,0.8571428571428568,0.5102040816326531,0.5523672883787661,0.8163265306122449,0.40816326530612246,0.6122448979591836,0.375,0.7948717948717949,0.20408163265306123,0.40933098591549294,0.25,0.08266666666666667,0.058666666666666666,0.8586666666666667,68.62745098039215,50.98039215686274,80.3921568627451,72.54901960784314,52.94117647058824,58.139534883720934,61.95652173913043,60.78431372549019,41.17647058823529,50.98039215686275,75.49019607843137,78.43137254901961,68.13725490196079,53.55342592041872,51.63398692810458,68.95424836601308,78.43137254901961
Khalil Rountree Jr.,Men’s Light Heavyweight,8,99.11666666666667,1.0,4.509836892550866,10.75500252228014,4.862956112325542,-0.3531192197746762,0.41932457786116323,0.49581589958159,0.9080208508491676,0.3026736169497225,0.0,0.0,1.0,0.0,0.7681159420289855,1.0,0.015659955257270694,0.042505592841163314,0.941834451901566,41.17647058823529,15.686274509803921,47.05882352941176,82.35294117647058,14.705882352941178,8.13953488372093,92.3913043478261,27.450980392156865,76.47058823529412,60.7843137254902,19.60784313725491,88.23529411764706,46.56862745098039,47.92682745494558,39.54248366013072,42.48366013071896,88.23529411764706
Modestas Bukauskas,Men’s Light Heavyweight,8,86.4,1.0,3.020833333333333,6.527777777777778,3.773148148148148,-0.7523148148148149,0.4627659574468085,0.5030487804878049,0.1736111111111111,0.3472222222222222,0.3472222222222222,1.0,0.8571428571428572,0.1736111111111111,0.4730290456431535,1.0,0.07279693486590039,0.06130268199233716,0.8659003831417624,33.33333333333333,25.49019607843137,58.82352941176471,39.21568627450981,43.13725490196079,98.83720930232558,73.91304347826086,56.86274509803921,45.09803921568628,54.90196078431373,19.60784313725491,27.450980392156865,39.21568627450981,65.24638672455838,48.36601307189543,44.44444444444445,27.450980392156865
Dustin Jacoby,Men’s Light Heavyweight,8,65.44999999999999,1.0,4.751718869365929,9.457601222307106,4.110007639419405,0.641711229946524,0.5024232633279483,0.5144404332129964,0.9167303284950346,1.3750954927425518,0.22918258212375864,0.16666666666666666,0.7222222222222222,0.0,0.5488431876606684,0.5,0.03858520900321544,0.12540192926045016,0.8360128617363344,60.78431372549019,43.13725490196079,64.70588235294117,84.31372549019608,35.294117647058826,23.25581395348837,50.0,27.450980392156865,60.78431372549019,15.686274509803916,63.72549019607843,72.54901960784314,63.23529411764706,42.333561331509344,41.1764705882353,48.0392156862745,72.54901960784314
Bogdan Guskov,Men’s Light Heavyweight,7,66.2,1.0,3.595166163141994,6.329305135951661,3.5045317220543803,0.09063444108761365,0.568019093078759,0.46543778801843316,0.9063444108761329,0.45317220543806647,0.0,,0.5454545454545454,0.6797583081570997,0.25546448087431695,1.0,0.29831932773109243,0.046218487394957986,0.6554621848739496,54.90196078431373,86.27450980392157,33.33333333333333,80.3921568627451,14.705882352941178,,23.91304347826087,82.35294117647058,27.450980392156865,43.13725490196078,19.60784313725491,23.52941176470588,63.725490196078425,22.02330207445297,41.503267973856204,32.02614379084968,23.52941176470588
Nikita Krylov,Men’s Light Heavyweight,8,56.366666666666674,1.0,4.470727380248373,8.764044943820224,3.1756357185097572,1.2950916617386161,0.5101214574898786,0.531413612565445,0.7983441750443523,0.5322294500295682,3.7256061502069775,0.42424242424242425,0.25,0.7983441750443523,0.8839031339031339,1.0,0.1349206349206349,0.11904761904761904,0.746031746031746,80.3921568627451,49.01960784313725,72.54901960784314,70.58823529411765,92.15686274509804,69.76744186046511,4.3478260869565215,88.23529411764706,90.19607843137256,39.21568627450981,19.60784313725491,62.745098039215684,68.13725490196077,64.11705228097306,90.19607843137256,43.790849673202615,62.745098039215684
Jimmy Crute,Men’s Light Heavyweight,8,52.75,1.0,4.18957345971564,8.132701421800947,4.436018957345971,-0.2464454976303312,0.5151515151515151,0.37765957446808507,0.8530805687203791,0.8530805687203791,4.265402843601896,0.42857142857142855,0.5,1.7061611374407581,0.7453703703703703,1.0,0.12669683257918551,0.17194570135746606,0.7013574660633484,47.05882352941176,55.88235294117647,15.686274509803921,78.43137254901961,96.07843137254902,74.4186046511628,18.478260869565215,98.0392156862745,74.50980392156863,23.529411764705877,19.60784313725491,54.90196078431373,49.26470588235294,65.87127520371142,89.54248366013071,19.607843137254903,54.90196078431373
Iwo Baraniewski,Men’s Light Heavyweight,3,3.3666666666666667,1.0,11.287128712871286,19.9009900990099,8.910891089108912,2.376237623762375,0.5671641791044776,0.5384615384615384,17.82178217821782,4.455445544554455,0.0,0.0,1.0,0.0,0.8421052631578947,0.0,0.5263157894736842,0.15789473684210525,0.3157894736842105,90.19607843137256,84.31372549019608,74.50980392156863,100.0,14.705882352941178,8.13953488372093,92.3913043478261,27.450980392156865,84.31372549019608,3.9215686274509878,89.21568627450979,100.0,87.25490196078431,49.88761176867107,42.15686274509804,55.882352941176464,100.0
Abdul Rakhman Yakhyaev,Men’s Light Heavyweight,3,3.55,1.0,5.352112676056338,9.295774647887324,2.2535211267605635,3.0985915492957745,0.5757575757575758,0.5789473684210527,8.450704225352114,0.0,12.67605633802817,0.75,,8.450704225352114,1.0,0.0,0.631578947368421,0.0,0.3684210526315789,98.0392156862745,88.23529411764706,90.19607843137256,98.0392156862745,100.0,94.18604651162791,,100.0,99.01960784313727,87.25490196078431,89.21568627450979,70.58823529411765,93.62745098039215,97.73521811825508,99.67320261437908,88.88888888888887,70.58823529411765
Johnny Walker,Men’s Light Heavyweight,8,57.88333333333333,1.0,4.42268931759286,8.517132162395624,3.230636337460409,1.1920529801324506,0.5192697768762677,0.4932249322493225,0.5182839044054133,0.7774258566081198,0.5182839044054133,0.4,0.4,0.7774258566081198,0.41423948220064727,0.6666666666666666,0.171875,0.05859375,0.76953125,76.47058823529412,62.745098039215684,45.09803921568628,58.82352941176471,49.01960784313725,67.44186046511628,13.043478260869565,86.27450980392157,43.13725490196079,27.450980392156858,51.96078431372549,58.82352941176471,60.78431372549019,43.160550367770966,59.47712418300654,41.503267973856204,58.82352941176471
Billy Elekana,Men’s Light Heavyweight,4,35.400000000000006,1.0,2.7118644067796605,4.802259887005649,3.587570621468926,-0.8757062146892656,0.5647058823529412,0.461864406779661,0.42372881355932196,0.42372881355932196,0.8474576271186439,0.2222222222222222,,0.8474576271186439,0.7893518518518519,1.0,0.17708333333333334,0.010416666666666666,0.8125,27.450980392156865,80.3921568627451,31.372549019607842,52.94117647058824,62.745098039215684,32.55813953488372,,90.19607843137256,80.3921568627451,47.05882352941176,19.60784313725491,9.803921568627452,48.03921568627451,58.56513147894816,77.77777777777779,32.6797385620915,9.803921568627452
Jamahal Hill,Men’s Light Heavyweight,8,89.46666666666667,1.0,5.521609538002981,10.752608047690014,4.381520119225037,1.1400894187779436,0.5135135135135135,0.4335260115606936,0.3353204172876304,0.6706408345752608,0.0,,0.7948717948717949,0.0,0.3624091381100727,0.75,0.0951417004048583,0.10526315789473684,0.7995951417004049,72.54901960784314,52.94117647058824,21.568627450980394,47.05882352941176,14.705882352941178,,61.95652173913043,27.450980392156865,33.33333333333333,35.29411764705883,43.13725490196078,86.27450980392157,48.529411764705884,36.66524580846831,25.163398692810457,33.333333333333336,86.27450980392157
Rodolfo Bellato,Men’s Light Heavyweight,5,46.96666666666667,1.0,5.365507452093683,9.091554293825407,6.23846699787083,-0.8729595457771469,0.5901639344262295,0.47111913357400725,0.319375443577005,0.63875088715401,1.5968772178850248,0.38461538461538464,0.9230769230769231,0.0,0.39552964042759964,0.0,0.2857142857142857,0.07936507936507936,0.6349206349206349,29.411764705882355,92.15686274509804,39.21568627450981,45.09803921568628,72.54901960784314,63.95348837209303,82.6086956521739,27.450980392156865,37.254901960784316,37.254901960784316,89.21568627450979,68.62745098039215,51.470588235294116,64.09152639822359,45.751633986928105,55.22875816993464,68.62745098039215
Muhammad Saidov,Men’s Light Heavyweight,1,9.816666666666666,1.0,6.112054329371817,13.548387096774194,3.4634974533106964,2.6485568760611202,0.45112781954887216,0.6344086021505376,3.0560271646859083,0.0,0.0,,,0.0,1.0,0.0,0.06666666666666667,0.06666666666666667,0.8666666666666667,92.15686274509804,21.568627450980394,96.07843137254902,96.07843137254902,14.705882352941178,,,27.450980392156865,99.01960784313727,87.25490196078431,89.21568627450979,98.0392156862745,76.47058823529412,56.86274509803922,47.05882352941177,90.84967320261437,98.0392156862745
Zhang Mingyang,Men’s Light Heavyweight,5,20.01666666666667,1.0,6.644462947543713,11.340549542048292,5.545378850957535,1.0990840965861777,0.5859030837004405,0.39344262295081966,1.4987510407993336,2.2481265611990007,0.0,,1.0,0.0,0.518957345971564,1.0,0.23308270676691728,0.12030075187969924,0.6466165413533834,70.58823529411765,90.19607843137256,17.647058823529413,92.15686274509804,14.705882352941178,,92.3913043478261,27.450980392156865,58.82352941176471,9.803921568627452,19.60784313725491,90.19607843137256,67.64705882352942,55.30690537084399,33.66013071895425,15.686274509803924,90.19607843137256
Oumar Sy,Men’s Light Heavyweight,5,42.81666666666667,1.0,3.409887115609186,7.053328143246399,1.8684312962242116,1.5414558193849746,0.48344370860927155,0.6680497925311204,0.0,0.0,2.4523160762942777,0.35,0.6666666666666667,0.35033086804203967,0.845631067961165,0.5,0.08904109589041095,0.0821917808219178,0.8287671232876712,86.27450980392157,37.254901960784316,98.0392156862745,16.666666666666664,82.35294117647058,48.837209302325576,33.69565217391305,70.58823529411765,86.27450980392157,87.25490196078431,63.72549019607843,43.13725490196079,59.55882352941176,62.7900781141577,79.73856209150327,83.00653594771241,43.13725490196079
Magomed Tuchalov,Men’s Light Heavyweight,1,15.0,1.0,2.3333333333333335,5.333333333333333,2.6,-0.2666666666666666,0.4375,0.6694915254237288,0.0,0.0,8.0,0.5714285714285714,1.0,1.0,0.9701492537313433,0.0,0.02857142857142857,0.0,0.9714285714285714,45.09803921568628,17.647058823529413,100.0,16.666666666666664,98.0392156862745,86.04651162790698,92.3913043478261,93.13725490196079,96.07843137254902,87.25490196078431,89.21568627450979,13.725490196078432,44.85294117647059,93.13886575863914,95.7516339869281,92.15686274509802,13.725490196078432
Felipe Franco,Men’s Light Heavyweight,2,21.666666666666668,1.0,2.769230769230769,5.3538461538461535,2.0769230769230766,0.6923076923076925,0.5172413793103449,0.5,0.0,0.0,2.0769230769230766,0.42857142857142855,0.8571428571428572,0.0,0.3811881188118812,0.0,0.45,0.13333333333333333,0.4166666666666667,62.745098039215684,58.82352941176471,54.90196078431373,16.666666666666664,80.3921568627451,74.4186046511628,73.91304347826086,27.450980392156865,35.294117647058826,87.25490196078431,89.21568627450979,15.686274509803921,48.28431372549019,66.0044806598069,47.71241830065359,77.12418300653594,15.686274509803921
Diyar Nurgozhay,Men’s Light Heavyweight,4,29.200000000000003,1.0,5.684931506849314,9.006849315068493,2.842465753424657,2.842465753424657,0.6311787072243346,0.5699481865284974,1.0273972602739725,1.0273972602739725,1.5410958904109588,0.75,0.7,0.0,0.40648379052369077,1.0,0.12048192771084337,0.04819277108433735,0.8313253012048193,96.07843137254902,98.0392156862745,88.23529411764706,88.23529411764706,70.58823529411765,94.18604651162791,42.391304347826086,27.450980392156865,39.21568627450981,19.60784313725491,19.60784313725491,64.70588235294117,92.64705882352942,61.59531810702036,45.751633986928105,42.48366013071896,64.70588235294117
Anthony Smith,Men’s Light Heavyweight,8,79.89999999999999,1.0,3.591989987484356,6.7459324155194,6.808510638297873,-3.2165206508135173,0.5324675324675324,0.4677103718199609,0.0,0.1877346683354193,0.3754693366708386,0.14285714285714285,0.5714285714285714,0.1877346683354193,0.2012987012987013,0.6666666666666666,0.003484320557491289,0.013937282229965157,0.9825783972125436,9.803921568627452,66.66666666666666,37.254901960784316,16.666666666666664,45.09803921568628,20.930232558139537,28.26086956521739,58.82352941176471,17.647058823529413,70.58823529411764,51.96078431372549,33.33333333333333,32.59803921568627,27.984050040643154,40.52287581699346,53.26797385620915,33.33333333333333
Uran Satybaldiev,Men’s Light Heavyweight,2,17.75,1.0,2.140845070422535,8.450704225352112,3.6619718309859155,-1.5211267605633805,0.25333333333333335,0.4491525423728814,0.8450704225352113,0.0,0.0,0.0,0.5,1.6901408450704225,0.21739130434782608,0.0,0.0,0.10526315789473684,0.8947368421052632,17.647058823529413,1.9607843137254901,29.411764705882355,76.47058823529412,14.705882352941178,8.13953488372093,18.478260869565215,96.07843137254902,19.607843137254903,87.25490196078431,89.21568627450979,56.86274509803921,31.372549019607845,15.232880310870556,43.4640522875817,68.62745098039215,56.86274509803921
Ion Cutelaba,Men’s Light Heavyweight,8,68.75,1.0,3.4327272727272726,7.447272727272727,3.650909090909091,-0.21818181818181825,0.4609375,0.43595505617977526,0.0,0.21818181818181817,3.0545454545454547,0.358974358974359,0.75,0.6545454545454545,0.4877916440586001,0.5,0.11440677966101695,0.11016949152542373,0.7754237288135594,49.01960784313725,23.52941176470588,23.52941176470588,16.666666666666664,90.19607843137256,51.162790697674424,55.434782608695656,80.3921568627451,52.94117647058824,68.62745098039215,63.72549019607843,45.09803921568628,28.186274509803923,62.43370705208272,74.50980392156863,51.96078431372549,45.09803921568628
Luke Fernandez,Men’s Light Heavyweight,1,2.7,1.0,5.925925925925926,12.222222222222221,11.11111111111111,-5.185185185185185,0.48484848484848486,0.34782608695652173,0.0,5.555555555555555,0.0,,,0.0,0.6666666666666666,1.0,0.0,0.4375,0.5625,1.9607843137254901,39.21568627450981,7.8431372549019605,16.666666666666664,14.705882352941178,,,27.450980392156865,68.62745098039215,1.9607843137254901,19.60784313725491,96.07843137254902,16.42156862745098,41.666666666666664,36.928104575163395,9.803921568627453,96.07843137254902
Rafael Tobias,Men’s Light Heavyweight,1,15.0,1.0,2.6,6.733333333333333,6.266666666666667,-3.6666666666666665,0.38613861386138615,0.3426573426573427,0.0,0.0,2.0,0.25,1.0,1.0,0.6317991631799164,0.0,0.23076923076923078,0.10256410256410256,0.6666666666666666,5.88235294117647,5.88235294117647,5.88235294117647,16.666666666666664,78.43137254901961,34.883720930232556,92.3913043478261,93.13725490196079,64.70588235294117,87.25490196078431,89.21568627450979,31.372549019607842,8.57843137254902,67.60307004500486,78.75816993464052,60.784313725490186,31.372549019607842
Levi Rodrigues Jr.,Men’s Light Heavyweight,1,6.666666666666667,1.0,1.65,4.8,5.85,-4.199999999999999,0.34375,0.3035714285714286,0.0,0.0,0.0,,0.5,0.0,0.0,1.0,0.0,0.0,1.0,3.9215686274509802,3.9215686274509802,3.9215686274509802,16.666666666666664,14.705882352941178,,18.478260869565215,27.450980392156865,2.941176470588235,87.25490196078431,19.60784313725491,7.8431372549019605,7.107843137254902,12.041773231031542,15.032679738562093,36.928104575163395,7.8431372549019605
Paul Craig,Men’s Light Heavyweight,8,69.71666666666667,1.0,2.4958163997131244,6.426010040640688,3.8154434616304087,-1.3196270619172843,0.38839285714285715,0.37115839243498816,0.0,0.4303131723643318,0.4303131723643318,0.06060606060606061,0.1428571428571429,0.4303131723643318,0.2315340909090909,0.6666666666666666,0.1781609195402299,0.022988505747126436,0.7988505747126436,19.607843137254903,7.8431372549019605,13.725490196078432,16.666666666666664,47.05882352941176,16.27906976744186,2.1739130434782608,74.50980392156863,23.52941176470588,45.09803921568628,51.96078431372549,25.49019607843137,14.46078431372549,22.260304526259443,48.36601307189542,36.928104575163395,25.49019607843137
Ibo Aslan,Men’s Light Heavyweight,5,31.71666666666667,1.0,5.517603783499737,11.88649500788229,4.004203888596952,1.5133998949027854,0.46419098143236076,0.560553633217993,0.9458749343142405,0.9458749343142405,0.0,0.0,0.875,0.0,0.06862745098039216,0.6666666666666666,0.005714285714285714,0.12571428571428572,0.8685714285714285,84.31372549019608,27.450980392156865,84.31372549019608,86.27450980392157,14.705882352941178,8.13953488372093,78.26086956521739,27.450980392156865,11.76470588235294,21.568627450980394,51.96078431372549,94.11764705882352,70.58823529411765,28.21774817105811,17.973856209150327,52.61437908496732,94.11764705882352
Ivan Erslan,Men’s Light Heavyweight,4,48.31666666666666,1.0,2.5250086236633322,5.153501207312867,4.573991031390135,-2.048982407726803,0.4899598393574297,0.5433884297520661,0.0,0.3104518799586064,0.9313556398758193,0.375,0.7037037037037037,0.0,0.6531751570132589,0.3333333333333333,0.04918032786885246,0.07377049180327869,0.8770491803278688,13.725490196078432,41.17647058823529,78.43137254901961,16.666666666666664,68.62745098039215,58.139534883720934,46.73913043478261,27.450980392156865,66.66666666666666,58.8235294117647,71.56862745098039,11.76470588235294,37.5,60.04319574139058,54.248366013071895,69.6078431372549,11.76470588235294
Julius Walker,Men’s Light Heavyweight,4,36.833333333333336,1.0,3.7194570135746603,6.9230769230769225,4.1809954751131215,-0.46153846153846123,0.5372549019607843,0.4253731343283582,0.40723981900452483,0.8144796380090497,4.072398190045249,0.38461538461538464,1.0,0.0,0.9011976047904192,0.6666666666666666,0.1678832116788321,0.29927007299270075,0.5328467153284672,35.294117647058826,68.62745098039215,19.607843137254903,50.98039215686274,94.11764705882352,63.95348837209303,92.3913043478261,27.450980392156865,92.15686274509804,25.490196078431374,51.96078431372549,39.21568627450981,43.627450980392155,85.65482563096018,71.24183006535948,32.35294117647059,39.21568627450981
Kevin Christian,Men’s Light Heavyweight,2,6.25,1.0,4.32,6.08,6.08,-1.7599999999999998,0.7105263157894737,0.2962962962962963,0.0,2.4,0.0,0.0,,0.0,0.0,1.0,0.0,0.0,1.0,15.686274509803921,100.0,1.9607843137254901,16.666666666666664,14.705882352941178,8.13953488372093,,27.450980392156865,2.941176470588235,7.8431372549019684,19.60784313725491,21.568627450980394,33.57843137254902,8.595531235750114,15.032679738562093,9.803921568627457,21.568627450980394
Ovince Saint Preux,Men’s Light Heavyweight,8,72.65,1.0,4.583620096352374,9.029593943565038,4.996558843771507,-0.4129387474191333,0.5076219512195121,0.5242463958060288,0.6194081211286993,0.4129387474191328,0.2064693737095664,0.1111111111111111,0.8333333333333334,0.0,0.22,0.8,0.003003003003003003,0.06306306306306306,0.933933933933934,37.254901960784316,47.05882352941176,70.58823529411765,62.745098039215684,31.372549019607842,18.6046511627907,66.30434782608695,27.450980392156865,21.568627450980394,49.01960784313725,39.21568627450981,66.66666666666666,54.411764705882355,34.46254386486647,26.797385620915033,52.94117647058823,66.66666666666666
Tuco Tokkos,Men’s Light Heavyweight,4,43.13333333333333,1.0,2.3183925811437405,5.540958268933539,3.2225656877897992,-0.9041731066460588,0.41841004184100417,0.46743295019157083,0.0,0.0,2.7820710973724885,0.3333333333333333,0.33333333333333337,0.6955177743431221,0.4852374839537869,0.3333333333333333,0.07,0.06,0.87,25.49019607843137,13.725490196078432,35.294117647058826,16.666666666666664,86.27450980392157,44.18604651162791,8.695652173913043,84.31372549019608,50.98039215686274,87.25490196078431,71.56862745098039,19.607843137254903,22.794117647058826,47.53415016158131,73.85620915032679,64.70588235294117,19.607843137254903
Bruno Lopes,Men’s Light Heavyweight,4,30.9,1.0,2.5242718446601944,5.4045307443365695,5.145631067961165,-2.621359223300971,0.46706586826347307,0.4421052631578948,0.0,1.9417475728155342,2.912621359223301,0.2608695652173913,1.0,0.0,0.8130718954248366,1.0,0.038461538461538464,0.358974358974359,0.6025641025641025,11.76470588235294,29.411764705882355,25.49019607843137,16.666666666666664,88.23529411764706,37.2093023255814,92.3913043478261,27.450980392156865,82.35294117647058,11.764705882352935,19.60784313725491,17.647058823529413,20.833333333333336,75.04721049188129,66.01307189542483,18.954248366013072,17.647058823529413
Magomed Gadzhiyasulov,Men’s Light Heavyweight,2,30.0,1.0,1.9,3.533333333333333,1.6666666666666667,0.23333333333333317,0.5377358490566038,0.5238095238095238,0.0,0.0,2.5,0.625,0.6,0.0,0.47593167701863354,0.0,0.17543859649122806,0.19298245614035087,0.631578947368421,56.86274509803921,70.58823529411765,68.62745098039215,16.666666666666664,84.31372549019608,90.69767441860465,30.434782608695656,27.450980392156865,47.05882352941176,87.25490196078431,89.21568627450979,1.9607843137254901,53.186274509803916,63.12625151172704,52.94117647058823,81.69934640522875,1.9607843137254901
Junior Tafa,Men’s Light Heavyweight,8,41.650000000000006,1.0,4.273709483793517,7.755102040816325,3.505402160864345,0.7683073229291715,0.5510835913312694,0.5017064846416383,0.7202881152460984,0.7202881152460984,0.0,,0.6875,0.0,0.04298245614035088,1.0,0.11235955056179775,0.0898876404494382,0.797752808988764,66.66666666666666,76.47058823529412,56.86274509803921,68.62745098039215,14.705882352941178,,36.95652173913043,27.450980392156865,7.8431372549019605,29.411764705882355,19.60784313725491,47.05882352941176,67.15686274509804,19.835180448991192,16.666666666666668,35.29411764705883,47.05882352941176
Da Woon Jung,Men’s Light Heavyweight,8,82.16666666666666,1.0,2.726166328600406,6.8032454361054775,3.772819472616633,-1.046653144016227,0.4007155635062612,0.4983818770226537,0.5476673427991887,0.3651115618661258,1.825557809330629,0.5,0.7391304347826086,0.0,0.6748099891422367,0.5,0.11607142857142858,0.12053571428571429,0.7633928571428571,21.568627450980394,11.76470588235294,49.01960784313725,60.78431372549019,76.47058823529412,82.55813953488372,52.17391304347826,27.450980392156865,70.58823529411765,52.94117647058824,63.72549019607843,37.254901960784316,35.78431372549019,70.44771902694345,58.169934640522875,55.22875816993464,37.254901960784316
Rafael Cerqueira,Men’s Light Heavyweight,4,18.6,1.0,1.5591397849462365,3.548387096774193,5.053763440860215,-3.4946236559139785,0.4393939393939394,0.3691275167785235,0.0,2.4193548387096775,0.0,,0.36363636363636365,0.0,0.035667107001321,0.75,0.0,0.0,1.0,7.8431372549019605,19.607843137254903,11.76470588235294,16.666666666666664,14.705882352941178,,10.869565217391305,27.450980392156865,5.88235294117647,5.882352941176471,43.13725490196078,3.9215686274509802,13.970588235294118,10.485933503836318,16.01307189542484,20.26143790849673,3.9215686274509802
Marcin Prachnio,Men’s Light Heavyweight,8,97.53333333333333,1.0,5.7518796992481205,10.468215994531784,3.024606971975393,2.7272727272727275,0.5494613124387855,0.5610119047619048,0.15379357484620643,0.0,0.15379357484620643,0.2,0.5483870967741935,0.0,0.12859007832898173,0.75,0.0053475935828877,0.15508021390374332,0.839572192513369,94.11764705882352,74.50980392156863,86.27450980392157,37.254901960784316,29.411764705882355,27.906976744186046,26.08695652173913,27.450980392156865,15.686274509803921,87.25490196078431,43.13725490196078,80.3921568627451,73.03921568627452,24.772993120402862,24.183006535947715,72.22222222222221,80.3921568627451
Austen Lane,Men’s Light Heavyweight,7,34.43333333333334,1.0,2.4685382381413357,4.791868344627298,2.5556631171345594,-0.08712487899322374,0.5151515151515151,0.3623188405797102,0.43562439496611804,1.7424975798644722,1.7424975798644722,0.3076923076923077,0.5,0.0,0.7803992740471869,1.0,0.1411764705882353,0.011764705882352941,0.8470588235294118,50.98039215686274,55.88235294117647,9.803921568627452,54.90196078431373,74.50980392156863,39.53488372093023,18.478260869565215,27.450980392156865,78.43137254901961,13.725490196078432,19.60784313725491,5.88235294117647,42.8921568627451,52.738580265270926,60.13071895424837,14.379084967320265,5.88235294117647
Brendson Ribeiro,Men’s Light Heavyweight,8,64.13333333333334,1.0,2.6195426195426195,6.642411642411641,3.4615384615384612,-0.8419958419958418,0.39436619718309857,0.521551724137931,0.23388773388773387,0.46777546777546775,0.7016632016632016,0.375,0.3214285714285714,0.46777546777546775,0.10042735042735043,0.6666666666666666,0.017857142857142856,0.017857142857142856,0.9642857142857143,31.372549019607842,9.803921568627452,66.66666666666666,41.17647058823529,56.86274509803921,58.139534883720934,6.521739130434782,76.47058823529412,13.725490196078432,41.1764705882353,51.96078431372549,29.411764705882355,37.25490196078431,33.81237732706834,49.01960784313726,53.26797385620915,29.411764705882355
Caio Machado,Men’s Light Heavyweight,3,45.0,1.0,5.066666666666666,10.555555555555555,3.4444444444444446,1.6222222222222218,0.48,0.6237864077669903,0.0,0.33333333333333337,0.0,0.0,0.7,0.0,0.049886621315192746,0.0,0.008771929824561403,0.03070175438596491,0.9605263157894737,88.23529411764706,35.294117647058826,94.11764705882352,16.666666666666664,14.705882352941178,8.13953488372093,42.391304347826086,27.450980392156865,9.803921568627452,56.86274509803921,89.21568627450979,82.35294117647058,58.57843137254901,18.76016078827891,17.3202614379085,80.06535947712418,82.35294117647058
Charles Oliveira,Men’s Lightweight,8,91.05000000000001,1.0,2.7677100494233935,4.349258649093904,2.8665568369028005,-0.098846787479407,0.6363636363636364,0.3695652173913043,0.32948929159802304,0.4942339373970346,1.8121911037891265,0.3548387096774194,0.4444444444444444,2.1416803953871497,0.66356783919598,0.6666666666666666,0.2698412698412698,0.12301587301587301,0.6071428571428571,44.14414414414414,98.1981981981982,5.405405405405405,53.153153153153156,71.17117117117117,54.761904761904766,16.826923076923077,98.1981981981982,71.81818181818181,28.828828828828826,33.333333333333336,5.405405405405405,50.22522522522523,53.644545207045205,80.3958503958504,22.52252252252252,5.405405405405405
Arman Tsarukyan,Men’s Lightweight,8,87.15,1.0,4.199655765920826,7.860011474469306,2.0539300057372345,2.1457257601835917,0.5343065693430656,0.5013927576601671,0.5163511187607572,0.0,3.098106712564544,0.4,0.7142857142857143,0.1721170395869191,0.8274706867671692,0.0,0.3907103825136612,0.05191256830601093,0.5573770491803278,92.7927927927928,81.98198198198197,41.44144144144144,72.07207207207207,89.1891891891892,63.33333333333333,52.88461538461539,49.549549549549546,90.0,81.08108108108108,86.4864864864865,33.33333333333333,72.07207207207207,73.85178447678447,76.24624624624624,69.66966966966967,33.33333333333333
Justin Gaethje,Men’s Lightweight,8,124.35,1.0,5.556895858464013,9.907519099316445,6.103739445114596,-0.5468435866505832,0.5608766233766234,0.4632248939179632,0.7237635705669482,0.3618817852834741,0.48250904704463216,0.2857142857142857,0.7647058823529411,0.0,0.6987179487179487,1.0,0.05788712011577424,0.1345875542691751,0.8075253256150506,34.234234234234236,87.38738738738738,22.52252252252252,81.98198198198197,22.52252252252252,37.61904761904762,70.1923076923077,22.52252252252252,76.36363636363637,38.73873873873874,13.96396396396397,59.45945945945946,56.53153153153153,51.67437854937855,40.46956046956047,25.075075075075077,59.45945945945946
Ilia Topuria,Men’s Lightweight,8,86.61666666666666,1.0,5.287665961131422,10.45988070040408,4.398691552818934,0.888974408312488,0.5055187637969095,0.6135902636916836,1.212237829517029,0.17317683278814702,1.212237829517029,0.5833333333333334,0.9473684210526316,0.17317683278814702,0.7918326693227091,1.0,0.17467248908296942,0.07205240174672489,0.7532751091703057,76.57657657657657,66.66666666666666,92.7927927927928,91.8918918918919,53.153153153153156,87.14285714285714,94.23076923076923,50.45045045045045,87.27272727272727,56.75675675675676,13.96396396396397,68.46846846846847,81.98198198198199,80.4498766998767,63.62544362544363,54.50450450450452,68.46846846846847
Grant Dawson,Men’s Lightweight,8,81.45,1.0,3.0939226519337018,5.9545733578882745,1.6574585635359116,1.4364640883977902,0.5195876288659794,0.4421487603305785,0.1841620626151013,0.5524861878453038,3.130755064456722,0.5,0.8571428571428572,1.289134438305709,0.9420560747663551,1.0,0.5515873015873016,0.06349206349206349,0.38492063492063494,86.48648648648648,74.77477477477478,17.117117117117118,42.34234234234234,90.09009009009009,79.52380952380952,87.5,91.8918918918919,98.18181818181819,23.423423423423422,13.96396396396397,15.315315315315313,55.18018018018018,88.82392944892945,93.38793338793339,18.16816816816817,15.315315315315313
Dustin Poirier,Men’s Lightweight,8,96.8,1.0,4.318181818181818,8.791322314049587,5.671487603305786,-1.3533057851239674,0.491186839012926,0.45427435387673953,0.6198347107438017,0.30991735537190085,0.30991735537190085,0.4,0.7027027027027026,1.084710743801653,0.20588235294117646,0.75,0.10047846889952153,0.09569377990430622,0.8038277511961722,18.91891891891892,54.95495495495496,19.81981981981982,77.47747747747748,18.01801801801802,63.33333333333333,51.92307692307693,90.09009009009009,16.363636363636363,49.54954954954955,28.828828828828826,47.74774774774775,42.792792792792795,37.409516159516166,41.49058149058149,32.73273273273273,47.74774774774775
Paddy Pimblett,Men’s Lightweight,8,83.93333333333334,1.0,5.206513105639396,9.972200158856234,3.7648927720413026,1.4416203335980935,0.5221027479091995,0.4201834862385321,0.17871326449563144,0.35742652899126287,0.7148530579825257,0.23529411764705882,0.4814814814814815,1.4297061159650515,0.43832864604258737,0.0,0.18306636155606407,0.08237986270022883,0.7345537757437071,87.38738738738738,75.67567567567568,11.711711711711711,39.63963963963964,33.33333333333333,27.61904761904762,23.076923076923077,93.69369369369369,46.36363636363636,39.63963963963965,86.4864864864865,62.16216216216216,53.6036036036036,32.598235098235094,57.79688779688778,45.94594594594596,62.16216216216216
Quillan Salkilld,Men’s Lightweight,6,28.75,1.0,4.3826086956521735,7.582608695652174,2.017391304347826,2.3652173913043475,0.5779816513761468,0.4956521739130435,1.5652173913043477,0.0,5.739130434782609,0.3333333333333333,0.7692307692307692,1.0434782608695652,0.6300692383778437,0.0,0.14285714285714285,0.1746031746031746,0.6825396825396826,93.69369369369369,92.7927927927928,37.83783783783784,94.5945945945946,99.09909909909909,48.57142857142857,71.63461538461539,86.48648648648648,65.45454545454545,81.08108108108108,86.4864864864865,26.126126126126124,79.72972972972973,71.18992212742212,83.68004368004368,68.46846846846847,26.126126126126124
Renato Moicano,Men’s Lightweight,8,89.83333333333333,1.0,2.9833024118738405,5.6771799628942485,3.5176252319109462,-0.5343228200371057,0.5254901960784314,0.5197568389057751,0.16697588126159554,0.3339517625231911,1.1688311688311688,0.2692307692307692,0.5555555555555556,0.3339517625231911,0.549286199864038,0.3333333333333333,0.26492537313432835,0.05223880597014925,0.6828358208955224,35.13513513513514,78.37837837837837,50.45045045045045,36.93693693693694,49.549549549549546,33.80952380952381,34.13461538461539,61.261261261261254,58.18181818181818,44.14414414414414,62.612612612612615,13.513513513513514,50.22522522522523,43.918876731376734,56.33087633087632,52.4024024024024,13.513513513513514
Beneil Dariush,Men’s Lightweight,8,68.98333333333333,1.0,3.189176129499879,6.639284851413385,2.6383184344044457,0.5508576950954334,0.48034934497816595,0.510752688172043,0.2174438270113554,1.087219135056777,3.261657405170331,0.4838709677419355,0.8461538461538461,0.2174438270113554,0.8530612244897959,1.0,0.1409090909090909,0.05,0.8090909090909091,61.261261261261254,49.549549549549546,46.846846846846844,45.94594594594595,91.8918918918919,76.19047619047619,83.65384615384616,54.054054054054056,91.81818181818183,8.108108108108105,13.96396396396397,19.81981981981982,50.90090090090089,85.88859901359902,79.25470925470925,22.972972972972972,19.81981981981982
Drakkar Klose,Men’s Lightweight,8,76.03333333333333,1.0,5.037264357737834,8.522577816747042,3.9719421306444542,1.0653222270933802,0.5910493827160493,0.405511811023622,0.394563787812363,0.394563787812363,1.3809732573432705,0.23333333333333334,0.6818181818181819,0.0,0.5173764072442486,1.0,0.10182767624020887,0.360313315926893,0.5378590078328982,79.27927927927928,95.4954954954955,9.00900900900901,58.55855855855856,59.45945945945946,26.666666666666668,50.0,22.52252252252252,53.63636363636364,36.03603603603603,13.96396396396397,44.14414414414414,60.58558558558559,47.440622440622434,45.20611520611521,19.66966966966967,44.14414414414414
Benoit Saint Denis,Men’s Lightweight,8,45.45,1.0,5.566556655665567,8.536853685368536,3.014301430143014,2.5522552255225524,0.6520618556701031,0.3657407407407407,0.6600660066006601,0.33003300330033003,3.63036303630363,0.34375,0.625,1.98019801980198,0.7414772727272727,1.0,0.3359683794466403,0.26877470355731226,0.3952569169960474,95.4954954954955,99.09909909909909,4.504504504504505,80.18018018018019,95.4954954954955,51.42857142857142,41.34615384615385,97.2972972972973,80.9090909090909,45.945945945945944,13.96396396396397,45.04504504504504,69.81981981981981,67.29482791982792,91.23396123396124,21.47147147147147,45.04504504504504
Mateusz Gamrot,Men’s Lightweight,8,88.58333333333333,1.0,3.047977422389464,5.746001881467545,2.348071495766698,0.6999059266227659,0.5304518664047151,0.5856573705179282,0.0,0.33866415804327377,5.41862652869238,0.4507042253521127,0.33333333333333337,0.5079962370649107,0.8198826118855466,0.6666666666666666,0.25925925925925924,0.05185185185185185,0.6888888888888889,67.56756756756756,79.27927927927928,86.48648648648648,17.117117117117118,98.1981981981982,71.42857142857143,8.173076923076923,72.97297297297297,89.0909090909091,42.34234234234234,33.333333333333336,14.414414414414415,62.612612612612615,66.72268891018891,86.75402675402675,54.054054054054056,14.414414414414415
Fares Ziam,Men’s Lightweight,8,100.15,1.0,2.9256115826260607,5.002496255616575,1.547678482276585,1.3779331003494757,0.5848303393213573,0.630071599045346,0.29955067398901647,0.0,2.54618072890664,0.5151515151515151,0.7209302325581395,0.7488766849725411,0.550550294343486,0.5,0.2150170648464164,0.13310580204778158,0.6518771331058021,83.78378378378379,94.5945945945946,96.3963963963964,49.549549549549546,84.68468468468468,82.85714285714286,54.807692307692314,81.98198198198197,59.09090909090909,81.08108108108108,47.2972972972973,9.90990990990991,81.08108108108108,70.36010723510725,75.25252525252525,74.92492492492492,9.90990990990991
Jim Miller,Men’s Lightweight,8,71.55,1.0,3.6757512229210345,8.190076869322153,6.149545772187282,-2.4737945492662474,0.44880546075085326,0.4919168591224018,0.20964360587002095,0.20964360587002095,0.8385744234800838,0.8,0.47619047619047616,1.4675052410901468,0.3424550430023456,0.0,0.07984790874524715,0.045627376425855515,0.8745247148288974,6.306306306306306,29.72972972972973,35.13513513513514,45.04504504504504,36.93693693693694,97.61904761904762,22.115384615384613,94.5945945945946,33.63636363636363,53.15315315315315,86.4864864864865,38.73873873873874,29.054054054054056,47.5769332019332,55.05596505596506,58.25825825825826,38.73873873873874
Nasrat Haqparast,Men’s Lightweight,8,94.23333333333333,1.0,6.844711708524938,15.313052706048815,8.40466926070039,-1.5599575521754518,0.446985446985447,0.5716603569497025,0.4775380261761585,0.15917934205871948,0.4775380261761585,0.21428571428571427,0.88,0.0,0.15466666666666667,0.3333333333333333,0.017054263565891473,0.05271317829457364,0.9302325581395349,15.315315315315313,27.927927927927925,80.18018018018019,69.36936936936937,20.72072072072072,24.285714285714285,89.42307692307693,22.52252252252252,10.0,59.45945945945946,62.612612612612615,95.4954954954955,48.1981981981982,36.10737798237798,17.74774774774775,67.41741741741743,95.4954954954955
Rafa Garcia,Men’s Lightweight,8,103.98333333333333,1.0,4.596890527328098,9.472671902548486,3.9621734252284018,0.634717102099696,0.4852791878172589,0.6484641638225256,0.14425388684083987,0.0,2.8850777368167972,0.46511627906976744,0.8,0.43276166052251963,0.7301875378100423,0.5,0.06276150627615062,0.0899581589958159,0.8472803347280334,63.96396396396396,51.35135135135135,97.2972972972973,34.234234234234236,88.28828828828829,74.28571428571429,75.48076923076923,67.56756756756756,80.0,81.08108108108108,47.2972972972973,56.75675675675676,61.711711711711715,79.51369295119295,78.61861861861861,75.22522522522523,56.75675675675676
Dan Hooker,Men’s Lightweight,8,77.38333333333333,1.0,4.522937755761362,9.020030152918373,4.9881542106396735,-0.46521645487831176,0.501432664756447,0.4212893553223388,0.38768037906525954,0.0,0.5815205685978894,0.3,0.7317073170731707,1.1630411371957787,0.4247917687408133,1.0,0.09142857142857143,0.11428571428571428,0.7942857142857143,36.93693693693694,59.45945945945946,12.612612612612612,57.65765765765766,28.82882882882883,40.0,57.692307692307686,90.990990990991,43.63636363636363,81.08108108108108,13.96396396396397,51.35135135135135,41.666666666666664,42.53937503937504,54.48539448539449,35.88588588588589,51.35135135135135
Tom Nolan,Men’s Lightweight,6,54.016666666666666,1.0,4.720765195927183,10.404196235729714,3.795124961431657,0.9256402344955261,0.45373665480427045,0.48492462311557794,0.0,0.5553841406973157,1.1107682813946314,0.26666666666666666,0.5833333333333333,1.3884603517432892,0.41413427561837457,1.0,0.06274509803921569,0.16470588235294117,0.7725490196078432,77.47747747747748,35.13513513513514,32.432432432432435,17.117117117117118,47.74774774774775,32.38095238095238,37.980769230769226,92.7927927927928,42.72727272727273,22.52252252252253,13.96396396396397,67.56756756756756,40.54054054054055,40.20918552168552,61.08927108927109,22.97297297297298,67.56756756756756
Diego Ferreira,Men’s Lightweight,8,93.73333333333333,1.0,4.84352773826458,10.551209103840682,4.000711237553343,0.8428165007112369,0.4590495449949444,0.5381773399014778,0.1600284495021337,0.3200568990042674,1.1201991465149361,0.4117647058823529,0.5102040816326531,0.0,0.20385674931129477,0.6,0.13876651982378854,0.05066079295154185,0.8105726872246696,75.67567567567568,38.73873873873874,61.261261261261254,35.13513513513514,48.64864864864865,67.61904761904762,26.923076923076923,22.52252252252252,15.454545454545453,48.64864864864865,38.73873873873874,70.27027027027027,52.7027027027027,39.66132966132966,28.875238875238875,49.549549549549546,70.27027027027027
Chris Duncan,Men’s Lightweight,8,69.76666666666667,1.0,4.6010511227902535,9.9617773530817,4.228380315336837,0.3726708074534164,0.4618705035971223,0.5234248788368336,0.43000477783086477,0.0,2.795031055900621,0.40625,0.5555555555555556,0.6450071667462972,0.6924242424242424,1.0,0.10903426791277258,0.06853582554517133,0.822429906542056,58.55855855855856,39.63963963963964,54.054054054054056,63.96396396396396,86.48648648648648,66.66666666666666,34.13461538461539,78.37837837837837,74.54545454545455,81.08108108108108,13.96396396396397,61.261261261261254,54.05405405405405,65.45830577080577,79.8034398034398,49.6996996996997,61.261261261261254
Mauricio Ruffy,Men’s Lightweight,6,43.733333333333334,1.0,4.001524390243902,7.0198170731707314,3.75,0.25152439024390194,0.5700325732899023,0.5950617283950617,2.057926829268293,0.0,0.0,0.0,0.85,0.0,0.23829787234042554,1.0,0.13142857142857142,0.02857142857142857,0.84,54.054054054054056,89.1891891891892,88.28828828828829,98.1981981981982,8.108108108108109,5.714285714285714,84.61538461538461,22.52252252252252,20.909090909090907,81.08108108108108,13.96396396396397,20.72072072072072,82.43243243243244,29.836717336717335,17.17990717990718,61.111111111111114,20.72072072072072
Rafael Fiziev,Men’s Lightweight,8,99.43333333333334,1.0,4.384847468990949,8.246731478377471,4.334562520952062,0.050284948038886945,0.5317073170731708,0.4970828471411902,0.30170968823332217,0.30170968823332217,1.2068387529332887,0.8,0.8529411764705882,0.0,0.3489242282507016,0.5,0.0389908256880734,0.09862385321100918,0.8623853211009175,48.64864864864865,80.18018018018019,38.73873873873874,50.45045045045045,52.25225225225225,97.61904761904762,85.57692307692307,22.52252252252252,34.54545454545455,50.450450450450454,47.2972972972973,39.63963963963964,54.50450450450451,67.49841937341937,36.44007644007644,45.4954954954955,39.63963963963964
Drew Dober,Men’s Lightweight,8,60.85,1.0,4.502875924404273,10.912078882497946,4.7658175842235,-0.26294165981922735,0.4126506024096386,0.5572519083969465,0.7395234182415776,0.4930156121610518,0.2465078060805259,0.125,0.75,0.0,0.16791979949874686,0.75,0.04744525547445255,0.051094890510948905,0.9014598540145985,40.54054054054054,16.216216216216218,75.67567567567568,83.78378378378379,16.216216216216218,14.285714285714285,64.90384615384616,22.52252252252252,11.818181818181818,29.729729729729733,28.828828828828826,75.67567567567568,54.05405405405406,26.80598961848962,16.852306852306853,44.74474474474474,75.67567567567568
Ludovit Klein,Men’s Lightweight,8,103.71666666666667,1.0,4.010927205527881,7.674754941346618,3.403503133536879,0.6074240719910016,0.5226130653266332,0.5603985056039851,0.43387433713642937,0.14462477904547646,1.4462477904547646,0.625,0.7435897435897436,0.0,0.5234528971225857,0.5,0.10336538461538461,0.08173076923076923,0.8149038461538461,63.06306306306306,76.57657657657657,77.47747747747748,65.76576576576578,62.16216216216216,90.95238095238095,60.57692307692307,22.52252252252252,54.54545454545454,60.36036036036036,47.2972972972973,29.72972972972973,70.72072072072072,67.05923018423017,46.41004641004641,61.71171171171171,29.72972972972973
Alexander Hernandez,Men’s Lightweight,8,103.73333333333333,1.0,4.338046272493573,10.488431876606684,4.386246786632391,-0.04820051413881821,0.41360294117647056,0.6285714285714286,0.43380462724935737,0.14460154241645243,0.5784061696658097,0.4,0.7333333333333334,0.0,0.5308943089430894,0.0,0.08,0.013333333333333334,0.9066666666666666,45.94594594594595,18.01801801801802,95.4954954954955,64.86486486486487,27.927927927927925,63.33333333333333,58.65384615384615,22.52252252252252,55.45454545454545,61.26126126126126,86.4864864864865,69.36936936936937,56.08108108108109,51.34241321741321,35.3016653016653,81.0810810810811,69.36936936936937
Nurullo Aliev,Men’s Lightweight,4,60.0,1.0,1.9666666666666666,4.733333333333333,1.6666666666666667,0.2999999999999998,0.4154929577464789,0.5575221238938053,0.0,0.0,3.5,0.5833333333333334,0.8,0.5,0.9206971677559913,0.0,0.2966101694915254,0.07627118644067797,0.6271186440677966,56.75675675675676,18.91891891891892,76.57657657657657,17.117117117117118,94.5945945945946,87.14285714285714,75.48076923076923,72.07207207207207,96.36363636363636,81.08108108108108,86.4864864864865,7.207207207207207,42.34234234234234,88.39546433296434,87.67676767676767,81.38138138138139,7.207207207207207
Chase Hooper,Men’s Lightweight,8,54.800000000000004,1.0,5.0,9.7992700729927,1.9160583941605838,3.0839416058394162,0.5102420856610801,0.4976076555023924,0.2737226277372263,0.5474452554744526,3.8321167883211675,0.3783783783783784,0.5833333333333333,1.9160583941605838,0.7658260422027792,1.0,0.26277372262773724,0.16058394160583941,0.5766423357664233,97.2972972972973,71.17117117117117,39.63963963963964,48.64864864864865,96.3963963963964,59.04761904761905,37.980769230769226,96.3963963963964,81.81818181818183,24.32432432432433,13.96396396396397,57.65765765765766,64.1891891891892,68.81074162324163,91.53699153699154,25.97597597597598,57.65765765765766
Manuel Torres,Men’s Lightweight,7,20.499999999999996,1.0,6.048780487804879,10.878048780487807,4.439024390243903,1.6097560975609762,0.5560538116591929,0.4770114942528736,2.9268292682926833,2.1951219512195124,1.4634146341463417,0.6666666666666666,0.75,0.7317073170731708,0.4248927038626609,1.0,0.1532258064516129,0.12903225806451613,0.717741935483871,89.1891891891892,84.68468468468468,28.82882882882883,99.09909909909909,63.06306306306306,93.33333333333333,64.90384615384616,81.08108108108108,44.54545454545455,3.6036036036035957,13.96396396396397,74.77477477477478,75.45045045045045,66.46142427392428,62.8965328965329,15.465465465465465,74.77477477477478
Jalin Turner,Men’s Lightweight,8,53.4,1.0,5.430711610486892,10.786516853932584,4.906367041198502,0.5243445692883899,0.5034722222222222,0.3906976744186047,1.6853932584269662,0.2808988764044944,0.5617977528089888,0.4,0.72,0.2808988764044944,0.17309205350118018,0.5,0.1,0.1103448275862069,0.7896551724137931,59.45945945945946,61.261261261261254,8.108108108108109,97.2972972972973,27.027027027027028,63.33333333333333,53.84615384615385,58.55855855855856,12.727272727272727,51.351351351351354,47.2972972972973,72.97297297297297,56.53153153153153,39.23344673344673,32.77095277095277,35.58558558558559,72.97297297297297
King Green,Men’s Lightweight,6,39.71666666666667,1.0,6.798153587914394,11.833822912295425,2.7444397817876625,4.053713806126732,0.574468085106383,0.5886792452830188,0.7553503986571548,0.3776751993285774,2.2660511959714644,0.8571428571428571,0.25,0.3776751993285774,0.5893909626719057,1.0,0.22592592592592592,0.022222222222222223,0.7518518518518519,99.09909909909909,91.8918918918919,87.38738738738738,84.68468468468468,81.98198198198197,99.04761904761905,3.3653846153846154,65.76576576576578,61.81818181818181,36.93693693693694,13.96396396396397,84.68468468468468,90.76576576576576,61.55329186579186,69.85530985530986,46.0960960960961,84.68468468468468
Mason Jones,Men’s Lightweight,7,90.53333333333333,1.0,5.975699558173785,13.950662739322533,4.45139911634757,1.524300441826215,0.4283452098178939,0.5091352009744214,0.16568483063328426,0.3313696612665685,3.479381443298969,0.5526315789473685,0.7391304347826086,0.16568483063328426,0.7079116835326587,0.0,0.133086876155268,0.15526802218114602,0.711645101663586,88.28828828828829,21.62162162162162,45.04504504504504,36.03603603603604,93.69369369369369,84.76190476190476,59.61538461538461,47.74774774774775,78.18181818181819,45.04504504504505,86.4864864864865,90.990990990991,47.74774774774775,79.06320031320031,73.20775320775321,58.858858858858866,90.990990990991
Chris Padilla,Men’s Lightweight,4,43.78333333333333,1.0,6.075371145793682,11.419870574800152,4.979063570612866,1.0963075751808153,0.532,0.49302325581395345,0.0,0.0,1.3703844689760183,0.2857142857142857,0.8571428571428572,0.34259611724400457,0.9368191721132898,0.0,0.007518796992481203,0.12781954887218044,0.8646616541353384,80.18018018018019,81.08108108108108,36.93693693693694,17.117117117117118,57.65765765765766,37.61904761904762,87.5,63.96396396396396,97.27272727272728,81.08108108108108,86.4864864864865,82.88288288288288,53.82882882882883,70.01235813735815,72.96478296478297,68.16816816816817,82.88288288288288
MarQuel Mederos,Men’s Lightweight,4,60.0,1.0,5.433333333333334,9.316666666666666,4.766666666666667,0.666666666666667,0.5831842576028623,0.5225375626043406,0.25,0.0,0.25,0.08333333333333333,0.7777777777777778,0.0,0.2886002886002886,0.0,0.04294478527607362,0.12269938650306748,0.8343558282208589,66.66666666666666,93.69369369369369,53.153153153153156,46.846846846846844,17.117117117117118,11.428571428571429,73.07692307692307,22.52252252252252,27.27272727272727,81.08108108108108,86.4864864864865,54.054054054054056,65.09009009009009,32.22383472383472,22.304122304122302,73.57357357357358,54.054054054054056
Mike Davis,Men’s Lightweight,8,99.85,1.0,4.176264396594893,7.631447170756134,4.246369554331498,-0.07010515773660497,0.547244094488189,0.5628865979381443,0.6009013520280421,0.0,2.4036054081121683,0.5,0.5142857142857142,1.0515773660490737,0.4821140831453432,0.3333333333333333,0.2038369304556355,0.07673860911270983,0.7194244604316546,45.04504504504504,82.88288288288288,79.27927927927928,76.57657657657657,83.78378378378379,79.52380952380952,27.884615384615387,87.38738738738738,49.09090909090909,81.08108108108108,62.612612612612615,28.82882882882883,70.94594594594594,60.07077944577945,73.42069342069341,74.32432432432432,28.82882882882883
Ignacio Bahamondes,Men’s Lightweight,8,81.75,1.0,5.27217125382263,10.813455657492355,3.4984709480122325,1.7737003058103973,0.48755656108597284,0.5524256651017214,0.7339449541284404,0.0,0.0,0.0,0.44999999999999996,0.9174311926605504,0.210412147505423,0.0,0.07424593967517401,0.05336426914153132,0.8723897911832946,90.990990990991,52.25225225225225,72.07207207207207,82.88288288288288,8.108108108108109,5.714285714285714,18.269230769230766,83.78378378378379,17.272727272727273,81.08108108108108,86.4864864864865,73.87387387387388,74.54954954954954,12.341087966087967,36.38820638820639,79.87987987987988,73.87387387387388
Edson Barboza,Men’s Lightweight,8,108.01666666666668,1.0,4.554852646196574,9.831816077765776,6.323098287301342,-1.7682456411047678,0.4632768361581921,0.46178092986603625,0.4166023761765159,0.8332047523530318,0.4166023761765159,0.75,0.4375,0.0,0.2256253190403267,0.4,0.018292682926829267,0.08536585365853659,0.8963414634146342,12.612612612612612,41.44144144144144,20.72072072072072,63.06306306306306,19.81981981981982,95.71428571428572,15.384615384615385,22.52252252252252,19.090909090909093,14.414414414414416,54.95495495495495,58.55855855855856,34.45945945945946,37.50240750240751,20.47775047775048,30.03003003003003,58.55855855855856
Joaquim Silva,Men’s Lightweight,8,85.41666666666666,1.0,3.6175609756097566,7.375609756097562,4.682926829268293,-1.0653658536585366,0.49047619047619045,0.4784876140808344,0.526829268292683,0.526829268292683,0.526829268292683,0.6,0.7291666666666667,1.053658536585366,0.14809720311783586,0.75,0.06796116504854369,0.21035598705501618,0.7216828478964401,23.423423423423422,54.054054054054056,29.72972972972973,74.77477477477478,26.126126126126124,89.04761904761904,56.730769230769226,88.28828828828829,7.2727272727272725,25.225225225225223,28.828828828828826,23.423423423423422,45.4954954954955,44.79431041931041,40.56238056238056,27.927927927927925,23.423423423423422
Nazim Sadykhov,Men’s Lightweight,7,57.53333333333333,1.0,4.745075318655852,10.11587485515643,6.013904982618772,-1.2688296639629204,0.4690721649484536,0.47175572519083975,0.5214368482039398,1.0428736964078795,1.3035921205098493,0.45454545454545453,0.6875,0.2607184241019699,0.3789029535864979,1.0,0.08791208791208792,0.1794871794871795,0.7326007326007326,19.81981981981982,42.34234234234234,26.126126126126124,72.97297297297297,55.85585585585585,72.85714285714285,50.96153846153846,56.75675675675676,38.18181818181819,9.009009009008999,13.96396396396397,64.86486486486487,40.31531531531532,54.46408883908883,50.26481026481027,16.366366366366364,64.86486486486487
Kaue Fernandes,Men’s Lightweight,4,38.1,1.0,4.278215223097113,7.716535433070866,1.4173228346456692,2.8608923884514432,0.5544217687074829,0.625,1.574803149606299,0.0,1.1811023622047243,1.0,0.7692307692307692,0.0,0.28843537414965986,0.0,0.12269938650306748,0.04294478527607362,0.8343558282208589,96.3963963963964,83.78378378378379,94.5945945945946,95.4954954954955,50.45045045045045,100.0,71.63461538461539,22.52252252252252,26.36363636363636,81.08108108108108,86.4864864864865,30.630630630630627,92.56756756756756,62.11217554967554,33.11220311220311,87.38738738738739,30.630630630630627
Terrance McKinney,Men’s Lightweight,8,13.183333333333334,1.0,14.639696586599241,24.34892541087231,7.20606826801517,7.433628318584071,0.6012461059190031,0.4171779141104295,1.1378002528445006,3.413400758533502,2.275600505689001,0.5,0.6,3.413400758533502,0.7692307692307693,1.0,0.46632124352331605,0.11398963730569948,0.41968911917098445,100.0,96.3963963963964,10.81081081081081,90.990990990991,82.88288288288288,79.52380952380952,39.90384615384615,99.09909909909909,82.72727272727273,1.8018018018018087,13.96396396396397,100.0,74.54954954954955,71.25945282195282,88.23641823641823,8.858858858858863,100.0
Manoel Sousa,Men’s Lightweight,2,29.2,1.0,4.726027397260274,10.205479452054794,4.452054794520548,0.27397260273972535,0.46308724832214765,0.5501730103806228,1.541095890410959,0.0,0.5136986301369862,0.25,0.8181818181818181,0.5136986301369862,0.3541666666666667,0.0,0.043478260869565216,0.15217391304347827,0.8043478260869565,55.85585585585585,40.54054054054054,70.27027027027027,93.69369369369369,24.324324324324326,30.0,78.84615384615384,73.87387387387388,36.36363636363637,81.08108108108108,86.4864864864865,65.76576576576578,65.09009009009009,42.383528633528634,44.85394485394485,79.2792792792793,65.76576576576578
Esteban Ribovics,Men’s Lightweight,7,84.93333333333334,1.0,7.240973312401883,16.75431711145997,5.8045525902668755,1.4364207221350078,0.43218552354181305,0.5413953488372093,0.3532182103610675,0.17660910518053374,0.3532182103610675,0.6666666666666666,0.6607142857142857,0.17660910518053374,0.11343686698176908,0.3333333333333333,0.04065040650406504,0.022764227642276424,0.9365853658536586,85.58558558558559,24.324324324324326,63.06306306306306,54.95495495495496,18.91891891891892,93.33333333333333,47.11538461538461,51.35135135135135,5.454545454545454,55.85585585585586,62.612612612612615,97.2972972972973,56.98198198198198,41.20554558054558,25.241605241605242,60.51051051051051,97.2972972972973
Francis Marshall,Men’s Lightweight,7,73.51666666666667,1.0,2.3396055316254816,7.984583994559057,3.14214463840399,-0.8025391067785086,0.293015332197615,0.536144578313253,0.4080707322602585,0.0,2.040353661301292,0.4166666666666667,0.8888888888888888,0.6121060983903877,0.80897583429229,0.3333333333333333,0.05813953488372093,0.05232558139534884,0.8895348837209303,28.82882882882883,3.6036036036036037,60.36036036036037,62.16216216216216,79.27927927927928,68.57142857142857,90.86538461538461,77.47747747747748,88.18181818181819,81.08108108108108,62.612612612612615,36.03603603603604,38.73873873873874,81.72447766197766,81.64619164619164,68.01801801801803,36.03603603603604
Tofiq Musayev,Men’s Lightweight,3,28.7,1.0,2.857142857142857,6.550522648083624,2.7874564459930316,0.06968641114982566,0.43617021276595747,0.4871794871794872,0.5226480836236933,0.5226480836236933,1.5679442508710801,0.5,0.5714285714285714,0.0,0.6472684085510689,1.0,0.2804878048780488,0.036585365853658534,0.6829268292682927,50.45045045045045,25.225225225225223,33.33333333333333,73.87387387387388,64.86486486486487,79.52380952380952,36.53846153846153,22.52252252252252,69.0909090909091,26.126126126126117,13.96396396396397,18.01801801801802,45.72072072072072,62.50451125451125,52.159432159432164,24.474474474474473,18.01801801801802
Mateusz Rebecki,Men’s Lightweight,8,89.96666666666667,1.0,5.346424601704335,10.915153760652093,4.623934790663209,0.7224898110411262,0.48981670061099797,0.5408388520971302,0.833642089662838,0.0,2.8343831048536496,0.4722222222222222,0.5,0.33345683586513525,0.643312101910828,0.5,0.24532224532224534,0.04781704781704782,0.7068607068607069,69.36936936936937,53.153153153153156,62.16216216216216,86.48648648648648,87.38738738738738,75.23809523809524,25.0,60.36036036036037,68.18181818181817,81.08108108108108,47.2972972972973,76.57657657657657,67.7927927927928,63.9518252018252,71.97652197652197,63.51351351351351,76.57657657657657
Michael Johnson,Men’s Lightweight,8,89.13333333333334,1.0,4.465220643231114,10.209424083769633,3.657442034405385,0.8077786088257293,0.43736263736263736,0.601953601953602,0.6731488406881077,0.3365744203440538,0.8414360508601346,0.3125,1.0,0.0,0.8781954887218045,0.6666666666666666,0.04020100502512563,0.02512562814070352,0.9346733668341709,74.77477477477478,26.126126126126124,90.09009009009009,81.08108108108108,37.83783783783784,42.857142857142854,97.59615384615384,22.52252252252252,93.63636363636364,43.24324324324324,33.333333333333336,66.66666666666666,68.01801801801803,67.98187454437455,51.33224133224133,55.55555555555555,66.66666666666666
Matheus Camilo,Men’s Lightweight,3,25.233333333333334,1.0,2.2192866578599735,5.151915455746367,3.0515191545574636,-0.8322324966974901,0.4307692307692308,0.6666666666666667,0.59445178335535,0.0,4.16116248348745,0.5384615384615384,,0.59445178335535,0.6947162426614482,1.0,0.07142857142857142,0.017857142857142856,0.9107142857142857,27.927927927927925,22.52252252252252,98.1981981981982,75.67567567567568,97.2972972972973,83.80952380952381,,75.67567567567568,75.45454545454545,81.08108108108108,13.96396396396397,10.81081081081081,56.08108108108108,85.52045552045553,82.80917280917281,64.41441441441442,10.81081081081081
Gauge Young,Men’s Lightweight,3,45.0,1.0,7.0,13.533333333333333,5.022222222222222,1.9777777777777779,0.5172413793103449,0.5097613882863341,0.33333333333333337,0.0,1.0,0.42857142857142855,0.92,0.0,0.6237006237006237,0.0,0.022222222222222223,0.031746031746031744,0.946031746031746,91.8918918918919,72.97297297297297,45.94594594594595,54.054054054054056,41.891891891891895,69.52380952380952,92.3076923076923,22.52252252252252,64.54545454545455,81.08108108108108,86.4864864864865,89.1891891891892,66.21621621621622,67.06721206721207,42.98662298662299,71.17117117117118,89.1891891891892
Axel Sola,Men’s Lightweight,3,31.766666666666666,1.0,4.501573976915005,8.9401888772298,4.53305351521511,-0.03147953830010497,0.5035211267605634,0.6149732620320856,0.9443861490031481,0.0,1.8887722980062962,0.36363636363636365,0.6666666666666667,0.47219307450157405,0.7773913043478261,0.0,0.06993006993006994,0.23776223776223776,0.6923076923076923,46.846846846846844,62.16216216216216,93.69369369369369,89.1891891891892,74.77477477477478,57.61904761904761,48.55769230769231,68.46846846846847,84.54545454545455,81.08108108108108,86.4864864864865,49.549549549549546,72.97297297297297,66.37424231174232,75.92956592956594,87.08708708708708,49.549549549549546
Jared Gordon,Men’s Lightweight,8,73.83333333333333,1.0,6.081264108352145,12.325056433408578,5.525959367945824,0.5553047404063207,0.49340659340659343,0.5288683602771362,0.4063205417607224,0.2031602708803612,1.4221218961625284,0.2692307692307692,0.8,0.0,0.785824345146379,0.5,0.026726057906458798,0.12026726057906459,0.8530066815144766,62.16216216216216,55.85585585585585,58.55855855855856,60.36036036036037,61.261261261261254,33.80952380952381,75.48076923076923,22.52252252252252,86.36363636363636,54.054054054054056,47.2972972972973,85.58558558558559,59.234234234234236,64.22879766629767,56.71580671580671,53.3033033033033,85.58558558558559
Noah Gugnon,Men’s Lightweight,1,1.35,1.0,3.7037037037037033,8.148148148148147,4.444444444444444,-0.7407407407407405,0.45454545454545453,0.6842105263157895,0.0,0.0,0.0,,,11.11111111111111,1.0,0.0,0.0,0.0,1.0,29.72972972972973,36.03603603603604,99.09909909909909,17.117117117117118,8.108108108108109,,,100.0,100.0,81.08108108108108,86.4864864864865,37.83783783783784,45.49549549549549,54.054054054054056,69.36936936936937,88.8888888888889,37.83783783783784
Tommy Gantt,Men’s Lightweight,1,7.85,1.0,3.56687898089172,4.840764331210191,1.019108280254777,2.547770700636943,0.7368421052631579,0.3846153846153846,0.0,0.0,11.464968152866243,0.35294117647058826,1.0,0.0,0.8559782608695652,0.0,0.5357142857142857,0.35714285714285715,0.10714285714285714,94.5945945945946,100.0,6.306306306306306,17.117117117117118,100.0,53.333333333333336,97.59615384615384,22.52252252252252,92.72727272727272,81.08108108108108,86.4864864864865,8.108108108108109,54.5045045045045,85.91418997668998,71.74993174993175,57.957957957957966,8.108108108108109
Magomed Zaynukov,Men’s Lightweight,1,15.0,1.0,4.933333333333334,8.733333333333333,1.0666666666666667,3.866666666666667,0.5648854961832062,0.7419354838709677,0.0,0.0,2.0,0.3333333333333333,0.8571428571428572,0.0,0.15168539325842698,0.0,0.0,0.28378378378378377,0.7162162162162162,98.1981981981982,88.28828828828829,100.0,17.117117117117118,77.92792792792793,48.57142857142857,87.5,22.52252252252252,9.090909090909092,81.08108108108108,86.4864864864865,46.846846846846844,75.9009009009009,55.7725663975664,36.51378651378651,89.18918918918921,46.846846846846844
Charlie Campbell,Men’s Lightweight,3,22.766666666666666,1.0,4.919472913616398,9.399707174231333,3.821376281112738,1.0980966325036605,0.5233644859813084,0.5561224489795918,0.6588579795021963,0.0,2.635431918008785,0.36363636363636365,0.5,0.0,0.61082910321489,1.0,0.026785714285714284,0.17857142857142858,0.7946428571428571,81.08108108108108,77.47747747747748,74.77477477477478,79.27927927927928,85.58558558558559,57.61904761904761,25.0,22.52252252252252,63.63636363636363,81.08108108108108,13.96396396396397,55.85585585585585,78.15315315315316,57.96024921024921,57.24815724815725,56.60660660660661,55.85585585585585
Sodiq Yusuff,Men’s Lightweight,8,91.21666666666667,1.0,4.856568609537731,10.096839027955417,4.30842316828065,0.5481454412570805,0.4809989142236699,0.541958041958042,0.3288872647542481,0.6577745295084962,0.4933308971313722,0.3333333333333333,0.55,0.4933308971313722,0.5389497980380843,0.25,0.08803611738148984,0.11060948081264109,0.801354401805869,60.36036036036037,50.45045045045045,64.86486486486487,52.25225225225225,23.423423423423422,48.57142857142857,32.69230769230769,71.17117117117117,56.36363636363636,19.81981981981982,70.27027027027027,63.96396396396396,56.98198198198198,40.26269901269901,50.319410319410316,51.65165165165166,63.96396396396396
Lance Gibson Jr.,Men’s Lightweight,2,17.933333333333334,1.0,2.3977695167286246,5.241635687732342,4.237918215613383,-1.8401486988847582,0.4574468085106383,0.5606936416184971,0.8364312267657993,0.0,1.6728624535315986,0.6666666666666666,0.75,0.0,0.6062992125984252,0.0,0.0,0.20930232558139536,0.7906976744186046,11.711711711711711,37.83783783783784,78.37837837837837,87.38738738738738,68.46846846846847,93.33333333333333,64.90384615384616,22.52252252252252,62.727272727272734,81.08108108108108,86.4864864864865,11.711711711711711,53.828828828828826,72.35823017073017,51.23942123942124,81.98198198198197,11.711711711711711
Thiago Moises,Men’s Lightweight,8,80.76666666666668,1.0,2.5134131242261657,4.97730086669418,4.7791993396615755,-2.26578621543541,0.5049751243781094,0.4661134163208852,0.1857201815930664,0.7428807263722657,1.8572018159306642,0.2702702702702703,0.33333333333333337,0.9286009079653321,0.6719554030874786,0.5,0.24630541871921183,0.04433497536945813,0.7093596059113301,9.00900900900901,65.76576576576578,25.225225225225223,43.24324324324324,72.07207207207207,35.23809523809524,8.173076923076923,84.68468468468468,72.72727272727273,18.01801801801802,47.2972972972973,9.00900900900901,35.81081081081081,47.05262924012924,76.4946764946765,30.180180180180184,9.00900900900901
Kody Steele,Men’s Lightweight,2,18.933333333333334,1.0,3.169014084507042,11.091549295774648,6.654929577464789,-3.485915492957747,0.2857142857142857,0.4814814814814815,0.0,0.7922535211267605,1.584507042253521,0.4,,0.7922535211267605,0.7051282051282052,0.0,0.0,0.016666666666666666,0.9833333333333333,2.7027027027027026,2.7027027027027026,30.630630630630627,17.117117117117118,65.76576576576578,63.33333333333333,,82.88288288288288,77.27272727272727,17.11711711711711,86.4864864864865,78.37837837837837,13.288288288288287,68.7906087906088,75.3071253071253,44.74474474474474,78.37837837837837
Jai Herbert,Men’s Lightweight,8,85.98333333333332,1.0,3.6402403566582677,8.431866640821866,3.512308586935453,0.12793176972281461,0.4317241379310345,0.5438066465256798,0.8722620662919172,0.34890482651676685,0.5233572397751503,0.21428571428571427,0.8260869565217391,0.0,0.47847959754052544,0.3333333333333333,0.07987220447284345,0.13738019169329074,0.7827476038338658,51.35135135135135,23.423423423423422,65.76576576576578,88.28828828828829,25.225225225225223,24.285714285714285,81.73076923076923,22.52252252252252,48.18181818181818,40.54054054054053,62.612612612612615,42.34234234234234,57.207207207207205,44.855881730881734,31.97652197652197,56.30630630630631,42.34234234234234
Claudio Puelles,Men’s Lightweight,8,97.91666666666666,1.0,1.3480851063829788,2.828936170212766,2.236595744680851,-0.8885106382978722,0.47653429602888087,0.4645476772616137,0.0,0.45957446808510644,3.3702127659574472,0.3548387096774194,0.6,1.0723404255319149,0.7258909853249476,0.3333333333333333,0.4621212121212121,0.06060606060606061,0.4772727272727273,27.027027027027028,46.846846846846844,24.324324324324326,17.117117117117118,92.7927927927928,54.761904761904766,39.90384615384615,89.1891891891892,79.0909090909091,31.531531531531535,62.612612612612615,2.7027027027027026,28.82882882882883,66.6373631998632,87.02429702429703,39.48948948948949,2.7027027027027026
Abdul-Kareem Al-Selwady,Men’s Lightweight,2,25.816666666666666,1.0,4.60942543576501,8.28921885087153,3.331181407359587,1.2782440284054228,0.5560747663551402,0.6055045871559632,0.0,0.5810200129115559,1.7430600387346675,0.2727272727272727,0.5454545454545454,0.0,0.563076923076923,1.0,0.01680672268907563,0.10084033613445378,0.8823529411764706,81.98198198198197,85.58558558558559,90.990990990991,17.117117117117118,70.27027027027027,36.19047619047619,31.25,22.52252252252252,60.0,21.62162162162162,13.96396396396397,40.54054054054054,68.91891891891892,49.427686615186616,50.930930930930934,42.1921921921922,40.54054054054054
Evan Elder,Men’s Lightweight,5,62.4,1.0,5.657051282051282,11.105769230769232,4.935897435897436,0.7211538461538458,0.5093795093795094,0.573997233748271,0.48076923076923084,0.24038461538461542,0.48076923076923084,0.15384615384615385,0.4,0.48076923076923084,0.3988372093023256,0.5,0.036827195467422094,0.039660056657223795,0.9235127478753541,68.46846846846847,70.27027027027027,82.88288288288288,70.27027027027027,21.62162162162162,20.0,12.5,70.27027027027027,40.909090909090914,52.25225225225225,47.2972972972973,79.27927927927928,72.97297297297297,23.757678132678134,44.26699426699427,60.81081081081081,79.27927927927928
Rongzhu,Men’s Lightweight,6,80.48333333333333,1.0,5.603644646924829,11.107889832263409,5.777593704700766,-0.1739490577759364,0.5044742729306487,0.541871921182266,0.37274798094843653,0.0,1.8637399047421825,0.625,0.8333333333333334,0.0,0.7778884462151394,0.6666666666666666,0.09977827050997783,0.024390243902439025,0.8758314855875832,41.44144144144144,63.96396396396396,63.96396396396396,56.75675675675676,72.97297297297297,90.95238095238095,82.6923076923077,22.52252252252252,85.45454545454545,81.08108108108108,33.333333333333336,80.18018018018019,56.53153153153153,83.01805176805176,60.31668031668031,59.45945945945946,80.18018018018019
Dom Mar Fan,Men’s Lightweight,2,18.933333333333334,1.0,5.28169014084507,9.242957746478874,3.6443661971830985,1.6373239436619715,0.5714285714285714,0.48888888888888893,0.0,0.0,0.7922535211267605,0.25,0.8181818181818181,0.0,0.3312788906009245,1.0,0.07,0.29,0.64,90.09009009009009,90.09009009009009,34.234234234234236,17.117117117117118,36.03603603603604,30.0,78.84615384615384,22.52252252252252,32.72727272727273,81.08108108108108,13.96396396396397,53.153153153153156,57.88288288288288,44.40236565236565,30.428610428610426,43.093093093093096,53.153153153153156
Kyle Nelson,Men’s Lightweight,8,83.38333333333333,1.0,3.585848490905457,7.54347391565061,3.729762142714372,-0.1439136518089148,0.4753577106518283,0.5728021978021978,0.1798920647611433,0.0,1.2592444533280032,0.30434782608695654,0.75,0.0,0.5096201282683769,0.6666666666666666,0.033444816053511704,0.10367892976588629,0.862876254180602,42.34234234234234,45.94594594594595,81.08108108108108,40.54054054054054,54.95495495495496,40.95238095238095,64.90384615384616,22.52252252252252,52.72727272727272,81.08108108108108,33.333333333333336,25.225225225225223,52.477477477477485,53.3846136971137,43.4015834015834,65.16516516516516,25.225225225225223
Vinc Pichel,Men’s Lightweight,8,114.1,1.0,3.9176161262050835,8.711656441717793,3.269062226117441,0.6485539000876424,0.44969818913480886,0.5489721886336154,0.0,0.0,1.1831726555652937,0.34615384615384615,0.34375,0.13146362839614373,0.40023291925465837,0.25,0.1029082774049217,0.13646532438478748,0.7606263982102909,64.86486486486487,30.630630630630627,69.36936936936937,17.117117117117118,51.35135135135135,52.38095238095239,10.576923076923077,45.04504504504504,41.81818181818181,81.08108108108108,70.27027027027027,45.94594594594595,45.4954954954955,39.03185215685215,46.07152607152607,73.57357357357357,45.94594594594595
Gabe Green,Men’s Lightweight,6,62.983333333333334,1.0,5.604657316750463,12.415983064302726,6.192114315956602,-0.5874569992061396,0.4514066496163683,0.4722598105548038,0.4763164858428156,0.7144747287642232,0.7144747287642232,0.5,0.5,0.4763164858428156,0.43559322033898307,0.3333333333333333,0.0679886685552408,0.031161473087818695,0.9008498583569405,33.33333333333333,34.234234234234236,27.027027027027028,68.46846846846847,32.432432432432435,79.52380952380952,25.0,69.36936936936937,45.45454545454545,18.918918918918926,62.612612612612615,86.48648648648648,40.765765765765764,45.60269685269685,49.085449085449085,36.186186186186184,86.48648648648648
Billy Quarantillo,Men’s Lightweight,8,89.21666666666667,1.0,7.285634223799739,15.47917055856529,7.106295535213898,0.17933868858584034,0.4706734250543085,0.44773519163763065,0.1681300205492247,0.5043900616476742,1.5131701849430226,0.21951219512195122,0.6333333333333333,0.3362600410984494,0.4928354320451585,0.6,0.06769230769230769,0.15846153846153846,0.7738461538461539,52.25225225225225,43.24324324324324,18.01801801801802,37.83783783783784,63.96396396396396,25.71428571428571,42.30769230769231,62.16216216216216,50.90909090909091,27.027027027027025,38.73873873873874,96.3963963963964,37.83783783783784,45.72375822375822,59.01173901173902,27.927927927927925,96.3963963963964
Richie Miranda,Men’s Lightweight,1,15.0,1.0,3.066666666666667,7.933333333333334,4.466666666666667,-1.4,0.3865546218487395,0.4369747899159664,0.0,1.0,1.0,0.1111111111111111,0.0,0.0,0.5775,0.0,0.2391304347826087,0.15217391304347827,0.6086956521739131,17.117117117117118,11.711711711711711,16.216216216216218,17.117117117117118,41.891891891891895,13.333333333333334,0.9615384615384616,22.52252252252252,60.909090909090914,10.360360360360367,86.4864864864865,35.13513513513514,15.54054054054054,29.27396364896365,41.77450177450178,37.68768768768769,35.13513513513514
Nikolas Motta,Men’s Lightweight,7,51.13333333333334,1.0,4.517601043024771,10.932203389830507,5.769230769230768,-1.251629726205997,0.41323792486583183,0.4833625218914186,1.466753585397653,0.8800521512385918,0.0,,0.8235294117647058,0.0,0.23735408560311283,1.0,0.1341991341991342,0.06060606060606061,0.8051948051948052,20.72072072072072,17.117117117117118,31.53153153153153,92.7927927927928,8.108108108108109,,80.76923076923077,22.52252252252252,20.0,13.513513513513523,13.96396396396397,77.47747747747748,40.54054054054054,36.29244629244629,16.876876876876878,19.669669669669677,77.47747747747748
Lucas Brennan,Men’s Lightweight,1,15.0,1.0,0.6,2.4,2.2,-1.6,0.25,0.5217391304347826,0.0,0.0,0.0,0.0,0.33333333333333337,1.0,0.10609480812641084,0.0,0.0,0.0,1.0,13.513513513513514,0.9009009009009009,51.35135135135135,17.117117117117118,8.108108108108109,5.714285714285714,8.173076923076923,85.58558558558559,4.545454545454546,81.08108108108108,86.4864864864865,1.8018018018018018,20.72072072072072,6.6352313227313235,32.74638274638275,72.97297297297297,1.8018018018018018
Dakota Hope,Men’s Lightweight,1,15.0,1.0,7.066666666666666,17.2,7.0,0.06666666666666643,0.4108527131782946,0.339622641509434,1.0,0.0,1.0,0.3333333333333333,1.0,0.0,0.7722772277227723,0.0,0.009433962264150943,0.41509433962264153,0.5754716981132075,49.549549549549546,15.315315315315313,3.6036036036036037,90.09009009009009,41.891891891891895,48.57142857142857,97.59615384615384,22.52252252252252,83.63636363636363,81.08108108108108,86.4864864864865,98.1981981981982,39.63963963963964,67.92395948645948,49.35025935025934,57.05705705705706,98.1981981981982
Damian Rzepecki,Men’s Lightweight,1,15.0,1.0,1.0666666666666667,4.133333333333334,4.933333333333334,-3.866666666666667,0.25806451612903225,0.43511450381679384,0.0,0.0,1.0,0.14285714285714285,0.6666666666666667,0.0,0.848314606741573,0.0,0.0,0.0625,0.9375,0.9009009009009009,1.8018018018018018,15.315315315315313,17.117117117117118,41.891891891891895,17.61904761904762,48.55769230769231,22.52252252252252,90.9090909090909,81.08108108108108,86.4864864864865,4.504504504504505,8.783783783783782,49.74443068193068,51.77450177450177,60.96096096096096,4.504504504504505
Sangwook Kim,Men’s Lightweight,1,15.0,1.0,4.533333333333333,8.933333333333334,6.6,-2.0666666666666664,0.5074626865671642,0.4277456647398844,0.0,0.0,1.0,0.1,0.75,0.0,0.6382978723404256,0.0,0.0,0.2647058823529412,0.7352941176470589,9.90990990990991,67.56756756756756,14.414414414414415,17.117117117117118,41.891891891891895,12.380952380952381,64.90384615384616,22.52252252252252,66.36363636363637,81.08108108108108,86.4864864864865,48.64864864864865,27.25225225225225,46.385081697581704,43.59268359268359,60.66066066066066,48.64864864864865
Artur Minev,Men’s Lightweight,1,7.85,1.0,1.019108280254777,1.6560509554140128,3.56687898089172,-2.547770700636943,0.6153846153846154,0.26315789473684215,0.0,0.0,0.0,0.0,0.6470588235294117,0.0,0.14402173913043478,1.0,0.0,0.625,0.375,5.405405405405405,97.2972972972973,0.9009009009009009,17.117117117117118,8.108108108108109,5.714285714285714,45.19230769230769,22.52252252252252,6.363636363636363,81.08108108108108,13.96396396396397,0.9009009009009009,30.180180180180184,16.34458446958447,12.331422331422331,31.98198198198199,0.9009009009009009
Milos Janicic,Men’s Lightweight,1,1.35,1.0,4.444444444444444,14.074074074074073,3.7037037037037033,0.7407407407407405,0.3157894736842105,0.5454545454545454,0.0,0.0,0.0,,,0.0,0.0,1.0,0.0,0.0,1.0,72.07207207207207,4.504504504504505,66.66666666666666,17.117117117117118,8.108108108108109,,,22.52252252252252,0.9090909090909091,81.08108108108108,13.96396396396397,91.8918918918919,40.09009009009009,4.5085995085995085,10.513240513240513,53.9039039039039,91.8918918918919
Mandel Nallo,Men’s Lightweight,1,2.0833333333333335,1.0,7.68,14.879999999999999,9.12,-1.4399999999999995,0.5161290322580645,0.3214285714285714,7.199999999999999,14.399999999999999,0.0,,,0.0,0.2702702702702703,1.0,0.0,0.0625,0.9375,16.216216216216218,72.07207207207207,1.8018018018018018,100.0,8.108108108108109,,,22.52252252252252,24.545454545454547,0.9009009009009009,13.96396396396397,93.69369369369369,47.52252252252252,16.32678132678133,18.392028392028394,5.555555555555557,93.69369369369369
Elves Brener,Men’s Lightweight,6,75.9,1.0,4.756258234519104,10.013175230566533,5.862977602108036,-1.1067193675889326,0.475,0.5077433628318584,0.3952569169960474,0.3952569169960474,0.9881422924901184,0.16666666666666666,0.76,0.0,0.3100252737994945,0.3333333333333333,0.04709141274238227,0.030470914127423823,0.9224376731301939,22.52252252252252,45.04504504504504,44.14414414414414,59.45945945945946,38.73873873873874,20.952380952380953,69.23076923076923,22.52252252252252,30.0,35.13513513513512,62.612612612612615,63.06306306306306,42.79279279279279,39.73047223047223,30.420420420420424,47.29729729729729,63.06306306306306
Jamie Mullarkey,Men’s Lightweight,8,77.45,1.0,4.493221433182699,9.360877985797288,3.8347320852162685,0.6584893479664302,0.48,0.585195530726257,0.0,0.9683666881859264,1.9367333763718528,0.29411764705882354,0.8,0.0,0.8938144329896908,1.0,0.034482758620689655,0.07758620689655173,0.8879310344827587,65.76576576576578,48.64864864864865,85.58558558558559,17.117117117117118,76.57657657657657,39.04761904761905,75.48076923076923,22.52252252252252,95.45454545454545,11.711711711711708,13.96396396396397,54.95495495495496,54.27927927927929,71.63987757737758,64.85121485121485,37.08708708708709,54.95495495495496
Matt Frevola,Men’s Lightweight,8,54.5,1.0,3.4128440366972477,8.513761467889909,4.055045871559633,-0.6422018348623855,0.40086206896551724,0.5267665952890792,1.651376146788991,1.1009174311926606,1.3761467889908259,0.45454545454545453,0.2727272727272727,0.27522935779816515,0.27905308464849354,0.6,0.3064516129032258,0.15053763440860216,0.543010752688172,32.432432432432435,14.414414414414415,56.75675675675676,96.3963963963964,58.55855855855856,72.85714285714285,4.807692307692308,57.65765765765766,25.454545454545453,6.306306306306304,38.73873873873874,43.24324324324324,50.0,40.41948479448479,47.223587223587224,33.933933933933936,43.24324324324324
Yanal Ashmouz,Men’s Lightweight,4,46.25,1.0,2.8756756756756756,5.664864864864865,4.778378378378378,-1.9027027027027028,0.5076335877862596,0.5022522522522522,0.0,0.0,3.2432432432432434,0.38461538461538464,0.6428571428571428,0.0,0.5420962199312714,0.0,0.17293233082706766,0.24812030075187969,0.5789473684210527,10.81081081081081,68.46846846846847,42.34234234234234,17.117117117117118,90.990990990991,60.0,43.269230769230774,22.52252252252252,57.27272727272727,81.08108108108108,86.4864864864865,12.612612612612612,34.68468468468468,62.883237258237266,56.92874692874693,69.96996996996997,12.612612612612612
Ismael Bonfim,Men’s Lightweight,5,36.81666666666667,1.0,5.052059755545495,9.071978270710728,3.639655952919873,1.4124038026256223,0.5568862275449101,0.5732484076433121,0.4074241738343142,0.4074241738343142,1.2222725215029424,0.3333333333333333,0.7272727272727273,0.0,0.29577464788732394,1.0,0.016129032258064516,0.10215053763440861,0.8817204301075269,84.68468468468468,86.48648648648648,81.98198198198197,61.261261261261254,54.054054054054056,48.57142857142857,55.769230769230774,22.52252252252252,29.09090909090909,33.333333333333336,13.96396396396397,52.25225225225225,78.6036036036036,46.87140562140562,35.22249522249522,43.093093093093096,52.25225225225225
Darrius Flowers,Men’s Lightweight,4,35.25,1.0,3.2056737588652484,6.3546099290780145,5.475177304964539,-2.269503546099291,0.5044642857142857,0.4238805970149254,0.0,0.0,1.702127659574468,0.4444444444444444,0.6470588235294117,0.425531914893617,0.1844888366627497,0.6666666666666666,0.061946902654867256,0.08849557522123894,0.8495575221238938,8.108108108108109,63.06306306306306,13.513513513513514,17.117117117117118,69.36936936936937,70.47619047619048,45.19230769230769,66.66666666666666,13.636363636363635,81.08108108108108,33.333333333333336,16.216216216216218,25.45045045045045,49.668557793557795,49.89079989079988,42.64264264264264,16.216216216216218
Joe Solecki,Men’s Lightweight,8,90.45,1.0,1.6141514648977335,3.416252072968491,2.1006080707573243,-0.4864566058595907,0.47249190938511326,0.5026178010471204,0.0,0.16583747927031509,1.658374792703151,0.4,0.1428571428571429,1.4925373134328357,0.49071358748778104,0.25,0.1232876712328767,0.0821917808219178,0.7945205479452054,36.03603603603604,44.14414414414414,43.24324324324324,17.117117117117118,67.56756756756756,63.33333333333333,1.9230769230769231,95.4954954954955,50.0,58.55855855855856,70.27027027027027,3.6036036036036037,35.13513513513513,45.70599445599446,71.02102102102101,57.35735735735736,3.6036036036036037
Bolaji Oki,Men’s Lightweight,5,56.06666666666667,1.0,6.171224732461355,13.804994054696788,5.154577883472057,1.0166468489892981,0.4470284237726098,0.6110363391655451,0.267538644470868,0.802615933412604,1.070154577883472,0.5714285714285714,0.75,0.0,0.49938195302843014,1.0,0.031791907514450865,0.07225433526011561,0.8959537572254336,78.37837837837837,28.82882882882883,91.8918918918919,47.74774774774775,46.846846846846844,85.71428571428571,64.90384615384616,22.52252252252252,51.81818181818182,16.216216216216218,13.96396396396397,90.09009009009009,61.711711711711715,62.32079013329013,40.395850395850395,40.6906906906907,90.09009009009009
Shem Rock,Men’s Lightweight,2,30.0,1.0,3.033333333333333,7.733333333333333,4.4,-1.3666666666666671,0.3922413793103448,0.4980988593155894,0.0,0.0,1.0,0.13333333333333333,0.8888888888888888,0.0,0.2636363636363636,0.0,0.01098901098901099,0.07692307692307693,0.9120879120879121,18.01801801801802,12.612612612612612,40.54054054054054,17.117117117117118,41.891891891891895,15.238095238095239,90.86538461538461,22.52252252252252,22.727272727272727,81.08108108108108,86.4864864864865,31.53153153153153,22.07207207207207,42.68066111816112,29.04722904722905,69.36936936936938,31.53153153153153
Daniel Zellhuber,Men’s Lightweight,7,93.35,1.0,5.099089448312801,14.204606320299947,6.12747723620782,-1.028387787895019,0.358974358974359,0.5463917525773196,0.3213711837171934,0.3213711837171934,0.0,0.0,0.8181818181818181,0.3213711837171934,0.3962765957446808,0.25,0.04831932773109244,0.03361344537815126,0.9180672268907563,25.225225225225223,8.108108108108109,67.56756756756756,51.35135135135135,8.108108108108109,5.714285714285714,78.84615384615384,59.45945945945946,40.0,47.747747747747745,70.27027027027027,92.7927927927928,38.06306306306306,33.167136917136915,35.85585585585586,61.86186186186186,92.7927927927928
Mark Choinski,Men’s Lightweight,1,15.0,1.0,3.8666666666666667,7.6,7.333333333333333,-3.4666666666666663,0.5087719298245614,0.33333333333333337,0.0,1.0,2.0,0.18181818181818182,,0.0,0.8801261829652997,0.0,0.034482758620689655,0.034482758620689655,0.9310344827586207,3.6036036036036037,69.36936936936937,2.7027027027027026,17.117117117117118,77.92792792792793,21.904761904761905,,22.52252252252252,94.54545454545455,10.360360360360367,86.4864864864865,27.027027027027028,23.1981981981982,64.79271479271479,64.998634998635,33.18318318318319,27.027027027027028
Michael Aswell,Men’s Lightweight,1,15.0,1.0,7.866666666666666,20.6,9.066666666666666,-1.2000000000000002,0.3818770226537217,0.5511551155115512,0.0,0.0,0.0,,,0.0,,0.0,0.0,0.00847457627118644,0.9915254237288136,21.62162162162162,9.90990990990991,71.17117117117117,17.117117117117118,8.108108108108109,,,22.52252252252252,,81.08108108108108,86.4864864864865,99.09909909909909,29.954954954954953,8.108108108108109,15.315315315315315,79.57957957957957,99.09909909909909
Trey Ogden,Men’s Lightweight,7,103.18333333333334,1.0,3.198190922306574,6.376998869326441,3.4889355516071716,-0.2907446293005975,0.5015197568389058,0.5561035758323059,0.0,0.0,1.8898400904538846,0.325,1.0,0.726861573251494,0.6600467289719626,0.0,0.030303030303030304,0.05454545454545454,0.9151515151515152,39.63963963963964,60.36036036036037,73.87387387387388,17.117117117117118,75.67567567567568,45.714285714285715,97.59615384615384,80.18018018018019,70.9090909090909,81.08108108108108,86.4864864864865,17.117117117117118,47.74774774774775,72.47380153630154,75.5883155883156,80.48048048048048,17.117117117117118
Michael Chandler,Men’s Lightweight,8,82.7,1.0,3.845223700120919,7.617896009673519,4.7521160822249096,-0.9068923821039907,0.5047619047619047,0.4090225563909774,0.36275695284159615,0.9068923821039903,1.6324062877871826,0.36,0.5625,0.18137847642079807,0.3937341236240474,0.6666666666666666,0.24213836477987422,0.018867924528301886,0.7389937106918238,26.126126126126124,64.86486486486487,9.90990990990991,55.85585585585585,66.66666666666666,56.19047619047619,35.57692307692308,53.153153153153156,39.09090909090909,12.612612612612615,33.333333333333336,27.927927927927925,39.18918918918919,49.381243756243755,52.970242970242964,18.618618618618623,27.927927927927925
Mitch Ramirez,Men’s Lightweight,3,21.633333333333333,1.0,3.1432973805855164,7.395993836671803,3.4668721109399074,-0.323574730354391,0.425,0.3902439024390244,0.0,1.386748844375963,0.0,0.0,0.33333333333333337,0.0,0.03372243839169909,1.0,0.0,0.11764705882352941,0.8823529411764706,38.73873873873874,19.81981981981982,7.207207207207207,17.117117117117118,8.108108108108109,5.714285714285714,8.173076923076923,22.52252252252252,2.727272727272727,4.504504504504503,13.96396396396397,24.324324324324326,20.72072072072072,6.1806858681858685,11.119301119301118,8.55855855855856,24.324324324324326
Damon Jackson,Men’s Lightweight,8,82.8,1.0,3.236714975845411,7.113526570048309,3.611111111111111,-0.37439613526570037,0.45500848896434637,0.4923599320882852,0.0,0.36231884057971014,2.1739130434782608,0.32432432432432434,0.41666666666666663,0.36231884057971014,0.6819098856758574,0.5,0.08582089552238806,0.22388059701492538,0.6902985074626866,37.83783783783784,36.93693693693694,36.03603603603604,17.117117117117118,81.08108108108108,44.761904761904766,13.942307692307693,64.86486486486487,73.63636363636363,37.83783783783784,47.2972972972973,21.62162162162162,31.981981981981985,53.35541429291429,73.19410319410319,40.390390390390394,21.62162162162162
Guram Kutateladze,Men’s Lightweight,5,73.28333333333333,1.0,3.5342278826472597,7.846258812826927,4.2165112576756885,-0.6822833750284287,0.4504347826086956,0.5482456140350878,0.20468501250852855,0.8187400500341142,0.6140550375255857,0.15,0.75,0.0,0.3517465475223396,0.3333333333333333,0.05019305019305019,0.21235521235521235,0.7374517374517374,31.53153153153153,32.432432432432435,68.46846846846847,44.14414414414414,30.630630630630627,19.047619047619047,64.90384615384616,22.52252252252252,35.45454545454545,15.31531531531531,62.612612612612615,32.432432432432435,44.14414414414415,37.50916032166032,29.535899535899535,48.7987987987988,32.432432432432435
Maheshate,Men’s Lightweight,6,68.85000000000001,1.0,4.11038489469862,12.941176470588234,6.564996368917937,-2.454611474219317,0.3176206509539843,0.5118790496760259,0.4357298474945533,1.0893246187363832,0.0,0.0,0.47058823529411764,0.0,0.0199468085106383,0.25,0.0035335689045936395,0.06007067137809187,0.9363957597173145,7.207207207207207,5.405405405405405,47.74774774774775,66.66666666666666,8.108108108108109,5.714285714285714,19.230769230769234,22.52252252252252,1.8181818181818181,7.207207207207212,70.27027027027027,87.38738738738738,31.756756756756754,8.71783621783622,10.816270816270816,41.74174174174175,87.38738738738738
Anshul Jubli,Men’s Lightweight,3,22.049999999999997,1.0,6.394557823129253,11.156462585034015,5.07936507936508,1.3151927437641726,0.573170731707317,0.46411483253588515,0.0,1.360544217687075,1.360544217687075,0.2,1.0,0.6802721088435375,0.9751693002257337,1.0,0.22695035460992907,0.0425531914893617,0.7304964539007093,82.88288288288288,90.990990990991,23.423423423423422,17.117117117117118,56.75675675675676,22.857142857142858,97.59615384615384,79.27927927927928,99.0909090909091,5.405405405405396,13.96396396396397,81.98198198198197,53.60360360360361,69.07524063774065,78.37564837564838,14.264264264264263,81.98198198198197
Jordan Vucenic,Men’s Lightweight,2,23.7,1.0,2.109704641350211,4.6835443037974684,1.89873417721519,0.21097046413502096,0.45045045045045046,0.5833333333333333,0.6329113924050632,0.6329113924050632,0.6329113924050632,0.14285714285714285,0.4444444444444444,0.0,0.3279445727482679,0.5,0.1,0.18,0.72,53.153153153153156,33.33333333333333,84.68468468468468,78.37837837837837,31.53153153153153,17.61904761904762,16.826923076923077,22.52252252252252,31.818181818181817,20.720720720720713,47.2972972972973,6.306306306306306,62.38738738738739,24.44892101142101,28.62407862407862,50.90090090090089,6.306306306306306
Viacheslav Borshchev,Men’s Lightweight,8,91.53333333333333,1.0,5.702840495265841,11.471230881281866,4.93809176984705,0.7647487254187908,0.49714285714285716,0.5803156917363046,0.4916241806263656,0.3277494537509104,0.0,0.0,0.475,0.1638747268754552,0.1496437054631829,0.4,0.0210727969348659,0.034482758620689655,0.9444444444444444,72.97297297297297,58.55855855855856,83.78378378378379,71.17117117117117,8.108108108108109,5.714285714285714,21.153846153846153,46.846846846846844,8.181818181818182,46.846846846846844,54.95495495495495,83.78378378378379,71.62162162162163,10.78951453951454,21.045591045591042,61.86186186186186,83.78378378378379
Rolando Bedoya,Men’s Lightweight,4,60.0,1.0,6.233333333333333,13.033333333333333,5.5,0.7333333333333334,0.4782608695652174,0.5278969957081545,0.0,0.5,0.0,0.0,0.75,0.25,0.19504132231404958,0.0,0.0,0.08823529411764706,0.9117647058823529,70.27027027027027,47.74774774774775,57.65765765765766,17.117117117117118,8.108108108108109,5.714285714285714,64.90384615384616,55.85585585585585,14.545454545454545,27.927927927927932,86.4864864864865,88.28828828828829,48.1981981981982,23.317923630423632,26.16980616980617,57.357357357357365,88.28828828828829
Ottman Azaitar,Men’s Lightweight,5,18.733333333333334,1.0,4.430604982206406,9.9288256227758,4.110320284697509,0.3202846975088969,0.44623655913978494,0.5246913580246914,0.800711743772242,2.4021352313167257,0.0,,1.0,0.0,0.2125,1.0,0.0963855421686747,0.20481927710843373,0.6987951807228916,57.65765765765766,27.027027027027028,55.85585585585585,85.58558558558559,8.108108108108109,,97.59615384615384,22.52252252252252,18.181818181818183,2.702702702702702,13.96396396396397,60.36036036036037,56.53153153153153,41.29536004536005,16.270816270816272,24.174174174174173,60.36036036036037
Lando Vannata,Men’s Lightweight,8,88.31666666666666,1.0,4.121532364597094,8.311002075863371,4.0762408001509725,0.04529156444612159,0.49591280653950953,0.5550061804697157,0.0,0.3396867333459143,1.0190602000377431,0.3157894736842105,0.6470588235294117,0.16984336667295716,0.3732283464566929,0.4,0.06318681318681318,0.06318681318681318,0.8736263736263736,47.74774774774775,57.65765765765766,72.97297297297297,17.117117117117118,45.04504504504504,43.80952380952381,45.19230769230769,48.64864864864865,37.27272727272727,41.44144144144144,54.95495495495495,41.44144144144144,48.873873873873876,42.82990095490096,43.655473655473656,56.45645645645646,41.44144144144144
Damir Hadzovic,Men’s Lightweight,8,84.8,1.0,3.5849056603773586,7.252358490566038,3.691037735849057,-0.10613207547169834,0.4943089430894309,0.6012738853503184,0.1768867924528302,0.0,1.0613207547169812,0.6,0.38095238095238093,0.1768867924528302,0.167427701674277,0.4,0.11513157894736842,0.1118421052631579,0.7730263157894737,43.24324324324324,56.75675675675676,89.1891891891892,38.73873873873874,45.94594594594595,89.04761904761904,11.538461538461538,52.25225225225225,10.909090909090908,81.08108108108108,54.95495495495495,22.52252252252252,56.98198198198198,39.36027936027936,36.36909636909637,75.07507507507508,22.52252252252252
Clay Guida,Men’s Lightweight,8,88.05000000000001,1.0,3.6229415105053944,10.641680863145938,5.190232822260079,-1.5672913117546843,0.34044823906083244,0.5138297872340425,0.0,0.1703577512776831,1.8739352640545142,0.24444444444444444,0.5454545454545454,0.3407155025553662,0.6565382528486163,0.4,0.05642633228840126,0.11598746081504702,0.8275862068965517,14.414414414414415,7.207207207207207,49.549549549549546,17.117117117117118,73.87387387387388,28.57142857142857,31.25,63.06306306306306,70.0,57.65765765765766,54.95495495495495,72.07207207207207,22.07207207207207,50.92382561132561,68.97897897897899,54.054054054054056,72.07207207207207
Trevor Peek,Men’s Lightweight,5,64.98333333333333,1.0,4.077968709925622,7.878943318799692,3.3393177737881508,0.7386509361374709,0.517578125,0.46287128712871284,0.4616568350859195,0.0,1.3849705052577583,0.5,0.5319148936170213,0.0,0.3236345074017356,0.0,0.052830188679245285,0.1660377358490566,0.7811320754716982,71.17117117117117,73.87387387387388,21.62162162162162,67.56756756756756,60.36036036036037,79.52380952380952,29.807692307692307,22.52252252252252,30.909090909090907,81.08108108108108,86.4864864864865,34.234234234234236,58.55855855855856,50.15023827523827,37.93065793065793,63.063063063063076,34.234234234234236
Jeremy Stephens,Men’s Lightweight,8,62.8,1.0,3.4235668789808917,7.993630573248408,6.178343949044586,-2.754777070063694,0.42828685258964144,0.5125628140703518,0.0,0.47770700636942676,0.7165605095541402,0.75,0.5185185185185186,0.23885350318471338,0.2914653784219002,0.5714285714285714,0.11627906976744186,0.06046511627906977,0.8232558139534883,4.504504504504505,20.72072072072072,48.64864864864865,17.117117117117118,34.234234234234236,95.71428571428572,28.846153846153843,54.95495495495496,28.18181818181818,30.630630630630627,41.44144144144144,36.93693693693694,22.74774774774775,46.744122994122996,39.123669123669124,40.24024024024024,36.93693693693694
Roosevelt Roberts,Men’s Lightweight,8,74.41666666666666,1.0,2.45912653975364,6.5576707726763726,3.5072788353863387,-1.0481522956326987,0.375,0.5219780219780219,0.0,0.4031354983202688,0.6047032474804033,0.13636363636363635,0.4736842105263158,0.6047032474804033,0.2660016625103907,0.6,0.08196721311475409,0.07103825136612021,0.8469945355191257,24.324324324324326,9.00900900900901,52.25225225225225,17.117117117117118,29.72972972972973,16.19047619047619,20.192307692307693,76.57657657657657,23.636363636363637,34.23423423423424,38.73873873873874,18.91891891891892,25.675675675675677,22.437219312219312,43.31422331422331,41.74174174174174,18.91891891891892
Kyle Prepolec,Men’s Lightweight,5,53.53333333333333,1.0,3.00747198007472,8.947696139476962,6.594022415940224,-3.5865504358655045,0.33611691022964507,0.4501557632398754,0.0,0.0,0.0,0.0,0.41666666666666663,0.0,0.05804480651731161,0.6,0.006211180124223602,0.031055900621118012,0.9627329192546584,1.8018018018018018,6.306306306306306,18.91891891891892,17.117117117117118,8.108108108108109,5.714285714285714,13.942307692307693,22.52252252252252,3.6363636363636362,81.08108108108108,38.73873873873874,50.45045045045045,11.036036036036036,7.8502662877662885,11.422331422331423,46.246246246246244,50.45045045045045
Austin Hubbard,Men’s Lightweight,8,101.5,1.0,4.216748768472907,10.600985221674877,4.945812807881773,-0.7290640394088665,0.39776951672862454,0.5360443622920518,0.0,0.0,2.0689655172413794,0.25925925925925924,0.9444444444444444,0.1477832512315271,0.6423057128152342,0.3333333333333333,0.0514018691588785,0.07242990654205607,0.8761682242990654,30.630630630630627,13.513513513513514,59.45945945945946,17.117117117117118,80.18018018018019,31.428571428571427,93.26923076923077,45.94594594594595,67.27272727272727,81.08108108108108,62.612612612612615,71.17117117117117,30.18018018018018,68.03767741267741,64.46628446628448,67.71771771771772,71.17117117117117
James Llontop,Men’s Lightweight,3,34.55,1.0,5.846599131693199,15.19536903039074,5.065123010130247,0.7814761215629522,0.38476190476190475,0.5244565217391304,0.0,0.43415340086830684,0.0,0.0,0.25,0.0,0.46195652173913043,0.3333333333333333,0.0049504950495049506,0.07920792079207921,0.9158415841584159,73.87387387387388,10.81081081081081,54.95495495495496,17.117117117117118,8.108108108108109,5.714285714285714,3.3653846153846154,22.52252252252252,47.27272727272727,32.43243243243243,62.612612612612615,94.5945945945946,39.18918918918919,16.11512642762643,25.967785967785968,50.0,94.5945945945946
Kurt Holobaugh,Men’s Lightweight,8,82.96666666666667,1.0,5.002008838891121,11.112896745680995,4.7368421052631575,0.2651667336279635,0.45010845986984815,0.47669773635153134,0.1807955002008839,0.1807955002008839,0.7231820008035356,0.3076923076923077,0.3125,0.5423865006026517,0.2440347071583514,0.5,0.033734939759036145,0.14216867469879518,0.8240963855421687,54.95495495495496,31.53153153153153,27.927927927927925,41.44144144144144,35.13513513513514,41.904761904761905,5.769230769230769,74.77477477477478,21.818181818181817,54.95495495495495,47.2972972972973,81.08108108108108,38.96396396396396,26.156827406827407,43.90936390936391,43.39339339339339,81.08108108108108
Dricus Du Plessis,Men’s Middleweight,8,148.71666666666664,1.0,4.989353356494453,10.308192312002692,4.236243415891517,0.7531099406029362,0.4840182648401826,0.5431472081218274,0.2017258769472151,0.0,2.017258769472151,0.5882352941176471,0.48275862068965514,0.7060405693152528,0.36687370600414076,0.0,0.0889487870619946,0.06873315363881402,0.8423180592991913,66.27906976744185,43.02325581395349,72.09302325581395,45.348837209302324,72.09302325581395,83.75,30.864197530864196,76.74418604651163,26.744186046511626,83.72093023255815,84.88372093023257,77.90697674418605,56.6860465116279,53.36285170829744,58.52713178294573,80.23255813953489,77.90697674418605
Brendan Allen,Men’s Middleweight,8,120.28333333333333,1.0,3.6580296522100597,7.099903006789525,3.699598170985174,-0.04156851877511425,0.5152224824355972,0.4867358708189158,0.12470555632534294,0.0,1.7458777885548011,0.3783783783783784,0.6111111111111112,0.6235277816267146,0.5959928988080142,0.0,0.13863636363636364,0.07727272727272727,0.7840909090909091,53.48837209302325,60.46511627906976,40.69767441860465,34.883720930232556,66.27906976744185,51.24999999999999,48.148148148148145,68.6046511627907,59.30232558139535,83.72093023255815,84.88372093023257,45.348837209302324,47.38372093023255,56.244885874246336,64.72868217054264,69.76744186046513,45.348837209302324
Sean Strickland,Men’s Middleweight,8,171.71666666666667,1.0,6.4990779384645245,14.43074832573037,5.002426477724934,1.4966514607395904,0.45036319612590797,0.5565307176045431,0.2620595942929244,0.0,0.08735319809764146,0.5,0.43333333333333335,0.0,0.42805755395683454,0.0,0.025985663082437275,0.021505376344086023,0.9525089605734767,80.23255813953489,22.093023255813954,80.23255813953489,51.162790697674424,18.6046511627907,75.0,25.925925925925924,23.837209302325583,39.53488372093023,83.72093023255815,84.88372093023257,95.34883720930233,58.43023255813954,39.76636520241171,27.325581395348838,82.94573643410854,95.34883720930233
Kamaru Usman,Men’s Middleweight,8,155.66666666666666,1.0,3.635974304068523,7.760171306209851,3.700214132762313,-0.06423982869379019,0.4685430463576159,0.5068493150684932,0.4817987152034261,0.09635974304068523,1.5417558886509637,0.3137254901960784,0.8529411764705882,0.0,0.7368610511159107,0.25,0.15371024734982333,0.09187279151943463,0.7544169611307421,52.32558139534884,32.55813953488372,56.97674418604651,72.09302325581395,61.627906976744185,40.0,76.5432098765432,23.837209302325583,74.4186046511628,66.27906976744187,66.27906976744187,53.48837209302325,53.48837209302326,63.14743037611255,53.29457364341085,63.178294573643406,53.48837209302325
Khamzat Chimaev,Men’s Middleweight,8,89.33333333333333,1.0,3.503731343283582,6.895522388059702,3.279850746268657,0.22388059701492535,0.5081168831168831,0.5204582651391162,0.3358208955223881,0.0,5.373134328358209,0.5714285714285714,0.875,1.1753731343283582,0.9202092871157619,0.0,0.25559105431309903,0.04153354632587859,0.7028753993610224,63.95348837209303,58.139534883720934,60.46511627906976,54.65116279069767,96.51162790697676,81.25,79.62962962962963,88.37209302325581,93.02325581395348,83.72093023255815,84.88372093023257,41.86046511627907,59.302325581395344,87.60362833763996,92.6356589147287,76.35658914728684,41.86046511627907
Nassourdine Imavov,Men’s Middleweight,8,135.13333333333333,1.0,4.277257030093735,7.873704982733104,3.507646768623582,0.7696102614701532,0.543233082706767,0.5945252352437982,0.22200296003946718,0.0,0.7770103601381352,0.3888888888888889,0.88,0.44400592007893436,0.3932107496463932,0.0,0.10034602076124567,0.11937716262975778,0.7802768166089965,67.44186046511628,72.09302325581395,91.86046511627907,47.674418604651166,41.86046511627907,52.5,81.48148148148148,62.7906976744186,32.55813953488372,83.72093023255815,84.88372093023257,55.81395348837209,69.76744186046511,52.10002153316107,45.736434108527135,86.82170542635659,55.81395348837209
Gregory Rodrigues,Men’s Middleweight,8,68.33333333333333,1.0,5.048780487804878,10.419512195121952,3.980487804878049,1.0682926829268289,0.4845505617977528,0.5054545454545454,0.8780487804878049,0.6585365853658537,1.5365853658536586,0.25925925925925924,0.625,0.21951219512195122,0.7474275023386342,1.0,0.02608695652173913,0.10144927536231885,0.8724637681159421,74.4186046511628,45.348837209302324,54.65116279069767,80.23255813953489,60.46511627906976,28.749999999999996,51.23456790123457,51.162790697674424,75.5813953488372,27.906976744186046,12.790697674418604,79.06976744186046,63.66279069767442,54.00776988228539,62.4031007751938,31.782945736434105,79.06976744186046
Caio Borralho,Men’s Middleweight,8,124.98333333333332,1.0,3.424456594212562,6.272836378183759,2.8323776503533806,0.5920789438591814,0.5459183673469388,0.5945017182130584,0.3600480064008535,0.0,1.0801440192025604,0.42857142857142855,0.7647058823529411,0.4800640085344713,0.7302513464991023,0.0,0.10514018691588785,0.037383177570093455,0.8574766355140186,65.11627906976744,73.25581395348837,90.69767441860465,58.139534883720934,47.674418604651166,58.75,71.60493827160494,63.95348837209303,73.25581395348837,83.72093023255815,84.88372093023257,32.55813953488372,71.80232558139535,62.821292707436115,61.62790697674419,86.4341085271318,32.55813953488372
Joe Pyfer,Men’s Middleweight,8,71.73333333333333,1.0,3.5269516728624537,8.155204460966543,3.3317843866171004,0.1951672862453533,0.4324786324786325,0.5267326732673268,1.0455390334572492,0.0,1.254646840148699,0.25,0.6666666666666667,0.8364312267657993,0.5520094562647754,0.0,0.12648221343873517,0.02766798418972332,0.8458498023715415,61.627906976744185,15.11627906976744,65.11627906976744,86.04651162790698,54.65116279069767,26.875,56.79012345679012,80.23255813953489,53.48837209302325,83.72093023255815,84.88372093023257,60.46511627906976,56.97674418604652,47.95116458512776,62.7906976744186,77.90697674418605,60.46511627906976
Vicente Luque,Men’s Middleweight,8,96.35,1.0,3.549558899844318,7.991696938245979,4.618578100674624,-1.0690192008303057,0.44415584415584414,0.49660633484162897,0.15568240788790866,0.3113648157758173,1.2454592631032693,0.47058823529411764,0.5217391304347826,0.3113648157758173,0.4006669842782277,0.6,0.029239766081871343,0.04678362573099415,0.9239766081871345,22.093023255813954,18.6046511627907,47.674418604651166,39.53488372093023,53.48837209302325,68.75,35.18518518518518,54.65116279069767,34.883720930232556,51.16279069767442,46.51162790697675,59.30232558139535,31.97674418604651,48.07681955211025,47.67441860465116,48.44961240310078,59.30232558139535
Anthony Hernandez,Men’s Middleweight,8,113.78333333333333,1.0,4.499780284165812,7.241833894829354,2.6805331770909624,1.8192471070748497,0.6213592233009708,0.5249221183800623,0.0,0.13182950051267028,6.327816024608174,0.46601941747572817,0.6,1.5819540061520434,0.8826185101580135,1.0,0.45703125,0.10546875,0.4375,81.3953488372093,88.37209302325581,62.7906976744186,16.86046511627907,100.0,67.5,46.2962962962963,94.18604651162791,91.86046511627907,63.95348837209302,12.790697674418604,47.674418604651166,62.354651162790695,76.41419035314385,95.34883720930232,46.51162790697674,47.674418604651166
Christian Leroy Duncan,Men’s Middleweight,8,95.23333333333332,1.0,4.588729436471824,7.864893244662234,2.2891144557227863,2.2996149807490376,0.5834445927903872,0.5448851774530271,0.3150157507875394,0.0,0.3150157507875394,0.14285714285714285,0.5757575757575757,0.0,0.402526459542506,0.0,0.06636155606407322,0.2036613272311213,0.7299771167048055,89.53488372093024,83.72093023255815,74.4186046511628,53.48837209302325,24.418604651162788,15.625,44.44444444444444,23.837209302325583,36.04651162790697,83.72093023255815,84.88372093023257,54.65116279069767,75.29069767441861,30.13364018087855,28.100775193798444,81.00775193798451,54.65116279069767
Israel Adesanya,Men’s Middleweight,8,139.8,1.0,4.155937052932761,8.984263233190271,4.055793991416309,0.10014306151645247,0.4625796178343949,0.4807692307692307,0.21459227467811157,0.21459227467811157,0.10729613733905578,0.125,0.6857142857142857,0.0,0.30029585798816566,0.8,0.013769363166953529,0.0189328743545611,0.9672977624784854,56.97674418604651,27.906976744186046,37.2093023255814,46.51162790697674,19.767441860465116,13.750000000000002,60.49382716049383,23.837209302325583,22.093023255813954,56.97674418604651,29.06976744186047,68.6046511627907,42.151162790697676,29.026073069193224,21.89922480620155,41.08527131782946,68.6046511627907
Bo Nickal,Men’s Middleweight,7,51.016666666666666,1.0,3.351845802025482,5.449199607971251,1.999346618752042,1.35249918327344,0.6151079136690647,0.6,0.8820646847435479,0.29402156158118264,2.352172492649461,0.5,1.0,1.470107807905913,0.8419753086419753,1.0,0.12280701754385964,0.07602339181286549,0.8011695906432749,77.90697674418605,87.20930232558139,93.6046511627907,81.3953488372093,77.90697674418605,75.0,94.44444444444444,93.02325581395348,87.20930232558139,53.48837209302325,12.790697674418604,20.930232558139537,85.02906976744185,83.64018087855298,86.04651162790698,53.29457364341085,20.930232558139537
Shara Magomedov,Men’s Middleweight,7,97.31666666666668,1.0,5.548895358794313,8.83712964548724,3.617057715362219,1.931837643432094,0.627906976744186,0.4542635658914729,0.30827196437746185,0.15413598218873092,0.0,0.0,0.7333333333333334,0.0,0.10569105691056911,0.0,0.05925925925925926,0.1425925925925926,0.7981481481481482,84.88372093023256,89.53488372093024,25.581395348837212,52.32558139534884,9.30232558139535,6.25,67.90123456790124,23.837209302325583,6.976744186046512,61.627906976744185,84.88372093023257,67.44186046511628,63.08139534883722,22.607576083835777,13.372093023255815,57.36434108527133,67.44186046511628
Ikram Aliskerov,Men’s Middleweight,6,41.0,1.0,5.682926829268292,9.365853658536585,3.8048780487804876,1.8780487804878048,0.6067708333333334,0.45833333333333337,1.097560975609756,0.36585365853658536,3.6585365853658534,0.7692307692307693,1.0,0.36585365853658536,0.9698231009365245,1.0,0.1630901287553648,0.02145922746781116,0.8154506437768241,82.55813953488372,86.04651162790698,27.906976744186046,89.53488372093024,91.86046511627907,90.0,94.44444444444444,59.30232558139535,97.67441860465115,44.18604651162791,12.790697674418604,73.25581395348837,71.51162790697674,93.49483204134367,82.94573643410853,28.294573643410857,73.25581395348837
Ateba Gautier,Men’s Middleweight,5,27.550000000000004,1.0,3.992740471869328,10.635208711433755,3.049001814882032,0.9437386569872959,0.37542662116040953,0.5384615384615384,3.2667876588021776,0.0,0.5444646098003629,1.0,1.0,0.0,0.06756756756756757,0.0,0.045454545454545456,0.10909090909090909,0.8454545454545455,70.93023255813954,5.813953488372093,69.76744186046511,96.51162790697676,32.55813953488372,96.875,94.44444444444444,23.837209302325583,4.651162790697675,83.72093023255815,84.88372093023257,80.23255813953489,60.75581395348837,57.13218669250646,20.348837209302328,79.45736434108528,80.23255813953489
JunYong Park,Men’s Middleweight,8,96.9,1.0,4.613003095975232,8.555211558307533,3.8183694530443755,0.7946336429308567,0.5392038600723763,0.5046854082998662,0.15479876160990713,0.0,1.0835913312693497,0.30434782608695654,0.5714285714285714,1.0835913312693497,0.5207584177835894,0.0,0.09395973154362416,0.06935123042505593,0.8366890380313199,68.6046511627907,69.76744186046511,53.48837209302325,38.372093023255815,48.837209302325576,37.5,43.20987654320987,86.04651162790698,48.837209302325576,83.72093023255815,84.88372093023257,63.95348837209303,57.55813953488372,44.59607378696525,61.24031007751938,74.03100775193799,63.95348837209303
Nursulton Ruziboev,Men’s Middleweight,6,44.099999999999994,1.0,2.3809523809523814,5.124716553287983,2.6757369614512476,-0.29478458049886624,0.4646017699115044,0.49356223175965663,1.0204081632653061,0.34013605442176875,1.360544217687075,0.8,0.33333333333333337,0.34013605442176875,0.39812206572769954,0.0,0.20952380952380953,0.0761904761904762,0.7142857142857143,46.51162790697674,30.23255813953488,44.18604651162791,84.88372093023256,55.81395348837209,91.25,13.580246913580247,55.81395348837209,33.72093023255814,46.51162790697675,84.88372093023257,17.441860465116278,51.45348837209302,48.59128265862762,48.449612403100765,58.52713178294575,17.441860465116278
Roman Dolidze,Men’s Middleweight,8,126.85,1.0,3.4371304690579425,8.632242806464328,4.651162790697675,-1.2140323216397322,0.39817351598173517,0.45269016697588127,0.0,0.11824990145841546,0.5912495072920773,0.3333333333333333,0.3125,0.3547497043752464,0.6340956340956341,0.25,0.13302752293577982,0.0389908256880734,0.8279816513761468,19.767441860465116,8.13953488372093,24.418604651162788,16.86046511627907,33.72093023255814,45.0,9.876543209876543,56.97674418604651,62.7906976744186,65.11627906976744,66.27906976744187,65.11627906976744,17.296511627906977,37.847042779213325,51.16279069767442,51.937984496124024,65.11627906976744
Jacob Malkoun,Men’s Middleweight,8,99.9,1.0,4.244244244244244,7.4474474474474475,2.2622622622622623,1.9819819819819813,0.5698924731182796,0.55859375,0.15015015015015015,0.0,5.405405405405405,0.42857142857142855,0.5555555555555556,0.7507507507507507,0.8359260346345758,0.0,0.27358490566037735,0.03773584905660377,0.6886792452830188,87.20930232558139,81.3953488372093,82.55813953488372,37.2093023255814,97.67441860465115,58.75,39.50617283950617,77.90697674418605,86.04651162790698,83.72093023255815,84.88372093023257,51.162790697674424,72.09302325581395,70.49427576801608,87.20930232558139,83.72093023255815,51.162790697674424
Edmen Shahbazyan,Men’s Middleweight,8,71.0,1.0,4.704225352112676,9.788732394366198,3.676056338028169,1.028169014084507,0.4805755395683453,0.532258064516129,0.8450704225352113,0.0,0.4225352112676056,0.3333333333333333,0.7105263157894737,0.2112676056338028,0.37333333333333335,0.6666666666666666,0.16467065868263472,0.08982035928143713,0.7455089820359282,73.25581395348837,40.69767441860465,68.6046511627907,79.06976744186046,30.23255813953488,45.0,62.96296296296296,50.0,29.069767441860467,83.72093023255815,41.27906976744186,76.74418604651163,65.40697674418604,41.81632213608958,36.43410852713178,64.53488372093024,76.74418604651163
Abus Magomedov,Men’s Middleweight,8,78.06666666666666,1.0,3.061485909479078,6.289496157130658,3.343296327924851,-0.2818104184457728,0.48676171079429736,0.5642737896494157,0.3842869342442357,0.5764304013663536,2.497865072587532,0.5909090909090909,1.0,0.5764304013663536,0.7707006369426752,0.6666666666666666,0.100418410041841,0.03347280334728033,0.8661087866108786,47.674418604651166,50.0,86.04651162790698,62.7906976744186,81.3953488372093,85.0,94.44444444444444,67.44186046511628,77.90697674418605,34.88372093023256,41.27906976744186,33.72093023255814,61.627906976744185,84.68669250645995,75.5813953488372,54.06976744186047,33.72093023255814
Reinier de Ridder,Men’s Middleweight,6,82.13333333333334,1.0,2.4715909090909087,5.0892857142857135,2.362012987012987,0.10957792207792183,0.48564593301435405,0.46849315068493147,0.36525974025974023,0.18262987012987011,2.5568181818181817,0.2916666666666667,0.4,0.5478896103896104,0.5785123966942148,0.5,0.08866995073891626,0.15270935960591134,0.7586206896551724,59.30232558139535,47.674418604651166,30.23255813953488,59.30232558139535,83.72093023255815,33.75,20.37037037037037,65.11627906976744,58.139534883720934,59.302325581395344,53.48837209302325,16.27906976744186,49.127906976744185,48.99520887166236,68.9922480620155,47.67441860465116,16.27906976744186
Michel Pereira,Men’s Middleweight,8,71.1,1.0,3.0942334739803097,6.779184247538678,5.119549929676513,-2.025316455696203,0.45643153526970953,0.388235294117647,0.4219409282700422,0.2109704641350211,0.4219409282700422,0.4,0.6666666666666667,0.6329113924050633,0.2663582286847323,0.5,0.10909090909090909,0.07727272727272727,0.8136363636363636,10.465116279069768,25.581395348837212,12.209302325581394,67.44186046511628,29.069767441860467,53.75,56.79012345679012,70.93023255813954,19.767441860465116,58.13953488372093,53.48837209302325,37.2093023255814,28.924418604651162,39.84433318977892,39.922480620155035,41.279069767441854,37.2093023255814
Roman Kopylov,Men’s Middleweight,8,98.65,1.0,4.541307653319818,9.062341611758743,5.625950329447542,-1.0846426761277241,0.5011185682326622,0.5,1.0643689812468322,0.15205271160669032,1.3684744044602128,0.5,0.8846153846153846,0.0,0.6867686768676867,0.3333333333333333,0.05133928571428571,0.03125,0.9174107142857143,20.930232558139537,56.97674418604651,51.162790697674424,88.37209302325581,58.139534883720934,75.0,83.9506172839506,23.837209302325583,69.76744186046511,62.7906976744186,62.7906976744186,70.93023255813954,54.360465116279066,71.71439850703416,50.58139534883721,58.91472868217054,70.93023255813954
Jared Cannonier,Men’s Middleweight,8,161.91666666666666,1.0,4.644364384971693,9.541945445187855,5.224909933093155,-0.5805455481214619,0.4867313915857605,0.5061295971978984,0.18528049408131755,0.27792074112197634,1.204323211528564,0.4482758620689655,0.6153846153846154,0.0,0.812360053739364,0.2,0.047872340425531915,0.10106382978723404,0.851063829787234,39.53488372093023,48.837209302325576,55.81395348837209,44.18604651162791,51.162790697674424,65.0,49.382716049382715,23.837209302325583,82.55813953488372,54.651162790697676,68.6046511627907,75.5813953488372,47.09302325581396,62.02591157048522,52.519379844961236,59.68992248062016,75.5813953488372
Cam Rowston,Men’s Middleweight,3,26.816666666666666,1.0,5.518955873213176,11.37352392790553,1.9763828464885023,3.542573026724673,0.4852459016393443,0.5391304347826087,0.5593536357986327,0.0,1.678060907395898,0.42857142857142855,1.0,0.0,0.9697732997481109,0.0,0.4594594594594595,0.05405405405405406,0.4864864864864865,95.34883720930233,46.51162790697674,70.93023255813954,73.25581395348837,65.11627906976744,58.75,94.44444444444444,23.837209302325583,96.51162790697676,83.72093023255815,84.88372093023257,88.37209302325581,71.51162790697674,78.70558785529715,61.821705426356594,79.8449612403101,88.37209302325581
Baisangur Susurkaev,Men’s Middleweight,3,32.85,1.0,5.966514459665144,11.050228310502282,4.657534246575342,1.3089802130898018,0.5399449035812672,0.5909090909090908,0.45662100456621,0.0,2.28310502283105,0.2631578947368421,1.0,0.91324200913242,0.7510668563300142,0.0,0.09693877551020408,0.07653061224489796,0.826530612244898,76.74418604651163,70.93023255813954,89.53488372093024,70.93023255813954,76.74418604651163,30.0,94.44444444444444,81.3953488372093,76.74418604651163,83.72093023255815,84.88372093023257,83.72093023255815,77.03488372093024,69.48320413436693,78.29457364341086,86.04651162790698,83.72093023255815
Kelvin Gastelum,Men’s Middleweight,8,125.85,1.0,3.678982916170044,9.129916567342073,4.568931267381804,-0.8899483512117601,0.40295909486510006,0.5468873128447597,0.11918951132300358,0.4767580452920143,0.7151370679380216,0.2727272727272727,0.44999999999999996,0.0,0.3578154425612053,0.4,0.02591792656587473,0.03023758099352052,0.9438444924406048,26.744186046511626,11.627906976744185,75.5813953488372,33.72093023255814,39.53488372093023,31.25,27.160493827160494,23.837209302325583,25.581395348837212,40.697674418604656,59.883720930232556,72.09302325581395,36.91860465116279,30.88169322423198,29.65116279069768,58.72093023255814,72.09302325581395
Brunno Ferreira,Men’s Middleweight,8,67.81666666666666,1.0,3.0081101007618583,6.252150405505039,3.5979356107151634,-0.5898255099533052,0.4811320754716981,0.5252918287937743,0.4423691324649791,0.22118456623248955,1.1059228311624478,0.25,0.5,0.6635536986974687,0.22830665543386688,0.6666666666666666,0.0392156862745098,0.0392156862745098,0.9215686274509803,38.372093023255815,41.86046511627907,63.95348837209303,69.76744186046511,50.0,26.875,33.33333333333333,73.25581395348837,16.27906976744186,55.81395348837209,41.27906976744186,31.3953488372093,53.48837209302326,31.6218507751938,46.51162790697674,53.68217054263565,31.3953488372093
Michal Oleksiejczuk,Men’s Middleweight,8,46.13333333333334,1.0,7.196531791907513,12.745664739884392,5.158959537572254,2.0375722543352595,0.564625850340136,0.5567970204841713,0.6502890173410404,0.3251445086705202,1.625722543352601,0.45454545454545453,1.0,0.0,0.8159090909090909,0.75,0.18072289156626506,0.02710843373493976,0.7921686746987951,88.37209302325581,77.90697674418605,81.3953488372093,75.5813953488372,63.95348837209303,66.25,94.44444444444444,23.837209302325583,83.72093023255815,48.837209302325576,34.88372093023256,94.18604651162791,80.81395348837209,77.09221576227391,57.170542635658926,55.03875968992248,94.18604651162791
Ismail Naurdiev,Men’s Middleweight,7,91.43333333333334,1.0,3.663871673350346,6.9340138534451325,1.7499088589135983,1.9139628144367478,0.5283911671924291,0.6491228070175439,0.16405395552314983,0.0,1.4764855997083486,0.4090909090909091,0.7317073170731707,0.16405395552314983,0.3548278190411884,0.0,0.09850746268656717,0.10746268656716418,0.7940298507462686,83.72093023255815,67.44186046511628,98.83720930232558,41.86046511627907,59.30232558139535,55.00000000000001,66.66666666666666,47.674418604651166,24.418604651162788,83.72093023255815,84.88372093023257,43.02325581395349,72.96511627906978,51.3468992248062,43.79844961240311,89.14728682170544,43.02325581395349
Eryk Anders,Men’s Middleweight,8,84.7,1.0,3.8606847697756788,7.969303423848878,4.1676505312868946,-0.3069657615112158,0.48444444444444446,0.48914616497829233,0.1770956316410862,0.8854781582054309,2.479338842975207,0.20588235294117646,0.875,0.0,0.8192263500574493,0.5,0.22324159021406728,0.28440366972477066,0.4923547400611621,45.348837209302324,44.18604651162791,41.86046511627907,43.02325581395349,80.23255813953489,25.0,79.62962962962963,23.837209302325583,84.88372093023256,19.76744186046512,53.48837209302325,58.139534883720934,43.604651162790695,67.43647717484927,62.98449612403101,38.372093023255815,58.139534883720934
Yousri Belgaroui,Men’s Middleweight,2,24.566666666666666,1.0,7.978290366350068,11.967435549525101,1.6282225237449117,6.350067842605156,0.6666666666666666,0.708029197080292,1.2211668928086838,0.0,0.6105834464043419,1.0,0.5625,0.0,0.23349056603773585,0.0,0.030612244897959183,0.10714285714285714,0.8622448979591837,98.83720930232558,92.44186046511628,100.0,91.86046511627907,34.883720930232556,96.875,40.74074074074074,23.837209302325583,17.441860465116278,83.72093023255815,84.88372093023257,90.69767441860465,95.78488372093022,47.485330534022395,25.387596899224803,89.53488372093024,90.69767441860465
Damian Pinas,Men’s Middleweight,2,7.233333333333333,1.0,5.529953917050691,7.741935483870968,5.529953917050691,0.0,0.7142857142857143,0.3650793650793651,6.221198156682028,0.0,0.0,0.0,0.8571428571428572,0.0,0.46017699115044247,0.0,0.175,0.025,0.8,55.23255813953488,97.67441860465115,9.30232558139535,98.83720930232558,9.30232558139535,6.25,77.77777777777779,23.837209302325583,45.348837209302324,83.72093023255815,84.88372093023257,52.32558139534884,65.26162790697674,34.66973514211887,26.16279069767442,59.30232558139536,52.32558139534884
Mansur Abdul-Malik,Men’s Middleweight,5,36.53333333333333,1.0,2.7645985401459856,6.624087591240876,4.324817518248175,-1.5602189781021898,0.41735537190082644,0.4357142857142857,0.41058394160583944,0.8211678832116789,2.052919708029197,0.4166666666666667,0.9,0.41058394160583944,0.5498154981549815,1.0,0.40594059405940597,0.15841584158415842,0.43564356435643564,13.953488372093023,12.790697674418606,22.093023255813954,66.27906976744185,74.4186046511628,56.25,85.18518518518519,60.46511627906976,52.32558139534884,20.93023255813953,12.790697674418604,34.883720930232556,28.77906976744186,67.04484280792421,62.4031007751938,18.604651162790695,34.883720930232556
Ryan Gandra,Men’s Middleweight,2,1.9333333333333333,1.0,12.413793103448276,25.344827586206897,2.586206896551724,9.827586206896552,0.4897959183673469,0.6153846153846154,15.517241379310345,0.0,0.0,,,0.0,1.0,0.0,0.25,0.0,0.75,100.0,51.162790697674424,95.34883720930233,100.0,9.30232558139535,,,23.837209302325583,99.4186046511628,83.72093023255815,84.88372093023257,100.0,86.62790697674419,54.36046511627907,44.1860465116279,87.98449612403101,100.0
Donte Johnson,Men’s Middleweight,2,21.416666666666668,1.0,2.5680933852140075,5.78988326848249,1.6809338521400776,0.8871595330739299,0.4435483870967742,0.6363636363636364,0.0,0.0,2.1011673151750974,1.0,0.75,0.7003891050583657,0.5070422535211268,0.0,0.2,0.10909090909090909,0.6909090909090909,69.76744186046511,17.441860465116278,97.67441860465115,16.86046511627907,75.5813953488372,96.875,69.75308641975309,75.5813953488372,47.674418604651166,83.72093023255815,84.88372093023257,26.744186046511626,50.4360465116279,72.47097509331036,66.27906976744185,88.75968992248062,26.744186046511626
Marvin Vettori,Men’s Middleweight,8,160.0,1.0,5.3,11.35,6.0875,-0.7875000000000005,0.4669603524229075,0.4929724102030193,0.0,0.0,0.65625,0.28,0.5238095238095238,0.0,0.6712887438825449,0.0,0.008254716981132075,0.045990566037735846,0.9457547169811321,29.069767441860467,31.3953488372093,43.02325581395349,16.86046511627907,38.372093023255815,32.5,37.65432098765432,23.837209302325583,67.44186046511628,83.72093023255815,84.88372093023257,87.20930232558139,30.087209302325583,43.9920686190066,43.21705426356589,70.54263565891473,87.20930232558139
Andre Muniz,Men’s Middleweight,8,71.15,1.0,2.0238931834153195,4.539704848910752,2.7828531271960646,-0.758959943780745,0.4458204334365325,0.5285714285714286,0.0,0.4216444132115249,4.638088545326774,0.5365853658536586,0.33333333333333337,0.6324666198172874,0.6722173531989483,1.0,0.10416666666666667,0.027777777777777776,0.8680555555555556,31.3953488372093,19.767441860465116,66.27906976744185,16.86046511627907,94.18604651162791,80.0,13.580246913580247,69.76744186046511,68.6046511627907,41.860465116279066,12.790697674418604,15.11627906976744,33.575581395348834,64.09273614699973,77.51937984496124,40.310077519379846,15.11627906976744
Andre Petroski,Men’s Middleweight,8,75.16666666666666,1.0,2.0221729490022176,4.416851441241685,2.993348115299335,-0.9711751662971175,0.4578313253012048,0.5171673819742489,0.0,0.7982261640798227,1.9955654101995568,0.5,0.9333333333333333,0.19955654101995568,0.8590410167533218,0.8,0.05921052631578947,0.019736842105263157,0.9210526315789473,23.25581395348837,26.744186046511626,59.30232558139535,16.86046511627907,69.76744186046511,75.0,87.65432098765432,48.837209302325576,90.69767441860465,22.093023255813954,29.06976744186047,12.790697674418606,31.540697674418606,80.77985931668103,69.76744186046511,36.821705426356594,12.790697674418606
Brad Tavares,Men’s Middleweight,8,101.21666666666667,1.0,4.01119710192656,8.486744607278116,4.781821175695702,-0.7706240737691425,0.47264260768335276,0.49583333333333335,0.14819693726329655,0.2963938745265931,0.14819693726329655,0.2,0.8222222222222222,0.0,0.1408811475409836,0.5,0.017241379310344827,0.07881773399014778,0.9039408866995073,30.23255813953488,36.04651162790697,45.348837209302324,36.04651162790697,20.930232558139537,22.5,74.07407407407408,23.837209302325583,11.627906976744185,52.32558139534884,53.48837209302325,61.627906976744185,36.91860465116279,32.283053402239446,18.7984496124031,50.3875968992248,61.627906976744185
Chris Weidman,Men’s Middleweight,8,80.66666666666666,1.0,3.285123966942149,7.090909090909092,3.7561983471074383,-0.47107438016528924,0.4632867132867133,0.4829351535836177,0.37190082644628103,0.5578512396694215,2.7892561983471076,0.3191489361702128,0.7142857142857143,0.5578512396694215,0.7947198275862069,0.8,0.13584905660377358,0.0830188679245283,0.7811320754716982,43.02325581395349,29.069767441860467,38.372093023255815,61.627906976744185,87.20930232558139,41.25,64.81481481481481,66.27906976744185,80.23255813953489,36.04651162790697,29.06976744186047,44.18604651162791,43.02325581395349,68.37666881998277,77.90697674418605,34.49612403100775,44.18604651162791
Cezary Oleksiejczuk,Men’s Middleweight,1,15.0,1.0,0.9333333333333333,1.2666666666666666,0.8,0.1333333333333333,0.7368421052631579,0.4,0.0,0.0,6.0,0.8571428571428571,,0.0,0.9588068181818182,0.0,0.21428571428571427,0.07142857142857142,0.7142857142857143,60.46511627906976,98.83720930232558,13.953488372093023,16.86046511627907,98.83720930232558,92.5,,23.837209302325583,95.34883720930233,83.72093023255815,84.88372093023257,2.3255813953488373,47.52906976744186,95.56201550387595,72.67441860465117,60.85271317829458,2.3255813953488373
Luis Felipe Dias,Men’s Middleweight,1,3.6666666666666665,1.0,5.7272727272727275,10.90909090909091,2.7272727272727275,3.0,0.525,0.6,4.090909090909092,0.0,0.0,,,0.0,1.0,0.0,0.14285714285714285,0.0,0.8571428571428571,93.02325581395348,66.27906976744185,93.6046511627907,97.67441860465115,9.30232558139535,,,23.837209302325583,99.4186046511628,83.72093023255815,84.88372093023257,82.55813953488372,87.6453488372093,54.36046511627907,44.1860465116279,87.4031007751938,82.55813953488372
Marco Tulio,Men’s Middleweight,3,26.333333333333332,1.0,8.278481012658228,14.772151898734178,3.189873417721519,5.0886075949367084,0.5604113110539846,0.5778894472361809,1.708860759493671,1.708860759493671,0.0,,0.0,0.0,0.30131004366812225,0.0,0.07339449541284404,0.022935779816513763,0.9036697247706422,97.67441860465115,76.74418604651163,88.37209302325581,94.18604651162791,9.30232558139535,,4.938271604938271,23.837209302325583,23.25581395348837,8.139534883720936,84.88372093023257,96.51162790697676,89.24418604651163,12.498803713273995,18.7984496124031,60.465116279069775,96.51162790697676
Mantas Kondratavicius,Men’s Middleweight,1,15.0,1.0,5.0,7.133333333333334,1.1333333333333333,3.8666666666666667,0.7009345794392523,0.5641025641025641,1.0,0.0,2.0,0.5,0.9166666666666666,1.0,0.547085201793722,0.0,0.21333333333333335,0.22666666666666666,0.56,96.51162790697676,96.51162790697676,84.88372093023256,83.72093023255815,70.93023255813954,75.0,86.41975308641975,83.72093023255815,51.162790697674424,83.72093023255815,84.88372093023257,46.51162790697674,90.40697674418605,70.87819408555843,68.60465116279072,84.49612403100775,46.51162790697674
Rodolfo Vieira,Men’s Middleweight,8,95.56666666666666,1.0,3.787931635856296,6.811998604813394,4.520404604115801,-0.732472968259505,0.5560675883256528,0.49942062572421786,0.1569584931984653,0.3139169863969306,2.0404604115800486,0.1625,0.6,0.7847924659923265,0.8489892984542212,0.25,0.019337016574585635,0.049723756906077346,0.930939226519337,32.55813953488372,75.5813953488372,48.837209302325576,40.69767441860465,73.25581395348837,20.0,46.2962962962963,79.06976744186046,88.37209302325581,49.99999999999999,66.27906976744187,38.372093023255815,49.418604651162795,56.98105081826012,80.23255813953489,55.03875968992247,38.372093023255815
Zachary Reese,Men’s Middleweight,4,33.91666666666667,1.0,4.127764127764127,7.9017199017199005,2.683046683046683,1.4447174447174445,0.5223880597014925,0.48,0.0,0.0,3.095823095823095,0.5833333333333334,0.6470588235294117,0.4422604422604422,0.448559670781893,1.0,0.19285714285714287,0.07142857142857142,0.7357142857142858,79.06976744186046,62.7906976744186,34.883720930232556,16.86046511627907,88.37209302325581,82.5,53.086419753086425,61.627906976744185,43.02325581395349,83.72093023255815,12.790697674418604,56.97674418604651,48.401162790697676,66.74544214757394,64.34108527131782,43.7984496124031,56.97674418604651
Eric McConico,Men’s Middleweight,4,47.18333333333333,1.0,2.9247615683504065,6.231013776050866,3.051925114800424,-0.1271635464500176,0.46938775510204084,0.45660377358490567,0.0,1.2716354645001766,0.6358177322500883,1.0,0.6896551724137931,0.0,0.28766086298258897,1.0,0.0,0.2318840579710145,0.7681159420289855,51.162790697674424,33.72093023255814,26.744186046511626,16.86046511627907,36.04651162790697,96.875,61.72839506172839,23.837209302325583,20.930232558139537,12.790697674418604,12.790697674418604,29.069767441860467,32.122093023255815,53.89503481194373,26.93798449612403,17.441860465116278,29.069767441860467
Wes Schultz,Men’s Middleweight,2,14.333333333333334,1.0,1.0465116279069766,2.093023255813953,1.8837209302325582,-0.8372093023255816,0.5,0.3076923076923077,1.0465116279069768,2.0930232558139537,0.0,0.0,0.0,5.232558139534884,0.17123287671232876,1.0,0.0,0.4,0.6,27.906976744186046,55.81395348837209,4.651162790697675,87.20930232558139,9.30232558139535,6.25,4.938271604938271,100.0,13.953488372093023,5.813953488372087,12.790697674418604,4.651162790697675,43.8953488372093,8.61102138960666,41.08527131782946,7.751937984496121,4.651162790697675
Torrez Finney,Men’s Middleweight,2,30.0,1.0,1.0333333333333334,2.8333333333333335,4.666666666666667,-3.6333333333333337,0.36470588235294116,0.36363636363636365,0.0,0.5,4.0,0.4444444444444444,0.75,0.0,0.710801393728223,0.0,0.0967741935483871,0.06451612903225806,0.8387096774193549,3.488372093023256,4.651162790697675,8.13953488372093,16.86046511627907,93.02325581395348,63.125,69.75308641975309,23.837209302325583,72.09302325581395,39.53488372093023,84.88372093023257,9.30232558139535,8.284883720930232,74.49859137238013,62.984496124031004,44.186046511627914,9.30232558139535
Kyle Daukaus,Men’s Middleweight,8,38.78333333333333,1.0,2.552642887838419,5.620971207563387,3.8418564675547917,-1.2892135797163728,0.4541284403669725,0.41796875,0.7735281478298239,1.5470562956596479,1.5470562956596479,0.15384615384615385,0.4285714285714286,2.3205844434894716,0.47117962466487934,0.75,0.1111111111111111,0.09090909090909091,0.797979797979798,16.27906976744186,24.418604651162788,18.6046511627907,76.74418604651163,62.7906976744186,17.5,24.074074074074073,96.51162790697676,46.51162790697674,9.302325581395346,34.88372093023256,24.418604651162788,34.01162790697674,37.71909991386735,68.60465116279069,20.930232558139537,24.418604651162788
Azamat Bekoev,Men’s Middleweight,4,30.166666666666668,1.0,4.574585635359115,8.751381215469612,6.828729281767956,-2.2541436464088402,0.5227272727272727,0.31333333333333335,1.4917127071823204,0.0,3.480662983425414,0.4375,0.625,0.0,0.6294478527607362,1.0,0.21014492753623187,0.13043478260869565,0.6594202898550725,9.30232558139535,63.95348837209303,5.813953488372093,93.02325581395348,89.53488372093024,61.25000000000001,51.23456790123457,23.837209302325583,61.627906976744185,83.72093023255815,12.790697674418604,66.27906976744185,43.02325581395348,65.91183964972726,58.333333333333336,34.10852713178295,66.27906976744185
Cesar Almeida,Men’s Middleweight,6,61.21666666666667,1.0,3.479444595698339,5.799074326163899,2.3196297304655595,1.1598148652327795,0.6,0.43200000000000005,0.24503130955622107,0.7350939286686632,0.24503130955622107,0.3333333333333333,0.48484848484848486,0.24503130955622107,0.10222868217054264,0.3333333333333333,0.0892018779342723,0.14084507042253522,0.7699530516431925,75.5813953488372,84.88372093023256,20.930232558139537,50.0,23.25581395348837,45.0,32.098765432098766,52.32558139534884,5.813953488372093,26.744186046511622,62.7906976744186,27.906976744186046,57.84883720930233,26.542133218489806,27.131782945736433,36.82170542635659,27.906976744186046
Danny Barlow,Men’s Middleweight,4,44.46666666666667,1.0,5.622188905547226,10.907046476761618,4.632683658170914,0.9895052473763117,0.5154639175257731,0.5231481481481481,0.3373313343328336,0.3373313343328336,0.0,0.0,1.0,0.0,0.41203703703703703,0.5,0.028,0.008,0.964,72.09302325581395,61.627906976744185,61.627906976744185,55.81395348837209,9.30232558139535,6.25,94.44444444444444,23.837209302325583,38.372093023255815,47.674418604651166,53.48837209302325,81.3953488372093,62.79069767441861,37.0922157622739,23.83720930232558,54.263565891472865,81.3953488372093
Tresean Gore,Men’s Middleweight,7,62.75000000000001,1.0,3.4103585657370514,6.852589641434262,6.996015936254979,-3.5856573705179278,0.49767441860465117,0.4067567567567567,0.0,0.9561752988047809,1.9123505976095618,0.7272727272727273,0.8387096774193549,0.9561752988047809,0.44299674267100975,0.5,0.0514018691588785,0.10747663551401869,0.8411214953271028,4.651162790697675,54.65116279069767,16.27906976744186,16.86046511627907,68.6046511627907,88.75,75.30864197530865,82.55813953488372,40.69767441860465,18.604651162790695,53.48837209302325,40.69767441860465,23.11046511627907,68.340241889176,63.95348837209303,29.45736434108527,40.69767441860465
Robert Valentin,Men’s Middleweight,5,29.583333333333332,1.0,1.1492957746478873,2.095774647887324,2.3661971830985915,-1.2169014084507042,0.5483870967741935,0.32692307692307687,0.0,0.5070422535211269,1.0140845070422537,0.6666666666666666,0.5217391304347826,2.535211267605634,0.2462046204620462,0.6666666666666666,0.17647058823529413,0.35294117647058826,0.47058823529411764,18.6046511627907,74.4186046511628,6.976744186046512,16.86046511627907,45.348837209302324,86.875,35.18518518518518,97.67441860465115,18.6046511627907,38.372093023255815,41.27906976744186,5.813953488372093,29.215116279069772,46.503418389319556,53.87596899224806,28.875968992248062,5.813953488372093
Gilbert Urbina,Men’s Middleweight,5,22.016666666666666,1.0,6.676760030280091,11.53671461014383,4.7236941710825135,1.9530658591975776,0.5787401574803149,0.4773869346733668,2.0439061317183955,2.0439061317183955,2.725208175624527,0.4444444444444444,0.0,0.6813020439061318,0.7961783439490446,1.0,0.3673469387755102,0.14965986394557823,0.48299319727891155,86.04651162790698,82.55813953488372,32.55813953488372,95.34883720930233,84.88372093023256,63.125,4.938271604938271,74.4186046511628,81.3953488372093,6.976744186046512,12.790697674418604,89.53488372093024,74.12790697674419,58.58558534309503,80.23255813953487,17.441860465116278,89.53488372093024
Robert Bryczek,Men’s Middleweight,3,41.71666666666667,1.0,2.8046344386735917,7.383140231721933,4.506592089492608,-1.7019576508190166,0.37987012987012986,0.5523809523809524,0.3595685177786656,0.3595685177786656,0.3595685177786656,1.0,0.7142857142857143,0.3595685177786656,0.12111801242236025,0.0,0.13675213675213677,0.09401709401709402,0.7692307692307693,11.627906976744185,6.976744186046512,77.90697674418605,56.97674418604651,26.744186046511626,96.875,64.81481481481481,58.139534883720934,8.13953488372093,45.348837209302324,84.88372093023257,50.0,38.372093023255815,49.14338393626184,31.007751937984498,69.37984496124032,50.0
Jackson McVey,Men’s Middleweight,3,12.450000000000001,1.0,6.506024096385541,9.397590361445783,3.373493975903614,3.132530120481927,0.6923076923076923,0.23636363636363633,1.2048192771084336,0.0,0.0,0.0,0.0,1.2048192771084336,0.5626283367556468,1.0,0.1728395061728395,0.6419753086419753,0.18518518518518517,94.18604651162791,95.34883720930233,1.1627906976744187,90.69767441860465,9.30232558139535,6.25,4.938271604938271,89.53488372093024,55.81395348837209,83.72093023255815,12.790697674418604,74.4186046511628,70.34883720930232,19.076137668676427,51.55038759689922,32.55813953488373,74.4186046511628
Ozzy Diaz,Men’s Middleweight,3,23.583333333333336,1.0,6.36042402826855,12.424028268551236,7.2508833922261475,-0.8904593639575973,0.5119453924914675,0.6290672451193058,0.0,1.2720848056537102,0.0,0.0,0.6666666666666667,0.0,0.6702127659574468,1.0,0.0,0.03333333333333333,0.9666666666666667,25.581395348837212,59.30232558139535,96.51162790697676,16.86046511627907,9.30232558139535,6.25,56.79012345679012,23.837209302325583,66.27906976744185,11.62790697674418,12.790697674418604,91.86046511627907,49.5639534883721,34.65537970140683,33.139534883720934,40.31007751937985,91.86046511627907
YiSak Lee,Men’s Middleweight,1,3.6666666666666665,1.0,2.7272727272727275,6.818181818181818,5.7272727272727275,-3.0,0.4,0.475,0.0,4.090909090909092,0.0,,,0.0,0.0,1.0,0.0,0.0,1.0,8.13953488372093,10.465116279069768,31.3953488372093,16.86046511627907,9.30232558139535,,,23.837209302325583,2.3255813953488373,4.651162790697663,12.790697674418604,39.53488372093023,16.71511627906977,5.813953488372094,11.821705426356589,16.279069767441857,39.53488372093023
Ben Johnston,Men’s Middleweight,1,11.833333333333334,1.0,1.0140845070422535,1.352112676056338,1.0140845070422535,0.0,0.75,0.2941176470588235,0.0,1.267605633802817,2.535211267605634,1.0,1.0,0.0,0.8514548238897397,1.0,0.8333333333333334,0.16666666666666666,0.0,55.23255813953488,100.0,3.488372093023256,16.86046511627907,82.55813953488372,96.875,94.44444444444444,23.837209302325583,89.53488372093024,13.953488372093029,12.790697674418604,3.488372093023256,43.895348837209305,90.8531169250646,65.31007751937985,10.077519379844963,3.488372093023256
Djorden Santos,Men’s Middleweight,3,44.2,1.0,6.968325791855203,17.466063348416288,7.579185520361991,-0.6108597285067878,0.39896373056994816,0.48062015503875966,0.0,0.0,0.3393665158371041,0.2,0.8,0.0,0.5436241610738255,0.5,0.012987012987012988,0.02922077922077922,0.9577922077922078,37.2093023255814,9.30232558139535,36.04651162790697,16.86046511627907,25.581395348837212,22.5,72.8395061728395,23.837209302325583,50.0,83.72093023255815,53.48837209302325,97.67441860465115,24.8546511627907,42.73022538041918,33.139534883720934,57.751937984496124,97.67441860465115
Tre'ston Vines,Men’s Middleweight,1,1.6833333333333333,1.0,0.0,0.594059405940594,3.5643564356435644,-3.5643564356435644,0.0,0.5,0.0,8.91089108910891,0.0,0.0,0.0,0.0,0.6,1.0,,,,5.813953488372093,1.1627906976744187,51.162790697674424,16.86046511627907,9.30232558139535,6.25,4.938271604938271,23.837209302325583,60.46511627906976,2.325581395348843,12.790697674418604,1.1627906976744187,18.75,20.238928366350844,31.201550387596896,22.093023255813957,1.1627906976744187
Vlasto Cepo,Men’s Middleweight,1,1.0166666666666666,1.0,6.885245901639345,23.60655737704918,29.508196721311478,-22.622950819672134,0.2916666666666667,0.375,0.0,14.754098360655739,0.0,,,0.0,0.0,1.0,0.0,0.0,1.0,1.1627906976744187,3.488372093023256,10.465116279069768,16.86046511627907,9.30232558139535,,,23.837209302325583,2.3255813953488373,1.1627906976744187,12.790697674418604,98.83720930232558,7.994186046511628,5.813953488372094,11.821705426356589,8.13953488372093,98.83720930232558
Julien Leblanc,Men’s Middleweight,1,2.3666666666666667,1.0,1.6901408450704225,2.535211267605634,2.9577464788732395,-1.267605633802817,0.6666666666666666,0.46153846153846156,0.0,0.0,0.0,,0.0,0.0,0.0,1.0,0.0,0.0,1.0,17.441860465116278,92.44186046511628,29.069767441860467,16.86046511627907,9.30232558139535,,4.938271604938271,23.837209302325583,2.3255813953488373,83.72093023255815,12.790697674418604,6.976744186046512,38.95348837209303,5.522059527227486,11.821705426356589,41.86046511627907,6.976744186046512
Ryan Loder,Men’s Middleweight,3,10.983333333333334,1.0,5.098634294385432,7.374810318664643,2.4582701062215477,2.6403641881638844,0.691358024691358,0.5,0.0,4.09711684370258,1.3657056145675266,0.14285714285714285,1.0,1.3657056145675266,0.645021645021645,1.0,0.7321428571428571,0.125,0.14285714285714285,91.86046511627907,94.18604651162791,51.162790697674424,16.86046511627907,56.97674418604651,15.625,94.44444444444444,90.69767441860465,65.11627906976744,3.4883720930232673,12.790697674418604,48.837209302325576,63.51744186046512,58.040616925064604,70.93023255813954,22.480620155038764,48.837209302325576
Zach Reese,Men’s Middleweight,5,25.03333333333333,1.0,4.833555259653795,8.548601864181093,5.552596537949401,-0.7190412782956059,0.5654205607476636,0.4159663865546218,0.5992010652463383,0.5992010652463383,2.3968042609853533,0.6666666666666666,0.0,1.7976031957390146,0.4046610169491525,0.6666666666666666,0.05785123966942149,0.15702479338842976,0.7851239669421488,34.883720930232556,79.06976744186046,17.441860465116278,74.4186046511628,79.06976744186046,86.875,4.938271604938271,95.34883720930233,37.2093023255814,32.558139534883715,41.27906976744186,62.7906976744186,51.45348837209302,52.02308534309503,70.54263565891473,30.426356589147286,62.7906976744186
Cody Brundage,Men’s Middleweight,8,69.46666666666667,1.0,3.066218809980806,6.23320537428023,3.296545105566219,-0.23032629558541284,0.49191685912240185,0.5447316103379722,0.4318618042226487,0.0,1.079654510556622,0.29411764705882354,0.4285714285714286,0.0,0.37709346299297675,0.5,0.18779342723004694,0.10328638497652583,0.7089201877934272,50.0,53.48837209302325,73.25581395348837,68.6046511627907,46.51162790697674,35.625,24.074074074074073,23.837209302325583,30.23255813953488,83.72093023255815,53.48837209302325,30.23255813953488,61.33720930232558,34.110815030146426,33.52713178294574,70.15503875968993,30.23255813953488
Andrey Pulyaev,Men’s Middleweight,4,40.483333333333334,1.0,2.519555372581309,5.31082750102923,2.914779744750926,-0.39522437216961714,0.4744186046511628,0.5740072202166064,0.3705228489090161,0.7410456978180322,0.0,0.0,0.4545454545454546,0.0,0.12613636363636363,0.3333333333333333,0.0196078431372549,0.14705882352941177,0.8333333333333334,44.18604651162791,37.2093023255814,87.20930232558139,60.46511627906976,9.30232558139535,6.25,28.39506172839506,23.837209302325583,9.30232558139535,25.581395348837212,62.7906976744186,19.767441860465116,57.26744186046511,13.31242822279644,14.147286821705428,58.52713178294573,19.767441860465116
Nick Klein,Men’s Middleweight,2,14.916666666666668,1.0,2.547486033519553,4.4916201117318435,3.4860335195530725,-0.9385474860335195,0.5671641791044776,0.388235294117647,0.0,1.005586592178771,5.027932960893854,0.3125,0.6666666666666667,1.005586592178771,0.9264413518886679,1.0,0.0,0.23684210526315788,0.7631578947368421,24.418604651162788,80.23255813953489,12.209302325581394,16.86046511627907,95.34883720930233,38.75,56.79012345679012,84.88372093023256,94.18604651162791,16.27906976744186,12.790697674418604,13.953488372093023,33.43023255813953,71.26875179443009,91.47286821705427,13.75968992248062,13.953488372093023
Gerald Meerschaert,Men’s Middleweight,8,79.19999999999999,1.0,2.6641414141414144,5.568181818181819,3.396464646464647,-0.7323232323232327,0.47845804988662133,0.5524126455906821,0.0,0.7575757575757577,0.946969696969697,0.15625,0.5238095238095238,1.1363636363636367,0.6383682469680264,0.5,0.061611374407582936,0.07109004739336493,0.8672985781990521,33.72093023255814,39.53488372093023,79.06976744186046,16.86046511627907,44.18604651162791,18.75,37.65432098765432,87.20930232558139,63.95348837209303,23.255813953488364,53.48837209302325,23.25581395348837,42.29651162790697,41.135963967843814,65.11627906976743,51.937984496124024,23.25581395348837
Armen Petrosyan,Men’s Middleweight,7,84.11666666666667,1.0,5.908460471567267,11.1392906677234,3.4238161283931046,2.4846443431741623,0.5304162219850587,0.5309446254071661,0.0,0.17832375668714087,0.17832375668714087,0.3333333333333333,0.41666666666666663,0.0,0.2209985315712188,0.75,0.03420523138832998,0.0482897384305835,0.9175050301810865,90.69767441860465,68.6046511627907,67.44186046511628,16.86046511627907,22.093023255813954,45.0,22.22222222222222,23.837209302325583,15.11627906976744,60.46511627906977,34.88372093023256,84.88372093023256,60.901162790697676,26.10788113695091,20.348837209302324,54.263565891472865,84.88372093023256
Sedriques Dumas,Men’s Middleweight,8,60.61666666666666,1.0,1.89716799560077,4.305746494363487,2.458069837778389,-0.5609018421776188,0.44061302681992337,0.547112462006079,0.0,0.742370085235084,1.2372834753918065,0.29411764705882354,0.375,0.0,0.6931818181818182,1.0,0.20869565217391303,0.05217391304347826,0.7391304347826086,40.69767441860465,16.27906976744186,76.74418604651163,16.86046511627907,52.32558139534884,35.625,18.51851851851852,23.837209302325583,70.93023255813954,24.418604651162788,12.790697674418604,11.627906976744185,37.645348837209305,44.349833118001726,49.031007751937985,37.984496124031004,11.627906976744185
Marc-Andre Barriault,Men’s Middleweight,8,76.53333333333333,1.0,6.049651567944251,12.739547038327526,7.382404181184669,-1.3327526132404186,0.4748717948717949,0.43668993020937186,0.39198606271777003,0.39198606271777003,0.39198606271777003,0.3333333333333333,0.8823529411764706,0.0,0.4472843450479233,0.4,0.01079913606911447,0.30669546436285094,0.6825053995680346,15.11627906976744,38.372093023255815,23.25581395348837,65.11627906976744,27.906976744186046,45.0,82.71604938271605,23.837209302325583,41.86046511627907,43.02325581395348,59.883720930232556,93.02325581395348,35.46511627906977,49.37087281079529,31.2015503875969,42.05426356589147,93.02325581395348
Antonio Trocoli,Men’s Middleweight,4,29.98333333333333,1.0,1.2673707615341858,2.8015564202334633,5.403001667593108,-4.135630906058922,0.4523809523809524,0.2702702702702703,0.0,1.000555864369094,0.500277932184547,0.047619047619047616,0.33333333333333337,0.0,0.5599250936329588,0.75,0.0,0.15789473684210525,0.8421052631578947,2.3255813953488373,23.25581395348837,2.3255813953488373,16.86046511627907,31.3953488372093,12.5,13.580246913580247,23.837209302325583,54.65116279069767,17.44186046511627,34.88372093023256,8.13953488372093,11.191860465116278,28.031689635371805,36.627906976744185,18.21705426356589,8.13953488372093
Dusko Todorovic,Men’s Middleweight,8,45.75,1.0,3.387978142076503,5.26775956284153,3.278688524590164,0.10928961748633892,0.6431535269709544,0.47916666666666663,0.0,0.6557377049180327,3.6065573770491803,0.36666666666666664,0.33333333333333337,0.6557377049180327,0.5732217573221757,0.8,0.27741935483870966,0.2838709677419355,0.43870967741935485,58.139534883720934,90.69767441860465,33.72093023255814,16.86046511627907,90.69767441860465,48.75,13.580246913580247,72.09302325581395,56.97674418604651,29.06976744186047,29.06976744186047,18.6046511627907,49.8546511627907,52.50116637955786,73.25581395348837,30.62015503875969,18.6046511627907
Abdul Razak Alhassan,Men’s Middleweight,8,48.21666666666667,1.0,2.862080884894573,5.454545454545454,3.1109574835810574,-0.24887659868648448,0.5247148288973384,0.563953488372093,0.9332872450743173,0.6221914967162114,0.9332872450743173,0.375,0.5675675675675675,0.3110957483581057,0.3670360110803324,0.6,0.3188405797101449,0.18840579710144928,0.4927536231884058,48.837209302325576,65.11627906976744,83.72093023255815,82.55813953488372,43.02325581395349,50.0,41.9753086419753,53.48837209302325,27.906976744186046,31.395348837209305,46.51162790697675,22.093023255813954,70.05813953488372,40.7263853000287,41.47286821705426,53.87596899224806,22.093023255813954
Dustin Stoltzfus,Men’s Middleweight,8,76.76666666666667,1.0,3.139383412939644,6.669561441597915,2.917933130699088,0.22145028224055574,0.470703125,0.4838709677419355,0.39079461571862784,0.5861919235779418,2.735562310030395,0.4827586206896552,0.33333333333333337,1.3677811550151975,0.786950074147306,0.6,0.11618257261410789,0.0912863070539419,0.7925311203319502,62.7906976744186,34.883720930232556,39.53488372093023,63.95348837209303,86.04651162790698,70.0,13.580246913580247,91.86046511627907,79.06976744186046,33.72093023255814,46.51162790697675,36.04651162790697,50.2906976744186,62.17413149583692,85.65891472868218,39.922480620155035,36.04651162790697
Jose Daniel Medina,Men’s Middleweight,4,23.566666666666666,1.0,2.4611032531824613,5.728429985855729,5.643564356435643,-3.182461103253182,0.42962962962962964,0.4267241379310345,0.0,1.272984441301273,0.6364922206506365,0.5,0.36363636363636365,0.0,0.12743362831858407,0.75,0.017241379310344827,0.017241379310344827,0.9655172413793104,6.976744186046512,13.953488372093023,19.767441860465116,16.86046511627907,37.2093023255814,75.0,17.28395061728395,23.837209302325583,10.465116279069768,10.46511627906977,34.88372093023256,25.581395348837212,14.38953488372093,34.98959230548378,23.83720930232558,21.705426356589147,25.581395348837212
Dylan Budka,Men’s Middleweight,3,23.799999999999997,1.0,0.7983193277310925,3.109243697478992,2.4789915966386555,-1.680672268907563,0.25675675675675674,0.4040404040404041,0.0,0.6302521008403362,1.8907563025210088,0.5,0.4,0.0,0.38038793103448276,0.6666666666666666,0.0,0.21052631578947367,0.7894736842105263,12.790697674418606,2.3255813953488373,15.11627906976744,16.86046511627907,67.44186046511628,75.0,20.37037037037037,23.837209302325583,31.3953488372093,30.23255813953488,41.27906976744186,10.465116279069768,11.773255813953488,48.55189491817399,40.89147286821706,28.875968992248062,10.465116279069768
Julian Marquez,Men’s Middleweight,8,61.68333333333332,1.0,5.0905160767360185,11.315860578222104,5.706565793028912,-0.6160497162928937,0.4498567335243553,0.49642346208869814,0.2431775195893002,1.2158875979465011,0.0,0.0,0.45833333333333337,2.6749527154823025,0.15368120085775555,0.8,0.10828025477707007,0.2229299363057325,0.6687898089171974,36.04651162790697,20.930232558139537,46.51162790697674,48.837209302325576,9.30232558139535,6.25,29.629629629629626,98.83720930232558,12.790697674418606,15.116279069767439,29.06976744186047,86.04651162790698,38.081395348837205,14.493163221360895,40.310077519379846,30.232558139534884,86.04651162790698
Ihor Potieria,Men’s Middleweight,8,58.03333333333333,1.0,4.411257897759908,8.994830557151063,4.910970706490523,-0.49971280873061463,0.4904214559386973,0.5153061224489797,0.7754164273406089,0.5169442848937392,0.7754164273406089,0.2,0.6666666666666667,0.0,0.45075421472937,0.8333333333333334,0.109375,0.1171875,0.7734375,41.86046511627907,52.32558139534884,58.139534883720934,77.90697674418605,40.69767441860465,22.5,56.79012345679012,23.837209302325583,44.18604651162791,37.20930232558139,25.581395348837212,69.76744186046511,57.55813953488372,41.043461096755664,36.240310077519375,40.31007751937985,69.76744186046511
Islam Makhachev,Men’s Welterweight,8,93.94999999999999,1.0,2.671633847791379,4.598190526875999,2.203299627461416,0.46833422032996275,0.5810185185185185,0.5731958762886598,0.319318786588611,0.1596593932943055,2.8738690792974992,0.47368421052631576,1.0,0.957956359765833,0.9063883617963314,0.0,0.14342629482071714,0.16334661354581673,0.6932270916334662,56.56565656565656,87.87878787878788,75.75757575757575,63.63636363636363,82.82828282828282,77.52808988764045,93.33333333333333,88.88888888888889,90.72164948453609,50.505050505050505,83.83838383838383,10.1010101010101,70.95959595959596,86.10283888344817,87.47960706723593,70.03367003367003,10.1010101010101
Max Holloway,Men’s Welterweight,8,148.08333333333334,1.0,5.7062464828362405,11.09510410804727,4.362408553742262,1.3438379290939784,0.5143031040779062,0.5355859094176851,0.40517726505346086,0.20258863252673043,0.0,0.0,0.5882352941176471,0.10129431626336521,0.16900617630544637,0.3333333333333333,0.03076923076923077,0.02485207100591716,0.9443786982248521,83.83838383838383,61.61616161616161,57.57575757575758,71.71717171717171,11.616161616161616,7.303370786516854,41.11111111111111,48.484848484848484,19.587628865979383,43.43434343434343,60.60606060606061,82.82828282828282,68.68686868686868,19.904568094942242,26.562879655663163,53.87205387205387,82.82828282828282
Michael Morales,Men’s Welterweight,7,57.0,1.0,6.245614035087719,12.508771929824562,3.210526315789474,3.0350877192982453,0.4992987377279102,0.5744186046511628,1.8421052631578947,0.0,0.2631578947368421,0.25,0.8846153846153846,0.0,0.29701492537313434,0.0,0.16853932584269662,0.06179775280898876,0.7696629213483146,93.93939393939394,52.52525252525253,76.76767676767676,92.92929292929293,26.262626262626267,31.46067415730337,81.11111111111111,23.232323232323232,26.804123711340207,78.78787878787878,83.83838383838383,90.9090909090909,79.04040404040404,41.40963381059524,25.433024402096567,79.79797979797979,90.9090909090909
Leon Edwards,Men’s Welterweight,8,152.48333333333335,1.0,2.6888184501038364,4.184063832112799,2.911793638649032,-0.22297518854519582,0.6426332288401254,0.5066666666666666,0.09837140671111595,0.09837140671111595,1.0820854738222756,0.5238095238095238,0.5614035087719298,0.29511422013334787,0.302407221664995,0.6666666666666666,0.04390243902439024,0.0951219512195122,0.8609756097560975,33.33333333333333,95.95959595959596,38.38383838383838,46.464646464646464,56.56565656565656,88.76404494382022,36.666666666666664,60.60606060606061,27.835051546391753,56.56565656565657,29.797979797979792,8.080808080808081,53.535353535353536,52.4578549306338,48.33558957270298,41.58249158249158,8.080808080808081
Sean Brady,Men’s Welterweight,8,110.06666666666666,1.0,3.625075711689885,6.941247728649303,2.2440944881889764,1.3809812235009087,0.5222513089005235,0.5862646566164154,0.0,0.13628104179285283,3.679588128407026,0.5,0.75,0.6814052089642642,0.9324181626187962,1.0,0.3132832080200501,0.05012531328320802,0.6365914786967418,85.85858585858585,68.68686868686868,80.8080808080808,23.232323232323232,89.8989898989899,83.70786516853933,67.22222222222223,81.81818181818183,92.78350515463917,53.535353535353536,10.101010101010104,32.323232323232325,64.64646464646464,83.40314561109766,88.16689229060364,48.14814814814815,32.323232323232325
Belal Muhammad,Men’s Welterweight,8,164.78333333333333,1.0,4.0780823303327605,9.679376959643976,4.047739455851118,0.030342874481642745,0.4213166144200627,0.4849420849420849,0.0,0.0,2.184686962678265,0.48,0.8888888888888888,0.09102862344492768,0.7953216374269005,0.0,0.09523809523809523,0.03422619047619048,0.8705357142857143,42.42424242424242,19.19191919191919,27.27272727272727,23.232323232323232,75.75757575757575,79.21348314606742,82.22222222222221,47.474747474747474,75.25773195876289,78.78787878787878,83.83838383838383,67.67676767676768,28.03030303030303,78.11275327115706,66.16335173036204,63.2996632996633,67.67676767676768
Carlos Prates,Men’s Welterweight,8,77.43333333333334,1.0,4.377959535083943,8.097287989668532,4.352130865260439,0.025828669823503958,0.5406698564593302,0.47670807453416153,2.3245802841153678,0.0,0.19371502367628068,1.0,0.7948717948717949,0.0,0.24222222222222223,0.0,0.0855457227138643,0.008849557522123894,0.9056047197640118,41.41414141414141,78.78787878787878,21.21212121212121,94.94949494949495,24.242424242424242,99.43820224719101,73.33333333333333,23.232323232323232,23.711340206185564,78.78787878787878,83.83838383838383,44.44444444444444,59.090909090909086,55.18132500728354,23.728695893644346,61.27946127946128,44.44444444444444
Michael Chiesa,Men’s Welterweight,8,77.78333333333333,1.0,1.928433683308335,4.589672166273838,1.3627598028712236,0.5656738804371115,0.42016806722689076,0.66875,0.0,0.0,1.928433683308335,0.38461538461538464,0.631578947368421,0.9642168416541675,0.6459936622906293,0.6666666666666666,0.12666666666666668,0.20666666666666667,0.6666666666666666,57.57575757575758,17.17171717171717,95.95959595959596,23.232323232323232,69.6969696969697,60.67415730337079,42.22222222222222,89.8989898989899,65.97938144329896,78.78787878787878,29.797979797979792,9.090909090909092,48.484848484848484,59.64318266646542,75.19178034641952,68.18181818181817,9.090909090909092
Mike Malott,Men’s Welterweight,8,76.35,1.0,3.942370661427636,7.544204322200393,2.8290766208251474,1.1132940406024887,0.5225694444444444,0.5714285714285714,0.9823182711198429,0.0,1.5717092337917486,0.5714285714285714,0.7272727272727273,0.5893909626719058,0.8178694158075601,1.0,0.13953488372093023,0.016611295681063124,0.8438538205980066,77.77777777777779,69.6969696969697,74.74747474747475,87.87878787878788,64.64646464646465,91.57303370786516,64.44444444444444,79.7979797979798,78.35051546391753,78.78787878787878,10.101010101010104,40.4040404040404,77.52525252525253,74.75361456567295,74.26498663612067,54.54545454545454,40.4040404040404
Jack Della Maddalena,Men’s Welterweight,8,112.61666666666667,1.0,4.786147698682847,9.057273938138227,4.155690395145775,0.6304573035370726,0.5284313725490196,0.6027164685908319,0.5327808198904839,0.39958561491786293,0.39958561491786293,0.25,0.6382978723404256,0.13319520497262097,0.10798319327731093,0.5,0.05194805194805195,0.08905380333951762,0.8589981447124304,60.60606060606061,72.72727272727273,87.87878787878788,80.8080808080808,29.292929292929294,31.46067415730337,44.44444444444444,51.515151515151516,13.402061855670103,24.24242424242425,43.93939393939394,55.55555555555556,75.5050505050505,29.6500274375868,31.403380887916967,52.02020202020202,55.55555555555556
Shavkat Rakhmonov,Men’s Welterweight,7,75.18333333333334,1.0,3.245400133008202,5.400133008202173,2.168033695411217,1.077366437596985,0.6009852216748769,0.5134328358208955,0.19951230325870092,0.0,1.3965861228109067,0.25925925925925924,0.8571428571428572,1.1970738195522057,0.8303007797994801,0.0,0.19672131147540983,0.24180327868852458,0.5614754098360656,73.73737373737373,90.9090909090909,43.43434343434344,56.56565656565656,62.62626262626263,34.831460674157306,77.77777777777779,92.92929292929293,79.38144329896907,78.78787878787878,83.83838383838383,21.21212121212121,66.16161616161617,63.654236094291704,78.31233295150821,68.68686868686869,21.21212121212121
Neil Magny,Men’s Welterweight,8,80.25,1.0,2.5669781931464173,4.97196261682243,3.277258566978193,-0.7102803738317758,0.5162907268170426,0.4116331096196868,0.0,0.5607476635514018,1.1214953271028036,0.25,0.4736842105263158,0.18691588785046728,0.36,0.75,0.3155339805825243,0.10194174757281553,0.5825242718446602,24.242424242424242,65.65656565656566,5.05050505050505,23.232323232323232,58.58585858585859,31.46067415730337,16.666666666666664,54.54545454545454,35.051546391752574,13.131313131313135,24.74747474747474,17.17171717171717,29.545454545454547,35.4411864503953,49.39428650768857,14.30976430976431,17.17171717171717
Jake Matthews,Men’s Welterweight,8,96.9,1.0,3.7048503611971104,8.606811145510836,3.312693498452012,0.3921568627450984,0.4304556354916067,0.5884615384615385,0.15479876160990713,0.4643962848297213,0.4643962848297213,0.42857142857142855,0.6666666666666667,0.9287925696594426,0.6270112140419307,0.3333333333333333,0.0584958217270195,0.06963788300835655,0.871866295264624,53.535353535353536,22.22222222222222,81.81818181818183,50.505050505050505,34.34343434343434,69.10112359550563,51.11111111111111,87.87878787878788,63.91752577319587,20.202020202020208,60.60606060606061,52.52525252525253,52.02020202020202,54.61829870581174,62.04658266513936,54.208754208754215,52.52525252525253
Rinat Fakhretdinov,Men’s Welterweight,7,76.81666666666666,1.0,5.024951182469082,9.503146018659146,3.60598828379258,1.4189628986765022,0.5287671232876713,0.544407894736842,0.585810371013235,0.0,3.9054024734215664,0.3448275862068966,0.9166666666666666,0.19527012367107832,0.8697625698324022,0.0,0.16839378238341968,0.17357512953367876,0.6580310880829016,86.86868686868688,73.73737373737373,61.61616161616161,83.83838383838383,90.9090909090909,54.49438202247191,85.55555555555556,55.55555555555556,87.62886597938144,78.78787878787878,83.83838383838383,64.64646464646465,76.51515151515152,79.64697361662495,78.03117081467597,74.74747474747474,64.64646464646465
Randy Brown,Men’s Welterweight,8,87.15,1.0,4.3029259896729775,9.420539300057373,3.258749282845668,1.0441767068273093,0.45676004872107184,0.5069444444444444,0.5163511187607572,0.3442340791738382,0.6884681583476764,0.3333333333333333,0.8,0.5163511187607572,0.24195804195804196,0.3333333333333333,0.032,0.096,0.872,71.71717171717171,32.323232323232325,39.39393939393939,79.7979797979798,43.43434343434344,47.752808988764045,74.44444444444444,77.77777777777779,22.68041237113402,30.303030303030297,60.60606060606061,61.61616161616161,55.8080808080808,47.07800230967149,47.96417786108508,43.43434343434344,61.61616161616161
Gabriel Bonfim,Men’s Welterweight,7,76.55,1.0,4.637491835401699,9.83670803396473,3.4356629653821034,1.2018288700195954,0.4714475431606906,0.6450742240215924,0.0,0.1959503592423253,2.743305029392554,0.5185185185185185,0.7894736842105263,0.9797517962116264,0.6985645933014354,1.0,0.011267605633802818,0.07605633802816901,0.9126760563380282,79.7979797979798,41.41414141414141,93.93939393939394,23.232323232323232,80.8080808080808,87.64044943820225,72.22222222222221,90.9090909090909,68.04123711340206,45.45454545454545,10.101010101010104,74.74747474747475,59.5959595959596,77.17799739547684,79.91946961019126,49.83164983164983,74.74747474747475
Joaquin Buckley,Men’s Welterweight,8,114.51666666666667,1.0,3.4318148741085723,8.514044535002183,2.7768883714160966,0.6549265026924758,0.40307692307692305,0.6196172248803828,0.3929559016154854,0.0,1.5718236064619415,0.631578947368421,0.7222222222222222,0.13098530053849514,0.3278319579894974,0.0,0.30788804071246817,0.04071246819338423,0.6513994910941476,61.61616161616161,13.131313131313133,92.92929292929293,68.68686868686868,65.65656565656566,97.75280898876404,63.33333333333333,49.494949494949495,30.927835051546392,78.78787878787878,83.83838383838383,51.515151515151516,59.090909090909086,64.41763575755235,48.69311673435385,85.18518518518518,51.515151515151516
Muslim Salikhov,Men’s Welterweight,8,73.48333333333333,1.0,3.76956225901565,7.307779541846224,3.3749149466999318,0.39464731231571815,0.515828677839851,0.5960912052117264,0.6123837604899071,0.40825584032660467,1.2247675209798141,0.3333333333333333,0.6428571428571428,0.0,0.4016393442622951,0.6666666666666666,0.1263537906137184,0.05415162454873646,0.8194945848375451,54.54545454545454,63.63636363636363,82.82828282828282,84.84848484848484,61.61616161616161,47.752808988764045,45.55555555555556,23.232323232323232,45.36082474226804,23.232323232323225,29.797979797979792,37.37373737373738,71.46464646464645,50.071337725687314,43.403103196917634,45.28619528619529,37.37373737373738
Joel Alvarez,Men’s Welterweight,8,60.016666666666666,1.0,5.148569841710636,8.314357123021383,2.7658983615662316,2.382671480144404,0.6192384769539078,0.5401662049861495,0.24993057484032216,0.0,0.24993057484032216,0.3333333333333333,0.52,1.2496528742016106,0.3485938521909745,1.0,0.13268608414239483,0.13592233009708737,0.7313915857605178,91.91919191919192,91.91919191919192,59.59595959595959,60.60606060606061,25.252525252525253,47.752808988764045,28.333333333333332,93.93939393939394,34.02061855670103,78.78787878787878,10.101010101010104,46.464646464646464,76.01010101010101,33.83982153283091,51.07084591620674,49.49494949494949,46.464646464646464
Daniel Rodriguez,Men’s Welterweight,8,88.2,1.0,6.292517006802721,13.129251700680271,5.5102040816326525,0.7823129251700687,0.4792746113989637,0.5672306322350846,0.510204081632653,0.510204081632653,0.17006802721088435,0.3333333333333333,0.52,0.0,0.36963350785340315,0.75,0.032432432432432434,0.02882882882882883,0.9387387387387387,63.63636363636363,44.44444444444444,68.68686868686868,78.78787878787878,23.232323232323232,47.752808988764045,28.333333333333332,23.232323232323232,38.144329896907216,18.181818181818187,24.74747474747474,93.93939393939394,63.888888888888886,34.365698862831955,28.202992120517894,37.205387205387204,93.93939393939394
Uros Medic,Men’s Welterweight,8,35.416666666666664,1.0,4.658823529411765,8.414117647058823,3.4447058823529413,1.2141176470588237,0.5536912751677853,0.5673758865248226,2.9647058823529413,1.2705882352941178,0.4235294117647059,0.5,0.5333333333333333,0.0,0.054858934169279,1.0,0.09090909090909091,0.15151515151515152,0.7575757575757576,80.8080808080808,81.81818181818183,69.6969696969697,96.96969696969697,30.303030303030305,83.70786516853933,32.22222222222222,23.232323232323232,8.24742268041237,6.060606060606062,10.101010101010104,47.474747474747474,82.32323232323233,38.620135093551056,20.594258738588636,28.619528619528623,47.474747474747474
Conor McGregor,Men’s Welterweight,8,74.66666666666667,1.0,5.129464285714286,9.736607142857142,5.598214285714286,-0.46875,0.5268225584594223,0.49759615384615385,1.40625,0.20089285714285712,0.0,0.0,0.6666666666666667,0.20089285714285712,0.14514348785871964,1.0,0.09138381201044386,0.1279373368146214,0.7806788511749347,29.292929292929294,71.71717171717171,33.33333333333333,91.91919191919192,11.616161616161616,7.303370786516854,51.11111111111111,56.56565656565656,15.463917525773196,44.44444444444445,10.101010101010104,73.73737373737373,56.56565656565657,21.373640259890696,27.881911902530458,29.29292929292929,73.73737373737373
Colby Covington,Men’s Welterweight,8,185.18333333333334,1.0,4.217442174421744,11.237512375123751,3.8556385563855637,0.3618036180361801,0.3753003363767419,0.524,0.0,0.32400324003240033,2.3490234902349023,0.32954545454545453,0.41666666666666663,0.08100081000810008,0.8956370847793753,0.5,0.058898847631242,0.08194622279129321,0.8591549295774648,52.52525252525253,8.080808080808081,52.52525252525253,23.232323232323232,77.77777777777779,41.57303370786517,10.0,46.464646464646464,89.69072164948454,32.32323232323233,43.93939393939394,84.84848484848484,34.09090909090909,54.76038328378188,71.31104863063626,42.929292929292934,84.84848484848484
Myktybek Orolbai,Men’s Welterweight,6,61.55,1.0,2.7782290820471163,5.5564581640942325,2.6969943135662064,0.08123476848090982,0.5,0.5103244837758112,0.48740861088545906,0.24370430544272953,8.773354995938261,0.5901639344262295,0.4,0.48740861088545906,0.8537532355478861,0.0,0.2982456140350877,0.03508771929824561,0.6666666666666666,45.45454545454545,54.04040404040404,41.41414141414141,76.76767676767676,97.97979797979798,94.3820224719101,6.666666666666667,74.74747474747475,84.5360824742268,36.36363636363636,83.83838383838383,23.232323232323232,54.41919191919192,70.89114239815038,85.75445173383316,53.87205387205387,23.232323232323232
Bryan Battle,Men’s Welterweight,8,70.28333333333333,1.0,4.994071614892103,9.433246383685084,3.8985060469528103,1.095565567939293,0.5294117647058824,0.44758064516129037,0.42684372776855584,0.21342186388427792,0.6402655916528338,0.13636363636363635,0.5,0.21342186388427792,0.5191793041926851,0.0,0.005698005698005698,0.20797720797720798,0.7863247863247863,76.76767676767676,74.74747474747475,13.131313131313133,72.72727272727273,41.41414141414141,16.853932584269664,23.333333333333332,58.58585858585859,54.63917525773196,41.41414141414142,83.83838383838383,63.63636363636363,59.34343434343434,34.06014564736909,51.546391752577314,46.12794612794613,63.63636363636363
Kevin Holland,Men’s Welterweight,8,76.13333333333333,1.0,4.229422066549913,8.169877408056044,3.2837127845884417,0.945709281961471,0.5176848874598071,0.4802494802494802,0.394045534150613,0.394045534150613,0.5910683012259195,0.3,0.6956521739130435,0.788091068301226,0.24661654135338346,0.5,0.11801242236024845,0.2111801242236025,0.6708074534161491,66.66666666666666,66.66666666666666,23.232323232323232,69.6969696969697,40.4040404040404,38.764044943820224,57.77777777777777,83.83838383838383,24.742268041237114,26.262626262626256,43.93939393939394,45.45454545454545,56.56565656565657,40.42203279171888,49.661564094553775,31.14478114478114,45.45454545454545
Ian Machado Garry,Men’s Welterweight,5,95.0,1.0,3.431578947368421,6.747368421052632,2.3473684210526318,1.0842105263157893,0.5085803432137286,0.5173160173160174,0.0,0.0,1.1052631578947367,0.25,0.8823529411764706,0.631578947368421,0.38227272727272726,0.0,0.027607361963190184,0.06748466257668712,0.9049079754601227,75.75757575757575,56.56565656565656,47.474747474747474,23.232323232323232,57.57575757575758,31.46067415730337,80.0,80.8080808080808,41.23711340206185,78.78787878787878,83.83838383838383,30.303030303030305,50.75757575757576,52.568386283780704,59.87365059530007,70.03367003367003,30.303030303030305
Nicolas Dalby,Men’s Welterweight,8,106.2,1.0,4.472693032015066,9.246704331450093,3.4651600753295666,1.0075329566854991,0.48370672097759676,0.4881780250347705,0.2824858757062147,0.14124293785310735,0.423728813559322,0.16666666666666666,0.574468085106383,0.14124293785310735,0.463922896587653,0.3333333333333333,0.04631578947368421,0.35578947368421054,0.5978947368421053,69.6969696969697,46.464646464646464,30.303030303030305,61.61616161616161,31.313131313131315,17.97752808988764,40.0,52.52525252525253,50.51546391752577,52.525252525252526,60.60606060606061,58.58585858585859,52.02020202020202,34.951530830136186,44.78461591863654,47.811447811447806,58.58585858585859
Sam Patterson,Men’s Welterweight,7,35.416666666666664,1.0,3.811764705882353,9.063529411764707,2.795294117647059,1.0164705882352942,0.4205607476635514,0.610236220472441,1.2705882352941178,0.0,0.8470588235294118,0.5,0.5,0.8470588235294118,0.8384146341463414,0.5,0.05925925925925926,0.014814814814814815,0.9259259259259259,70.70707070707071,18.181818181818183,90.9090909090909,89.8989898989899,49.494949494949495,83.70786516853933,23.333333333333332,84.84848484848484,80.41237113402062,78.78787878787878,43.93939393939394,56.56565656565656,67.42424242424242,59.237129782710696,71.58526849248499,71.2121212121212,56.56565656565656
Punahele Soriano,Men’s Welterweight,8,83.46666666666667,1.0,4.4089456869009584,7.380191693290735,2.899361022364217,1.5095846645367414,0.5974025974025974,0.412621359223301,0.35942492012779553,0.17971246006389777,2.1565495207667733,0.48,0.475,0.17971246006389777,0.6259437199725463,0.6666666666666666,0.5679347826086957,0.08967391304347826,0.3423913043478261,87.87878787878788,89.8989898989899,6.0606060606060606,64.64646464646465,74.74747474747475,79.21348314606742,17.77777777777778,53.535353535353536,62.88659793814433,48.48484848484848,29.797979797979792,38.38383838383838,62.121212121212125,58.656333402366066,63.72314207365755,28.114478114478107,38.38383838383838
Gilbert Burns,Men’s Welterweight,8,113.75,1.0,3.2175824175824177,6.303296703296703,5.002197802197802,-1.7846153846153845,0.5104602510460251,0.49422222222222223,0.0,0.7912087912087912,1.8461538461538463,0.3333333333333333,0.5714285714285714,0.13186813186813187,0.5495890410958905,0.5,0.05191256830601093,0.07650273224043716,0.8715846994535519,11.11111111111111,57.57575757575758,32.323232323232325,23.232323232323232,68.68686868686868,47.752808988764045,38.88888888888889,50.505050505050505,57.73195876288659,10.101010101010104,43.93939393939394,27.27272727272727,31.060606060606062,53.265131331852054,58.974625984935265,28.787878787878793,27.27272727272727
Michael Page,Men’s Welterweight,5,75.0,1.0,2.1466666666666665,3.8,1.5733333333333333,0.5733333333333333,0.5649122807017544,0.6168831168831168,0.0,0.0,0.0,0.0,0.6842105263157895,0.0,0.16301126259632484,0.0,0.018633540372670808,0.055900621118012424,0.9254658385093167,58.58585858585859,84.84848484848484,91.91919191919192,23.232323232323232,11.616161616161616,7.303370786516854,56.111111111111114,23.232323232323232,18.556701030927837,78.78787878787878,83.83838383838383,5.05050505050505,64.64646464646464,23.396836136179356,17.801728626470894,84.84848484848484,5.05050505050505
Jeremiah Wells,Men’s Welterweight,7,68.53333333333333,1.0,2.3492217898832686,5.107003891050584,1.284046692607004,1.0651750972762646,0.46,0.48235294117647054,0.4377431906614786,0.4377431906614786,3.06420233463035,0.4666666666666667,0.5,1.313229571984436,0.7940320232896652,0.5,0.4409937888198758,0.031055900621118012,0.5279503105590062,72.72727272727273,34.34343434343434,26.262626262626267,74.74747474747475,85.85858585858585,76.40449438202246,23.333333333333332,94.94949494949495,74.22680412371135,21.212121212121204,43.93939393939394,20.2020202020202,52.02020202020202,64.95580442441324,85.01162831059737,30.47138047138047,20.2020202020202
Khaos Williams,Men’s Welterweight,8,86.01666666666667,1.0,5.080410773105987,13.229994187173029,5.777950009688045,-0.6975392365820579,0.38400702987697716,0.4069212410501193,0.6975392365820577,0.0,0.0,0.0,0.5555555555555556,0.0,0.5007173601147776,0.3333333333333333,0.034324942791762014,0.06407322654462243,0.9016018306636155,25.252525252525253,10.1010101010101,4.040404040404041,86.86868686868688,11.616161616161616,7.303370786516854,34.44444444444444,23.232323232323232,52.57731958762887,78.78787878787878,60.60606060606061,94.94949494949495,31.565656565656568,26.485324108687948,29.141934812037906,47.811447811447806,94.94949494949495
Charles Radtke,Men’s Welterweight,7,60.333333333333336,1.0,2.5027624309392262,4.640883977900552,2.453038674033149,0.04972375690607711,0.5392857142857143,0.5474006116207951,0.49723756906077343,0.49723756906077343,1.9889502762430937,0.4444444444444444,1.0,0.49723756906077343,0.9318637274549099,1.0,0.25165562913907286,0.07947019867549669,0.6688741721854304,43.43434343434344,77.77777777777779,62.62626262626263,77.77777777777779,71.71717171717171,71.91011235955057,93.33333333333333,75.75757575757575,91.75257731958763,19.191919191919183,10.101010101010104,11.616161616161616,65.4040404040404,82.1782986824108,79.7424415981117,30.63973063973064,11.616161616161616
Elizeu Zaleski dos Santos,Men’s Welterweight,8,93.21666666666667,1.0,4.140890398712677,9.268728768102985,4.0872519220454135,0.05363847666726329,0.44675925925925924,0.5109114249037228,0.0,0.3218308600035759,0.9654925800107277,0.21428571428571427,0.8378378378378378,0.3218308600035759,0.5240899357601713,0.5,0.09326424870466321,0.15544041450777202,0.7512953367875648,44.44444444444444,27.27272727272727,42.42424242424242,23.232323232323232,52.52525252525253,22.47191011235955,76.66666666666667,62.62626262626263,55.670103092783506,33.33333333333333,43.93939393939394,59.59595959595959,34.34343434343434,51.833483099265564,56.94053941476622,39.898989898989896,59.59595959595959
Jonathan Micallef,Men’s Welterweight,3,38.516666666666666,1.0,4.128083080917352,9.424491562094332,3.7905668541756814,0.3375162267416707,0.4380165289256198,0.5705882352941176,0.3894418000865426,0.0,0.7788836001730852,0.4,0.7142857142857143,0.3894418000865426,0.43909348441926344,0.0,0.012578616352201259,0.07547169811320754,0.9119496855345912,51.515151515151516,26.262626262626267,72.72727272727273,67.67676767676768,48.484848484848484,64.04494382022472,60.0,71.71717171717171,49.48453608247423,78.78787878787878,83.83838383838383,62.62626262626263,54.54545454545455,55.50358209688686,56.56218542816481,78.45117845117845,62.62626262626263
Daniil Donchenko,Men’s Welterweight,3,26.03333333333333,1.0,8.066581306017927,12.9449423815621,2.804097311139565,5.262483994878362,0.6231454005934718,0.7032520325203252,2.304737516005122,0.0,0.5761843790012805,0.3333333333333333,0.75,0.0,0.7443365695792881,0.0,0.1,0.10952380952380952,0.7904761904761904,96.96969696969697,92.92929292929293,97.97979797979798,93.93939393939394,39.39393939393939,47.752808988764045,67.22222222222223,23.232323232323232,71.1340206185567,78.78787878787878,83.83838383838383,92.92929292929293,95.45454545454545,56.37574780587059,44.58676108160645,86.86868686868688,92.92929292929293
Jacobe Smith,Men’s Welterweight,3,13.283333333333333,1.0,6.85069008782936,10.840652446675032,3.613550815558344,3.237139272271016,0.6319444444444444,0.4606741573033708,1.1292346298619824,0.0,4.51693851944793,1.0,1.0,1.1292346298619824,0.9973262032085561,0.0,0.3626373626373626,0.02197802197802198,0.6153846153846154,94.94949494949495,93.93939393939394,17.17171717171717,88.88888888888889,94.94949494949495,99.43820224719101,93.33333333333333,91.91919191919192,96.90721649484536,78.78787878787878,83.83838383838383,81.81818181818183,73.73737373737373,96.15706175621617,94.59196778784407,59.93265993265993,81.81818181818183
Gunnar Nelson,Men’s Welterweight,8,81.26666666666667,1.0,1.5012305168170632,2.2149302707136997,2.3625922887612796,-0.8613617719442164,0.6777777777777778,0.4402332361516035,0.0,0.5537325676784249,2.399507793273175,0.4642857142857143,0.6666666666666667,0.9228876127973749,0.7970453746042913,0.25,0.48360655737704916,0.1557377049180328,0.36065573770491804,17.17171717171717,97.97979797979798,10.1010101010101,23.232323232323232,79.7979797979798,75.28089887640449,51.11111111111111,86.86868686868688,76.28865979381443,15.151515151515156,65.15151515151516,1.0101010101010102,37.121212121212125,70.61966239482746,80.98510882016036,30.13468013468014,1.0101010101010102
Jack Hermansson,Men’s Welterweight,8,121.21666666666667,1.0,5.205554791695311,12.019799257527843,4.53732985013062,0.6682249415646915,0.43308167467398767,0.570647931303669,0.0,0.37123607864705077,0.9899628763921352,0.24242424242424243,1.0,0.0,0.5922038980509745,0.6,0.06497622820919176,0.028526148969889066,0.9064976228209192,62.62626262626263,24.242424242424242,73.73737373737373,23.232323232323232,53.535353535353536,28.08988764044944,93.33333333333333,23.232323232323232,60.824742268041234,28.282828282828277,34.34343434343435,88.88888888888889,45.95959595959596,58.94582919429439,45.86413967857268,45.45454545454546,88.88888888888889
Geoff Neal,Men’s Welterweight,8,79.1,1.0,5.082174462705437,9.709228824273072,5.92920353982301,-0.8470290771175728,0.5234375,0.5365612648221344,0.5689001264222503,0.3792667509481669,0.5689001264222503,0.42857142857142855,0.8333333333333334,0.0,0.6316326530612245,0.6,0.017412935323383085,0.10696517412935323,0.8756218905472637,18.181818181818183,70.70707070707071,58.58585858585859,82.82828282828282,38.38383838383838,69.10112359550563,75.55555555555556,23.232323232323232,64.94845360824742,27.27272727272728,34.34343434343435,68.68686868686868,57.57575757575758,61.99724278578674,42.18820507480301,40.067340067340076,68.68686868686868
Yaroslav Amosov,Men’s Welterweight,2,9.45,1.0,2.6455026455026456,4.973544973544974,1.3756613756613758,1.2698412698412698,0.5319148936170213,0.6060606060606061,0.0,0.0,11.111111111111112,0.5384615384615384,,3.174603174603175,1.0,0.0,0.12,0.2,0.68,81.81818181818183,75.75757575757575,89.8989898989899,23.232323232323232,98.98989898989899,89.8876404494382,,100.0,98.96907216494846,78.78787878787878,83.83838383838383,18.181818181818183,67.67676767676767,95.94887053476187,99.3196570516158,84.17508417508417,18.181818181818183
Santiago Ponzinibbio,Men’s Welterweight,8,103.26666666666667,1.0,4.706262104583602,11.59134925758554,5.306649451258877,-0.6003873466752747,0.40601503759398494,0.5848484848484848,0.29051000645577796,0.8715300193673338,0.7262750161394448,0.21739130434782608,1.0,0.0,0.8672839506172839,0.5,0.012345679012345678,0.006172839506172839,0.9814814814814815,27.27272727272727,14.14141414141414,79.7979797979798,62.62626262626263,44.44444444444444,23.595505617977526,93.33333333333333,23.232323232323232,86.5979381443299,9.090909090909093,43.93939393939394,86.86868686868688,45.95959595959596,61.9928053850213,51.424901940365864,44.276094276094284,86.86868686868688
Stephen Thompson,Men’s Welterweight,8,127.21666666666667,1.0,4.849993449495611,9.558496004192323,3.6944844753045984,1.1555089741910125,0.5074013157894737,0.4795127353266888,0.11790907899908293,0.11790907899908293,0.0,0.0,0.5319148936170213,0.0,0.05328798185941043,0.4,0.022690437601296597,0.06482982171799027,0.9124797406807131,78.78787878787878,55.55555555555556,22.22222222222222,47.474747474747474,11.616161616161616,7.303370786516854,31.11111111111111,23.232323232323232,7.216494845360824,55.55555555555556,54.54545454545455,65.65656565656566,51.01010101010101,14.311784589787603,14.021659897948558,44.10774410774411,65.65656565656566
Jean-Paul Lebosnoyani,Men’s Welterweight,2,30.0,1.0,3.933333333333333,8.766666666666667,4.0,-0.06666666666666687,0.44866920152091255,0.5698924731182795,0.0,0.0,3.0,0.46153846153846156,1.0,2.0,0.7852112676056338,0.0,0.11016949152542373,0.1440677966101695,0.7457627118644068,39.39393939393939,28.28282828282828,71.71717171717171,23.232323232323232,84.34343434343434,74.15730337078652,93.33333333333333,97.97979797979798,73.19587628865979,78.78787878787878,83.83838383838383,53.535353535353536,40.656565656565654,81.2574868340535,85.17303620396405,78.1144781144781,53.535353535353536
Rafael Dos Anjos,Men’s Welterweight,8,135.13333333333333,1.0,3.2190429205722744,6.260483473112975,3.1080414405525407,0.11100148001973364,0.5141843971631206,0.5194508009153318,0.22200296003946718,0.22200296003946718,2.109028120374939,0.2835820895522388,0.4,0.33300444005920077,0.5605622157916494,0.4,0.18850574712643678,0.167816091954023,0.6436781609195402,46.464646464646464,60.60606060606061,50.505050505050505,57.57575757575758,73.73737373737373,35.95505617977528,6.666666666666667,63.63636363636363,58.76288659793815,40.4040404040404,54.54545454545455,26.262626262626267,53.78787878787878,43.780495795438455,65.37887465722517,48.48484848484848,26.262626262626267
Ty Miller,Men’s Welterweight,2,15.233333333333334,1.0,12.603938730853391,22.450765864332602,4.00437636761488,8.599562363238512,0.5614035087719298,0.5307692307692308,2.9540481400437635,0.0,0.0,,1.0,0.0,0.27510917030567683,0.0,0.14583333333333334,0.08854166666666667,0.765625,98.98989898989899,83.83838383838383,55.55555555555556,95.95959595959596,11.616161616161616,,93.33333333333333,23.232323232323232,25.773195876288657,78.78787878787878,83.83838383838383,98.98989898989899,83.58585858585859,43.57423027526121,20.207226908257837,72.72727272727273,98.98989898989899
Chris Curtis,Men’s Welterweight,8,115.86666666666667,1.0,5.299194476409666,11.176639815880321,5.463176064441887,-0.16398158803222085,0.47413127413127415,0.5520169851380042,0.1294591484464902,0.1294591484464902,0.0,0.0,0.42000000000000004,0.0,0.06739409499358151,0.25,0.011400651465798045,0.06351791530944625,0.9250814332247557,36.36363636363637,42.42424242424242,66.66666666666666,48.484848484848484,11.616161616161616,7.303370786516854,11.11111111111111,23.232323232323232,9.278350515463918,54.54545454545455,65.15151515151516,83.83838383838383,48.484848484848484,9.827248507313374,14.708945121316257,62.121212121212125,83.83838383838383
Ramiz Brahimaj,Men’s Welterweight,8,63.16666666666666,1.0,2.0105540897097627,3.6411609498680746,2.7229551451187337,-0.712401055408971,0.5521739130434783,0.42281879194630867,0.237467018469657,0.237467018469657,2.37467018469657,0.3448275862068966,0.4285714285714286,1.899736147757256,0.3166728832525177,0.0,0.05511811023622047,0.2204724409448819,0.7244094488188977,22.22222222222222,80.8080808080808,8.080808080808081,59.59595959595959,78.78787878787878,54.49438202247191,13.333333333333334,96.96969696969697,28.865979381443296,37.37373737373738,83.83838383838383,4.040404040404041,42.676767676767675,43.87039338128183,68.20785171300635,43.0976430976431,4.040404040404041
Seokhyeon Ko,Men’s Welterweight,3,45.0,1.0,3.0,6.022222222222222,1.4666666666666666,1.5333333333333334,0.4981549815498155,0.6526315789473685,0.0,0.0,3.333333333333333,0.5882352941176471,0.5,0.33333333333333337,0.863013698630137,0.0,0.31851851851851853,0.037037037037037035,0.6444444444444445,88.88888888888889,51.515151515151516,94.94949494949495,23.232323232323232,86.86868686868688,93.25842696629213,23.333333333333332,64.64646464646465,85.56701030927834,78.78787878787878,83.83838383838383,25.252525252525253,64.64646464646465,72.25686436939768,79.02738727480995,85.85858585858585,25.252525252525253
Michael Oliveira,Men’s Welterweight,1,1.8166666666666667,1.0,7.706422018348624,13.761467889908257,3.302752293577982,4.4036697247706424,0.56,0.4545454545454546,16.51376146788991,0.0,0.0,,1.0,0.0,1.0,0.0,0.7142857142857143,0.0,0.2857142857142857,95.95959595959596,82.82828282828282,15.656565656565657,98.98989898989899,11.616161616161616,,93.33333333333333,23.232323232323232,98.96907216494846,78.78787878787878,83.83838383838383,95.95959595959596,73.35858585858585,67.97285570481448,44.60585233781109,59.42760942760943,95.95959595959596
Levan Chokheli,Men’s Welterweight,1,0.38333333333333336,1.0,15.652173913043477,28.695652173913043,0.0,15.652173913043477,0.5454545454545454,1.0,39.130434782608695,0.0,0.0,,,0.0,1.0,0.0,0.0,0.0,1.0,100.0,79.7979797979798,100.0,100.0,11.616161616161616,,,23.232323232323232,98.96907216494846,78.78787878787878,83.83838383838383,100.0,94.94949494949495,55.29261689055504,44.60585233781109,87.54208754208753,100.0
Tahir Abdullayev,Men’s Welterweight,1,14.466666666666667,1.0,2.557603686635945,6.013824884792626,2.4193548387096775,0.13824884792626735,0.42528735632183906,0.5138888888888888,0.0,0.0,2.0737327188940093,0.3333333333333333,1.0,0.0,0.8533333333333334,0.0,0.5135135135135135,0.10810810810810811,0.3783783783783784,48.484848484848484,20.2020202020202,44.94949494949495,23.232323232323232,72.72727272727273,47.752808988764045,93.33333333333333,23.232323232323232,83.50515463917526,78.78787878787878,83.83838383838383,24.242424242424242,34.217171717171716,74.32964242213635,59.82158353292374,69.19191919191918,24.242424242424242
Carlos Leal,Men’s Welterweight,4,34.96666666666667,1.0,8.75119161105815,18.61773117254528,7.778836987607245,0.9723546234509053,0.4700460829493088,0.487758945386064,0.0,0.42897998093422307,0.42897998093422307,0.1111111111111111,0.9090909090909091,0.0,0.4148936170212766,0.5,0.0,0.13398692810457516,0.8660130718954249,68.68686868686868,39.39393939393939,29.292929292929294,23.232323232323232,32.323232323232325,15.730337078651685,84.44444444444444,23.232323232323232,47.42268041237113,22.22222222222223,43.93939393939394,97.97979797979798,40.15151515151515,44.9801735646749,34.32607865597556,31.818181818181824,97.97979797979798
Jose Souza,Men’s Welterweight,1,15.0,1.0,4.8,10.2,4.2,0.5999999999999996,0.47058823529411764,0.5684931506849316,0.0,0.0,0.0,,,0.0,,0.0,0.0,0.013888888888888888,0.9861111111111112,59.59595959595959,40.4040404040404,70.70707070707071,23.232323232323232,11.616161616161616,,,23.232323232323232,,78.78787878787878,83.83838383838383,76.76767676767676,48.48484848484849,11.616161616161616,17.424242424242422,77.77777777777777,76.76767676767676
Victor Valenzuela,Men’s Welterweight,1,15.0,1.0,3.533333333333333,7.8,2.6666666666666665,0.8666666666666667,0.452991452991453,0.550561797752809,0.0,0.0,1.0,0.5,0.5555555555555556,0.0,0.36363636363636365,0.0,0.0,0.05660377358490566,0.9433962264150944,65.65656565656566,30.808080808080806,64.64646464646465,23.232323232323232,54.54545454545454,83.70786516853933,34.44444444444444,23.232323232323232,37.11340206185567,78.78787878787878,83.83838383838383,42.42424242424242,46.08585858585859,52.452791555073496,38.297059946544486,75.75757575757575,42.42424242424242
Abubakar Vagaev,Men’s Welterweight,1,15.0,1.0,1.8,4.666666666666667,2.2,-0.40000000000000013,0.38571428571428573,0.6024096385542168,0.0,0.0,4.0,0.4,0.7142857142857143,0.0,0.7373417721518988,0.0,0.07407407407407407,0.25925925925925924,0.6666666666666666,31.313131313131315,11.11111111111111,86.86868686868688,23.232323232323232,91.91919191919192,64.04494382022472,60.0,23.232323232323232,69.0721649484536,78.78787878787878,83.83838383838383,13.131313131313133,38.131313131313135,71.25907517196757,61.40789336665625,83.16498316498316,13.131313131313133
Farman Hasanov,Men’s Welterweight,1,15.0,1.0,1.4,2.7333333333333334,1.0,0.3999999999999999,0.5121951219512195,0.7058823529411764,0.0,0.0,17.0,0.6296296296296297,,0.0,0.9955555555555555,0.0,0.09523809523809523,0.0,0.9047619047619048,55.55555555555556,59.09090909090909,98.98989898989899,23.232323232323232,100.0,96.62921348314607,,23.232323232323232,95.87628865979381,78.78787878787878,83.83838383838383,3.0303030303030303,59.217171717171716,97.50183404764664,73.03620396403902,87.2053872053872,3.0303030303030303
Alex Morono,Men’s Welterweight,8,98.9,1.0,4.03437815975733,12.264914054600606,6.511627906976744,-2.477249747219414,0.32893652102225884,0.5197613721103653,0.15166835187057634,0.3033367037411527,0.3033367037411527,0.4,0.42105263157894735,0.3033367037411527,0.1076581576026637,0.3333333333333333,0.017543859649122806,0.040100250626566414,0.9423558897243107,7.07070707070707,3.0303030303030303,51.515151515151516,49.494949494949495,28.28282828282828,64.04494382022472,12.222222222222221,61.61616161616161,12.371134020618557,34.34343434343435,60.60606060606061,89.8989898989899,27.77777777777778,29.23028208647344,34.09004130653615,48.821548821548824,89.8989898989899
Trey Waters,Men’s Welterweight,3,33.016666666666666,1.0,6.602725896012116,14.114083796062594,5.784957092377587,0.8177688036345288,0.4678111587982833,0.5505882352941176,0.0,0.0,0.4543160020191822,0.3333333333333333,0.9,0.4543160020191822,0.08256880733944955,1.0,0.0045871559633027525,0.013761467889908258,0.981651376146789,64.64646464646465,36.36363636363637,65.65656565656566,23.232323232323232,33.33333333333333,47.752808988764045,83.33333333333334,73.73737373737373,11.34020618556701,78.78787878787878,10.101010101010104,96.96969696969697,47.47474747474748,43.93992046024943,39.470304418758026,51.51515151515152,96.96969696969697
Taiyilake Nueraji,Men’s Welterweight,1,3.55,1.0,7.605633802816902,10.704225352112676,0.5633802816901409,7.042253521126761,0.7105263157894737,0.33333333333333337,0.0,0.0,4.225352112676057,0.3333333333333333,1.0,0.0,0.9597989949748744,0.0,0.9259259259259259,0.0,0.07407407407407407,97.97979797979798,100.0,2.0202020202020203,23.232323232323232,92.92929292929293,47.752808988764045,93.33333333333333,23.232323232323232,94.84536082474226,78.78787878787878,83.83838383838383,79.7979797979798,55.80808080808081,82.21519901903314,70.3356589954528,54.88215488215488,79.7979797979798
Chidi Njokuani,Men’s Welterweight,8,79.18333333333334,1.0,5.720900862976215,9.711639654809513,4.066512313197221,1.6543885497789939,0.5890767230169051,0.5763157894736842,0.18943380340980845,0.18943380340980845,0.0,0.0,0.7575757575757576,0.0,0.37854564208354824,0.6,0.06622516556291391,0.2803532008830022,0.6534216335540839,89.8989898989899,88.88888888888889,78.78787878787878,54.54545454545454,11.616161616161616,7.303370786516854,68.88888888888889,23.232323232323232,40.20618556701031,46.46464646464647,34.34343434343435,69.6969696969697,78.03030303030303,32.00365171464442,25.018223471831718,53.198653198653204,69.6969696969697
Islam Dulatov,Men’s Welterweight,1,4.1,1.0,5.121951219512195,10.0,3.414634146341464,1.7073170731707314,0.5121951219512195,0.4814814814814815,3.658536585365854,0.0,0.0,,1.0,0.0,0.03278688524590164,0.0,0.14285714285714285,0.09523809523809523,0.7619047619047619,90.9090909090909,59.09090909090909,25.252525252525253,97.97979797979798,11.616161616161616,,93.33333333333333,23.232323232323232,5.154639175257731,78.78787878787878,83.83838383838383,75.75757575757575,68.3080808080808,36.70137804158423,13.33437467458086,62.62626262626262,75.75757575757575
Carlston Harris,Men’s Welterweight,8,66.21666666666667,1.0,3.3375283161339038,7.792600050339793,3.503649635036496,-0.1661213189025923,0.42829457364341084,0.5186721991701244,0.45305814246161585,0.9061162849232317,1.1326453561540397,0.2,0.5555555555555556,0.45305814246161585,0.37213930348258706,0.75,0.12217194570135746,0.058823529411764705,0.8190045248868778,35.35353535353536,21.21212121212121,49.494949494949495,75.75757575757575,59.59595959595959,20.224719101123593,34.44444444444444,72.72727272727273,39.175257731958766,8.080808080808083,24.74747474747474,41.41414141414141,45.45454545454545,38.3600952183716,57.16616335173037,27.44107744107744,41.41414141414141
Andreas Gustafsson,Men’s Welterweight,2,15.9,1.0,6.477987421383648,9.245283018867925,3.89937106918239,2.5786163522012577,0.7006802721088435,0.4655172413793104,0.0,0.0,7.547169811320755,0.5714285714285714,,0.0,0.8027972027972028,1.0,0.18446601941747573,0.5145631067961165,0.30097087378640774,92.92929292929293,98.98989898989899,18.181818181818183,23.232323232323232,96.96969696969697,91.57303370786516,,23.232323232323232,77.31958762886599,78.78787878787878,10.101010101010104,57.57575757575758,58.333333333333336,88.62077276880937,65.84053594362872,35.69023569023569,57.57575757575758
Themba Gorimbo,Men’s Welterweight,8,83.01666666666667,1.0,2.6982533627785585,4.758080706685405,1.7466372214414776,0.951616141337081,0.5670886075949367,0.5150501672240803,0.36137321822927126,0.0,4.517165227865891,0.625,0.7307692307692308,0.36137321822927126,0.6847995835502343,0.5,0.20089285714285715,0.25,0.5491071428571429,67.67676767676768,85.85858585858585,46.464646464646464,65.65656565656566,95.95959595959596,95.50561797752809,65.55555555555556,67.67676767676768,67.0103092783505,78.78787878787878,43.93939393939394,14.14141414141414,66.41414141414141,81.00776969275753,76.88222430490471,56.39730639730639,14.14141414141414
Austin Vanderford,Men’s Welterweight,2,16.616666666666667,1.0,2.647943831494483,4.092276830491475,1.5646940822467401,1.083249749247743,0.6470588235294118,0.5185185185185186,0.0,0.0,4.513540621865596,0.5,1.0,0.9027081243731193,0.9456681350954479,1.0,0.8409090909090909,0.0,0.1590909090909091,74.74747474747475,96.96969696969697,48.484848484848484,23.232323232323232,93.93939393939394,83.70786516853933,93.33333333333333,85.85858585858585,93.81443298969072,78.78787878787878,10.101010101010104,7.07070707070707,60.85858585858586,91.19875635773933,91.20413759589017,45.791245791245785,7.07070707070707
Phil Rowe,Men’s Welterweight,8,104.08333333333333,1.0,3.1513210568454766,6.734987990392314,3.8622898318654926,-0.710968775020016,0.46790299572039945,0.5030902348578492,0.4323458767013611,0.14411529223378705,0.2882305844675741,0.4,0.5641025641025641,0.2882305844675741,0.1605659796985543,0.0,0.006097560975609756,0.12804878048780488,0.8658536585365854,23.232323232323232,37.37373737373738,35.35353535353536,73.73737373737373,27.27272727272727,64.04494382022472,37.77777777777778,59.59595959595959,17.525773195876287,51.515151515151516,83.83838383838383,29.292929292929294,42.42424242424242,36.65530551665152,34.798153354854385,56.9023569023569,29.292929292929294
Theodor Berggren,Men’s Welterweight,1,6.583333333333333,1.0,3.4936708860759493,9.721518987341772,10.784810126582279,-7.29113924050633,0.359375,0.33644859813084116,0.0,4.556962025316456,0.0,,,0.0,0.38636363636363635,1.0,0.0,0.13043478260869565,0.8695652173913043,3.0303030303030303,6.0606060606060606,3.0303030303030303,23.232323232323232,11.616161616161616,,,23.232323232323232,42.2680412371134,2.0202020202020208,10.101010101010104,71.71717171717171,8.838383838383837,26.942101426637507,25.705508695199416,5.050505050505052,71.71717171717171
Josiah Harrell,Men’s Welterweight,1,3.0166666666666666,1.0,2.320441988950276,4.640883977900552,10.939226519337018,-8.61878453038674,0.5,0.2978723404255319,0.0,0.0,0.0,0.0,0.0,0.0,0.045454545454545456,1.0,0.0,0.0,1.0,2.0202020202020203,54.04040404040404,1.0101010101010102,23.232323232323232,11.616161616161616,7.303370786516854,1.1111111111111112,23.232323232323232,6.185567010309279,78.78787878787878,10.101010101010104,11.616161616161616,20.075757575757578,6.554052631024715,13.67801728626471,29.966329966329965,11.616161616161616
Ding Meng,Men’s Welterweight,1,15.0,1.0,4.2,9.733333333333333,4.8,-0.5999999999999996,0.4315068493150685,0.5294117647058824,0.0,0.0,0.0,,,0.0,,0.0,0.0,0.015873015873015872,0.9841269841269841,28.28282828282828,23.232323232323232,54.54545454545454,23.232323232323232,11.616161616161616,,,23.232323232323232,,78.78787878787878,83.83838383838383,72.72727272727273,32.323232323232325,11.616161616161616,17.424242424242422,72.39057239057239,72.72727272727273
Jefferson Nascimento,Men’s Welterweight,1,14.466666666666667,1.0,2.4193548387096775,4.976958525345622,2.557603686635945,-0.13824884792626735,0.4861111111111111,0.5747126436781609,0.0,0.0,0.0,0.0,0.6666666666666667,0.0,0.14666666666666667,1.0,0.0,0.05714285714285714,0.9428571428571428,37.37373737373738,47.474747474747474,77.77777777777779,23.232323232323232,11.616161616161616,7.303370786516854,51.11111111111111,23.232323232323232,16.49484536082474,78.78787878787878,10.101010101010104,19.19191919191919,46.46464646464647,21.63137221865358,17.114443403103195,55.555555555555564,19.19191919191919
Leon Shahbazyan,Men’s Welterweight,1,0.38333333333333336,1.0,0.0,2.608695652173913,15.652173913043477,-15.652173913043477,0.0,0.4545454545454546,0.0,39.130434782608695,0.0,,,0.0,0.0,1.0,,,,1.0101010101010102,1.0101010101010102,15.656565656565657,23.232323232323232,11.616161616161616,,,23.232323232323232,2.0618556701030926,1.0101010101010102,10.101010101010104,2.0202020202020203,10.227272727272727,6.839008643132354,12.303446839529315,8.922558922558924,2.0202020202020203
Oban Elliott,Men’s Welterweight,6,66.0,1.0,3.5606060606060606,7.2272727272727275,2.257575757575758,1.3030303030303028,0.49266247379454925,0.5962059620596206,0.2272727272727273,0.6818181818181819,0.9090909090909092,0.3333333333333333,0.5238095238095238,0.0,0.5123799898938858,0.6666666666666666,0.17872340425531916,0.059574468085106386,0.7617021276595745,82.82828282828282,50.505050505050505,83.83838383838383,58.58585858585859,50.505050505050505,47.752808988764045,30.0,23.232323232323232,53.608247422680414,12.121212121212125,29.797979797979792,35.35353535353536,68.93939393939394,45.46652672912374,42.44854038668472,41.91919191919192,35.35353535353536
Rodrigo Sezinando,Men’s Welterweight,1,4.45,1.0,2.2471910112359548,8.089887640449438,8.764044943820224,-6.516853932584269,0.2777777777777778,0.42647058823529416,0.0,3.3707865168539324,3.3707865168539324,0.25,0.6666666666666667,0.0,0.496,1.0,0.0,0.3,0.7,4.040404040404041,2.0202020202020203,9.090909090909092,23.232323232323232,87.87878787878788,31.46067415730337,51.11111111111111,23.232323232323232,51.546391752577314,3.030303030303031,10.101010101010104,43.43434343434344,9.595959595959595,55.49924122494492,54.219167621229474,7.407407407407409,43.43434343434344
Saygid Izagakhmaev,Men’s Welterweight,2,30.0,1.0,1.7666666666666666,3.9,1.7666666666666666,0.0,0.452991452991453,0.6015037593984962,0.0,0.0,3.0,0.35294117647058826,0.6666666666666667,1.5,0.3614637789395071,0.0,0.07547169811320754,0.33962264150943394,0.5849056603773585,40.4040404040404,30.808080808080806,85.85858585858585,23.232323232323232,84.34343434343434,56.17977528089888,51.11111111111111,95.95959595959596,36.08247422680412,78.78787878787878,83.83838383838383,6.0606060606060606,45.07575757575757,56.929198740562114,72.1285015099448,82.82828282828282,6.0606060606060606
Eric Nolan,Men’s Welterweight,2,22.016666666666666,1.0,1.680545041635125,4.85995457986374,2.5889477668433005,-0.9084027252081754,0.34579439252336447,0.44660194174757284,0.0,0.0,0.0,0.0,0.4411764705882353,0.0,0.02244668911335578,0.5,0.0,0.10810810810810811,0.8918918918918919,16.161616161616163,4.040404040404041,12.121212121212121,23.232323232323232,11.616161616161616,7.303370786516854,15.0,23.232323232323232,4.123711340206185,78.78787878787878,43.93939393939394,16.161616161616163,13.88888888888889,9.510810935721164,12.99073206289701,44.94949494949495,16.161616161616163
Max Griffin,Men’s Welterweight,8,116.93333333333334,1.0,3.1898517673888254,7.080957810718358,3.403648802736602,-0.21379703534777672,0.4504830917874396,0.6004016064257028,0.3848346636259977,0.0,1.154503990877993,0.3103448275862069,0.71875,0.0,0.5286506469500925,0.2,0.04825737265415549,0.032171581769437,0.9195710455764075,34.34343434343434,29.292929292929294,84.84848484848484,66.66666666666666,60.60606060606061,40.44943820224719,62.22222222222222,23.232323232323232,56.70103092783505,78.78787878787878,66.66666666666667,34.34343434343434,53.78787878787878,54.99468798959127,46.84647158873963,76.76767676767678,34.34343434343434
Daniel Frunza,Men’s Welterweight,2,19.483333333333334,1.0,2.5149700598802394,7.236954662104362,3.7981180496150553,-1.283147989734816,0.3475177304964539,0.5033557046979866,0.0,2.309666381522669,0.0,,0.4,0.0,0.0,1.0,0.0,0.12244897959183673,0.8775510204081632,15.151515151515152,5.05050505050505,36.36363636363637,23.232323232323232,11.616161616161616,,6.666666666666667,23.232323232323232,2.0618556701030926,4.0404040404040416,10.101010101010104,36.36363636363637,19.949494949494948,6.781561317643792,12.303446839529315,16.835016835016837,36.36363636363637
Nikolay Veretennikov,Men’s Welterweight,6,59.43333333333334,1.0,2.5574873808188445,4.761637689287717,3.3987661245092537,-0.8412787436904092,0.5371024734982333,0.4404432132963989,0.0,0.2523836231071228,0.5047672462142456,0.2222222222222222,0.6666666666666667,0.5047672462142456,0.11614875191034131,0.5,0.05263157894736842,0.2236842105263158,0.7236842105263158,19.19191919191919,76.76767676767676,11.11111111111111,23.232323232323232,35.35353535353536,24.719101123595504,51.11111111111111,76.76767676767676,14.432989690721648,35.35353535353535,43.93939393939394,15.151515151515152,32.57575757575758,31.404184319740907,42.18473393731126,30.134680134680135,15.151515151515152
Kevin Jousset,Men’s Welterweight,4,43.599999999999994,1.0,6.605504587155965,12.798165137614681,6.490825688073396,0.1146788990825689,0.5161290322580645,0.509532062391681,0.0,0.34403669724770647,0.6880733944954129,0.4,1.0,0.34403669724770647,0.3939393939393939,0.5,0.0,0.10416666666666667,0.8958333333333334,47.474747474747474,64.64646464646465,40.4040404040404,23.232323232323232,42.42424242424242,64.04494382022472,93.33333333333333,66.66666666666666,43.29896907216495,31.313131313131308,43.93939393939394,91.91919191919192,43.939393939393945,60.77537216249135,50.79662605435801,38.55218855218855,91.91919191919192
Song Kenan,Men’s Welterweight,8,82.85,1.0,4.550392275196138,9.571514785757394,5.914302957151479,-1.3639106819553408,0.47540983606557374,0.4994892747701737,0.5431502715751358,0.5431502715751358,0.5431502715751358,0.3,0.7666666666666666,0.0,0.2153163152053274,0.75,0.013262599469496022,0.1273209549071618,0.8594164456233422,13.131313131313133,43.43434343434344,34.34343434343434,81.81818181818183,37.37373737373738,38.764044943820224,70.0,23.232323232323232,21.649484536082475,16.161616161616166,24.74747474747474,66.66666666666666,43.18181818181819,41.946816713410016,27.41851504738103,25.084175084175083,66.66666666666666
Ange Loosa,Men’s Welterweight,6,80.05,1.0,5.683947532792005,11.755153029356652,6.470955652717052,-0.7870081199250469,0.48352816153028694,0.5247706422018348,0.18738288569643974,0.18738288569643974,2.810743285446596,0.40540540540540543,0.7777777777777778,0.0,0.8505190311418686,0.3333333333333333,0.12527472527472527,0.12307692307692308,0.7516483516483516,20.2020202020202,45.45454545454545,53.535353535353536,53.535353535353536,81.81818181818183,67.41573033707866,71.11111111111111,23.232323232323232,82.4742268041237,47.474747474747474,60.60606060606061,87.87878787878788,43.18181818181818,75.70481251762382,62.50824395154293,53.87205387205387,87.87878787878788
Adam Fugitt,Men’s Welterweight,6,45.93333333333333,1.0,4.8766328011611035,10.428156748911467,5.333817126269957,-0.45718432510885343,0.46764091858037576,0.5138888888888888,0.0,1.632801161103048,1.632801161103048,0.22727272727272727,0.5,0.0,0.7709251101321586,1.0,0.026785714285714284,0.07589285714285714,0.8973214285714286,30.303030303030305,35.35353535353536,44.94949494949495,23.232323232323232,67.67676767676768,25.842696629213485,23.333333333333332,23.232323232323232,72.16494845360825,5.050505050505052,10.101010101010104,78.78787878787878,33.45959595959596,47.25443652323068,54.35801312089973,20.033670033670035,78.78787878787878
Billy Ray Goff,Men’s Welterweight,3,28.516666666666666,1.0,4.979544126241964,10.835768556399767,8.065458796025716,-3.085914669783752,0.459546925566343,0.4854586129753915,0.0,1.0520163646990064,0.5260081823495032,0.047619047619047616,0.5,0.0,0.7440758293838863,0.6666666666666666,0.0,0.11267605633802817,0.8873239436619719,6.0606060606060606,33.33333333333333,28.28282828282828,23.232323232323232,36.36363636363637,14.606741573033707,23.333333333333332,23.232323232323232,70.10309278350515,7.070707070707073,29.797979797979792,80.8080808080808,22.727272727272727,36.10170101337714,43.23301745982158,21.717171717171713,80.8080808080808
Court McGee,Men’s Welterweight,8,84.03333333333333,1.0,3.558111860372868,8.508528361761206,3.2606108687028956,0.29750099166997224,0.41818181818181815,0.6046176046176046,0.17850059500198334,0.53550178500595,1.9635065450218168,0.36666666666666664,0.8666666666666667,0.53550178500595,0.8728448275862069,0.4,0.0802675585284281,0.03678929765886288,0.882943143812709,50.505050505050505,16.161616161616163,88.88888888888889,51.515151515151516,70.70707070707071,59.55056179775281,78.88888888888889,78.78787878787878,88.65979381443299,17.171717171717177,54.54545454545455,50.505050505050505,51.76767676767676,74.45157880203635,79.38491443646082,53.53535353535354,50.505050505050505
Bassil Hafez,Men’s Welterweight,3,40.666666666666664,1.0,3.7131147540983607,9.713114754098362,5.680327868852459,-1.9672131147540988,0.3822784810126582,0.4181360201511335,0.0,0.36885245901639346,2.2131147540983607,0.24,0.5,0.0,0.8408304498269896,0.5,0.019867549668874173,0.039735099337748346,0.9403973509933775,10.1010101010101,9.090909090909092,7.07070707070707,23.232323232323232,76.76767676767676,26.96629213483146,23.333333333333332,23.232323232323232,81.44329896907216,29.2929292929293,43.93939393939394,70.70707070707071,12.373737373737374,52.12765030122843,60.48109965635738,26.76767676767677,70.70707070707071
Zachary Scroggin,Men’s Welterweight,1,1.25,1.0,2.4,6.4,8.8,-6.4,0.375,0.6857142857142857,0.0,0.0,0.0,,,0.0,0.0,1.0,0.0,0.0,1.0,5.05050505050505,7.07070707070707,96.96969696969697,23.232323232323232,11.616161616161616,,,23.232323232323232,2.0618556701030926,78.78787878787878,10.101010101010104,28.28282828282828,33.08080808080808,6.839008643132354,12.303446839529315,61.95286195286195,28.28282828282828
Kiefer Crosbie,Men’s Welterweight,3,11.2,1.0,4.464285714285714,6.964285714285714,5.803571428571429,-1.3392857142857144,0.6410256410256411,0.4672131147540983,0.0,0.0,0.0,0.0,0.4,0.0,0.07301587301587302,1.0,0.0,0.06,0.94,14.14141414141414,94.94949494949495,19.19191919191919,23.232323232323232,11.616161616161616,7.303370786516854,6.666666666666667,23.232323232323232,10.309278350515463,78.78787878787878,10.101010101010104,33.33333333333333,37.87878787878788,8.97386935496515,15.052587733000104,36.02693602693603,33.33333333333333
Niko Price,Men’s Welterweight,8,70.86666666666666,1.0,4.854186265286924,10.357478833490124,5.1505174035747885,-0.29633113828786417,0.46866485013623976,0.48079658605974396,0.0,0.2116650987770461,1.4816556914393226,0.4375,0.2777777777777778,0.2116650987770461,0.34262125902992774,0.8333333333333334,0.14534883720930233,0.10174418604651163,0.752906976744186,32.323232323232325,38.38383838383838,24.242424242424242,23.232323232323232,63.63636363636363,70.78651685393258,2.2222222222222223,57.57575757575758,32.98969072164948,42.42424242424242,20.202020202020208,77.77777777777779,29.545454545454547,42.40869835854198,51.400603977923566,28.956228956228955,77.77777777777779
Tim Means,Men’s Welterweight,8,75.33333333333334,1.0,5.376106194690265,9.371681415929203,3.9955752212389375,1.3805309734513274,0.5736543909348442,0.5547337278106509,0.3982300884955752,0.3982300884955752,1.5929203539823007,0.36363636363636365,0.6842105263157895,0.0,0.5631728045325779,0.8,0.06419753086419754,0.18024691358024691,0.7555555555555555,84.84848484848484,86.86868686868688,67.67676767676768,70.70707070707071,66.66666666666666,57.30337078651685,56.111111111111114,23.232323232323232,59.79381443298969,25.25252525252526,21.717171717171723,60.60606060606061,77.52525252525253,59.96874074932107,49.89760144399319,38.21548821548822,60.60606060606061
Trevin Giles,Men’s Welterweight,8,81.05,1.0,2.813078346699568,5.465761875385565,2.8871067242442936,-0.07402837754472547,0.5146726862302483,0.5347912524850895,0.0,0.5552128315854411,0.7402837754472549,0.2857142857142857,0.6363636363636364,0.37014188772362744,0.39851485148514854,0.8,0.09649122807017543,0.06140350877192982,0.8421052631578947,38.38383838383838,62.62626262626263,56.56565656565656,23.232323232323232,45.45454545454545,37.07865168539326,43.333333333333336,69.6969696969697,44.329896907216494,14.141414141414131,21.717171717171723,22.22222222222222,45.2020202020202,42.54910684512214,53.16047068624388,30.808080808080806,22.22222222222222
Francisco Prado,Men’s Welterweight,6,79.08333333333333,1.0,3.6796628029504745,8.43414120126449,4.311907270811381,-0.6322444678609065,0.4362818590704648,0.5422818791946309,0.18967334035827185,0.0,0.7586933614330874,0.19047619047619047,0.4,0.7586933614330874,0.41727837380011296,0.0,0.13745704467353953,0.06872852233676977,0.7938144329896907,26.262626262626267,25.252525252525253,60.60606060606061,55.55555555555556,46.464646464646464,19.101123595505616,6.666666666666667,82.82828282828282,48.45360824742268,78.78787878787878,83.83838383838383,48.484848484848484,41.91919191919192,30.171511243560357,59.248845846784,74.41077441077441,48.484848484848484
Rhys McKee,Men’s Welterweight,6,65.18333333333334,1.0,4.709792891843518,11.536691383277933,7.149066734850422,-2.4392738430069034,0.40824468085106386,0.47344632768361583,0.6903605216057274,0.23012017386857578,0.0,0.0,0.47619047619047616,0.0,0.34221598877980364,0.4,0.016286644951140065,0.08469055374592833,0.8990228013029316,8.080808080808081,15.151515151515152,20.2020202020202,85.85858585858585,11.616161616161616,7.303370786516854,18.88888888888889,23.232323232323232,31.958762886597935,39.3939393939394,54.54545454545455,85.85858585858585,32.32323232323232,17.441796044541324,22.269082578360926,38.04713804713805,85.85858585858585
Matthew Semelsberger,Men’s Welterweight,8,88.7,1.0,2.976324689966178,7.508455467869222,3.7429537767756482,-0.7666290868094703,0.3963963963963964,0.49157733537519144,1.3528748590755355,0.16910935738444194,1.0146561443066515,0.5,0.4411764705882353,0.3382187147688839,0.40644171779141103,0.4,0.1856060606060606,0.10227272727272728,0.7121212121212122,21.21212121212121,12.121212121212121,31.313131313131315,90.9090909090909,55.55555555555556,83.70786516853933,15.0,65.65656565656566,46.391752577319586,49.494949494949495,54.54545454545455,39.39393939393939,38.888888888888886,50.163793325353616,55.8679579298136,45.117845117845114,39.39393939393939
Preston Parsons,Men’s Welterweight,6,65.0,1.0,3.5384615384615383,6.8307692307692305,3.246153846153846,0.29230769230769216,0.5180180180180181,0.5491452991452992,0.0,0.23076923076923078,3.4615384615384617,0.36585365853658536,0.7142857142857143,2.307692307692308,0.6010147601476015,0.5,0.20434782608695654,0.13478260869565217,0.6608695652173913,49.494949494949495,67.67676767676768,63.63636363636363,23.232323232323232,88.88888888888889,58.42696629213483,60.0,98.98989898989899,61.855670103092784,38.38383838383838,43.93939393939394,31.313131313131315,51.01010101010101,67.29288132102913,83.24481932729356,48.65319865319865,31.313131313131315
Mickey Gall,Men’s Welterweight,8,78.76666666666668,1.0,4.164198053322048,8.455353364367328,5.548032162505289,-1.3838341091832413,0.4924924924924925,0.5034090909090909,0.0,0.761743546339399,0.761743546339399,0.21052631578947367,0.3571428571428571,0.3808717731696995,0.32217573221757323,0.5,0.04878048780487805,0.12195121951219512,0.8292682926829268,12.121212121212121,49.494949494949495,37.37373737373738,23.232323232323232,47.474747474747474,21.34831460674157,3.3333333333333335,70.70707070707071,29.896907216494846,11.111111111111114,43.93939393939394,49.494949494949495,30.555555555555557,25.513325657829306,49.35957513277102,30.808080808080813,49.494949494949495
Jared Gooden,Men’s Welterweight,7,82.31666666666666,1.0,4.397651346426402,9.013970439360195,6.742255517311197,-2.3446041708847947,0.48787061994609165,0.4526627218934911,0.18222312208949182,0.0,0.9111156104474591,0.45454545454545453,0.65,0.36444624417898364,0.17188358045030203,0.0,0.04419889502762431,0.08839779005524862,0.8674033149171271,9.090909090909092,48.484848484848484,14.14141414141414,52.52525252525253,51.515151515151516,73.03370786516854,46.666666666666664,68.68686868686868,20.618556701030926,78.78787878787878,83.83838383838383,54.54545454545454,31.060606060606062,47.95852068700441,46.94019230101704,58.92255892255892,54.54545454545454
Norma Dumont,Women’s Bantamweight,8,120.0,1.0,3.7916666666666665,7.391666666666667,2.3916666666666666,1.4,0.5129650507328072,0.6243455497382199,0.125,0.125,1.5,0.6,0.625,0.0,0.5880798590722255,0.0,0.05274725274725275,0.11868131868131868,0.8285714285714286,76.47058823529412,61.76470588235294,79.41176470588235,57.35294117647059,64.70588235294117,89.0625,51.515151515151516,19.11764705882353,72.72727272727273,36.76470588235294,80.88235294117646,44.11764705882353,68.75,69.50270164884135,52.18360071301248,65.68627450980392,44.11764705882353
Ailin Perez,Women’s Bantamweight,7,88.76666666666668,1.0,2.883965452497183,5.125797972211791,1.577168606834397,1.306796845662786,0.5626373626373626,0.5652173913043479,0.16898235073225681,0.0,4.900488171235448,0.4915254237288136,0.7272727272727273,0.16898235073225681,0.6540049545829892,1.0,0.34765625,0.171875,0.48046875,73.52941176470588,88.23529411764706,64.70588235294117,64.70588235294117,100.0,75.0,66.66666666666666,41.17647058823529,78.78787878787878,70.58823529411765,7.352941176470583,14.705882352941178,72.79411764705881,80.11363636363636,73.32144979203802,47.54901960784314,14.705882352941178
Joselyne Edwards,Women’s Bantamweight,8,87.19999999999999,1.0,3.7500000000000004,7.133027522935781,2.912844036697248,0.8371559633027523,0.5257234726688103,0.5058365758754864,0.17201834862385323,0.17201834862385323,2.064220183486239,0.46153846153846156,0.6,0.8600917431192662,0.5822692448011675,0.0,0.11009174311926606,0.07033639143730887,0.8195718654434251,70.58823529411765,70.58823529411765,35.294117647058826,67.64705882352942,76.47058823529412,65.625,45.45454545454545,85.29411764705883,69.6969696969697,23.529411764705888,80.88235294117646,38.23529411764706,61.02941176470589,64.31177584670232,77.15389185977422,46.56862745098039,38.23529411764706
Luana Santos,Women’s Bantamweight,7,77.11666666666667,1.0,2.528636265398746,4.720121028744327,2.4508320726172466,0.07780419278149964,0.5357142857142857,0.6440677966101696,0.0,0.0,2.1396153014912467,0.3793103448275862,0.8571428571428572,0.9725524097687486,0.9011648429226968,0.0,0.020512820512820513,0.08717948717948718,0.8923076923076924,50.0,76.47058823529412,85.29411764705883,26.47058823529412,79.41176470588235,56.25,83.33333333333334,94.11764705882352,93.93939393939394,70.58823529411765,80.88235294117646,5.88235294117647,59.55882352941176,78.2336229946524,89.15626856803328,78.92156862745098,5.88235294117647
Ketlen Vieira,Women’s Bantamweight,8,140.0,1.0,2.742857142857143,6.421428571428572,3.664285714285714,-0.9214285714285713,0.4271412680756396,0.4823410696266398,0.0,0.0,0.75,0.35,0.8846153846153846,0.5357142857142857,0.5972110485384822,0.0,0.049479166666666664,0.1484375,0.8020833333333334,17.647058823529413,23.52941176470588,23.52941176470588,26.47058823529412,50.0,46.875,87.87878787878788,79.41176470588235,75.75757575757575,70.58823529411765,80.88235294117646,26.47058823529412,22.794117647058822,65.1278409090909,68.38978015448603,58.333333333333336,26.47058823529412
Raquel Pennington,Women’s Bantamweight,8,133.11666666666667,1.0,4.950544635031926,9.480405659196194,3.3203956429197445,1.630148992112182,0.5221870047543582,0.5679374389051808,0.11268311005383748,0.0,0.4507324402153499,0.3076923076923077,0.5925925925925926,0.33804933016151245,0.4183132530120482,0.0,0.07283763277693475,0.30197268588770865,0.6251896813353566,82.35294117647058,67.64705882352942,67.64705882352942,52.94117647058824,41.17647058823529,37.5,42.42424242424242,67.64705882352942,48.484848484848484,70.58823529411765,80.88235294117646,76.47058823529412,67.64705882352942,42.396390374331546,52.436125965537734,73.03921568627452,76.47058823529412
Jacqueline Cavalcanti,Women’s Bantamweight,6,90.0,1.0,5.3,11.322222222222223,2.977777777777778,2.322222222222222,0.4681059862610402,0.6858147713950762,0.0,0.0,0.0,0.0,0.8571428571428572,0.0,0.15846338535414164,0.0,0.0,0.04821802935010482,0.9517819706498952,94.11764705882352,47.05882352941176,94.11764705882352,26.47058823529412,11.76470588235294,9.375,83.33333333333334,19.11764705882353,18.181818181818183,70.58823529411765,80.88235294117646,91.17647058823529,65.44117647058823,30.663714349376118,16.354723707664885,81.86274509803921,91.17647058823529
Julianna Pena,Women’s Bantamweight,8,119.89999999999999,1.0,3.1442869057547957,7.264386989157632,3.0191826522101755,0.1251042535446203,0.43283582089552236,0.5805330243337196,0.0,0.5004170141784822,1.2510425354462054,0.47619047619047616,0.2272727272727273,0.5004170141784822,0.39504899432697266,0.75,0.09814323607427056,0.129973474801061,0.7718832891246684,52.94117647058824,32.35294117647059,70.58823529411765,26.47058823529412,61.76470588235294,71.875,6.0606060606060606,76.47058823529412,42.42424242424242,8.823529411764714,19.117647058823525,41.17647058823529,45.588235294117645,45.53113859180036,60.21984551396316,32.84313725490196,41.17647058823529
Yana Santos,Women’s Bantamweight,8,109.58333333333333,1.0,4.152091254752852,6.789353612167301,2.7193916349809886,1.4326996197718636,0.6115591397849462,0.547112462006079,0.13688212927756654,0.13688212927756654,0.13688212927756654,0.25,0.5769230769230769,0.0,0.4490780141843972,0.3333333333333333,0.05274725274725275,0.4065934065934066,0.5406593406593406,79.41176470588235,97.05882352941177,52.94117647058824,61.76470588235294,23.52941176470588,32.8125,36.36363636363637,19.11764705882353,51.515151515151516,29.41176470588235,44.11764705882352,32.35294117647059,72.79411764705883,36.05517491087345,31.387403446226973,42.15686274509804,32.35294117647059
Bia Mesquita,Women’s Bantamweight,3,12.616666666666667,1.0,4.51783355350066,7.926023778071334,1.2681638044914134,3.2496697490092465,0.57,0.7142857142857143,0.0,0.0,3.5667107001321003,0.75,0.0,3.5667107001321003,0.8253012048192772,0.0,0.8070175438596491,0.0,0.19298245614035087,100.0,91.17647058823529,97.05882352941177,26.47058823529412,97.05882352941177,95.3125,3.0303030303030303,100.0,84.84848484848484,70.58823529411765,80.88235294117646,61.76470588235294,78.6764705882353,70.06252785204991,93.9691027926322,82.84313725490196,61.76470588235294
Karol Rosa,Women’s Bantamweight,8,120.0,1.0,4.725,8.433333333333334,4.175,0.5499999999999998,0.5602766798418972,0.4898167006109979,0.125,0.125,0.875,0.4666666666666667,0.736842105263158,0.25,0.510989010989011,0.0,0.06701940035273368,0.1128747795414462,0.8201058201058201,58.82352941176471,85.29411764705883,26.47058823529412,57.35294117647059,58.82352941176471,68.75,69.6969696969697,50.0,60.60606060606061,36.76470588235294,80.88235294117646,67.64705882352942,56.98529411764706,64.46913992869875,56.476530005941775,48.03921568627451,67.64705882352942
Kayla Harrison,Women’s Bantamweight,3,31.699999999999996,1.0,4.290220820189275,6.908517350157729,1.10410094637224,3.1861198738170353,0.6210045662100456,0.6601941747572815,0.0,0.0,2.8391167192429023,0.375,1.0,0.9463722397476342,0.9868995633187773,0.0,0.5294117647058824,0.17647058823529413,0.29411764705882354,97.05882352941177,100.0,88.23529411764706,26.47058823529412,88.23529411764706,51.5625,95.45454545454545,91.17647058823529,100.0,70.58823529411765,80.88235294117646,35.294117647058826,77.94117647058825,83.81308489304813,93.13725490196079,79.90196078431372,35.294117647058826
Michelle Montague,Women’s Bantamweight,2,30.0,1.0,2.7666666666666666,5.7,2.466666666666667,0.2999999999999998,0.4853801169590643,0.4173228346456693,0.0,0.0,3.5,0.5384615384615384,,0.0,0.9269911504424779,0.0,0.5903614457831325,0.012048192771084338,0.39759036144578314,55.88235294117647,58.82352941176471,8.823529411764707,26.47058823529412,94.11764705882352,84.375,,19.11764705882353,96.96969696969697,70.58823529411765,80.88235294117646,20.588235294117645,37.50000000000001,91.82078134284018,70.06833036244801,53.43137254901961,20.588235294117645
Macy Chiasson,Women’s Bantamweight,8,91.33333333333334,1.0,2.5729927007299267,5.999999999999999,3.1532846715328464,-0.5802919708029197,0.42883211678832117,0.4418604651162791,0.0,0.16423357664233576,2.463503649635036,0.4411764705882353,0.6111111111111112,0.3284671532846715,0.5149305555555556,0.4,0.11914893617021277,0.2425531914893617,0.6382978723404256,35.294117647058826,26.47058823529412,14.705882352941178,26.47058823529412,85.29411764705883,62.5,48.484848484848484,61.76470588235294,63.63636363636363,26.47058823529412,32.35294117647058,23.52941176470588,25.735294117647058,64.97883244206774,70.23172905525847,24.50980392156863,23.52941176470588
Melissa Croden,Women’s Bantamweight,3,44.53333333333333,1.0,4.266467065868263,9.02694610778443,2.1332335329341316,2.1332335329341316,0.472636815920398,0.594017094017094,0.33682634730538924,0.0,2.0209580838323356,0.5,0.6666666666666667,0.33682634730538924,0.4856722997795738,0.0,0.2,0.17894736842105263,0.6210526315789474,88.23529411764706,50.0,73.52941176470588,79.41176470588235,73.52941176470588,79.6875,60.60606060606061,64.70588235294117,57.57575757575758,70.58823529411765,80.88235294117646,73.52941176470588,72.79411764705883,67.84968248663101,65.27035056446822,75.0,73.52941176470588
Luana Carolina,Women’s Bantamweight,8,116.73333333333333,1.0,4.206167904054825,8.189605939463164,3.3837806967447173,0.8223872073101082,0.5135983263598326,0.5188794153471377,0.0,0.12849800114220444,0.3854940034266134,0.42857142857142855,0.6382978723404256,0.12849800114220444,0.329738933030647,0.3333333333333333,0.06924643584521385,0.22606924643584522,0.7046843177189409,67.64705882352942,64.70588235294117,44.11764705882353,26.47058823529412,35.294117647058826,59.375,54.54545454545454,38.23529411764706,36.36363636363637,32.35294117647058,44.11764705882352,64.70588235294117,50.735294117647065,46.39455213903744,36.63101604278075,40.19607843137255,64.70588235294117
Klaudia Sygula,Women’s Bantamweight,3,36.333333333333336,1.0,7.26605504587156,15.082568807339449,5.504587155963303,1.761467889908257,0.48175182481751827,0.562363238512035,0.0,0.0,0.4128440366972477,0.125,0.4,0.0,0.41115702479338845,1.0,0.011363636363636364,0.022727272727272728,0.9659090909090909,85.29411764705883,55.88235294117647,61.76470588235294,26.47058823529412,38.23529411764706,21.875,15.151515151515152,19.11764705882353,45.45454545454545,70.58823529411765,7.352941176470583,100.0,57.35294117647059,30.179088680926917,34.26916221033868,46.568627450980394,100.0
Nina Milosevic,Women’s Bantamweight,1,3.683333333333333,1.0,5.701357466063349,10.588235294117649,3.5294117647058827,2.171945701357466,0.5384615384615384,0.7291666666666667,4.0723981900452495,0.0,0.0,,1.0,0.0,,0.0,0.0,0.23809523809523808,0.7619047619047619,91.17647058823529,79.41176470588235,100.0,100.0,11.76470588235294,,95.45454545454545,19.11764705882353,,70.58823529411765,80.88235294117646,88.23529411764706,92.6470588235294,53.6096256684492,15.441176470588236,83.82352941176471,88.23529411764706
Irene Aldana,Women’s Bantamweight,8,116.78333333333333,1.0,4.701013272441844,11.645497359783075,6.935921221635508,-2.234907949193664,0.4036764705882353,0.5224056603773585,0.3853289567575282,0.0,0.0,,0.6666666666666667,0.2568859711716855,0.14487632508833923,0.0,0.07285974499089254,0.029143897996357013,0.8979963570127505,5.88235294117647,14.705882352941178,47.05882352941176,88.23529411764706,11.76470588235294,,60.60606060606061,52.94117647058824,15.151515151515152,70.58823529411765,80.88235294117646,94.11764705882352,38.970588235294116,29.174093879976237,26.619132501485442,66.17647058823529,94.11764705882352
Chelsea Chandler,Women’s Bantamweight,6,55.46666666666667,1.0,3.515625,7.806490384615384,4.272836538461538,-0.7572115384615383,0.4503464203233256,0.40452261306532666,0.2704326923076923,0.2704326923076923,0.8112980769230769,0.6,0.25,0.2704326923076923,0.5756676557863502,0.3333333333333333,0.17435897435897435,0.21025641025641026,0.6153846153846154,29.411764705882355,38.23529411764706,5.88235294117647,76.47058823529412,55.88235294117647,89.0625,9.090909090909092,55.88235294117647,66.66666666666666,17.64705882352941,44.11764705882352,55.88235294117647,37.5,55.175607174688054,59.47712418300653,22.549019607843135,55.88235294117647
Alice Pereira,Women’s Bantamweight,2,24.4,1.0,2.8278688524590168,7.704918032786885,3.114754098360656,-0.28688524590163933,0.3670212765957447,0.6695652173913044,0.6147540983606558,0.0,0.0,0.0,0.75,0.0,0.057441253263707574,0.0,0.028985507246376812,0.07246376811594203,0.8985507246376812,44.11764705882353,5.88235294117647,91.17647058823529,94.11764705882352,11.76470588235294,9.375,75.75757575757575,19.11764705882353,6.0606060606060606,70.58823529411765,80.88235294117646,52.94117647058824,58.82352941176471,25.73947192513369,12.314319667260845,80.88235294117646,52.94117647058824
Montse Rendon,Women’s Bantamweight,2,17.116666666666667,1.0,2.629016553067186,10.165530671859786,3.2132424537487827,-0.5842259006815969,0.25862068965517243,0.6180555555555556,0.0,0.0,0.0,0.0,0.75,0.8763388510223954,0.45652173913043476,1.0,0.0,0.044444444444444446,0.9555555555555556,32.35294117647059,2.941176470588235,76.47058823529412,26.47058823529412,11.76470588235294,9.375,75.75757575757575,88.23529411764706,54.54545454545454,70.58823529411765,7.352941176470583,79.41176470588235,34.55882352941176,37.86068404634581,51.51515151515151,51.470588235294116,79.41176470588235
Nora Cornolle,Women’s Bantamweight,6,67.7,1.0,2.7326440177252582,4.963072378138848,2.0384047267355982,0.69423929098966,0.5505952380952381,0.5619047619047619,0.22156573116691283,0.0,0.22156573116691283,0.1111111111111111,0.47619047619047616,0.22156573116691283,0.19387755102040816,0.3333333333333333,0.010810810810810811,0.41081081081081083,0.5783783783783784,61.76470588235294,82.35294117647058,58.82352941176471,73.52941176470588,26.47058823529412,18.75,18.181818181818183,47.05882352941176,21.21212121212121,70.58823529411765,44.11764705882352,8.823529411764707,69.11764705882354,21.15363190730838,31.580510992275695,57.84313725490197,8.823529411764707
Daria Zhelezniakova,Women’s Bantamweight,4,48.86666666666667,1.0,4.133697135061391,10.29331514324693,3.3765347885402455,0.7571623465211457,0.40159045725646125,0.6413043478260869,0.0,0.0,0.3069577080491132,1.0,0.5,0.0,0.04197271773347324,0.5,0.0049504950495049506,0.06435643564356436,0.9306930693069307,64.70588235294117,11.76470588235294,82.35294117647058,26.47058823529412,29.411764705882355,100.0,22.727272727272727,19.11764705882353,3.0303030303030303,70.58823529411765,29.41176470588235,85.29411764705883,46.3235294117647,38.792335115864525,17.186571598336304,60.78431372549019,85.29411764705883
Tainara Lisboa,Women’s Bantamweight,4,53.85,1.0,2.0055710306406684,4.531104921077066,2.8783658310120703,-0.8727948003714019,0.4426229508196721,0.45614035087719296,0.0,0.27855153203342614,1.671309192200557,0.3157894736842105,0.5333333333333333,0.27855153203342614,0.30450289790459206,1.0,0.018518518518518517,0.37962962962962965,0.6018518518518519,20.588235294117645,35.294117647058826,20.588235294117645,26.47058823529412,70.58823529411765,40.625,33.33333333333333,58.82352941176471,30.303030303030305,14.705882352941178,7.352941176470583,2.941176470588235,25.735294117647058,43.71239973262033,53.238265002970884,14.215686274509801,2.941176470588235
Miesha Tate,Women’s Bantamweight,8,119.9,1.0,3.402835696413678,7.4728940783986655,3.7614678899082565,-0.35863219349457864,0.45535714285714285,0.510314875135722,0.0,0.0,1.501251042535446,0.24,0.6666666666666667,0.3753127606338615,0.7811604584527221,0.2,0.15931372549019607,0.14705882352941177,0.6936274509803921,41.17647058823529,41.17647058823529,38.23529411764706,26.47058823529412,67.64705882352942,28.125,60.60606060606061,70.58823529411765,81.81818181818183,70.58823529411765,57.352941176470594,47.05882352941176,36.76470588235294,59.54907531194296,73.3511586452763,55.392156862745104,47.05882352941176
Melissa Mullins,Women’s Bantamweight,4,32.699999999999996,1.0,3.7614678899082574,7.859327217125383,4.587155963302753,-0.8256880733944958,0.4785992217898833,0.5253164556962026,0.0,0.45871559633027525,3.211009174311927,0.5,1.0,0.0,0.8758782201405152,0.6666666666666666,0.23577235772357724,0.056910569105691054,0.7073170731707317,23.52941176470588,52.94117647058824,50.0,26.47058823529412,91.17647058823529,79.6875,95.45454545454545,19.11764705882353,90.9090909090909,11.764705882352946,25.000000000000004,58.82352941176471,38.23529411764706,89.3069017379679,67.06773618538324,28.92156862745098,58.82352941176471
Mayra Bueno Silva,Women’s Bantamweight,8,93.63333333333333,1.0,2.9903880384478465,5.030259878960485,4.506941972232111,-1.5165539337842646,0.5944798301486199,0.4297297297297298,0.0,0.0,0.800996796012816,0.25,0.5294117647058824,1.2815948736205056,0.33826703669441877,0.2,0.04642857142857143,0.32857142857142857,0.625,14.705882352941178,94.11764705882352,11.76470588235294,26.47058823529412,52.94117647058824,32.8125,30.303030303030305,97.05882352941177,39.39393939393939,70.58823529411765,57.352941176470594,11.76470588235294,36.76470588235294,38.86266154188948,63.13131313131313,46.568627450980394,11.76470588235294
Irina Alekseeva,Women’s Bantamweight,4,39.416666666666664,1.0,3.4249471458773786,8.955602536997887,5.023255813953488,-1.5983086680761098,0.38243626062322944,0.4545454545454546,0.3805496828752643,0.0,0.3805496828752643,0.2,0.5,0.3805496828752643,0.1421933085501859,0.3333333333333333,0.014814814814814815,0.05925925925925926,0.9259259259259259,8.823529411764707,8.823529411764707,17.647058823529413,85.29411764705883,32.35294117647059,25.0,22.727272727272727,73.52941176470588,12.121212121212121,70.58823529411765,44.11764705882352,70.58823529411765,30.147058823529413,23.05035650623886,39.33452168746286,44.117647058823536,70.58823529411765
Julia Avila,Women’s Bantamweight,6,70.93333333333334,1.0,2.805451127819549,6.6118421052631575,3.2847744360902253,-0.4793233082706765,0.42430703624733473,0.5553435114503817,0.21146616541353383,0.0,0.6343984962406015,0.375,0.5263157894736843,0.21146616541353383,0.32051282051282054,0.3333333333333333,0.04522613065326633,0.1658291457286432,0.7889447236180904,38.23529411764706,20.588235294117645,55.88235294117647,70.58823529411765,44.11764705882353,51.5625,27.27272727272727,44.11764705882353,33.33333333333333,70.58823529411765,44.11764705882352,29.411764705882355,46.32352941176471,39.07155191622103,40.52287581699346,56.862745098039206,29.411764705882355
Josiane Nunes,Women’s Bantamweight,6,67.66666666666667,1.0,5.6453201970443345,13.108374384236452,5.763546798029556,-0.11822660098522153,0.4306651634723788,0.5185185185185186,0.6650246305418719,0.22167487684729062,0.0,0.0,0.5833333333333333,0.0,0.23803967327887982,0.3333333333333333,0.02356020942408377,0.112565445026178,0.8638743455497382,47.05882352941176,29.411764705882355,41.17647058823529,97.05882352941177,11.76470588235294,9.375,39.39393939393939,19.11764705882353,24.242424242424242,20.588235294117656,44.11764705882352,97.05882352941177,53.67647058823529,21.194017379679146,18.374925727866906,35.29411764705882,97.05882352941177
Hailey Cowan,Women’s Bantamweight,4,34.95,1.0,3.1473533619456364,7.696709585121602,3.919885550786838,-0.7725321888412018,0.40892193308550184,0.3938053097345132,0.0,0.8583690987124463,2.1459227467811157,0.3333333333333333,1.0,0.0,0.8324768756423433,0.75,0.05454545454545454,0.21818181818181817,0.7272727272727273,26.47058823529412,17.647058823529413,2.941176470588235,26.47058823529412,82.35294117647058,43.75,95.45454545454545,19.11764705882353,87.87878787878788,2.9411764705882355,19.117647058823525,50.0,18.38235294117647,77.35906862745098,63.116458704694,8.333333333333332,50.0
Priscila Cachoeira,Women’s Bantamweight,8,66.48333333333332,1.0,4.78315367259965,10.288292805214342,7.8515918776635765,-3.0684382050639263,0.4649122807017544,0.4941860465116279,0.45124091250940096,0.6768613687641014,0.6768613687641014,0.75,0.75,0.0,0.059113300492610835,0.8,0.06289308176100629,0.03459119496855346,0.9025157232704403,2.941176470588235,44.11764705882353,29.411764705882355,91.17647058823529,47.05882352941176,95.3125,75.75757575757575,19.11764705882353,9.090909090909092,5.8823529411764675,14.705882352941178,82.35294117647058,41.91176470588235,56.80495209447415,25.089126559714796,16.666666666666668,82.35294117647058
Tamires Vidal,Women’s Bantamweight,4,43.26666666666667,1.0,2.912172573189522,5.454545454545454,4.460708782742681,-1.5485362095531587,0.5338983050847458,0.4947643979057592,0.3466872110939907,0.0,0.0,0.0,0.3571428571428571,0.6933744221879814,0.2409090909090909,0.6666666666666666,0.0,0.1111111111111111,0.8888888888888888,11.76470588235294,73.52941176470588,32.35294117647059,82.35294117647058,11.76470588235294,9.375,12.121212121212121,82.35294117647058,27.27272727272727,70.58823529411765,25.000000000000004,17.647058823529413,50.0,15.133411319073083,40.46345811051693,42.64705882352941,17.647058823529413
Valentina Shevchenko,Women’s Flyweight,8,171.88333333333333,1.0,3.0951226607194804,5.637544846310482,1.9780859109861342,1.1170367497333462,0.5490196078431373,0.6421052631578947,0.08726849607291769,0.08726849607291769,3.1416658586250366,0.6428571428571429,0.7692307692307692,0.26180548821875305,0.7175370859581386,1.0,0.12781954887218044,0.08082706766917293,0.7913533834586466,79.48717948717949,92.3076923076923,92.3076923076923,58.97435897435898,97.43589743589743,92.10526315789474,76.92307692307693,51.28205128205128,84.61538461538461,38.46153846153846,8.974358974358973,12.82051282051282,80.76923076923077,87.76990553306342,77.77777777777777,46.581196581196586,12.82051282051282
Natalia Silva,Women’s Flyweight,8,104.41666666666667,1.0,4.807661612130886,10.620909816440543,2.3559457302474063,2.4517158818834797,0.4526600541027953,0.6634746922024624,0.28731045490822027,0.0,0.4309656823623304,0.3,0.9032258064516129,0.0,0.23667100130039012,0.0,0.029880478087649404,0.025896414342629483,0.9442231075697212,94.87179487179486,51.28205128205128,97.43589743589743,94.87179487179486,15.384615384615385,31.57894736842105,97.43589743589743,20.51282051282051,15.384615384615385,70.51282051282053,79.48717948717949,79.48717948717949,84.61538461538461,39.94601889338731,17.094017094017094,82.47863247863249,79.48717948717949
Erin Blanchfield,Women’s Flyweight,8,107.6,1.0,4.860594795539034,11.50557620817844,4.4609665427509295,0.3996282527881041,0.42245557350565427,0.582971329278888,0.0,0.0,1.8122676579925652,0.29545454545454547,0.7727272727272727,0.9758364312267658,0.9352818371607515,0.0,0.08986615678776291,0.06309751434034416,0.847036328871893,64.1025641025641,48.717948717948715,71.7948717948718,29.48717948717949,71.7948717948718,28.947368421052634,79.48717948717949,82.05128205128204,97.43589743589743,70.51282051282053,79.48717948717949,84.61538461538461,53.52564102564102,69.41632928475033,83.76068376068376,73.93162393162395,84.61538461538461
Manon Fiorot,Women’s Flyweight,8,119.23333333333333,1.0,5.644394744199049,13.645512999720436,3.7070170533967013,1.937377690802348,0.41364474492931774,0.6618209640397857,0.12580374615599665,0.12580374615599665,1.0064299692479732,0.26666666666666666,0.8695652173913043,0.0,0.784727863525589,0.0,0.04457652303120357,0.09361069836552749,0.861812778603269,87.17948717948718,35.8974358974359,94.87179487179486,61.53846153846154,43.58974358974359,23.684210526315788,94.87179487179486,20.51282051282051,87.17948717948718,33.333333333333336,79.48717948717949,89.74358974358975,69.87179487179488,62.331309041835354,50.427350427350426,69.23076923076923,89.74358974358975
Zhang Weili,Women’s Flyweight,8,139.85,1.0,3.932785126921702,6.599928494815875,1.8591347872720774,2.0736503396496246,0.5958829902491874,0.5246800731261426,0.21451555237754738,0.21451555237754738,2.252413299964248,0.5675675675675675,0.6,0.42903110475509476,0.6160203432930705,0.3333333333333333,0.44,0.08363636363636363,0.4763636363636364,89.74358974358975,97.43589743589743,38.46153846153847,89.74358974358975,82.05128205128204,84.21052631578947,51.28205128205128,64.1025641025641,69.23076923076923,23.076923076923077,43.589743589743584,28.205128205128204,78.84615384615384,71.693657219973,71.79487179487178,35.042735042735046,28.205128205128204
Maycee Barber,Women’s Flyweight,8,101.4,1.0,4.161735700197238,7.712031558185404,2.6528599605522682,1.50887573964497,0.5396419437340153,0.5829457364341085,0.0,0.14792899408284024,1.6272189349112427,0.5,0.45833333333333337,0.0,0.45342381246144353,1.0,0.2132701421800948,0.3080568720379147,0.4786729857819905,84.61538461538461,89.74358974358975,69.23076923076923,29.48717948717949,58.97435897435898,73.68421052631578,15.384615384615385,20.51282051282051,51.28205128205128,28.2051282051282,8.974358974358973,51.28205128205128,68.26923076923077,49.831309041835354,43.58974358974359,35.47008547008547,51.28205128205128
Jasmine Jasudavicius,Women’s Flyweight,8,90.71666666666667,1.0,3.6707697960683445,7.848612897299283,3.086533161859269,0.5842366342090757,0.46769662921348315,0.5213675213675213,0.1653499908138894,0.0,2.976299834650009,0.47368421052631576,0.5,0.9920999448833363,0.9677302393038434,0.5,0.2732732732732733,0.10510510510510511,0.6216216216216216,66.66666666666666,66.66666666666666,35.8974358974359,71.7948717948718,92.3076923076923,65.78947368421053,33.33333333333333,84.61538461538461,100.0,70.51282051282053,25.64102564102563,56.41025641025641,60.256410256410255,72.85762483130904,92.3076923076923,44.01709401709402,56.41025641025641
Alexa Grasso,Women’s Flyweight,8,131.21666666666667,1.0,3.2389178203988314,8.238282738473263,3.673313857487616,-0.4343960370887845,0.393154486586494,0.5444234404536862,0.2286294932046234,0.0,0.4572589864092468,0.3333333333333333,0.475,0.8002032262161819,0.259,0.0,0.01647058823529412,0.15529411764705883,0.8282352941176471,30.76923076923077,17.94871794871795,58.97435897435898,92.3076923076923,17.94871794871795,39.473684210526315,23.076923076923077,76.92307692307693,17.94871794871795,70.51282051282053,79.48717948717949,69.23076923076923,50.0,24.61201079622132,37.606837606837615,69.65811965811967,69.23076923076923
Rose Namajunas,Women’s Flyweight,8,170.0,1.0,3.041176470588235,7.3352941176470585,2.929411764705882,0.11176470588235299,0.41459502806736165,0.6650975117686617,0.1764705882352941,0.0,1.147058823529412,0.43333333333333335,0.6666666666666667,0.0,0.6121273712737128,0.0,0.04061895551257253,0.05222437137330754,0.90715667311412,58.97435897435898,38.46153846153847,100.0,82.05128205128204,48.717948717948715,63.1578947368421,61.53846153846154,20.51282051282051,66.66666666666666,70.51282051282053,79.48717948717949,43.58974358974359,69.87179487179488,60.020242914979754,45.299145299145295,83.33333333333333,43.58974358974359
Casey O'Neill,Women’s Flyweight,8,85.85,1.0,7.885847408270239,15.10774606872452,5.532906231799651,2.352941176470588,0.5219737856592136,0.5758928571428572,0.17472335468841005,0.0,1.3977868375072804,0.34782608695652173,0.7,0.6988934187536402,0.6814580031695721,0.5,0.14180206794682423,0.04579025110782865,0.8124076809453471,92.3076923076923,87.17948717948718,66.66666666666666,79.48717948717949,56.41025641025641,44.73684210526316,69.23076923076923,71.7948717948718,76.92307692307693,70.51282051282053,25.64102564102563,94.87179487179486,81.41025641025641,61.82523616734143,68.37606837606837,54.27350427350427,94.87179487179486
JJ Aldrich,Women’s Flyweight,8,107.45,1.0,3.759888320148906,7.789669613773848,4.076314564913913,-0.3164262447650068,0.4826762246117085,0.6259607173356105,0.0,0.0,0.5583992554676594,0.15384615384615385,0.6666666666666667,0.0,0.8144486692015209,0.3333333333333333,0.10891089108910891,0.08663366336633663,0.8044554455445545,35.8974358974359,76.92307692307693,82.05128205128204,29.48717948717949,20.51282051282051,7.894736842105263,61.53846153846154,20.51282051282051,92.3076923076923,70.51282051282053,43.589743589743584,53.84615384615385,56.08974358974359,45.563427800269906,44.444444444444436,65.38461538461539,53.84615384615385
Wang Cong,Women’s Flyweight,6,69.85,1.0,6.843235504652828,11.825340014316394,2.8203292770221906,4.022906227630637,0.5786924939467313,0.6044176706827309,0.644237652111668,0.21474588403722264,0.4294917680744453,0.6666666666666666,0.8571428571428572,0.21474588403722264,0.3491686460807601,1.0,0.03138075313807531,0.060669456066945605,0.9079497907949791,100.0,94.87179487179486,79.48717948717949,97.43589743589743,12.82051282051282,96.05263157894737,92.3076923076923,46.15384615384615,35.8974358974359,20.51282051282052,8.974358974358973,87.17948717948718,92.94871794871796,59.2695681511471,31.62393162393162,36.32478632478633,87.17948717948718
Miranda Maverick,Women’s Flyweight,8,109.43333333333334,1.0,2.9789826378312516,6.414864453243984,2.001218397806884,0.9777642400243676,0.46438746438746437,0.6386138613861386,0.0,0.1370697532744441,2.6043253122144376,0.37254901960784315,0.46153846153846156,0.5482790130977764,0.6896834061135371,0.0,0.147239263803681,0.06441717791411043,0.7883435582822086,76.92307692307693,56.41025641025641,84.61538461538461,29.48717948717949,89.74358974358975,47.368421052631575,17.94871794871795,66.66666666666666,82.05128205128204,30.76923076923077,79.48717948717949,25.64102564102564,61.858974358974365,59.278002699055335,79.48717948717949,64.95726495726495,25.64102564102564
Dione Barbosa,Women’s Flyweight,6,68.28333333333333,1.0,2.240663900414938,4.891383939467904,2.4017573834513057,-0.16109348303636795,0.45808383233532934,0.6403508771929824,0.0,0.0,2.4164022455455214,0.4230769230769231,0.6666666666666667,1.5377105198926042,0.5233446519524618,0.0,0.10457516339869281,0.1111111111111111,0.7843137254901961,43.58974358974359,53.84615384615385,89.74358974358975,29.48717948717949,87.17948717948718,57.89473684210527,61.53846153846154,100.0,58.97435897435898,70.51282051282053,79.48717948717949,7.6923076923076925,54.16666666666667,66.39676113360323,82.05128205128206,79.91452991452992,7.6923076923076925
Tracy Cortez,Women’s Flyweight,8,124.73333333333333,1.0,3.7359700694815605,7.96098343132015,3.8401924104756815,-0.10422234099412098,0.4692849949647533,0.5171370967741935,0.0,0.2405130946018172,1.8038482095136292,0.4166666666666667,0.5806451612903225,0.3607696419027258,0.6202008269344359,0.3333333333333333,0.19313304721030042,0.07725321888412018,0.7296137339055794,51.28205128205128,69.23076923076923,33.33333333333333,29.48717948717949,69.23076923076923,55.26315789473685,46.15384615384615,56.41025641025641,71.7948717948718,15.384615384615381,43.589743589743584,58.97435897435898,45.83333333333333,60.61066126855601,65.8119658119658,30.769230769230763,58.97435897435898
Karine Silva,Women’s Flyweight,8,86.65,1.0,2.2735141373341023,5.724177726485863,2.642815926139642,-0.36930178880553965,0.3971774193548387,0.5373737373737374,0.17311021350259664,0.0,2.07732256203116,0.5454545454545454,0.2941176470588235,1.3848817080207732,0.43329698291530355,0.0,0.08629441624365482,0.15228426395939088,0.7614213197969543,33.33333333333333,23.076923076923077,46.15384615384615,76.92307692307693,74.35897435897436,81.57894736842105,10.256410256410255,94.87179487179486,46.15384615384615,70.51282051282053,79.48717948717949,17.94871794871795,44.871794871794876,53.087044534412954,71.7948717948718,65.3846153846154,17.94871794871795
Carli Judice,Women’s Flyweight,4,43.16666666666667,1.0,8.664092664092664,17.976833976833976,4.6563706563706555,4.007722007722008,0.48195876288659795,0.5963855421686747,0.6949806949806949,0.0,0.6949806949806949,0.5,0.8275862068965517,0.0,0.325115562403698,0.0,0.016042780748663103,0.08823529411764706,0.8957219251336899,97.43589743589743,74.35897435897436,76.92307692307693,100.0,25.64102564102564,73.68421052631578,89.74358974358975,20.51282051282051,28.205128205128204,70.51282051282053,79.48717948717949,100.0,87.17948717948718,54.31848852901484,24.786324786324784,75.64102564102565,100.0
Jamey-Lyn Horth,Women’s Flyweight,7,92.08333333333333,1.0,3.800904977375566,7.981900452488688,2.638914027149321,1.1619909502262447,0.47619047619047616,0.6394658753709199,0.0,0.0,0.9773755656108598,0.42857142857142855,0.8055555555555556,0.16289592760181,0.35869084475895624,0.0,0.008571428571428572,0.21142857142857144,0.78,82.05128205128204,71.7948717948718,87.17948717948718,29.48717948717949,41.02564102564102,60.526315789473685,87.17948717948718,41.02564102564102,38.46153846153847,70.51282051282053,79.48717948717949,61.53846153846154,67.62820512820512,56.79824561403508,40.17094017094017,79.05982905982906,61.53846153846154
Veronica Hardy,Women’s Flyweight,8,99.6,1.0,3.4437751004016066,7.3694779116465865,2.85140562248996,0.5923694779116464,0.4673024523160763,0.5441412520064206,0.1506024096385542,0.0,0.9036144578313254,0.375,0.5238095238095238,0.3012048192771084,0.34679433805162363,0.3333333333333333,0.13994169096209913,0.09620991253644315,0.7638483965014577,69.23076923076923,64.1025641025641,56.41025641025641,69.23076923076923,35.8974358974359,50.0,41.02564102564102,53.84615384615385,33.33333333333333,70.51282051282053,43.589743589743584,46.15384615384615,64.74358974358974,40.06410256410256,41.02564102564103,56.83760683760684,46.15384615384615
Eduarda Moura,Women’s Flyweight,5,67.23333333333333,1.0,2.63262270699058,6.975706494794249,2.647496281606346,-0.014873574615766216,0.3773987206823028,0.5850815850815851,0.0,0.22310361923648983,3.5696579077838373,0.3333333333333333,0.8,0.22310361923648983,0.808695652173913,0.0,0.3220338983050847,0.05084745762711865,0.6271186440677966,56.41025641025641,12.82051282051282,74.35897435897436,29.48717948717949,100.0,39.473684210526315,84.61538461538461,48.717948717948715,89.74358974358975,17.948717948717952,79.48717948717949,38.46153846153847,43.269230769230774,78.45816464237517,79.48717948717949,57.264957264957275,38.46153846153847
Lauren Murphy,Women’s Flyweight,8,117.51666666666667,1.0,4.297262799602893,11.070770103531414,6.569280953056304,-2.272018153453411,0.388162951575711,0.5410225921521998,0.0,0.0,1.2764146929513545,0.22727272727272727,0.7272727272727273,0.3829244078854063,0.4462081128747795,0.3333333333333333,0.047524752475247525,0.1405940594059406,0.8118811881188119,5.128205128205128,15.384615384615385,51.28205128205128,29.48717948717949,51.28205128205128,18.421052631578945,74.35897435897436,58.97435897435898,48.717948717948715,70.51282051282053,43.589743589743584,82.05128205128204,25.32051282051282,48.19500674763833,52.991452991452995,55.12820512820513,82.05128205128204
Jeisla Chaves,Women’s Flyweight,1,15.0,1.0,4.266666666666667,6.6,4.133333333333334,0.13333333333333286,0.6464646464646465,0.4464285714285714,0.0,0.0,3.0,0.5,0.5,1.0,0.576017130620985,0.0,0.203125,0.234375,0.5625,61.53846153846154,100.0,15.384615384615385,29.48717948717949,94.87179487179486,73.68421052631578,33.33333333333333,87.17948717948718,61.53846153846154,70.51282051282053,79.48717948717949,30.76923076923077,51.6025641025641,65.85695006747638,81.19658119658119,55.12820512820514,30.76923076923077
Viviane Araujo,Women’s Flyweight,8,130.0,1.0,3.230769230769231,6.946153846153846,4.823076923076923,-1.592307692307692,0.46511627906976744,0.5292792792792793,0.0,0.11538461538461539,1.3846153846153846,0.3333333333333333,0.5714285714285714,0.8076923076923077,0.6062830299471521,0.0,0.04047619047619048,0.023809523809523808,0.9357142857142857,17.94871794871795,58.97435897435898,41.02564102564102,29.48717948717949,53.84615384615385,39.473684210526315,43.58974358974359,79.48717948717949,64.1025641025641,35.897435897435905,79.48717948717949,35.8974358974359,36.858974358974365,50.25303643724696,65.8119658119658,52.136752136752136,35.8974358974359
Gabriella Fernandes,Women’s Flyweight,6,72.0,1.0,3.513888888888889,7.541666666666667,5.305555555555555,-1.7916666666666665,0.46593001841620624,0.5307125307125307,0.20833333333333331,0.20833333333333331,0.41666666666666663,0.18181818181818182,0.6896551724137931,0.20833333333333331,0.12009512485136742,0.3333333333333333,0.0,0.1067193675889328,0.8932806324110671,15.384615384615385,61.53846153846154,43.58974358974359,87.17948717948718,10.256410256410255,11.842105263157894,66.66666666666666,43.58974358974359,5.128205128205128,25.64102564102563,43.589743589743584,48.717948717948715,51.92307692307692,23.473346828609984,19.658119658119656,37.60683760683761,48.717948717948715
Juliana Miller,Women’s Flyweight,6,69.26666666666667,1.0,2.743022136669875,6.641000962463908,3.8402309913378248,-1.09720885466795,0.41304347826086957,0.4526748971193416,0.0,0.0,2.3820981713185754,0.3142857142857143,0.4444444444444444,1.2993262752646777,0.6777059773828756,0.3333333333333333,0.23157894736842105,0.15789473684210525,0.6105263157894737,25.64102564102564,33.33333333333333,17.94871794871795,29.48717948717949,84.61538461538461,34.21052631578947,12.82051282051282,92.3076923076923,74.35897435897436,70.51282051282053,43.589743589743584,33.33333333333333,26.6025641025641,51.50134952766532,83.76068376068376,44.017094017094024,33.33333333333333
Melissa Gatto,Women’s Flyweight,6,76.36666666666667,1.0,3.4701003928415535,6.979484941073766,2.6713225665648186,0.7987778262767349,0.4971857410881801,0.5436241610738255,0.1964207769532955,0.0,1.7677869925796594,0.2727272727272727,0.5882352941176471,0.392841553906591,0.485653560042508,0.0,0.052830188679245285,0.09811320754716982,0.8490566037735849,74.35897435897436,84.61538461538461,53.84615384615385,84.61538461538461,64.1025641025641,26.31578947368421,48.717948717948715,61.53846153846154,53.84615384615385,70.51282051282053,79.48717948717949,41.02564102564102,74.35897435897436,48.24561403508772,59.82905982905984,67.94871794871796,41.02564102564102
Anna Melisano,Women’s Flyweight,1,4.066666666666666,1.0,0.49180327868852464,1.4754098360655739,1.2295081967213115,-0.7377049180327868,0.3333333333333333,0.2857142857142857,0.0,0.0,0.0,,0.5,0.0,0.0,1.0,0.0,0.0,1.0,28.205128205128204,7.6923076923076925,2.564102564102564,29.48717948717949,3.8461538461538463,,33.33333333333333,20.51282051282051,2.564102564102564,70.51282051282053,8.974358974358973,2.564102564102564,16.98717948717949,13.247863247863245,8.974358974358973,27.350427350427356,2.564102564102564
Ernesta Kareckaite,Women’s Flyweight,3,45.0,1.0,5.622222222222222,14.022222222222222,4.888888888888889,0.7333333333333325,0.4009508716323296,0.5378151260504201,0.0,0.0,0.6666666666666667,0.6666666666666666,0.7857142857142857,0.0,0.42517006802721086,0.0,0.03162055335968379,0.10276679841897234,0.8656126482213439,71.7948717948718,28.205128205128204,48.717948717948715,29.48717948717949,23.076923076923077,96.05263157894737,82.05128205128204,20.51282051282051,43.58974358974359,70.51282051282053,79.48717948717949,92.3076923076923,44.55128205128206,61.19264507422402,29.05982905982906,66.23931623931624,92.3076923076923
Tereza Bleda,Women’s Flyweight,3,28.53333333333333,1.0,2.6985981308411215,5.537383177570094,2.94392523364486,-0.24532710280373848,0.4873417721518987,0.4042553191489362,0.0,0.5257009345794393,2.1028037383177574,0.19047619047619047,1.0,1.0514018691588787,0.875532821824382,1.0,0.42857142857142855,0.16883116883116883,0.4025974025974026,41.02564102564102,79.48717948717949,5.128205128205128,29.48717948717949,76.92307692307693,15.789473684210526,100.0,89.74358974358975,94.87179487179486,7.692307692307702,8.974358974358973,10.256410256410255,38.782051282051285,71.89608636977059,87.17948717948718,7.264957264957268,10.256410256410255
Yuneisy Duben,Women’s Flyweight,2,16.666666666666668,1.0,4.56,9.18,4.859999999999999,-0.2999999999999998,0.49673202614379086,0.4295774647887324,0.0,0.8999999999999999,1.7999999999999998,0.5,0.5,0.0,0.42217484008528783,0.5,0.13157894736842105,0.10526315789473684,0.7631578947368421,38.46153846153847,82.05128205128204,12.82051282051282,29.48717948717949,66.66666666666666,73.68421052631578,33.33333333333333,20.51282051282051,41.02564102564102,2.5641025641025643,25.64102564102563,74.35897435897436,40.705128205128204,53.6774628879892,42.735042735042725,13.675213675213671,74.35897435897436
Vanessa Demopoulos,Women’s Flyweight,8,108.46666666666667,1.0,3.475722188076214,8.82298709280885,5.614628149969269,-2.138905961893055,0.3939393939393939,0.41833810888252154,0.13829133374308542,0.0,0.4148740012292563,0.125,0.25,0.0,0.3101800808526277,0.25,0.129973474801061,0.1273209549071618,0.7427055702917772,7.6923076923076925,20.51282051282051,7.6923076923076925,66.66666666666666,7.6923076923076925,5.263157894736842,5.128205128205128,20.51282051282051,25.64102564102564,70.51282051282053,56.41025641025641,71.7948717948718,25.64102564102564,10.931174089068826,17.948717948717945,44.87179487179488,71.7948717948718
Brogan Walker,Women’s Flyweight,3,43.95,1.0,1.8430034129692832,5.756541524459613,3.321956769055745,-1.4789533560864618,0.3201581027667984,0.47482014388489213,0.0,0.341296928327645,1.0238907849829353,0.75,0.11111111111111116,0.0,0.2871467639015497,0.3333333333333333,0.06172839506172839,0.12345679012345678,0.8148148148148148,20.51282051282051,5.128205128205128,28.205128205128204,29.48717948717949,46.15384615384615,100.0,2.564102564102564,20.51282051282051,23.076923076923077,12.820512820512812,43.589743589743584,20.51282051282051,20.833333333333332,42.94871794871795,29.91452991452992,28.2051282051282,20.51282051282051
Ivana Petrovic,Women’s Flyweight,4,56.483333333333334,1.0,1.912068456771909,4.656240778990853,2.053703157273532,-0.14163470050162297,0.41064638783269963,0.5606060606060606,0.0,0.0,2.1245205075243434,0.38095238095238093,0.6111111111111112,0.7966951903216288,0.5134680134680135,0.0,0.25925925925925924,0.05555555555555555,0.6851851851851852,46.15384615384615,30.76923076923077,61.53846153846154,29.48717948717949,79.48717948717949,52.63157894736842,53.84615384615385,74.35897435897436,56.41025641025641,70.51282051282053,79.48717948717949,5.128205128205128,41.98717948717949,60.59379217273954,70.08547008547009,70.51282051282051,5.128205128205128
Ariane da Silva,Women’s Flyweight,3,42.46666666666667,1.0,3.4615384615384612,8.218210361067504,4.850863422291994,-1.3893249607535325,0.42120343839541546,0.4593175853018373,0.0,0.3532182103610675,0.0,0.0,0.2727272727272727,0.0,0.13708820403825717,0.3333333333333333,0.02040816326530612,0.11564625850340136,0.8639455782312925,23.076923076923077,46.15384615384615,20.51282051282051,29.48717948717949,3.8461538461538463,2.631578947368421,7.6923076923076925,20.51282051282051,7.6923076923076925,10.256410256410257,43.589743589743584,66.66666666666666,29.807692307692307,5.465587044534413,10.683760683760683,24.786324786324784,66.66666666666666
Ravena Oliveira,Women’s Flyweight,4,40.75,1.0,1.7668711656441718,5.693251533742331,3.705521472392638,-1.9386503067484662,0.3103448275862069,0.4626334519572953,0.0,0.0,0.7361963190184049,0.5,0.47058823529411764,0.0,0.2733118971061093,0.75,0.0,0.08333333333333333,0.9166666666666666,10.256410256410255,2.564102564102564,23.076923076923077,29.48717948717949,28.205128205128204,73.68421052631578,20.51282051282051,20.51282051282051,20.51282051282051,70.51282051282053,17.948717948717952,15.384615384615385,16.346153846153847,35.72874493927125,23.076923076923077,37.17948717948719,15.384615384615385
Julija Stoliarenko,Women’s Flyweight,8,81.05,1.0,2.5416409623689082,6.391116594694633,4.367674275138803,-1.8260333127698951,0.39768339768339767,0.42903225806451617,0.0,0.0,0.9253547193090684,0.25,0.5,1.4805675508945098,0.2261904761904762,0.5,0.019417475728155338,0.07281553398058252,0.9077669902912622,12.82051282051282,25.64102564102564,10.256410256410255,29.48717948717949,38.46153846153847,21.052631578947366,33.33333333333333,97.43589743589743,12.82051282051282,70.51282051282053,25.64102564102563,23.076923076923077,19.55128205128205,26.417004048582996,49.572649572649574,35.47008547008547,23.076923076923077
Andrea Lee,Women’s Flyweight,8,109.86666666666667,1.0,3.841019417475728,9.202063106796116,3.9775485436893203,-0.13652912621359237,0.41740850642927796,0.5749027237354085,0.13652912621359223,0.0,1.6383495145631066,0.6,0.4814814814814815,0.6826456310679611,0.34524384355383875,0.0,0.07109004739336493,0.08293838862559241,0.8459715639810427,48.717948717948715,41.02564102564102,64.1025641025641,64.1025641025641,61.53846153846154,86.8421052631579,25.64102564102564,69.23076923076923,30.76923076923077,70.51282051282053,79.48717948717949,76.92307692307693,54.48717948717949,51.19770580296896,53.84615384615385,71.36752136752138,76.92307692307693
Diana Belbita,Women’s Flyweight,8,86.91666666666667,1.0,6.454458293384468,15.405560882070949,6.546500479386385,-0.09204218600191716,0.4189693801344287,0.5153321976149915,0.17257909875359537,0.0,0.8628954937679769,0.625,0.641025641025641,0.0,0.22264770240700218,0.5,0.026737967914438502,0.14616755793226383,0.8270944741532977,53.84615384615385,43.58974358974359,30.76923076923077,74.35897435897436,33.33333333333333,89.47368421052632,56.41025641025641,20.51282051282051,10.256410256410255,70.51282051282053,25.64102564102563,97.43589743589743,50.64102564102564,47.368421052631575,21.367521367521363,42.307692307692314,97.43589743589743
Victoria Leonardo,Women’s Flyweight,5,38.13333333333333,1.0,2.805944055944056,8.103146853146853,5.375874125874126,-2.56993006993007,0.34627831715210355,0.4675324675324676,0.0,0.7867132867132867,0.7867132867132867,0.18181818181818182,0.7142857142857143,0.0,0.6820877817319099,1.0,0.028037383177570093,0.16822429906542055,0.8037383177570093,2.564102564102564,10.256410256410255,25.64102564102564,29.48717948717949,30.76923076923077,11.842105263157894,71.7948717948718,20.51282051282051,79.48717948717949,5.128205128205133,8.974358974358973,64.1025641025641,16.98717948717949,48.47334682860999,43.58974358974359,13.247863247863249,64.1025641025641
Tatiana Suarez,Women’s Strawweight,8,94.13333333333334,1.0,2.507082152974504,4.376770538243626,1.8059490084985834,0.7011331444759208,0.5728155339805825,0.4370860927152318,0.0,0.0,4.302407932011331,0.4090909090909091,0.5714285714285714,0.6373937677053824,0.801445907565195,0.0,0.4364406779661017,0.2033898305084746,0.3601694915254237,68.51851851851852,94.44444444444444,11.11111111111111,30.555555555555557,100.0,51.02040816326531,43.39622641509434,81.48148148148148,87.03703703703704,68.51851851851852,78.7037037037037,3.7037037037037033,51.157407407407405,70.36341790384917,89.50617283950618,52.77777777777777,3.7037037037037033
Gillian Robertson,Women’s Strawweight,8,91.98333333333332,1.0,3.1092589237180652,6.425077006704114,2.9570574379416565,0.15220148577640868,0.48392554991539766,0.6080691642651297,0.0,0.0,3.261460409494474,0.40816326530612246,0.4545454545454546,0.8153651023736185,0.9118741058655222,0.0,0.45454545454545453,0.024475524475524476,0.5209790209790209,48.148148148148145,59.25925925925925,85.18518518518519,30.555555555555557,90.74074074074075,48.97959183673469,18.867924528301888,87.03703703703704,98.14814814814815,68.51851851851852,78.7037037037037,16.666666666666664,55.78703703703704,64.18410131348136,91.9753086419753,77.46913580246913,16.666666666666664
Virna Jandiroba,Women’s Strawweight,8,124.8,1.0,2.1314102564102564,5.408653846153847,2.8365384615384617,-0.7051282051282053,0.3940740740740741,0.5635018495684341,0.12019230769230771,0.0,3.3653846153846154,0.36363636363636365,0.7058823529411764,1.201923076923077,0.8511606736458808,0.0,0.09398496240601503,0.10526315789473684,0.8007518796992481,27.77777777777778,24.074074074074073,62.96296296296296,62.96296296296296,92.5925925925926,40.816326530612244,69.81132075471697,94.44444444444444,90.74074074074075,68.51851851851852,78.7037037037037,14.814814814814813,44.44444444444444,73.49024515466564,92.5925925925926,70.06172839506172,14.814814814814813
Mackenzie Dern,Women’s Strawweight,8,143.18333333333334,1.0,3.659643813292981,8.13642183680596,3.764404609475032,-0.10476079618205114,0.4497854077253219,0.47821878025169406,0.10476079618205097,0.5238039809102548,1.1523687580025608,0.22916666666666666,0.42307692307692313,0.6285647770923058,0.5446486486486487,0.3333333333333333,0.17748091603053434,0.08015267175572519,0.7423664122137404,42.592592592592595,38.88888888888889,25.925925925925924,61.111111111111114,50.0,16.3265306122449,13.20754716981132,79.62962962962963,59.25925925925925,9.259259259259256,46.2962962962963,42.592592592592595,42.12962962962963,34.69833426032886,62.96296296296296,27.16049382716049,42.592592592592595
Denise Gomes,Women’s Strawweight,8,88.53333333333333,1.0,4.021084337349397,7.816265060240964,3.072289156626506,0.9487951807228914,0.5144508670520231,0.45708582834331335,0.5082831325301205,0.0,1.694277108433735,0.3448275862068966,0.6590909090909092,0.8471385542168675,0.5220635950681376,0.0,0.1404494382022472,0.2556179775280899,0.6039325842696629,74.07407407407408,74.07407407407408,18.51851851851852,92.5925925925926,59.25925925925925,38.775510204081634,60.37735849056604,88.88888888888889,50.0,68.51851851851852,78.7037037037037,35.18518518518518,64.81481481481482,52.10303198847673,66.04938271604938,55.24691358024691,35.18518518518518
Jaqueline Amorim,Women’s Strawweight,7,59.66666666666667,1.0,2.2625698324022343,4.575418994413408,2.06145251396648,0.2011173184357542,0.4945054945054945,0.5494505494505495,0.0,0.25139664804469275,2.011173184357542,0.3333333333333333,0.0,4.273743016759776,0.5761029411764705,0.0,0.6888888888888889,0.022222222222222223,0.28888888888888886,50.0,70.37037037037037,59.25925925925925,30.555555555555557,68.51851851851852,35.714285714285715,2.8301886792452833,100.0,64.81481481481481,20.37037037037037,78.7037037037037,7.4074074074074066,52.54629629629629,42.96945193171608,77.77777777777777,52.77777777777777,7.4074074074074066
Alexia Thainara,Women’s Strawweight,4,49.53333333333333,1.0,4.219380888290713,8.135935397039031,2.6648721399730824,1.5545087483176308,0.5186104218362283,0.4453781512605042,0.0,0.0,4.23956931359354,0.4827586206896552,1.0,1.5141318977119784,0.982409381663113,0.0,0.14354066985645933,0.215311004784689,0.6411483253588517,87.03703703703704,75.92592592592592,14.814814814814813,30.555555555555557,98.14814814814815,59.183673469387756,95.28301886792453,96.29629629629629,100.0,68.51851851851852,78.7037037037037,40.74074074074074,52.08333333333333,88.15371012136511,98.14814814814815,54.012345679012334,40.74074074074074
Piera Rodriguez,Women’s Strawweight,7,92.61666666666667,1.0,4.2324995501169695,8.713334533021413,3.2499550116969584,0.9825445384200111,0.4857496902106567,0.5160771704180065,0.16195789094835342,0.0,4.210905164657189,0.5909090909090909,0.8181818181818181,0.0,0.686966640806827,0.5,0.07653061224489796,0.29336734693877553,0.6301020408163265,75.92592592592592,62.96296296296296,37.03703703703704,72.22222222222221,96.29629629629629,83.6734693877551,86.79245283018868,19.444444444444446,74.07407407407408,68.51851851851852,32.40740740740741,51.85185185185185,62.03703703703704,85.20907314707854,63.2716049382716,45.98765432098765,51.85185185185185
Fatima Kline,Women’s Strawweight,5,67.05,1.0,4.876957494407159,10.156599552572708,2.4608501118568236,2.416107382550335,0.4801762114537445,0.6189376443418013,0.22371364653243847,0.0,3.131991051454139,0.6666666666666666,0.65,0.22371364653243847,0.5997764114030184,0.0,0.14984709480122324,0.12538226299694188,0.7247706422018348,94.44444444444444,55.55555555555556,90.74074074074075,75.92592592592592,87.03703703703704,89.79591836734694,58.490566037735846,57.407407407407405,66.66666666666666,68.51851851851852,78.7037037037037,68.51851851851852,79.16666666666667,75.49754702719662,70.37037037037037,79.32098765432099,68.51851851851852
Yan Xiaonan,Women’s Strawweight,8,120.3,1.0,3.4247714048212803,6.932668329177058,2.826267664172901,0.5985037406483791,0.4940047961630695,0.5707070707070707,0.24937655860349128,0.0,0.6234413965087282,0.7142857142857143,0.6382978723404256,0.0,0.1585692995529061,0.25,0.08737864077669903,0.07766990291262135,0.8349514563106796,64.81481481481481,68.51851851851852,66.66666666666666,77.77777777777779,33.33333333333333,91.83673469387756,54.71698113207547,19.444444444444446,14.814814814814813,68.51851851851852,51.851851851851855,20.37037037037037,69.44444444444444,48.67546599352529,22.53086419753086,62.34567901234567,20.37037037037037
Loopy Godinez,Women’s Strawweight,8,106.11666666666667,1.0,5.324328569184859,10.620386367205905,4.617559290089524,0.7067692790953348,0.5013309671694764,0.6177847113884556,0.14135385581906706,0.0,2.261661693105073,0.41025641025641024,0.7586206896551724,0.9894769907334695,0.5364748527412777,0.3333333333333333,0.035398230088495575,0.11504424778761062,0.8495575221238938,70.37037037037037,72.22222222222221,88.88888888888889,68.51851851851852,75.92592592592592,53.06122448979592,77.35849056603774,90.74074074074075,57.407407407407405,68.51851851851852,46.2962962962963,72.22222222222221,75.0,65.93826209729174,74.69135802469135,67.90123456790123,72.22222222222221
Talita Alencar,Women’s Strawweight,5,74.6,1.0,3.243967828418231,9.088471849865952,3.243967828418231,0.0,0.35693215339233036,0.5399239543726235,0.0,0.20107238605898123,2.8150134048257374,0.3783783783783784,1.0,0.6032171581769438,0.865767878077374,0.0,0.2396694214876033,0.11983471074380166,0.640495867768595,45.370370370370374,11.11111111111111,51.85185185185185,30.555555555555557,83.33333333333334,45.91836734693878,95.28301886792453,77.77777777777779,92.5925925925926,25.925925925925927,78.7037037037037,57.407407407407405,34.72222222222222,79.28182803519731,84.56790123456791,52.16049382716049,57.407407407407405
Iasmin Lucindo,Women’s Strawweight,7,98.7,1.0,3.221884498480243,7.0820668693009114,2.796352583586626,0.4255319148936172,0.45493562231759654,0.6213991769547325,0.0,0.0,2.2796352583586623,0.5555555555555556,0.6875,0.1519756838905775,0.6613404349755881,0.0,0.0660377358490566,0.09748427672955975,0.8364779874213837,62.96296296296296,42.592592592592595,92.5925925925926,30.555555555555557,77.77777777777779,75.51020408163265,64.15094339622641,46.2962962962963,70.37037037037037,68.51851851851852,78.7037037037037,24.074074074074073,57.175925925925924,71.9523239065018,64.81481481481482,79.93827160493827,24.074074074074073
Jessica Andrade,Women’s Strawweight,8,71.38333333333334,1.0,5.07121176745272,12.9722157366332,6.5281344851739425,-1.4569227177212225,0.39092872570194387,0.5273833671399595,0.8405323371468596,0.2101330842867149,0.2101330842867149,0.25,0.7777777777777778,0.0,0.49399038461538464,0.6666666666666666,0.019337016574585635,0.06629834254143646,0.914364640883978,16.666666666666664,20.37037037037037,42.592592592592595,100.0,16.666666666666664,21.428571428571427,80.18867924528303,19.444444444444446,48.148148148148145,24.074074074074066,19.444444444444446,92.5925925925926,44.907407407407405,41.60801637216731,28.08641975308642,28.7037037037037,92.5925925925926
Amanda Lemos,Women’s Strawweight,8,120.7,1.0,1.8972659486329744,3.5791217895608947,2.667771333885667,-0.7705053852526924,0.5300925925925926,0.4003724394785847,0.12427506213753106,0.12427506213753106,0.8699254349627175,0.5833333333333334,0.5853658536585367,0.7456503728251864,0.247150696496412,0.2,0.17467248908296942,0.06986899563318777,0.7554585152838428,25.925925925925924,81.48148148148148,5.555555555555555,64.81481481481481,40.74074074074074,81.63265306122449,45.28301886792453,85.18518518518519,20.37037037037037,33.333333333333336,54.62962962962963,1.8518518518518516,44.44444444444444,47.006695760065035,48.76543209876544,31.172839506172846,1.8518518518518516
Mizuki,Women’s Strawweight,4,60.0,1.0,4.45,8.433333333333334,4.65,-0.20000000000000018,0.5276679841897233,0.4982014388489209,0.25,0.25,0.75,0.3333333333333333,0.8076923076923077,0.0,0.7134578235672892,0.0,0.10861423220973783,0.27340823970037453,0.6179775280898876,38.88888888888889,79.62962962962963,31.48148148148148,79.62962962962963,38.88888888888889,35.714285714285715,83.01886792452831,19.444444444444446,77.77777777777779,22.222222222222218,78.7037037037037,46.2962962962963,57.407407407407405,58.84995507637018,45.370370370370374,44.1358024691358,46.2962962962963
Tabatha Ricci,Women’s Strawweight,8,112.98333333333333,1.0,3.9740374686531936,11.364508039533854,5.0095884348724,-1.0355509662192066,0.34968847352024923,0.5763473053892216,0.0,0.0,1.4603923882578551,0.24444444444444444,0.5454545454545454,0.0,0.5664948453608247,0.0,0.0378619153674833,0.07349665924276169,0.888641425389755,22.22222222222222,9.25925925925926,74.07407407407408,30.555555555555557,55.55555555555556,18.367346938775512,39.62264150943396,19.444444444444446,62.96296296296296,68.51851851851852,78.7037037037037,79.62962962962963,34.02777777777778,44.127126741682,45.98765432098765,73.76543209876543,79.62962962962963
Stephanie Luciano,Women’s Strawweight,4,46.16666666666667,1.0,5.068592057761732,12.931407942238266,3.5956678700361007,1.4729241877256314,0.39195979899497485,0.6383442265795207,0.3249097472924188,0.0,1.6245487364620936,0.625,0.7777777777777778,0.6498194945848376,0.5349922239502333,0.0,0.042735042735042736,0.05555555555555555,0.9017094017094017,83.33333333333334,22.22222222222222,96.29629629629629,85.18518518518519,57.407407407407405,87.75510204081633,80.18867924528303,83.33333333333334,55.55555555555556,68.51851851851852,78.7037037037037,90.74074074074075,71.75925925925927,70.22668606226557,65.4320987654321,81.17283950617283,90.74074074074075
Loma Lookboonmee,Women’s Strawweight,8,99.8,1.0,2.875751503006012,5.140280561122244,2.164328657314629,0.7114228456913829,0.5594541910331384,0.48571428571428577,0.0,0.0,2.2545090180360723,0.5769230769230769,0.6944444444444444,0.1503006012024048,0.30619266055045874,0.3333333333333333,0.1254355400696864,0.27177700348432055,0.6027874564459931,72.22222222222221,90.74074074074075,27.77777777777778,30.555555555555557,74.07407407407408,79.59183673469387,66.0377358490566,44.44444444444444,22.22222222222222,68.51851851851852,46.2962962962963,9.25925925925926,55.324074074074076,60.481467220011695,46.913580246913575,47.53086419753087,9.25925925925926
Ketlen Souza,Women’s Strawweight,7,66.35,1.0,4.1145440844009045,7.204220045214771,3.888470233609646,0.2260738507912583,0.5711297071129707,0.5300546448087431,0.452147701582517,0.0,0.452147701582517,0.13333333333333333,0.5357142857142857,0.2260738507912585,0.4856619890176937,0.3333333333333333,0.014652014652014652,0.13553113553113552,0.8498168498168498,53.70370370370371,92.5925925925926,44.44444444444444,88.88888888888889,25.925925925925924,12.244897959183673,35.84905660377358,59.25925925925925,46.2962962962963,68.51851851851852,46.2962962962963,27.77777777777778,69.90740740740742,30.079044196294873,43.82716049382716,53.086419753086425,27.77777777777778
Carla Esparza,Women’s Strawweight,8,114.05,1.0,2.1832529592284087,5.392371766768961,2.6742656729504604,-0.4910127137220517,0.40487804878048783,0.5573294629898404,0.0,0.0,3.156510302498904,0.36923076923076925,0.6363636363636364,0.131521262604121,0.8348771647200967,0.5,0.30522088353413657,0.09236947791164658,0.6024096385542169,33.33333333333333,31.48148148148148,61.111111111111114,30.555555555555557,88.88888888888889,42.857142857142854,52.83018867924528,40.74074074074074,88.88888888888889,68.51851851851852,32.40740740740741,11.11111111111111,39.12037037037037,68.36627732854149,72.8395061728395,54.01234567901235,11.11111111111111
Sam Hughes,Women’s Strawweight,8,110.83333333333334,1.0,4.6195488721804505,9.527819548872179,4.231578947368421,0.38796992481202963,0.48484848484848486,0.6045531197301854,0.0,0.0,1.3533834586466165,0.30303030303030304,0.7,0.2706766917293233,0.6956834532374101,0.0,0.14453125,0.103515625,0.751953125,61.111111111111114,61.111111111111114,83.33333333333334,30.555555555555557,53.70370370370371,30.612244897959183,67.9245283018868,62.96296296296296,75.92592592592592,68.51851851851852,78.7037037037037,66.66666666666666,59.027777777777786,57.0416007073689,64.19753086419753,76.85185185185185,66.66666666666666
Alice Ardelean,Women’s Strawweight,5,69.6,1.0,6.99712643678161,15.158045977011495,4.971264367816092,2.025862068965518,0.46161137440758293,0.6138392857142857,0.0,0.0,1.0775862068965518,0.5,0.8571428571428572,0.21551724137931036,0.8968553459119497,0.0,0.008213552361396304,0.02053388090349076,0.971252566735113,92.5925925925926,46.2962962962963,87.03703703703704,30.555555555555557,48.148148148148145,66.3265306122449,88.67924528301887,55.55555555555556,96.29629629629629,68.51851851851852,78.7037037037037,96.29629629629629,64.12037037037037,74.86255508492705,66.66666666666667,78.08641975308642,96.29629629629629
Carol Foro,Women’s Strawweight,1,15.0,1.0,7.066666666666666,11.533333333333333,3.7333333333333334,3.333333333333333,0.6127167630057804,0.47663551401869164,0.0,0.0,0.0,,0.4285714285714286,0.0,0.11904761904761904,0.0,0.0660377358490566,0.07547169811320754,0.8584905660377359,98.14814814814815,98.14814814814815,24.074074074074073,30.555555555555557,8.333333333333332,,15.09433962264151,19.444444444444446,11.11111111111111,68.51851851851852,78.7037037037037,81.48148148148148,62.73148148148148,11.512928022361985,12.962962962962962,57.098765432098766,81.48148148148148
Shanelle Dyer,Women’s Strawweight,1,6.283333333333333,1.0,7.798408488063661,12.413793103448276,4.137931034482759,3.660477453580902,0.6282051282051282,0.675,0.0,0.0,2.387267904509284,1.0,1.0,0.0,0.7391304347826086,0.0,0.12244897959183673,0.16326530612244897,0.7142857142857143,100.0,100.0,98.14814814814815,30.555555555555557,79.62962962962963,98.9795918367347,95.28301886792453,19.444444444444446,81.48148148148148,68.51851851851852,78.7037037037037,87.03703703703704,82.17592592592592,88.84343045394257,60.18518518518518,81.79012345679013,87.03703703703704
Tecia Pennington,Women’s Strawweight,4,60.0,1.0,4.683333333333334,10.35,3.1,1.5833333333333335,0.4524959742351047,0.6381322957198443,0.0,0.0,0.25,0.16666666666666666,0.6486486486486487,0.0,0.08438818565400844,0.0,0.0,0.07829181494661921,0.9217081850533808,88.88888888888889,40.74074074074074,94.44444444444444,30.555555555555557,18.51851851851852,14.285714285714285,56.60377358490566,19.444444444444446,7.4074074074074066,68.51851851851852,78.7037037037037,70.37037037037037,63.657407407407405,24.203853449136467,15.123456790123457,80.55555555555556,70.37037037037037
Angela Hill,Women’s Strawweight,8,124.2,1.0,4.911433172302737,8.92109500805153,5.080515297906602,-0.1690821256038646,0.5505415162454874,0.533284023668639,0.0,0.12077294685990338,1.2077294685990339,0.3125,0.6153846153846154,0.36231884057971014,0.46934030804998544,0.0,0.03278688524590164,0.25081967213114753,0.7163934426229508,40.74074074074074,88.88888888888889,48.148148148148145,30.555555555555557,51.85185185185185,32.6530612244898,50.0,66.66666666666666,42.592592592592595,35.1851851851852,78.7037037037037,53.70370370370371,52.08333333333333,44.274376417233555,53.703703703703695,54.01234567901235,53.70370370370371
Amanda Ribas,Women’s Strawweight,8,115.5,1.0,4.268398268398268,11.090909090909092,3.8874458874458875,0.38095238095238093,0.38485558157689304,0.5690978886756237,0.12987012987012986,0.12987012987012986,1.9480519480519478,0.5,0.8148148148148149,0.12987012987012986,0.5328017397607829,0.6,0.034482758620689655,0.04056795131845842,0.9249492900608519,57.407407407407405,14.814814814814813,64.81481481481481,66.66666666666666,64.81481481481481,66.3265306122449,84.90566037735849,38.88888888888889,53.70370370370371,31.481481481481485,23.14814814814814,75.92592592592592,50.92592592592592,67.43767737703048,52.46913580246914,39.81481481481481,75.92592592592592
Shi Ming,Women’s Strawweight,2,25.766666666666666,1.0,2.40620957309185,8.69340232858991,3.0659767141009056,-0.6597671410090555,0.2767857142857143,0.5406976744186047,0.5821474773609315,0.0,1.7464424320827945,0.5,0.5,0.0,0.7156862745098039,0.0,0.03225806451612903,0.016129032258064516,0.9516129032258065,29.629629629629626,1.8518518518518516,53.70370370370371,94.44444444444444,61.111111111111114,66.3265306122449,29.245283018867923,19.444444444444446,79.62962962962963,68.51851851851852,78.7037037037037,50.0,44.907407407407405,59.078138592963384,53.39506172839506,66.9753086419753,50.0
Marina Rodriguez,Women’s Strawweight,8,110.71666666666667,1.0,4.127653168749059,9.384314315821165,2.7909077224145715,1.3367454463344872,0.43984600577478344,0.5755494505494505,0.0,0.0,0.27096191479753123,1.0,0.6,0.4064428721962969,0.07735849056603773,0.4,0.061269146608315096,0.212253829321663,0.7264770240700219,79.62962962962963,35.18518518518518,72.22222222222221,30.555555555555557,20.37037037037037,98.9795918367347,47.16981132075472,70.37037037037037,5.555555555555555,68.51851851851852,40.74074074074074,61.111111111111114,54.39814814814814,43.018832270853835,32.098765432098766,60.49382716049382,61.111111111111114
Nicolle Caliari,Women’s Strawweight,3,39.63333333333333,1.0,3.0025231286795626,7.695542472666106,5.878889823380993,-2.87636669470143,0.3901639344262295,0.534,0.0,0.37846930193439865,3.027754415475189,0.25806451612903225,1.0,0.37846930193439865,0.7475292003593891,0.5,0.09243697478991597,0.058823529411764705,0.8487394957983193,11.11111111111111,18.51851851851852,50.0,30.555555555555557,85.18518518518519,24.489795918367346,95.28301886792453,68.51851851851852,83.33333333333334,12.962962962962965,32.40740740740741,33.33333333333333,27.546296296296298,72.07283332620261,79.01234567901234,31.790123456790127,33.33333333333333
Julia Polastri,Women’s Strawweight,5,72.93333333333334,1.0,6.224862888482632,10.722120658135283,5.210237659963437,1.0146252285191952,0.5805626598465473,0.580110497237569,0.0,0.0,0.6170018281535649,0.75,0.6153846153846154,0.20566727605118829,0.3510150622134905,0.0,0.05506607929515418,0.1299559471365639,0.8149779735682819,77.77777777777779,96.29629629629629,75.92592592592592,30.555555555555557,31.48148148148148,94.89795918367348,50.0,51.85185185185185,29.629629629629626,68.51851851851852,78.7037037037037,74.07407407407408,70.13888888888889,51.502267573696145,37.654320987654316,74.38271604938272,74.07407407407408
Gigi Canuto,Women’s Strawweight,1,15.0,1.0,3.7333333333333334,7.133333333333334,7.066666666666666,-3.333333333333333,0.5233644859813084,0.3872832369942196,0.0,0.0,4.0,0.5714285714285714,,1.0,0.8809523809523809,0.0,0.03571428571428571,0.03571428571428571,0.9285714285714286,7.4074074074074066,77.77777777777779,3.7037037037037033,30.555555555555557,94.44444444444444,77.55102040816327,,92.5925925925926,94.44444444444444,68.51851851851852,78.7037037037037,25.925925925925924,29.861111111111114,88.81330309901739,93.82716049382715,50.30864197530864,25.925925925925924
Marina Spasic,Women’s Strawweight,1,3.3333333333333335,1.0,7.5,15.899999999999999,6.0,1.5,0.4716981132075472,0.574468085106383,0.0,0.0,0.0,,0.5,0.0,0.0,1.0,0.0,0.0,1.0,85.18518518518519,51.85185185185185,70.37037037037037,30.555555555555557,8.333333333333332,,29.245283018867923,19.444444444444446,1.8518518518518516,68.51851851851852,5.555555555555562,98.14814814814815,59.49074074074073,13.143489401351035,9.876543209876543,48.14814814814815,98.14814814814815
Xiong Jingnan,Women’s Strawweight,1,15.0,1.0,4.533333333333333,13.2,8.133333333333333,-3.5999999999999996,0.3434343434343434,0.3807106598984772,0.0,0.0,0.0,,0.75,0.0,0.05263157894736842,0.0,0.0,0.14705882352941177,0.8529411764705882,5.555555555555555,7.4074074074074066,1.8518518518518516,30.555555555555557,8.333333333333332,,75.47169811320755,19.444444444444446,3.7037037037037033,68.51851851851852,78.7037037037037,94.44444444444444,11.342592592592592,29.169578383414862,10.493827160493828,49.69135802469136,94.44444444444444
Shauna Bannon,Women’s Strawweight,5,58.46666666666667,1.0,3.848346636259977,8.62029646522235,3.249714937286203,0.5986316989737741,0.44642857142857145,0.45868945868945865,0.0,0.25655644241733183,0.0,0.0,0.4736842105263158,0.5131128848346637,0.13918996006845408,0.6666666666666666,0.04,0.05333333333333334,0.9066666666666666,66.66666666666666,37.03703703703704,20.37037037037037,30.555555555555557,8.333333333333332,4.081632653061225,22.641509433962266,74.07407407407408,12.962962962962962,18.51851851851851,19.444444444444446,48.148148148148145,38.657407407407405,12.004859595829945,31.790123456790123,19.444444444444443,48.148148148148145
Karolina Kowalkiewicz,Women’s Strawweight,8,101.48333333333333,1.0,5.95171620955822,12.23846280177369,5.95171620955822,0.0,0.4863123993558776,0.5743481324876674,0.0,0.0,0.739037608802759,0.2777777777777778,0.7222222222222222,0.2956150435211036,0.44265927977839337,0.5,0.02152317880794702,0.08609271523178808,0.8923841059602649,45.370370370370374,64.81481481481481,68.51851851851852,30.555555555555557,37.03703703703704,26.53061224489796,73.58490566037736,64.81481481481481,38.88888888888889,68.51851851851852,32.40740740740741,85.18518518518519,52.31481481481481,44.01036095780031,46.913580246913575,56.48148148148149,85.18518518518519
Josefine Knutsson,Women’s Strawweight,3,45.0,1.0,5.133333333333334,9.488888888888889,2.4,2.733333333333334,0.5409836065573771,0.4976744186046511,0.0,0.0,1.0,0.75,0.2666666666666667,0.0,0.45235294117647057,0.0,0.1645021645021645,0.1471861471861472,0.6883116883116883,96.29629629629629,85.18518518518519,29.629629629629626,30.555555555555557,42.592592592592595,94.89795918367348,7.547169811320755,19.444444444444446,40.74074074074074,68.51851851851852,78.7037037037037,64.81481481481481,60.41666666666666,46.44461558208189,34.25925925925926,58.95061728395061,64.81481481481481
Ariane Carnelossi,Women’s Strawweight,7,70.78333333333335,1.0,2.6842477042618316,6.950788792088532,4.690369672710148,-2.006121968448316,0.3861788617886179,0.4363327674023769,0.0,0.42382858488344705,1.0595714622086176,0.5,0.2272727272727273,0.21191429244172352,0.3159432387312187,0.75,0.07894736842105263,0.15789473684210525,0.7631578947368421,12.962962962962962,16.666666666666664,9.25925925925926,30.555555555555557,44.44444444444444,66.3265306122449,5.660377358490567,53.70370370370371,25.925925925925924,11.111111111111104,14.814814814814813,22.22222222222222,17.36111111111111,35.589319585276456,41.358024691358025,11.728395061728392,22.22222222222222
Melissa Martinez,Women’s Strawweight,3,42.6,1.0,3.7793427230046945,8.028169014084506,5.211267605633803,-1.4319248826291084,0.47076023391812866,0.5326315789473683,0.0,0.704225352112676,0.352112676056338,0.5,0.5,0.0,0.3967280163599182,0.5,0.012422360248447204,0.037267080745341616,0.9503105590062112,18.51851851851852,50.0,46.2962962962963,30.555555555555557,24.074074074074073,66.3265306122449,29.245283018867923,19.444444444444446,35.18518518518518,5.555555555555562,32.40740740740741,38.88888888888889,36.342592592592595,38.70776822259302,26.23456790123457,28.08641975308642,38.88888888888889
Puja Tomar,Women’s Strawweight,2,23.366666666666667,1.0,5.606276747503566,11.59771754636234,5.8202567760342365,-0.21398002853067055,0.4833948339483395,0.4645669291338582,0.6419400855920114,0.0,0.0,,1.0,0.0,0.41935483870967744,1.0,0.05343511450381679,0.022900763358778626,0.9236641221374046,37.03703703703704,57.407407407407405,22.22222222222222,96.29629629629629,8.333333333333332,,95.28301886792453,19.444444444444446,37.03703703703704,68.51851851851852,5.555555555555562,83.33333333333334,53.24074074074073,46.88446307943163,21.604938271604937,32.098765432098766,83.33333333333334
Bruna Brasil,Women’s Strawweight,8,112.7,1.0,2.422360248447205,4.427684117125111,3.8952972493345164,-1.4729370008873115,0.5470941883767535,0.5233441910966341,0.0,0.13309671694764863,1.064773735581189,0.47058823529411764,0.5641025641025641,0.13309671694764863,0.3137185395249911,0.2,0.03296703296703297,0.19047619047619047,0.7765567765567766,14.814814814814813,87.03703703703704,40.74074074074074,30.555555555555557,46.2962962962963,57.14285714285714,41.509433962264154,42.592592592592595,24.074074074074073,29.629629629629637,54.62962962962963,5.555555555555555,43.28703703703704,42.25566536887292,37.65432098765432,41.66666666666667,5.555555555555555
Elise Reed,Women’s Strawweight,8,93.73333333333333,1.0,3.541963015647226,6.635846372688478,3.1578947368421053,0.38406827880512084,0.5337620578778135,0.5218093699515347,0.1600284495021337,0.3200568990042674,0.48008534850640117,0.6,0.5319148936170213,0.0,0.1818848551521819,1.0,0.04216867469879518,0.12048192771084337,0.8373493975903614,59.25925925925925,83.33333333333334,38.88888888888889,70.37037037037037,27.77777777777778,85.71428571428571,33.9622641509434,19.444444444444446,18.51851851851852,14.814814814814813,5.555555555555562,18.51851851851852,62.96296296296296,41.49321154038135,21.91358024691358,19.753086419753092,18.51851851851852
Yazmin Jauregui,Women’s Strawweight,5,42.46666666666666,1.0,6.64050235478807,16.836734693877553,5.251177394034538,1.389324960753532,0.3944055944055944,0.5476673427991887,0.7064364207221351,1.0596546310832027,0.0,0.0,1.0,0.0,0.6678832116788321,1.0,0.08156028368794327,0.09574468085106383,0.8226950354609929,81.48148148148148,25.925925925925924,55.55555555555556,98.14814814814815,8.333333333333332,4.081632653061225,95.28301886792453,19.444444444444446,72.22222222222221,3.7037037037036997,5.555555555555562,100.0,65.27777777777777,44.98005176913533,33.33333333333333,21.60493827160494,100.0
Rayanne dos Santos,Women’s Strawweight,2,30.0,1.0,5.4,12.5,8.3,-2.9000000000000004,0.432,0.5480943738656987,0.0,0.0,0.5,0.1111111111111111,0.0,0.0,0.6475409836065574,0.0,0.0,0.04938271604938271,0.9506172839506173,9.25925925925926,33.33333333333333,57.407407407407405,30.555555555555557,29.629629629629626,10.204081632653061,2.8301886792452833,19.444444444444446,68.51851851851852,68.51851851851852,78.7037037037037,88.88888888888889,32.638888888888886,27.795604615011623,39.197530864197525,68.20987654320987,88.88888888888889
Viktoriia Dudakova,Women’s Strawweight,4,40.01666666666667,1.0,3.4735526863806743,7.596834652228237,4.023323615160349,-0.5497709287796746,0.45723684210526316,0.5150602409638554,0.37484381507705117,0.0,2.249062890462307,0.3,0.4,0.0,0.37075928917609047,0.5,0.007194244604316547,0.17985611510791366,0.8129496402877698,31.48148148148148,44.44444444444444,35.18518518518518,87.03703703703704,72.22222222222221,28.57142857142857,11.320754716981133,19.444444444444446,31.48148148148148,68.51851851851852,32.40740740740741,31.48148148148148,49.53703703703704,35.898971748028345,41.04938271604938,45.370370370370374,31.48148148148148
Molly McCann,Women’s Strawweight,8,60.78333333333333,1.0,5.462023581025501,11.187277214148615,5.1494378941595835,0.31258568686591737,0.48823529411764705,0.5908496732026144,0.49355634768302714,0.0,1.9742253907321086,0.5333333333333333,0.5384615384615384,0.24677817384151357,0.38529226901319924,0.75,0.05421686746987952,0.06325301204819277,0.8825301204819277,55.55555555555556,66.66666666666666,77.77777777777779,90.74074074074075,66.66666666666666,73.46938775510205,37.735849056603776,61.111111111111114,33.33333333333333,68.51851851851852,14.814814814814813,77.77777777777779,72.68518518518519,52.80130920292645,53.703703703703695,53.7037037037037,77.77777777777779
Luana Pinheiro,Women’s Strawweight,7,87.35000000000001,1.0,3.2856325128792214,8.299942759015455,4.144247281053234,-0.8586147681740126,0.39586206896551723,0.5959821428571428,0.1717229536348025,0.1717229536348025,2.404121350887235,0.3783783783783784,0.7142857142857143,0.1717229536348025,0.34795763993948564,0.5,0.024390243902439025,0.10104529616724739,0.8745644599303136,24.074074074074073,27.77777777777778,79.62962962962963,74.07407407407408,81.48148148148148,45.91836734693878,71.69811320754717,50.0,27.77777777777778,27.777777777777775,32.40740740740741,44.44444444444444,51.388888888888886,56.7189349534363,53.08641975308641,46.60493827160494,44.44444444444444
Feng Xiaocan,Women’s Strawweight,1,10.766666666666667,1.0,4.458204334365325,9.473684210526315,2.786377708978328,1.6718266253869971,0.47058823529411764,0.7222222222222222,0.0,1.393188854489164,0.0,,0.5,0.0,0.5508474576271186,1.0,0.020833333333333332,0.0,0.9791666666666666,90.74074074074075,48.148148148148145,100.0,30.555555555555557,8.333333333333332,,29.245283018867923,19.444444444444446,61.111111111111114,1.8518518518518519,5.555555555555562,62.96296296296296,67.36111111111111,32.89657582110412,29.62962962962963,35.80246913580247,62.96296296296296
Cory McKenna,Women’s Strawweight,6,67.68333333333334,1.0,2.8958384634326517,7.904457030288106,4.1369120906180745,-1.2410736271854228,0.3663551401869159,0.44881889763779526,0.0,0.0,2.216202905688254,0.45454545454545453,0.6666666666666667,0.4432405811376508,0.7514819881440948,0.3333333333333333,0.0663265306122449,0.09183673469387756,0.8418367346938775,20.37037037037037,12.962962962962962,16.666666666666664,30.555555555555557,70.37037037037037,55.10204081632652,62.264150943396224,72.22222222222221,85.18518518518519,68.51851851851852,46.2962962962963,37.03703703703704,20.138888888888886,68.23043682881958,75.92592592592592,43.827160493827165,37.03703703703704
Montserrat Conejo Ruiz,Women’s Strawweight,5,51.50000000000001,1.0,2.2135922330097086,7.533980582524271,6.194174757281552,-3.980582524271844,0.29381443298969073,0.4413309982486865,0.0,0.2912621359223301,1.7475728155339805,0.5,0.4444444444444444,0.5825242718446602,0.4698996655518395,0.75,0.008771929824561403,0.02631578947368421,0.9649122807017544,1.8518518518518516,3.7037037037037033,12.962962962962962,30.555555555555557,62.96296296296296,66.3265306122449,16.9811320754717,75.92592592592592,44.44444444444444,16.66666666666666,14.814814814814813,29.629629629629626,12.268518518518519,47.678767523781005,61.11111111111111,14.814814814814811,29.629629629629626
Polyana Viana,Women’s Strawweight,8,54.28333333333333,1.0,2.1369358305188824,5.39760515812097,2.4132637396377037,-0.2763279091188213,0.39590443686006827,0.5148148148148148,0.27632790911882105,0.0,0.27632790911882105,0.25,0.3157894736842105,1.6579674547129262,0.08560851457658492,0.8,0.10344827586206896,0.06896551724137931,0.8275862068965517,35.18518518518518,29.629629629629626,33.33333333333333,81.48148148148148,22.22222222222222,21.428571428571427,9.433962264150944,98.14814814814815,9.25925925925926,68.51851851851852,11.111111111111104,12.962962962962962,44.907407407407405,15.586003793550962,43.20987654320988,37.654320987654316,12.962962962962962
Jessica Penne,Women’s Strawweight,8,94.06666666666666,1.0,3.0510276399716516,9.110559886605245,6.718639262934089,-3.6676116229624376,0.3348891481913652,0.4347048300536672,0.0,0.0,0.6378454996456414,0.08163265306122448,0.4666666666666667,0.15946137491141035,0.5255930087390761,0.5,0.0313588850174216,0.15331010452961671,0.8153310104529616,3.7037037037037033,5.555555555555555,7.4074074074074066,30.555555555555557,35.18518518518518,8.16326530612245,20.754716981132077,48.148148148148145,51.85185185185185,68.51851851851852,32.40740740740741,59.25925925925925,11.805555555555555,28.98875483107289,45.06172839506173,36.111111111111114,59.25925925925925
Istela Nunes,Women’s Strawweight,5,52.61666666666666,1.0,4.276211593284764,9.027557808045614,4.067152359835287,0.2090592334494774,0.47368421052631576,0.5969868173258004,0.285080772885651,0.570161545771302,0.0,0.0,0.47619047619047616,0.0,0.16279069767441862,0.6,0.0044444444444444444,0.10666666666666667,0.8888888888888888,51.85185185185185,53.70370370370371,81.48148148148148,83.33333333333334,8.333333333333332,4.081632653061225,24.528301886792452,19.444444444444446,16.666666666666664,7.407407407407409,23.14814814814814,55.55555555555556,67.5925925925926,13.402483634963419,14.814814814814815,37.34567901234568,55.55555555555556
