fighter,division,sample,head_landed_per_min,head_accuracy,head_absorbed_per_min,head_accuracy_allowed,body_landed_per_min,body_accuracy,body_absorbed_per_min,body_accuracy_allowed,leg_landed_per_min,leg_accuracy,leg_absorbed_per_min,leg_accuracy_allowed,distance_landed_per_min,distance_accuracy,distance_absorbed_per_min,distance_accuracy_allowed,clinch_landed_per_min,clinch_accuracy,clinch_absorbed_per_min,clinch_accuracy_allowed,ground_landed_per_min,ground_accuracy,ground_absorbed_per_min,ground_accuracy_allowed,power_kd_per100_sig,kd_absorbed_per100_sig,close_landed_per_min,close_accuracy,close_absorbed_per_min,close_accuracy_allowed,data_completeness,head_landed_per_min_pct,head_accuracy_pct,head_absorbed_per_min_pct,head_accuracy_allowed_pct,body_landed_per_min_pct,body_accuracy_pct,body_absorbed_per_min_pct,body_accuracy_allowed_pct,leg_landed_per_min_pct,leg_accuracy_pct,leg_absorbed_per_min_pct,leg_accuracy_allowed_pct,distance_landed_per_min_pct,distance_accuracy_pct,distance_absorbed_per_min_pct,distance_accuracy_allowed_pct,close_landed_per_min_pct,close_accuracy_pct,close_absorbed_per_min_pct,close_accuracy_allowed_pct,power_kd_per100_sig_pct,kd_absorbed_per100_sig_pct,head_attack_score,head_defense_score,body_attack_score,body_defense_score,leg_attack_score,leg_defense_score,distance_attack_score,distance_defense_score,close_attack_score,close_defense_score,power_score,knockdown_resistance_score
Merab Dvalishvili,Men’s Bantamweight,8,2.9758397171479083,0.33869885982562037,1.9563936358279317,0.40786240786240785,0.8662345315262228,0.7033492822966507,0.8073070123747791,0.7405405405405405,0.7012374779021804,0.8321678321678322,0.43606364172068357,0.8604651162790697,3.3235120801414264,0.3659961064243997,2.893341190335887,0.4856577645895153,0.7248084855627579,0.6721311475409836,0.2828520919269299,0.6956521739130435,0.4949911608721273,0.7058823529411765,0.02357100766057749,0.8,0.0,0.0,1.2197996464348853,0.6854304635761589,0.3064230995875074,0.7027027027027027,1.0,73.46938775510205,26.53061224489796,68.36734693877551,34.693877551020414,63.26530612244898,48.97959183673469,44.89795918367348,35.714285714285715,68.36734693877551,49.48453608247423,65.30612244897958,41.23711340206185,53.06122448979592,16.3265306122449,60.204081632653065,23.469387755102037,86.73469387755102,42.70833333333333,74.48979591836735,52.04081632653062,22.448979591836736,73.46938775510205,50.0,51.530612244897966,56.12244897959184,40.30612244897959,58.92594151062487,53.271617925520715,34.69387755102041,41.83673469387755,64.72151360544217,63.26530612244898,22.448979591836736,73.46938775510205
Sean O'Malley,Men’s Bantamweight,8,2.853907134767837,0.5114155251141552,1.5033975084937712,0.3247706422018349,1.2061155152887881,0.696078431372549,0.4161947904869762,0.5384615384615384,0.45016987542468856,0.8983050847457628,1.4099660249150623,0.8058252427184466,4.297848244620612,0.5704622322435174,2.548131370328426,0.4219409282700422,0.07644394110985277,0.8181818181818182,0.22083805209513024,0.6842105263157895,0.13590033975084936,0.7272727272727273,0.5605889014722537,0.7096774193548387,0.3766478342749529,0.0,0.21234428086070214,0.7575757575757576,0.7814269535673839,0.7022900763358778,1.0,66.3265306122449,93.87755102040816,82.65306122448979,72.44897959183673,81.63265306122449,45.91836734693878,86.73469387755102,88.26530612244898,46.93877551020408,79.38144329896907,2.0408163265306074,57.73195876288659,81.63265306122449,98.9795918367347,68.36734693877551,59.183673469387756,13.26530612244898,70.83333333333334,29.591836734693874,53.061224489795926,59.183673469387756,73.46938775510205,80.10204081632654,77.55102040816325,63.775510204081634,87.5,63.16010940458658,29.8863875447086,90.3061224489796,63.775510204081634,42.04931972789116,41.3265306122449,59.183673469387756,73.46938775510205
Petr Yan,Men’s Bantamweight,8,3.0294117647058822,0.4900095147478592,3.2,0.35370611183355005,0.8235294117647058,0.8383233532934131,0.9294117647058824,0.6694915254237288,0.7647058823529411,0.8904109589041096,0.5705882352941176,0.7698412698412699,3.8823529411764706,0.5477178423236515,4.264705882352941,0.40480178671133443,0.5117647058823529,0.7767857142857143,0.3352941176470588,0.6551724137931034,0.2235294117647059,0.8085106382978723,0.1,0.7727272727272727,0.12738853503184713,0.0,0.7352941176470589,0.7861635220125787,0.43529411764705883,0.6788990825688074,1.0,75.51020408163265,87.75510204081633,20.40816326530612,56.12244897959184,60.204081632653065,91.83673469387756,34.693877551020414,55.10204081632653,73.46938775510205,77.31958762886599,54.08163265306123,64.94845360824742,71.42857142857143,95.91836734693877,21.428571428571434,68.36734693877551,59.183673469387756,82.29166666666666,60.204081632653065,63.26530612244898,44.89795918367347,73.46938775510205,81.63265306122449,38.265306122448976,76.02040816326532,44.89795918367347,75.39448769198401,59.51504313065432,83.67346938775509,44.89795918367347,70.7376700680272,61.734693877551024,44.89795918367347,73.46938775510205
Mario Bautista,Men’s Bantamweight,8,3.298835705045278,0.4,3.017464424320828,0.3921815889029004,1.5426908150064684,0.8195876288659794,0.6209573091849936,0.6808510638297872,0.6403622250970246,0.8571428571428571,0.6597671410090556,0.9444444444444444,4.676584734799483,0.4762845849802372,3.560802069857697,0.4237875288683603,0.5045278137128073,0.8125,0.6306597671410091,0.8227848101265823,0.30077619663648125,0.6888888888888889,0.10672703751617077,0.7857142857142857,0.35398230088495575,0.0,0.8053040103492886,0.7614678899082569,0.7373868046571799,0.8172043010752689,1.0,80.61224489795919,65.3061224489796,25.510204081632654,43.87755102040817,90.81632653061224,87.75510204081633,66.3265306122449,50.0,62.244897959183675,60.824742268041234,40.816326530612244,11.340206185567002,88.77551020408163,71.42857142857143,39.79591836734694,58.163265306122454,62.244897959183675,72.91666666666666,33.67346938775511,14.285714285714283,57.14285714285714,73.46938775510205,72.9591836734694,34.693877551020414,89.28571428571428,58.16326530612245,61.534820113612454,26.07826635808962,80.10204081632654,48.9795918367347,67.58078231292517,23.9795918367347,57.14285714285714,73.46938775510205
Umar Nurmagomedov,Men’s Bantamweight,8,2.713780918727915,0.5023547880690737,0.9752650176678445,0.2751196172248804,0.8056537102473498,0.7251908396946565,0.6021201413427562,0.6826923076923077,0.415547703180212,0.8596491228070176,0.3646643109540636,0.7678571428571429,2.6374558303886926,0.5016129032258064,1.6876325088339221,0.3768939393939394,0.19505300353356889,0.696969696969697,0.23745583038869256,0.6086956521739131,1.1024734982332156,0.7558139534883721,0.01696113074204947,0.5,0.21551724137931033,0.8733624454148472,1.2975265017667843,0.7463414634146341,0.254416961130742,0.6,1.0,61.224489795918366,92.85714285714286,93.87755102040816,87.75510204081633,58.16326530612245,58.16326530612245,70.40816326530611,47.95918367346939,38.775510204081634,64.94845360824742,72.44897959183673,67.0103092783505,36.734693877551024,86.73469387755102,85.71428571428571,82.65306122448979,89.79591836734694,63.541666666666664,87.75510204081633,81.12244897959184,46.93877551020408,18.3673469387755,77.04081632653062,90.81632653061224,58.16326530612245,59.183673469387756,51.86198190616453,69.72964443509362,61.734693877551024,84.18367346938774,76.6687925170068,84.43877551020408,46.93877551020408,18.3673469387755
Song Yadong,Men’s Bantamweight,8,2.2282461371645432,0.3508322663252241,2.114394144754676,0.38235294117647056,0.683111954459203,0.65625,0.683111954459203,0.6511627906976745,0.992138791000271,0.7625,1.0490647872052046,0.8775510204081632,3.350501490918948,0.4199796126401631,3.651396042287883,0.48331539289558667,0.1870425589590675,0.7666666666666667,0.07319056654920032,0.8181818181818182,0.3659528327460016,0.7758620689655172,0.12198427758200055,0.9375,0.625,0.0,0.5529953917050691,0.7727272727272727,0.19517484413120087,0.8888888888888888,1.0,44.89795918367347,35.714285714285715,60.204081632653065,46.93877551020408,43.87755102040816,37.755102040816325,59.183673469387756,67.85714285714286,87.75510204081633,25.773195876288657,13.265306122448981,31.958762886597942,56.12244897959183,44.89795918367347,34.693877551020414,26.530612244897956,45.91836734693878,78.125,89.79591836734693,4.591836734693875,77.04081632653062,73.46938775510205,40.30612244897959,53.57142857142857,40.816326530612244,63.52040816326531,56.76414895855249,22.61203450452346,50.51020408163265,30.612244897959187,62.02168367346939,47.1938775510204,77.04081632653062,73.46938775510205
Farid Basharat,Men’s Bantamweight,7,2.5251989389920424,0.44074074074074077,1.973474801061008,0.3059210526315789,0.5941644562334217,0.6436781609195402,0.9124668435013262,0.6771653543307087,0.8169761273209549,0.7938144329896907,0.583554376657825,0.5445544554455446,3.2679045092838197,0.48503937007874015,2.9177718832891246,0.35900783289817234,0.29708222811671087,0.7567567567567568,0.44562334217506633,0.711864406779661,0.3713527851458886,0.6730769230769231,0.10610079575596817,0.9090909090909091,0.0,0.0,0.6684350132625995,0.7078651685393258,0.5517241379310345,0.7428571428571429,1.0,55.10204081632652,78.57142857142857,67.34693877551021,80.61224489795919,34.69387755102041,34.69387755102041,35.714285714285715,51.02040816326531,80.61224489795919,32.98969072164948,52.04081632653062,93.81443298969072,50.0,78.57142857142857,57.142857142857146,84.6938775510204,56.12244897959183,50.0,48.97959183673469,42.85714285714286,22.448979591836736,73.46938775510205,66.83673469387755,73.9795918367347,34.69387755102041,43.36734693877551,56.800967809804334,72.92762465811066,64.28571428571428,70.91836734693878,53.06122448979592,45.91836734693878,22.448979591836736,73.46938775510205
Raoni Barcelos,Men’s Bantamweight,8,2.3703935040599626,0.43847487001733104,2.1267957526545906,0.337295690936107,0.683947532792005,0.8021978021978022,0.5902560899437851,0.7078651685393258,0.4778263585259213,0.85,0.3466583385384135,0.925,2.5296689569019364,0.45840407470288624,2.59525296689569,0.3789329685362517,0.3185509056839475,0.7555555555555555,0.2623360399750156,0.6666666666666666,0.683947532792005,0.776595744680851,0.2061211742660837,0.7586206896551724,0.26525198938992045,0.9174311926605505,1.0024984384759525,0.7697841726618705,0.4684572142410993,0.704225352112676,1.0,46.93877551020408,76.53061224489795,59.183673469387756,69.38775510204081,44.89795918367347,83.6734693877551,71.42857142857142,41.83673469387755,52.04081632653062,56.18556701030928,74.48979591836735,20.61855670103093,31.63265306122449,66.3265306122449,67.34693877551021,80.61224489795919,77.55102040816327,77.08333333333334,56.12244897959184,50.0,50.0,16.83673469387755,61.73469387755102,64.28571428571428,64.28571428571429,56.63265306122449,54.113191668419944,47.55417630969914,48.97959183673469,73.9795918367347,77.31717687074831,53.06122448979592,50.0,16.83673469387755
Bryce Mitchell,Men’s Bantamweight,8,1.0726256983240223,0.48484848484848486,0.9273743016759777,0.350210970464135,0.6256983240223464,0.6086956521739131,0.4245810055865922,0.5428571428571428,0.4245810055865922,0.8837209302325582,0.18994413407821228,0.7391304347826086,1.441340782122905,0.5,1.2513966480446927,0.3848797250859107,0.24581005586592178,0.8148148148148148,0.11173184357541899,0.625,0.43575418994413406,0.8125,0.1787709497206704,0.6956521739130435,0.5263157894736842,2.898550724637681,0.6815642458100558,0.8133333333333334,0.2905027932960894,0.6666666666666666,1.0,9.183673469387756,84.6938775510204,94.89795918367346,60.204081632653065,37.755102040816325,25.510204081632654,85.71428571428571,86.73469387755102,40.816326530612244,75.25773195876289,91.83673469387755,75.25773195876289,10.204081632653061,84.6938775510204,94.89795918367346,79.59183673469387,58.16326530612245,88.54166666666666,80.61224489795919,65.81632653061223,71.42857142857143,3.061224489795923,46.93877551020408,77.55102040816327,31.632653061224488,86.22448979591837,58.03702924468757,83.54723332632022,47.44897959183673,87.24489795918367,73.35246598639455,73.21428571428571,71.42857142857143,3.061224489795923
Cory Sandhagen,Men’s Bantamweight,8,2.7729601891998423,0.3521021021021021,2.264485612928656,0.3860887096774194,0.650374458021285,0.7236842105263158,0.6799369333858889,0.732484076433121,0.8277493102089082,0.9150326797385621,0.6148994875837603,0.8739495798319328,3.6598344501379585,0.41739716790289955,2.962160031533307,0.4417989417989418,0.14189988175009854,0.6857142857142857,0.3843121797398502,0.7926829268292683,0.4493496255419787,0.6386554621848739,0.21284982262514782,0.6923076923076923,0.0,0.33222591362126247,0.5912495072920773,0.6493506493506493,0.5971620023649981,0.753731343283582,1.0,63.26530612244898,36.734693877551024,51.02040816326531,45.91836734693879,38.775510204081634,57.14285714285714,60.204081632653065,38.775510204081634,81.63265306122449,83.50515463917526,46.93877551020408,35.05154639175258,64.28571428571429,41.83673469387755,55.10204081632653,46.93877551020408,48.97959183673469,27.083333333333332,44.89795918367348,33.67346938775511,22.448979591836736,34.693877551020414,50.0,48.46938775510205,47.95918367346938,49.48979591836735,82.56890385019987,40.99516095097833,53.06122448979592,51.0204081632653,38.031462585034014,39.28571428571429,22.448979591836736,34.693877551020414
Aiemann Zahabi,Men’s Bantamweight,8,3.538083538083538,0.4495677233429395,2.7783027783027783,0.2474747474747475,0.8051408051408051,0.6574074074074074,0.8505008505008504,0.5136986301369864,0.9185409185409185,0.7431192660550459,0.567000567000567,0.7246376811594203,4.785484785484785,0.49764150943396224,4.127764127764127,0.304857621440536,0.14742014742014742,0.6190476190476191,0.0567000567000567,0.5,0.32886032886032884,0.6904761904761905,0.011340011340011339,1.0,0.43103448275862066,0.8108108108108109,0.47628047628047626,0.6666666666666666,0.06804006804006804,0.5454545454545454,1.0,86.73469387755102,80.61224489795919,32.6530612244898,96.93877551020408,57.14285714285714,38.775510204081634,41.83673469387755,90.81632653061224,85.71428571428571,23.711340206185564,55.10204081632653,78.35051546391752,90.81632653061224,83.6734693877551,23.469387755102037,95.91836734693877,38.775510204081634,35.41666666666667,97.95918367346938,87.75510204081633,63.26530612244898,22.448979591836736,83.6734693877551,64.79591836734694,47.95918367346938,66.3265306122449,54.71281296023564,66.72627814012202,87.24489795918367,59.6938775510204,37.096088435374156,92.85714285714286,63.26530612244898,22.448979591836736
Raul Rosas Jr.,Men’s Bantamweight,7,0.8591549295774648,0.3505747126436782,0.9859154929577465,0.39325842696629215,0.18309859154929578,0.48148148148148145,0.2676056338028169,0.76,0.29577464788732394,0.7,0.08450704225352113,0.8571428571428571,0.9014084507042254,0.35359116022099446,0.9577464788732394,0.39080459770114945,0.014084507042253521,0.5,0.07042253521126761,0.625,0.4225352112676056,0.625,0.30985915492957744,0.7857142857142857,1.0526315789473684,0.0,0.43661971830985913,0.62,0.38028169014084506,0.75,1.0,6.122448979591836,34.183673469387756,92.85714285714285,42.85714285714286,4.081632653061225,9.183673469387756,95.91836734693877,27.040816326530607,25.510204081632654,18.04123711340206,96.93877551020408,42.78350515463917,2.0408163265306123,12.244897959183673,100.0,76.53061224489795,34.69387755102041,19.791666666666664,67.34693877551021,37.755102040816325,86.73469387755102,73.46938775510205,20.153061224489797,67.85714285714286,6.63265306122449,61.479591836734684,21.775720597517356,69.86114033242163,7.142857142857142,88.26530612244898,27.242772108843536,52.55102040816327,86.73469387755102,73.46938775510205
Deiveson Figueiredo,Men’s Bantamweight,8,0.8771411695215594,0.3793103448275862,1.860602480803308,0.41338582677165353,0.5847607796810396,0.717391304347826,0.5493207324276432,0.7380952380952381,0.3278204370939161,0.8222222222222222,0.930301240401654,0.8467741935483871,1.5416420555227408,0.481994459833795,2.7643236857649147,0.5024154589371981,0.14176018901358536,0.7272727272727273,0.2303603071470762,0.7647058823529411,0.10632014176018902,0.8,0.34554046072061434,0.639344262295082,0.49504950495049505,0.0,0.2480803307737744,0.7567567567567568,0.5759007678676905,0.6842105263157895,1.0,7.142857142857142,56.12244897959183,71.42857142857142,30.612244897959176,33.6734693877551,53.06122448979592,73.46938775510205,36.73469387755102,27.55102040816326,43.29896907216495,20.40816326530612,46.39175257731959,12.244897959183673,75.51020408163265,63.26530612244898,14.285714285714283,15.306122448979592,69.79166666666666,47.95918367346939,59.183673469387756,68.36734693877551,73.46938775510205,31.632653061224488,51.020408163265294,43.36734693877551,55.102040816326536,35.42499474016411,33.399957921312854,43.87755102040816,38.775510204081634,42.548894557823125,53.57142857142857,68.36734693877551,73.46938775510205
Montel Jackson,Men’s Bantamweight,8,1.778509674763277,0.42105263157894735,0.44462741869081923,0.1956521739130435,0.38287361053931657,0.8157894736842105,0.46932894195142033,0.5588235294117647,0.25936599423631124,0.875,0.531082750102923,0.7413793103448276,1.6797035817208728,0.43870967741935485,1.222725401399753,0.34256055363321797,0.25936599423631124,0.7241379310344828,0.14820913956360643,0.8,0.48167970358172085,0.6,0.07410456978180321,1.0,5.1020408163265305,0.0,0.7410456978180321,0.6382978723404256,0.22231370934540962,0.8571428571428571,1.0,29.591836734693878,73.46938775510205,98.97959183673468,100.0,16.3265306122449,85.71428571428571,81.63265306122449,83.67346938775509,21.428571428571427,70.61855670103093,56.12244897959184,74.22680412371133,16.3265306122449,61.224489795918366,96.93877551020408,88.77551020408163,60.204081632653065,23.4375,88.77551020408163,8.163265306122446,100.0,73.46938775510205,51.530612244897966,99.48979591836735,51.0204081632653,82.65306122448979,46.02356406480118,65.17462655165158,38.775510204081634,92.85714285714286,41.820790816326536,48.469387755102034,100.0,73.46938775510205
Chris Gutierrez,Men’s Bantamweight,8,1.5422053231939163,0.4043062200956938,1.2866920152091255,0.2478031634446397,0.3011406844106464,0.4782608695652174,0.47452471482889735,0.5,2.3634980988593157,0.7708333333333334,1.0220532319391635,0.6549707602339181,4.115589353612167,0.5588599752168525,2.326996197718631,0.3346456692913386,0.018250950570342206,0.4,0.10038022813688213,0.6875,0.07300380228136882,0.7272727272727273,0.355893536121673,0.5909090909090909,0.6507592190889371,0.32786885245901637,0.09125475285171103,0.625,0.45627376425855515,0.6097560975609756,1.0,17.346938775510203,66.3265306122449,88.77551020408163,95.91836734693877,12.244897959183673,8.16326530612245,80.61224489795919,93.36734693877551,100.0,28.865979381443296,15.306122448979599,88.65979381443299,77.55102040816327,96.93877551020408,73.46938775510205,91.83673469387755,5.1020408163265305,21.875,58.163265306122454,79.59183673469387,78.57142857142857,36.73469387755102,41.836734693877546,92.3469387755102,10.204081632653061,86.98979591836735,64.43298969072166,51.98295813170629,87.24489795918367,82.65306122448979,13.488520408163264,68.87755102040816,78.57142857142857,36.73469387755102
Payton Talbott,Men’s Bantamweight,6,4.250946457544619,0.5261044176706827,2.0443482963764197,0.4772727272727273,1.1519740400216334,0.8352941176470589,0.48674959437533805,0.7692307692307693,0.4705246078961601,0.9354838709677419,0.4705246078961601,0.8529411764705882,3.7966468361276364,0.5120350109409191,2.0443482963764197,0.4846153846153846,0.6976744186046512,0.8431372549019608,0.25959978366684694,0.6956521739130435,1.3791238507301244,0.8018867924528302,0.6976744186046512,0.7962962962962963,0.8287292817679558,0.0,2.0767982693347755,0.8152866242038217,0.9572742022714981,0.7662337662337663,1.0,94.89795918367348,95.91836734693877,64.28571428571428,12.24489795918368,78.57142857142857,90.81632653061224,79.59183673469387,23.469387755102037,50.0,89.69072164948454,62.244897959183675,44.329896907216494,67.3469387755102,89.79591836734694,80.61224489795919,24.489795918367353,96.93877551020408,89.58333333333334,17.3469387755102,31.63265306122449,82.6530612244898,73.46938775510205,95.40816326530611,38.265306122448976,84.6938775510204,51.53061224489795,69.84536082474227,53.287397433200084,78.57142857142857,52.55102040816327,93.2610544217687,24.489795918367346,82.6530612244898,73.46938775510205
Daniel Marcos,Men’s Bantamweight,7,2.971227246036406,0.48747591522157996,2.1021726365237816,0.30915371329879104,0.9512624779800352,0.6230769230769231,0.7163828537874339,0.5648148148148148,0.8925425719318848,0.8260869565217391,1.115678214914856,0.7983193277310925,4.0046975924838515,0.5143288084464555,3.8285378743394007,0.41581632653061223,0.6811509101585437,0.8787878787878788,0.10569583088667057,0.4090909090909091,0.1291837933059307,0.9166666666666666,0.0,,0.4878048780487805,0.0,0.8103347034644744,0.8846153846153846,0.10569583088667057,0.4090909090909091,1.0,72.44897959183673,86.73469387755102,62.244897959183675,76.53061224489795,70.40816326530613,26.53061224489796,53.061224489795926,81.63265306122449,82.6530612244898,47.42268041237113,8.163265306122446,59.79381443298969,75.51020408163265,91.83673469387756,29.591836734693874,64.28571428571428,63.26530612244898,97.91666666666666,95.91836734693877,96.93877551020408,66.3265306122449,73.46938775510205,79.59183673469389,69.38775510204081,48.46938775510205,67.34693877551021,65.03787081843046,33.978539869556066,83.6734693877551,46.938775510204074,80.59098639455782,96.42857142857142,66.3265306122449,73.46938775510205
Adrian Yanez,Men’s Bantamweight,8,4.400411734431292,0.37157757496740546,3.0571281523417397,0.34375,0.7411219763252702,0.7384615384615385,1.1116829644879054,0.5625,0.7565620174987133,0.9074074074074074,1.188883170355121,0.7475728155339806,5.3113741636644365,0.41798298906439857,5.07977354606279,0.4212548015364917,0.12352032938754504,0.47058823529411764,0.1080802882141019,0.5833333333333334,0.46320123520329387,0.6521739130434783,0.16984045290787442,0.7857142857142857,1.0471204188481675,0.8645533141210374,0.5867215645908389,0.6031746031746031,0.27792074112197634,0.6923076923076923,1.0,95.91836734693877,48.97959183673469,23.469387755102037,62.244897959183675,52.04081632653062,61.224489795918366,24.489795918367353,82.65306122448979,71.42857142857143,82.4742268041237,7.142857142857143,73.19587628865979,93.87755102040816,42.857142857142854,9.183673469387747,60.204081632653065,47.95918367346938,13.541666666666666,85.71428571428571,57.142857142857146,85.71428571428571,19.387755102040817,72.44897959183673,42.857142857142854,56.63265306122449,53.57142857142857,76.95139911634757,40.169366715758464,68.36734693877551,34.69387755102041,30.750425170068024,71.42857142857143,85.71428571428571,19.387755102040817
Marcus McGhee,Men’s Bantamweight,6,3.834526650755768,0.3825396825396825,2.163882259347653,0.35051546391752575,0.8750994431185362,0.6395348837209303,0.7159904534606205,0.6081081081081081,0.7319013524264121,0.6764705882352942,0.7637231503579952,0.75,5.107398568019093,0.4251655629139073,3.2140015910898967,0.4139344262295082,0.15910898965791567,0.625,0.4295942720763723,0.7105263157894737,0.17501988862370724,0.8461538461538461,0.0,,0.8771929824561403,0.0,0.3341288782816229,0.7241379310344828,0.4295942720763723,0.7105263157894737,1.0,91.83673469387756,58.16326530612245,58.163265306122454,59.183673469387756,65.3061224489796,30.612244897959183,54.08163265306123,76.53061224489795,69.38775510204081,15.463917525773196,30.612244897959176,71.1340206185567,92.85714285714286,50.0,45.91836734693879,65.30612244897958,28.57142857142857,56.25,61.22448979591837,48.97959183673469,84.18367346938776,73.46938775510205,75.0,58.673469387755105,47.95918367346939,65.3061224489796,42.425836313907006,50.87313275825794,71.42857142857143,55.61224489795919,42.410714285714285,55.102040816326536,84.18367346938776,73.46938775510205
Ricky Simon,Men’s Bantamweight,8,2.2191528545119708,0.3492753623188406,3.2228360957642725,0.3394762366634336,0.44198895027624313,0.75,1.0957642725598526,0.7579617834394905,0.35911602209944754,0.9285714285714286,0.5985267034990792,0.7926829268292683,2.688766114180479,0.3914209115281501,4.585635359116022,0.40987654320987654,0.1565377532228361,0.7391304347826086,0.11049723756906078,0.75,0.17495395948434622,0.7037037037037037,0.22099447513812157,0.6153846153846154,0.6097560975609756,0.5617977528089888,0.33149171270718236,0.72,0.33149171270718236,0.6545454545454545,1.0,43.87755102040816,32.6530612244898,19.387755102040817,67.34693877551021,21.428571428571427,69.38775510204081,26.530612244897956,28.571428571428573,30.612244897959183,87.62886597938144,51.02040816326531,60.824742268041234,37.755102040816325,27.55102040816326,13.265306122448981,67.34693877551021,26.53061224489796,54.166666666666664,72.44897959183673,67.34693877551021,75.51020408163265,30.612244897959176,38.265306122448976,43.36734693877551,45.40816326530612,27.551020408163264,59.120555438670316,55.92257521565327,32.65306122448979,40.30612244897959,40.34863945578231,69.89795918367346,75.51020408163265,30.612244897959176
Charles Jourdain,Men’s Bantamweight,8,2.580909463334699,0.3595890410958904,2.494879147890209,0.4043824701195219,1.5116755428103237,0.7454545454545455,0.6145022531749283,0.6666666666666666,0.5653420729209341,0.8679245283018868,0.7251126587464155,0.8309859154929577,3.3674723473986075,0.40472673559822747,3.183121671446129,0.4473229706390328,1.0446538303973782,0.85,0.5038918476034413,0.7884615384615384,0.24580090126997134,0.8,0.1474805407619828,0.7058823529411765,0.2638522427440633,0.6410256410256411,1.2904547316673496,0.84,0.6513723883654241,0.7681159420289855,1.0,57.14285714285714,40.816326530612244,42.85714285714286,37.755102040816325,89.79591836734694,67.3469387755102,67.34693877551021,57.6530612244898,60.204081632653065,65.97938144329896,36.73469387755102,51.54639175257732,57.14285714285714,36.734693877551024,47.95918367346939,41.83673469387755,88.77551020408163,94.79166666666666,36.73469387755102,29.591836734693874,48.97959183673469,26.530612244897956,48.97959183673469,40.30612244897959,78.57142857142857,62.5,63.09173153797602,44.140542815064165,46.93877551020408,44.89795918367347,91.78358843537414,33.16326530612245,48.97959183673469,26.530612244897956
Henry Cejudo,Men’s Bantamweight,8,2.193601994183631,0.3916913946587537,2.517656834233486,0.404,0.7893643539675945,0.7421875,1.2629829663481513,0.7835051546391752,0.8973826339842128,0.8780487804878049,1.196510178645617,0.8470588235294118,2.8832571665974243,0.45064935064935063,4.029912754466141,0.49794661190965095,0.5317823016202742,0.7191011235955056,0.6481096800997093,0.7959183673469388,0.46530951391773995,0.8484848484848485,0.29912754466140423,0.8571428571428571,0.4282655246252677,0.1669449081803005,0.9970918155380142,0.7741935483870968,0.9472372247611135,0.8142857142857143,1.0,41.83673469387755,60.204081632653065,40.816326530612244,38.775510204081634,54.08163265306123,65.3061224489796,18.3673469387755,20.40816326530612,84.6938775510204,73.19587628865979,6.1224489795918275,45.360824742268036,46.93877551020408,64.28571428571429,25.510204081632654,19.387755102040817,76.53061224489795,79.16666666666666,18.3673469387755,15.306122448979599,62.244897959183675,44.89795918367348,51.02040816326531,39.79591836734694,59.69387755102041,19.38775510204081,78.9448769198401,25.741636860929933,55.61224489795919,22.448979591836736,77.8486394557823,16.83673469387755,62.244897959183675,44.89795918367348
Marlon Vera,Men’s Bantamweight,8,2.4887818758892415,0.3461187214611872,4.288059538141622,0.4106918238993711,0.7289044544161103,0.5577889447236181,1.3921418408668054,0.7709090909090909,1.1032067418189777,0.8038277511961722,1.0900733282258948,0.9273743016759777,3.9728576119076284,0.4245614035087719,6.422239247017621,0.4992343032159265,0.1904344970997045,0.7435897435897436,0.17730108350662144,0.7105263157894737,0.15760096311699684,0.6153846153846154,0.1707343767100799,0.5531914893617021,1.0638297872340425,0.09699321047526673,0.34803546021670134,0.6794871794871795,0.34803546021670134,0.6235294117647059,1.0,54.08163265306123,31.63265306122449,8.163265306122446,31.63265306122449,50.0,12.244897959183673,14.285714285714283,21.428571428571434,93.87755102040816,39.175257731958766,9.183673469387747,19.587628865979386,73.46938775510205,47.95918367346938,6.1224489795918275,18.3673469387755,30.612244897959183,40.625,69.38775510204081,74.48979591836735,87.75510204081633,45.91836734693879,42.85714285714286,19.897959183673468,31.122448979591837,17.857142857142858,66.52640437618346,14.385651167683566,60.714285714285715,12.244897959183664,35.61862244897959,71.93877551020408,87.75510204081633,45.91836734693879
Rob Font,Men’s Bantamweight,8,3.524814380617429,0.41953488372093023,2.196170379054318,0.36304909560723514,0.7033997655334114,0.75,0.46893317702227433,0.6976744186046512,0.25791324736225085,0.9166666666666666,0.8362641656897225,0.8294573643410853,4.181320828448612,0.4553191489361702,2.9073856975381007,0.42660550458715596,0.25791324736225085,0.7021276595744681,0.14849550605705353,0.5757575757575758,0.04689331770222743,0.6666666666666666,0.4454865181711606,0.6785714285714286,0.17421602787456447,0.6696428571428571,0.3048065650644783,0.6964285714285714,0.5939820242282141,0.6495726495726496,1.0,84.6938775510204,71.42857142857143,55.10204081632653,53.061224489795926,47.95918367346938,69.38775510204081,82.65306122448979,42.85714285714286,20.408163265306122,84.5360824742268,26.530612244897956,52.577319587628864,80.61224489795919,65.3061224489796,59.183673469387756,55.10204081632653,21.428571428571427,46.875,45.91836734693879,69.38775510204081,45.91836734693878,25.510204081632654,78.06122448979592,54.08163265306123,58.6734693877551,62.755102040816325,52.472122869766466,39.55396591626341,72.9591836734694,57.14285714285714,34.151785714285715,57.653061224489804,45.91836734693878,25.510204081632654
Davey Grant,Men’s Bantamweight,8,2.383786392150555,0.2583682008368201,2.8180794595464054,0.36637390213299875,2.210069165192215,0.6343490304709142,0.9747466623773525,0.6516129032258065,2.1425124658195274,0.8571428571428571,0.9071899630046647,0.8623853211009175,6.408235483352099,0.4339869281045752,4.42013833038443,0.449901768172888,0.24127392633102784,0.7352941176470589,0.1544153128518578,0.6956521739130435,0.08685861347917002,0.75,0.12546244169213447,0.65,0.28653295128939826,0.2053388090349076,0.32813253981019785,0.7391304347826086,0.2798777545439923,0.6744186046511628,1.0,47.95918367346938,6.122448979591836,29.591836734693874,52.04081632653062,97.95918367346938,28.57142857142857,33.67346938775511,66.3265306122449,98.9795918367347,60.824742268041234,21.428571428571434,40.20618556701031,98.9795918367347,56.12244897959183,17.3469387755102,40.816326530612244,23.46938775510204,60.9375,83.67346938775509,64.28571428571428,51.02040816326531,42.85714285714286,27.04081632653061,40.816326530612244,63.265306122448976,50.0,79.90216705238797,30.81737849779087,77.55102040816327,29.08163265306122,42.203443877551024,73.97959183673468,51.02040816326531,42.85714285714286
David Martinez,Men’s Bantamweight,3,2.9451395572666024,0.3709090909090909,1.9923002887391723,0.2574626865671642,0.7795957651588066,0.7105263157894737,0.6063522617901829,0.5,0.8950914340712224,0.8157894736842105,0.23099133782483158,0.47058823529411764,4.128970163618864,0.43597560975609756,2.800769971126083,0.30030959752321984,0.17324350336862368,0.8571428571428571,0.028873917228103948,0.25,0.3176130895091434,0.6875,0.0,,0.625,0.0,0.4908565928777671,0.7391304347826086,0.028873917228103948,0.25,1.0,69.38775510204081,46.93877551020408,66.3265306122449,93.87755102040816,53.06122448979592,52.04081632653062,68.36734693877551,93.36734693877551,83.6734693877551,42.2680412371134,89.79591836734693,96.90721649484536,78.57142857142857,57.14285714285714,62.244897959183675,96.93877551020408,40.816326530612244,60.9375,98.97959183673468,98.97959183673468,77.04081632653062,73.46938775510205,58.16326530612245,80.10204081632654,52.55102040816327,80.86734693877551,62.97075531243425,93.35156743109614,67.85714285714286,79.59183673469389,50.87691326530612,98.97959183673468,77.04081632653062,73.46938775510205
Jean Matsumoto,Men’s Bantamweight,6,2.9182192586781723,0.3020706455542022,4.177289664640125,0.4658792650918635,0.8707589723475191,0.6491228070175439,0.7177878015297117,0.9104477611940298,1.3296724848009414,0.6890243902439024,0.16473818395763876,0.8235294117647058,4.542067071974897,0.37732160312805474,4.436163953716415,0.4845758354755784,0.5295155912924103,0.6338028169014085,0.5648166307119042,0.8,0.047068052559325356,0.8,0.0588350656991567,0.625,0.0,0.23255813953488372,0.5765836438517357,0.6447368421052632,0.623651696411061,0.7794117647058824,1.0,67.3469387755102,15.306122448979592,9.183673469387747,15.306122448979599,64.28571428571429,36.734693877551024,52.04081632653062,3.061224489795923,96.93877551020408,16.49484536082474,93.87755102040816,54.639175257731964,87.75510204081633,19.387755102040817,16.3265306122449,25.510204081632654,46.93877551020408,25.0,40.816326530612244,21.93877551020407,22.448979591836736,39.79591836734694,41.326530612244895,12.244897959183673,50.51020408163266,27.55102040816327,56.71681043551441,74.25836313907007,53.57142857142857,20.918367346938776,35.96938775510204,31.377551020408156,22.448979591836736,39.79591836734694
Elijah Smith,Men’s Bantamweight,3,3.09114927344782,0.52,1.3077939233817701,0.42857142857142855,0.19815059445178335,0.8333333333333334,0.31704095112285335,0.8,0.3963011889035667,0.7142857142857143,0.07926023778071334,1.0,1.7040951122853367,0.39090909090909093,1.54557463672391,0.4642857142857143,0.23778071334214002,1.0,0.15852047556142668,0.8,1.7437252311756934,0.8148148148148148,0.0,,1.075268817204301,0.0,1.9815059445178336,0.8333333333333334,0.15852047556142668,0.8,1.0,76.53061224489795,94.89795918367348,87.75510204081633,23.469387755102037,6.122448979591836,89.79591836734694,94.89795918367346,15.306122448979599,33.6734693877551,20.618556701030926,97.95918367346938,5.154639175257731,17.346938775510203,26.53061224489796,87.75510204081633,35.714285714285715,94.89795918367348,92.70833333333334,92.85714285714285,19.387755102040817,88.77551020408163,73.46938775510205,85.71428571428572,55.61224489795918,47.95918367346939,55.10204081632653,27.146013044393012,51.556911424363555,21.93877551020408,61.734693877551024,93.8031462585034,56.12244897959183,88.77551020408163,73.46938775510205
Cody Garbrandt,Men’s Bantamweight,8,1.4066016504126033,0.35410764872521244,2.7569392348087023,0.42387543252595156,0.45011252813203306,0.8,0.6301575393848463,0.6511627906976745,0.42760690172543137,0.926829268292683,0.6751687921980496,0.7692307692307693,1.8454613653413354,0.41624365482233505,3.634658664666167,0.4654178674351585,0.36009002250562644,0.7804878048780488,0.22505626406601653,0.6896551724137931,0.07876969242310579,0.7777777777777778,0.20255063765941486,0.9473684210526315,0.49261083743842365,0.8310249307479224,0.4388597149287322,0.78,0.42760690172543137,0.7916666666666666,1.0,13.26530612244898,38.775510204081634,34.693877551020414,28.571428571428573,22.448979591836736,81.12244897959184,65.30612244897958,67.85714285714286,42.857142857142854,86.5979381443299,37.755102040816325,65.97938144329898,19.387755102040817,40.816326530612244,36.73469387755102,34.693877551020414,35.714285714285715,81.25,62.244897959183675,20.40816326530612,67.3469387755102,20.40816326530612,26.02040816326531,31.632653061224495,51.785714285714285,66.58163265306122,64.72754050073638,51.86724174205765,30.10204081632653,35.714285714285715,58.48214285714286,41.326530612244895,67.3469387755102,20.40816326530612
Javid Basharat,Men’s Bantamweight,7,2.968533544429052,0.4280821917808219,1.7454977241242826,0.2702205882352941,1.484266772214526,0.7716049382716049,0.569958440530378,0.5853658536585366,0.7718187215515535,0.8333333333333334,0.7599445873738373,0.6956521739130435,4.334058974866416,0.49727520435967304,2.909162873540471,0.3561046511627907,0.36809815950920244,0.7380952380952381,0.1306154759548783,0.6111111111111112,0.5224619038195132,0.9166666666666666,0.03562240253314863,0.25,0.22727272727272727,0.3861003861003861,0.8905600633287156,0.8333333333333334,0.1662378784880269,0.4666666666666667,1.0,71.42857142857143,75.51020408163265,77.55102040816325,91.83673469387755,86.73469387755102,76.53061224489795,72.44897959183673,78.57142857142857,77.55102040816327,51.546391752577314,31.63265306122449,82.4742268041237,82.6530612244898,82.6530612244898,58.163265306122454,86.73469387755102,70.40816326530613,92.70833333333334,90.81632653061224,93.87755102040816,47.95918367346938,33.67346938775511,73.46938775510205,84.69387755102039,81.63265306122449,75.51020408163265,64.5487060803703,57.053439932674095,82.6530612244898,72.44897959183675,81.55824829931973,92.34693877551021,47.95918367346938,33.67346938775511
Rinya Nakamura,Men’s Bantamweight,5,1.5670840787119855,0.41954022988505746,0.8586762075134168,0.2702702702702703,0.6010733452593917,0.8484848484848485,0.3220035778175313,0.6818181818181818,0.5796064400715564,0.7297297297297297,0.3434704830053667,0.5714285714285714,1.6744186046511627,0.48148148148148145,1.2450805008944543,0.3391812865497076,0.08586762075134168,1.0,0.1073345259391771,0.5,0.9874776386404293,0.5897435897435898,0.17173524150268335,0.47058823529411764,2.34375,1.408450704225352,1.073345259391771,0.6097560975609756,0.27906976744186046,0.48148148148148145,1.0,18.367346938775512,72.44897959183673,95.91836734693877,90.81632653061224,35.714285714285715,93.87755102040816,93.87755102040816,48.97959183673469,61.224489795918366,22.68041237113402,75.51020408163265,91.75257731958763,15.306122448979592,74.48979591836735,95.91836734693877,90.81632653061224,82.6530612244898,15.625,84.6938775510204,92.85714285714285,96.93877551020408,8.163265306122446,45.40816326530612,93.36734693877551,64.79591836734694,71.42857142857143,41.95245108352619,83.63139070061014,44.89795918367347,93.36734693877551,49.1390306122449,88.77551020408163,96.93877551020408,8.163265306122446
Said Nurmagomedov,Men’s Bantamweight,8,1.436875145315043,0.41700404858299595,0.7533131829807022,0.3253012048192771,0.6975122064636131,0.7352941176470589,0.5440595210416183,0.6610169491525424,0.4324575680074401,0.8378378378378378,0.6277609858172518,0.7258064516129032,1.9251336898395721,0.4859154929577465,1.2834224598930482,0.4339622641509434,0.34875610323180656,0.6578947368421053,0.34875610323180656,0.7575757575757576,0.2929551267147175,0.7,0.2929551267147175,0.5,0.5434782608695652,0.0,0.6417112299465241,0.6764705882352942,0.6417112299465241,0.6133333333333333,1.0,14.285714285714285,68.36734693877551,96.93877551020408,71.42857142857142,45.91836734693878,60.204081632653065,74.48979591836735,62.75510204081633,44.89795918367347,53.608247422680414,45.91836734693879,77.31958762886597,20.408163265306122,79.59183673469387,93.87755102040816,52.04081632653062,54.08163265306123,39.58333333333333,37.755102040816325,78.57142857142857,72.44897959183673,73.46938775510205,41.326530612244895,84.18367346938774,53.06122448979592,68.62244897959184,49.25310330317694,61.618977487902384,50.0,72.9591836734694,46.832482993197274,58.16326530612245,72.44897959183673,73.46938775510205
Jonathan Martinez,Men’s Bantamweight,8,2.4543325526932085,0.41390205371248023,2.2201405152224822,0.3062015503875969,0.8337236533957846,0.7063492063492064,1.0960187353629978,0.7452229299363057,1.3021077283372364,0.8273809523809523,1.0210772833723654,0.9159663865546218,4.131147540983607,0.513986013986014,3.971896955503513,0.42655935613682094,0.2997658079625293,0.7804878048780488,0.2997658079625293,0.7111111111111111,0.1592505854800937,0.6071428571428571,0.06557377049180328,0.6363636363636364,0.8163265306122449,0.2159827213822894,0.45901639344262296,0.7101449275362319,0.36533957845433257,0.6964285714285714,1.0,53.06122448979592,67.3469387755102,53.061224489795926,78.57142857142857,61.224489795918366,51.02040816326531,25.510204081632654,31.63265306122449,95.91836734693877,48.45360824742268,16.3265306122449,22.680412371134015,79.59183673469387,90.81632653061224,27.551020408163257,56.12244897959184,37.755102040816325,51.041666666666664,68.36734693877551,56.12244897959184,81.63265306122449,40.816326530612244,60.20408163265306,65.81632653061224,56.12244897959184,28.571428571428573,72.18598779718073,19.503471491689456,85.20408163265306,41.836734693877546,44.39838435374149,62.244897959183675,81.63265306122449,40.816326530612244
Ethyn Ewing,Men’s Bantamweight,2,5.910224438902743,0.5015873015873016,2.6184538653366585,0.2777777777777778,1.1221945137157108,0.9375,1.4214463840399,0.76,0.41147132169576056,0.8461538461538461,0.48628428927680795,0.4482758620689655,6.508728179551122,0.5353846153846153,3.628428927680798,0.3233333333333333,0.8603491271820448,0.696969696969697,0.8977556109725685,0.7741935483870968,0.07481296758104738,1.0,0.0,,0.5025125628140703,0.0,0.9351620947630922,0.7142857142857143,0.8977556109725685,0.7741935483870968,1.0,98.9795918367347,89.79591836734694,39.79591836734694,85.71428571428571,77.55102040816327,98.9795918367347,11.224489795918364,27.040816326530607,37.755102040816325,54.63917525773196,61.22448979591837,97.9381443298969,100.0,93.87755102040816,38.775510204081634,92.85714285714285,73.46938775510205,52.083333333333336,23.469387755102037,26.530612244897956,69.38775510204081,73.46938775510205,94.38775510204081,62.755102040816325,88.26530612244898,19.132653061224485,46.19713864927414,79.58131706290763,96.93877551020408,65.81632653061224,62.776360544217695,24.999999999999996,69.38775510204081,73.46938775510205
Jakub Wiklacz,Men’s Bantamweight,2,1.4674819344080043,0.3333333333333333,2.2012229016120064,0.44,1.8010005558643691,0.5934065934065934,1.3340744858254585,0.7692307692307693,0.13340744858254586,0.5,0.33351862145636463,0.7142857142857143,2.73485269594219,0.3961352657004831,3.1017231795441913,0.5,0.3668704836020011,0.8461538461538461,0.5336297943301834,0.8,0.30016675931072817,0.8181818181818182,0.23346303501945526,0.7,0.0,0.0,0.6670372429127293,0.8333333333333334,0.7670928293496386,0.7666666666666667,1.0,15.306122448979592,23.97959183673469,54.08163265306123,21.428571428571434,94.89795918367348,20.408163265306122,15.306122448979599,23.469387755102037,10.204081632653061,4.123711340206185,76.53061224489795,80.41237113402062,41.83673469387755,31.63265306122449,50.0,16.3265306122449,55.10204081632652,92.70833333333334,31.63265306122449,30.612244897959176,22.448979591836736,73.46938775510205,19.642857142857142,37.75510204081633,57.653061224489804,19.387755102040817,7.163896486429623,78.47149168945928,36.734693877551024,33.16326530612245,73.90518707482994,31.122448979591834,22.448979591836736,73.46938775510205
Aleksandre Topuria,Men’s Bantamweight,2,2.1,0.4921875,1.4666666666666666,0.22797927461139897,0.6666666666666666,0.7407407407407407,0.6666666666666666,0.5263157894736842,0.16666666666666666,1.0,0.43333333333333335,0.8666666666666667,2.6333333333333333,0.5374149659863946,2.433333333333333,0.3067226890756303,0.2,0.6666666666666666,0.13333333333333333,0.5714285714285714,0.1,0.75,0.0,0.0,0.0,0.0,0.3,0.6923076923076923,0.13333333333333333,0.5,1.0,38.775510204081634,88.77551020408163,84.6938775510204,98.97959183673468,42.3469387755102,63.26530612244898,63.26530612244898,89.79591836734693,12.244897959183673,95.87628865979381,66.3265306122449,38.14432989690722,35.714285714285715,94.89795918367348,70.40816326530611,94.89795918367346,20.408163265306122,43.75,93.87755102040816,91.3265306122449,22.448979591836736,73.46938775510205,63.77551020408163,91.83673469387755,52.80612244897959,76.53061224489795,54.060593309488745,52.23543025457606,65.3061224489796,82.65306122448979,32.07908163265306,92.60204081632654,22.448979591836736,73.46938775510205
Cody Haddon,Men’s Bantamweight,2,6.581517655897821,0.5017182130584192,1.7129977460555972,0.3089430894308943,2.163786626596544,0.8571428571428571,0.67618332081142,0.7142857142857143,0.135236664162284,1.0,0.31555221637866265,1.0,6.220886551465064,0.4842105263157895,2.163786626596544,0.3902439024390244,0.6311044327573253,0.9333333333333333,0.40570999248685197,0.5,2.02854996243426,0.9,0.135236664162284,0.3,0.5076142131979695,0.0,2.6596543951915854,0.9076923076923077,0.540946656649136,0.42857142857142855,1.0,100.0,90.81632653061224,79.59183673469387,77.55102040816325,96.93877551020408,94.89795918367348,61.22448979591837,40.816326530612244,11.224489795918368,95.87628865979381,81.63265306122449,5.154639175257731,97.95918367346938,77.55102040816327,78.57142857142857,78.57142857142857,98.9795918367347,98.95833333333334,51.02040816326531,95.91836734693877,70.40816326530613,73.46938775510205,95.40816326530611,78.57142857142856,95.91836734693878,51.02040816326531,53.550389227856094,43.39364611824111,87.75510204081633,78.57142857142857,98.96896258503402,73.46938775510203,70.40816326530613,73.46938775510205
SuYoung You,Men’s Bantamweight,4,1.6253263707571803,0.43915343915343913,1.605744125326371,0.271523178807947,0.3720626631853786,0.8636363636363636,0.2545691906005222,0.41935483870967744,0.3720626631853786,0.9047619047619048,0.27415143603133163,0.4375,2.0365535248041775,0.5048543689320388,1.3315926892950392,0.21935483870967742,0.27415143603133163,0.7368421052631579,0.6462140992167102,0.75,0.0587467362924282,0.42857142857142855,0.1566579634464752,0.7272727272727273,0.0,0.9174311926605505,0.3328981723237598,0.6538461538461539,0.8028720626631854,0.7454545454545455,1.0,20.408163265306122,77.55102040816327,81.63265306122449,89.79591836734693,15.306122448979592,96.93877551020408,98.97959183673468,96.93877551020408,31.63265306122449,81.44329896907216,86.73469387755102,98.96907216494846,21.428571428571427,87.75510204081633,92.85714285714285,100.0,27.55102040816326,28.125,27.551020408163257,40.816326530612244,22.448979591836736,16.83673469387755,48.9795918367347,85.71428571428571,56.12244897959184,97.95918367346938,56.537976015148324,92.85188302124973,54.59183673469388,96.42857142857142,27.83801020408163,34.18367346938775,22.448979591836736,16.83673469387755
Kyler Phillips,Men’s Bantamweight,8,2.962328767123288,0.337890625,2.405821917808219,0.32298850574712645,0.8561643835616438,0.704225352112676,1.1472602739726028,0.6504854368932039,0.6506849315068494,0.8735632183908046,0.6078767123287672,0.8452380952380952,3.8356164383561646,0.38654012079378774,3.63013698630137,0.39626168224299063,0.23116438356164384,0.6923076923076923,0.3938356164383562,0.7301587301587301,0.4023972602739726,0.8545454545454545,0.136986301369863,0.5925925925925926,0.3831417624521073,0.205761316872428,0.6335616438356164,0.7872340425531915,0.5308219178082192,0.6888888888888889,1.0,70.40816326530613,25.510204081632654,44.89795918367348,73.46938775510205,62.244897959183675,50.0,23.469387755102037,69.38775510204081,64.28571428571429,68.04123711340206,47.95918367346939,48.45360824742268,69.38775510204081,24.489795918367346,37.755102040816325,73.46938775510205,52.04081632653062,83.33333333333334,52.04081632653062,58.163265306122454,60.204081632653065,41.83673469387755,47.95918367346939,59.18367346938776,56.12244897959184,46.42857142857142,66.16347569955818,48.20639596044603,46.93877551020408,55.61224489795919,67.68707482993199,55.102040816326536,60.204081632653065,41.83673469387755
Rafael Estevam,Men’s Bantamweight,4,1.2867215041128084,0.27756653992395436,2.943595769682726,0.4757834757834758,0.33490011750881316,0.4634146341463415,0.9870740305522914,0.8,0.24676850763807284,0.5833333333333334,0.42303172737955347,0.8571428571428571,1.5687426556991775,0.2966666666666667,3.807285546415981,0.5440806045340051,0.0881316098707403,0.625,0.47591069330199764,0.5869565217391305,0.21151586368977673,0.6,0.07050528789659224,0.6666666666666666,0.0,0.4048582995951417,0.299647473560517,0.6071428571428571,0.5464159811985899,0.5961538461538461,1.0,11.224489795918368,10.204081632653061,27.551020408163257,13.265306122448981,14.285714285714285,7.142857142857142,29.591836734693874,15.306122448979599,18.367346938775512,6.185567010309279,67.34693877551021,42.78350515463917,13.26530612244898,4.081632653061225,30.612244897959176,9.183673469387747,19.387755102040817,14.583333333333334,50.0,82.65306122448979,22.448979591836736,32.6530612244898,10.714285714285715,20.40816326530612,10.714285714285714,22.448979591836736,12.276456974542395,55.06522196507469,8.673469387755102,19.89795918367346,16.985544217687075,66.3265306122449,22.448979591836736,32.6530612244898
Da'Mon Blackshear,Men’s Bantamweight,8,2.9391182645206437,0.3763440860215054,2.113365990202939,0.3431818181818182,1.1756473058082575,0.6829268292682927,1.3296011196641007,0.6737588652482269,1.0076976906927921,0.8089887640449438,0.8117564730580825,0.9354838709677419,3.9188243526941915,0.4236006051437216,3.5409377186843947,0.43847487001733104,0.7837648705388384,0.8115942028985508,0.6018194541637508,0.7818181818181819,0.4198740377886634,0.75,0.1119664100769769,0.7272727272727273,0.0,0.32894736842105265,1.2036389083275016,0.7889908256880734,0.7137858642407278,0.7727272727272727,1.0,68.36734693877551,51.02040816326531,61.22448979591837,63.26530612244898,79.59183673469387,43.87755102040816,16.3265306122449,53.061224489795926,88.77551020408163,41.23711340206185,27.551020408163257,17.01030927835051,72.44897959183673,45.91836734693878,40.816326530612244,48.97959183673469,85.71428571428571,84.375,35.714285714285715,28.571428571428573,22.448979591836736,35.714285714285715,59.69387755102041,62.244897959183675,61.73469387755102,34.693877551020414,65.00631180307174,22.280664843256883,59.183673469387756,44.897959183673464,85.04464285714286,32.142857142857146,22.448979591836736,35.714285714285715
Benardo Sopaj,Men’s Bantamweight,3,3.7735849056603774,0.5577689243027888,2.183288409703504,0.35064935064935066,0.2425876010781671,0.6428571428571429,1.1859838274932615,0.676923076923077,0.3773584905660377,0.875,1.320754716981132,0.6805555555555556,2.237196765498652,0.44623655913978494,3.719676549865229,0.4423076923076923,0.43126684636118595,0.7272727272727273,0.5660377358490566,0.6,1.7250673854447438,0.8767123287671232,0.40431266846361186,0.7142857142857143,1.2269938650306749,0.5747126436781609,2.1563342318059298,0.8421052631578947,0.9703504043126684,0.6428571428571429,1.0,89.79591836734694,97.95918367346938,57.142857142857146,58.163265306122454,10.204081632653061,33.6734693877551,22.448979591836736,52.04081632653062,32.6530612244898,70.61855670103093,5.10204081632654,83.50515463917526,25.510204081632654,63.26530612244898,32.6530612244898,45.91836734693879,97.95918367346938,95.83333333333334,15.306122448979599,71.42857142857142,89.79591836734694,29.591836734693874,93.87755102040816,57.653061224489804,21.93877551020408,37.244897959183675,51.635808962760365,44.3035977277509,44.38775510204082,39.28571428571429,96.89625850340136,43.367346938775505,89.79591836734694,29.591836734693874
Rei Tsuruya,Men’s Bantamweight,3,1.8009004502251125,0.44776119402985076,1.3806903451725863,0.4742268041237113,0.1200600300150075,0.5714285714285714,0.720360180090045,0.8571428571428571,0.06003001500750375,1.0,0.18009004502251125,1.0,1.1105552776388192,0.3592233009708738,1.8609304652326162,0.5391304347826087,0.06003001500750375,0.5,0.27013506753376687,0.9,0.8104052026013006,0.75,0.15007503751875936,0.8333333333333334,0.0,0.0,0.8704352176088043,0.725,0.4202101050525262,0.875,1.0,31.63265306122449,79.59183673469387,85.71428571428571,14.285714285714283,1.0204081632653061,13.77551020408163,51.02040816326531,6.1224489795918275,5.1020408163265305,95.87628865979381,92.85714285714285,5.154639175257731,7.142857142857142,14.285714285714285,83.67346938775509,10.204081632653063,68.36734693877551,57.291666666666664,63.26530612244898,7.142857142857143,22.448979591836736,73.46938775510205,55.61224489795918,49.99999999999999,7.397959183673469,28.57142857142857,50.489164738060175,49.00589101620029,10.714285714285714,46.938775510204074,62.829506802721085,35.204081632653065,22.448979591836736,73.46938775510205
Santiago Luna,Men’s Bantamweight,3,3.489795918367347,0.5022026431718062,1.806122448979592,0.24789915966386555,1.0714285714285714,0.5932203389830508,0.7959183673469389,0.7428571428571429,0.1836734693877551,1.0,0.15306122448979592,0.625,3.673469387755102,0.4838709677419355,2.2653061224489797,0.2813688212927757,0.826530612244898,0.7714285714285715,0.3673469387755102,0.8571428571428571,0.2448979591836735,0.8888888888888888,0.12244897959183675,1.0,1.2903225806451613,0.0,1.0714285714285714,0.7954545454545454,0.489795918367347,0.8888888888888888,1.0,82.6530612244898,91.83673469387756,74.48979591836735,94.89795918367346,73.46938775510205,19.387755102040817,46.93877551020408,33.67346938775511,13.26530612244898,95.87628865979381,94.89795918367346,90.72164948453609,65.3061224489796,76.53061224489795,76.53061224489795,98.97959183673468,81.63265306122449,85.41666666666666,54.08163265306123,4.591836734693875,91.83673469387756,73.46938775510205,87.24489795918367,84.6938775510204,46.42857142857143,40.30612244897959,54.570797391121395,92.80980433410477,70.91836734693877,87.75510204081633,83.52465986394557,29.336734693877553,91.83673469387756,73.46938775510205
Colby Thicknesse,Men’s Bantamweight,3,1.8,0.3127413127413127,1.8,0.37327188940092165,0.9111111111111111,0.5942028985507246,0.7777777777777778,0.7446808510638298,0.5333333333333333,0.8888888888888888,0.35555555555555557,0.64,2.066666666666667,0.35094339622641507,2.311111111111111,0.4262295081967213,0.2222222222222222,0.625,0.5777777777777777,0.65,0.9555555555555556,0.581081081081081,0.044444444444444446,0.4,0.0,0.0,1.1777777777777778,0.5888888888888889,0.6222222222222222,0.6222222222222222,1.0,30.612244897959183,17.346938775510203,75.51020408163265,48.97959183673469,67.3469387755102,21.428571428571427,50.0,32.6530612244898,55.61224489795919,76.28865979381443,73.46938775510205,89.69072164948453,22.448979591836736,11.224489795918368,74.48979591836735,57.142857142857146,84.6938775510204,8.333333333333332,41.83673469387755,75.51020408163265,22.448979591836736,73.46938775510205,23.97959183673469,62.244897959183675,44.38775510204081,41.326530612244895,65.95045234588682,81.5800547022933,16.836734693877553,65.81632653061224,46.51360544217687,58.673469387755105,22.448979591836736,73.46938775510205
Taylor Lapilus,Men’s Bantamweight,8,3.015255758300927,0.39669421487603307,1.1307209093628476,0.2346368715083799,1.121746933891714,0.8116883116883117,0.8435536942865689,0.6394557823129252,0.4576727490278193,0.796875,0.6371522584504935,0.7244897959183674,3.4729285073287466,0.424807903402854,2.1358061621298234,0.34195402298850575,0.933293448997906,0.8125,0.34101106790308106,0.5757575757575758,0.18845348489380795,0.8076923076923077,0.13460963206700569,0.75,0.390625,0.0,1.121746933891714,0.8116883116883117,0.4756206999700867,0.6162790697674418,1.0,74.48979591836735,64.28571428571429,90.81632653061224,97.95918367346938,76.53061224489795,84.6938775510204,42.85714285714286,71.42857142857142,47.95918367346938,34.02061855670103,42.85714285714286,79.38144329896907,62.244897959183675,48.97959183673469,79.59183673469387,89.79591836734693,83.6734693877551,87.5,55.10204081632653,76.53061224489795,61.224489795918366,73.46938775510205,69.38775510204081,94.38775510204081,80.61224489795919,57.14285714285714,40.9899011150852,61.11929307805597,55.61224489795919,84.69387755102039,85.58673469387756,65.81632653061224,61.224489795918366,73.46938775510205
Juan Diaz,Men’s Bantamweight,1,0.3284671532846716,0.3333333333333333,0.3284671532846716,0.2727272727272727,0.3284671532846716,1.0,0.9854014598540146,0.5,0.7664233576642336,0.5384615384615384,0.3284671532846716,0.75,1.094890510948905,0.47619047619047616,1.5328467153284673,0.4375,0.21897810218978103,0.6666666666666666,0.10948905109489052,1.0,0.10948905109489052,1.0,0.0,,0.0,0.0,0.3284671532846716,0.75,0.10948905109489052,1.0,1.0,2.0408163265306123,23.97959183673469,100.0,88.77551020408163,13.26530612244898,100.0,30.612244897959176,93.36734693877551,76.0204081632653,5.154639175257731,80.61224489795919,71.1340206185567,6.122448979591836,70.40816326530613,88.77551020408163,50.0,25.0,66.66666666666666,94.89795918367346,1.5306122448979569,22.448979591836736,73.46938775510205,13.010204081632653,94.38775510204081,56.63265306122449,61.98979591836734,40.587523669261515,75.87313275825795,38.26530612244898,69.38775510204081,45.83333333333333,48.21428571428571,22.448979591836736,73.46938775510205
Victor Henry,Men’s Bantamweight,7,4.112437427801309,0.4218009478672986,3.234501347708895,0.424886191198786,2.310358105506354,0.823045267489712,0.8894878706199462,0.7475728155339806,0.7508663842895649,0.8024691358024691,1.0627647285329227,0.9019607843137255,5.856757797458607,0.5004935834155972,4.412783981517135,0.4872448979591837,0.947246823257605,0.7387387387387387,0.6700038505968425,0.8529411764705882,0.36965729688101656,0.7272727272727273,0.10396611474778591,0.75,0.4830917874396135,0.0,1.3169041201386216,0.7354838709677419,0.7739699653446285,0.8375,1.0,93.87755102040816,74.48979591836735,18.3673469387755,27.551020408163257,98.9795918367347,88.77551020408163,37.755102040816325,30.612244897959176,70.40816326530613,38.144329896907216,10.204081632653063,24.742268041237114,94.89795918367348,85.71428571428571,18.3673469387755,22.448979591836736,90.81632653061224,59.375,30.612244897959176,10.204081632653063,65.3061224489796,73.46938775510205,84.18367346938776,22.95918367346938,93.87755102040816,34.18367346938775,54.276246581106676,17.473174836945088,90.3061224489796,20.40816326530612,75.09566326530611,20.40816326530612,65.3061224489796,73.46938775510205
Borislav Nikolic,Men’s Bantamweight,1,3.4,0.375,1.7333333333333334,0.3333333333333333,0.13333333333333333,0.3333333333333333,0.4666666666666667,0.5384615384615384,0.26666666666666666,0.8,0.6,0.8181818181818182,2.7333333333333334,0.3333333333333333,2.4,0.41379310344827586,0.2,0.375,0.4,0.42857142857142855,0.8666666666666667,0.8125,0.0,0.0,0.0,2.380952380952381,1.0666666666666667,0.6666666666666666,0.4,0.4,1.0,81.63265306122449,50.0,78.57142857142857,70.40816326530611,2.0408163265306123,1.0204081632653061,83.67346938775509,88.26530612244898,22.448979591836736,36.597938144329895,48.97959183673469,55.670103092783506,40.816326530612244,9.183673469387756,71.93877551020408,66.3265306122449,79.59183673469387,35.41666666666667,64.79591836734694,97.95918367346938,22.448979591836736,4.081632653061225,65.81632653061224,74.48979591836735,1.5306122448979593,85.96938775510203,29.523458868083317,52.3248474647591,25.0,69.13265306122449,57.50425170068027,81.37755102040816,22.448979591836736,4.081632653061225
Lawrence Lui,Men’s Bantamweight,1,2.7333333333333334,0.3178294573643411,3.533333333333333,0.45689655172413796,0.4,0.375,0.2,0.375,0.3333333333333333,1.0,0.0,0.0,2.6,0.29545454545454547,3.466666666666667,0.4297520661157025,0.4,0.5454545454545454,0.26666666666666666,1.0,0.4666666666666667,1.0,0.0,,0.0,0.0,0.8666666666666667,0.7222222222222222,0.26666666666666666,1.0,1.0,62.244897959183675,20.408163265306122,14.285714285714283,17.3469387755102,18.367346938775512,2.5510204081632653,100.0,98.46938775510203,29.591836734693878,95.87628865979381,99.48979591836735,100.0,34.69387755102041,3.061224489795918,42.85714285714286,53.061224489795926,67.3469387755102,55.208333333333336,86.73469387755102,1.5306122448979569,22.448979591836736,73.46938775510205,41.326530612244895,15.81632653061224,10.459183673469388,99.23469387755102,62.73406269724384,99.74489795918367,18.877551020408163,47.9591836734694,61.27763605442176,44.13265306122449,22.448979591836736,73.46938775510205
Hecher Sosa,Men’s Bantamweight,1,4.466666666666667,0.3941176470588235,2.3333333333333335,0.2966101694915254,1.6666666666666667,0.6756756756756757,1.4666666666666666,0.5,0.8,0.8571428571428571,0.3333333333333333,0.8333333333333334,5.866666666666666,0.4656084656084656,3.533333333333333,0.35333333333333333,1.0666666666666667,0.5,0.6,0.5,0.0,,0.0,,0.0,0.0,1.0666666666666667,0.5,0.6,0.5,1.0,97.95918367346938,63.26530612244898,48.97959183673469,82.65306122448979,91.83673469387756,41.83673469387755,9.183673469387747,93.36734693877551,79.08163265306123,60.824742268041234,78.0612244897959,50.51546391752578,95.91836734693877,68.36734693877551,41.83673469387755,87.75510204081633,79.59183673469387,3.6458333333333335,43.87755102040817,91.3265306122449,22.448979591836736,73.46938775510205,80.61224489795919,65.81632653061224,66.83673469387756,51.27551020408163,69.95318746055123,64.28834420366084,82.14285714285714,64.79591836734694,41.6188350340136,67.60204081632654,22.448979591836736,73.46938775510205
Abdul Hussein,Men’s Bantamweight,1,4.421855146124523,0.6373626373626373,0.9911054637865311,0.2765957446808511,0.5336721728081322,0.875,1.9059720457433291,0.8928571428571429,0.0,,0.45743329097839897,1.0,2.89707750952986,0.6031746031746031,1.6772554002541296,0.4,0.8386277001270648,0.9166666666666666,1.6010165184243963,0.84,1.2198221092757306,0.6666666666666666,0.07623888182973317,1.0,1.5384615384615385,0.0,2.0584498094027954,0.75,1.6772554002541296,0.8461538461538461,1.0,96.93877551020408,100.0,91.83673469387755,86.73469387755102,28.57142857142857,97.95918367346938,4.081632653061225,4.081632653061225,2.5510204081632653,,64.28571428571428,5.154639175257731,47.95918367346938,100.0,86.73469387755102,70.91836734693877,95.91836734693877,66.66666666666666,8.163265306122446,9.183673469387747,93.87755102040816,73.46938775510205,98.46938775510205,89.28571428571428,63.265306122448976,4.081632653061225,2.5510204081632653,34.720176730486,73.9795918367347,78.8265306122449,81.29251700680271,8.673469387755096,93.87755102040816,73.46938775510205
ChangHo Lee,Men’s Bantamweight,3,2.061855670103093,0.5925925925925926,1.3144329896907216,0.5425531914893617,1.4948453608247423,0.7631578947368421,1.0309278350515465,0.7407407407407407,0.1288659793814433,0.625,0.2835051546391753,1.0,0.9793814432989691,0.4691358024691358,1.3402061855670104,0.5777777777777777,1.752577319587629,0.7727272727272727,1.288659793814433,0.7246376811594203,0.9536082474226805,0.74,0.0,,0.0,0.0,2.7061855670103094,0.7608695652173914,1.288659793814433,0.7246376811594203,1.0,37.755102040816325,98.9795918367347,86.73469387755102,5.10204081632654,87.75510204081633,73.46938775510205,28.571428571428573,34.693877551020414,8.16326530612245,11.34020618556701,83.67346938775509,5.154639175257731,3.061224489795918,69.38775510204081,91.83673469387755,5.10204081632654,100.0,71.875,12.24489795918368,44.89795918367348,22.448979591836736,73.46938775510205,68.36734693877551,45.91836734693878,80.61224489795919,31.632653061224495,9.75173574584473,44.41405428150641,36.224489795918366,48.46938775510204,85.9375,28.57142857142858,22.448979591836736,73.46938775510205
Cristian Quinonez,Men’s Bantamweight,4,2.4134419551934827,0.41798941798941797,1.7718940936863543,0.3670886075949367,0.21384928716904275,0.4117647058823529,0.48879837067209775,0.6956521739130435,0.3971486761710794,1.0,0.7637474541751528,0.8928571428571429,2.7189409368635435,0.4362745098039216,2.7189409368635435,0.4517766497461929,0.09164969450101833,0.42857142857142855,0.12219959266802444,0.8,0.21384928716904275,0.875,0.18329938900203666,0.8571428571428571,0.0,1.0101010101010102,0.30549898167006106,0.6666666666666666,0.30549898167006106,0.8333333333333334,1.0,51.02040816326531,69.38775510204081,76.53061224489795,51.02040816326531,8.16326530612245,5.1020408163265305,78.57142857142857,43.87755102040817,34.69387755102041,95.87628865979381,29.591836734693874,28.8659793814433,38.775510204081634,58.16326530612245,64.28571428571428,39.79591836734694,22.448979591836736,35.41666666666667,76.53061224489795,11.224489795918364,22.448979591836736,13.265306122448981,60.20408163265306,63.77551020408163,6.63265306122449,61.22448979591837,65.28508310540711,29.228908058068587,48.46938775510204,52.04081632653061,28.9328231292517,43.877551020408156,22.448979591836736,13.265306122448981
Alatengheili,Men’s Bantamweight,8,1.777217583110131,0.24289405684754523,2.769812509847172,0.34069767441860466,0.6617299511580275,0.603448275862069,1.2194737671340792,0.6649484536082474,0.4348511107609895,0.7666666666666667,1.0587679218528439,0.6787878787878788,2.7603592248306286,0.3149946062567422,4.7644556483377976,0.42857142857142855,0.018906570033086496,0.3333333333333333,0.17961241531432173,0.6551724137931034,0.09453285016543249,0.5882352941176471,0.10398613518197573,0.7857142857142857,0.32894736842105265,0.0,0.11343942019851899,0.5217391304347826,0.28359855049629745,0.6976744186046512,1.0,27.55102040816326,5.1020408163265305,33.67346938775511,66.3265306122449,40.816326530612244,23.46938775510204,20.40816326530612,60.204081632653065,45.91836734693878,27.31958762886598,12.24489795918368,84.5360824742268,42.857142857142854,6.122448979591836,12.24489795918368,54.08163265306123,7.142857142857142,5.208333333333334,82.65306122448979,55.10204081632653,54.08163265306123,73.46938775510205,16.326530612244895,50.0,32.14285714285714,40.30612244897959,36.61897748790238,48.39049021670524,24.489795918367346,33.163265306122454,6.175595238095238,68.87755102040816,54.08163265306123,73.46938775510205
Jafel Filho,Men’s Bantamweight,6,0.8403851765392472,0.2926829268292683,0.665304931426904,0.34234234234234234,0.4552086372920922,0.7222222222222222,0.4552086372920922,0.6842105263157895,0.332652465713452,0.59375,0.40268456375838924,0.696969696969697,1.0329734461628246,0.3241758241758242,1.1905456667639334,0.43870967741935485,0.24511234315728042,0.7368421052631579,0.1050481470674059,0.6666666666666666,0.3501604902246863,0.6451612903225806,0.2276043186460461,0.7222222222222222,0.0,1.1494252873563218,0.5952728333819667,0.68,0.332652465713452,0.7037037037037037,1.0,5.1020408163265305,13.26530612244898,97.95918367346938,64.28571428571428,23.46938775510204,55.10204081632652,84.6938775510204,46.93877551020408,28.57142857142857,8.24742268041237,68.36734693877551,81.44329896907216,4.081632653061225,7.142857142857142,97.95918367346938,47.95918367346939,50.0,41.66666666666667,71.42857142857142,51.02040816326531,22.448979591836736,12.24489795918368,9.183673469387756,81.12244897959184,39.28571428571428,65.81632653061224,18.40942562592047,74.90532295392384,5.612244897959183,72.95918367346938,45.833333333333336,61.22448979591836,22.448979591836736,12.24489795918368
Felipe Lima,Men’s Bantamweight,3,1.696969696969697,0.3553299492385787,2.012121212121212,0.2912280701754386,0.6545454545454545,0.7714285714285715,0.3878787878787879,0.5517241379310345,0.509090909090909,0.7,0.509090909090909,0.8076923076923077,2.521212121212121,0.4369747899159664,2.278787878787879,0.31333333333333335,0.2909090909090909,0.631578947368421,0.09696969696969697,0.36363636363636365,0.048484848484848485,0.4,0.5333333333333333,0.7586206896551724,0.0,0.0,0.3393939393939394,0.5833333333333334,0.6303030303030303,0.65,1.0,21.428571428571427,39.795918367346935,65.30612244897958,83.67346938775509,39.795918367346935,75.51020408163265,89.79591836734693,85.71428571428571,53.06122448979592,18.04123711340206,58.163265306122454,56.70103092783505,30.612244897959183,59.183673469387756,75.51020408163265,93.87755102040816,29.591836734693878,7.291666666666667,38.775510204081634,68.36734693877551,22.448979591836736,73.46938775510205,30.61224489795918,74.48979591836734,57.65306122448979,87.75510204081633,35.55123080159899,57.43214811697875,44.89795918367347,84.6938775510204,18.44175170068027,53.57142857142857,22.448979591836736,73.46938775510205
Malcolm Wellmaker,Men’s Bantamweight,4,1.740139211136891,0.3937007874015748,2.679814385150812,0.4095744680851064,1.9837587006960555,0.7402597402597403,0.5220417633410672,0.8333333333333334,0.5568445475638051,0.6153846153846154,0.7308584686774942,0.7777777777777778,3.3062645011600926,0.48717948717948717,3.201856148491879,0.45320197044334976,0.974477958236659,0.8235294117647058,0.6960556844547564,0.6896551724137931,0.0,0.0,0.03480278422273782,1.0,1.6260162601626016,0.0,0.974477958236659,0.8,0.7308584686774942,0.7,1.0,23.46938775510204,62.244897959183675,37.755102040816325,33.67346938775511,95.91836734693877,62.244897959183675,76.53061224489795,11.224489795918364,59.183673469387756,10.309278350515463,34.693877551020414,63.91752577319588,52.04081632653062,80.61224489795919,46.93877551020408,38.775510204081634,75.51020408163265,86.45833333333334,34.693877551020414,54.08163265306123,94.89795918367348,73.46938775510205,42.85714285714286,35.71428571428572,79.08163265306122,43.877551020408156,34.74647590995161,49.30570166210815,66.32653061224491,42.85714285714286,80.984268707483,44.38775510204082,94.89795918367348,73.46938775510205
Kai Asakura,Men’s Bantamweight,3,1.7773788150807899,0.28448275862068967,1.9389587073608618,0.43902439024390244,0.5385996409335727,0.6666666666666666,0.3770197486535009,0.2916666666666667,0.21543985637342908,0.6666666666666666,1.0233393177737882,0.7916666666666666,2.4775583482944343,0.3458646616541353,3.177737881508079,0.46825396825396826,0.0,0.0,0.10771992818671454,1.0,0.05385996409335727,0.3333333333333333,0.05385996409335727,0.5,2.127659574468085,0.0,0.05385996409335727,0.25,0.1615798922800718,0.75,1.0,28.57142857142857,11.224489795918368,69.38775510204081,22.448979591836736,29.591836734693878,40.30612244897959,91.83673469387755,100.0,17.346938775510203,13.917525773195877,14.285714285714283,61.85567010309278,29.591836734693878,10.204081632653061,48.97959183673469,30.612244897959176,4.081632653061225,1.0416666666666665,91.83673469387755,37.755102040816325,95.91836734693877,73.46938775510205,19.897959183673468,45.91836734693877,34.94897959183673,95.91836734693877,15.63223227435304,38.07069219440353,19.89795918367347,39.795918367346935,2.5616496598639458,64.79591836734693,95.91836734693877,73.46938775510205
John Garza,Men’s Bantamweight,1,3.6666666666666665,0.36423841059602646,4.333333333333333,0.5963302752293578,1.8,0.8181818181818182,0.4,0.6666666666666666,0.0,0.0,1.0,0.9375,4.4,0.4,4.533333333333333,0.6355140186915887,1.0666666666666667,0.7619047619047619,0.3333333333333333,0.7142857142857143,0.0,0.0,0.8666666666666667,0.65,0.0,0.0,1.0666666666666667,0.7272727272727273,1.2,0.6666666666666666,1.0,87.75510204081633,42.857142857142854,6.6326530612244925,3.061224489795923,93.87755102040816,86.73469387755102,88.26530612244898,57.6530612244898,2.5510204081632653,2.0618556701030926,17.3469387755102,14.948453608247423,84.18367346938776,33.6734693877551,14.285714285714283,2.0408163265306074,79.59183673469387,58.333333333333336,14.285714285714283,65.81632653061223,22.448979591836736,73.46938775510205,65.3061224489796,4.846938775510208,90.3061224489796,72.95918367346938,2.306438039133179,16.14769619187881,58.92857142857143,8.163265306122446,68.9625850340136,40.051020408163254,22.448979591836736,73.46938775510205
Muin Gafurov,Men’s Bantamweight,5,2.2058823529411766,0.37815126050420167,1.1928104575163399,0.3029045643153527,1.0457516339869282,0.7529411764705882,0.7843137254901962,0.6075949367088608,0.4248366013071896,0.7027027027027027,0.37581699346405234,0.6571428571428571,2.826797385620915,0.43034825870646765,2.0424836601307192,0.3787878787878788,0.5718954248366014,0.6730769230769231,0.17973856209150327,0.7333333333333333,0.2777777777777778,0.68,0.13071895424836602,0.8,0.4444444444444444,0.6944444444444444,0.8496732026143792,0.6753246753246753,0.3104575163398693,0.76,1.0,42.857142857142854,54.08163265306123,89.79591836734693,81.63265306122449,72.44897959183673,71.42857142857143,48.97959183673469,77.55102040816325,41.83673469387755,19.587628865979383,70.40816326530611,87.62886597938144,44.89795918367347,53.06122448979592,81.63265306122449,81.63265306122449,66.3265306122449,38.54166666666667,73.46938775510205,32.6530612244898,64.28571428571429,23.979591836734688,48.46938775510204,85.71428571428571,71.93877551020408,63.265306122448976,30.712181779928468,79.01851462234379,48.9795918367347,81.63265306122449,52.43409863945578,53.06122448979592,64.28571428571429,23.979591836734688
Serhiy Sidey,Men’s Bantamweight,3,2.688888888888889,0.3142857142857143,3.2888888888888888,0.3978494623655914,1.2666666666666666,0.6404494382022472,0.7111111111111111,0.8,0.5333333333333333,0.8571428571428571,0.24444444444444444,1.0,4.044444444444444,0.386411889596603,3.9555555555555557,0.44389027431421446,0.4222222222222222,0.6333333333333333,0.2222222222222222,0.5555555555555556,0.022222222222222223,1.0,0.06666666666666667,0.75,0.0,0.5235602094240838,0.4444444444444444,0.6451612903225806,0.28888888888888886,0.5909090909090909,1.0,60.204081632653065,18.367346938775512,17.3469387755102,40.816326530612244,83.6734693877551,31.63265306122449,55.10204081632653,15.306122448979599,55.61224489795919,60.824742268041234,88.77551020408163,5.154639175257731,76.53061224489795,23.46938775510204,28.571428571428573,43.87755102040817,36.734693877551024,26.041666666666668,81.63265306122449,83.67346938775509,22.448979591836736,31.63265306122449,39.28571428571429,29.08163265306122,57.6530612244898,35.204081632653065,58.21849358300021,46.96507468966968,50.0,36.22448979591837,31.388180272108848,82.65306122448979,22.448979591836736,31.63265306122449
John Yannis,Men’s Bantamweight,3,1.8252730109204367,0.37142857142857144,3.0889235569422775,0.3384615384615385,1.3104524180967239,0.717948717948718,0.7020280811232449,0.5555555555555556,0.42121684867394693,0.9,0.28081123244929795,0.5454545454545454,3.2761310452418098,0.4794520547945205,4.071762870514821,0.375,0.046801872074883,1.0,0.0,,0.23400936037441497,0.7142857142857143,0.0,0.0,1.3157894736842106,0.0,0.28081123244929795,0.75,0.0,0.0,1.0,32.6530612244898,47.95918367346938,21.428571428571434,68.36734693877551,84.6938775510204,54.08163265306123,56.12244897959184,84.6938775510204,39.795918367346935,80.41237113402062,84.6938775510204,92.78350515463917,51.02040816326531,73.46938775510205,24.489795918367353,83.67346938775509,18.367346938775512,66.66666666666666,100.0,100.0,92.85714285714286,73.46938775510205,40.30612244897959,44.89795918367347,69.38775510204081,70.40816326530611,60.10414475068377,88.73869135282979,62.244897959183675,54.08163265306122,42.517006802721085,100.0,92.85714285714286,73.46938775510205
Adrian Luna Martinetti,Men’s Bantamweight,1,3.2,0.35294117647058826,3.7333333333333334,0.30601092896174864,2.466666666666667,0.8604651162790697,3.0,0.7627118644067796,0.9333333333333333,0.8235294117647058,4.066666666666666,0.9384615384615385,6.066666666666666,0.4972677595628415,9.866666666666667,0.5121107266435986,0.5333333333333333,0.6153846153846154,0.9333333333333333,0.7777777777777778,0.0,,0.0,,0.0,0.0,0.5333333333333333,0.6153846153846154,0.9333333333333333,0.7777777777777778,1.0,78.57142857142857,37.755102040816325,13.265306122448981,79.59183673469387,100.0,95.91836734693877,1.0204081632653061,25.510204081632654,86.73469387755102,45.36082474226804,1.0204081632653061,13.402061855670102,96.93877551020408,81.63265306122449,1.0204081632653061,13.265306122448981,44.38775510204081,17.1875,19.387755102040817,23.979591836734688,22.448979591836736,73.46938775510205,58.16326530612245,46.42857142857142,97.95918367346938,13.26530612244898,66.04775930990954,7.211235009467704,89.28571428571428,7.142857142857144,30.787627551020407,21.683673469387752,22.448979591836736,73.46938775510205
Sulangrangbo,Men’s Bantamweight,1,3.533333333333333,0.45689655172413796,2.7333333333333334,0.3178294573643411,0.2,0.375,0.4,0.375,0.0,0.0,0.3333333333333333,1.0,3.466666666666667,0.4297520661157025,2.6,0.29545454545454547,0.26666666666666666,1.0,0.4,0.5454545454545454,0.0,,0.4666666666666667,1.0,0.0,0.0,0.26666666666666666,1.0,0.8666666666666667,0.7222222222222222,1.0,85.71428571428571,82.6530612244898,35.714285714285715,75.51020408163265,7.142857142857142,2.5510204081632653,88.26530612244898,98.46938775510203,2.5510204081632653,2.0618556701030926,78.0612244897959,5.154639175257731,61.224489795918366,51.02040816326531,66.3265306122449,97.95918367346938,16.83673469387755,100.0,25.510204081632654,45.91836734693879,22.448979591836736,73.46938775510205,84.18367346938776,55.61224489795919,4.846938775510203,93.36734693877551,2.306438039133179,41.607931832526816,56.12244897959184,82.14285714285714,58.41836734693877,35.71428571428572,22.448979591836736,73.46938775510205
Timmy Cuamba,Men’s Bantamweight,5,1.7771739130434783,0.3797909407665505,2.3315217391304346,0.3620253164556962,0.7010869565217391,0.7413793103448276,0.6358695652173912,0.6290322580645161,0.4076086956521739,0.6097560975609756,0.5706521739130435,0.875,2.3967391304347827,0.42363112391930835,2.918478260869565,0.3968957871396896,0.2608695652173913,0.8,0.1793478260869565,0.6875,0.22826086956521738,0.7368421052631579,0.4402173913043478,0.9,0.5649717514124294,0.9216589861751152,0.4891304347826087,0.7692307692307693,0.6195652173913043,0.8260869565217391,1.0,26.53061224489796,57.14285714285714,50.0,54.08163265306123,46.93877551020408,64.28571428571429,64.28571428571428,73.46938775510205,36.734693877551024,9.278350515463918,53.061224489795926,33.505154639175245,27.55102040816326,46.93877551020408,56.12244897959184,72.44897959183673,39.795918367346935,76.04166666666666,42.85714285714286,12.24489795918368,73.46938775510205,15.306122448979599,41.836734693877546,52.04081632653062,55.61224489795919,68.87755102040816,23.006522196507472,43.28318956448558,37.244897959183675,64.28571428571428,57.91879251700679,27.55102040816327,73.46938775510205,15.306122448979599
Mark Vologdin,Men’s Bantamweight,2,2.6333333333333333,0.32510288065843623,4.333333333333333,0.41009463722397477,1.1,0.7021276595744681,0.7,0.5675675675675675,0.7,0.7241379310344828,1.3666666666666667,0.8913043478260869,4.0,0.41522491349480967,5.5,0.46348314606741575,0.43333333333333335,0.4482758620689655,0.43333333333333335,0.5,0.0,0.0,0.4666666666666667,0.7777777777777778,0.7518796992481203,0.0,0.43333333333333335,0.43333333333333335,0.9,0.6136363636363636,1.0,59.183673469387756,21.428571428571427,6.6326530612244925,32.6530612244898,74.48979591836735,47.95918367346938,57.142857142857146,80.61224489795919,66.83673469387756,21.649484536082475,3.061224489795923,29.896907216494842,74.48979591836735,39.795918367346935,8.163265306122446,36.73469387755102,33.6734693877551,2.083333333333333,21.93877551020407,77.55102040816325,80.61224489795919,73.46938775510205,40.30612244897959,19.642857142857146,61.224489795918366,68.87755102040816,44.243109614980014,16.479065853145382,57.14285714285714,22.448979591836732,17.878401360544217,49.74489795918366,80.61224489795919,73.46938775510205
Jamie Siraj,Men’s Bantamweight,1,1.4723926380368098,0.23529411764705882,4.417177914110429,0.5,0.7361963190184049,0.4,2.9447852760736195,1.0,0.0,0.0,0.36809815950920244,0.5,2.2085889570552144,0.25,5.889570552147239,0.5925925925925926,0.0,,0.0,,0.0,,1.840490797546012,0.7142857142857143,0.0,4.761904761904762,0.0,,1.840490797546012,0.7142857142857143,1.0,16.3265306122449,3.061224489795918,5.10204081632654,10.204081632653063,51.02040816326531,4.081632653061225,2.0408163265306074,1.0204081632653061,2.5510204081632653,2.0618556701030926,71.42857142857142,95.36082474226804,24.489795918367346,2.0408163265306123,7.142857142857143,4.081632653061225,1.530612244897959,,6.1224489795918275,47.95918367346939,22.448979591836736,1.0204081632653061,9.693877551020408,7.653061224489802,27.551020408163268,1.5306122448979567,2.306438039133179,83.39469808541972,13.26530612244898,5.612244897959184,1.530612244897959,27.04081632653061,22.448979591836736,1.0204081632653061
Aoriqileng,Men’s Bantamweight,8,2.3124357656731758,0.45045045045045046,3.02158273381295,0.5077720207253886,0.801644398766701,0.8387096774193549,0.7862281603288799,0.6538461538461539,0.5241521068859198,0.85,0.6320657759506682,0.7884615384615384,2.728674203494348,0.5115606936416185,3.006166495375129,0.4875,0.24665981500513878,0.8,0.3391572456320658,0.7586206896551724,0.6628982528263104,0.6231884057971014,1.0945529290853033,0.8160919540229885,1.271186440677966,0.6944444444444444,0.9095580678314492,0.6629213483146067,1.433710174717369,0.8017241379310345,1.0,45.91836734693878,81.63265306122449,24.489795918367353,8.163265306122446,56.12244897959183,92.85714285714286,47.95918367346939,64.28571428571428,54.08163265306123,56.18556701030928,43.87755102040817,62.886597938144334,39.795918367346935,88.77551020408163,53.061224489795926,21.428571428571434,71.42857142857143,31.25,11.224489795918364,18.3673469387755,90.81632653061224,23.979591836734688,63.775510204081634,16.3265306122449,74.48979591836735,56.12244897959184,55.13359983168525,53.382074479276255,64.28571428571428,37.24489795918368,51.339285714285715,14.795918367346932,90.81632653061224,23.979591836734688
Patchy Mix,Men’s Bantamweight,2,3.8333333333333335,0.3770491803278688,3.9,0.4517374517374517,0.6666666666666666,0.6451612903225806,2.6666666666666665,0.7920792079207921,0.8,0.9230769230769231,0.7333333333333333,0.88,4.766666666666667,0.41935483870967744,7.0,0.56,0.3,0.8181818181818182,0.16666666666666666,1.0,0.23333333333333334,0.7,0.13333333333333333,0.8,0.0,0.0,0.5333333333333333,0.7619047619047619,0.3,0.9,1.0,90.81632653061224,53.06122448979592,10.204081632653063,18.3673469387755,42.3469387755102,35.714285714285715,3.061224489795923,17.3469387755102,79.08163265306123,85.56701030927834,33.67346938775511,30.9278350515464,89.79591836734694,43.87755102040816,3.061224489795923,7.142857142857143,44.38775510204081,73.95833333333334,77.55102040816325,3.061224489795923,22.448979591836736,73.46938775510205,71.93877551020408,14.285714285714281,39.03061224489796,10.204081632653061,82.32432148116979,32.30065221965076,66.83673469387756,5.102040816326533,59.17304421768708,40.306122448979586,22.448979591836736,73.46938775510205
Angel Pacheco,Men’s Bantamweight,2,2.8333333333333335,0.22666666666666666,6.966666666666667,0.5199004975124378,1.5,0.7894736842105263,1.6,0.6233766233766234,0.4666666666666667,0.7777777777777778,0.4666666666666667,0.875,4.4,0.30275229357798167,6.633333333333334,0.5,0.4,0.8571428571428571,1.1,0.7857142857142857,0.0,,1.3,0.7090909090909091,0.0,0.0,0.4,0.8571428571428571,2.4,0.7422680412371134,1.0,65.3061224489796,2.0408163265306123,2.0408163265306074,7.142857142857143,88.77551020408163,78.57142857142857,7.142857142857143,75.51020408163265,48.97959183673469,30.412371134020617,63.26530612244898,33.505154639175245,84.18367346938776,5.1020408163265305,4.081632653061225,16.3265306122449,32.6530612244898,96.875,4.081632653061225,43.87755102040817,22.448979591836736,73.46938775510205,33.673469387755105,4.591836734693875,83.67346938775509,41.326530612244895,39.69598148537766,48.38523038081212,44.642857142857146,10.204081632653061,64.7640306122449,23.9795918367347,22.448979591836736,73.46938775510205
Bekzat Almakhan,Men’s Bantamweight,4,2.0188133140376263,0.34065934065934067,3.3429811866859622,0.4425287356321839,0.4341534008683068,0.8,0.26049204052098407,0.46153846153846156,0.13024602026049203,0.8571428571428571,0.6295224312590448,0.7631578947368421,2.431259044862518,0.3783783783783784,2.6483357452966714,0.4,0.1085383502170767,0.8333333333333334,0.15195369030390737,0.4375,0.04341534008683068,0.6666666666666666,1.4327062228654124,0.7252747252747253,2.5210084033613445,0.0,0.15195369030390737,0.7777777777777778,1.5846599131693198,0.6822429906542056,1.0,35.714285714285715,29.591836734693878,16.3265306122449,20.40816326530612,20.408163265306122,81.12244897959184,97.95918367346938,95.91836734693877,9.183673469387756,60.824742268041234,44.89795918367348,68.04123711340206,28.57142857142857,20.408163265306122,65.30612244897958,70.91836734693877,10.204081632653061,80.20833333333334,10.204081632653063,60.714285714285715,97.95918367346938,73.46938775510205,32.6530612244898,18.36734693877551,50.765306122448976,96.93877551020407,35.004207868714495,56.46959814853777,24.489795918367346,68.11224489795917,45.2062074829932,35.45918367346939,97.95918367346938,73.46938775510205
Xiao Long,Men’s Bantamweight,4,2.780401416765053,0.3764988009592326,2.1959858323494688,0.40522875816993464,1.1865407319952774,0.6036036036036037,1.7355371900826446,0.8376068376068376,1.0271546635182998,0.651685393258427,0.21251475796930341,0.8,3.4533648170011806,0.39473684210526316,2.497048406139315,0.44339622641509435,1.4167650531286895,0.6956521739130435,1.6469893742621016,0.775,0.12396694214876032,0.875,0.0,,0.3546099290780142,0.0,1.5407319952774499,0.7073170731707317,1.6469893742621016,0.775,1.0,64.28571428571429,52.04081632653062,56.12244897959184,35.714285714285715,80.61224489795919,24.489795918367346,6.1224489795918275,10.204081632653063,89.79591836734694,12.371134020618557,90.81632653061224,58.76288659793815,60.204081632653065,30.612244897959183,69.38775510204081,44.89795918367348,91.83673469387756,48.95833333333333,9.183673469387747,25.510204081632654,58.16326530612245,73.46938775510205,58.163265306122454,45.91836734693878,52.55102040816327,8.163265306122446,51.08352619398275,74.7896065642752,45.40816326530612,57.142857142857146,70.39753401360545,17.3469387755102,58.16326530612245,73.46938775510205
Caolan Loughran,Men’s Bantamweight,4,3.25,0.3686200378071834,2.9833333333333334,0.35943775100401604,0.9333333333333333,0.5894736842105263,1.25,0.8241758241758241,0.55,0.8048780487804879,0.9666666666666667,0.9354838709677419,3.816666666666667,0.39078498293515357,4.316666666666666,0.444253859348199,0.31666666666666665,0.7037037037037037,0.85,0.796875,0.6,0.6923076923076923,0.03333333333333333,0.5,0.0,0.0,0.9166666666666666,0.6962025316455697,0.8833333333333333,0.7794117647058824,1.0,79.59183673469387,45.91836734693878,26.530612244897956,55.10204081632653,68.36734693877551,18.367346938775512,19.387755102040817,12.24489795918368,58.16326530612245,40.20618556701031,18.3673469387755,17.01030927835051,68.36734693877551,25.510204081632654,19.387755102040817,42.85714285714286,72.44897959183673,45.3125,24.489795918367353,21.93877551020407,22.448979591836736,73.46938775510205,62.755102040816325,40.816326530612244,43.36734693877551,15.816326530612248,49.18472543656638,17.688828108563005,46.93877551020408,31.122448979591837,58.880739795918366,23.21428571428571,22.448979591836736,73.46938775510205
Luan Lacerda,Men’s Bantamweight,4,1.9867549668874174,0.3177257525083612,3.868943882886023,0.42725173210161665,1.7776228651097945,0.625,1.4220982920878356,0.6868686868686869,0.29278494248867204,0.8235294117647058,0.8574416172882539,0.8723404255319149,3.4297664691530154,0.4049382716049383,4.914604391774137,0.48155737704918034,0.3764377831997212,0.6206896551724138,0.5855698849773441,0.5490196078431373,0.25095852213314745,0.6666666666666666,0.648309515510631,0.775,0.0,0.0,0.6273963053328686,0.6382978723404256,1.233879400487975,0.6483516483516484,1.0,34.69387755102041,19.387755102040817,11.224489795918364,25.510204081632654,92.85714285714286,27.55102040816326,10.204081632653063,45.91836734693879,24.489795918367346,45.36082474226804,24.489795918367353,36.08247422680412,58.16326530612245,37.755102040816325,10.204081632653063,28.571428571428573,51.02040816326531,23.4375,13.265306122448981,70.40816326530611,22.448979591836736,73.46938775510205,27.04081632653061,18.36734693877551,60.20408163265306,28.061224489795926,34.92531033031769,30.286135072585736,47.95918367346938,19.387755102040817,37.22895408163265,41.836734693877546,22.448979591836736,73.46938775510205
Nathan Fletcher,Men’s Bantamweight,3,2.4251497005988023,0.5510204081632653,1.4820359281437125,0.375,0.5838323353293413,0.7647058823529411,0.5389221556886228,0.631578947368421,0.4041916167664671,0.75,0.1347305389221557,0.5,1.5269461077844313,0.4788732394366197,1.5269461077844313,0.35789473684210527,1.4820359281437125,0.825,0.44910179640718567,0.7142857142857143,0.4041916167664671,0.5625,0.17964071856287425,1.0,0.0,2.0833333333333335,1.8862275449101797,0.75,0.62874251497006,0.7777777777777778,1.0,52.04081632653062,96.93877551020408,83.67346938775509,47.95918367346939,32.6530612244898,74.48979591836735,75.51020408163265,72.44897959183673,35.714285714285715,24.742268041237114,95.91836734693877,95.36082474226804,11.224489795918368,72.44897959183673,89.79591836734693,85.71428571428571,93.87755102040816,66.66666666666666,39.79591836734694,23.979591836734688,22.448979591836736,5.10204081632654,74.48979591836735,65.81632653061224,53.57142857142857,73.9795918367347,30.228276877761417,95.6395960446034,41.83673469387755,87.75510204081633,80.27210884353741,31.887755102040813,22.448979591836736,5.10204081632654
Carlos Vera,Men’s Bantamweight,2,0.5474452554744526,0.3448275862068966,1.8065693430656935,0.44594594594594594,0.21897810218978103,0.8,0.3284671532846716,0.6666666666666666,0.7664233576642336,0.9333333333333333,0.6569343065693432,0.6666666666666666,1.2043795620437956,0.5641025641025641,1.094890510948905,0.5,0.05474452554744526,0.5,0.05474452554744526,1.0,0.2737226277372263,0.625,1.6423357664233578,0.5,3.5714285714285716,0.0,0.3284671532846716,0.6,1.697080291970803,0.5081967213114754,1.0,3.061224489795918,30.612244897959183,73.46938775510205,19.387755102040817,9.183673469387756,81.12244897959184,92.85714285714285,57.6530612244898,76.0204081632653,88.65979381443299,41.83673469387755,86.08247422680412,9.183673469387756,97.95918367346938,98.97959183673468,16.3265306122449,25.0,11.979166666666668,7.142857142857143,89.79591836734693,98.9795918367347,73.46938775510205,16.83673469387755,46.42857142857143,45.1530612244898,75.25510204081633,82.34010098884914,63.95960446034084,53.57142857142857,57.65306122448979,18.489583333333336,48.469387755102034,98.9795918367347,73.46938775510205
Josias Musasa,Men’s Bantamweight,2,1.5875912408759125,0.3918918918918919,2.791970802919708,0.4857142857142857,0.3832116788321168,0.5833333333333334,0.6021897810218978,0.8461538461538461,1.094890510948905,0.5882352941176471,0.8759124087591241,0.9411764705882353,2.18978102189781,0.43010752688172044,1.697080291970803,0.5636363636363636,0.8759124087591241,0.64,0.21897810218978103,0.6666666666666666,0.0,0.0,2.354014598540146,0.581081081081081,0.0,1.2820512820512822,0.8759124087591241,0.5925925925925926,2.572992700729927,0.5875,1.0,19.387755102040817,61.224489795918366,31.63265306122449,11.224489795918364,17.346938775510203,16.3265306122449,69.38775510204081,7.142857142857143,91.83673469387756,7.216494845360824,22.448979591836736,12.371134020618559,23.46938775510204,52.04081632653062,84.6938775510204,6.1224489795918275,69.38775510204081,9.375,2.0408163265306074,84.6938775510204,22.448979591836736,10.714285714285714,40.30612244897959,21.428571428571427,16.836734693877553,38.265306122448976,49.526614769619194,17.410056806227647,37.755102040816325,45.408163265306115,39.38137755102041,43.367346938775505,22.448979591836736,10.714285714285714
Quang Le,Men’s Bantamweight,4,1.7419354838709677,0.29577464788732394,2.8479262672811063,0.42738589211618255,0.8847926267281107,0.8,0.38709677419354843,0.5833333333333334,0.19354838709677422,0.7777777777777778,1.3548387096774195,0.7538461538461538,2.599078341013825,0.3805668016194332,4.202764976958526,0.4935064935064935,0.19354838709677422,0.7777777777777778,0.2488479262672811,0.6,0.027649769585253458,0.16666666666666666,0.1382488479262673,0.7142857142857143,0.0,1.8072289156626506,0.22119815668202766,0.5333333333333333,0.38709677419354843,0.6363636363636364,1.0,24.489795918367346,14.285714285714285,28.571428571428573,24.489795918367353,66.3265306122449,81.12244897959184,90.81632653061224,79.59183673469387,15.306122448979592,30.412371134020617,4.081632653061225,69.0721649484536,33.6734693877551,21.428571428571427,22.448979591836736,20.40816326530612,14.285714285714285,6.25,66.3265306122449,72.44897959183673,22.448979591836736,6.1224489795918275,19.387755102040813,26.530612244897963,73.72448979591837,85.20408163265306,22.859246791500105,36.57689880075741,27.55102040816326,21.428571428571427,10.267857142857142,69.38775510204081,22.448979591836736,6.1224489795918275
Cameron Smotherman,Men’s Bantamweight,4,2.391459074733096,0.28717948717948716,1.8362989323843415,0.2857142857142857,1.4519572953736655,0.6666666666666666,0.8113879003558718,0.7307692307692307,0.12811387900355872,0.8571428571428571,0.7259786476868327,0.8717948717948718,3.779359430604982,0.365702479338843,3.074733096085409,0.39452054794520547,0.19217081850533807,0.6,0.23487544483985764,0.6111111111111112,0.0,,0.06405693950177936,0.3333333333333333,0.0,0.6329113924050633,0.19217081850533807,0.6,0.298932384341637,0.5185185185185185,1.0,48.97959183673469,12.244897959183673,72.44897959183673,84.6938775510204,85.71428571428571,40.30612244897959,43.87755102040817,39.79591836734694,7.142857142857142,60.824742268041234,35.714285714285715,37.11340206185568,66.3265306122449,15.306122448979592,51.02040816326531,75.51020408163265,12.244897959183673,11.979166666666668,78.57142857142857,88.77551020408163,22.448979591836736,27.551020408163257,30.612244897959183,78.57142857142857,63.01020408163265,41.83673469387756,33.98379970544919,36.4138438880707,40.816326530612244,63.265306122448976,12.11203231292517,83.67346938775509,22.448979591836736,27.551020408163257
Cameron Saaiman,Men’s Bantamweight,6,3.1251903746573255,0.3860045146726862,3.070362473347548,0.42,1.114833993298812,0.7011494252873564,1.0782820590922937,0.8428571428571429,1.2610417301248857,0.7840909090909091,0.2741395065488882,0.9375,3.8745050258909535,0.4380165289256198,3.4541577825159915,0.4632352941176471,0.42034724337496193,0.6388888888888888,0.4386232104782211,0.6153846153846154,1.206213828815108,0.673469387755102,0.5300030459945172,0.7435897435897436,0.33222591362126247,0.8264462809917356,1.62656107219007,0.664179104477612,0.9686262564727384,0.6794871794871795,1.0,77.55102040816327,59.183673469387756,22.448979591836736,29.591836734693874,75.51020408163265,46.93877551020408,27.551020408163257,8.163265306122446,94.89795918367348,31.958762886597935,87.75510204081633,14.948453608247423,70.40816326530613,60.204081632653065,43.87755102040817,37.755102040816325,92.85714285714286,32.29166666666667,16.3265306122449,62.244897959183675,55.10204081632652,21.428571428571434,68.36734693877551,26.020408163265305,61.224489795918366,17.85714285714285,63.42836103513571,51.35177782453187,65.3061224489796,40.816326530612244,62.574404761904766,39.285714285714285,55.10204081632652,21.428571428571434
Luis Gurule,Men’s Bantamweight,5,3.748868095381829,0.3663716814159292,3.513431934802294,0.3415492957746479,0.5070932689405373,0.509090909090909,1.1952912767884092,0.6534653465346535,0.7606399034108059,0.8235294117647058,0.9417446423181406,0.9122807017543859,4.5095079987926345,0.3977635782747604,4.907938424388771,0.4014814814814815,0.43465137337760335,0.631578947368421,0.36220947781466944,0.8333333333333334,0.0724418955629339,0.5714285714285714,0.38031995170540295,0.7777777777777778,0.0,0.32051282051282054,0.5070932689405373,0.6222222222222222,0.7425294295200724,0.803921568627451,1.0,88.77551020408163,43.87755102040816,15.306122448979599,65.30612244897958,27.55102040816326,11.224489795918368,21.428571428571434,65.30612244897958,72.44897959183673,45.36082474226804,19.387755102040817,23.711340206185557,85.71428571428571,32.6530612244898,11.224489795918364,69.38775510204081,41.83673469387755,20.833333333333336,32.6530612244898,16.3265306122449,22.448979591836736,37.755102040816325,66.3265306122449,40.306122448979586,19.387755102040813,43.367346938775505,58.904902167052384,21.549547654113187,59.183673469387756,40.306122448979586,31.335034013605444,24.48979591836735,22.448979591836736,37.755102040816325
Pedro Munhoz,Men’s Bantamweight,8,2.589482987185152,0.274601686972821,4.648696420680512,0.4049268668206313,0.7247017233760494,0.6029411764705882,0.9014582412726468,0.6455696202531646,1.8912947414935926,0.7985074626865671,1.0605391073795847,0.8275862068965517,5.019885108263367,0.39471855455177207,6.513477684489615,0.465865992414665,0.11489173663278833,0.7222222222222222,0.07070260715863898,0.5333333333333333,0.07070260715863898,0.5714285714285714,0.026513477684489615,0.6,0.3395585738539898,0.0,0.1855943437914273,0.65625,0.09721608484312859,0.55,1.0,58.16326530612245,8.16326530612245,4.081632653061225,36.73469387755102,48.97959183673469,22.448979591836736,36.73469387755102,70.40816326530611,97.95918367346938,35.051546391752574,11.224489795918364,53.60824742268042,91.83673469387756,29.591836734693878,5.10204081632654,33.67346938775511,11.224489795918368,29.166666666666668,96.93877551020408,86.73469387755102,56.12244897959183,73.46938775510205,33.16326530612245,20.408163265306122,35.714285714285715,53.57142857142857,66.50536503261098,32.41636860929939,60.71428571428572,19.387755102040828,20.19557823129252,91.83673469387756,56.12244897959183,73.46938775510205
Toshiomi Kazama,Men’s Bantamweight,4,0.8805031446540881,0.3684210526315789,6.60377358490566,0.6176470588235294,0.18867924528301885,0.75,0.8805031446540881,0.875,0.25157232704402516,1.0,0.0,,1.1949685534591195,0.4418604651162791,3.647798742138365,0.5178571428571429,0.0,0.0,0.06289308176100629,1.0,0.12578616352201258,1.0,3.7735849056603774,0.821917808219178,0.0,3.361344537815126,0.12578616352201258,0.6666666666666666,3.8364779874213837,0.8243243243243243,1.0,8.16326530612245,44.89795918367347,3.061224489795923,2.0408163265306074,5.1020408163265305,69.38775510204081,39.79591836734694,5.10204081632654,19.387755102040817,95.87628865979381,99.48979591836735,,8.16326530612245,62.244897959183675,35.714285714285715,12.24489795918368,8.16326530612245,35.41666666666667,1.0204081632653061,13.265306122448981,22.448979591836736,2.0408163265306074,26.53061224489796,2.5510204081632653,37.244897959183675,22.448979591836743,57.632021880917314,99.48979591836735,35.204081632653065,23.9795918367347,21.78996598639456,7.142857142857144,22.448979591836736,2.0408163265306074
Pedro Falcao,Men’s Bantamweight,2,2.033333333333333,0.3505747126436782,2.5,0.390625,0.5666666666666667,0.68,1.4,0.7368421052631579,0.7,0.875,0.8,0.9230769230769231,3.033333333333333,0.43333333333333335,3.8,0.4769874476987448,0.26666666666666666,0.6153846153846154,0.6666666666666666,0.7692307692307693,0.0,,0.23333333333333334,0.7,0.0,1.4184397163120568,0.26666666666666666,0.6153846153846154,0.9,0.75,1.0,36.734693877551024,34.183673469387756,41.83673469387755,44.89795918367348,31.63265306122449,42.857142857142854,12.24489795918368,37.755102040816325,66.83673469387756,70.61855670103093,28.571428571428573,21.649484536082472,48.97959183673469,55.10204081632652,31.63265306122449,29.591836734693874,16.83673469387755,17.1875,21.93877551020407,37.755102040816325,22.448979591836736,7.142857142857143,35.45918367346939,43.36734693877551,37.244897959183675,25.000000000000004,68.72764569745425,25.110456553755522,52.0408163265306,30.612244897959183,17.012117346938773,29.846938775510196,22.448979591836736,7.142857142857143
Cortavious Romious,Men’s Bantamweight,2,0.7983193277310924,0.3392857142857143,2.6890756302521006,0.5714285714285714,0.1680672268907563,0.5714285714285714,0.8823529411764706,0.84,0.21008403361344538,0.8333333333333334,0.5042016806722689,1.0,1.050420168067227,0.38461538461538464,1.5126050420168067,0.5294117647058824,0.0,,0.37815126050420167,0.9,0.12605042016806722,0.75,2.1848739495798317,0.7323943661971831,0.0,0.0,0.12605042016806722,0.75,2.5630252100840334,0.7530864197530864,1.0,4.081632653061225,28.57142857142857,36.73469387755102,4.081632653061225,3.061224489795918,13.77551020408163,38.775510204081634,9.183673469387747,16.3265306122449,51.546391752577314,60.204081632653065,5.154639175257731,5.1020408163265305,22.448979591836736,90.81632653061224,11.224489795918364,9.183673469387756,66.66666666666666,3.061224489795923,34.693877551020414,22.448979591836736,73.46938775510205,16.3265306122449,20.408163265306122,8.418367346938775,23.97959183673469,33.93646118241111,32.6793604039554,13.775510204081634,51.0204081632653,37.92517006802721,18.87755102040817,22.448979591836736,73.46938775510205
AJ Cunningham,Men’s Bantamweight,2,1.3265306122448979,0.2765957446808511,2.346938775510204,0.5287356321839081,0.5612244897959183,0.7333333333333333,1.3265306122448979,0.9285714285714286,0.7653061224489796,0.8333333333333334,0.3061224489795918,0.75,2.5510204081632653,0.4032258064516129,3.6734693877551017,0.6260869565217392,0.1020408163265306,0.6666666666666666,0.1020408163265306,1.0,0.0,,0.2040816326530612,0.6666666666666666,0.0,1.2820512820512822,0.1020408163265306,0.6666666666666666,0.3061224489795918,0.75,1.0,12.244897959183673,9.183673469387756,46.93877551020408,6.1224489795918275,30.612244897959183,59.183673469387756,17.3469387755102,2.0408163265306074,74.48979591836735,51.546391752577314,82.65306122448979,71.1340206185567,32.6530612244898,34.69387755102041,33.67346938775511,3.061224489795923,6.122448979591836,35.41666666666667,75.51020408163265,37.755102040816325,22.448979591836736,10.714285714285714,10.714285714285715,26.530612244897956,44.89795918367347,9.693877551020403,63.01809383547233,76.89354092152325,33.673469387755105,18.36734693877552,20.769557823129254,56.63265306122449,22.448979591836736,10.714285714285714
Brad Katona,Men’s Bantamweight,8,3.5072281583909493,0.458128078817734,3.7523570081709616,0.4569460390355913,0.6222501571338781,0.6407766990291263,0.8768070395977373,0.6642857142857143,0.6882463859208046,0.8795180722891566,0.6599622878692646,0.8641975308641975,3.5355122564424892,0.46410891089108913,4.487743557510999,0.4827586206896552,0.8108108108108109,0.7107438016528925,0.4996857322438718,0.8153846153846154,0.4714016341923319,0.7246376811594203,0.30169704588309243,0.7804878048780488,0.0,0.17825311942959002,1.2822124450031427,0.7157894736842105,0.8013827781269642,0.8018867924528302,1.0,83.6734693877551,83.6734693877551,12.24489795918368,16.3265306122449,36.734693877551024,32.6530612244898,40.816326530612244,61.22448979591837,65.3061224489796,74.22680412371135,39.79591836734694,39.175257731958766,63.26530612244898,67.3469387755102,15.306122448979599,27.551020408163257,87.75510204081633,53.125,28.571428571428573,17.3469387755102,22.448979591836736,43.87755102040817,83.6734693877551,14.285714285714288,34.69387755102041,51.02040816326531,69.76646328634547,39.485588049652854,65.3061224489796,21.428571428571427,70.44005102040816,22.959183673469386,22.448979591836736,43.87755102040817
Kris Moutinho,Men’s Bantamweight,4,1.8376276130286826,0.23684210526315788,7.000486144871172,0.6629834254143646,0.4666990763247448,0.42105263157894735,1.8376276130286826,0.7875,1.050072921730676,0.8571428571428571,0.525036460865338,0.9,3.3252309188138067,0.3313953488372093,8.925619834710744,0.6876404494382022,0.02916869227029655,0.5,0.3500243072435586,0.9230769230769231,0.0,,0.08750607681088965,0.75,0.0,0.6230529595015576,0.02916869227029655,0.5,0.4375303840544483,0.8823529411764706,1.0,33.6734693877551,4.081632653061225,1.0204081632653061,1.0204081632653061,24.489795918367346,6.122448979591836,5.10204081632654,19.387755102040817,90.81632653061224,60.824742268041234,57.142857142857146,26.288659793814436,54.08163265306123,8.16326530612245,2.0408163265306074,1.0204081632653061,3.061224489795918,3.6458333333333335,59.183673469387756,6.1224489795918275,22.448979591836736,28.571428571428573,18.877551020408163,1.0204081632653061,15.306122448979592,12.244897959183678,75.82053439932673,41.71575846833579,31.122448979591837,1.5306122448979567,3.353528911564626,32.65306122448979,22.448979591836736,28.571428571428573
Baergeng Jieleyisi,Men’s Bantamweight,1,0.26666666666666666,0.06349206349206349,1.8666666666666667,0.39436619718309857,0.26666666666666666,0.5,0.26666666666666666,0.6666666666666666,0.06666666666666667,1.0,0.6666666666666666,1.0,0.6,0.125,2.4,0.4675324675324675,0.0,,0.2,0.75,0.0,,0.2,0.5,0.0,0.0,0.0,,0.4,0.6,1.0,1.0204081632653061,1.0204081632653061,70.40816326530611,41.83673469387755,11.224489795918368,10.204081632653061,96.93877551020408,57.6530612244898,6.122448979591836,95.87628865979381,38.775510204081634,5.154639175257731,1.0204081632653061,1.0204081632653061,71.93877551020408,32.142857142857146,1.530612244897959,,64.79591836734694,81.12244897959184,22.448979591836736,73.46938775510205,1.0204081632653061,56.12244897959184,10.714285714285715,77.29591836734694,50.999368819692826,21.965074689669684,1.0204081632653061,52.04081632653062,1.530612244897959,72.9591836734694,22.448979591836736,73.46938775510205
Saimon Oliveira,Men’s Bantamweight,4,1.2552301255230125,0.32608695652173914,2.817294281729428,0.507537688442211,0.502092050209205,0.5806451612903226,0.9762900976290098,0.813953488372093,0.6415620641562064,0.7666666666666667,0.39051603905160387,0.9333333333333333,1.7294281729428171,0.37575757575757573,2.2315202231520224,0.547945205479452,0.36262203626220363,0.65,0.8647140864714086,0.7948717948717948,0.30683403068340304,0.7857142857142857,1.0878661087866108,0.5416666666666666,0.0,1.3333333333333333,0.6694560669456067,0.7058823529411765,1.9525801952580195,0.6306306306306306,1.0,10.204081632653061,22.448979591836736,30.612244897959176,9.183673469387747,26.53061224489796,15.306122448979592,31.63265306122449,13.265306122448981,63.26530612244898,27.31958762886598,69.38775510204081,18.556701030927844,18.367346938775512,17.346938775510203,77.55102040816325,8.163265306122446,57.14285714285714,47.91666666666667,5.10204081632654,73.46938775510205,22.448979591836736,9.183673469387747,16.3265306122449,19.89795918367346,20.918367346938776,22.448979591836736,45.29244687565748,43.97222806648433,17.857142857142858,42.85714285714285,52.529761904761905,39.28571428571429,22.448979591836736,9.183673469387747
Cody Stamann,Men’s Bantamweight,8,2.392600205549846,0.33916083916083917,2.380267214799589,0.31900826446280994,1.2579650565262077,0.723404255319149,1.5662898252826312,0.6902173913043478,0.43165467625899284,0.8974358974358975,0.8633093525179857,0.7368421052631579,3.4409044193216856,0.40789473684210525,4.304213771839671,0.41997593261131166,0.4933196300102775,0.7272727272727273,0.40698869475847893,0.75,0.14799588900308325,0.9230769230769231,0.09866392600205551,0.8888888888888888,0.6042296072507553,0.0,0.6413155190133608,0.7647058823529411,0.5056526207605344,0.7735849056603774,1.0,50.0,27.55102040816326,45.91836734693879,74.48979591836735,82.6530612244898,56.12244897959183,8.163265306122446,44.89795918367348,43.87755102040816,78.35051546391753,23.469387755102037,76.28865979381443,59.183673469387756,38.775510204081634,20.40816326530612,61.22448979591837,53.06122448979592,75.0,53.061224489795926,27.551020408163257,74.48979591836735,73.46938775510205,38.77551020408163,60.20408163265307,69.38775510204081,26.530612244897963,61.11403324216285,49.87902377445823,48.9795918367347,40.816326530612244,64.03061224489795,40.30612244897959,74.48979591836735,73.46938775510205
Garrett Armfield,Men’s Bantamweight,5,4.1030358785648575,0.485838779956427,2.3367065317387303,0.35082872928176795,0.9383624655013799,0.7727272727272727,0.9751609935602575,0.7571428571428571,0.31278748850045995,1.0,0.3311867525298988,0.9,4.52621895124195,0.5189873417721519,3.0542778288868444,0.4181360201511335,0.29438822447102114,0.6956521739130435,0.5335786568537259,0.58,0.5335786568537259,0.6444444444444445,0.05519779208831647,0.6,0.6872852233676976,0.0,0.8279668813247469,0.6617647058823529,0.5887764489420423,0.5818181818181818,1.0,92.85714285714286,85.71428571428571,47.95918367346939,57.142857142857146,69.38775510204081,77.55102040816327,32.6530612244898,29.591836734693874,26.53061224489796,95.87628865979381,79.59183673469387,26.288659793814436,86.73469387755102,92.85714285714286,52.04081632653062,62.244897959183675,64.28571428571429,30.208333333333332,46.93877551020408,85.71428571428571,79.59183673469387,73.46938775510205,89.28571428571428,52.55102040816327,73.46938775510205,31.122448979591837,61.20345045234589,52.94024826425415,89.79591836734694,57.142857142857146,47.24702380952381,66.3265306122449,79.59183673469387,73.46938775510205
Jake Hadley,Men’s Bantamweight,7,1.7569721115537849,0.2732342007434944,2.0796812749003983,0.2664624808575804,1.00398406374502,0.7433628318584071,1.398406374501992,0.6610169491525424,1.099601593625498,0.9387755102040817,0.8366533864541832,0.8974358974358975,3.334661354581673,0.4043478260869565,4.01593625498008,0.39482961222091656,0.14342629482071712,0.5714285714285714,0.0597609561752988,0.5555555555555556,0.38247011952191234,0.8421052631578947,0.2390438247011952,0.4166666666666667,0.30959752321981426,0.2770083102493075,0.5258964143426295,0.7457627118644068,0.298804780876494,0.43859649122807015,1.0,25.510204081632654,7.142857142857142,63.26530612244898,92.85714285714285,71.42857142857143,66.3265306122449,13.265306122448981,62.75510204081633,92.85714285714286,90.72164948453609,25.510204081632654,27.835051546391757,55.10204081632652,35.714285714285715,26.530612244897956,74.48979591836735,42.857142857142854,62.5,79.59183673469387,94.89795918367346,53.06122448979592,38.775510204081634,16.3265306122449,78.06122448979592,68.87755102040816,38.01020408163266,91.78939617083947,26.672627814012206,45.408163265306115,50.51020408163265,52.67857142857143,87.24489795918367,53.06122448979592,38.775510204081634
Chad Anheliger,Men’s Bantamweight,5,2.139936392548841,0.3783132530120482,1.6356201726487958,0.36923076923076925,0.42253521126760557,0.5849056603773585,0.667878237164925,0.6712328767123288,0.5452067242162653,0.8,0.5997273966378918,0.6666666666666666,2.3580190822353475,0.3940774487471526,1.9900045433893683,0.39037433155080214,0.3952748750567923,0.725,0.3134938664243525,0.7419354838709677,0.35438437074057244,0.6666666666666666,0.5997273966378918,0.7457627118644068,0.8771929824561403,0.0,0.7496592457973648,0.6962025316455697,0.9132212630622444,0.7444444444444445,1.0,39.795918367346935,55.10204081632652,80.61224489795919,50.0,19.387755102040817,17.346938775510203,62.244897959183675,54.08163265306123,57.14285714285714,36.597938144329895,50.0,86.08247422680412,26.53061224489796,28.57142857142857,82.65306122448979,77.55102040816325,61.224489795918366,45.3125,20.40816326530612,41.83673469387755,84.18367346938776,73.46938775510205,47.44897959183673,65.3061224489796,18.367346938775512,58.163265306122454,46.87039764359352,68.04123711340206,27.551020408163264,80.10204081632652,53.26849489795919,31.122448979591837,84.18367346938776,73.46938775510205
Cody Gibson,Men’s Bantamweight,8,2.5755534167468723,0.41838649155722324,2.679499518768046,0.4027777777777778,0.796920115495669,0.69,0.5081809432146295,0.6285714285714286,0.47353224254090476,0.8723404255319149,0.5081809432146295,0.8461538461538461,2.875842155919153,0.43079584775086505,2.85274302213667,0.4179357021996616,0.8431183830606352,0.8295454545454546,0.5774783445620789,0.6944444444444444,0.12704523580365737,0.7857142857142857,0.26564003849855633,0.6571428571428571,0.0,0.9375,0.9701636188642926,0.8235294117647058,0.8431183830606352,0.6822429906542056,1.0,56.12244897959183,70.40816326530613,38.775510204081634,39.79591836734694,55.10204081632652,44.89795918367347,77.55102040816325,74.48979591836735,51.02040816326531,67.0103092783505,59.183673469387756,47.422680412371136,45.91836734693878,54.08163265306123,61.22448979591837,63.26530612244898,74.48979591836735,90.625,26.530612244897956,60.714285714285715,22.448979591836736,14.285714285714283,63.265306122448976,39.28571428571429,50.0,76.0204081632653,59.01535872080791,53.303176940879446,50.0,62.244897959183675,82.55739795918367,43.62244897959184,22.448979591836736,14.285714285714283
Vince Morales,Men’s Bantamweight,8,2.1488632824665213,0.31039136302294196,2.223606353161009,0.34442836468885674,0.8128308938025537,0.635036496350365,0.8034880099657428,0.7889908256880734,0.18685767673621925,0.6666666666666666,0.747430706944877,0.8421052631578947,2.7935222672064777,0.3542654028436019,3.438181251946434,0.43550295857988164,0.2802865151043289,0.5454545454545454,0.2896293989411398,0.7045454545454546,0.0747430706944877,0.8888888888888888,0.04671441918405481,0.8333333333333334,0.29673590504451036,0.0,0.35502958579881655,0.59375,0.33634381812519465,0.72,1.0,40.816326530612244,16.3265306122449,52.04081632653062,61.22448979591837,59.183673469387756,29.591836734693878,45.91836734693879,18.3673469387755,14.285714285714285,13.917525773195877,32.6530612244898,49.484536082474236,43.87755102040816,13.26530612244898,44.89795918367348,51.02040816326531,31.63265306122449,10.416666666666668,70.40816326530611,46.93877551020408,52.04081632653062,73.46938775510205,28.57142857142857,56.632653061224495,44.38775510204081,32.142857142857146,14.10162002945508,41.06879865348202,28.57142857142857,47.9591836734694,21.02465986394558,58.6734693877551,52.04081632653062,73.46938775510205
Dan Argueta,Men’s Bantamweight,6,1.7008527310440194,0.35964912280701755,2.4752247061534915,0.4261904761904762,0.4839824844434202,0.7608695652173914,0.691403549204886,0.7692307692307693,0.2903894906660521,0.875,0.27656141968195436,0.9523809523809523,1.6317123761235308,0.3769968051118211,2.9868633325651075,0.4675324675324675,0.4148421295229316,0.5660377358490566,0.31804563263424757,0.7931034482758621,0.4286702005070293,0.6739130434782609,0.13828070984097718,0.6666666666666666,0.0,0.0,0.8435123300299608,0.6161616161616161,0.45632634247522474,0.75,1.0,22.448979591836736,41.83673469387755,43.87755102040817,26.530612244897956,25.510204081632654,72.44897959183673,58.163265306122454,23.469387755102037,23.46938775510204,70.61855670103093,85.71428571428571,10.30927835051546,14.285714285714285,18.367346938775512,54.08163265306123,32.142857142857146,65.3061224489796,18.75,57.142857142857146,37.755102040816325,22.448979591836736,73.46938775510205,32.142857142857146,35.204081632653065,48.97959183673469,40.816326530612244,47.04397222806648,48.01178203240058,16.3265306122449,43.11224489795919,42.0280612244898,47.44897959183673,22.448979591836736,73.46938775510205
Alexander Volkanovski,Men’s Featherweight,8,4.008468595624559,0.5338345864661654,1.806633733239238,0.3303225806451613,0.5434015525758645,0.652542372881356,0.8821453775582216,0.7062146892655368,0.9527170077628794,0.7714285714285715,0.5857445306986592,0.7757009345794392,4.594213126323218,0.547979797979798,2.794636556104446,0.4036697247706422,0.40931545518701484,0.7160493827160493,0.3669724770642202,0.8666666666666667,0.5010585744530699,0.8068181818181818,0.11291460832745237,0.8888888888888888,0.2564102564102564,0.646551724137931,0.9103740296400847,0.7633136094674556,0.4798870853916726,0.8717948717948718,1.0,88.18181818181819,92.72727272727272,76.36363636363636,74.54545454545455,27.27272727272727,40.74074074074074,40.90909090909091,51.37614678899082,79.0909090909091,34.25925925925926,47.272727272727266,60.55045871559633,83.63636363636363,88.18181818181819,60.90909090909091,67.27272727272728,68.18181818181817,61.32075471698113,60.90909090909091,4.672897196261677,42.72727272727273,40.90909090909091,90.45454545454545,75.45454545454545,34.00673400673401,46.142618849040865,56.67508417508418,53.91159299416179,85.9090909090909,64.0909090909091,64.75128644939966,32.79099405267629,42.72727272727273,40.90909090909091
Movsar Evloev,Men’s Featherweight,8,2.876923076923077,0.44576877234803336,1.6,0.30998509687034276,0.6461538461538462,0.8155339805825242,0.7307692307692307,0.6690140845070423,0.35384615384615387,0.7796610169491526,0.3153846153846154,0.7884615384615384,3.0615384615384613,0.4569460390355913,2.3461538461538463,0.37423312883435583,0.23846153846153847,0.775,0.17692307692307693,0.7666666666666667,0.5769230769230769,0.8333333333333334,0.12307692307692308,0.8,0.0,0.0,0.8153846153846154,0.8153846153846154,0.3,0.78,1.0,61.81818181818181,68.18181818181817,80.9090909090909,83.63636363636363,34.54545454545455,82.4074074074074,56.36363636363636,63.30275229357798,24.545454545454547,39.81481481481482,82.72727272727272,55.96330275229358,43.63636363636363,60.909090909090914,74.54545454545455,83.63636363636363,63.63636363636363,83.9622641509434,80.9090909090909,23.36448598130841,20.0,80.9090909090909,65.0,82.27272727272727,58.476430976430976,59.83319432860717,32.180134680134685,69.34528773978315,52.27272727272727,79.0909090909091,73.79931389365352,52.136788445199656,20.0,80.9090909090909
Aljamain Sterling,Men’s Featherweight,8,1.7982708933717577,0.47101449275362317,1.0789625360230546,0.3443708609271523,1.0028818443804033,0.7754010695187166,0.5740634005763688,0.7830188679245284,0.7054755043227665,0.8360655737704918,0.42881844380403455,0.8493150684931506,2.31700288184438,0.517774343122102,1.6945244956772334,0.4398563734290844,0.42190201729106624,0.7922077922077922,0.20057636887608069,0.7435897435897436,0.7677233429394812,0.8102189781021898,0.1867435158501441,0.75,0.0,0.33222591362126247,1.1896253602305475,0.8037383177570093,0.38731988472622475,0.7466666666666667,1.0,25.454545454545453,80.0,90.0,70.9090909090909,70.0,73.14814814814815,74.54545454545455,19.26605504587156,62.727272727272734,64.81481481481481,70.0,36.69724770642201,22.727272727272727,81.81818181818183,87.27272727272727,48.18181818181819,80.0,78.30188679245283,73.63636363636364,40.186915887850475,20.0,55.45454545454545,52.72727272727273,80.45454545454545,71.57407407407408,46.90575479566306,63.77104377104377,53.34862385321101,52.27272727272728,67.72727272727272,79.15094339622641,56.91163976210706,20.0,55.45454545454545
Arnold Allen,Men’s Featherweight,8,2.795638011613086,0.41698352344740175,2.243308313270075,0.3235294117647059,0.6458008780625973,0.6178861788617886,1.0706698767879903,0.711864406779661,0.36538733890383795,0.7818181818181819,0.8072510975782466,0.8796296296296297,3.4329415097011755,0.4469026548672566,3.832318368503045,0.4291151284490961,0.16145021951564933,0.59375,0.25492139923523577,0.6666666666666666,0.21243449936269648,0.8064516129032258,0.03398951989803144,0.8,0.44642857142857145,0.0,0.37388471887834585,0.6984126984126984,0.2889109191332672,0.68,1.0,59.09090909090909,60.0,58.18181818181818,79.0909090909091,33.63636363636363,27.77777777777778,25.454545454545457,50.45871559633028,25.454545454545453,41.66666666666667,27.272727272727284,30.27522935779816,50.90909090909091,55.45454545454545,38.18181818181817,54.54545454545455,30.0,41.509433962264154,82.72727272727272,62.61682242990655,50.90909090909091,80.9090909090909,59.54545454545455,68.63636363636364,30.707070707070706,37.956630525437866,33.56060606060606,28.773978315262724,53.18181818181818,46.36363636363636,35.75471698113208,72.67204757858963,50.90909090909091,80.9090909090909
Lerone Murphy,Men’s Featherweight,8,3.0641607258587165,0.45707656612529,1.609850939727803,0.3008720930232558,0.9799092676604018,0.7,0.7310434219053791,0.7230769230769231,0.6921581335061567,0.8165137614678899,0.4666234607906675,0.7692307692307693,3.9974076474400517,0.498545101842871,2.4186649384316263,0.38395061728395063,0.45884640311082303,0.8428571428571429,0.2410887880751782,0.5740740740740741,0.2799740764744005,0.72,0.1477640959170447,0.59375,0.49261083743842365,0.2770083102493075,0.7388204795852236,0.7916666666666666,0.3888528839922229,0.5813953488372093,1.0,70.9090909090909,73.63636363636363,79.0909090909091,86.36363636363636,67.27272727272727,51.85185185185185,55.45454545454545,43.11926605504588,60.0,55.55555555555556,63.63636363636363,61.46788990825688,69.0909090909091,74.54545454545455,70.9090909090909,79.0909090909091,58.18181818181818,73.11320754716981,72.72727272727272,85.98130841121495,53.63636363636364,58.18181818181818,72.27272727272727,82.72727272727272,59.56228956228956,49.28690575479567,57.77777777777778,62.55212677231026,71.81818181818181,75.0,65.64751286449399,79.35429056924383,53.63636363636364,58.18181818181818
Pat Sabatini,Men’s Featherweight,8,1.3460231135282121,0.5025380710659898,0.6390210740992522,0.3643410852713178,0.27192386131883073,0.6451612903225806,0.23113528212100612,0.7727272727272727,0.21753908905506458,0.8,0.16315431679129844,0.75,0.6118286879673691,0.36585365853658536,0.5982324949014276,0.39285714285714285,0.20394289598912305,0.6818181818181818,0.21753908905506458,0.64,1.0197144799456153,0.7281553398058253,0.21753908905506458,0.5333333333333333,0.0,1.3157894736842106,1.2236573759347382,0.72,0.43507817811012917,0.5818181818181818,1.0,16.363636363636363,88.18181818181819,95.45454545454545,61.81818181818181,8.181818181818182,33.7962962962963,93.63636363636364,23.39449541284403,14.545454545454545,47.68518518518518,92.72727272727272,66.97247706422017,5.454545454545454,19.090909090909093,97.27272727272727,74.54545454545455,82.72727272727273,50.943396226415096,67.27272727272728,85.04672897196261,20.0,20.000000000000004,52.27272727272727,78.63636363636363,20.98905723905724,58.51542952460383,31.115319865319865,79.84987489574644,12.272727272727273,85.9090909090909,66.83533447684391,76.15972812234494,20.0,20.000000000000004
Nathaniel Wood,Men’s Featherweight,8,3.0833333333333335,0.46077210460772106,2.691666666666667,0.36914285714285716,0.5,0.6521739130434783,1.0666666666666667,0.7441860465116279,1.6833333333333333,0.8015873015873016,0.43333333333333335,0.7536231884057971,4.533333333333333,0.5354330708661418,3.191666666666667,0.39771547248182765,0.3,0.72,0.575,0.8117647058823529,0.43333333333333335,0.6419753086419753,0.425,0.75,0.6329113924050633,0.3976143141153082,0.7333333333333333,0.6717557251908397,1.0,0.7843137254901961,1.0,72.72727272727273,75.45454545454545,47.272727272727266,59.09090909090909,23.636363636363637,39.81481481481482,26.363636363636363,33.944954128440365,96.36363636363636,50.0,69.0909090909091,64.22018348623853,82.72727272727273,85.45454545454545,51.81818181818181,71.81818181818181,57.27272727272727,32.075471698113205,25.454545454545457,21.028037383177566,62.727272727272734,52.72727272727273,74.0909090909091,53.18181818181818,31.725589225589225,30.154295246038366,73.18181818181819,66.65554628857382,84.0909090909091,61.81818181818181,44.67409948542024,23.24129141886151,62.727272727272734,52.72727272727273
Diego Lopes,Men’s Featherweight,8,3.0353292419970144,0.4166666666666667,3.55282799800962,0.473474801061008,0.5174987560126058,0.5909090909090909,0.3483164703931,0.603448275862069,0.6767291424780228,0.7640449438202247,0.6767291424780228,0.7472527472527473,2.9159064521479516,0.40807799442896936,4.090230552330403,0.48928571428571427,0.30850887377674574,0.6888888888888889,0.15923038646541715,0.7272727272727273,1.0051418145629458,0.6917808219178082,0.32841267208492286,0.8048780487804879,1.411764705882353,0.0,1.3136506883396915,0.6910994764397905,0.48764305855034,0.7777777777777778,1.0,70.0,58.63636363636363,24.545454545454536,20.000000000000004,25.454545454545453,17.59259259259259,88.18181818181819,77.98165137614679,59.09090909090909,27.77777777777778,36.36363636363636,69.72477064220182,39.09090909090909,34.54545454545455,30.000000000000004,23.636363636363644,88.18181818181819,38.67924528301887,59.09090909090909,24.766355140186906,85.45454545454545,80.9090909090909,64.31818181818181,22.27272727272727,21.523569023569024,83.08173477898248,43.43434343434343,53.04420350291909,36.81818181818182,26.818181818181824,63.43053173241853,41.928632115548,85.45454545454545,80.9090909090909
Cub Swanson,Men’s Featherweight,8,3.7308085977482093,0.5137420718816068,3.439099283520983,0.3936731107205624,1.1054247697031732,0.8,1.2743091095189356,0.7033898305084746,1.2128966223132038,0.8586956521739131,0.9825997952917094,0.735632183908046,5.327533265097237,0.5831932773109244,4.6366427840327535,0.4487369985141159,0.5680655066530195,0.8604651162790697,0.7830092118730809,0.7285714285714285,0.1535312180143296,0.5882352941176471,0.2763561924257933,0.5806451612903226,1.5228426395939085,0.8086253369272237,0.7215967246673491,0.7833333333333333,1.0593654042988743,0.6831683168316832,1.0,84.54545454545455,89.0909090909091,26.363636363636363,49.090909090909086,79.0909090909091,77.77777777777779,15.454545454545455,53.211009174311926,85.45454545454545,74.07407407407408,20.90909090909091,72.01834862385321,90.0,94.54545454545455,20.000000000000004,45.45454545454545,55.45454545454545,68.86792452830188,21.818181818181817,61.68224299065421,87.27272727272727,34.54545454545453,86.81818181818181,37.72727272727273,78.43434343434345,34.33277731442869,79.76430976430976,46.46371976647206,92.27272727272728,32.72727272727273,62.16123499142367,41.750212404418015,87.27272727272727,34.54545454545453
Jean Silva,Men’s Featherweight,7,2.969140950792327,0.44389027431421446,2.585487906588824,0.3762135922330097,1.2510425354462051,0.8064516129032258,0.8673894912427023,0.5714285714285714,0.3502919099249374,0.9130434782608695,0.9841534612176813,0.8939393939393939,3.819849874895746,0.4989106753812636,3.4862385321100917,0.43907563025210083,0.5504587155963302,0.7674418604651163,0.2335279399499583,0.6086956521739131,0.2001668056713928,0.8,0.7172643869891576,0.6142857142857143,1.8248175182481752,0.37593984962406013,0.7506255212677231,0.7758620689655172,0.9507923269391159,0.6129032258064516,1.0,65.45454545454545,66.36363636363637,50.90909090909091,55.45454545454545,88.18181818181819,80.55555555555556,42.72727272727273,82.56880733944953,23.636363636363637,88.88888888888889,20.000000000000004,23.85321100917431,64.54545454545455,75.45454545454545,46.36363636363637,49.090909090909086,60.0,65.09433962264151,29.090909090909097,78.50467289719626,89.0909090909091,53.63636363636363,65.9090909090909,53.18181818181818,84.36868686868686,62.64804003336113,56.26262626262626,21.926605504587158,70.0,47.72727272727273,62.54716981132076,53.797790994052676,89.0909090909091,53.63636363636363
Steve Garcia,Men’s Featherweight,8,4.488888888888889,0.38697318007662834,1.6222222222222222,0.2786259541984733,1.0222222222222221,0.7796610169491526,0.26666666666666666,0.5,0.6444444444444445,0.90625,0.24444444444444444,1.0,4.688888888888889,0.412109375,1.6666666666666667,0.28517110266159695,0.2222222222222222,0.5555555555555556,0.08888888888888889,0.5714285714285714,1.2444444444444445,0.6746987951807228,0.37777777777777777,0.6296296296296297,2.888086642599278,2.0833333333333335,1.4666666666666666,0.6534653465346535,0.4666666666666667,0.6176470588235294,1.0,90.0,43.63636363636363,78.18181818181819,90.0,72.72727272727273,74.07407407407408,90.9090909090909,93.57798165137613,55.45454545454545,86.11111111111111,87.27272727272727,5.963302752293578,84.54545454545455,39.09090909090909,88.18181818181819,97.27272727272727,90.9090909090909,27.358490566037734,64.0909090909091,74.76635514018692,94.54545454545455,10.909090909090908,66.81818181818181,84.0909090909091,73.40067340067341,92.24353628023351,70.78282828282829,46.61801501251042,61.81818181818182,92.72727272727272,59.13379073756432,69.428632115548,94.54545454545455,10.909090909090908
Yair Rodriguez,Men’s Featherweight,8,3.0202056008507623,0.39831697054698456,2.988302020560085,0.4644628099173554,1.0209145693016661,0.6956521739130435,0.967741935483871,0.7844827586206896,1.3505848989719957,0.8881118881118881,0.6699751861042184,0.7325581395348837,4.158099964551577,0.4722222222222222,3.0733782346685574,0.47299509001636664,0.31903580290677064,0.7692307692307693,0.4466501240694789,0.7777777777777778,0.9145693016660759,0.6771653543307087,1.1059907834101383,0.7323943661971831,0.39447731755424065,0.0,1.2336051045728464,0.6987951807228916,1.5526409074796172,0.7448979591836735,1.0,68.18181818181817,50.0,39.09090909090909,24.545454545454536,71.81818181818181,50.92592592592593,33.63636363636364,18.348623853211002,90.9090909090909,82.4074074074074,38.18181818181817,74.31192660550458,74.54545454545455,66.36363636363637,55.45454545454545,33.63636363636364,84.54545454545455,42.45283018867924,10.909090909090908,41.58878504672897,47.27272727272727,80.9090909090909,59.090909090909086,31.818181818181813,61.37205387205387,25.99249374478732,86.65824915824916,56.24687239366138,70.45454545454547,44.54545454545455,63.499142367066895,26.24893797790994,47.27272727272727,80.9090909090909
Melquizael Costa,Men’s Featherweight,8,2.0953901416882856,0.3615702479338843,2.3348633007383754,0.46318289786223277,0.9578926362003592,0.6451612903225806,0.658551187387747,0.8333333333333334,1.0057872680103772,0.8,0.3831570544801437,1.0,3.2089403312712035,0.43934426229508194,2.2390740371183395,0.480719794344473,0.4071043703851527,0.6666666666666666,0.5268409499101976,0.6875,0.44302534424266615,0.7115384615384616,0.610656555577729,0.7727272727272727,0.5899705014749262,0.7092198581560284,0.8501297146278188,0.6893203883495146,1.1374975054879266,0.7307692307692307,1.0,34.54545454545455,35.45454545454545,57.27272727272727,26.363636363636363,64.54545454545455,33.7962962962963,67.27272727272728,11.926605504587151,80.9090909090909,47.68518518518518,78.18181818181819,5.963302752293578,46.36363636363636,50.90909090909091,79.0909090909091,30.000000000000004,65.45454545454545,36.79245283018868,18.181818181818176,47.663551401869164,60.0,38.18181818181817,35.0,41.81818181818182,49.17087542087542,39.59966638865721,64.29713804713805,42.07256046705588,48.63636363636363,54.54545454545455,51.123499142367066,32.92268479184367,60.0,38.18181818181817
Joanderson Brito,Men’s Featherweight,8,0.8503717472118959,0.3630952380952381,1.0734200743494424,0.5460992907801419,0.32063197026022305,0.7419354838709677,0.5855018587360594,0.6885245901639344,0.6970260223048327,0.819672131147541,0.2648698884758364,0.8636363636363636,1.0734200743494424,0.4095744680851064,0.9200743494423792,0.46153846153846156,0.41821561338289964,0.8571428571428571,0.6412639405204461,0.8846153846153846,0.3763940520446097,0.7297297297297297,0.362453531598513,0.896551724137931,0.0,0.0,0.7946096654275093,0.7916666666666666,1.003717472118959,0.8888888888888888,1.0,10.0,36.36363636363637,91.81818181818181,10.000000000000002,10.909090909090908,60.18518518518518,73.63636363636364,57.798165137614674,60.909090909090914,56.481481481481474,86.36363636363636,33.944954128440365,9.090909090909092,36.36363636363637,94.54545454545455,39.09090909090909,61.81818181818181,73.11320754716981,24.545454545454536,3.7383177570093458,20.0,80.9090909090909,23.181818181818183,50.90909090909091,35.54713804713805,65.71726438698916,58.695286195286194,60.15429524603836,22.72727272727273,66.81818181818181,67.4656946826758,14.14188615123194,20.0,80.9090909090909
Youssef Zalal,Men’s Featherweight,8,1.9022457067371203,0.4158415841584158,1.1775806755991698,0.2810810810810811,0.4529156444612191,0.7547169811320755,0.3623325155689753,0.5245901639344263,0.7020192489148896,0.8157894736842105,0.4415927533496886,0.5492957746478874,2.683525193432723,0.49478079331941544,1.6191734289488584,0.31359649122807015,0.11322891111530478,0.5882352941176471,0.28307227778826194,0.6756756756756757,0.260426495565201,0.6216216216216216,0.07926023778071335,0.7777777777777778,0.37037037037037035,0.0,0.3736554066805058,0.6111111111111112,0.3623325155689753,0.6956521739130435,1.0,30.0,57.27272727272727,87.27272727272727,89.0909090909091,20.909090909090907,65.74074074074075,87.27272727272727,88.07339449541284,61.81818181818181,54.629629629629626,68.18181818181819,92.66055045871559,30.909090909090907,71.81818181818181,89.0909090909091,95.45454545454545,29.09090909090909,17.92452830188679,77.27272727272727,57.00934579439252,46.36363636363636,80.9090909090909,43.63636363636364,88.18181818181819,43.32491582491583,87.67306088407005,58.223905723905716,80.42118432026689,51.36363636363636,92.27272727272728,23.50771869639794,67.1410365335599,46.36363636363636,80.9090909090909
Dooho Choi,Men’s Featherweight,8,3.2226322263222635,0.46536412078152756,2.865928659286593,0.3686708860759494,0.9348093480934809,0.8837209302325582,1.1439114391143912,0.6788321167883211,0.6150061500615006,0.8620689655172413,0.4182041820418204,0.53125,3.788437884378844,0.5057471264367817,3.517835178351784,0.38492597577388965,0.46740467404674046,0.7450980392156863,0.6642066420664207,0.8571428571428571,0.5166051660516605,0.8936170212765957,0.24600246002460024,0.7407407407407407,0.7731958762886598,0.8333333333333334,0.984009840098401,0.8163265306122449,0.9102091020910209,0.8222222222222222,1.0,75.45454545454545,76.36363636363637,42.72727272727273,59.99999999999999,62.727272727272734,89.81481481481481,20.000000000000004,61.46788990825688,52.72727272727272,75.0,73.63636363636364,93.57798165137613,60.909090909090914,79.0909090909091,44.54545454545455,76.36363636363636,70.0,84.90566037735849,31.818181818181817,13.084112149532706,68.18181818181817,33.63636363636364,75.9090909090909,51.36363636363636,76.27104377104376,40.73394495412844,63.86363636363636,83.60717264386989,70.0,60.45454545454545,77.45283018867924,22.45114698385726,68.18181818181817,33.63636363636364
Vinicius Oliveira,Men’s Featherweight,6,2.746168381272307,0.3639398998330551,2.015536426621877,0.3470715835140998,1.2471131639722863,0.668918918918919,0.6676464413184967,0.726027397260274,1.2849044719714464,0.7669172932330827,0.20155364266218767,0.8888888888888888,4.421583035901742,0.45057766367137353,2.4060466092798656,0.3843058350100604,0.3023304639932815,0.5714285714285714,0.06298551333193365,0.38461538461538464,0.5542725173210161,0.7457627118644068,0.4157043879907621,0.7857142857142857,0.7159904534606205,0.0,0.8566029813142977,0.6732673267326733,0.47868990132269573,0.6909090909090909,1.0,57.27272727272727,37.27272727272727,66.36363636363636,69.0909090909091,87.27272727272727,45.370370370370374,66.36363636363636,40.366972477064216,89.0909090909091,30.555555555555557,89.0909090909091,24.770642201834868,81.81818181818183,58.18181818181818,71.81818181818181,78.18181818181819,66.36363636363637,33.0188679245283,61.81818181818181,58.8785046728972,64.54545454545455,80.9090909090909,47.27272727272727,67.72727272727272,66.32154882154882,53.365304420350284,59.823232323232325,56.930775646371984,70.0,75.0,49.69125214408234,60.34834324553951,64.54545454545455,80.9090909090909
Kevin Vallejos,Men’s Featherweight,4,3.8320520402128917,0.40148698884758366,2.0934358367829686,0.3352272727272727,1.277350680070964,0.6666666666666666,0.8515671200473093,0.6666666666666666,0.5677114133648729,0.8,0.6031933767001774,0.5666666666666667,4.293317563571851,0.41724137931034483,3.512714370195151,0.41596638655462187,0.709639266706091,0.7142857142857143,0.03548196333530455,0.25,0.6741573033707865,0.76,0.0,,2.5,0.0,1.3837965700768775,0.7358490566037735,0.03548196333530455,0.25,1.0,86.36363636363636,51.81818181818182,61.81818181818181,73.63636363636364,89.0909090909091,43.51851851851852,45.45454545454545,66.97247706422017,48.18181818181818,47.68518518518518,45.45454545454545,91.74311926605505,77.27272727272727,42.72727272727273,45.45454545454545,60.90909090909091,89.0909090909091,53.77358490566038,95.45454545454545,97.19626168224299,92.72727272727272,80.9090909090909,69.0909090909091,67.72727272727272,66.3047138047138,56.21351125938281,47.93350168350168,68.59883236030025,60.0,53.18181818181818,71.43224699828474,96.32540356839422,92.72727272727272,80.9090909090909
Chepe Mariscal,Men’s Featherweight,6,2.7245449089817964,0.49134199134199136,1.23624724944989,0.329073482428115,0.6721344268853771,0.7088607594936709,1.1282256451290258,0.7768595041322314,0.7441488297659532,0.7654320987654321,0.3000600120024005,0.78125,2.3044608921784357,0.46153846153846156,1.920384076815363,0.42105263157894735,0.9361872374474896,0.7428571428571429,0.6721344268853771,0.7272727272727273,0.9001800360072015,0.7425742574257426,0.07201440288057612,0.6666666666666666,0.0,0.0,1.836367273454691,0.7427184466019418,0.7441488297659532,0.7209302325581395,1.0,55.45454545454545,85.45454545454545,86.36363636363636,76.36363636363636,40.0,54.629629629629626,20.90909090909091,20.183486238532105,66.36363636363637,28.703703703703702,83.63636363636363,57.798165137614674,21.818181818181817,63.63636363636363,84.54545454545455,58.18181818181818,94.54545454545455,55.660377358490564,44.54545454545455,50.46728971962617,20.0,80.9090909090909,70.45454545454545,81.36363636363636,47.31481481481481,20.54628857381151,47.533670033670035,70.71726438698914,42.72727272727273,71.36363636363636,75.10291595197256,47.50637213254036,20.0,80.9090909090909
Brian Ortega,Men’s Featherweight,8,2.7486205569100477,0.3296398891966759,4.950596689336584,0.47106227106227105,0.6929295521621969,0.75,1.0008982420120622,0.7602339181286549,0.5466444244835109,0.8068181818181818,0.9854998075195689,0.9078014184397163,3.5493391505196974,0.3797364085667216,5.836006672654947,0.5191780821917809,0.27717182086487874,0.782608695652174,0.2617733863723855,0.7555555555555555,0.16168356217117927,0.6774193548387096,0.8392146798408829,0.6337209302325582,0.5791505791505791,0.11098779134295228,0.43885538303605803,0.7402597402597403,1.1009880662132683,0.6589861751152074,1.0,58.18181818181818,20.909090909090907,9.090909090909081,21.818181818181817,42.72727272727273,64.81481481481481,30.000000000000004,28.440366972477072,45.45454545454545,50.92592592592593,19.090909090909083,21.100917431192663,52.72727272727272,23.636363636363637,9.090909090909081,16.363636363636363,37.27272727272727,54.71698113207547,20.000000000000004,69.1588785046729,59.09090909090909,59.99999999999999,39.54545454545455,15.45454545454545,53.771043771043765,29.22018348623854,48.190235690235696,20.095913261050875,38.18181818181818,12.727272727272723,45.99485420240137,44.57943925233645,59.09090909090909,59.99999999999999
Mairon Santos,Men’s Featherweight,4,1.6435432230522946,0.36492890995260663,1.2379935965848452,0.2510822510822511,0.8751334044823906,0.5857142857142857,0.3628601921024546,0.53125,0.8110992529348986,0.8837209302325582,0.6403415154749199,0.7142857142857143,2.945570971184632,0.4584717607973422,2.0917822838847386,0.33447098976109213,0.29882604055496265,0.8235294117647058,0.14941302027748132,0.6363636363636364,0.08537886872998933,0.6666666666666666,0.0,0.0,1.2820512820512822,0.0,0.384204909284952,0.782608695652174,0.14941302027748132,0.5833333333333334,1.0,21.818181818181817,39.09090909090909,85.45454545454545,93.63636363636364,57.27272727272727,15.74074074074074,86.36363636363636,87.15596330275228,70.9090909090909,81.48148148148148,41.81818181818181,78.89908256880733,40.0,61.81818181818181,81.81818181818181,91.81818181818181,30.909090909090907,67.9245283018868,91.81818181818181,83.64485981308411,81.81818181818183,80.9090909090909,30.454545454545453,89.54545454545455,36.50673400673401,86.75979983319432,76.1952861952862,60.35863219349457,50.90909090909091,86.81818181818181,49.41680960548885,87.73152081563296,81.81818181818183,80.9090909090909
David Onama,Men’s Featherweight,8,3.8173302107728335,0.4478021978021978,2.892271662763466,0.38,0.5971896955503513,0.6,0.9367681498829039,0.6896551724137931,0.4918032786885246,0.8235294117647058,0.901639344262295,0.7938144329896907,3.8992974238875875,0.45867768595041325,3.875878220140515,0.440745672436751,0.2224824355971897,0.6333333333333333,0.4449648711943794,0.6440677966101694,0.7845433255269321,0.6203703703703703,0.40983606557377045,0.660377358490566,0.954653937947494,0.49504950495049505,1.0070257611241218,0.6231884057971014,0.8548009367681498,0.6517857142857143,1.0,85.45454545454545,70.0,40.90909090909091,52.72727272727273,30.909090909090907,21.75925925925926,37.27272727272727,56.88073394495412,40.909090909090914,58.79629629629629,23.636363636363644,53.211009174311926,66.36363636363637,62.727272727272734,35.45454545454545,47.272727272727266,70.9090909090909,18.867924528301888,35.45454545454545,71.02803738317758,76.36363636363637,49.54545454545454,77.72727272727272,46.81818181818181,26.334175084175083,47.0767306088407,49.852693602693606,38.42368640533778,64.54545454545456,41.36363636363636,44.888507718696395,53.241291418861515,76.36363636363637,49.54545454545454
Jose Aldo,Men’s Featherweight,8,2.36271676300578,0.40722291407222916,3.236994219653179,0.3950617283950617,1.199421965317919,0.7443946188340808,0.9537572254335259,0.7213114754098361,0.4913294797687861,0.9066666666666666,1.01878612716763,0.8597560975609756,3.786127167630058,0.4957426679280984,3.9161849710982657,0.42710795902285265,0.15895953757225434,0.8461538461538461,0.4263005780346821,0.855072463768116,0.10838150289017341,0.8333333333333334,0.8670520231213873,0.8391608391608392,0.5347593582887701,0.13869625520110956,0.26734104046242774,0.8409090909090909,1.2933526011560692,0.8443396226415094,1.0,42.72727272727273,54.54545454545454,31.818181818181817,48.18181818181819,84.54545454545455,62.96296296296296,35.45454545454545,46.788990825688074,40.0,87.03703703703704,17.272727272727284,34.86238532110091,60.0,72.72727272727273,34.54545454545453,56.36363636363636,20.0,86.79245283018868,13.636363636363642,9.345794392523365,55.45454545454545,59.09090909090909,48.63636363636363,40.0,73.75420875420875,41.121768140116764,63.51851851851852,26.0675562969141,66.36363636363637,45.454545454545446,53.39622641509434,11.491079014443503,55.45454545454545,59.09090909090909
Jose Delgado,Men’s Featherweight,5,3.553719008264463,0.44675324675324674,2.8512396694214877,0.4046920821114369,1.7768595041322315,0.7610619469026548,0.5165289256198348,0.7352941176470589,0.7231404958677686,0.8974358974358975,0.8057851239669421,0.6842105263157895,4.75206611570248,0.5043859649122807,3.8016528925619837,0.45544554455445546,0.6198347107438017,0.7692307692307693,0.2272727272727273,0.6470588235294118,0.6818181818181819,0.7857142857142857,0.14462809917355374,0.6363636363636364,1.3651877133105803,0.49504950495049505,1.3016528925619835,0.7777777777777778,0.37190082644628103,0.6428571428571429,1.0,82.72727272727273,69.0909090909091,43.63636363636363,43.63636363636363,97.27272727272728,68.51851851851852,81.81818181818181,35.77981651376147,64.54545454545455,84.25925925925925,28.181818181818176,84.40366972477064,85.45454545454545,78.18181818181819,40.90909090909091,40.90909090909091,86.36363636363636,66.0377358490566,76.36363636363636,72.89719626168224,84.54545454545455,49.54545454545454,75.9090909090909,43.63636363636363,82.89562289562289,58.79899916597164,74.4023569023569,56.292743953294405,81.81818181818181,40.90909090909091,76.20068610634648,74.63041631265929,84.54545454545455,49.54545454545454
Sean Woodson,Men’s Featherweight,8,3.407665505226481,0.3904191616766467,2.048780487804878,0.29742033383915023,0.9825783972125435,0.6619718309859155,1.0348432055749128,0.61875,0.8780487804878049,0.84,1.0034843205574913,0.732824427480916,4.881533101045296,0.45295829291949563,3.700348432055749,0.3982002249718785,0.3240418118466899,0.8157894736842105,0.30313588850174217,0.6590909090909091,0.0627177700348432,0.75,0.08362369337979093,0.47058823529411764,0.3968253968253968,0.5115089514066496,0.3867595818815331,0.8043478260869565,0.3867595818815331,0.6065573770491803,1.0,80.0,45.45454545454545,65.45454545454545,87.27272727272727,68.18181818181817,41.66666666666667,27.272727272727284,76.14678899082568,73.63636363636363,66.66666666666666,18.181818181818176,73.39449541284402,88.18181818181819,60.0,43.63636363636363,70.9090909090909,31.818181818181817,79.24528301886792,74.54545454545455,79.43925233644859,48.18181818181818,48.18181818181819,62.72727272727273,76.36363636363636,54.92424242424242,51.70975813177648,70.15151515151514,45.7881567973311,74.0909090909091,57.272727272727266,55.53173241852487,76.99235344095158,48.18181818181818,48.18181818181819
William Gomis,Men’s Featherweight,7,1.3387622149837135,0.33578431372549017,1.0749185667752443,0.23706896551724138,0.9185667752442997,0.6064516129032258,0.8110749185667753,0.6859504132231405,0.9381107491856678,0.8727272727272727,0.7133550488599348,0.6759259259259259,2.648208469055375,0.4524207011686144,2.1302931596091206,0.34548335974643424,0.5179153094462541,0.7681159420289855,0.39087947882736157,0.7547169811320755,0.02931596091205212,0.6,0.07817589576547232,0.8888888888888888,0.0,0.0,0.5472312703583062,0.7567567567567568,0.4690553745928339,0.7741935483870968,1.0,15.454545454545453,24.545454545454547,90.9090909090909,98.18181818181817,60.909090909090914,25.0,50.0,58.715596330275226,77.27272727272727,77.77777777777779,33.63636363636364,85.32110091743118,30.0,59.09090909090909,80.0,90.0,46.36363636363636,60.37735849056604,62.72727272727272,26.635514018691584,20.0,80.9090909090909,20.0,94.54545454545453,42.95454545454545,54.35779816513761,77.52525252525253,59.47873227689741,44.54545454545455,85.0,53.3704974271012,44.68139337298215,20.0,80.9090909090909
Giga Chikadze,Men’s Featherweight,8,2.276713799892608,0.3281733746130031,2.7492393055306965,0.3516483516483517,1.063182387685699,0.6513157894736842,0.7195274744943619,0.5677966101694916,0.5906568820476106,0.8461538461538461,0.5584392339359228,0.7428571428571429,3.74798639699302,0.41646778042959426,3.74798639699302,0.3943502824858757,0.03221764811168785,0.42857142857142855,0.05369608018614642,0.8333333333333334,0.15034902452120996,0.7777777777777778,0.22552353678181494,0.84,1.092896174863388,0.5333333333333333,0.1825666726328978,0.68,0.2792196169679614,0.8387096774193549,1.0,40.0,20.0,46.36363636363637,67.27272727272728,75.45454545454545,38.88888888888889,59.09090909090909,83.48623853211008,50.90909090909091,68.98148148148148,50.90909090909091,70.64220183486238,59.09090909090909,41.81818181818181,42.72727272727273,73.63636363636364,14.545454545454545,34.90566037735849,85.45454545454545,10.280373831775696,79.0909090909091,47.272727272727266,30.0,56.81818181818183,57.17171717171718,71.2885738115096,59.945286195286194,60.77564637197664,50.45454545454545,58.18181818181819,24.725557461406517,47.86745964316057,79.0909090909091,47.272727272727266
Darren Elkins,Men’s Featherweight,8,2.4857728203960847,0.364,3.3598907352606417,0.4939759036144578,0.4507170498520373,0.7674418604651163,0.559981789210107,0.7735849056603774,0.027316184839517414,0.5,0.4234008650125199,0.8857142857142857,1.9394491236057363,0.32272727272727275,2.5267470976553605,0.44794188861985473,0.5736398816298657,0.6885245901639344,0.7102208058274527,0.7647058823529411,0.4507170498520373,0.717391304347826,1.1063054860004553,0.7714285714285715,0.0,0.6289308176100629,1.024356931481903,0.7009345794392523,1.816526291827908,0.7687861271676301,1.0,51.81818181818182,38.18181818181819,28.181818181818176,17.272727272727284,20.0,70.83333333333334,77.27272727272727,21.100917431192663,3.6363636363636362,9.25925925925926,71.81818181818181,26.14678899082569,19.090909090909093,9.090909090909092,69.0909090909091,46.36363636363637,71.81818181818181,45.28301886792453,7.272727272727269,31.775700934579437,20.0,42.72727272727273,45.0,22.72727272727273,45.41666666666667,49.18682235195996,6.447811447811448,48.98248540450375,14.090909090909093,57.727272727272734,58.550600343053176,19.524214103653353,20.0,42.72727272727273
Muhammad Naimov,Men’s Featherweight,7,1.380836468245187,0.31419939577039274,1.128568267315778,0.3794642857142857,0.5045364018588183,0.6229508196721312,0.9559637087851295,0.7659574468085106,0.43815003319318435,0.825,0.7700818765213543,0.8169014084507042,1.6198273954414695,0.3536231884057971,1.9252046913033858,0.4882154882154882,0.38504093826067715,0.6590909090909091,0.7966364239876079,0.7692307692307693,0.3186545695950432,0.5581395348837209,0.132772737331268,0.7142857142857143,0.5714285714285714,0.46511627906976744,0.7036955078557203,0.6091954022988506,0.9294091613188759,0.7608695652173914,1.0,17.272727272727273,15.454545454545453,88.18181818181819,54.54545454545455,24.545454545454547,28.703703703703702,34.54545454545453,27.522935779816514,35.45454545454545,60.18518518518518,30.000000000000004,49.54128440366972,14.545454545454545,16.363636363636363,83.63636363636363,24.545454545454536,53.63636363636364,16.9811320754717,30.90909090909091,32.710280373831786,57.27272727272727,51.81818181818181,16.363636363636363,71.36363636363637,26.624579124579125,31.034195162635523,47.819865319865315,39.77064220183486,15.454545454545453,54.09090909090908,35.30874785591767,31.80968564146135,57.27272727272727,51.81818181818181
Josh Emmett,Men’s Featherweight,8,2.0291216533583842,0.2535211267605634,3.71066228276186,0.38839724680432647,0.6669798027242837,0.5634920634920635,0.6763738844527947,0.6666666666666666,0.3287928604978863,0.8536585365853658,0.6294034758102396,0.788235294117647,2.8088304368248003,0.30479102956167176,4.189760450915923,0.4099264705882353,0.0751526538280883,0.4444444444444444,0.2724283701268201,0.7837837837837838,0.14091122592766556,0.75,0.5542508219821513,0.6941176470588235,0.6211180124223602,0.5617977528089888,0.21606387975575386,0.6052631578947368,0.8266791921089713,0.7213114754098361,1.0,31.818181818181817,6.363636363636363,18.181818181818176,50.0,39.09090909090909,13.88888888888889,64.54545454545455,66.97247706422017,20.909090909090907,70.37037037037037,43.63636363636363,56.88073394495412,35.45454545454545,5.454545454545454,29.090909090909097,63.63636363636363,17.272727272727273,16.037735849056602,37.27272727272727,49.53271028037384,61.81818181818181,45.45454545454545,19.09090909090909,34.090909090909086,26.48989898989899,65.75896580483736,45.63973063973064,50.25854879065888,20.454545454545453,46.36363636363637,16.655231560891938,43.40271877655056,61.81818181818181,45.45454545454545
Luke Riley,Men’s Featherweight,3,4.501061571125265,0.5145631067961165,2.6751592356687897,0.32642487046632124,1.7409766454352442,0.8541666666666666,0.7643312101910827,0.6666666666666666,0.4246284501061571,0.7692307692307693,0.4246284501061571,0.7142857142857143,5.477707006369426,0.548936170212766,3.4819532908704884,0.3813953488372093,0.721868365180467,0.8947368421052632,0.21231422505307854,0.38461538461538464,0.46709129511677283,0.8461538461538461,0.16985138004246284,0.6666666666666666,1.2738853503184713,0.0,1.1889596602972399,0.875,0.38216560509554137,0.47368421052631576,1.0,90.9090909090909,90.0,48.18181818181819,77.27272727272727,96.36363636363636,85.18518518518519,52.72727272727273,66.97247706422017,33.63636363636363,32.870370370370374,70.9090909090909,78.89908256880733,92.72727272727272,89.0909090909091,47.272727272727266,80.0,79.0909090909091,90.56603773584906,75.45454545454545,93.45794392523364,80.9090909090909,80.9090909090909,90.45454545454545,62.72727272727273,90.77441077441077,59.84987489574645,33.253367003367,74.90408673894912,90.9090909090909,63.63636363636363,84.82847341337907,84.45624468988954,80.9090909090909,80.9090909090909
Yadier del Valle,Men’s Featherweight,4,0.5413533834586466,0.32432432432432434,0.3157894736842105,0.2692307692307692,0.40601503759398494,1.0,0.13533834586466165,0.15,0.3157894736842105,0.4666666666666667,0.45112781954887216,0.8333333333333334,0.7218045112781954,0.3333333333333333,0.6766917293233082,0.30612244897959184,0.09022556390977443,1.0,0.0,,0.45112781954887216,0.9090909090909091,0.22556390977443608,0.5555555555555556,3.5714285714285716,0.0,0.5413533834586466,0.9230769230769231,0.22556390977443608,0.5555555555555556,1.0,4.545454545454546,19.090909090909093,97.27272727272727,90.9090909090909,17.272727272727273,96.75925925925925,95.45454545454545,99.08256880733944,19.090909090909093,5.555555555555555,66.36363636363636,44.4954128440367,6.363636363636363,11.363636363636363,96.36363636363636,96.36363636363636,45.45454545454545,94.33962264150944,88.18181818181819,89.25233644859813,95.45454545454545,80.9090909090909,11.81818181818182,94.0909090909091,57.01599326599326,97.26855713094244,12.323232323232325,55.429524603836526,8.863636363636363,96.36363636363636,69.89708404802744,88.71707731520816,95.45454545454545,80.9090909090909
Jamall Emmers,Men’s Featherweight,8,2.8944302027499416,0.391304347826087,2.4050337916569564,0.35610766045548653,1.5940340247028666,0.7169811320754716,0.657189466324866,0.6619718309859155,0.657189466324866,0.6351351351351351,0.7271032393381496,0.6265060240963856,4.068981589373107,0.44157814871016693,3.188068049405733,0.39652173913043476,0.6012584479142391,0.7678571428571429,0.43346539268235845,0.6458333333333334,0.4754136564903286,0.723404255319149,0.16779305523188068,0.8571428571428571,0.8152173913043478,0.36900369003690037,1.0766721044045677,0.7475728155339806,0.6012584479142391,0.6935483870967742,1.0,62.727272727272734,46.36363636363636,56.36363636363636,65.45454545454545,94.54545454545455,57.407407407407405,68.18181818181819,70.64220183486238,57.27272727272727,12.037037037037036,32.727272727272734,88.07339449541284,73.63636363636363,51.81818181818182,52.72727272727273,72.72727272727272,74.54545454545455,58.490566037735846,54.54545454545455,57.94392523364486,69.0909090909091,54.54545454545455,54.54545454545455,60.90909090909091,75.97643097643098,69.41201000834027,34.65488215488215,60.40033361134279,62.72727272727272,62.72727272727272,66.5180102915952,56.244689889549704,69.0909090909091,54.54545454545455
Miles Johns,Men’s Featherweight,8,2.3211963589076725,0.35051546391752575,1.8433029908972691,0.30288461538461536,0.3901170351105332,0.7142857142857143,0.6827048114434331,0.56,0.31209362808842656,0.8421052631578947,0.49739921976592977,0.5862068965517241,2.8576072821846554,0.39755766621438265,2.633289986996099,0.34438775510204084,0.10728218465539661,0.44,0.3315994798439532,0.8095238095238095,0.05851755526657997,0.5454545454545454,0.05851755526657997,0.6,0.3225806451612903,0.0,0.1657997399219766,0.4722222222222222,0.3901170351105332,0.7692307692307693,1.0,40.909090909090914,31.818181818181817,73.63636363636364,85.45454545454545,14.545454545454545,56.018518518518526,61.81818181818181,84.86238532110092,18.181818181818183,67.5925925925926,57.27272727272727,89.90825688073393,37.27272727272727,30.0,65.45454545454545,90.9090909090909,12.727272727272727,7.547169811320755,71.81818181818181,29.906542056074773,43.63636363636363,80.9090909090909,36.36363636363637,79.54545454545455,35.28198653198653,73.34028356964137,42.88720538720539,73.5904920767306,33.63636363636364,78.18181818181819,10.137221269296742,50.86236193712829,43.63636363636363,80.9090909090909
Danny Silva,Men’s Featherweight,4,2.672385351369185,0.39823008849557523,3.563180468492247,0.3082191780821918,0.8116133289343451,0.7068965517241379,1.2471131639722863,0.6428571428571429,0.7126360936984494,0.8372093023255814,0.4948861761794787,0.8333333333333334,4.038271197624546,0.4834123222748815,5.047838997030683,0.36743515850144093,0.1187726822830749,0.42857142857142855,0.25734081161332895,0.7222222222222222,0.0395908940943583,0.5,0.0,,0.9433962264150944,0.0,0.1583635763774332,0.4444444444444444,0.25734081161332895,0.7222222222222222,1.0,54.54545454545454,49.09090909090909,22.727272727272723,84.54545454545455,47.27272727272727,53.70370370370371,16.363636363636363,72.47706422018348,63.63636363636363,65.74074074074075,58.18181818181818,44.4954128440367,70.9090909090909,68.18181818181817,16.363636363636363,86.36363636363636,11.818181818181818,6.132075471698113,87.27272727272727,48.5981308411215,75.45454545454545,80.9090909090909,51.81818181818181,53.63636363636363,50.48821548821549,44.42035029190992,64.6885521885522,51.33861551292744,69.54545454545453,51.36363636363636,8.975128644939966,67.93542905692439,75.45454545454545,80.9090909090909
Daniel Santos,Men’s Featherweight,6,3.4343434343434347,0.3385490753911807,3.8095238095238098,0.4292682926829268,1.13997113997114,0.6475409836065574,1.0822510822510822,0.75,0.5772005772005773,0.7017543859649122,0.4906204906204906,0.8947368421052632,3.9393939393939394,0.35316946959896506,4.94949494949495,0.48241912798874825,0.46176046176046176,0.7619047619047619,0.28860028860028863,0.6666666666666666,0.7503607503607503,0.7761194029850746,0.14430014430014432,0.8333333333333334,0.5602240896358543,0.5361930294906166,1.2121212121212122,0.7706422018348624,0.4329004329004329,0.7142857142857143,1.0,80.9090909090909,26.36363636363636,15.454545454545455,32.727272727272734,81.81818181818183,35.18518518518518,24.545454545454536,31.651376146788998,49.09090909090909,17.59259259259259,59.09090909090909,22.935779816513765,68.18181818181817,14.545454545454545,17.272727272727284,26.363636363636363,80.9090909090909,64.15094339622641,68.18181818181819,52.33644859813084,56.36363636363636,46.36363636363637,53.63636363636363,24.090909090909093,58.5016835016835,28.09841534612177,33.341750841750844,41.013344453711426,41.36363636363636,21.818181818181824,72.53001715265866,60.259133389974515,56.36363636363636,46.36363636363637
Christian Rodriguez,Men’s Featherweight,8,2.9736129905277404,0.46656050955414013,2.009472259810555,0.3613138686131387,0.7408660351826793,0.8690476190476191,0.6495263870094723,0.7032967032967034,0.38565629228687415,0.8636363636363636,0.45669824086603517,0.625,2.709742895805142,0.46678321678321677,2.344384303112314,0.37993421052631576,0.7510148849797024,0.7628865979381443,0.39580514208389717,0.6724137931034483,0.6393775372124493,0.7241379310344828,0.3755074424898512,0.8222222222222222,0.24752475247524752,0.0,1.3903924221921515,0.7445652173913043,0.7713125845737483,0.7378640776699029,1.0,66.36363636363637,77.27272727272727,67.27272727272728,64.54545454545455,44.54545454545455,87.03703703703704,69.0909090909091,54.12844036697248,30.0,75.92592592592592,65.45454545454545,88.99082568807339,31.818181818181817,64.54545454545455,75.45454545454545,80.9090909090909,90.0,57.54716981132076,41.81818181818181,45.79439252336449,41.81818181818181,80.9090909090909,71.81818181818181,65.9090909090909,65.79124579124579,61.60967472894079,52.96296296296296,77.22268557130943,48.18181818181818,78.18181818181819,73.77358490566039,43.80628717077315,41.81818181818181,80.9090909090909
Kaan Ofli,Men’s Featherweight,5,1.0502283105022832,0.3129251700680272,1.9634703196347034,0.3426294820717131,0.9132420091324202,0.8,0.8219178082191781,0.6792452830188679,0.5251141552511416,0.7419354838709677,0.3881278538812786,0.9444444444444444,1.7579908675799087,0.41847826086956524,2.625570776255708,0.40636042402826855,0.5707762557077626,0.7352941176470589,0.27397260273972607,0.8,0.15981735159817353,0.7,0.27397260273972607,0.5,0.9174311926605505,1.4388489208633093,0.7305936073059361,0.7272727272727273,0.5479452054794521,0.6153846153846154,1.0,12.727272727272727,13.636363636363635,70.0,71.81818181818181,60.0,77.77777777777779,49.090909090909086,60.55045871559633,42.72727272727273,22.22222222222222,76.36363636363636,14.678899082568797,17.272727272727273,43.63636363636363,67.27272727272728,66.36363636363636,56.36363636363636,52.83018867924528,56.36363636363636,76.63551401869158,73.18181818181819,17.272727272727284,13.18181818181818,70.9090909090909,68.88888888888889,54.82068390325271,32.474747474747474,45.52126772310258,30.454545454545453,66.81818181818181,54.59691252144082,66.49957519116397,73.18181818181819,17.272727272727284
Jordan Leavitt,Men’s Featherweight,8,0.6401896858328393,0.41379310344827586,0.6757557794902194,0.24675324675324675,0.6224066390041494,0.45454545454545453,0.7646710136336692,0.7678571428571429,1.2092471843509187,0.8831168831168831,0.2845287492590397,0.4,1.938352104327208,0.558974358974359,1.2803793716656786,0.3257918552036199,0.32009484291641965,0.6923076923076923,0.21339656194427978,0.9230769230769231,0.21339656194427978,0.6,0.23117960877296975,0.8125,0.7194244604316546,0.0,0.5334914048606995,0.6521739130434783,0.44457617071724953,0.8620689655172413,1.0,5.454545454545454,55.90909090909091,94.54545454545455,96.36363636363636,31.818181818181817,6.018518518518518,51.81818181818181,25.68807339449541,84.54545454545455,80.55555555555556,84.54545454545455,97.24770642201834,18.181818181818183,90.9090909090909,90.9090909090909,93.63636363636364,44.54545454545455,25.943396226415093,66.36363636363636,6.5420560747663545,65.45454545454545,80.9090909090909,30.68181818181818,95.45454545454545,18.918350168350166,38.75312760633861,82.55050505050505,90.89658048373644,54.54545454545455,92.27272727272728,35.24442538593482,36.452846219201355,65.45454545454545,80.9090909090909
Tommy McMillen,Men’s Featherweight,2,13.537284894837477,0.4478178368121442,3.5564053537284894,0.34065934065934067,4.3021032504780115,0.7425742574257426,0.5736137667304015,0.5,0.8604206500956023,0.7894736842105263,0.2294455066921606,0.6666666666666666,16.978967495219884,0.49581239530988275,4.3021032504780115,0.3694581280788177,1.147227533460803,0.5714285714285714,0.05736137667304015,0.2,0.5736137667304015,0.6666666666666666,0.0,,0.9202453987730062,0.0,1.7208413001912046,0.6,0.05736137667304015,0.2,1.0,100.0,70.9090909090909,23.636363636363644,72.72727272727272,100.0,61.111111111111114,75.45454545454545,93.57798165137613,72.72727272727273,43.98148148148148,88.18181818181819,86.23853211009174,100.0,73.63636363636363,26.363636363636363,85.45454545454545,93.63636363636364,15.09433962264151,94.54545454545455,98.13084112149532,74.54545454545455,80.9090909090909,85.45454545454545,48.18181818181818,80.55555555555556,84.5162635529608,58.35437710437711,87.21017514595496,86.81818181818181,55.90909090909091,54.36535162950258,96.33814783347493,74.54545454545455,80.9090909090909
Marwan Rahiki,Men’s Featherweight,2,5.788787483702738,0.4900662251655629,3.0508474576271185,0.29545454545454547,1.5645371577574967,0.625,1.0951760104302477,0.7368421052631579,1.4080834419817472,0.8571428571428571,1.6427640156453716,0.75,8.370273794002607,0.5459183673469388,5.788787483702738,0.4157303370786517,0.15645371577574968,0.5,0.0,0.0,0.23468057366362452,0.75,0.0,,0.8928571428571429,0.0,0.39113428943937417,0.625,0.0,0.0,1.0,98.18181818181819,84.54545454545455,36.36363636363636,88.18181818181819,91.81818181818183,30.555555555555557,22.727272727272723,34.86238532110091,91.81818181818183,72.68518518518519,6.363636363636362,66.97247706422017,99.0909090909091,86.36363636363636,10.909090909090908,61.81818181818181,32.72727272727273,20.28301886792453,98.18181818181817,99.53271028037383,71.81818181818181,80.9090909090909,91.36363636363637,62.27272727272727,61.18686868686869,28.794829024186818,82.25168350168352,36.668056713928266,92.72727272727272,36.36363636363636,26.50514579759863,98.857264231096,71.81818181818181,80.9090909090909
Jack Jenkins,Men’s Featherweight,6,2.387929149354909,0.47643979057591623,1.823748086595233,0.3293838862559242,1.1283621255193528,0.8037383177570093,0.8528318390553247,0.5909090909090909,1.1283621255193528,0.8269230769230769,0.6166630220861579,0.7230769230769231,3.555652744369123,0.569327731092437,2.4272906188497703,0.3641732283464567,0.48545812376995406,0.8043478260869565,0.4592171441067133,0.660377358490566,0.6035425322545375,0.647887323943662,0.4067351847802318,0.8611111111111112,0.847457627118644,0.0,1.0890006560244916,0.7094017094017094,0.8659523288869451,0.7415730337078652,1.0,44.54545454545455,81.81818181818183,75.45454545454545,75.45454545454545,80.9090909090909,79.62962962962963,44.54545454545455,80.73394495412843,83.63636363636363,61.111111111111114,44.54545454545455,76.14678899082568,53.63636363636364,91.81818181818183,70.0,88.18181818181819,75.45454545454545,47.16981132075472,34.54545454545453,42.990654205607484,70.0,80.9090909090909,63.18181818181819,75.45454545454545,80.26936026936028,62.63969974979149,72.37373737373737,60.346121768140115,72.72727272727273,79.0909090909091,61.312178387650086,38.76805437553101,70.0,80.9090909090909
Dan Ige,Men’s Featherweight,8,2.141715503462973,0.375,2.4400639318060735,0.40316901408450706,0.6499733617474694,0.6161616161616161,0.6819392647842302,0.6274509803921569,0.4368673415023975,0.8541666666666666,0.4049014384656367,0.76,2.6212040490143846,0.41414141414141414,2.781033564198189,0.42028985507246375,0.24507192328183272,0.5897435897435898,0.5753862546616942,0.7397260273972602,0.36228023441662227,0.68,0.17048481619605754,0.6153846153846154,0.9900990099009901,0.3021148036253776,0.607352157698455,0.6404494382022472,0.7458710708577517,0.7070707070707071,1.0,36.36363636363637,40.0,54.54545454545455,45.45454545454545,36.36363636363637,26.851851851851855,62.72727272727272,74.31192660550458,34.54545454545455,71.29629629629629,75.45454545454545,63.30275229357798,26.36363636363636,40.0,62.72727272727272,59.09090909090909,50.0,22.641509433962266,43.63636363636363,53.27102803738318,77.27272727272727,57.27272727272727,38.18181818181819,50.0,31.60774410774411,68.51959966638864,52.92087542087542,69.37864887406172,33.18181818181818,60.90909090909091,36.320754716981135,48.45369583687341,77.27272727272727,57.27272727272727
Lerryan Douglas,Men’s Featherweight,1,5.070422535211268,0.4864864864864865,3.6619718309859155,0.325,0.8450704225352114,1.0,0.5633802816901409,1.0,2.2535211267605635,1.0,0.5633802816901409,0.5,7.042253521126761,0.6410256410256411,4.507042253521127,0.35555555555555557,0.5633802816901409,0.3333333333333333,0.28169014084507044,1.0,0.5633802816901409,0.6666666666666666,0.0,,6.896551724137931,0.0,1.1267605633802817,0.4444444444444444,0.28169014084507044,1.0,1.0,96.36363636363636,83.63636363636363,20.90909090909091,78.18181818181819,50.90909090909091,96.75925925925925,76.36363636363636,3.2110091743119176,100.0,96.29629629629629,50.0,94.95412844036697,98.18181818181819,99.0909090909091,20.90909090909091,89.0909090909091,77.27272727272727,6.132075471698113,84.54545454545455,1.4018691588785024,99.0909090909091,80.9090909090909,90.0,49.54545454545455,73.83417508417509,39.787322768974136,98.14814814814815,72.47706422018348,98.63636363636364,55.0,41.70240137221269,42.97366185216652,99.0909090909091,80.9090909090909
Gaston Bolanos,Men’s Featherweight,5,1.7223295611371792,0.3333333333333333,2.8319072591774774,0.41504854368932037,1.1261385592050788,0.68,0.6293127242616616,0.7450980392156863,1.0598951145459563,0.7619047619047619,0.08280430582390284,0.5,3.1631244824730884,0.4462616822429907,3.0968810378139664,0.4279176201372998,0.1656086116478057,0.7692307692307693,0.2152911951421474,0.7647058823529411,0.5796301407673199,0.6363636363636364,0.23185205630692796,0.7368421052631579,0.0,0.4672897196261682,0.7452387524151256,0.6617647058823529,0.44714325144907535,0.75,1.0,23.636363636363637,22.727272727272727,44.54545454545455,38.18181818181817,80.0,48.148148148148145,70.9090909090909,33.02752293577981,81.81818181818183,26.851851851851855,96.36363636363636,94.95412844036697,45.45454545454545,54.54545454545454,54.54545454545455,55.45454545454545,59.09090909090909,29.245283018867923,65.45454545454545,37.850467289719624,20.0,50.90909090909091,23.18181818181818,41.36363636363636,64.07407407407408,51.96830692243536,54.335016835016845,95.65888240200167,50.0,55.0,44.16809605488851,51.652506372132535,20.0,50.90909090909091
Murtazali Magomedov,Men’s Featherweight,1,2.3376623376623376,0.6,0.0,0.0,0.0,,2.3376623376623376,1.0,1.5584415584415583,1.0,0.0,0.0,3.8961038961038956,1.0,2.3376623376623376,0.23076923076923078,0.0,,0.0,,0.0,0.0,0.0,,0.0,0.0,0.0,0.0,0.0,,1.0,41.81818181818181,97.27272727272728,99.54545454545455,99.54545454545455,1.3636363636363635,,3.6363636363636287,3.2110091743119176,93.63636363636364,96.29629629629629,99.0909090909091,99.54128440366972,65.45454545454545,100.0,77.27272727272727,100.0,3.1818181818181817,1.4150943396226416,98.18181818181817,,20.0,80.9090909090909,69.54545454545455,99.54545454545455,1.3636363636363635,3.423686405337773,94.96632996632997,99.31609674728941,82.72727272727272,88.63636363636363,2.2984562607204118,98.18181818181817,20.0,80.9090909090909
Keiichiro Nakamura,Men’s Featherweight,1,1.5217391304347825,0.2441860465116279,3.4057971014492754,0.31333333333333335,0.7971014492753623,0.6111111111111112,1.7391304347826086,0.5217391304347826,0.9420289855072463,0.8666666666666667,0.5797101449275363,1.0,2.971014492753623,0.36607142857142855,5.652173913043478,0.38613861386138615,0.07246376811594203,0.3333333333333333,0.07246376811594203,1.0,0.21739130434782608,0.75,0.0,0.0,2.2222222222222223,0.0,0.2898550724637681,0.5714285714285714,0.07246376811594203,0.5,1.0,19.090909090909093,4.545454545454546,27.272727272727284,81.81818181818181,46.36363636363636,25.925925925925924,5.454545454545456,88.99082568807339,78.18181818181819,76.85185185185185,49.090909090909086,5.963302752293578,40.909090909090914,20.0,11.818181818181815,75.45454545454545,20.909090909090907,14.150943396226415,93.63636363636364,92.05607476635514,91.81818181818183,80.9090909090909,11.81818181818182,54.54545454545455,36.14478114478114,47.22268557130942,77.51683501683502,27.527105921601333,30.454545454545457,43.63636363636363,17.53001715265866,92.84621920135939,91.81818181818183,80.9090909090909
Rodrigo Vera,Men’s Featherweight,1,7.090909090909091,0.65,1.090909090909091,0.25,0.5454545454545455,1.0,1.090909090909091,1.0,1.6363636363636365,0.375,1.6363636363636365,0.75,3.8181818181818183,0.4375,3.8181818181818183,0.5,0.5454545454545455,0.5,0.0,,4.909090909090909,0.8181818181818182,0.0,,5.882352941176471,0.0,5.454545454545455,0.7692307692307693,0.0,,1.0,99.0909090909091,100.0,89.0909090909091,95.0,28.18181818181818,96.75925925925925,23.636363636363644,3.2110091743119176,95.0,4.166666666666666,7.727272727272736,66.97247706422017,63.18181818181819,50.0,39.54545454545454,20.000000000000004,100.0,62.735849056603776,98.18181818181817,,98.18181818181819,80.9090909090909,99.54545454545455,92.04545454545455,62.47053872053871,13.423686405337781,49.583333333333336,37.34987489574645,56.59090909090909,29.772727272727273,81.36792452830188,98.18181818181817,98.18181818181819,80.9090909090909
Ezra Elliott,Men’s Featherweight,1,0.26666666666666666,0.5,0.3333333333333333,0.3125,0.06666666666666667,0.5,0.13333333333333333,1.0,0.06666666666666667,1.0,0.0,0.0,0.13333333333333333,0.3333333333333333,0.13333333333333333,0.25,0.0,0.0,0.2,0.75,0.26666666666666666,1.0,0.13333333333333333,0.25,0.0,0.0,0.26666666666666666,0.8,0.3333333333333333,0.4166666666666667,1.0,2.727272727272727,86.81818181818181,96.36363636363636,82.72727272727272,3.6363636363636362,8.333333333333332,96.81818181818181,3.2110091743119176,5.909090909090909,96.29629629629629,99.0909090909091,99.54128440366972,1.3636363636363635,11.363636363636363,99.54545454545455,99.0909090909091,19.090909090909093,76.88679245283019,79.0909090909091,94.39252336448598,20.0,80.9090909090909,44.77272727272727,89.54545454545453,5.984848484848484,50.01459549624686,51.1026936026936,99.31609674728941,6.363636363636363,99.31818181818181,47.98885077186964,86.74171622769754,20.0,80.9090909090909
Shane Collins,Men’s Featherweight,1,3.066666666666667,0.45098039215686275,2.533333333333333,0.5757575757575758,1.5333333333333334,0.8518518518518519,1.0,0.8823529411764706,0.4666666666666667,0.7777777777777778,0.3333333333333333,0.8333333333333334,4.4,0.528,2.7333333333333334,0.5857142857142857,0.6666666666666666,0.7692307692307693,1.1333333333333333,0.8947368421052632,0.0,,0.0,,0.0,0.0,0.6666666666666666,0.7692307692307693,1.1333333333333333,0.8947368421052632,1.0,71.81818181818181,71.81818181818181,51.81818181818181,5.454545454545456,90.9090909090909,84.25925925925925,30.90909090909091,7.339449541284401,38.63636363636363,37.96296296296296,81.81818181818181,44.4954128440367,80.9090909090909,83.63636363636363,63.63636363636363,3.6363636363636287,52.72727272727272,62.735849056603776,19.090909090909083,2.803738317757014,20.0,80.9090909090909,71.81818181818181,28.636363636363633,87.58417508417509,19.124270225187654,38.299663299663294,63.15679733110926,82.27272727272727,33.63636363636363,57.731560891938244,10.947323704333048,20.0,80.9090909090909
Marcio Barbosa,Men’s Featherweight,1,3.0,0.5,0.0,0.0,0.0,,1.5,0.5,0.0,,2.25,1.0,3.0,0.5,3.75,0.38461538461538464,0.0,,0.0,,0.0,,0.0,,25.0,0.0,0.0,,0.0,,1.0,67.27272727272727,86.81818181818181,99.54545454545455,99.54545454545455,1.3636363636363635,,12.727272727272721,93.57798165137613,1.8181818181818181,,0.9090909090909091,5.963302752293578,41.81818181818181,76.81818181818181,41.81818181818181,77.27272727272727,3.1818181818181817,,98.18181818181817,,100.0,80.9090909090909,77.04545454545453,99.54545454545455,1.3636363636363635,53.15262718932443,1.8181818181818181,3.4361968306922437,59.31818181818181,59.54545454545454,3.1818181818181817,98.18181818181817,100.0,80.9090909090909
Jose Delano,Men’s Featherweight,1,4.733333333333333,0.5378787878787878,2.6666666666666665,0.2684563758389262,2.2666666666666666,0.918918918918919,1.3333333333333333,0.625,0.13333333333333333,0.6666666666666666,0.4666666666666667,0.4117647058823529,5.6,0.5874125874125874,4.0,0.3191489361702128,1.5333333333333334,0.7931034482758621,0.4666666666666667,0.7,0.0,,0.0,,0.0,0.0,1.5333333333333334,0.7931034482758621,0.4666666666666667,0.7,1.0,93.63636363636364,93.63636363636364,50.0,91.81818181818181,98.18181818181819,92.5925925925926,14.545454545454549,75.22935779816513,9.090909090909092,15.277777777777779,62.27272727272727,96.3302752293578,93.63636363636364,96.36363636363636,33.63636363636364,94.54545454545455,91.81818181818183,74.52830188679245,64.0909090909091,54.67289719626169,20.0,80.9090909090909,93.63636363636364,70.9090909090909,95.3872053872054,44.887406171809836,12.184343434343436,79.30150125104254,95.0,64.0909090909091,83.17324185248714,59.38190314358539,20.0,80.9090909090909
Julian Erosa,Men’s Featherweight,8,4.171985220020154,0.40588235294117647,3.950285522337924,0.42701525054466233,1.2294255962378233,0.7721518987341772,0.9271078266711454,0.7540983606557377,0.564326503191132,0.7777777777777778,1.0480349344978166,0.8524590163934426,4.3130668458179375,0.4083969465648855,5.280483708431307,0.49433962264150944,1.0278804165267048,0.75,0.423244877393349,0.6363636363636364,0.6247900571044676,0.9393939393939394,0.22169969768223044,0.6111111111111112,0.0,1.3605442176870748,1.6526704736311724,0.8118811881188119,0.6449445750755795,0.6274509803921569,1.0,89.0909090909091,53.63636363636364,13.636363636363642,33.63636363636364,86.36363636363636,72.22222222222221,38.18181818181817,29.357798165137616,47.27272727272727,37.96296296296296,14.545454545454549,35.77981651376147,78.18181818181819,35.45454545454545,14.545454545454549,20.90909090909091,92.72727272727272,82.0754716981132,51.81818181818181,73.83177570093457,20.0,18.181818181818176,71.36363636363637,23.63636363636364,79.29292929292929,33.7698081734779,42.61784511784512,25.162635529608007,56.81818181818182,17.72727272727273,87.40137221269296,62.82497875955819,20.0,18.181818181818176
Morgan Charriere,Men’s Featherweight,6,2.412553121935273,0.39805825242718446,2.961752206603465,0.40591397849462363,0.9610983981693364,0.8448275862068966,0.5295848316443282,0.5192307692307693,0.6472703497875123,0.7674418604651163,1.0199411572409285,0.6933333333333334,3.5894083033671134,0.4854111405835544,3.8640078457012095,0.43680709534368073,0.2353710362863681,0.75,0.33344230140568815,0.6296296296296297,0.19614253023864006,0.5882352941176471,0.3138280483818241,0.7619047619047619,1.4634146341463414,0.8695652173913043,0.43151356652500816,0.6666666666666666,0.6472703497875123,0.6875,1.0,46.36363636363636,48.18181818181818,39.99999999999999,42.72727272727273,65.45454545454545,83.33333333333334,79.0909090909091,89.90825688073393,56.36363636363636,31.48148148148148,16.363636363636363,82.56880733944953,55.45454545454545,69.0909090909091,36.36363636363636,50.90909090909091,34.54545454545455,30.660377358490564,50.90909090909091,59.81308411214954,86.36363636363636,31.818181818181817,47.272727272727266,41.36363636363636,74.3939393939394,84.49958298582152,43.92255892255892,49.46622185154295,62.27272727272727,43.63636363636363,32.602915951972555,55.36108751062022,86.36363636363636,31.818181818181817
Aaron Pico,Men’s Featherweight,2,4.686648501362398,0.48044692737430167,1.743869209809264,0.463768115942029,0.871934604904632,0.8,0.9809264305177111,0.72,0.5994550408719346,1.0,0.38147138964577654,0.7,5.286103542234332,0.5187165775401069,2.343324250681199,0.4777777777777778,0.49046321525885556,0.6428571428571429,0.7084468664850135,1.0,0.38147138964577654,0.7777777777777778,0.0544959128065395,1.0,0.0,1.7543859649122806,0.871934604904632,0.6956521739130435,0.7629427792915531,1.0,1.0,92.72727272727272,82.72727272727273,77.27272727272727,25.454545454545457,55.45454545454545,77.77777777777779,31.818181818181817,47.70642201834862,51.81818181818182,96.29629629629629,79.0909090909091,81.65137614678899,89.0909090909091,82.72727272727273,76.36363636363636,32.727272727272734,67.27272727272727,40.56603773584906,42.72727272727273,1.4018691588785024,20.0,15.454545454545455,87.72727272727272,51.36363636363636,66.61616161616162,39.762301918265216,74.05723905723906,80.37114261884903,85.9090909090909,54.54545454545455,53.919382504288166,22.064570943075616,20.0,15.454545454545455
John Castaneda,Men’s Featherweight,8,3.034710743801653,0.4358974358974359,3.342148760330579,0.3795045045045045,0.8727272727272728,0.6376811594202898,1.0214876033057851,0.7253521126760564,1.4876033057851241,0.7894736842105263,0.6347107438016529,0.735632183908046,4.829752066115702,0.5126315789473684,4.363636363636364,0.43179587831207067,0.3570247933884298,0.6792452830188679,0.5851239669421487,0.6629213483146067,0.20826446280991737,0.7777777777777778,0.049586776859504134,0.5555555555555556,0.7352941176470589,0.5952380952380952,0.5652892561983471,0.7125,0.6347107438016529,0.6530612244897959,1.0,69.0909090909091,65.0,29.090909090909097,53.63636363636363,56.36363636363636,32.407407407407405,28.181818181818176,41.284403669724774,92.72727272727272,43.98148148148148,42.72727272727273,72.01834862385321,86.36363636363636,80.9090909090909,23.636363636363644,52.72727272727273,48.18181818181818,49.056603773584904,52.72727272727273,70.09345794392523,66.36363636363637,44.54545454545455,67.04545454545455,41.36363636363637,44.38552188552188,34.73311092577148,68.35437710437711,57.372810675562974,83.63636363636363,38.18181818181819,48.61921097770154,61.41036533559898,66.36363636363637,44.54545454545455
Bogdan Grad,Men’s Featherweight,4,2.2071881606765325,0.5403726708074534,1.9281183932346722,0.4318181818181818,0.5835095137420718,0.71875,0.507399577167019,0.8695652173913043,0.4566596194503171,0.75,0.40591966173361516,0.8421052631578947,1.3192389006342493,0.43333333333333335,2.359408033826638,0.48186528497409326,0.6088794926004227,0.7741935483870968,0.20295983086680758,0.7272727272727273,1.3192389006342493,0.7878787878787878,0.2790697674418604,0.7857142857142857,0.0,0.8928571428571429,1.9281183932346722,0.7835051546391752,0.48202959830866804,0.76,1.0,38.18181818181819,94.54545454545455,70.9090909090909,31.818181818181817,29.09090909090909,58.333333333333336,82.72727272727272,9.174311926605505,36.36363636363637,24.537037037037038,74.54545454545455,41.284403669724774,10.0,48.18181818181818,73.63636363636364,28.181818181818176,96.36363636363636,69.81132075471697,59.99999999999999,33.64485981308412,20.0,30.000000000000004,66.36363636363637,51.36363636363636,43.71212121212121,45.95079232693911,30.450336700336702,57.91492910758966,29.09090909090909,50.90909090909091,83.08747855917667,46.822429906542055,20.0,30.000000000000004
Javier Reyes,Men’s Featherweight,2,4.864864864864865,0.45918367346938777,1.837837837837838,0.53125,0.6486486486486487,0.6666666666666666,0.6486486486486487,0.6666666666666666,0.21621621621621623,0.6666666666666666,1.1891891891891893,0.9166666666666666,1.7297297297297298,0.23880597014925373,3.2432432432432434,0.6382978723404256,0.0,,0.0,0.0,4.0,0.8604651162790697,0.43243243243243246,0.8,1.8867924528301887,2.9411764705882355,4.0,0.8604651162790697,0.43243243243243246,0.6666666666666666,1.0,94.54545454545455,74.54545454545455,74.54545454545455,10.909090909090908,35.45454545454545,43.51851851851852,70.0,66.97247706422017,13.636363636363635,15.277777777777779,11.818181818181815,18.348623853211002,16.363636363636363,0.9090909090909091,50.90909090909091,2.727272727272722,99.0909090909091,87.73584905660378,69.0909090909091,66.35514018691589,90.0,8.181818181818189,84.54545454545455,42.72727272727273,39.486531986531986,68.4862385321101,14.457070707070706,15.083402835696408,8.636363636363637,26.818181818181813,93.41337907375643,67.72302463891249,90.0,8.181818181818189
Alberto Montes,Men’s Featherweight,2,3.4986945169712795,0.3806818181818182,10.391644908616188,0.41458333333333336,0.731070496083551,0.6666666666666666,2.8720626631853787,0.7971014492753623,0.3655352480417755,0.875,1.0443864229765014,0.8333333333333334,4.281984334203655,0.4120603015075377,13.263707571801568,0.46863468634686345,0.3133159268929504,1.0,0.6788511749347259,0.6190476190476191,0.0,,0.3655352480417755,0.7,0.0,0.7299270072992701,0.3133159268929504,1.0,1.0443864229765014,0.6451612903225806,1.0,81.81818181818183,42.72727272727273,0.9090909090909091,39.09090909090909,43.63636363636363,43.51851851851852,2.727272727272722,17.431192660550458,26.36363636363636,79.16666666666666,15.454545454545455,44.4954128440367,76.36363636363637,38.18181818181819,0.9090909090909091,37.27272727272727,23.636363636363637,97.64150943396226,23.636363636363644,71.96261682242991,20.0,35.45454545454545,62.27272727272728,20.0,43.57744107744108,10.07923269391159,52.76515151515151,29.974979149291077,57.27272727272728,19.09090909090909,60.63893653516295,47.799490229396774,20.0,35.45454545454545
Kai Kamaka III,Men’s Featherweight,2,2.936288088642659,0.452991452991453,5.096952908587258,0.36220472440944884,2.825484764542936,0.9107142857142857,2.880886426592798,0.8125,1.3296398891966759,0.8888888888888888,0.27700831024930744,0.7142857142857143,5.872576177285318,0.6162790697674418,5.3185595567867034,0.3764705882352941,1.2188365650969528,0.7857142857142857,2.7700831024930745,0.78125,0.0,,0.16620498614958448,0.5,0.0,1.342281879194631,1.2188365650969528,0.7857142857142857,2.936288088642659,0.7571428571428571,1.0,64.54545454545455,72.72727272727273,7.272727272727269,63.63636363636363,99.0909090909091,91.66666666666666,1.8181818181818157,12.844036697247695,90.0,83.33333333333334,85.45454545454545,78.89908256880733,95.45454545454545,98.18181818181819,13.636363636363642,82.72727272727272,81.81818181818183,70.75471698113208,2.727272727272722,34.57943925233645,20.0,19.090909090909083,68.63636363636364,35.45454545454545,95.37878787878788,7.331109257714756,86.66666666666667,82.17681401167638,96.81818181818181,48.18181818181818,76.28644939965696,18.653355989804584,20.0,19.090909090909083
Isaac Dulgarian,Men’s Featherweight,4,2.7439024390243905,0.6164383561643836,1.3719512195121952,0.5487804878048781,0.06097560975609757,1.0,0.15243902439024393,1.0,0.1829268292682927,1.0,0.12195121951219513,1.0,0.5792682926829269,0.4418604651162791,0.7926829268292683,0.48148148148148145,0.030487804878048783,1.0,0.30487804878048785,1.0,2.378048780487805,0.7090909090909091,0.5487804878048781,0.6666666666666666,0.0,0.0,2.408536585365854,0.7117117117117117,0.853658536585366,0.7567567567567568,1.0,56.36363636363636,98.18181818181819,83.63636363636363,9.090909090909081,2.727272727272727,96.75925925925925,94.54545454545455,3.2110091743119176,11.818181818181818,96.29629629629629,94.54545454545455,5.963302752293578,4.545454545454546,52.72727272727272,95.45454545454545,29.090909090909097,98.18181818181819,48.113207547169814,36.36363636363636,35.514018691588795,20.0,80.9090909090909,77.27272727272728,46.36363636363635,49.74326599326599,48.87823185988323,54.05723905723905,50.25437864887406,28.636363636363633,62.27272727272727,73.147512864494,35.938827527612574,20.0,80.9090909090909
JooSang Yoo,Men’s Featherweight,2,3.2664756446991405,0.4318181818181818,3.0945558739255015,0.4,0.8595988538681949,1.0,0.34383954154727797,0.25,2.2349570200573066,0.9285714285714286,1.5472779369627507,0.6923076923076923,6.017191977077364,0.5737704918032787,3.4383954154727796,0.37037037037037035,0.17191977077363899,1.0,0.0,0.0,0.17191977077363899,1.0,1.5472779369627507,0.8181818181818182,2.7027027027027026,3.4482758620689653,0.34383954154727797,1.0,1.5472779369627507,0.75,1.0,76.36363636363637,63.63636363636363,33.63636363636364,46.36363636363637,52.72727272727272,96.75925925925925,89.0909090909091,98.1651376146789,99.0909090909091,89.81481481481481,10.000000000000002,83.48623853211008,96.36363636363636,92.72727272727272,49.090909090909086,84.54545454545455,25.454545454545453,97.64150943396226,11.818181818181815,37.850467289719624,93.63636363636364,6.363636363636362,70.0,40.0,74.743265993266,93.628023352794,94.45286195286195,46.74311926605504,94.54545454545453,66.81818181818181,61.548027444253854,24.83432455395072,93.63636363636364,6.363636363636362
Andre Fili,Men’s Featherweight,8,3.098533360875852,0.34818941504178275,2.7514976244577567,0.4095940959409594,0.6568890725056806,0.6708860759493671,1.2270192109068374,0.7226277372262774,0.2850650692005784,0.7666666666666667,1.9210906837430282,0.8857142857142857,3.581904565172485,0.37242268041237114,5.093988845279901,0.5365535248041775,0.27267093575707496,0.6875,0.5205536046271432,0.7924528301886793,0.18591200165255112,0.7894736842105263,0.2850650692005784,0.6571428571428571,0.6134969325153374,0.6302521008403361,0.4585829374096261,0.7254901960784313,0.8056186738277215,0.7386363636363636,1.0,73.63636363636363,30.909090909090907,45.45454545454545,40.90909090909091,37.27272727272727,46.2962962962963,17.272727272727284,44.03669724770642,15.454545454545453,29.629629629629626,3.6363636363636287,26.14678899082569,54.54545454545454,21.818181818181817,15.454545454545455,10.000000000000002,39.09090909090909,51.886792452830186,39.09090909090909,44.859813084112155,60.909090909090914,41.81818181818181,52.272727272727266,43.18181818181818,41.784511784511785,30.654712260216854,22.54208754208754,14.89157631359466,38.18181818181818,12.727272727272728,45.488850771869636,41.97536108751062,60.909090909090914,41.81818181818181
Patricio Freire,Men’s Featherweight,2,1.6666666666666667,0.4166666666666667,2.066666666666667,0.35428571428571426,0.36666666666666664,0.7857142857142857,1.1,0.717391304347826,0.36666666666666664,0.8461538461538461,0.7333333333333333,0.88,1.9666666666666666,0.44696969696969696,2.7,0.4090909090909091,0.3,0.8181818181818182,0.16666666666666666,0.7142857142857143,0.13333333333333333,1.0,1.0333333333333334,0.7560975609756098,0.0,0.8547008547008547,0.43333333333333335,0.8666666666666667,1.2,0.75,1.0,22.727272727272727,58.63636363636363,64.54545454545455,66.36363636363636,12.727272727272727,75.92592592592592,21.818181818181817,48.62385321100918,27.727272727272727,68.98148148148148,31.363636363636363,28.899082568807337,20.0,56.36363636363636,64.54545454545455,65.45454545454545,35.90909090909091,89.15094339622641,16.363636363636363,37.850467289719624,20.0,32.727272727272734,40.68181818181818,65.45454545454545,44.32659932659932,35.221017514595495,48.35437710437711,30.131359466221852,38.18181818181818,65.0,62.53001715265866,27.107051826677996,20.0,32.727272727272734
Losene Keita,Men’s Featherweight,1,2.4,0.3564356435643564,2.1333333333333333,0.25,0.8666666666666667,0.8666666666666667,0.13333333333333333,0.6666666666666666,0.2,1.0,2.2,0.7021276595744681,3.466666666666667,0.4369747899159664,4.466666666666667,0.3785310734463277,0.0,,0.0,0.0,0.0,,0.0,,0.0,0.0,0.0,,0.0,0.0,1.0,45.45454545454545,33.63636363636363,60.90909090909091,95.0,54.54545454545454,86.11111111111111,96.81818181818181,66.97247706422017,12.727272727272727,96.29629629629629,1.8181818181818157,80.73394495412843,51.81818181818182,49.09090909090909,21.818181818181817,81.81818181818181,3.1818181818181817,,98.18181818181817,99.53271028037383,20.0,80.9090909090909,39.54545454545455,77.95454545454545,70.32828282828282,81.895329441201,54.51178451178451,41.27606338615512,50.45454545454545,51.81818181818181,3.1818181818181817,98.857264231096,20.0,80.9090909090909
Hyder Amil,Men’s Featherweight,6,4.6190102120974075,0.4444444444444444,3.4406912804399052,0.42318840579710143,1.5789473684210524,0.8072289156626506,1.1547525530243519,0.7538461538461538,1.0840534171249017,0.7301587301587301,0.3534956794972506,0.9375,6.22152395915161,0.5096525096525096,4.218381775333857,0.47229551451187335,0.5891594658287509,0.6097560975609756,0.40062843676355064,0.6538461538461539,0.47132757266300074,0.7142857142857143,0.3299293008641005,0.6666666666666666,0.32362459546925565,0.9523809523809523,1.0604870384917517,0.6521739130434783,0.7305577376276512,0.6595744680851063,1.0,91.81818181818183,67.27272727272727,25.454545454545457,35.45454545454545,92.72727272727272,81.48148148148148,19.090909090909083,30.27522935779816,82.72727272727273,21.296296296296298,80.9090909090909,16.972477064220193,97.27272727272728,80.0,27.272727272727284,34.54545454545453,73.63636363636363,25.943396226415093,45.45454545454545,68.22429906542055,44.54545454545455,26.363636363636363,79.54545454545455,30.454545454545453,87.10437710437711,24.683069224353623,52.01178451178451,48.940783986655546,88.63636363636364,30.909090909090907,49.78987993138936,56.839422259983,44.54545454545455,26.363636363636363
Isaac Thomson,Men’s Featherweight,1,0.9333333333333333,0.42424242424242425,1.0666666666666667,0.4444444444444444,0.4,0.6,0.4666666666666667,0.7,0.06666666666666667,0.25,0.6666666666666666,0.9090909090909091,0.9333333333333333,0.3783783783783784,1.2666666666666666,0.5277777777777778,0.4,0.75,0.4666666666666667,0.7,0.06666666666666667,0.5,0.4666666666666667,0.6363636363636364,0.0,0.0,0.4666666666666667,0.7,0.9333333333333333,0.6666666666666666,1.0,10.909090909090908,61.81818181818181,92.72727272727272,29.090909090909097,16.363636363636363,21.75925925925926,84.0909090909091,55.04587155963303,5.909090909090909,2.314814814814815,39.54545454545454,20.183486238532105,7.2727272727272725,22.727272727272727,91.81818181818181,14.090909090909095,40.45454545454545,43.86792452830189,30.000000000000004,66.35514018691589,20.0,80.9090909090909,36.36363636363636,60.90909090909091,19.061447811447813,69.56839032527105,4.111952861952862,29.864470391993322,15.0,52.95454545454545,42.16123499142367,48.177570093457945,20.0,80.9090909090909
Austin Bashi,Men’s Featherweight,3,1.099554234769688,0.3217391304347826,1.6047548291233285,0.38028169014084506,0.47548291233283807,0.7619047619047619,0.6240713224368499,0.8076923076923077,0.11887072808320952,0.5,0.11887072808320952,1.0,1.3372956909361071,0.3543307086614173,1.812778603268945,0.40939597315436244,0.2674591381872214,0.6923076923076923,0.3863298662704309,0.7222222222222222,0.08915304606240713,0.75,0.1485884101040119,1.0,0.0,1.2658227848101267,0.35661218424962854,0.7058823529411765,0.5349182763744428,0.782608695652174,1.0,14.545454545454545,17.272727272727273,80.0,51.81818181818181,21.818181818181817,69.44444444444444,71.81818181818181,14.678899082568797,8.181818181818182,9.25925925925926,95.45454545454545,5.963302752293578,10.909090909090908,18.181818181818183,85.45454545454545,64.54545454545455,26.36363636363636,46.22641509433962,57.27272727272727,22.429906542056077,20.0,21.818181818181817,15.90909090909091,65.9090909090909,45.63131313131313,43.2485404503753,8.72053872053872,50.70892410341951,14.545454545454547,75.0,36.295025728987994,39.85131690739168,20.0,21.818181818181817
Douglas Silva de Andrade,Men’s Featherweight,8,1.536760641238253,0.28542094455852157,2.476506357103372,0.3739565943238731,0.9065782200110558,0.5616438356164384,0.6744057490326146,0.6559139784946236,0.8955223880597014,0.7043478260869566,0.552791597567717,0.847457627118644,3.0403537866224433,0.38787023977433005,2.8966279712548366,0.4012251148545176,0.22111663902708678,0.7407407407407407,0.1990049751243781,0.6923076923076923,0.07739082365948037,0.5833333333333334,0.6080707573244887,0.7638888888888888,1.3245033112582782,0.8955223880597015,0.29850746268656714,0.6923076923076923,0.8070757324488668,0.7448979591836735,1.0,20.0,11.818181818181818,53.63636363636363,57.27272727272727,59.09090909090909,12.962962962962962,65.45454545454545,71.55963302752293,75.45454545454545,18.51851851851852,52.72727272727273,38.532110091743114,42.72727272727273,26.36363636363636,58.18181818181818,68.18181818181819,21.818181818181817,39.62264150943396,38.18181818181817,41.58878504672897,82.72727272727273,29.090909090909097,15.90909090909091,55.45454545454545,36.02693602693603,68.5070892410342,46.986531986531986,45.62969140950792,34.54545454545455,63.18181818181819,30.720411663807887,39.88530161427357,82.72727272727273,29.090909090909097
Damien Anderson,Men’s Featherweight,1,0.3333333333333333,0.3125,0.26666666666666666,0.5,0.13333333333333333,1.0,0.06666666666666667,0.5,0.0,0.0,0.06666666666666667,1.0,0.13333333333333333,0.25,0.13333333333333333,0.3333333333333333,0.2,0.75,0.0,0.0,0.13333333333333333,0.25,0.26666666666666666,1.0,0.0,0.0,0.3333333333333333,0.4166666666666667,0.26666666666666666,0.8,1.0,3.6363636363636362,12.727272727272727,98.18181818181817,13.636363636363642,5.454545454545454,96.75925925925925,98.18181818181817,93.57798165137613,1.8181818181818181,0.9259259259259258,97.27272727272727,5.963302752293578,1.3636363636363635,2.727272727272727,99.54545454545455,92.72727272727272,24.545454545454547,4.716981132075472,86.36363636363636,16.82242990654206,20.0,80.9090909090909,8.181818181818182,55.90909090909091,51.10690235690235,95.87989991659715,1.372053872053872,51.61801501251042,2.0454545454545454,96.13636363636363,14.631217838765009,51.59303313508921,20.0,80.9090909090909
Otari Tanzilovi,Men’s Featherweight,1,2.533333333333333,0.5757575757575758,3.066666666666667,0.45098039215686275,1.0,0.8823529411764706,1.5333333333333334,0.8518518518518519,0.3333333333333333,0.8333333333333334,0.4666666666666667,0.7777777777777778,2.7333333333333334,0.5857142857142857,4.4,0.528,1.1333333333333333,0.8947368421052632,0.6666666666666666,0.7692307692307693,0.0,,0.0,,0.0,0.0,1.1333333333333333,0.8947368421052632,0.6666666666666666,0.7692307692307693,1.0,52.72727272727272,96.36363636363636,35.45454545454545,27.272727272727284,69.0909090909091,88.88888888888889,11.818181818181815,10.091743119266063,22.727272727272727,62.5,62.27272727272727,59.174311926605505,33.63636363636363,95.45454545454545,22.727272727272723,12.727272727272721,78.18181818181819,93.39622641509435,47.72727272727272,29.906542056074773,20.0,80.9090909090909,74.54545454545453,31.363636363636367,78.98989898989899,10.954962468723938,42.61363636363636,60.72351959966639,64.54545454545455,17.727272727272723,85.78902229845627,38.816907391673745,20.0,80.9090909090909
Ollie Schmid,Men’s Featherweight,1,0.0,0.0,5.02994011976048,0.56,1.0778443113772456,0.5,0.718562874251497,0.2857142857142857,2.155688622754491,0.6666666666666666,2.155688622754491,0.75,3.2335329341317367,0.3,6.826347305389222,0.5277777777777778,0.0,,0.0,,0.0,,1.0778443113772456,0.75,0.0,4.545454545454546,0.0,,1.0778443113772456,0.75,1.0,0.9090909090909091,0.9090909090909091,8.181818181818189,8.181818181818189,76.36363636363637,8.333333333333332,59.99999999999999,97.24770642201834,98.18181818181819,15.277777777777779,2.727272727272722,66.97247706422017,47.27272727272727,4.545454545454546,3.6363636363636287,14.090909090909095,3.1818181818181817,,20.90909090909091,37.850467289719624,20.0,4.545454545454549,0.9090909090909091,8.181818181818189,42.34848484848485,78.62385321100916,56.72979797979798,34.849874895746446,25.90909090909091,8.863636363636362,3.1818181818181817,29.37977909940527,20.0,4.545454545454549
Kurtis Campbell,Men’s Featherweight,1,2.175226586102719,0.41379310344827586,1.9939577039274925,0.4230769230769231,0.36253776435045315,0.25,0.7250755287009063,0.8,0.5438066465256798,0.75,0.18126888217522658,1.0,2.719033232628399,0.38461538461538464,1.9939577039274925,0.4782608695652174,0.36253776435045315,1.0,0.7250755287009063,0.5714285714285714,0.0,,0.18126888217522658,0.5,0.0,12.5,0.36253776435045315,1.0,0.9063444108761329,0.5555555555555556,1.0,37.27272727272727,55.90909090909091,68.18181818181819,36.36363636363636,11.818181818181818,0.9259259259259258,58.18181818181818,16.055045871559635,44.54545454545455,24.537037037037038,90.9090909090909,5.963302752293578,32.72727272727273,24.545454545454547,82.72727272727272,31.818181818181817,27.27272727272727,97.64150943396226,32.727272727272734,89.25233644859813,20.0,0.9090909090909091,46.59090909090909,52.27272727272727,6.372053872053872,37.11843202668891,34.54124579124579,48.43619683069224,28.636363636363637,57.272727272727266,62.45711835334476,60.98980458793543,20.0,0.9090909090909091
Patricio Pitbull,Men’s Featherweight,1,1.8666666666666667,0.4666666666666667,5.266666666666667,0.5064102564102564,0.9333333333333333,0.7368421052631579,0.7333333333333333,0.7333333333333333,0.4666666666666667,0.7777777777777778,0.6666666666666666,1.0,2.466666666666667,0.4868421052631579,6.0,0.5421686746987951,0.8,1.0,0.4,0.6666666666666666,0.0,,0.26666666666666666,0.6666666666666666,0.0,0.0,0.8,1.0,0.6666666666666666,0.6666666666666666,1.0,28.18181818181818,78.63636363636364,6.363636363636362,12.727272727272721,61.81818181818181,59.25925925925925,53.63636363636363,37.1559633027523,38.63636363636363,37.96296296296296,39.54545454545454,5.963302752293578,24.545454545454547,70.9090909090909,7.272727272727269,8.181818181818189,62.727272727272734,97.64150943396226,47.72727272727272,66.35514018691589,20.0,80.9090909090909,53.40909090909091,9.545454545454541,60.53872053872053,45.39616346955796,38.299663299663294,22.75437864887406,47.72727272727273,7.727272727272728,80.1843910806175,57.041206457094304,20.0,80.9090909090909
Sebastian Szalay,Men’s Featherweight,1,3.4057971014492754,0.31333333333333335,1.5217391304347825,0.2441860465116279,1.7391304347826086,0.5217391304347826,0.7971014492753623,0.6111111111111112,0.5797101449275363,1.0,0.9420289855072463,0.8666666666666667,5.652173913043478,0.38613861386138615,2.971014492753623,0.36607142857142855,0.07246376811594203,1.0,0.07246376811594203,0.3333333333333333,0.0,0.0,0.21739130434782608,0.75,0.0,2.2222222222222223,0.07246376811594203,0.5,0.2898550724637681,0.5714285714285714,1.0,79.0909090909091,14.545454545454545,81.81818181818181,97.27272727272727,95.45454545454545,10.185185185185185,50.90909090909091,77.06422018348623,50.0,96.29629629629629,21.818181818181817,33.02752293577981,94.54545454545455,25.454545454545453,57.27272727272727,87.27272727272727,8.181818181818182,9.90566037735849,81.81818181818181,86.91588785046729,20.0,10.000000000000002,46.81818181818182,89.54545454545453,52.81986531986532,63.98665554628857,73.14814814814815,27.422852376980813,60.0,72.27272727272727,9.043739279588337,84.36703483432456,20.0,10.000000000000002
Zhu Kangjie,Men’s Featherweight,1,1.090909090909091,0.25,7.090909090909091,0.65,1.090909090909091,1.0,0.5454545454545455,1.0,1.6363636363636365,0.75,1.6363636363636365,0.375,3.8181818181818183,0.5,3.8181818181818183,0.4375,0.0,,0.5454545454545455,0.5,0.0,,4.909090909090909,0.8181818181818182,0.0,5.882352941176471,0.0,,5.454545454545455,0.7692307692307693,1.0,13.636363636363635,5.454545454545454,2.727272727272722,4.545454545454549,77.27272727272727,96.75925925925925,78.18181818181819,3.2110091743119176,95.0,24.537037037037038,7.727272727272736,98.1651376146789,63.18181818181819,76.81818181818181,39.54545454545454,50.0,3.1818181818181817,,1.8181818181818157,29.906542056074773,20.0,2.727272727272722,9.545454545454545,3.636363636363636,87.01599326599326,40.69641367806505,59.76851851851852,52.946205170975816,70.0,44.772727272727266,3.1818181818181817,15.862361937128295,20.0,2.727272727272722
Steven Nguyen,Men’s Featherweight,2,4.92,0.358600583090379,3.68,0.3471698113207547,0.48,0.6,1.72,0.7288135593220338,0.8,0.5405405405405406,1.08,0.7941176470588235,4.36,0.3303030303030303,6.4,0.4519774011299435,0.32,1.0,0.08,0.5,1.52,0.6129032258064516,0.0,,3.870967741935484,0.6172839506172839,1.84,0.6571428571428571,0.08,0.5,1.0,95.45454545454545,34.54545454545455,19.090909090909083,68.18181818181819,22.727272727272727,21.75925925925926,7.272727272727269,39.44954128440367,69.54545454545455,11.11111111111111,13.636363636363642,52.293577981651374,80.0,10.0,5.454545454545456,42.72727272727273,95.45454545454545,28.30188679245283,92.72727272727272,92.05607476635514,96.36363636363636,43.63636363636363,65.0,43.63636363636363,22.243265993265993,23.36113427856547,40.32828282828283,32.96497080900751,45.0,24.09090909090909,61.87821612349914,92.39167374681392,96.36363636363636,43.63636363636363
Melsik Baghdasaryan,Men’s Featherweight,6,1.9635627530364372,0.42358078602620086,1.45748987854251,0.32286995515695066,1.5789473684210527,0.7572815533980582,0.9716599190283401,0.5783132530120482,0.8906882591093118,0.7719298245614035,0.5263157894736842,0.7222222222222222,3.7246963562753037,0.5317919075144508,2.5303643724696356,0.40064102564102566,0.6072874493927126,0.8333333333333334,0.2834008097165992,0.6666666666666666,0.10121457489878542,0.7142857142857143,0.1417004048582996,0.7777777777777778,0.45662100456621,0.684931506849315,0.708502024291498,0.813953488372093,0.4251012145748988,0.7,1.0,30.909090909090907,60.909090909090914,82.72727272727272,80.0,93.63636363636364,66.66666666666666,32.727272727272734,81.65137614678899,74.54545454545455,35.18518518518518,53.63636363636363,77.06422018348623,58.18181818181818,84.54545454545455,68.18181818181819,69.0909090909091,54.54545454545454,83.01886792452831,70.0,54.67289719626169,52.72727272727272,39.09090909090909,45.90909090909091,81.36363636363636,80.15151515151516,57.18932443703086,54.86531986531986,65.35029190992493,71.36363636363636,68.63636363636364,68.78216123499142,62.33644859813084,52.72727272727272,39.09090909090909
Calvin Kattar,Men’s Featherweight,8,3.1305506216696273,0.3203817314246762,4.103019538188278,0.3638511518015357,0.5195381882770871,0.5864661654135338,1.6318827708703376,0.7728706624605678,0.3330373001776199,0.78125,0.8592362344582594,0.8486842105263158,3.8032859680284195,0.35356037151702785,6.414298401420959,0.45488899385923476,0.07326820603907638,0.6470588235294118,0.09991119005328597,0.7894736842105263,0.10657193605683837,0.5,0.07992895204262877,0.46153846153846156,0.16722408026755853,0.10101010101010101,0.17984014209591476,0.5510204081632653,0.17984014209591476,0.6,1.0,74.54545454545455,16.363636363636363,12.727272727272721,62.72727272727272,26.36363636363636,16.666666666666664,9.090909090909081,22.018348623853207,21.818181818181817,40.74074074074074,24.545454545454536,37.61467889908257,61.81818181818181,15.454545454545453,4.545454545454549,41.81818181818181,13.636363636363635,12.264150943396226,89.0909090909091,80.8411214953271,40.0,60.90909090909091,45.45454545454545,37.72727272727272,21.515151515151512,15.554628857381143,31.27946127946128,31.080066722268555,38.63636363636363,23.18181818181818,12.95025728987993,84.96601529311809,40.0,60.90909090909091
Michael Aswell Jr.,Men’s Featherweight,3,5.173501577287066,0.37528604118993136,3.249211356466877,0.3843283582089552,0.9779179810725552,0.6888888888888889,2.082018927444795,0.7674418604651163,0.031545741324921134,0.25,0.8517350157728707,0.7297297297297297,5.425867507886435,0.38826185101580135,5.83596214511041,0.4907161803713528,0.41009463722397477,0.5652173913043478,0.3470031545741325,0.7857142857142857,0.3470031545741325,0.55,0.0,,1.0204081632653061,0.0,0.7570977917981073,0.5581395348837209,0.3470031545741325,0.7857142857142857,1.0,97.27272727272728,40.909090909090914,30.90909090909091,50.90909090909091,66.36363636363637,50.0,4.545454545454549,26.60550458715597,4.545454545454546,2.314814814814815,25.454545454545457,75.22935779816513,90.9090909090909,27.27272727272727,10.000000000000002,22.727272727272723,60.909090909090914,13.20754716981132,78.18181818181819,19.626168224299068,78.18181818181819,80.9090909090909,69.0909090909091,40.90909090909091,58.18181818181819,15.57547956630526,3.4301346801346804,50.34195162635529,59.090909090909086,16.363636363636363,37.05831903945112,48.903993203058626,78.18181818181819,80.9090909090909
Ramon Taveras,Men’s Featherweight,3,3.2666666666666666,0.3888888888888889,2.888888888888889,0.3194103194103194,0.4222222222222222,0.6333333333333333,1.7333333333333334,0.6290322580645161,0.17777777777777778,1.0,1.8444444444444446,0.8829787234042553,3.6666666666666665,0.41044776119402987,6.177777777777778,0.46102819237147596,0.06666666666666667,0.6,0.2222222222222222,0.7692307692307693,0.13333333333333333,0.6666666666666666,0.06666666666666667,0.3333333333333333,0.5747126436781609,0.0,0.2,0.6428571428571429,0.28888888888888886,0.5909090909090909,1.0,77.27272727272727,44.54545454545455,41.81818181818181,80.9090909090909,19.090909090909093,31.48148148148148,6.363636363636362,73.39449541284402,10.909090909090908,96.29629629629629,4.545454545454549,27.522935779816514,57.27272727272727,37.27272727272727,6.363636363636362,39.99999999999999,16.363636363636363,23.58490566037736,83.63636363636363,82.2429906542056,58.18181818181818,80.9090909090909,60.90909090909091,61.36363636363636,25.286195286195287,39.87906588824019,53.6026936026936,16.03419516263553,47.27272727272727,23.181818181818176,19.97427101200686,82.9396771452846,58.18181818181818,80.9090909090909
Ricardo Ramos,Men’s Featherweight,8,1.7364266921789044,0.2700892857142857,3.0710356374073187,0.41392649903288203,0.6888304233436976,0.6486486486486487,0.7318823248026788,0.6710526315789473,0.4018177469504903,0.49122807017543857,0.8466873953599617,0.7662337662337663,2.583114087538866,0.3225806451612903,4.089930638603205,0.46416938110749184,0.22961014111456587,0.8421052631578947,0.2870126763932074,0.6896551724137931,0.014350633819660367,0.5,0.272662042573547,0.7037037037037037,0.5076142131979695,0.30864197530864196,0.24396077493422624,0.8095238095238095,0.5596747189667544,0.6964285714285714,1.0,24.545454545454547,9.090909090909092,34.54545454545453,39.99999999999999,41.81818181818181,37.03703703703704,54.54545454545455,62.38532110091743,31.818181818181817,7.4074074074074066,26.363636363636363,62.38532110091743,25.454545454545453,8.181818181818182,30.90909090909091,38.18181818181817,18.181818181818183,80.18867924528303,55.45454545454545,56.07476635514019,54.54545454545454,56.36363636363636,16.81818181818182,37.272727272727266,39.427609427609426,58.46538782318599,19.612794612794612,44.3744787322769,16.818181818181817,34.54545454545454,49.18524871355061,55.764655904842826,54.54545454545454,56.36363636363636
Gianni Vazquez,Men’s Featherweight,2,0.9366391184573003,0.1574074074074074,2.4242424242424243,0.4943820224719101,0.27548209366391185,0.45454545454545453,0.7162534435261708,0.7222222222222222,0.49586776859504134,0.6428571428571429,0.7713498622589532,0.7777777777777778,1.6528925619834711,0.24390243902439024,2.8650137741046833,0.5098039215686274,0.05509641873278237,0.5,0.05509641873278237,0.5,0.0,0.0,0.9917355371900827,0.8571428571428571,0.0,2.816901408450704,0.05509641873278237,0.1,1.0468319559228652,0.8260869565217391,1.0,11.818181818181818,1.8181818181818181,55.45454545454545,15.454545454545455,9.090909090909092,6.018518518518518,60.90909090909091,45.41284403669725,41.81818181818181,12.962962962962962,29.090909090909097,59.174311926605505,15.454545454545453,1.8181818181818181,59.09090909090909,18.181818181818176,6.363636363636363,2.8301886792452833,22.727272727272723,12.149532710280374,20.0,9.090909090909081,6.818181818181818,35.45454545454545,7.5547138047138045,53.16096747289408,27.390572390572387,44.1326105087573,8.636363636363635,38.63636363636363,4.5969125214408235,17.438402718776548,20.0,9.090909090909081
Robert Ruchala,Men’s Featherweight,2,1.8,0.2559241706161137,3.0,0.44776119402985076,1.2,0.6,1.7,0.7727272727272727,0.36666666666666664,0.4782608695652174,0.5,0.7894736842105263,2.9,0.3140794223826715,4.033333333333333,0.49387755102040815,0.4666666666666667,0.8235294117647058,1.1666666666666667,0.8536585365853658,0.0,,0.0,,0.0,0.0,0.4666666666666667,0.8235294117647058,1.1666666666666667,0.8536585365853658,1.0,26.81818181818182,7.2727272727272725,38.18181818181817,28.181818181818176,85.45454545454545,21.75925925925926,8.181818181818189,23.39449541284403,27.727272727272727,6.481481481481481,56.36363636363636,55.04587155963303,38.18181818181819,7.2727272727272725,31.818181818181817,21.818181818181817,40.45454545454545,85.84905660377359,17.272727272727284,7.476635514018686,20.0,80.9090909090909,17.045454545454547,33.18181818181817,53.60690235690235,15.788156797331109,17.104377104377104,55.704753961634694,22.72727272727273,26.818181818181817,63.15180102915952,12.374681393372985,20.0,80.9090909090909
Nate Landwehr,Men’s Featherweight,8,3.7306930693069305,0.4,3.801980198019802,0.4199475065616798,0.8316831683168316,0.5511811023622047,1.2237623762376237,0.7152777777777778,0.6653465346534653,0.7088607594936709,0.5584158415841584,0.8245614035087719,3.9207920792079207,0.39806996381182147,4.895049504950495,0.4697833523375142,1.00990099009901,0.7024793388429752,0.22574257425742572,0.7037037037037037,0.297029702970297,0.6097560975609756,0.46336633663366333,0.6610169491525424,0.22727272727272727,1.0638297872340425,1.3069306930693068,0.6790123456790124,0.689108910891089,0.6744186046511628,1.0,83.63636363636363,50.90909090909091,16.363636363636363,37.27272727272727,50.0,12.037037037037036,18.181818181818176,49.54128440366972,58.18181818181818,19.444444444444446,51.81818181818181,47.70642201834862,67.27272727272727,30.909090909090907,18.181818181818176,35.45454545454545,87.27272727272727,33.9622641509434,46.36363636363637,63.55140186915888,40.909090909090914,24.545454545454536,67.27272727272727,26.81818181818182,31.01851851851852,33.86155129274395,38.813131313131315,49.762301918265216,49.090909090909086,26.818181818181813,60.61749571183533,54.95751911639762,40.909090909090914,24.545454545454536
Harry Hardwick,Men’s Featherweight,2,3.370786516853933,0.3333333333333333,5.318352059925094,0.47333333333333333,0.8239700374531835,0.6875,1.5730337078651686,0.7241379310344828,1.2734082397003745,0.8095238095238095,1.647940074906367,0.88,5.468164794007491,0.4269005847953216,8.389513108614233,0.5628140703517588,0.0,0.0,0.149812734082397,0.5,0.0,,0.0,0.0,0.0,0.8771929824561403,0.0,0.0,0.149812734082397,0.4,1.0,78.18181818181819,22.727272727272727,5.454545454545456,20.90909090909091,48.18181818181818,49.074074074074076,10.000000000000002,42.20183486238532,88.18181818181819,52.77777777777778,5.454545454545456,28.899082568807337,91.81818181818183,45.45454545454545,2.727272727272722,5.454545454545456,3.1818181818181817,1.4150943396226416,90.9090909090909,95.79439252336448,20.0,30.90909090909091,50.45454545454545,13.181818181818183,48.62794612794613,26.10091743119266,70.47979797979798,17.176814011676395,68.63636363636364,4.090909090909089,2.2984562607204118,93.35174171622769,20.0,30.90909090909091
Manolo Zecchini,Men’s Featherweight,2,2.4358974358974357,0.24358974358974358,8.58974358974359,0.4962962962962963,0.8974358974358974,0.4375,3.846153846153846,0.6818181818181818,0.3846153846153846,0.375,0.3846153846153846,0.75,3.5897435897435894,0.28865979381443296,11.153846153846153,0.54375,0.1282051282051282,0.2,1.282051282051282,0.5882352941176471,0.0,,0.3846153846153846,0.5,0.0,2.0,0.1282051282051282,0.2,1.6666666666666665,0.5652173913043478,1.0,50.0,3.6363636363636362,1.8181818181818157,14.545454545454549,58.18181818181818,3.7037037037037033,0.9090909090909091,59.63302752293578,29.09090909090909,4.166666666666666,77.27272727272727,66.97247706422017,56.36363636363636,3.6363636363636362,1.8181818181818157,7.272727272727269,10.909090909090908,3.7735849056603774,9.090909090909081,87.85046728971962,20.0,11.818181818181815,26.818181818181817,8.181818181818182,30.94276094276094,30.27105921601334,16.62878787878788,72.12260216847372,29.999999999999996,4.545454545454542,7.341337907375642,48.47068819031435,20.0,11.818181818181815
Jack Shore,Men’s Featherweight,8,2.471557473519027,0.5263157894736842,0.9533150255001961,0.2621359223300971,0.5884660651235779,0.8928571428571429,0.7296979207532366,0.7294117647058823,0.5413887799136916,0.8070175438596491,0.9062377402903099,0.875,2.6363279717536288,0.5503685503685504,2.0949391918399374,0.413953488372093,0.506080816006277,0.7962962962962963,0.37661828167908984,0.8,0.4590035307963907,0.7647058823529411,0.11769321302471557,0.8333333333333334,0.6535947712418301,0.9090909090909091,0.9650843468026676,0.780952380952381,0.4943114947038054,0.8076923076923077,1.0,50.90909090909091,91.81818181818183,93.63636363636364,92.72727272727272,30.0,90.74074074074075,57.27272727272727,38.532110091743114,43.63636363636363,51.85185185185185,22.727272727272723,31.651376146788998,28.18181818181818,90.0,80.9090909090909,62.72727272727272,69.0909090909091,66.98113207547169,58.18181818181818,14.953271028037383,63.63636363636363,27.272727272727284,71.36363636363637,93.18181818181819,60.370370370370374,47.902418682235194,47.74410774410774,27.189324437030862,59.09090909090909,71.81818181818181,68.03602058319039,36.56754460492778,63.63636363636363,27.272727272727284
Yizha,Men’s Featherweight,4,2.126415783704786,0.42731277533039647,1.8633540372670807,0.40865384615384615,0.6795761782974059,0.6739130434782609,0.9426379247351114,0.9148936170212766,0.3945926196565583,0.9473684210526315,0.46035805626598464,0.9130434782608695,2.630617464377055,0.4669260700389105,2.3894775301424915,0.4801762114537445,0.3069053708439898,0.8235294117647058,0.4165144318597004,0.7916666666666666,0.2630617464377055,0.6666666666666666,0.46035805626598464,0.7777777777777778,2.0547945205479454,0.6711409395973155,0.5699671172816952,0.7428571428571429,0.8768724881256851,0.7843137254901961,1.0,35.45454545454545,62.727272727272734,72.72727272727272,41.81818181818181,40.909090909090914,47.22222222222222,36.36363636363636,6.422018348623857,30.909090909090907,90.74074074074075,64.54545454545455,19.26605504587156,27.27272727272727,65.45454545454545,72.72727272727272,30.90909090909091,49.09090909090909,56.60377358490566,33.63636363636364,21.028037383177566,90.9090909090909,39.99999999999999,49.09090909090909,57.272727272727266,44.06565656565657,21.39282735613011,60.82491582491583,41.90575479566306,46.36363636363636,51.81818181818181,52.84734133790738,27.3322005097706,90.9090909090909,39.99999999999999
Gabriel Santos,Men’s Featherweight,4,2.435855797336798,0.5165289256198347,3.000974342318935,0.48427672955974843,1.0912633972068855,0.7466666666666667,0.8379343942838584,0.6935483870967742,0.818447547905164,0.8235294117647058,0.4676843130886652,0.96,3.254303345241962,0.5475409836065573,3.3517375771354336,0.5029239766081871,0.4481974667099708,0.9583333333333334,0.38973692757388767,0.8695652173913043,0.6430659304969146,0.8461538461538461,0.5651185449821371,0.725,0.4484304932735426,0.9049773755656109,1.0912633972068855,0.8888888888888888,0.9548554725560248,0.7777777777777778,1.0,49.09090909090909,90.9090909090909,37.27272727272727,19.090909090909083,78.18181818181819,63.888888888888886,46.36363636363637,55.96330275229358,71.81818181818181,58.79629629629629,60.90909090909091,12.844036697247695,48.18181818181818,87.27272727272727,50.0,19.090909090909083,76.36363636363637,91.98113207547169,28.181818181818176,24.766355140186906,51.81818181818182,28.181818181818176,70.0,28.18181818181818,71.03535353535354,51.16346955796497,65.30723905723906,36.876563803169304,67.72727272727272,34.54545454545454,84.17238421955403,26.47408666100254,51.81818181818182,28.181818181818176
JeongYeong Lee,Men’s Featherweight,4,2.0397830018083183,0.4034334763948498,2.5171790235081373,0.4377358490566038,0.8245931283905967,0.76,0.6075949367088608,0.5957446808510638,0.3037974683544304,0.875,0.6726943942133815,0.6595744680851063,2.3435804701627485,0.4426229508196721,3.146473779385172,0.44891640866873067,0.45569620253164556,0.9130434782608695,0.39059674502712477,0.8181818181818182,0.3688969258589512,0.53125,0.26039783001808314,0.8571428571428571,0.0,0.0,0.8245931283905967,0.6909090909090909,0.650994575045208,0.8333333333333334,1.0,32.72727272727273,52.72727272727272,52.72727272727273,30.90909090909091,49.09090909090909,67.5925925925926,72.72727272727272,78.89908256880733,17.272727272727273,79.16666666666666,37.27272727272727,87.15596330275228,23.636363636363637,53.63636363636364,53.63636363636363,44.54545454545455,64.54545454545455,37.735849056603776,49.090909090909086,11.214953271028042,20.0,80.9090909090909,42.72727272727272,41.81818181818182,58.341750841750844,75.81317764804002,48.21969696969697,62.214345287739775,38.63636363636364,49.09090909090909,51.140651801029165,30.152931180968565,20.0,80.9090909090909
Lucas Almeida,Men’s Featherweight,6,2.4173748819641174,0.26778242677824265,3.1728045325779037,0.49122807017543857,0.8498583569405099,0.5921052631578947,0.8309726156751653,0.7719298245614035,1.2653446647780926,0.7976190476190477,0.6987724268177526,0.9024390243902439,4.003777148253069,0.35392320534223703,3.456090651558074,0.5258620689655172,0.07554296506137867,0.8,0.07554296506137867,0.5714285714285714,0.453257790368272,0.7058823529411765,1.1709159584513693,0.7294117647058823,1.25,1.606425702811245,0.5288007554296507,0.717948717948718,1.246458923512748,0.717391304347826,1.0,47.27272727272727,8.181818181818182,32.727272727272734,18.181818181818176,51.81818181818182,18.51851851851852,47.272727272727266,24.770642201834868,87.27272727272727,45.370370370370374,35.45454545454545,22.018348623853207,70.0,17.272727272727273,48.18181818181819,15.454545454545455,43.63636363636363,50.0,15.454545454545455,51.401869158878505,80.0,16.363636363636363,27.727272727272727,25.454545454545453,35.16835016835017,36.02168473728106,66.32154882154882,28.73644703919933,43.63636363636364,31.81818181818182,46.81818181818181,33.42820730671198,80.0,16.363636363636363
Westin Wilson,Men’s Featherweight,4,0.8391608391608392,0.24242424242424243,5.979020979020979,0.7037037037037037,0.3146853146853147,0.3333333333333333,0.3146853146853147,0.5,0.4195804195804196,0.8,0.4195804195804196,0.8,1.4685314685314685,0.3111111111111111,4.195804195804196,0.6557377049180327,0.1048951048951049,0.5,0.7342657342657343,0.875,0.0,,1.7832167832167833,0.7391304347826086,0.0,4.6875,0.1048951048951049,0.5,2.5174825174825175,0.7741935483870968,1.0,9.090909090909092,2.727272727272727,3.6363636363636287,3.6363636363636287,10.0,1.8518518518518516,90.0,93.57798165137613,32.72727272727273,47.68518518518518,72.72727272727272,50.45871559633028,12.727272727272727,6.363636363636363,28.181818181818176,1.8181818181818157,10.0,9.90566037735849,4.545454545454549,26.635514018691584,20.0,3.6363636363636287,5.909090909090909,3.6363636363636287,5.925925925925926,91.78899082568807,40.206228956228955,61.5929941618015,9.545454545454545,14.999999999999996,9.952830188679245,15.590484282073067,20.0,3.6363636363636287
Jonathan Pearce,Men’s Featherweight,8,2.935995302407516,0.47619047619047616,1.9025249559600703,0.3724137931034483,0.7633587786259541,0.7065217391304348,0.5167351732237228,0.7333333333333333,0.4580152671755725,0.9069767441860465,0.18790369935408102,0.9411764705882353,2.1021726365237816,0.40315315315315314,2.2783323546682324,0.41810344827586204,0.8338226658837345,0.8554216867469879,0.2701115678214915,0.5897435897435898,1.2213740458015265,0.7819548872180451,0.05871990604815032,0.5555555555555556,0.0,0.0,2.055196711685261,0.8101851851851852,0.3288314738696418,0.5833333333333334,1.0,63.63636363636363,80.9090909090909,71.81818181818181,58.18181818181818,45.45454545454545,52.77777777777778,80.9090909090909,37.1559633027523,37.27272727272727,87.96296296296296,90.0,15.596330275229356,20.909090909090907,32.72727272727273,78.18181818181819,59.99999999999999,97.27272727272728,81.13207547169812,80.0,83.64485981308411,20.0,80.9090909090909,72.27272727272727,65.0,49.11616161616162,59.0325271059216,62.61784511784512,52.798165137614674,26.818181818181817,69.0909090909091,89.2024013722127,81.82242990654206,20.0,80.9090909090909
Erik Silva,Men’s Featherweight,3,0.8284023668639054,0.56,1.2426035502958581,0.5675675675675675,0.4142011834319527,0.875,0.2366863905325444,0.8,0.2958579881656805,0.8333333333333334,0.1775147928994083,1.0,1.0650887573964498,0.6,1.0059171597633136,0.53125,0.4142011834319527,1.0,0.3550295857988166,0.8571428571428571,0.0591715976331361,0.5,0.2958579881656805,0.8333333333333334,0.0,0.0,0.4733727810650888,0.8888888888888888,0.6508875739644971,0.8461538461538461,1.0,8.181818181818182,95.45454545454545,84.54545454545455,7.272727272727269,18.181818181818183,87.96296296296296,92.72727272727272,16.055045871559635,16.363636363636363,62.5,91.81818181818181,5.963302752293578,8.181818181818182,97.27272727272728,92.72727272727272,10.909090909090908,41.81818181818181,91.98113207547169,50.0,8.411214953271033,20.0,80.9090909090909,51.81818181818182,45.90909090909091,53.072390572390574,54.391159299416174,39.43181818181818,48.89074228523769,52.727272727272734,51.81818181818181,66.89965694682675,29.205607476635517,20.0,80.9090909090909
Ricky Turcios,Men’s Featherweight,6,2.861706983112734,0.34094616639477976,2.6700136923779096,0.46539379474940334,0.6572341396622547,0.6233766233766234,0.5203103605659516,0.7037037037037037,0.6161570059333638,0.9,0.6024646280237335,0.8301886792452831,2.8480146052031037,0.33494363929146537,2.7932450935645825,0.4689655172413793,0.6572341396622547,0.7619047619047619,0.492925604746691,0.782608695652174,0.629849383842994,0.8214285714285714,0.5066179826563213,0.8222222222222222,0.33112582781456956,0.7220216606498195,1.2870835235052487,0.7899159663865546,0.9995435874030123,0.8021978021978022,1.0,60.0,28.18181818181818,49.090909090909086,23.636363636363644,38.18181818181819,29.629629629629626,80.0,52.293577981651374,53.63636363636364,85.18518518518519,46.36363636363637,46.788990825688074,36.36363636363637,12.727272727272727,61.81818181818181,36.36363636363636,85.45454545454545,71.69811320754717,26.363636363636363,15.887850467289729,45.45454545454545,36.36363636363636,44.09090909090909,36.36363636363637,33.9057239057239,66.14678899082568,69.41077441077442,46.576313594662224,24.545454545454547,49.090909090909086,78.57632933104631,21.125743415463045,45.45454545454545,36.36363636363636
Fernando Padilla,Men’s Featherweight,4,3.975409836065574,0.3222591362126246,3.6065573770491803,0.37606837606837606,1.1885245901639345,0.7435897435897436,0.9016393442622951,0.8461538461538461,0.9016393442622951,0.8148148148148148,1.2295081967213115,0.9375,4.836065573770492,0.36990595611285265,5.573770491803279,0.48226950354609927,0.49180327868852464,0.6666666666666666,0.0819672131147541,0.25,0.7377049180327869,0.6,0.0819672131147541,1.0,1.3513513513513513,0.7142857142857143,1.2295081967213115,0.625,0.1639344262295082,0.4,1.0,87.27272727272727,18.181818181818183,21.818181818181817,56.36363636363636,83.63636363636363,62.03703703703704,39.09090909090909,11.009174311926607,76.36363636363637,53.70370370370371,10.909090909090908,16.972477064220193,87.27272727272727,20.909090909090907,12.727272727272721,27.272727272727284,83.63636363636363,20.28301886792453,90.0,95.79439252336448,83.63636363636363,37.27272727272727,52.72727272727273,39.090909090909086,72.83670033670033,25.05004170141785,65.03367003367003,13.94078398665555,54.090909090909086,20.000000000000004,51.959691252144076,92.89719626168224,83.63636363636363,37.27272727272727
Roberto Romero,Men’s Featherweight,2,1.4634146341463417,0.2713178294573643,4.850174216027875,0.5178571428571429,1.3797909407665507,0.7674418604651163,1.0034843205574915,0.6666666666666666,1.7142857142857144,0.82,0.5853658536585367,0.8235294117647058,4.055749128919861,0.47549019607843135,4.766550522648084,0.5377358490566038,0.4599303135888502,0.7333333333333333,0.4599303135888502,0.7333333333333333,0.041811846689895474,0.3333333333333333,1.2125435540069687,0.58,0.9174311926605505,1.2987012987012987,0.5017421602787457,0.6666666666666666,1.672473867595819,0.6153846153846154,1.0,18.181818181818183,10.0,10.000000000000002,11.818181818181815,90.0,70.83333333333334,29.090909090909097,66.97247706422017,97.27272727272728,57.407407407407405,48.18181818181819,48.62385321100918,71.81818181818181,67.27272727272727,19.090909090909083,9.090909090909081,42.72727272727273,30.660377358490564,8.181818181818189,76.63551401869158,73.18181818181819,20.90909090909091,14.090909090909092,10.909090909090908,80.41666666666667,48.03169307756463,77.34006734006735,48.40283569641368,69.54545454545453,14.090909090909083,36.69382504288164,42.408666100254884,73.18181818181819,20.90909090909091
Mohammad Yahya,Men’s Featherweight,3,2.3865546218487395,0.33649289099526064,4.336134453781512,0.4942528735632184,0.9411764705882353,0.6511627906976745,0.8739495798319328,0.7222222222222222,0.16806722689075632,0.7142857142857143,1.1764705882352942,0.9459459459459459,3.4285714285714284,0.3938223938223938,4.336134453781512,0.5308641975308642,0.06722689075630252,1.0,0.4369747899159664,0.8125,0.0,,1.6134453781512605,0.64,0.0,3.6842105263157894,0.06722689075630252,1.0,2.0504201680672267,0.6703296703296703,1.0,43.63636363636363,25.454545454545453,11.818181818181815,16.363636363636363,63.63636363636363,37.96296296296296,41.81818181818181,45.41284403669725,10.0,20.37037037037037,12.727272727272721,13.761467889908253,50.0,28.18181818181818,24.545454545454536,11.818181818181815,7.2727272727272725,97.64150943396226,6.363636363636362,64.48598130841121,20.0,5.454545454545456,34.54545454545455,14.09090909090909,50.799663299663294,43.61551292743953,15.185185185185185,13.244370308590486,39.09090909090909,18.181818181818176,52.45711835334476,35.424808836023786,20.0,5.454545454545456
Jeka Saragih,Men’s Featherweight,4,0.7180851063829787,0.34615384615384615,3.670212765957447,0.71875,0.39893617021276595,0.7142857142857143,0.2393617021276596,0.5,0.7978723404255319,0.7692307692307693,0.4787234042553192,1.0,1.3563829787234043,0.4857142857142857,1.7553191489361701,0.5789473684210527,0.1595744680851064,0.6666666666666666,0.0,,0.39893617021276595,0.625,2.632978723404255,0.868421052631579,4.166666666666667,1.8181818181818181,0.5585106382978724,0.6363636363636364,2.632978723404255,0.868421052631579,1.0,6.363636363636363,30.0,20.000000000000004,1.8181818181818157,15.454545454545453,56.018518518518526,91.81818181818181,93.57798165137613,68.18181818181817,32.870370370370374,59.99999999999999,5.963302752293578,11.818181818181818,70.0,86.36363636363636,4.545454545454549,47.27272727272727,21.69811320754717,3.6363636363636287,5.607476635514023,97.27272727272728,13.181818181818175,18.18181818181818,10.90909090909091,35.736531986531986,92.69808173477898,50.52609427609427,32.981651376146786,40.90909090909091,45.45454545454545,34.48542024013722,4.621920135938826,97.27272727272728,13.181818181818175
Victor Hugo,Men’s Featherweight,2,1.8,0.33962264150943394,2.2,0.36464088397790057,1.1666666666666667,0.603448275862069,0.4666666666666667,0.56,0.8,0.75,0.7333333333333333,0.8461538461538461,3.3333333333333335,0.42735042735042733,3.0,0.42452830188679247,0.43333333333333335,0.8666666666666667,0.26666666666666666,0.6153846153846154,0.0,,0.13333333333333333,0.5714285714285714,0.8849557522123894,0.0,0.43333333333333335,0.8666666666666667,0.4,0.6,1.0,26.81818181818182,27.27272727272727,59.09090909090909,60.90909090909091,82.72727272727273,24.074074074074073,84.0909090909091,84.86238532110092,69.54545454545455,24.537037037037038,31.363636363636363,39.908256880733944,49.09090909090909,46.36363636363636,56.36363636363636,57.27272727272727,35.90909090909091,89.15094339622641,70.9090909090909,80.8411214953271,70.9090909090909,80.9090909090909,27.045454545454547,60.0,53.400673400673405,84.476647206005,47.04124579124579,35.63594662218515,47.72727272727273,56.81818181818181,62.53001715265866,75.875106202209,70.9090909090909,80.9090909090909
Gabriel Miranda,Men’s Featherweight,4,1.89873417721519,0.379746835443038,4.6835443037974684,0.5736434108527132,1.0126582278481013,0.5925925925925926,0.8860759493670887,0.875,0.31645569620253167,0.5,0.44303797468354433,0.875,2.7848101265822787,0.41509433962264153,3.8607594936708862,0.5495495495495496,0.44303797468354433,0.7,0.44303797468354433,0.875,0.0,,1.708860759493671,0.7941176470588235,0.0,6.315789473684211,0.44303797468354433,0.7,2.1518987341772156,0.8095238095238095,1.0,29.09090909090909,41.81818181818181,10.909090909090908,6.363636363636362,70.9090909090909,19.444444444444446,39.99999999999999,8.25688073394496,20.0,9.25925925925926,67.27272727272728,31.651376146788998,34.54545454545455,40.909090909090914,37.27272727272727,6.363636363636362,38.18181818181819,43.86792452830189,5.454545454545456,14.018691588785051,20.0,1.8181818181818157,35.45454545454545,8.636363636363635,45.176767676767675,24.128440366972477,14.62962962962963,49.46205170975814,37.727272727272734,21.818181818181817,41.02487135506004,9.736618521665253,20.0,1.8181818181818157
Connor Matthews,Men’s Featherweight,3,2.6488706365503076,0.3412698412698413,3.8193018480492813,0.34444444444444444,0.8624229979466118,0.45161290322580644,1.5400410677618068,0.5952380952380952,0.7392197125256673,0.8571428571428571,1.6016427104722792,0.8387096774193549,4.0657084188911705,0.39520958083832336,5.9753593429158105,0.4330357142857143,0.061601642710472276,1.0,0.12320328542094455,0.6666666666666666,0.12320328542094455,0.6666666666666666,0.8624229979466118,0.5384615384615384,0.0,1.7699115044247788,0.18480492813141683,0.75,0.9856262833675564,0.5517241379310345,1.0,53.63636363636364,29.09090909090909,14.545454545454549,70.0,53.63636363636364,4.62962962962963,10.909090909090908,79.81651376146787,65.45454545454545,72.68518518518519,9.090909090909081,42.20183486238532,72.72727272727273,29.09090909090909,8.181818181818189,51.81818181818181,15.454545454545453,59.43396226415094,27.272727272727284,90.65420560747663,20.0,14.545454545454549,41.36363636363637,42.27272727272727,29.132996632996637,45.36280233527939,69.06986531986533,25.6463719766472,50.909090909090914,30.0,37.444253859348194,58.96346644010195,20.0,14.545454545454549
Dennis Buzukja,Men’s Featherweight,6,2.8617157490396927,0.35058823529411764,3.265044814340589,0.4239401496259352,1.056338028169014,0.5851063829787234,0.8258642765685019,0.5584415584415584,0.7874519846350831,0.7884615384615384,0.7106274007682458,0.9736842105263158,4.340588988476312,0.424812030075188,4.014084507042253,0.4504310344827586,0.19206145966709345,0.6666666666666666,0.34571062740076824,0.782608695652174,0.17285531370038412,0.375,0.44174135723431496,0.7931034482758621,0.40816326530612246,1.2,0.3649167733674776,0.48717948717948717,0.7874519846350831,0.7884615384615384,1.0,60.909090909090914,32.72727272727273,30.000000000000004,34.54545454545453,74.54545454545455,14.814814814814813,48.18181818181819,86.23853211009174,67.27272727272727,42.592592592592595,34.54545454545453,11.926605504587151,79.0909090909091,44.54545454545455,32.727272727272734,43.63636363636363,28.18181818181818,8.49056603773585,40.90909090909091,18.691588785046736,49.09090909090909,23.636363636363644,46.81818181818182,32.272727272727266,44.68013468013468,67.21017514595496,54.93265993265993,23.236030025020842,61.81818181818182,38.18181818181819,18.336192109777016,29.80033984706882,49.09090909090909,23.636363636363644
Zygimantas Ramaska,Men’s Featherweight,1,0.8021390374331551,0.625,2.085561497326203,0.7222222222222222,0.16042780748663102,0.5,0.0,0.0,0.0,,0.16042780748663102,1.0,0.32085561497326204,0.4,0.9625668449197861,0.8571428571428571,0.6417112299465241,0.8,0.0,,0.0,,1.2834224598930482,0.6153846153846154,0.0,0.0,0.6417112299465241,0.8,1.2834224598930482,0.6153846153846154,1.0,7.2727272727272725,99.0909090909091,62.72727272727272,0.9090909090909091,7.2727272727272725,8.333333333333332,99.54545454545455,100.0,1.8181818181818181,,93.63636363636364,5.963302752293578,3.6363636363636362,31.818181818181817,93.63636363636364,0.9090909090909091,51.81818181818182,76.88679245283019,14.545454545454549,76.63551401869158,20.0,80.9090909090909,53.18181818181818,31.818181818181813,7.803030303030303,99.77272727272728,1.8181818181818181,49.799833194328606,17.727272727272727,47.27272727272727,64.35248713550601,45.590484282073064,20.0,80.9090909090909
Lucas Alexander,Men’s Featherweight,4,2.435820895522388,0.4358974358974359,1.9701492537313432,0.39855072463768115,1.0388059701492536,0.7837837837837838,0.3940298507462686,0.5,1.217910447761194,0.9714285714285714,0.5014925373134328,0.5833333333333334,4.262686567164179,0.5804878048780487,1.2895522388059701,0.28346456692913385,0.14328358208955222,0.8,0.28656716417910444,0.8,0.28656716417910444,0.4444444444444444,1.2895522388059701,0.7659574468085106,0.7633587786259542,1.25,0.4298507462686567,0.5217391304347826,1.5761194029850745,0.7719298245614035,1.0,48.18181818181818,65.0,69.0909090909091,47.272727272727266,73.63636363636363,75.0,85.45454545454545,93.57798165137613,86.36363636363636,91.66666666666666,55.45454545454545,90.82568807339449,75.45454545454545,93.63636363636364,90.0,98.18181818181817,33.63636363636363,11.320754716981133,10.000000000000002,28.037383177570096,67.27272727272727,22.727272727272723,56.59090909090909,58.18181818181818,74.31818181818181,89.5162635529608,89.0151515151515,73.14011676396997,84.54545454545455,94.0909090909091,22.478559176672384,19.01869158878505,67.27272727272727,22.727272727272723
Kron Gracie,Men’s Featherweight,4,2.245614035087719,0.39183673469387753,3.742690058479532,0.40404040404040403,0.14035087719298245,0.35294117647058826,1.4736842105263157,0.75,0.5614035087719298,0.6666666666666666,0.5146198830409356,0.8461538461538461,2.6432748538011697,0.4050179211469534,4.3274853801169595,0.43023255813953487,0.2807017543859649,0.7058823529411765,1.0526315789473684,0.7627118644067796,0.023391812865497075,0.5,0.3508771929824561,0.8823529411764706,0.0,0.0,0.30409356725146197,0.6842105263157895,1.4035087719298245,0.7894736842105263,1.0,39.09090909090909,47.27272727272727,17.272727272727284,44.54545454545455,6.363636363636363,2.7777777777777777,13.636363636363642,31.651376146788998,46.36363636363636,15.277777777777779,54.54545454545455,39.908256880733944,29.09090909090909,33.63636363636363,25.454545454545457,53.63636363636363,22.727272727272727,35.84905660377358,12.727272727272721,17.75700934579439,20.0,80.9090909090909,43.18181818181819,30.909090909090914,4.570707070707071,22.64386989157632,30.82070707070707,47.226855713094245,31.36363636363636,39.54545454545455,29.288164665523155,15.242141036533557,20.0,80.9090909090909
Brendon Marotte,Men’s Featherweight,2,0.20725388601036268,0.3333333333333333,5.699481865284974,0.7142857142857143,0.10362694300518134,1.0,0.0,,0.10362694300518134,1.0,0.0,,0.31088082901554404,0.42857142857142855,0.20725388601036268,0.4,0.0,,0.10362694300518134,1.0,0.10362694300518134,1.0,5.38860103626943,0.7323943661971831,0.0,1.8181818181818181,0.10362694300518134,1.0,5.492227979274611,0.7361111111111112,1.0,1.8181818181818181,22.727272727272727,4.545454545454549,2.727272727272722,4.545454545454546,96.75925925925925,99.54545454545455,,7.2727272727272725,96.29629629629629,99.0909090909091,,2.727272727272727,47.27272727272727,98.18181818181817,70.0,9.090909090909092,97.64150943396226,0.9090909090909091,46.72897196261683,20.0,13.181818181818175,12.272727272727272,3.636363636363636,50.6523569023569,99.54545454545455,51.78451178451178,99.0909090909091,25.0,84.0909090909091,53.366209262435675,23.81903143585387,20.0,13.181818181818175
SeungWoo Choi,Men’s Featherweight,8,2.070030895983522,0.2751540041067762,2.070030895983522,0.43934426229508194,0.6333676622039135,0.5466666666666666,0.6797116374871267,0.6666666666666666,1.004119464469619,0.7738095238095238,0.6642636457260556,0.7962962962962963,3.074150360453141,0.34133790737564323,2.796086508753862,0.48787061994609165,0.33985581874356335,0.6875,0.2780638516992791,0.72,0.29351184346035014,0.6129032258064516,0.33985581874356335,0.7586206896551724,1.6666666666666667,3.167420814479638,0.6333676622039135,0.6507936507936508,0.6179196704428425,0.7407407407407407,1.0,33.63636363636363,10.909090909090908,63.63636363636363,30.000000000000004,32.72727272727273,11.11111111111111,63.63636363636363,66.97247706422017,80.0,36.11111111111111,40.90909090909091,51.37614678899082,44.54545454545455,13.636363636363635,59.99999999999999,25.454545454545457,50.90909090909091,24.528301886792452,53.63636363636363,43.92523364485982,88.18181818181819,7.272727272727269,22.27272727272727,46.81818181818182,21.919191919191917,65.3044203502919,58.05555555555556,46.142618849040865,29.09090909090909,42.72727272727273,37.71869639794168,48.78079864061173,88.18181818181819,7.272727272727269
Daniel Pineda,Men’s Featherweight,8,1.5541165587419057,0.4666666666666667,2.1979648473635525,0.46588235294117647,0.3885291396854764,0.6481481481481481,0.8547641073080482,0.8105263157894737,0.6216466234967623,0.835820895522388,0.37742830712303427,0.7906976744186046,1.509713228492137,0.4503311258278146,2.6308973172987975,0.517467248908297,0.12210915818686402,0.6875,0.3552266419981499,0.6808510638297872,0.9324699352451434,0.8155339805825242,0.44403330249768735,0.6896551724137931,0.4329004329004329,0.970873786407767,1.0545790934320074,0.7983193277310925,0.7992599444958373,0.6857142857142857,1.0,20.909090909090907,78.63636363636364,59.99999999999999,22.727272727272723,13.636363636363635,36.11111111111111,43.63636363636363,13.761467889908253,54.54545454545454,63.888888888888886,80.0,54.12844036697248,13.636363636363635,57.27272727272727,66.36363636363636,17.272727272727284,72.72727272727273,75.47169811320755,39.99999999999999,60.74766355140187,50.0,25.454545454545457,49.77272727272727,41.36363636363636,24.87373737373737,28.698915763135943,59.21717171717171,67.06422018348624,35.45454545454545,41.81818181818182,74.09948542024014,50.373831775700936,50.0,25.454545454545457
Joshua Van,Men’s Flyweight,8,6.198463709045305,0.5383986928104575,4.1667973036526105,0.3655115511551155,1.3356325442859383,0.8452380952380952,0.790092490986048,0.65625,0.65841040915504,0.9090909090909091,0.8841511208653394,0.7899159663865546,7.054397240946857,0.576036866359447,5.540053299890265,0.41802696948190204,0.6395986831791817,0.8192771084337349,0.2163348487223703,0.6388888888888888,0.49851073836024457,0.6309523809523809,0.08465276689136228,0.6428571428571429,0.6888633754305397,0.1610305958132045,1.1381094215394263,0.7245508982035929,0.30098761561373255,0.64,1.0,100.0,100.0,3.7735849056603814,54.71698113207547,90.56603773584906,96.22641509433963,43.39622641509434,64.15094339622641,54.71698113207547,86.79245283018868,15.09433962264151,60.37735849056603,100.0,98.11320754716981,3.7735849056603814,50.94339622641509,94.33962264150944,59.61538461538461,83.01886792452831,73.07692307692308,62.264150943396224,60.37735849056603,100.0,29.245283018867923,93.39622641509435,53.77358490566037,70.75471698113208,37.73584905660377,99.0566037735849,27.358490566037734,76.97750362844702,78.0478955007257,62.264150943396224,60.37735849056603
Alexandre Pantoja,Men’s Flyweight,8,2.9498620801557682,0.4442815249266862,3.7092325166315105,0.5093582887700535,0.9248742495537887,0.8558558558558559,0.5062469576504949,0.7878787878787878,0.5938666233976959,0.8714285714285714,0.19471036832711341,0.9090909090909091,3.670290442966088,0.49670619235836627,3.962355995456758,0.5272020725388601,0.3602141814051598,0.7551020408163265,0.20444588674346909,0.75,0.4380983287360052,0.8181818181818182,0.24338796040889177,0.6944444444444444,0.2178649237472767,0.0,0.798312510141165,0.7884615384615384,0.44783384715236085,0.71875,1.0,79.24528301886792,86.79245283018868,9.433962264150946,9.433962264150946,73.58490566037736,100.0,75.47169811320755,11.320754716981124,52.83018867924528,75.47169811320755,94.33962264150944,13.207547169811317,75.47169811320755,86.79245283018868,22.641509433962266,13.207547169811317,67.9245283018868,88.46153846153845,67.9245283018868,36.53846153846153,39.62264150943396,82.07547169811322,83.01886792452831,9.433962264150946,86.79245283018868,43.39622641509434,64.15094339622641,53.77358490566038,81.13207547169812,17.92452830188679,78.19303338171262,52.231494920174164,39.62264150943396,82.07547169811322
Manel Kape,Men’s Flyweight,8,3.361344537815126,0.5033557046979866,1.927170868347339,0.30442477876106194,0.9859943977591037,0.7652173913043478,1.0868347338935573,0.5914634146341463,0.7058823529411765,0.875,0.7282913165266106,0.6435643564356436,4.392156862745098,0.5648414985590778,3.507002801120448,0.39420654911838793,0.24649859943977592,0.6875,0.12324929971988796,0.5789473684210527,0.41456582633053224,0.6491228070175439,0.11204481792717087,0.5882352941176471,1.5521064301552105,0.0,0.6610644257703081,0.6629213483146067,0.23529411764705882,0.5833333333333334,1.0,88.67924528301887,96.22641509433963,60.37735849056603,84.9056603773585,79.24528301886792,90.56603773584906,20.754716981132074,81.13207547169812,64.15094339622641,78.30188679245283,35.84905660377358,86.79245283018868,88.67924528301887,96.22641509433963,37.735849056603776,73.58490566037736,54.71698113207547,28.846153846153843,84.9056603773585,86.53846153846153,90.56603773584906,82.07547169811322,92.45283018867926,72.64150943396227,84.90566037735849,50.943396226415096,71.22641509433961,61.32075471698113,92.45283018867926,55.660377358490564,41.78156748911466,85.72206095791002,90.56603773584906,82.07547169811322
Asu Almabayev,Men’s Flyweight,8,1.226445225167678,0.3878787878787879,0.9773235388054934,0.36428571428571427,0.555732992654104,0.7631578947368421,0.6419674225487064,0.6442307692307693,0.4982433727243692,0.9122807017543859,0.31619290961354196,0.6226415094339622,1.4755669115298626,0.45427728613569324,1.4755669115298626,0.41509433962264153,0.22995847971893962,0.7058823529411765,0.277866496327052,0.6590909090909091,0.574896199297349,0.6666666666666666,0.1820504631108272,0.8636363636363636,0.42016806722689076,0.0,0.8048546790162887,0.6774193548387096,0.45991695943787925,0.7272727272727273,1.0,9.433962264150944,54.71698113207547,98.11320754716982,56.60377358490565,24.528301886792452,88.67924528301887,60.37735849056603,69.81132075471699,49.056603773584904,88.67924528301887,79.24528301886792,88.67924528301887,11.320754716981133,64.15094339622641,92.45283018867924,54.71698113207547,69.81132075471697,42.30769230769231,64.15094339622641,31.73076923076923,50.943396226415096,82.07547169811322,32.075471698113205,77.35849056603774,56.60377358490566,65.09433962264151,68.86792452830188,83.9622641509434,37.73584905660377,73.58490566037736,56.05950653120464,47.94085631349782,50.943396226415096,82.07547169811322
Kyoji Horiguchi,Men’s Flyweight,8,2.5603413788505134,0.41612483745123535,1.208161088145086,0.2730560578661845,0.544072543005734,0.6601941747572816,0.544072543005734,0.6017699115044248,0.328043739165222,0.7592592592592593,0.4000533404453927,0.7142857142857143,2.640352046939592,0.421455938697318,1.6322176290172024,0.3177570093457944,0.44805974129883985,0.7272727272727273,0.3360448059741299,0.65625,0.3440458727830377,0.6515151515151515,0.18402453660488066,0.7666666666666667,0.9324009324009324,0.37174721189591076,0.7921056140818776,0.6923076923076923,0.5200693425790105,0.6914893617021277,1.0,73.58490566037736,71.69811320754717,90.56603773584906,92.45283018867924,22.641509433962266,45.28301886792453,73.58490566037736,77.35849056603774,20.754716981132077,35.84905660377358,73.58490566037736,82.07547169811322,37.735849056603776,47.16981132075472,86.79245283018868,94.33962264150944,66.0377358490566,48.07692307692308,56.60377358490565,55.76923076923077,73.58490566037736,54.71698113207547,72.64150943396226,91.50943396226415,33.9622641509434,75.47169811320755,28.30188679245283,77.83018867924528,42.45283018867924,90.56603773584905,57.05732946298984,56.186502177068206,73.58490566037736,54.71698113207547
Tatsuro Taira,Men’s Flyweight,8,2.187276626161544,0.4788732394366197,3.002144388849178,0.5522682445759369,0.17155110793423875,0.5925925925925926,0.40743388134381703,0.76,0.40743388134381703,0.8636363636363636,0.20371694067190851,0.6129032258064516,1.640457469621158,0.43342776203966005,2.8949249463902786,0.5335968379446641,0.09649749821300929,0.45,0.32165832737669764,0.8333333333333334,1.0293066476054324,0.7741935483870968,0.39671193709792707,0.8043478260869565,0.7751937984496124,0.8902077151335311,1.1258041458184418,0.7291666666666666,0.7183702644746247,0.8170731707317073,1.0,50.943396226415096,92.45283018867924,24.528301886792445,1.8867924528301887,3.7735849056603774,20.754716981132077,84.9056603773585,20.754716981132074,39.62264150943396,73.58490566037736,90.56603773584906,90.56603773584906,13.20754716981132,54.71698113207547,50.94339622641509,11.320754716981124,92.45283018867924,63.46153846153846,39.62264150943396,5.769230769230763,66.0377358490566,20.754716981132074,71.69811320754717,13.207547169811317,12.264150943396228,52.83018867924529,56.60377358490566,90.56603773584906,33.9622641509434,31.13207547169811,77.95718432510886,22.69593613933236,66.0377358490566,20.754716981132074
Brandon Moreno,Men’s Flyweight,8,3.0376620703848527,0.43889384478144516,2.827742333813542,0.32005590496156533,0.7038485285038074,0.7215189873417721,0.6606297592097139,0.6948051948051948,0.41983947314262193,0.85,0.5247993414282774,0.7142857142857143,3.7229882691911915,0.483560545308741,3.618028400905536,0.3637492240844196,0.23461617616793579,0.59375,0.14817863757974892,0.6,0.20374562667215476,0.6875,0.2469643959662482,0.7547169811320755,0.14836795252225518,0.15384615384615385,0.4383618028400906,0.6339285714285714,0.3951430335459971,0.6881720430107527,1.0,84.90566037735849,83.01886792452831,32.07547169811321,75.47169811320755,50.943396226415096,67.9245283018868,54.71698113207547,47.16981132075472,41.509433962264154,67.9245283018868,58.490566037735846,82.07547169811322,79.24528301886792,84.90566037735849,35.84905660377358,79.24528301886792,33.9622641509434,21.153846153846153,73.58490566037736,58.653846153846146,35.84905660377358,62.264150943396224,83.9622641509434,53.773584905660385,59.43396226415095,50.94339622641509,54.716981132075475,70.28301886792454,82.0754716981132,57.54716981132076,27.558055152394775,66.11937590711176,35.84905660377358,62.264150943396224
Brandon Royval,Men’s Flyweight,8,5.361472833408173,0.4041976980365606,2.8378985181859004,0.4809741248097412,0.7992815446789403,0.7295081967213115,1.1315671306690616,0.7974683544303798,0.33228558599012126,0.6981132075471698,0.880107768298159,0.8828828828828829,5.594970812752583,0.40879265091863515,4.10417602155366,0.571964956195244,0.3682083520431073,0.7592592592592593,0.37718904355635385,0.65625,0.5298607992815447,0.7972972972972973,0.3682083520431073,0.6507936507936508,0.13831258644536654,0.7407407407407407,0.898069151324652,0.78125,0.7453973955994612,0.6535433070866141,1.0,98.11320754716981,66.0377358490566,28.30188679245283,15.09433962264151,66.0377358490566,71.69811320754717,18.86792452830188,9.433962264150946,22.641509433962266,16.9811320754717,16.981132075471702,22.641509433962266,98.11320754716981,37.735849056603776,15.09433962264151,3.7735849056603814,83.01886792452831,86.53846153846155,33.96226415094339,71.15384615384615,33.9622641509434,30.188679245283023,82.0754716981132,21.69811320754717,68.86792452830188,14.150943396226413,19.81132075471698,19.811320754716984,67.9245283018868,9.433962264150946,84.77866473149493,52.55805515239477,33.9622641509434,30.188679245283023
Tagir Ulanbekov,Men’s Flyweight,8,2.43680485338726,0.4446494464944649,1.8503538928210312,0.378099173553719,0.41456016177957533,0.7321428571428571,0.647118301314459,0.6881720430107527,0.16177957532861476,0.8,0.9403437815975733,0.8378378378378378,2.275025278058645,0.42775665399239543,2.4266936299292214,0.4316546762589928,0.4246713852376137,0.8076923076923077,0.48533872598584427,0.6857142857142857,0.31344792719919107,0.775,0.5257836198179979,0.8387096774193549,0.33557046979865773,0.8823529411764706,0.7381193124368048,0.7934782608695652,1.0111223458038423,0.7575757575757576,1.0,66.0377358490566,88.67924528301887,64.15094339622641,43.39622641509434,9.433962264150944,75.47169811320755,56.60377358490565,50.94339622641509,7.547169811320755,50.0,11.320754716981124,43.39622641509434,26.41509433962264,50.943396226415096,75.47169811320755,45.283018867924525,64.15094339622641,90.38461538461539,13.207547169811317,19.23076923076923,47.16981132075472,22.641509433962266,77.35849056603774,53.77358490566037,42.45283018867925,53.77358490566037,28.77358490566038,27.35849056603773,38.67924528301887,60.37735849056604,77.2677793904209,16.219158200290273,47.16981132075472,22.641509433962266
Alessandro Costa,Men’s Flyweight,8,2.416488983653163,0.4176904176904177,2.3880597014925375,0.35974304068522484,0.7391613361762616,0.6933333333333334,0.8670931058990761,0.7625,0.7818052594171998,0.6875,0.5543710021321963,0.975,2.970859985785359,0.4409282700421941,2.970859985785359,0.4090019569471624,0.3127221037668799,0.7586206896551724,0.3837953091684435,0.8709677419354839,0.6538734896943853,0.7796610169491526,0.45486851457000715,0.7111111111111111,1.444043321299639,0.746268656716418,0.9665955934612652,0.7727272727272727,0.8386638237384507,0.7763157894736842,1.0,64.15094339622641,73.58490566037736,45.283018867924525,58.490566037735846,56.60377358490566,54.71698113207547,35.84905660377358,18.86792452830188,75.47169811320755,15.09433962264151,49.056603773584904,9.433962264150946,47.16981132075472,60.37735849056604,47.16981132075472,62.264150943396224,86.79245283018868,84.61538461538461,28.30188679245283,15.384615384615376,84.90566037735849,28.30188679245283,68.86792452830188,51.886792452830186,55.660377358490564,27.35849056603773,45.28301886792453,29.245283018867923,53.77358490566038,54.716981132075475,85.70391872278665,21.843251088534103,84.90566037735849,28.30188679245283
Ramazan Temirov,Men’s Flyweight,3,3.8317054845980465,0.3881278538812785,1.7129977460555972,0.24836601307189543,0.8114199849737039,0.5294117647058824,1.1720510894064613,0.6842105263157895,0.09015777610818933,1.0,0.7663410969196093,0.7391304347826086,4.102178812922615,0.4008810572687225,2.70473328324568,0.3225806451612903,0.40570999248685197,0.47368421052631576,0.946656649135988,0.75,0.22539444027047334,0.5555555555555556,0.0,,4.761904761904762,0.0,0.6311044327573253,0.5,0.946656649135988,0.75,1.0,94.33962264150944,56.60377358490566,71.69811320754717,98.11320754716982,67.9245283018868,9.433962264150944,11.320754716981124,52.83018867924528,3.7735849056603774,96.22641509433963,30.188679245283023,75.47169811320755,84.90566037735849,35.84905660377358,62.264150943396224,92.45283018867924,50.943396226415096,9.615384615384617,18.86792452830188,24.99999999999999,98.11320754716981,82.07547169811322,75.47169811320755,84.90566037735849,38.67924528301887,32.075471698113205,50.0,52.83018867924529,60.37735849056604,77.35849056603773,30.27939042089986,21.933962264150935,98.11320754716981,82.07547169811322
Amir Albazi,Men’s Flyweight,7,1.714567252422401,0.2766295707472178,2.6211200525537857,0.3392857142857143,0.4335687304976186,0.6376811594202898,0.7587452783708326,0.6695652173913044,0.325176547873214,0.7333333333333333,0.5025455739858762,0.7183098591549296,2.1087206437838724,0.31332357247437775,3.714895713581869,0.40191897654584224,0.06897684348825751,0.4666666666666667,0.08868451305633109,0.5625,0.2956150435211036,0.6666666666666666,0.0788306782722943,0.5,0.796812749003984,0.0,0.3645918870093611,0.6166666666666667,0.16751519132862538,0.53125,1.0,30.18867924528302,9.433962264150944,39.62264150943396,67.9245283018868,11.320754716981133,35.84905660377358,49.056603773584904,60.37735849056603,18.867924528301888,24.528301886792452,62.264150943396224,79.24528301886792,22.641509433962266,5.660377358490567,32.07547169811321,67.9245283018868,26.41509433962264,19.230769230769234,92.45283018867924,90.38461538461539,67.9245283018868,82.07547169811322,19.81132075471698,53.77358490566038,23.58490566037736,54.71698113207547,21.69811320754717,70.75471698113208,14.150943396226417,50.0,22.822931785195937,91.41872278664732,67.9245283018868,82.07547169811322
Edgar Chairez,Men’s Flyweight,7,2.3017017594462073,0.38328530259365995,3.080473031439285,0.4876712328767123,0.7095471589270262,0.6949152542372882,0.6403230458609749,0.6065573770491803,0.847995385059129,0.7777777777777778,0.847995385059129,0.8596491228070176,3.686184020767234,0.46813186813186813,3.7207960773002595,0.5143540669856459,0.06922411306605135,1.0,0.10383616959907702,0.8571428571428571,0.10383616959907702,0.6,0.7441592154600519,0.7413793103448276,1.345291479820628,0.0,0.17306028266512835,0.7142857142857143,0.847995385059129,0.7538461538461538,1.0,54.71698113207547,50.943396226415096,20.754716981132074,13.207547169811317,54.71698113207547,56.60377358490566,62.264150943396224,75.47169811320755,83.01886792452831,46.22641509433962,18.86792452830188,32.07547169811321,77.35849056603774,71.69811320754717,30.188679245283023,16.981132075471702,11.320754716981133,57.692307692307686,26.415094339622637,23.076923076923084,81.13207547169812,82.07547169811322,52.83018867924528,16.981132075471695,55.660377358490564,68.86792452830188,64.62264150943396,25.471698113207545,74.52830188679246,23.584905660377363,34.50653120464441,24.74600870827286,81.13207547169812,82.07547169811322
Sumudaerji,Men’s Flyweight,8,2.3428471371038344,0.3871527777777778,1.4183155314305724,0.30337078651685395,0.7039047452285063,0.6036036036036037,0.4097355979688321,0.46987951807228917,1.1451584661180179,0.8014705882352942,0.43074767991595164,0.6029411764705882,3.61407809490457,0.4580559254327563,1.607424268954649,0.30177514792899407,0.3782174750481527,0.72,0.3046751882332341,0.6904761904761905,0.19961477849763612,0.8636363636363636,0.34669935212747327,0.7021276595744681,0.5012531328320802,0.46511627906976744,0.5778322535457888,0.7638888888888888,0.6513745403607074,0.6966292134831461,1.0,58.490566037735846,52.83018867924528,84.9056603773585,86.79245283018868,52.83018867924528,26.41509433962264,83.01886792452831,94.33962264150944,92.45283018867924,52.83018867924528,69.81132075471699,92.45283018867924,73.58490566037736,69.81132075471697,88.67924528301887,96.22641509433963,41.509433962264154,80.76923076923077,45.283018867924525,53.84615384615384,52.83018867924528,43.39622641509434,55.660377358490564,85.84905660377359,39.62264150943396,88.67924528301887,72.64150943396226,81.13207547169812,71.69811320754717,92.45283018867926,61.139332365747464,49.56458635703918,52.83018867924528,43.39622641509434
Alex Perez,Men’s Flyweight,8,2.0702402957486137,0.32941176470588235,2.292051756007394,0.3768996960486322,0.9242144177449167,0.6493506493506493,0.6469500924214417,0.6481481481481481,0.7578558225508317,0.640625,0.4436229205175601,0.8,3.0683918669131236,0.38694638694638694,2.8280961182994453,0.4157608695652174,0.36968576709796674,0.6060606060606061,0.22181146025878004,0.6666666666666666,0.3142329020332717,0.8947368421052632,0.33271719038817005,0.6666666666666666,1.477832512315271,0.546448087431694,0.6839186691312384,0.7115384615384616,0.5545286506469501,0.6666666666666666,1.0,43.39622641509434,28.30188679245283,49.056603773584904,47.16981132075472,71.69811320754717,43.39622641509434,58.490566037735846,67.9245283018868,69.81132075471697,7.547169811320755,66.0377358490566,50.0,49.056603773584904,28.30188679245283,52.83018867924528,52.83018867924528,56.60377358490566,55.769230769230774,54.71698113207547,68.26923076923076,88.67924528301887,35.84905660377358,35.84905660377358,48.11320754716981,57.54716981132076,63.20754716981132,38.679245283018865,58.0188679245283,38.679245283018865,52.83018867924528,56.18650217706822,61.49310595065312,88.67924528301887,35.84905660377358
Alden Coria,Men’s Flyweight,3,2.96689824274622,0.3558823529411765,1.4466693910911321,0.25,0.5884756845116469,0.6486486486486487,0.31875766244380876,0.4482758620689655,0.4903964037597058,1.0,0.4413567633837352,0.5806451612903226,3.4572946465059258,0.3821138211382114,2.0841847159787497,0.2972027972027972,0.17163874131589701,0.875,0.12259910093992644,0.5,0.41683694319574993,0.85,0.0,,0.0,0.0,0.5884756845116469,0.8571428571428571,0.12259910093992644,0.5,1.0,81.13207547169812,37.735849056603776,83.01886792452831,96.22641509433963,30.18867924528302,41.509433962264154,96.22641509433963,98.11320754716982,47.16981132075472,96.22641509433963,67.9245283018868,96.22641509433963,67.9245283018868,24.528301886792452,79.24528301886792,98.11320754716982,45.28301886792453,94.23076923076923,96.22641509433963,92.3076923076923,16.9811320754717,82.07547169811322,59.43396226415095,89.62264150943398,35.84905660377359,97.16981132075472,71.69811320754718,82.0754716981132,46.22641509433962,88.67924528301887,69.75689404934688,94.26705370101597,16.9811320754717,82.07547169811322
Andre Lima,Men’s Flyweight,5,1.6679302501895374,0.4247104247104247,1.5769522365428355,0.3151515151515151,0.8642911296436694,0.6404494382022472,0.89461713419257,0.7108433734939759,1.379833206974981,0.7583333333333333,0.4094010614101592,0.84375,3.5026535253980287,0.5261958997722096,2.66868840030326,0.41411764705882353,0.37907505686125853,0.9259259259259259,0.19711902956785443,0.7647058823529411,0.030326004548900682,1.0,0.015163002274450341,0.3333333333333333,0.0,0.0,0.4094010614101592,0.9310344827586207,0.21228203184230476,0.7,1.0,28.30188679245283,77.35849056603774,77.35849056603774,77.35849056603774,69.81132075471697,37.735849056603776,33.96226415094339,43.39622641509434,96.22641509433963,33.9622641509434,71.69811320754717,41.50943396226415,69.81132075471697,92.45283018867924,64.15094339622641,56.60377358490565,30.18867924528302,100.0,90.56603773584906,50.96153846153846,16.9811320754717,82.07547169811322,52.83018867924529,77.35849056603774,53.77358490566037,38.679245283018865,65.09433962264151,56.60377358490565,81.1320754716981,60.37735849056603,65.09433962264151,70.76378809869377,16.9811320754717,82.07547169811322
Kai Kara-France,Men’s Flyweight,8,2.150876501871184,0.3273381294964029,2.0208784715383104,0.35477178423236516,0.5909001378766989,0.6097560975609756,0.43726610202875715,0.6727272727272727,1.0045302343903881,0.8173076923076923,0.29545006893834946,0.8620689655172413,3.3681307858971836,0.40948275862068967,2.4463265708095334,0.3950381679389313,0.09454402206027182,0.7272727272727273,0.09454402206027182,0.47058823529411764,0.2836320661808155,0.6857142857142857,0.2127240496356116,0.72,1.8927444794952681,1.2875536480686696,0.3781760882410873,0.6956521739130435,0.30726807169588344,0.6190476190476191,1.0,47.16981132075472,24.528301886792452,56.60377358490565,62.264150943396224,33.9622641509434,28.30188679245283,81.13207547169812,58.490566037735846,86.79245283018868,60.37735849056604,83.01886792452831,28.30188679245283,66.0377358490566,39.62264150943396,69.81132075471699,69.81132075471699,28.30188679245283,50.96153846153846,81.13207547169812,76.92307692307692,94.33962264150944,15.09433962264151,35.84905660377358,59.433962264150935,31.132075471698116,69.81132075471697,73.58490566037736,55.66037735849057,52.83018867924528,69.81132075471699,39.63171262699564,79.02757619738752,94.33962264150944,15.09433962264151
Allan Nascimento,Men’s Flyweight,6,1.0072277920261132,0.3025210084033613,1.4828631382606667,0.37992831541218636,0.6155280951270692,0.5945945945945946,0.36372114712054093,0.7647058823529411,0.7833993937980881,0.8115942028985508,0.08393564933550944,0.6,1.8325950104919562,0.4106583072100313,1.5947773373746794,0.3944636678200692,0.19584984844952202,0.8235294117647058,0.11191419911401258,0.8,0.3777104220097925,0.6,0.22382839822802517,0.6666666666666666,0.5813953488372093,0.0,0.5735602704593146,0.6612903225806451,0.33574259734203776,0.7058823529411765,1.0,7.547169811320755,15.09433962264151,81.13207547169812,41.50943396226415,39.62264150943396,22.641509433962266,92.45283018867924,15.09433962264151,79.24528301886792,56.60377358490566,98.11320754716982,94.33962264150944,16.9811320754717,43.39622641509434,90.56603773584906,71.69811320754717,39.62264150943396,26.923076923076923,79.24528301886792,46.153846153846146,58.490566037735846,82.07547169811322,11.320754716981131,61.32075471698113,31.132075471698116,53.77358490566038,67.9245283018868,96.22641509433963,30.18867924528302,81.13207547169812,33.27285921625544,62.699564586357035,58.490566037735846,82.07547169811322
Charles Johnson,Men’s Flyweight,8,2.2742935906271535,0.3389830508474576,2.770503101309442,0.38953488372093026,1.2611991729841487,0.6354166666666666,1.0647829083390765,0.7054794520547946,1.0854583046175053,0.7664233576642335,0.7546519641626465,0.7934782608695652,3.8146106133700894,0.4270833333333333,4.083390764989662,0.466903073286052,0.6099241902136457,0.6941176470588235,0.3928325292901447,0.6129032258064516,0.19641626464507236,0.6551724137931034,0.11371467953135768,0.6111111111111112,0.8948545861297539,0.45045045045045046,0.8063404548587181,0.6842105263157895,0.5065472088215024,0.6125,1.0,52.83018867924528,32.075471698113205,35.84905660377358,35.84905660377358,88.67924528301887,32.075471698113205,24.528301886792445,45.283018867924525,90.56603773584906,39.62264150943396,33.96226415094339,54.71698113207547,81.13207547169812,49.056603773584904,16.981132075471702,28.30188679245283,73.58490566037736,44.230769230769226,58.490566037735846,78.84615384615384,71.69811320754717,50.94339622641509,42.45283018867924,35.84905660377358,60.37735849056604,34.90566037735849,65.09433962264151,44.33962264150943,65.09433962264151,22.641509433962266,58.90783744557329,68.66835994194484,71.69811320754717,50.94339622641509
Steve Erceg,Men’s Flyweight,8,3.5920992191088654,0.4315673289183223,2.599908130454754,0.35508155583437895,0.7992650436380341,0.7016129032258065,0.7992650436380341,0.635036496350365,0.3031694993109784,0.9166666666666666,0.8268259072117593,0.8490566037735849,4.180064308681672,0.45454545454545453,3.628847037207166,0.41274817136886105,0.440973817179605,0.8571428571428571,0.36747818098300417,0.8,0.07349563619660084,0.8888888888888888,0.2296738631143776,0.7575757575757576,0.19569471624266144,0.8695652173913043,0.5144694533762059,0.8615384615384616,0.5971520440973818,0.7831325301204819,1.0,90.56603773584906,81.13207547169812,41.50943396226415,60.37735849056603,64.15094339622641,60.37735849056604,41.50943396226415,71.69811320754717,15.09433962264151,90.56603773584906,20.754716981132074,35.84905660377358,86.79245283018868,66.0377358490566,33.96226415094339,60.37735849056603,37.735849056603776,96.15384615384616,52.83018867924528,13.46153846153847,37.735849056603776,24.528301886792445,85.84905660377359,50.94339622641509,62.264150943396224,56.60377358490565,52.83018867924529,28.301886792452827,76.41509433962264,47.16981132075471,66.94484760522496,33.145863570391874,37.735849056603776,24.528301886792445
Nyamjargal Tumendemberel,Men’s Flyweight,3,1.3076533198175369,0.3282442748091603,1.0035478966041562,0.28205128205128205,0.3345159655347187,0.6470588235294118,0.39533705017739484,0.7222222222222222,0.24328433857070453,0.8,0.516979219462747,0.9444444444444444,1.1556006082108465,0.31932773109243695,1.7029903699949316,0.42105263157894735,0.12164216928535226,0.4,0.1824632539280284,0.375,0.6082108464267613,0.6896551724137931,0.030410542321338066,0.25,1.6129032258064515,0.0,0.7298530157121136,0.6153846153846154,0.21287379624936645,0.35,1.0,16.9811320754717,26.41509433962264,94.33962264150944,88.67924528301887,7.547169811320755,39.62264150943396,88.67924528301887,35.84905660377358,13.20754716981132,50.0,60.37735849056603,11.320754716981124,5.660377358490567,7.547169811320755,84.9056603773585,49.056603773584904,62.264150943396224,17.307692307692307,88.67924528301887,98.07692307692308,92.45283018867924,82.07547169811322,21.69811320754717,91.50943396226415,23.58490566037736,62.26415094339623,31.60377358490566,35.849056603773576,6.60377358490566,66.9811320754717,39.78592162554426,93.37808417997098,92.45283018867924,82.07547169811322
Lone'er Kavanagh,Men’s Flyweight,5,2.351437699680511,0.4079822616407982,2.402555910543131,0.3974630021141649,1.0095846645367412,0.7053571428571429,0.6006389776357828,0.4895833333333333,0.7412140575079872,0.7341772151898734,0.9329073482428115,0.776595744680851,3.297124600638978,0.4690909090909091,3.0415335463258786,0.41391304347826086,0.3194888178913738,0.6756756756756757,0.38338658146964855,0.7692307692307693,0.48562300319488816,0.6909090909090909,0.5111821086261981,0.8163265306122449,0.3115264797507788,0.3246753246753247,0.805111821086262,0.6847826086956522,0.8945686900958466,0.7954545454545454,1.0,62.264150943396224,69.81132075471697,43.39622641509434,33.96226415094339,84.90566037735849,64.15094339622641,66.0377358490566,92.45283018867924,67.9245283018868,26.41509433962264,13.207547169811317,66.0377358490566,64.15094339622641,75.47169811320755,45.283018867924525,58.490566037735846,71.69811320754717,46.15384615384615,22.641509433962266,9.615384615384617,45.28301886792453,58.490566037735846,66.0377358490566,38.679245283018865,74.52830188679245,79.24528301886792,47.16981132075472,39.62264150943396,69.81132075471697,51.886792452830186,58.925979680696656,16.12844702467344,45.28301886792453,58.490566037735846
Jesus Aguilar,Men’s Flyweight,7,1.2933597621407333,0.2620481927710843,1.694747274529237,0.3323615160349854,0.624380574826561,0.5454545454545454,0.5054509415262637,0.5862068965517241,0.7135777998017839,0.7384615384615385,0.28245787908820613,0.7916666666666666,2.3042616451932605,0.3555045871559633,1.9920713577799802,0.3611859838274933,0.25272547076313184,0.6296296296296297,0.11892963330029732,0.7272727272727273,0.07433102081268583,0.45454545454545453,0.37165510406342916,0.5813953488372093,0.5649717514124294,0.0,0.3270564915758176,0.5789473684210527,0.4905847373637265,0.6111111111111112,1.0,15.09433962264151,7.547169811320755,73.58490566037736,73.58490566037736,43.39622641509434,11.320754716981133,77.35849056603774,83.01886792452831,66.0377358490566,28.30188679245283,84.9056603773585,58.490566037735846,28.30188679245283,15.09433962264151,81.13207547169812,81.13207547169812,22.641509433962266,15.384615384615385,60.37735849056603,80.76923076923076,54.71698113207547,82.07547169811322,11.320754716981131,73.58490566037736,27.358490566037737,80.18867924528303,47.16981132075472,71.69811320754718,21.69811320754717,81.13207547169812,19.013062409288825,70.5732946298984,54.71698113207547,82.07547169811322
Imanol Rodriguez,Men’s Flyweight,1,3.7433155080213907,0.5223880597014925,1.8181818181818183,0.37777777777777777,0.7486631016042781,0.6363636363636364,0.32085561497326204,0.6,0.42780748663101603,0.6666666666666666,0.21390374331550802,1.0,3.2085561497326203,0.47619047619047616,2.1390374331550803,0.40816326530612246,0.21390374331550802,0.5,0.21390374331550802,0.6666666666666666,1.4973262032085561,0.8235294117647058,0.0,,2.1739130434782608,9.090909090909092,1.7112299465240641,0.7619047619047619,0.21390374331550802,0.6666666666666666,1.0,92.45283018867924,98.11320754716981,66.0377358490566,45.283018867924525,58.490566037735846,33.9622641509434,94.33962264150944,79.24528301886792,43.39622641509434,13.20754716981132,88.67924528301887,4.716981132075471,58.490566037735846,81.13207547169812,77.35849056603774,64.15094339622641,100.0,78.84615384615384,86.79245283018868,68.26923076923076,96.22641509433963,1.8867924528301887,95.28301886792453,55.660377358490564,46.22641509433962,86.79245283018868,28.30188679245283,46.69811320754717,69.81132075471697,70.75471698113208,89.42307692307692,77.53084179970972,96.22641509433963,1.8867924528301887
Mitch Raposo,Men’s Flyweight,4,1.2833333333333334,0.3615023474178404,1.35,0.26384364820846906,0.4666666666666667,0.7,0.5666666666666667,0.6296296296296297,0.06666666666666667,1.0,0.9666666666666667,0.6987951807228916,1.7833333333333334,0.421259842519685,2.433333333333333,0.35609756097560974,0.03333333333333333,0.6666666666666666,0.31666666666666665,0.76,0.0,,0.13333333333333333,0.8888888888888888,0.0,0.5780346820809249,0.03333333333333333,0.6666666666666666,0.45,0.7941176470588235,1.0,13.20754716981132,39.62264150943396,86.79245283018868,94.33962264150944,13.20754716981132,58.490566037735846,71.69811320754717,73.58490566037736,1.8867924528301887,96.22641509433963,9.433962264150946,84.9056603773585,15.09433962264151,45.28301886792453,71.69811320754717,86.79245283018868,5.660377358490567,34.61538461538461,66.0377358490566,11.538461538461537,16.9811320754717,33.96226415094339,26.41509433962264,90.56603773584905,35.84905660377358,72.64150943396226,49.05660377358491,47.169811320754725,30.18867924528302,79.24528301886792,20.13788098693759,38.78809869375907,16.9811320754717,33.96226415094339
Jose Ochoa,Men’s Flyweight,4,2.351378279641315,0.3769968051118211,1.3151776818332779,0.3055555555555556,1.5543008967120557,0.52,0.8568581866489537,0.4673913043478261,1.2553968781135834,0.7159090909090909,0.8170043175024908,0.7592592592592593,4.583194951843241,0.452755905511811,2.6303553636665558,0.4074074074074074,0.41846562603786114,0.7,0.19926934573231483,0.5882352941176471,0.15941547658585187,0.6153846153846154,0.15941547658585187,0.38095238095238093,0.7722007722007722,0.0,0.5778811026237131,0.6744186046511628,0.3586848223181667,0.47368421052631576,1.0,60.37735849056604,47.16981132075472,88.67924528301887,81.13207547169812,94.33962264150944,7.547169811320755,37.735849056603776,96.22641509433963,94.33962264150944,22.641509433962266,26.415094339622637,71.69811320754717,90.56603773584906,62.264150943396224,66.0377358490566,66.0377358490566,43.39622641509434,40.38461538461539,77.35849056603774,94.23076923076923,64.15094339622641,82.07547169811322,53.77358490566038,84.90566037735849,50.943396226415096,66.9811320754717,58.49056603773585,49.056603773584904,76.41509433962264,66.0377358490566,41.89042089985486,85.79462989840349,64.15094339622641,82.07547169811322
HyunSung Park,Men’s Flyweight,5,1.792782305005821,0.2883895131086142,1.7462165308498256,0.33482142857142855,0.6752037252619325,0.7435897435897436,0.6053550640279395,0.8387096774193549,0.6984866123399303,0.625,0.5355064027939465,0.7419354838709677,2.5378346915017467,0.367003367003367,2.7473806752037255,0.43703703703703706,0.41909196740395815,0.5294117647058824,0.06984866123399303,0.25,0.20954598370197908,0.391304347826087,0.06984866123399303,0.75,1.4705882352941178,2.4193548387096775,0.6286379511059372,0.47368421052631576,0.13969732246798605,0.375,1.0,32.075471698113205,13.20754716981132,67.9245283018868,69.81132075471699,49.056603773584904,81.13207547169812,64.15094339622641,5.66037735849056,60.37735849056604,5.660377358490567,54.71698113207547,73.58490566037736,33.9622641509434,18.867924528301888,56.60377358490565,43.39622641509434,49.056603773584904,7.6923076923076925,94.33962264150944,96.15384615384615,86.79245283018868,5.66037735849056,22.641509433962263,68.8679245283019,65.09433962264151,34.90566037735849,33.0188679245283,64.15094339622641,26.41509433962264,50.0,28.3744557329463,95.24673439767778,86.79245283018868,5.66037735849056
Joseph Morales,Men’s Flyweight,4,1.2579762989972654,0.3150684931506849,1.1759343664539654,0.31386861313868614,0.6289881494986327,0.7419354838709677,0.7383773928896993,0.75,0.13673655423883319,0.7142857142857143,0.19143117593436648,0.875,1.1485870556061988,0.3333333333333333,1.285323609845032,0.35877862595419846,0.300820419325433,0.5789473684210527,0.19143117593436648,0.7,0.5742935278030994,0.5384615384615384,0.6289881494986327,0.575,1.3513513513513513,1.2987012987012987,0.8751139471285324,0.5517241379310345,0.8204193254329992,0.6,1.0,11.320754716981133,22.641509433962266,92.45283018867924,79.24528301886792,45.28301886792453,79.24528301886792,50.94339622641509,23.584905660377355,5.660377358490567,20.754716981132077,96.22641509433963,24.528301886792445,3.7735849056603774,9.433962264150944,96.22641509433963,83.01886792452831,79.24528301886792,11.538461538461538,30.188679245283023,84.61538461538461,83.01886792452831,13.207547169811317,16.9811320754717,85.84905660377359,62.26415094339623,37.264150943396224,13.207547169811322,60.37735849056604,6.60377358490566,89.62264150943398,45.39187227866473,57.40203193033382,83.01886792452831,13.207547169811317
Lucas Rocha,Men’s Flyweight,2,4.099099099099099,0.4212962962962963,2.8378378378378377,0.3539325842696629,1.6216216216216217,0.8,0.40540540540540543,0.8181818181818182,0.22522522522522523,0.8333333333333334,0.3153153153153153,0.7777777777777778,5.225225225225225,0.47540983606557374,2.927927927927928,0.3651685393258427,0.5405405405405406,0.7058823529411765,0.04504504504504505,0.25,0.1801801801801802,0.6666666666666666,0.5855855855855856,0.8125,0.0,0.0,0.7207207207207208,0.6956521739130435,0.6306306306306306,0.7,1.0,96.22641509433963,75.47169811320755,30.188679245283023,64.15094339622641,96.22641509433963,94.33962264150944,86.79245283018868,7.547169811320753,9.433962264150944,62.264150943396224,81.13207547169812,64.15094339622641,96.22641509433963,79.24528301886792,49.056603773584904,77.35849056603774,60.37735849056604,50.96153846153846,49.056603773584904,50.96153846153846,16.9811320754717,82.07547169811322,85.84905660377359,47.16981132075472,95.28301886792454,47.16981132075472,35.84905660377358,72.64150943396226,87.73584905660377,63.20754716981132,55.66944847605225,50.00907111756168,16.9811320754717,82.07547169811322
Alibi Idiris,Men’s Flyweight,2,1.3439306358381502,0.3333333333333333,1.560693641618497,0.3050847457627119,0.7803468208092486,0.75,1.0404624277456647,0.7272727272727273,0.3901734104046243,0.6428571428571429,0.04335260115606936,0.5,1.907514450867052,0.39285714285714285,1.9508670520231215,0.3435114503816794,0.3468208092485549,0.6666666666666666,0.6069364161849711,0.7777777777777778,0.26011560693641617,0.8571428571428571,0.08670520231213873,0.5,0.0,0.0,0.6069364161849711,0.7368421052631579,0.6936416184971098,0.7272727272727273,1.0,20.754716981132077,30.18867924528302,79.24528301886792,83.01886792452831,62.264150943396224,84.90566037735849,26.415094339622637,33.96226415094339,30.18867924528302,9.433962264150944,100.0,99.05660377358491,20.754716981132077,30.18867924528302,83.01886792452831,88.67924528301887,47.16981132075472,67.3076923076923,41.50943396226415,31.73076923076923,16.9811320754717,82.07547169811322,25.471698113207548,81.13207547169812,73.58490566037736,30.188679245283012,19.81132075471698,99.52830188679246,25.471698113207548,85.84905660377359,57.23875181422351,36.62010159651669,16.9811320754717,82.07547169811322
Tim Elliott,Men’s Flyweight,8,1.8872870249017037,0.3072,2.634338138925295,0.4281150159744409,0.6192660550458715,0.4772727272727273,0.7765399737876802,0.7452830188679245,1.0222804718217562,0.7761194029850746,0.1965923984272608,0.7692307692307693,2.663826998689384,0.35012919896640826,3.145478374836173,0.45911047345767575,0.44233289646133683,0.8181818181818182,0.38335517693315857,0.78,0.4226736566186107,0.6935483870967742,0.07863695937090433,0.7272727272727273,0.2785515320334262,0.0,0.8650065530799476,0.7521367521367521,0.4619921363040629,0.7704918032786885,1.0,35.84905660377358,18.867924528301888,37.735849056603776,28.30188679245283,41.509433962264154,3.7735849056603774,45.283018867924525,26.415094339622637,88.67924528301887,43.39622641509434,92.45283018867924,67.9245283018868,39.62264150943396,13.20754716981132,43.39622641509434,30.188679245283023,77.35849056603774,71.15384615384616,62.264150943396224,17.30769230769231,41.509433962264154,82.07547169811322,27.358490566037737,33.0188679245283,22.641509433962266,35.84905660377358,66.0377358490566,80.18867924528303,26.41509433962264,36.79245283018868,74.25616835994195,39.78592162554427,41.509433962264154,82.07547169811322
Matt Schnell,Men’s Flyweight,8,3.02834008097166,0.3970276008492569,3.3198380566801617,0.5229591836734694,0.6153846153846154,0.7307692307692307,0.582995951417004,0.7346938775510204,0.38866396761133604,0.8571428571428571,0.5506072874493927,0.85,2.9473684210526314,0.3939393939393939,3.2712550607287447,0.5126903553299492,0.38866396761133604,0.75,0.3724696356275304,0.71875,0.6963562753036437,0.7543859649122807,0.8097165991902834,0.9090909090909091,0.40160642570281124,1.8181818181818181,1.0850202429149798,0.7528089887640449,1.1821862348178138,0.8390804597701149,1.0,83.01886792452831,62.264150943396224,15.09433962264151,7.547169811320753,37.735849056603776,73.58490566037736,67.9245283018868,30.188679245283023,28.30188679245283,70.75471698113208,50.94339622641509,33.96226415094339,45.28301886792453,32.075471698113205,41.50943396226415,18.86792452830188,88.67924528301887,73.07692307692307,5.66037735849056,3.8461538461538574,49.056603773584904,7.547169811320753,72.64150943396227,11.320754716981131,55.660377358490564,49.05660377358491,49.528301886792455,42.45283018867924,38.67924528301887,30.188679245283012,80.87808417997097,4.753265602322209,49.056603773584904,7.547169811320753
Terrance Saeteurn,Men’s Flyweight,1,0.6936416184971098,0.14285714285714285,1.7341040462427746,0.3333333333333333,1.7341040462427746,0.5555555555555556,1.7341040462427746,0.7142857142857143,1.3872832369942196,1.0,0.3468208092485549,1.0,3.121387283236994,0.42857142857142855,2.4277456647398843,0.4375,0.6936416184971098,0.3333333333333333,0.6936416184971098,0.4,0.0,,0.6936416184971098,1.0,0.0,0.0,0.6936416184971098,0.3333333333333333,1.3872832369942196,0.5714285714285714,1.0,5.660377358490567,3.7735849056603774,69.81132075471699,71.69811320754717,98.11320754716981,13.20754716981132,1.8867924528301887,39.62264150943396,98.11320754716981,96.22641509433963,77.35849056603774,4.716981132075471,54.71698113207547,52.83018867924528,73.58490566037736,41.50943396226415,58.490566037735846,3.8461538461538463,3.7735849056603814,88.46153846153845,16.9811320754717,82.07547169811322,4.716981132075472,70.75471698113208,55.660377358490564,20.754716981132074,97.16981132075472,41.03773584905661,53.77358490566037,57.54716981132076,31.168359941944846,46.11756168359942,16.9811320754717,82.07547169811322
Clayton Carpenter,Men’s Flyweight,5,1.551533062430735,0.3888888888888889,2.7705947543405984,0.4370629370629371,0.9974141115626154,0.5625,1.2412264499445882,0.717948717948718,0.8644255633542667,0.8125,0.8200960472848171,0.9024390243902439,2.5267824159586256,0.44015444015444016,4.16697451052826,0.5266106442577031,0.31030661248614705,0.7777777777777778,0.2659770964166974,0.7058823529411765,0.5762837089028444,0.8387096774193549,0.3989656446250462,0.5806451612903226,0.0,0.45871559633027525,0.8865903213889915,0.8163265306122449,0.6649427410417437,0.625,1.0,26.41509433962264,58.490566037735846,33.96226415094339,26.415094339622637,83.01886792452831,15.09433962264151,7.547169811320753,37.735849056603776,84.90566037735849,58.490566037735846,24.528301886792445,15.09433962264151,32.075471698113205,58.490566037735846,13.207547169811317,15.09433962264151,81.13207547169812,92.3076923076923,43.39622641509434,75.0,16.9811320754717,48.11320754716981,42.45283018867924,30.188679245283012,49.05660377358491,22.641509433962263,71.69811320754717,19.811320754716977,45.283018867924525,14.150943396226413,86.71988388969521,59.198113207547166,16.9811320754717,48.11320754716981
Ronaldo Rodriguez,Men’s Flyweight,3,1.9758232596915382,0.3495575221238938,3.051271363067945,0.5374449339207048,0.4751979991663193,0.7037037037037037,0.45018757815756566,0.75,0.8003334722801166,0.8888888888888888,0.5252188411838266,1.0,2.1508962067528135,0.38565022421524664,3.3013755731554815,0.5689655172413793,0.15006252605252188,0.6666666666666666,0.15006252605252188,0.75,0.9503959983326385,0.6666666666666666,0.5752396832013339,0.71875,0.0,1.2422360248447204,1.1004585243851606,0.6666666666666666,0.7253022092538558,0.725,1.0,39.62264150943396,35.84905660377358,22.641509433962266,3.7735849056603814,16.9811320754717,62.264150943396224,79.24528301886792,23.584905660377355,81.13207547169812,81.13207547169812,56.60377358490565,4.716981132075471,24.528301886792452,26.41509433962264,39.62264150943396,5.66037735849056,90.56603773584906,34.61538461538461,37.735849056603776,34.61538461538461,16.9811320754717,18.86792452830188,37.73584905660377,13.207547169811324,39.62264150943396,51.41509433962264,81.13207547169812,30.660377358490564,25.471698113207545,22.641509433962263,62.59071117561684,36.17561683599419,16.9811320754717,18.86792452830188
Kevin Borjas,Men’s Flyweight,6,2.5548726953467953,0.36952380952380953,3.147497805092186,0.40033500837520936,0.5794556628621598,0.676923076923077,1.3037752414398596,0.6827586206896552,0.3555750658472344,0.75,1.2906057945566285,0.8032786885245902,3.252853380158033,0.41029900332225916,5.096575943810359,0.4867924528301887,0.19754170324846357,0.75,0.19754170324846357,0.625,0.03950834064969271,0.75,0.4477611940298507,0.7555555555555555,1.1320754716981132,0.45871559633027525,0.23705004389815626,0.75,0.6453028972783142,0.7101449275362319,1.0,71.69811320754717,43.39622641509434,16.981132075471702,32.07547169811321,28.30188679245283,49.056603773584904,5.66037735849056,56.60377358490565,24.528301886792452,30.18867924528302,3.7735849056603814,47.16981132075472,62.264150943396224,41.509433962264154,5.66037735849056,24.528301886792445,15.09433962264151,69.23076923076923,47.16981132075472,44.23076923076923,77.35849056603774,48.11320754716981,57.54716981132076,24.528301886792455,38.679245283018865,31.13207547169811,27.358490566037737,25.471698113207548,51.88679245283019,15.094339622641503,42.16255442670537,45.70029027576197,77.35849056603774,48.11320754716981
Matheus Nicolau,Men’s Flyweight,8,1.5381408920383493,0.40460526315789475,1.9258024176740307,0.275,0.9879116298457691,0.7669902912621359,0.5752396832013339,0.5287356321839081,0.4001667361400583,0.7111111111111111,0.7628178407669862,0.7922077922077922,2.6010837849103794,0.49760765550239233,2.826177573989162,0.33630952380952384,0.03751563151313047,0.75,0.1625677365568987,0.6842105263157895,0.28761984160066695,0.7666666666666667,0.27511463109629014,0.6666666666666666,1.2820512820512822,1.5325670498084292,0.3251354731137974,0.7647058823529411,0.4376823676531888,0.6730769230769231,1.0,24.528301886792452,67.9245283018868,62.264150943396224,90.56603773584906,81.13207547169812,92.45283018867924,69.81132075471699,84.9056603773585,35.84905660377358,18.867924528301888,32.07547169811321,56.60377358490565,35.84905660377358,88.67924528301887,54.71698113207547,90.56603773584906,20.754716981132077,82.6923076923077,71.69811320754717,63.46153846153845,79.24528301886792,9.433962264150946,46.22641509433962,76.41509433962264,86.79245283018868,77.35849056603774,27.358490566037737,44.339622641509436,62.26415094339623,72.64150943396227,51.723512336719885,67.57982583454282,79.24528301886792,9.433962264150946
Felipe Bunes,Men’s Flyweight,4,2.164328657314629,0.4,3.1022044088176353,0.46402877697841727,0.5050100200400801,0.5675675675675675,0.9859719438877755,0.6833333333333333,0.5050100200400801,0.875,0.48096192384769537,0.8695652173913043,3.0781563126252505,0.45714285714285713,3.751503006012024,0.4936708860759494,0.09619238476953908,0.6666666666666666,0.26452905811623245,0.7333333333333333,0.0,,0.5531062124248497,0.7666666666666667,0.0,0.5263157894736842,0.09619238476953908,0.6666666666666666,0.8176352705410821,0.7555555555555555,1.0,49.056603773584904,64.15094339622641,18.86792452830188,20.754716981132074,18.867924528301888,16.9811320754717,28.30188679245283,54.71698113207547,50.943396226415096,78.30188679245283,64.15094339622641,26.415094339622637,50.943396226415096,67.9245283018868,26.415094339622637,22.641509433962266,7.547169811320755,34.61538461538461,32.07547169811321,21.15384615384615,16.9811320754717,37.735849056603776,56.60377358490565,19.811320754716977,17.924528301886795,41.50943396226415,64.62264150943396,45.283018867924525,59.43396226415095,24.528301886792452,21.081277213352685,26.614658925979683,16.9811320754717,37.735849056603776
Azat Maksum,Men’s Flyweight,4,1.8666666666666667,0.21705426356589147,2.2,0.3482849604221636,0.65,0.6,0.95,0.7125,0.23333333333333334,0.7777777777777778,1.1,0.8461538461538461,2.4,0.25668449197860965,3.8666666666666667,0.45849802371541504,0.3333333333333333,0.5405405405405406,0.3333333333333333,0.7407407407407407,0.016666666666666666,1.0,0.05,0.75,0.6060606060606061,0.0,0.35,0.5526315789473685,0.38333333333333336,0.7419354838709677,1.0,33.9622641509434,5.660377358490567,52.83018867924528,66.0377358490566,47.16981132075472,24.528301886792452,30.188679245283023,41.50943396226415,11.320754716981133,46.22641509433962,7.547169811320753,37.735849056603776,30.18867924528302,3.7735849056603774,24.528301886792445,32.07547169811321,24.528301886792452,13.461538461538462,75.47169811320755,28.846153846153857,60.37735849056604,82.07547169811322,19.81132075471698,59.43396226415094,35.84905660377358,35.84905660377358,28.77358490566038,22.641509433962263,16.9811320754717,28.301886792452827,18.994920174165458,52.1589259796807,60.37735849056604,82.07547169811322
Daniel Barez,Men’s Flyweight,4,3.0526692941597995,0.37270341207349084,4.879971336438553,0.43907156673114117,1.1393765675385168,0.8548387096774194,1.4403439627373702,0.6504854368932039,0.773916159082766,0.8571428571428571,1.1823719097097816,0.7971014492753623,4.707989967753494,0.4689507494646681,6.771766391974203,0.48536209553158705,0.12898602651379434,0.75,0.6879254747402365,0.8421052631578947,0.12898602651379434,0.6,0.04299534217126478,1.0,0.8658008658008658,0.0,0.2579720530275887,0.6666666666666666,0.7309208169115012,0.85,1.0,86.79245283018868,45.28301886792453,1.8867924528301887,24.528301886792445,86.79245283018868,98.11320754716981,3.7735849056603814,66.0377358490566,73.58490566037736,70.75471698113208,5.66037735849056,52.83018867924528,94.33962264150944,73.58490566037736,1.8867924528301887,26.415094339622637,16.9811320754717,34.61538461538461,35.84905660377358,1.9230769230769231,69.81132075471697,82.07547169811322,66.0377358490566,13.207547169811317,92.45283018867924,34.905660377358494,72.16981132075472,29.245283018867923,83.9622641509434,14.150943396226413,25.798258345428156,18.88606676342525,69.81132075471697,82.07547169811322
DongHun Choi,Men’s Flyweight,1,2.3076923076923075,0.5,0.0,0.0,0.7692307692307692,0.6666666666666666,0.0,0.0,1.5384615384615383,1.0,0.7692307692307692,0.5,4.615384615384615,0.7058823529411765,0.7692307692307692,0.08695652173913043,0.0,0.0,0.0,,0.0,0.0,0.0,,8.333333333333334,0.0,0.0,0.0,0.0,,1.0,56.60377358490566,94.33962264150944,100.0,100.0,60.37735849056604,47.16981132075472,100.0,100.0,100.0,96.22641509433963,28.30188679245283,99.05660377358491,92.45283018867924,100.0,100.0,100.0,2.8301886792452833,1.9230769230769231,99.05660377358491,,100.0,82.07547169811322,75.47169811320755,100.0,53.77358490566038,100.0,98.11320754716982,63.67924528301887,96.22641509433961,100.0,2.376632801161103,99.05660377358491,100.0,82.07547169811322
Carlos Hernandez,Men’s Flyweight,7,2.5418994413407825,0.37995824634655534,1.9413407821229052,0.36772486772486773,0.6145251396648045,0.7457627118644068,1.2150837988826817,0.8446601941747572,0.4050279329608939,0.90625,0.3491620111731844,0.8928571428571429,2.7374301675977657,0.40081799591002043,2.611731843575419,0.4495192307692308,0.6284916201117319,0.6818181818181818,0.32122905027932963,0.6571428571428571,0.19553072625698326,0.9333333333333333,0.5726256983240224,0.7068965517241379,0.0,0.796812749003984,0.8240223463687152,0.7283950617283951,0.893854748603352,0.6881720430107527,1.0,69.81132075471697,49.056603773584904,58.490566037735846,52.83018867924528,35.84905660377358,83.01886792452831,9.433962264150946,3.7735849056603814,37.735849056603776,84.90566037735849,75.47169811320755,17.92452830188679,41.509433962264154,33.9622641509434,67.9245283018868,35.84905660377358,75.47169811320755,61.53846153846154,24.528301886792445,58.653846153846146,16.9811320754717,26.415094339622637,59.433962264150935,55.660377358490564,59.43396226415095,6.603773584905664,61.32075471698113,46.69811320754717,37.735849056603776,51.88679245283019,68.50507982583454,41.5910740203193,16.9811320754717,26.415094339622637
Cody Durden,Men’s Flyweight,8,2.665263157894737,0.34477124183006536,3.486315789473684,0.4473257698541329,0.32842105263157895,0.6341463414634146,0.72,0.5277777777777778,0.391578947368421,0.775,0.8210526315789474,0.7831325301204819,3.2084210526315786,0.37797619047619047,4.08,0.4523809523809524,0.07578947368421052,0.6666666666666666,0.4294736842105263,0.8095238095238095,0.10105263157894737,0.6666666666666666,0.5178947368421052,0.7884615384615384,0.0,0.5025125628140703,0.17684210526315788,0.6666666666666666,0.9473684210526315,0.7978723404255319,1.0,75.47169811320755,33.9622641509434,11.320754716981124,22.641509433962266,5.660377358490567,30.18867924528302,52.83018867924528,86.79245283018868,32.075471698113205,41.509433962264154,22.641509433962266,62.264150943396224,56.60377358490566,22.641509433962266,18.86792452830188,33.96226415094339,13.20754716981132,34.61538461538461,16.981132075471702,7.692307692307697,16.9811320754717,39.62264150943396,54.716981132075475,16.981132075471695,17.92452830188679,69.81132075471697,36.79245283018868,42.45283018867924,39.62264150943396,26.415094339622634,23.911465892597967,12.3367198838897,16.9811320754717,39.62264150943396
Bruno Silva,Men’s Flyweight,8,2.6878436163714112,0.43137254901960786,4.068417837507636,0.4723404255319149,0.940745265729994,0.7333333333333333,1.1606597434331094,0.7307692307692307,0.6841783750763593,0.835820895522388,0.6841783750763593,0.835820895522388,3.848503359804521,0.5,4.801466096518021,0.5070967741935484,0.2565668906536347,0.7,0.6963958460598657,0.7402597402597403,0.20769700671960906,0.7727272727272727,0.4153940134392181,0.68,0.56657223796034,1.4462809917355373,0.46426389737324375,0.7307692307692307,1.1117898594990838,0.7165354330708661,1.0,77.35849056603774,79.24528301886792,7.547169811320753,18.86792452830188,75.47169811320755,77.35849056603774,13.207547169811317,32.07547169811321,56.60377358490566,64.15094339622641,37.735849056603776,45.283018867924525,83.01886792452831,90.56603773584906,7.547169811320753,20.754716981132074,35.84905660377358,65.38461538461539,9.433962264150946,40.38461538461538,56.60377358490566,11.320754716981124,78.30188679245283,13.207547169811317,76.41509433962264,22.641509433962263,60.37735849056604,41.509433962264154,86.7924528301887,14.150943396226413,50.61683599419449,24.90928882438316,56.60377358490566,11.320754716981124
Stewart Nicoll,Men’s Flyweight,4,2.1369863013698627,0.30847457627118646,3.405088062622309,0.3877005347593583,0.46966731898238745,0.7142857142857143,1.1506849315068493,0.8448275862068966,0.39921722113502933,0.8095238095238095,0.2583170254403131,0.7333333333333333,2.8649706457925634,0.3719512195121951,4.367906066536203,0.44285714285714284,0.0,0.0,0.30528375733855184,0.6842105263157895,0.14090019569471623,0.46153846153846156,0.14090019569471623,0.75,0.0,0.4878048780487805,0.14090019569471623,0.375,0.4461839530332681,0.7037037037037037,1.0,45.28301886792453,20.754716981132077,13.207547169811317,37.735849056603776,15.09433962264151,66.0377358490566,15.09433962264151,1.8867924528301887,33.9622641509434,54.71698113207547,86.79245283018868,77.35849056603774,43.39622641509434,20.754716981132077,11.320754716981124,37.735849056603776,9.433962264150944,5.769230769230769,69.81132075471699,48.07692307692307,16.9811320754717,41.50943396226415,33.01886792452831,25.471698113207545,40.56603773584906,8.49056603773585,44.339622641509436,82.0754716981132,32.075471698113205,24.52830188679245,7.601596516690856,58.944121915820034,16.9811320754717,41.50943396226415
Felipe dos Santos,Men’s Flyweight,4,1.9833333333333334,0.30279898218829515,2.1,0.48091603053435117,0.9833333333333333,0.5086206896551724,1.0666666666666667,0.7710843373493976,0.7833333333333333,0.7580645161290323,0.6333333333333333,0.8444444444444444,3.1,0.36470588235294116,2.7333333333333334,0.5466666666666666,0.3,0.6,0.38333333333333336,0.7931034482758621,0.35,0.6774193548387096,0.6833333333333333,0.6721311475409836,0.0,0.43859649122807015,0.65,0.639344262295082,1.0666666666666667,0.7111111111111111,1.0,41.509433962264154,16.9811320754717,54.71698113207547,16.981132075471702,77.35849056603774,5.660377358490567,22.641509433962266,13.207547169811317,77.35849056603774,32.075471698113205,39.62264150943396,39.62264150943396,52.83018867924528,16.9811320754717,58.490566037735846,7.547169811320753,52.83018867924528,23.076923076923077,11.320754716981124,42.30769230769231,16.9811320754717,52.83018867924528,29.245283018867926,35.84905660377358,41.509433962264154,17.92452830188679,54.716981132075475,39.62264150943396,34.90566037735849,33.0188679245283,37.95355587808418,26.814223512336717,16.9811320754717,52.83018867924528
Ode Osbourne,Men’s Flyweight,8,1.308826499697031,0.28346456692913385,1.6239143607352051,0.4072948328267477,0.508988083215512,0.6885245901639344,0.3878004443546758,0.5161290322580645,0.47263179155726115,0.7647058823529411,0.6180569581902646,0.7611940298507462,1.878408402342961,0.34598214285714285,1.466370430216118,0.38412698412698415,0.10906887497475258,0.75,0.3150878610381741,0.6666666666666666,0.30296909715209047,0.7575757575757576,0.8483134720258534,0.6730769230769231,1.0582010582010581,0.4608294930875576,0.41203797212684307,0.7555555555555555,1.1634013330640274,0.6713286713286714,1.0,18.867924528301888,11.320754716981133,75.47169811320755,30.188679245283023,20.754716981132077,50.943396226415096,90.56603773584906,90.56603773584906,45.28301886792453,37.735849056603776,41.50943396226415,69.81132075471699,18.867924528301888,11.320754716981133,94.33962264150944,75.47169811320755,32.075471698113205,75.0,7.547169811320753,65.38461538461539,75.47169811320755,45.283018867924525,15.09433962264151,52.83018867924529,35.84905660377359,90.56603773584906,41.509433962264154,55.660377358490564,15.09433962264151,84.90566037735849,53.5377358490566,36.46589259796807,75.47169811320755,45.283018867924525
Kiru Sahota,Men’s Flyweight,1,0.0,0.0,2.3076923076923075,0.5,0.0,0.0,0.7692307692307692,0.6666666666666666,0.7692307692307692,0.5,1.5384615384615383,1.0,0.7692307692307692,0.08695652173913043,4.615384615384615,0.7058823529411765,0.0,,0.0,0.0,0.0,,0.0,0.0,0.0,8.333333333333334,0.0,,0.0,0.0,1.0,1.8867924528301887,1.8867924528301887,47.16981132075472,11.320754716981124,1.8867924528301887,1.8867924528301887,47.16981132075472,62.264150943396224,71.69811320754717,1.8867924528301887,1.8867924528301887,4.716981132075471,1.8867924528301887,1.8867924528301887,9.433962264150946,1.8867924528301887,2.8301886792452833,,99.05660377358491,100.0,16.9811320754717,3.7735849056603814,1.8867924528301887,29.245283018867923,1.8867924528301887,54.716981132075475,36.79245283018868,3.30188679245283,1.8867924528301887,5.6603773584905674,2.8301886792452833,99.52830188679246,16.9811320754717,3.7735849056603814
Jimmy Flick,Men’s Flyweight,6,0.6177349717701761,0.36904761904761907,4.085021587512455,0.5324675324675324,0.5778811026237131,0.58,0.8967120557954169,0.7627118644067796,0.37861175689139825,0.59375,0.6177349717701761,0.8857142857142857,1.315177681833278,0.4370860927152318,3.726336765194288,0.5373563218390804,0.21919628030554633,0.8461538461538461,0.5978080371969445,0.8108108108108109,0.039853869146462974,1.0,1.2753238126868152,0.6808510638297872,0.0,0.35587188612099646,0.2590501494520093,0.8666666666666667,1.8731318498837597,0.7175572519083969,1.0,3.7735849056603774,41.509433962264154,5.66037735849056,5.66037735849056,26.41509433962264,18.867924528301888,32.07547169811321,16.981132075471702,26.41509433962264,3.7735849056603774,43.39622641509434,20.754716981132074,9.433962264150944,56.60377358490566,28.30188679245283,9.433962264150946,18.867924528301888,98.07692307692307,1.8867924528301887,38.46153846153846,16.9811320754717,56.60377358490565,22.641509433962266,5.66037735849056,22.641509433962263,24.528301886792455,15.09433962264151,32.075471698113205,33.0188679245283,18.867924528301888,58.472423802612475,20.174165457184323,16.9811320754717,56.60377358490565
Jose Johnson,Men’s Flyweight,4,1.457943925233645,0.47706422018348627,0.9813084112149534,0.38461538461538464,0.588785046728972,0.7241379310344828,0.30841121495327106,0.5238095238095238,0.30841121495327106,0.6470588235294118,0.5607476635514019,0.8,1.205607476635514,0.4725274725274725,0.8411214953271029,0.35714285714285715,0.30841121495327106,0.4782608695652174,0.42056074766355145,0.7894736842105263,0.8411214953271029,0.7317073170731707,0.588785046728972,0.6176470588235294,0.0,0.0,1.1495327102803738,0.640625,1.0093457943925235,0.6792452830188679,1.0,22.641509433962266,90.56603773584906,96.22641509433963,39.62264150943396,32.075471698113205,69.81132075471697,98.11320754716982,88.67924528301887,16.9811320754717,11.320754716981133,47.16981132075472,50.0,7.547169811320755,77.35849056603774,98.11320754716982,84.9056603773585,96.22641509433963,25.0,15.09433962264151,61.53846153846153,16.9811320754717,82.07547169811322,56.60377358490567,67.9245283018868,50.94339622641509,93.39622641509435,14.150943396226417,48.58490566037736,42.45283018867925,91.50943396226415,60.613207547169814,38.31640058055152,16.9811320754717,82.07547169811322
CJ Vergara,Men’s Flyweight,8,2.448735815249851,0.44372294372294374,2.9623730838144535,0.37632776934749623,1.7917579135974517,0.7614213197969543,1.1347800119450526,0.7364341085271318,0.7047581126816643,0.8428571428571429,0.5972526378658173,0.8928571428571429,3.5237905634083218,0.5267857142857143,4.073262990244873,0.4405684754521964,0.4180768465060721,0.7608695652173914,0.29862631893290864,0.7575757575757576,1.003384431614573,0.6829268292682927,0.3225164244475413,0.7297297297297297,0.0,1.272264631043257,1.421461278120645,0.7041420118343196,0.62114274338045,0.7428571428571429,1.0,67.9245283018868,84.90566037735849,26.415094339622637,49.056603773584904,100.0,86.79245283018868,16.981132075471702,28.30188679245283,62.264150943396224,66.0377358490566,45.283018867924525,17.92452830188679,71.69811320754717,94.33962264150944,20.754716981132074,39.62264150943396,98.11320754716981,53.84615384615385,50.94339622641509,26.923076923076923,16.9811320754717,16.981132075471702,76.41509433962264,37.73584905660377,93.39622641509433,22.641509433962266,64.15094339622641,31.60377358490566,83.01886792452831,30.18867924528302,75.97968069666183,38.933236574746005,16.9811320754717,16.981132075471702
Victor Altamirano,Men’s Flyweight,6,1.9453273998728542,0.3893129770992366,2.2377622377622375,0.3697478991596639,1.551176096630642,0.6931818181818182,0.8391608391608391,0.6947368421052632,0.6865861411315957,0.9,0.5467260012714558,0.86,3.2167832167832167,0.4782608695652174,2.720915448188175,0.4254473161033797,0.3814367450731087,0.7894736842105263,0.4577240940877304,0.5714285714285714,0.5848696757787667,0.7419354838709677,0.4450095359186268,0.6363636363636364,0.303951367781155,0.7017543859649122,0.9663064208518753,0.76,0.9027336300063572,0.6016949152542372,1.0,37.735849056603776,60.37735849056604,50.94339622641509,50.94339622641509,92.45283018867924,52.83018867924528,39.62264150943396,49.056603773584904,58.490566037735846,83.01886792452831,52.83018867924528,30.188679245283023,60.37735849056604,83.01886792452831,60.37735849056603,47.16981132075472,84.90566037735849,76.92307692307693,20.754716981132074,82.6923076923077,43.39622641509434,32.07547169811321,49.05660377358491,50.94339622641509,72.64150943396226,44.339622641509436,70.75471698113208,41.509433962264154,71.69811320754718,53.77358490566037,80.91436865021771,51.723512336719885,43.39622641509434,32.07547169811321
Jon Jones,Men’s Heavyweight,8,1.786723163841808,0.5371549893842887,1.1299435028248588,0.2450229709035222,1.1864406779661016,0.7962085308056872,0.7132768361581922,0.6733333333333333,1.6031073446327684,0.7721088435374149,0.8050847457627119,0.6785714285714286,3.326271186440678,0.6116883116883117,2.3375706214689265,0.3649393605292172,0.4378531073446328,0.775,0.3036723163841808,0.6825396825396826,0.8121468926553672,0.9126984126984127,0.007062146892655367,1.0,0.30864197530864196,0.0,1.25,0.8592233009708737,0.3107344632768362,0.6875,1.0,29.508196721311474,85.24590163934425,91.80327868852459,96.72131147540983,83.60655737704919,59.32203389830508,44.26229508196722,81.35593220338983,95.08196721311475,23.728813559322035,32.786885245901644,94.91525423728814,60.65573770491803,93.44262295081968,73.77049180327869,95.08196721311475,75.40983606557377,88.33333333333333,68.85245901639345,60.3448275862069,42.62295081967213,76.22950819672131,57.377049180327866,94.26229508196721,71.46429563767714,62.809113642678525,59.40539038621839,63.85106974159489,77.04918032786885,84.42622950819671,81.87158469945355,64.59864330130017,42.62295081967213,76.22950819672131
Ciryl Gane,Men’s Heavyweight,8,2.643805309734513,0.5745192307692307,0.8738938053097345,0.2872727272727273,1.4380530973451326,0.7784431137724551,0.6305309734513274,0.6627906976744186,1.5929203539823007,0.9664429530201343,0.5088495575221239,0.696969696969697,4.966814159292035,0.6782477341389728,1.8362831858407078,0.415,0.32079646017699115,0.90625,0.12168141592920353,0.6111111111111112,0.38716814159292035,0.9210526315789473,0.05530973451327433,0.5555555555555556,0.3898635477582846,0.5494505494505495,0.7079646017699115,0.9142857142857143,0.17699115044247787,0.5925925925925926,1.0,57.377049180327866,88.52459016393442,95.08196721311475,90.1639344262295,95.08196721311475,49.152542372881356,57.37704918032787,86.44067796610169,93.44262295081968,76.27118644067797,65.57377049180327,91.52542372881356,90.1639344262295,98.36065573770492,86.88524590163935,77.04918032786885,45.90163934426229,95.0,85.24590163934427,84.48275862068965,49.18032786885246,40.98360655737705,72.95081967213115,92.62295081967213,72.11725479299805,71.90886357321477,84.85690469574882,78.54959711030841,94.26229508196721,81.9672131147541,70.45081967213115,84.86433013001695,49.18032786885246,40.98360655737705
Alexander Volkov,Men’s Heavyweight,8,2.3640256959314776,0.4730077120822622,1.4518201284796575,0.345565749235474,1.2077087794432548,0.7966101694915254,0.46252676659528913,0.6923076923076923,1.220556745182013,0.8558558558558559,0.84796573875803,0.7764705882352941,4.085653104925054,0.5740072202166066,2.4154175588865097,0.4361948955916473,0.19271948608137046,0.9375,0.10278372591006425,0.8888888888888888,0.5139186295503212,0.8333333333333334,0.24411134903640258,0.7916666666666666,0.2680965147453083,0.0,0.7066381156316917,0.859375,0.3468950749464668,0.8181818181818182,1.0,49.18032786885246,65.57377049180327,81.9672131147541,73.77049180327869,85.24590163934425,61.016949152542374,72.1311475409836,76.27118644067797,78.68852459016394,38.983050847457626,29.508196721311478,84.74576271186442,78.68852459016394,83.60655737704919,70.49180327868852,68.85245901639345,44.26229508196721,90.0,65.57377049180327,20.6896551724138,38.52459016393443,76.22950819672131,57.377049180327866,77.8688524590164,73.13142539594331,74.20116699083079,58.83578771881078,57.12697971658795,81.14754098360656,69.672131147541,67.1311475409836,43.13171283210853,38.52459016393443,76.22950819672131
Tom Aspinall,Men’s Heavyweight,8,4.708737864077669,0.5739644970414202,1.5533980582524272,0.26229508196721313,1.0679611650485437,0.88,1.1650485436893203,0.8571428571428571,1.4563106796116503,1.0,1.0194174757281553,0.9545454545454546,4.6116504854368925,0.625,3.5922330097087376,0.4484848484848485,0.8252427184466019,0.7083333333333334,0.14563106796116504,0.5,1.7961165048543688,0.7708333333333334,0.0,0.0,2.684563758389262,0.0,2.6213592233009706,0.75,0.14563106796116504,0.42857142857142855,1.0,90.1639344262295,86.88524590163934,72.1311475409836,95.08196721311475,80.32786885245902,82.20338983050848,16.39344262295083,23.728813559322035,83.60655737704919,88.98305084745762,22.950819672131146,30.508474576271183,86.88524590163934,95.08196721311475,37.70491803278688,54.09836065573771,93.44262295081968,51.66666666666667,88.52459016393442,98.27586206896551,93.44262295081968,76.22950819672131,88.52459016393442,83.60655737704917,81.26562934148376,20.061128091136432,86.2948041122534,26.729647124201165,90.98360655737704,45.90163934426229,72.55464480874318,93.40022611644997,93.44262295081968,76.22950819672131
Sergei Pavlovich,Men’s Heavyweight,8,3.285024154589372,0.38636363636363635,1.7584541062801933,0.30743243243243246,0.5217391304347826,0.7105263157894737,0.4830917874396135,0.5681818181818182,0.3285024154589372,0.9444444444444444,1.1400966183574879,0.7283950617283951,3.864734299516908,0.4219409282700422,3.323671497584541,0.41445783132530123,0.03864734299516908,0.3333333333333333,0.0,0.0,0.2318840579710145,0.75,0.057971014492753624,1.0,2.336448598130841,0.5714285714285714,0.27053140096618356,0.6363636363636364,0.057971014492753624,0.5,1.0,75.40983606557377,37.704918032786885,62.295081967213115,85.24590163934427,45.90163934426229,27.11864406779661,68.85245901639345,93.22033898305085,31.147540983606557,67.79661016949152,14.754098360655746,89.83050847457628,73.77049180327869,31.147540983606557,50.81967213114754,80.32786885245902,16.39344262295082,22.5,93.44262295081967,92.24137931034483,90.1639344262295,39.34426229508197,56.55737704918033,73.77049180327869,36.51014170602945,81.03639899972215,49.47207557654904,52.29230341761601,52.459016393442624,65.57377049180329,19.446721311475407,92.84200113058225,90.1639344262295,39.34426229508197
Curtis Blaydes,Men’s Heavyweight,8,4.314159292035399,0.4537521815008726,4.579646017699115,0.4750430292598967,0.4811946902654867,0.8285714285714286,0.4314159292035398,0.8125,0.6969026548672567,0.84,0.08296460176991151,0.8333333333333334,3.7665929203539825,0.42830188679245285,4.148230088495575,0.45871559633027525,1.1946902654867257,0.8372093023255814,0.713495575221239,0.7288135593220338,0.5309734513274337,0.7619047619047619,0.2323008849557522,0.9333333333333333,0.3021148036253776,0.6514657980456026,1.7256637168141593,0.8125,0.9457964601769911,0.7702702702702703,1.0,88.52459016393442,60.65573770491803,9.836065573770497,29.508196721311478,40.98360655737705,69.49152542372882,78.68852459016394,33.89830508474577,59.01639344262295,33.89830508474576,95.08196721311475,73.72881355932203,68.85245901639344,34.42622950819672,16.39344262295083,47.540983606557376,86.88524590163934,69.16666666666667,37.70491803278688,39.6551724137931,40.98360655737705,36.06557377049181,74.59016393442623,19.672131147540988,55.23756599055294,56.293414837454854,46.45734926368435,84.40539038621839,51.63934426229508,31.967213114754102,78.02595628415301,38.680045223289994,40.98360655737705,36.06557377049181
Alex Pereira,Men’s Heavyweight,8,2.4381625441696113,0.5048780487804878,2.0376914016489986,0.3665254237288136,0.9422850412249705,0.7920792079207921,0.812720848056537,0.7040816326530612,1.4840989399293285,0.863013698630137,0.8480565371024734,0.935064935064935,3.851590106007067,0.5913200723327305,3.0624263839811543,0.4444444444444444,0.3415783274440518,0.9666666666666667,0.3415783274440518,0.8529411764705882,0.6713780918727915,0.7702702702702703,0.2944640753828033,0.8928571428571429,1.2106537530266344,0.3184713375796178,1.0129564193168432,0.8269230769230769,0.6360424028268551,0.8709677419354839,1.0,50.81967213114754,77.04918032786885,52.459016393442624,68.85245901639345,73.77049180327869,57.6271186440678,36.06557377049181,71.1864406779661,88.52459016393442,40.67796610169492,27.868852459016395,33.89830508474577,72.1311475409836,86.88524590163934,54.09836065573771,61.47540983606557,62.295081967213115,80.0,52.459016393442624,6.896551724137927,78.68852459016394,49.18032786885246,63.9344262295082,60.65573770491804,65.69880522367325,53.62600722422896,64.60127813281467,30.883578771881083,79.50819672131146,57.786885245901644,71.14754098360656,29.677784058790277,78.68852459016394,49.18032786885246
Stipe Miocic,Men’s Heavyweight,8,2.914738929279577,0.4772727272727273,3.72769332452082,0.5637181409295352,0.8426966292134832,0.8585858585858586,0.4857898215465962,0.6712328767123288,0.6146728354263054,0.9538461538461539,0.5948446794448117,0.9090909090909091,3.3113020489094516,0.5310015898251192,3.588896232650364,0.5535168195718655,0.5551883674818242,0.7088607594936709,0.4659616655651025,0.746031746031746,0.5056179775280899,0.7083333333333334,0.7534699272967614,0.8539325842696629,0.6802721088435374,1.0309278350515463,1.060806345009914,0.7086092715231788,1.219431592861864,0.8092105263157895,1.0,70.49180327868852,67.21311475409836,16.39344262295083,11.47540983606558,65.57377049180327,76.27118644067797,67.21311475409837,83.05084745762711,54.09836065573771,69.49152542372882,54.09836065573771,49.15254237288135,59.01639344262295,73.77049180327869,39.34426229508197,26.229508196721312,63.934426229508205,41.66666666666667,24.59016393442623,22.413793103448278,60.65573770491803,21.311475409836063,68.85245901639344,13.934426229508205,70.92247846624062,75.13198110586274,61.79494303973326,51.62545151430953,66.39344262295081,32.786885245901644,52.80054644808744,23.501978518937253,60.65573770491803,21.311475409836063
Martin Buday,Men’s Heavyweight,8,2.8113695090439275,0.4230171073094868,2.490956072351421,0.3179419525065963,0.9509043927648578,0.8932038834951457,1.4573643410852712,0.7877094972067039,0.6098191214470284,0.8939393939393939,0.6408268733850129,0.8378378378378378,3.1421188630490957,0.46412213740458014,3.7829457364341086,0.4066666666666667,1.1059431524547803,0.781021897810219,0.6718346253229974,0.7303370786516854,0.12403100775193798,0.6,0.1343669250645995,0.5909090909090909,0.2364066193853428,0.0,1.2299741602067182,0.7579617834394905,0.8062015503875969,0.7027027027027027,1.0,65.57377049180327,52.459016393442624,45.9016393442623,80.32786885245902,75.40983606557377,86.4406779661017,8.1967213114754,40.67796610169491,52.459016393442624,45.76271186440678,49.18032786885246,71.1864406779661,54.09836065573771,50.81967213114754,29.508196721311478,83.60655737704919,73.77049180327869,53.333333333333336,40.98360655737705,55.17241379310345,36.0655737704918,76.22950819672131,59.01639344262295,63.11475409836066,80.92525701583773,24.437343706585157,49.1108641289247,60.18338427340928,52.459016393442624,56.55737704918033,63.55191256830601,48.07801017524025,36.0655737704918,76.22950819672131
Jailton Almeida,Men’s Heavyweight,8,1.5706806282722514,0.6345177664974619,1.2314136125654451,0.5268817204301075,0.2638743455497382,0.7777777777777778,0.2513089005235602,0.7142857142857143,0.07539267015706806,0.6666666666666666,0.025130890052356022,1.0,0.49005235602094244,0.43820224719101125,0.3643979057591623,0.30526315789473685,0.2387434554973822,0.6785714285714286,0.3518324607329843,0.8,1.181151832460733,0.8103448275862069,0.7916230366492147,0.7325581395348837,0.0,0.0,1.4198952879581153,0.7847222222222222,1.143455497382199,0.7520661157024794,1.0,24.59016393442623,96.72131147540983,90.1639344262295,21.311475409836063,11.475409836065573,46.61016949152542,93.44262295081967,69.49152542372882,13.114754098360656,14.40677966101695,96.72131147540983,11.86440677966101,1.639344262295082,40.98360655737705,100.0,100.0,78.68852459016394,60.0,34.42622950819673,46.55172413793104,17.21311475409836,76.22950819672131,60.65573770491803,55.73770491803278,29.042789663795496,81.46707418727425,13.760766879688802,54.29285912753542,21.311475409836067,100.0,69.34426229508196,40.48897682306388,17.21311475409836,76.22950819672131
Vitor Petrino,Men’s Heavyweight,8,2.1326127624194555,0.4081145584725537,1.471627520266057,0.34104046242774566,0.5986281438370401,0.8135593220338984,0.6609852421533984,0.7681159420289855,0.44897110787778005,0.8372093023255814,0.7358137601330285,0.9076923076923077,2.6439409686135935,0.4608695652173913,2.5316981916441486,0.45617977528089887,0.12471419663271668,0.7142857142857143,0.29931407191852005,0.75,0.41155684888796507,0.7021276595744681,0.03741425898981501,1.0,1.1764705882352942,0.8695652173913043,0.5362710455206817,0.7049180327868853,0.33672833090833504,0.7714285714285715,1.0,42.62295081967213,44.26229508196721,80.32786885245902,75.40983606557377,52.459016393442624,66.10169491525424,52.459016393442624,52.54237288135593,39.34426229508197,32.20338983050847,40.98360655737705,50.847457627118644,45.90163934426229,49.18032786885246,65.57377049180327,49.18032786885246,27.86885245901639,40.0,67.21311475409837,37.068965517241374,77.04918032786885,29.508196721311478,43.44262295081967,77.8688524590164,59.28035565434843,52.50069463739928,35.77382606279522,45.915532092247844,47.540983606557376,57.377049180327866,33.9344262295082,52.14104013566987,77.04918032786885,29.508196721311478
Derrick Lewis,Men’s Heavyweight,8,1.4914285714285713,0.38495575221238937,3.222857142857143,0.6596491228070176,0.30857142857142855,0.6666666666666666,0.4114285714285714,0.9230769230769231,0.017142857142857144,0.3333333333333333,0.24,0.875,0.6171428571428571,0.25,1.6457142857142857,0.5925925925925926,0.30857142857142855,0.72,0.36,0.75,0.8914285714285713,0.5977011494252874,1.8685714285714285,0.7956204379562044,2.830188679245283,1.3274336283185841,1.2,0.625,2.2285714285714286,0.7878787878787878,1.0,22.950819672131146,36.0655737704918,27.868852459016395,1.639344262295082,16.39344262295082,17.796610169491526,85.24590163934427,14.406779661016941,4.918032786885246,1.694915254237288,77.04918032786885,61.86440677966102,4.918032786885246,3.278688524590164,88.52459016393442,14.754098360655746,72.1311475409836,18.333333333333332,4.918032786885248,29.310344827586214,95.08196721311475,16.39344262295083,29.508196721311474,14.754098360655739,17.095026396221172,49.826340650180605,3.306474020561267,69.45679355376494,4.0983606557377055,51.63934426229508,45.23224043715847,17.11418880723573,95.08196721311475,16.39344262295083
Valter Walker,Men’s Heavyweight,6,0.9580838323353293,0.375,1.3173652694610778,0.4074074074074074,0.3592814371257485,0.8181818181818182,0.6786427145708582,0.85,0.5988023952095808,0.9375,0.6786427145708582,1.0,1.3572854291417165,0.4927536231884058,2.5149700598802394,0.5675675675675675,0.1996007984031936,0.4166666666666667,0.1596806387225549,0.5714285714285714,0.3592814371257485,0.9,0.0,,0.0,0.0,0.5588822355289421,0.6363636363636364,0.1596806387225549,0.5714285714285714,1.0,8.19672131147541,29.508196721311474,85.24590163934427,55.73770491803279,21.311475409836063,67.79661016949152,45.9016393442623,28.813559322033896,47.540983606557376,65.2542372881356,45.9016393442623,11.86440677966101,14.754098360655737,60.65573770491803,67.21311475409837,22.950819672131146,32.78688524590164,22.5,86.88524590163935,87.06896551724138,17.21311475409836,76.22950819672131,18.852459016393443,70.49180327868854,44.55404278966379,37.3575993331481,56.39761044734649,28.883023061961655,37.704918032786885,45.08196721311476,27.64344262295082,86.97710570944037,17.21311475409836,76.22950819672131
Waldo Cortes-Acosta,Men’s Heavyweight,8,4.026584535581132,0.42724458204334365,1.5075376884422111,0.2818181818181818,0.7100016210082671,0.6759259259259259,0.7294537202139731,0.6944444444444444,0.768357918625385,0.8229166666666666,1.2157562003566218,0.9328358208955224,4.892202950235046,0.47768281101614435,3.3749392121899824,0.4465894465894466,0.1945209920570595,0.5882352941176471,0.06808234721997082,0.5384615384615384,0.4182201329226779,0.5,0.009726049602852975,0.5,0.35335689045936397,0.0,0.6127411249797374,0.525,0.0778083968228238,0.5333333333333333,1.0,83.60655737704919,55.73770491803278,75.40983606557377,91.80327868852459,54.09836065573771,20.33898305084746,42.622950819672134,74.57627118644068,67.21311475409836,28.8135593220339,11.47540983606558,35.593220338983045,88.52459016393442,57.377049180327866,49.18032786885246,59.016393442622956,37.704918032786885,6.666666666666667,91.80327868852459,89.6551724137931,47.540983606557376,76.22950819672131,69.67213114754098,83.60655737704917,37.218671853292584,58.59961100305641,48.013337038066126,23.534315087524313,72.95081967213115,54.09836065573771,22.185792349726775,90.72922555115883,47.540983606557376,76.22950819672131
Josh Hokit,Men’s Heavyweight,4,9.246119733924612,0.6233183856502242,5.188470066518847,0.48148148148148145,0.8647450110864745,0.7878787878787878,0.6651884700665188,0.9090909090909091,0.1662971175166297,1.0,0.2660753880266075,0.8,6.951219512195122,0.5837988826815642,3.9578713968957873,0.4358974358974359,1.729490022172949,0.7878787878787878,2.0953436807095343,0.7875,1.5964523281596452,0.8,0.06651884700665188,0.6666666666666666,0.970873786407767,0.0,3.3259423503325944,0.7936507936507936,2.1618625277161865,0.7831325301204819,1.0,98.36065573770492,91.80327868852459,8.1967213114754,27.868852459016395,68.85245901639344,54.23728813559322,50.0,18.644067796610173,22.950819672131146,88.98305084745762,75.40983606557377,80.50847457627118,96.72131147540983,85.24590163934425,24.59016393442623,70.49180327868852,96.72131147540983,65.0,6.557377049180331,31.03448275862069,68.85245901639344,76.22950819672131,95.08196721311475,18.032786885245898,61.54487357599333,34.32203389830509,55.96693525979438,77.95915532092248,90.98360655737704,47.540983606557376,80.86065573770492,18.79592990390051,68.85245901639344,76.22950819672131
Serghei Spivac,Men’s Heavyweight,8,3.1313131313131315,0.44285714285714284,3.4343434343434343,0.408,0.13468013468013468,0.6666666666666666,1.144781144781145,0.7640449438202247,0.15151515151515152,0.9,0.7744107744107744,0.9787234042553191,2.3063973063973067,0.39825581395348836,4.781144781144781,0.47892074198988194,0.050505050505050504,0.6,0.3703703703703704,0.7333333333333333,1.0606060606060606,0.6774193548387096,0.20202020202020202,0.9230769230769231,0.0,0.0,1.1111111111111112,0.673469387755102,0.5723905723905724,0.7906976744186046,1.0,73.77049180327869,57.377049180327866,22.950819672131146,54.09836065573771,8.19672131147541,17.796610169491526,18.032786885245898,55.932203389830505,19.672131147540984,48.30508474576271,36.06557377049181,23.728813559322035,32.78688524590164,27.86885245901639,13.114754098360663,39.34426229508197,65.57377049180327,35.0,55.73770491803279,27.586206896551722,17.21311475409836,76.22950819672131,65.57377049180327,38.52459016393443,12.996665740483468,36.9824951375382,33.98860794665185,29.897193664906922,30.327868852459012,26.229508196721316,50.28688524590164,41.66195590729225,17.21311475409836,76.22950819672131
Ryan Spann,Men’s Heavyweight,8,1.9166106254203092,0.28106508875739644,2.8244788164088765,0.5263157894736842,0.5850706119704102,0.5918367346938775,0.4640215198386012,0.7666666666666667,0.363147276395427,1.0,1.1499663752521856,0.8769230769230769,2.2797579018157363,0.3095890410958904,3.893745796906523,0.5920245398773006,0.08069939475453934,1.0,0.10087424344317417,0.7142857142857143,0.5043712172158709,0.6944444444444444,0.44384667114996634,0.7857142857142857,1.408450704225352,0.9090909090909091,0.5850706119704102,0.725,0.5447209145931405,0.7714285714285715,1.0,31.147540983606557,9.836065573770492,36.06557377049181,22.950819672131146,50.81967213114754,6.779661016949152,70.49180327868852,54.23728813559322,34.42622950819672,88.98305084745762,13.114754098360663,59.32203389830509,29.508196721311474,8.19672131147541,26.229508196721312,16.39344262295083,36.0655737704918,45.0,57.37704918032787,37.068965517241374,81.9672131147541,23.770491803278688,20.491803278688526,29.508196721311478,28.799666574048345,62.36454570714087,61.70464017782717,36.21839399833287,18.852459016393443,21.31147540983607,40.5327868852459,47.22300734878462,81.9672131147541,23.770491803278688
Brando Pericic,Men’s Heavyweight,3,7.871485943775101,0.5,2.9718875502008033,0.33636363636363636,1.7670682730923695,0.88,1.1244979919678715,0.9333333333333333,1.3654618473895583,1.0,0.1606425702811245,1.0,7.791164658634538,0.5418994413407822,3.453815261044177,0.3739130434782609,2.3293172690763053,0.7073170731707317,0.8032128514056225,0.8333333333333334,0.8835341365461847,0.6111111111111112,0.0,,0.7299270072992701,0.0,3.21285140562249,0.6779661016949152,0.8032128514056225,0.8333333333333334,1.0,96.72131147540983,75.40983606557377,32.786885245901644,77.04918032786885,98.36065573770492,82.20338983050848,19.67213114754098,11.86440677966101,80.32786885245902,88.98305084745762,90.1639344262295,11.86440677966101,98.36065573770492,75.40983606557377,45.9016393442623,91.80327868852459,95.08196721311475,36.666666666666664,42.622950819672134,17.241379310344833,65.57377049180327,76.22950819672131,86.0655737704918,54.91803278688525,90.2820227841067,15.768268963600995,84.65545984995832,51.014170602945256,86.88524590163934,68.85245901639344,65.8743169398907,29.932165065008483,65.57377049180327,76.22950819672131
Waldo Cortes Acosta,Men’s Heavyweight,4,2.868804664723032,0.47126436781609193,1.5743440233236152,0.29411764705882354,0.489795918367347,0.5833333333333334,0.979591836734694,0.7567567567567568,0.8396501457725948,0.75,1.5743440233236152,0.9574468085106383,3.253644314868805,0.465,4.0932944606414,0.5,0.13994169096209913,0.6666666666666666,0.03498542274052478,0.3333333333333333,0.80466472303207,0.9583333333333334,0.0,,3.3333333333333335,0.0,0.9446064139941691,0.9,0.03498542274052478,0.3333333333333333,1.0,67.21311475409836,63.934426229508205,70.49180327868852,88.52459016393442,44.26229508196721,5.084745762711865,26.229508196721312,61.01694915254237,68.85245901639344,21.1864406779661,9.836065573770497,27.11864406779661,57.377049180327866,52.459016393442624,21.311475409836063,34.42622950819673,57.377049180327866,91.66666666666666,95.08196721311475,100.0,96.72131147540983,76.22950819672131,65.57377049180329,79.50819672131146,24.673520422339536,43.62322867463184,45.01944984717977,18.477354820783553,54.91803278688525,27.868852459016395,74.52185792349727,97.54098360655738,96.72131147540983,76.22950819672131
Mario Pinto,Men’s Heavyweight,3,2.0458356623812186,0.6288659793814433,1.0061486864169928,0.3157894736842105,0.26830631637786473,0.8888888888888888,0.6707657909446618,0.7692307692307693,0.23476802683063164,0.875,0.13415315818893236,0.5714285714285714,1.1403018446059252,0.5230769230769231,1.5092230296254892,0.39473684210526316,0.4695360536612633,0.8235294117647058,0.3018446059250978,0.6428571428571429,0.9390721073225266,0.875,0.0,,1.3157894736842106,1.8518518518518519,1.40860816098379,0.8571428571428571,0.3018446059250978,0.6428571428571429,1.0,39.34426229508197,95.08196721311475,93.44262295081967,81.9672131147541,13.114754098360656,84.7457627118644,47.540983606557376,50.847457627118644,24.59016393442623,44.06779661016949,91.80327868852459,96.61016949152543,11.475409836065573,72.1311475409836,93.44262295081967,88.52459016393442,77.04918032786885,86.66666666666667,70.49180327868852,75.86206896551724,80.32786885245902,9.836065573770497,67.21311475409836,87.70491803278688,48.930258405112525,49.19422061683801,34.328980272297855,94.206724090025,41.803278688524586,90.98360655737704,81.85792349726776,73.17693612210289,80.32786885245902,9.836065573770497
Aleksandar Rakic,Men’s Heavyweight,8,1.6282642089093702,0.33125,1.4951356886840756,0.3133047210300429,0.7987711213517664,0.7572815533980582,0.8499743983614951,0.5928571428571429,1.3927291346646185,0.7953216374269005,0.8499743983614951,0.8645833333333334,3.154121863799283,0.456973293768546,2.508960573476702,0.40229885057471265,0.3891449052739375,0.8636363636363636,0.48131080389144903,0.746031746031746,0.27649769585253453,0.75,0.20481310803891448,0.6666666666666666,0.2680965147453083,0.32051282051282054,0.665642601126472,0.8125,0.6861239119303635,0.7204301075268817,1.0,27.86885245901639,21.311475409836063,77.04918032786885,83.60655737704919,57.377049180327866,38.983050847457626,34.42622950819673,91.52542372881356,81.9672131147541,25.423728813559322,26.229508196721312,66.10169491525423,55.73770491803278,47.540983606557376,68.85245901639345,85.24590163934427,40.98360655737705,69.16666666666667,49.18032786885246,51.724137931034484,38.52459016393443,47.540983606557376,24.59016393442623,80.32786885245902,48.180050013892746,62.975826618505145,53.69547096415671,46.16560155598777,51.63934426229508,77.04918032786887,55.075136612021865,50.45223289994347,38.52459016393443,47.540983606557376
Marcin Tybura,Men’s Heavyweight,8,1.98024948024948,0.3333333333333333,2.3076923076923075,0.4111111111111111,1.0446985446985446,0.6036036036036037,0.5769230769230769,0.8043478260869565,0.26507276507276506,0.85,0.5457380457380456,0.9210526315789473,2.3076923076923075,0.34022988505747126,2.6195426195426195,0.4602739726027397,0.2806652806652806,0.6923076923076923,0.32744282744282743,1.0,0.7016632016632016,0.8823529411764706,0.4833679833679833,0.5344827586206896,0.0,0.9090909090909091,0.9823284823284822,0.8181818181818182,0.8108108108108107,0.6582278481012658,1.0,37.704918032786885,24.59016393442623,47.540983606557376,49.18032786885246,78.68852459016394,10.16949152542373,60.65573770491803,35.593220338983045,27.86885245901639,37.28813559322034,62.295081967213115,42.37288135593221,34.42622950819672,13.114754098360656,60.65573770491803,45.9016393442623,60.65573770491803,72.5,39.34426229508197,74.13793103448276,17.21311475409836,23.770491803278688,31.147540983606557,48.36065573770492,44.42900805779384,48.124479021950535,32.57849402611836,52.333981661572665,23.770491803278688,53.278688524590166,66.57786885245902,56.74109666478236,17.21311475409836,23.770491803278688
Rizvan Kuniev,Men’s Heavyweight,3,2.79126213592233,0.42435424354243545,1.529126213592233,0.4090909090909091,0.8495145631067961,0.7608695652173914,0.4611650485436893,0.7916666666666666,0.0970873786407767,1.0,0.6067961165048543,0.9259259259259259,2.233009708737864,0.3948497854077253,1.8689320388349513,0.4556213017751479,1.4805825242718447,0.7011494252873564,0.7281553398058251,0.8333333333333334,0.024271844660194174,1.0,0.0,,0.6493506493506493,0.0,1.5048543689320388,0.7045454545454546,0.7281553398058251,0.8333333333333334,1.0,62.295081967213115,54.09836065573771,73.77049180327869,52.459016393442624,67.21311475409836,42.3728813559322,75.40983606557377,38.983050847457626,16.39344262295082,88.98305084745762,52.459016393442624,38.983050847457626,24.59016393442623,26.229508196721312,85.24590163934427,50.81967213114754,80.32786885245902,38.333333333333336,45.9016393442623,17.241379310344833,57.377049180327866,76.22950819672131,58.196721311475414,63.114754098360656,54.792998055015275,57.196443456515695,52.68824673520422,45.72103362045013,25.40983606557377,68.03278688524591,59.330601092896174,31.571509327303566,57.377049180327866,76.22950819672131
Kennedy Nzechukwu,Men’s Heavyweight,8,4.031476997578692,0.46443514644351463,3.2869249394673123,0.41043083900226757,1.343825665859564,0.7474747474747475,0.9261501210653752,0.7727272727272727,0.07263922518159806,0.6666666666666666,0.7445520581113801,0.9318181818181818,3.813559322033898,0.4430379746835443,3.7953995157384988,0.4553376906318083,1.234866828087167,0.8395061728395061,0.7082324455205811,0.7090909090909091,0.3995157384987893,0.7857142857142857,0.45399515738498786,0.6756756756756757,0.6666666666666666,0.7326007326007326,1.6343825665859564,0.8256880733944955,1.162227602905569,0.6956521739130435,1.0,85.24590163934425,62.295081967213115,26.229508196721312,50.81967213114754,88.52459016393442,37.28813559322034,32.786885245901644,45.76271186440678,11.475409836065573,14.40677966101695,39.34426229508197,37.288135593220346,70.49180327868852,42.62295081967213,27.868852459016395,52.459016393442624,83.60655737704919,78.33333333333333,29.508196721311478,58.62068965517242,59.01639344262295,34.42622950819673,73.77049180327869,38.52459016393443,62.90636287857738,39.27479855515421,12.94109474854126,38.316198944151154,56.557377049180324,40.16393442622951,80.96994535519126,44.06444318824195,59.01639344262295,34.42622950819673
Steven Asplund,Men’s Heavyweight,3,6.51781880635466,0.49803149606299213,3.4521253756977246,0.4253968253968254,0.4894804637183341,0.76,1.1850579647917563,0.92,0.6440532417346502,0.9615384615384616,0.5925289823958781,0.92,6.466294547015887,0.5,4.997853155860885,0.5173333333333333,0.6182911120652641,0.7272727272727273,0.23185916702447404,0.6428571428571429,0.5667668527264921,0.9166666666666666,0.0,0.0,1.0101010101010102,0.49261083743842365,1.1850579647917563,0.8070175438596491,0.23185916702447404,0.6,1.0,93.44262295081968,73.77049180327869,21.311475409836063,44.26229508196722,42.62295081967213,40.67796610169492,14.754098360655746,16.949152542372886,57.377049180327866,74.57627118644068,57.37704918032787,44.06779661016949,93.44262295081968,64.75409836065575,9.836065573770497,31.14754098360656,68.85245901639344,66.66666666666666,80.32786885245902,82.75862068965517,72.1311475409836,42.622950819672134,83.60655737704919,32.786885245901644,41.650458460683524,15.851625451514316,65.97666018338427,50.722422895248684,79.09836065573771,20.49180327868853,67.75956284153006,81.54324477105709,72.1311475409836,42.622950819672134
Mick Parkin,Men’s Heavyweight,5,2.8871943202734682,0.3893617021276596,2.0352353405206416,0.27682403433476394,0.3628714173021299,0.7666666666666667,1.4199316329213778,0.6976744186046512,1.4830397054956612,0.9306930693069307,0.5521956350249803,0.9722222222222222,4.322902971338417,0.49458483754512633,3.770707336313437,0.3924466338259442,0.18932421772285038,0.8,0.20510123586642126,0.65,0.22087825400999211,0.4375,0.03155403628714173,1.0,0.3333333333333333,0.0,0.4102024717328425,0.5531914893617021,0.23665527215356297,0.6818181818181818,1.0,68.85245901639344,39.34426229508197,54.09836065573771,93.44262295081967,22.950819672131146,44.06779661016949,9.836065573770497,72.88135593220339,86.88524590163934,59.32203389830508,60.65573770491803,25.423728813559322,83.60655737704919,62.295081967213115,31.14754098360656,90.1639344262295,22.950819672131146,11.666666666666666,78.68852459016394,63.793103448275865,45.90163934426229,76.22950819672131,54.09836065573771,73.77049180327869,33.50930814115031,41.358710752986944,73.10363989997221,43.03973325923867,72.95081967213115,60.65573770491803,17.308743169398905,71.2408140192199,45.90163934426229,76.22950819672131
Alexandr Romanov,Men’s Heavyweight,8,2.640990371389271,0.48854961832061067,1.4718019257221457,0.3651877133105802,0.4264099037138927,0.7380952380952381,0.4264099037138927,0.7380952380952381,0.6052269601100413,0.9565217391304348,0.30261348005502064,0.9166666666666666,2.1182943603851445,0.47384615384615386,1.9119669876203575,0.41492537313432837,0.31636863823933975,0.7666666666666667,0.17881705639614856,0.8125,1.2379642365887207,0.7142857142857143,0.11004126547455295,1.0,0.0,0.0,1.5543328748280605,0.7243589743589743,0.2888583218707015,0.875,1.0,55.73770491803278,68.85245901639344,78.68852459016394,70.49180327868852,36.0655737704918,33.89830508474576,80.32786885245902,67.79661016949153,50.81967213114754,72.88135593220339,73.77049180327869,46.610169491525426,22.950819672131146,55.73770491803278,83.60655737704919,78.68852459016394,81.9672131147541,43.333333333333336,72.1311475409836,5.17241379310345,17.21311475409836,76.22950819672131,62.29508196721311,74.59016393442623,34.981939427618784,74.06223951097527,61.850514031675466,60.19033064740206,39.34426229508196,81.14754098360656,62.650273224043715,38.651780667043525,17.21311475409836,76.22950819672131
Hamdy Abdelwahab,Men’s Heavyweight,4,3.3,0.5089974293059126,2.033333333333333,0.3719512195121951,0.43333333333333335,0.7878787878787878,0.95,0.76,0.5333333333333333,0.8648648648648649,0.6833333333333333,0.82,2.35,0.46534653465346537,3.55,0.4819004524886878,0.25,0.8823529411764706,0.1,0.6,1.6666666666666667,0.7194244604316546,0.016666666666666666,1.0,0.390625,0.0,1.9166666666666667,0.7371794871794872,0.11666666666666667,0.6363636363636364,1.0,77.04918032786885,78.68852459016394,55.73770491803279,67.21311475409837,37.704918032786885,54.23728813559322,29.508196721311478,59.32203389830509,45.90163934426229,42.3728813559322,42.622950819672134,76.27118644067797,36.0655737704918,54.09836065573771,42.622950819672134,37.70491803278688,91.80327868852459,50.0,90.1639344262295,79.31034482758619,50.81967213114754,76.22950819672131,77.8688524590164,61.47540983606558,45.97110308419005,44.415115309808286,44.13726035009725,59.44706863017505,45.08196721311475,40.1639344262295,70.90163934426229,84.73713962690785,50.81967213114754,76.22950819672131
Jhonata Diniz,Men’s Heavyweight,5,2.7321111768184507,0.5273972602739726,2.7321111768184507,0.3765281173594132,0.19515079834417504,0.6875,0.4612655233589592,0.6842105263157895,0.7451212300413956,0.9545454545454546,0.21289178001182732,0.8,3.441750443524542,0.5914634146341463,2.253104671791839,0.335978835978836,0.12418687167356593,0.5,0.03548196333530455,0.6666666666666666,0.10644589000591366,0.6,1.1176818450620933,0.7777777777777778,0.4830917874396135,0.0,0.2306327616794796,0.5416666666666666,1.153163808397398,0.7738095238095238,1.0,60.65573770491803,83.60655737704919,40.98360655737705,62.295081967213115,9.836065573770492,24.576271186440678,73.77049180327869,78.8135593220339,65.57377049180327,71.1864406779661,80.32786885245902,80.50847457627118,63.934426229508205,88.52459016393442,75.40983606557377,96.72131147540983,14.754098360655737,10.0,31.14754098360656,34.48275862068966,54.09836065573771,76.22950819672131,72.1311475409836,51.63934426229508,17.206168380105584,76.29202556265629,68.38010558488469,80.4181717143651,76.22950819672131,86.0655737704918,12.37704918032787,32.81514980214811,54.09836065573771,76.22950819672131
Jovan Leka,Men’s Heavyweight,1,3.380281690140845,0.6153846153846154,0.8450704225352113,0.16666666666666666,0.4225352112676056,1.0,0.4225352112676056,1.0,0.4225352112676056,0.5,2.112676056338028,1.0,2.535211267605634,0.6,3.380281690140845,0.4444444444444444,0.8450704225352113,1.0,0.0,,0.8450704225352113,0.5,0.0,,10.0,0.0,1.6901408450704225,0.6666666666666666,0.0,,1.0,80.32786885245902,90.1639344262295,96.72131147540983,98.36065573770492,33.60655737704918,96.61016949152543,82.78688524590164,5.084745762711862,37.704918032786885,8.47457627118644,4.918032786885248,11.86440677966101,44.26229508196721,90.1639344262295,47.540983606557376,61.47540983606557,85.24590163934425,28.333333333333332,98.36065573770492,,100.0,76.22950819672131,85.24590163934425,97.54098360655738,65.1083634342873,43.93581550430675,23.089747151986664,8.39121978327313,67.21311475409836,54.50819672131148,56.78961748633879,98.36065573770492,100.0,76.22950819672131
Gokhan Saricam,Men’s Heavyweight,1,4.11663807890223,0.39603960396039606,3.0874785591766725,0.46875,0.823327615780446,0.8,0.9262435677530017,0.75,0.9262435677530017,0.9,2.1612349914236706,1.0,4.013722126929674,0.3939393939393939,4.8370497427101204,0.573170731707317,1.0291595197255574,0.7692307692307693,1.3379073756432247,0.9285714285714286,0.823327615780446,0.8888888888888888,0.0,0.0,1.7543859649122806,0.0,1.8524871355060033,0.8181818181818182,1.3379073756432247,0.8666666666666667,1.0,86.88524590163934,40.98360655737705,29.508196721311478,34.42622950819673,63.934426229508205,63.559322033898304,31.14754098360656,66.10169491525423,72.1311475409836,48.30508474576271,3.278688524590165,11.86440677966101,77.04918032786885,24.59016393442623,11.47540983606558,19.67213114754098,88.52459016393442,72.5,21.311475409836063,8.620689655172418,88.52459016393442,76.22950819672131,63.93442622950819,31.967213114754102,63.74687413170325,48.624617949430395,60.21811614337316,7.571547652125588,50.81967213114754,15.57377049180328,80.51229508196721,14.966082532504242,88.52459016393442,76.22950819672131
Mohammed Usman,Men’s Heavyweight,6,2.3449131513647643,0.309328968903437,2.642679900744417,0.3858695652173913,1.4764267990074442,0.6761363636363636,0.7816377171215881,0.8513513513513513,0.02481389578163772,0.5,0.8436724565756825,0.8607594936708861,3.6972704714640203,0.38701298701298703,3.982630272952854,0.4783904619970194,0.07444168734491316,0.5454545454545454,0.2729528535980149,0.6666666666666666,0.07444168734491316,0.6,0.01240694789081886,1.0,0.3225806451612903,0.0,0.14888337468982632,0.5714285714285714,0.2853598014888338,0.6764705882352942,1.0,45.90163934426229,13.114754098360656,42.622950819672134,60.65573770491803,96.72131147540983,22.033898305084744,39.34426229508197,27.11864406779661,6.557377049180328,8.47457627118644,31.14754098360656,67.79661016949153,67.21311475409836,19.672131147540984,22.950819672131146,40.98360655737705,8.19672131147541,13.333333333333334,73.77049180327869,65.51724137931035,44.26229508196721,76.22950819672131,29.508196721311474,51.63934426229508,59.37760489024729,33.23145318143929,7.515976660183384,49.472075576549045,43.44262295081967,31.9672131147541,10.765027322404372,69.64386659129451,44.26229508196721,76.22950819672131
Jose Montanha,Men’s Heavyweight,1,1.090909090909091,0.2857142857142857,0.5454545454545455,0.5,0.0,,0.0,,0.0,,1.090909090909091,1.0,0.5454545454545455,0.16666666666666666,1.6363636363636365,0.75,0.5454545454545455,1.0,0.0,,0.0,,0.0,,0.0,0.0,0.5454545454545455,1.0,0.0,,1.0,9.836065573770492,11.475409836065573,98.36065573770492,24.59016393442623,2.459016393442623,,99.18032786885246,,2.459016393442623,,18.032786885245898,11.86440677966101,3.278688524590164,1.639344262295082,90.1639344262295,1.639344262295082,29.508196721311474,100.0,98.36065573770492,,17.21311475409836,76.22950819672131,10.655737704918032,61.47540983606557,2.459016393442623,99.18032786885246,2.459016393442623,14.948596832453454,2.459016393442623,45.90163934426229,64.75409836065573,98.36065573770492,17.21311475409836,76.22950819672131
RJ Harris,Men’s Heavyweight,1,7.199999999999999,0.5217391304347826,0.0,0.0,0.0,,1.2,0.2857142857142857,1.7999999999999998,1.0,5.3999999999999995,0.6923076923076923,4.2,0.6363636363636364,6.6,0.44,0.0,,0.0,,4.8,0.5333333333333333,0.0,,6.666666666666667,0.0,4.8,0.5333333333333333,0.0,,1.0,95.08196721311475,80.32786885245902,100.0,100.0,2.459016393442623,,11.47540983606558,100.0,96.72131147540983,88.98305084745762,1.639344262295082,93.22033898305085,81.9672131147541,96.72131147540983,8.1967213114754,65.57377049180327,98.36065573770492,8.333333333333332,98.36065573770492,,98.36065573770492,76.22950819672131,87.70491803278688,100.0,2.459016393442623,55.73770491803279,92.85218116143372,47.42984162267297,89.34426229508196,36.88524590163934,53.34699453551912,98.36065573770492,98.36065573770492,76.22950819672131
Gable Steveson,Men’s Heavyweight,1,9.933774834437086,0.6410256410256411,3.9735099337748347,0.3333333333333333,4.768211920529802,0.8571428571428571,1.1920529801324504,1.0,1.589403973509934,1.0,0.0,,11.125827814569536,0.7,3.576158940397351,0.32142857142857145,4.768211920529802,0.75,1.589403973509934,0.8,0.3973509933774835,1.0,0.0,,2.4390243902439024,0.0,5.1655629139072845,0.7647058823529411,1.589403973509934,0.8,1.0,100.0,98.36065573770492,13.114754098360663,78.68852459016394,100.0,74.57627118644068,13.114754098360663,5.084745762711862,91.80327868852459,88.98305084745762,99.18032786885246,,100.0,100.0,40.98360655737705,98.36065573770492,100.0,58.333333333333336,13.114754098360663,25.862068965517246,91.80327868852459,76.22950819672131,99.18032786885246,45.9016393442623,87.28813559322035,9.099749930536262,90.3931647679911,99.18032786885246,100.0,69.67213114754098,79.16666666666667,19.488411531938954,91.80327868852459,76.22950819672131
Shamil Gaziev,Men’s Heavyweight,5,2.9211295034079843,0.4098360655737705,2.9211295034079843,0.425531914893617,1.139240506329114,0.8666666666666667,0.7887049659201558,0.7714285714285715,0.05842259006815969,1.0,0.7594936708860759,1.0,2.9211295034079843,0.425531914893617,4.118792599805258,0.5241635687732342,0.8179162609542356,0.7567567567567568,0.3213242453748783,0.44,0.37974683544303794,0.6842105263157895,0.029211295034079845,0.5,0.7092198581560284,1.9607843137254901,1.1976630963972736,0.7321428571428571,0.3505355404089581,0.4444444444444444,1.0,72.1311475409836,45.90163934426229,34.42622950819673,42.622950819672134,81.9672131147541,77.96610169491525,37.70491803278688,47.45762711864407,9.836065573770492,88.98305084745762,37.70491803278688,11.86440677966101,47.540983606557376,32.78688524590164,19.67213114754098,27.868852459016395,70.49180327868852,48.333333333333336,63.9344262295082,96.55172413793103,62.295081967213115,8.1967213114754,59.01639344262295,38.524590163934434,79.96665740483468,42.581272575715474,49.40955821061406,24.784662406223944,40.1639344262295,23.770491803278688,59.412568306010925,80.24307518371961,62.295081967213115,8.1967213114754
Tallison Teixeira,Men’s Heavyweight,4,2.794846382556987,0.6438356164383562,2.140733399405352,0.5806451612903226,0.7730426164519326,0.9285714285714286,0.6541129831516352,1.0,0.11892963330029732,0.4,0.6541129831516352,0.9166666666666666,1.78394449950446,0.5172413793103449,2.0812685827552033,0.7142857142857143,0.41625371655104065,1.0,0.7135777998017839,0.631578947368421,1.4866204162537167,0.9259259259259259,0.6541129831516352,0.6470588235294118,1.6129032258064515,3.4482758620689653,1.9028741328047571,0.9411764705882353,1.3676907829534193,0.6388888888888888,1.0,63.934426229508205,100.0,50.81967213114754,8.1967213114754,55.73770491803278,91.52542372881356,54.09836065573771,5.084745762711862,18.0327868852459,3.389830508474576,47.540983606557376,46.610169491525426,19.672131147540984,70.49180327868852,81.9672131147541,3.278688524590165,90.1639344262295,98.33333333333333,18.032786885245898,77.58620689655172,86.88524590163934,4.918032786885248,81.9672131147541,29.50819672131147,73.63156432342318,29.591553209224784,10.71130869686024,47.0755765490414,45.08196721311475,42.622950819672134,94.24863387978141,47.80949689089881,86.88524590163934,4.918032786885248
Jairzinho Rozenstruik,Men’s Heavyweight,8,1.4394094730367029,0.30952380952380953,1.2917777322124258,0.30612244897959184,0.319868771785934,0.7878787878787878,0.5413163830223499,0.6197183098591549,0.7258560590526963,0.8428571428571429,0.9350010252204224,0.7378640776699029,2.300594627844987,0.4100877192982456,2.5712528193561615,0.4213709677419355,0.13532909575558746,0.6111111111111112,0.0369079352060693,0.6,0.04921058027475907,0.5714285714285714,0.159934385892967,0.8125,0.9900990099009901,0.0,0.18453967603034652,0.6,0.1968423210990363,0.7619047619047619,1.0,21.311475409836063,14.754098360655737,86.88524590163935,86.88524590163935,18.0327868852459,54.23728813559322,62.295081967213115,88.13559322033899,62.295081967213115,35.59322033898305,24.59016393442623,86.44067796610169,31.147540983606557,29.508196721311474,62.295081967213115,72.1311475409836,9.836065573770492,15.0,83.60655737704919,43.10344827586208,70.49180327868852,76.22950819672131,18.0327868852459,86.88524590163935,36.13503751041956,75.21533759377606,48.94415115309808,55.51542095026396,30.327868852459016,67.21311475409836,12.418032786885245,63.35500282645563,70.49180327868852,76.22950819672131
Tyrell Fortune,Men’s Heavyweight,2,1.3740458015267176,0.4186046511627907,2.595419847328244,0.39766081871345027,0.3816793893129771,0.9090909090909091,1.5267175572519085,0.7547169811320755,0.15267175572519084,0.8,0.19083969465648856,0.8333333333333334,1.0687022900763359,0.3835616438356164,2.7099236641221376,0.4152046783625731,0.6106870229007634,0.8421052631578947,1.5648854961832062,0.7068965517241379,0.22900763358778625,0.6,0.03816793893129771,1.0,0.0,0.8849557522123894,0.8396946564885497,0.7586206896551724,1.6030534351145038,0.711864406779661,1.0,19.672131147540984,49.18032786885246,44.26229508196722,57.37704918032787,26.229508196721312,88.13559322033898,4.918032786885248,62.71186440677966,21.311475409836063,27.11864406779661,85.24590163934427,73.72881355932203,9.836065573770492,18.0327868852459,59.016393442622956,75.40983606557377,50.81967213114754,55.00000000000001,11.47540983606558,53.44827586206897,17.21311475409836,27.868852459016395,34.42622950819672,50.81967213114754,57.182550708530144,33.81494859683245,24.215059738816336,79.48735759933315,13.934426229508198,67.21311475409837,52.90983606557377,32.461842849067274,17.21311475409836,27.868852459016395
Denzel Freeman,Men’s Heavyweight,2,0.9507923269391159,0.38,1.701417848206839,0.4857142857142857,0.3002502085070892,0.6,0.6005004170141784,0.5217391304347826,1.201000834028357,0.9230769230769231,1.1009174311926604,0.5,2.2518765638031693,0.5625,2.402001668056714,0.43636363636363634,0.2001668056713928,0.6666666666666666,0.45037531276063386,0.8181818181818182,0.0,,0.5504587155963302,0.6875,0.0,0.0,0.2001668056713928,0.6666666666666666,1.0008340283569641,0.7407407407407407,1.0,6.557377049180328,34.42622950819672,67.21311475409837,26.229508196721312,14.754098360655737,8.47457627118644,59.016393442622956,94.91525423728814,77.04918032786885,55.08474576271186,16.39344262295083,99.15254237288136,27.86885245901639,80.32786885245902,72.1311475409836,67.21311475409837,11.475409836065573,28.333333333333332,36.06557377049181,48.27586206896552,17.21311475409836,76.22950819672131,20.491803278688522,46.72131147540984,11.614337315921087,76.96582383995555,66.06696304529035,57.77299249791609,54.09836065573771,69.672131147541,19.904371584699454,42.170717919728666,17.21311475409836,76.22950819672131
Ante Delija,Men’s Heavyweight,3,3.8985736925515058,0.36123348017621143,3.5657686212361335,0.4658385093167702,0.33280507131537246,0.875,0.2852614896988907,0.5,0.04754358161648178,1.0,0.09508716323296355,1.0,3.8985736925515058,0.36607142857142855,3.47068145800317,0.44785276073619634,0.1901743264659271,0.5714285714285714,0.1901743264659271,0.6666666666666666,0.1901743264659271,0.8,0.2852614896988907,1.0,1.1111111111111112,1.2048192771084338,0.3803486529318542,0.6666666666666666,0.4754358161648178,0.8333333333333334,1.0,81.9672131147541,26.229508196721312,18.032786885245898,36.06557377049181,19.672131147540984,79.66101694915254,91.80327868852459,96.61016949152543,8.19672131147541,88.98305084745762,93.44262295081967,11.86440677966101,75.40983606557377,14.754098360655737,44.26229508196722,57.37704918032787,19.672131147540984,28.333333333333332,60.65573770491803,17.241379310344833,75.40983606557377,19.67213114754098,54.09836065573771,27.049180327868854,49.66657404834676,94.206724090025,48.58988607946652,52.65351486524034,45.08196721311475,50.81967213114754,24.002732240437158,38.94855850763143,75.40983606557377,19.67213114754098
Allen Frye Jr.,Men’s Heavyweight,1,1.1333333333333333,0.26153846153846155,3.533333333333333,0.6022727272727273,0.8,1.0,0.5333333333333333,0.8888888888888888,0.26666666666666666,0.4444444444444444,0.2,1.0,1.2666666666666666,0.2753623188405797,3.6,0.6,0.9333333333333333,0.8235294117647058,0.6666666666666666,1.0,0.0,,0.0,,0.0,0.0,0.9333333333333333,0.8235294117647058,0.6666666666666666,1.0,1.0,14.754098360655737,8.19672131147541,19.67213114754098,4.918032786885248,59.01639344262295,96.61016949152543,63.9344262295082,20.338983050847446,29.508196721311474,5.084745762711865,81.9672131147541,11.86440677966101,13.114754098360656,4.918032786885246,36.06557377049181,10.655737704918039,55.73770491803278,75.83333333333333,50.81967213114754,2.586206896551721,17.21311475409836,76.22950819672131,11.475409836065573,12.295081967213115,77.81328146707419,42.136704640177825,17.29647124201167,46.915809947207556,9.01639344262295,23.360655737704924,65.78551912568305,26.702939513849632,17.21311475409836,76.22950819672131
Marek Bujlo,Men’s Heavyweight,1,0.2,0.13636363636363635,1.2666666666666666,0.4418604651162791,0.4,0.42857142857142855,0.4,0.6,1.4666666666666666,0.5,1.6,0.9230769230769231,2.066666666666667,0.3924050632911392,3.0,0.6164383561643836,0.0,,0.26666666666666666,0.6666666666666666,0.0,0.0,0.0,,0.0,0.0,0.0,0.0,0.26666666666666666,0.6666666666666666,1.0,3.278688524590164,3.278688524590164,88.52459016393442,40.98360655737705,29.508196721311474,1.694915254237288,86.88524590163935,89.83050847457628,85.24590163934425,8.47457627118644,8.1967213114754,40.67796610169491,21.311475409836063,22.950819672131146,57.37704918032787,8.1967213114754,3.278688524590164,2.5,75.40983606557377,71.55172413793103,17.21311475409836,76.22950819672131,3.278688524590164,64.75409836065573,15.60155598777438,88.3578771881078,46.860238955265345,24.437343706585157,22.131147540983605,32.78688524590164,2.889344262295082,73.4807801017524,17.21311475409836,76.22950819672131
Alexander Poppeck,Men’s Heavyweight,1,0.8450704225352113,0.16666666666666666,3.380281690140845,0.6153846153846154,0.4225352112676056,1.0,0.4225352112676056,1.0,2.112676056338028,1.0,0.4225352112676056,0.5,3.380281690140845,0.4444444444444444,2.535211267605634,0.6,0.0,,0.8450704225352113,1.0,0.0,,0.8450704225352113,0.5,0.0,10.0,0.0,,1.6901408450704225,0.6666666666666666,1.0,4.918032786885246,4.918032786885246,24.59016393442623,3.278688524590165,33.60655737704918,96.61016949152543,82.78688524590164,5.084745762711862,100.0,88.98305084745762,68.85245901639345,99.15254237288136,62.295081967213115,44.26229508196721,63.9344262295082,10.655737704918039,3.278688524590164,,9.836065573770497,71.55172413793103,17.21311475409836,3.278688524590165,4.918032786885246,13.934426229508198,65.1083634342873,43.93581550430675,94.4915254237288,84.0025006946374,53.278688524590166,37.29508196721312,3.278688524590164,40.693894855850765,17.21311475409836,3.278688524590165
Max Gimenis,Men’s Heavyweight,1,0.0,0.0,9.0,0.5294117647058824,1.0,1.0,0.0,,2.0,1.0,0.0,,3.0,0.5,7.0,0.4666666666666667,0.0,0.0,1.0,1.0,0.0,,1.0,1.0,0.0,22.22222222222222,0.0,0.0,2.0,1.0,1.0,1.639344262295082,1.639344262295082,4.918032786885248,19.67213114754098,77.04918032786885,96.61016949152543,99.18032786885246,,98.36065573770492,88.98305084745762,99.18032786885246,,50.81967213114754,64.75409836065575,6.557377049180331,42.622950819672134,3.278688524590164,2.5,8.1967213114754,2.586206896551721,17.21311475409836,1.639344262295082,1.639344262295082,12.295081967213115,86.82967490969713,99.18032786885246,93.67185329258126,99.18032786885246,57.786885245901644,24.590163934426233,2.889344262295082,5.3914641040135605,17.21311475409836,1.639344262295082
Thomas Petersen,Men’s Heavyweight,7,1.9290465631929046,0.4915254237288136,1.7427937915742793,0.3764367816091954,0.811529933481153,0.8472222222222222,0.6651884700665188,0.6666666666666666,0.25277161862527714,1.0,0.1729490022172949,0.8666666666666667,2.235033259423503,0.5581395348837209,2.1685144124168514,0.41581632653061223,0.21286031042128603,0.6956521739130435,0.2926829268292683,0.6666666666666666,0.5454545454545454,0.6612903225806451,0.11973392461197338,0.6923076923076923,0.4444444444444444,1.5463917525773196,0.7583148558758315,0.6705882352941176,0.4124168514412417,0.6739130434782609,1.0,32.78688524590164,70.49180327868852,63.9344262295082,63.9344262295082,60.65573770491803,72.88135593220339,50.0,84.74576271186442,26.229508196721312,88.98305084745762,88.52459016393442,64.40677966101696,26.229508196721312,78.68852459016394,80.32786885245902,73.77049180327869,47.540983606557376,33.33333333333333,62.295081967213115,68.10344827586206,52.459016393442624,13.114754098360663,51.63934426229508,63.9344262295082,66.76854681856071,67.37288135593221,57.606279522089466,76.4656849124757,52.459016393442624,77.04918032786885,40.43715846994535,65.1992651215376,52.459016393442624,13.114754098360663
Guilherme Pat,Men’s Heavyweight,3,1.9333333333333333,0.5272727272727272,2.0,0.47368421052631576,0.5333333333333333,0.9230769230769231,0.5111111111111111,0.8518518518518519,0.3333333333333333,0.9375,0.3111111111111111,0.7368421052631579,2.3555555555555556,0.572972972972973,1.2444444444444445,0.3684210526315789,0.4444444444444444,0.9523809523809523,0.8222222222222222,0.8043478260869565,0.0,0.0,0.7555555555555555,0.8947368421052632,0.7936507936507936,2.3622047244094486,0.4444444444444444,0.9090909090909091,1.5777777777777777,0.8452380952380952,1.0,34.42622950819672,81.9672131147541,57.37704918032787,31.14754098360656,47.540983606557376,89.83050847457628,65.57377049180327,25.423728813559322,32.78688524590164,65.2542372881356,72.1311475409836,88.13559322033899,37.704918032786885,81.9672131147541,95.08196721311475,93.44262295081967,26.229508196721312,93.33333333333333,14.754098360655746,12.068965517241372,67.21311475409836,6.557377049180331,58.196721311475414,44.26229508196722,68.68574604056683,45.4987496526813,49.02056126701862,80.13337038066129,59.8360655737705,94.26229508196721,59.78142076502732,13.41153193894856,67.21311475409836,6.557377049180331
Marcus Buchecha,Men’s Heavyweight,3,1.1031390134529149,0.44565217391304346,1.6681614349775786,0.4460431654676259,0.40358744394618834,0.7142857142857143,0.29596412556053814,0.7857142857142857,0.08071748878923768,0.75,0.1883408071748879,0.875,0.672645739910314,0.33783783783783783,1.533632286995516,0.4634146341463415,0.21524663677130046,0.6666666666666666,0.16143497757847536,0.75,0.6995515695067265,0.8387096774193549,0.4573991031390135,0.5666666666666667,0.0,1.25,0.914798206278027,0.7906976744186046,0.6188340807174888,0.6052631578947368,1.0,13.114754098360656,59.01639344262295,68.85245901639345,39.34426229508197,31.147540983606557,28.8135593220339,90.1639344262295,42.37288135593221,14.754098360655737,21.1864406779661,86.88524590163935,61.86440677966102,6.557377049180328,11.475409836065573,91.80327868852459,44.26229508196722,54.09836065573771,63.33333333333333,54.09836065573771,81.03448275862068,17.21311475409836,18.032786885245898,36.0655737704918,54.09836065573771,29.98055015282023,66.26840789108086,17.970269519310918,74.37482634065019,9.01639344262295,68.0327868852459,58.71584699453552,67.56642170717919,17.21311475409836,18.032786885245898
Alvin Hines,Men’s Heavyweight,2,3.36,0.2445414847161572,6.359999999999999,0.5792349726775956,1.38,0.6388888888888888,0.18,0.42857142857142855,0.84,0.7368421052631579,1.0799999999999998,1.0,5.46,0.3238434163701068,7.079999999999999,0.6210526315789474,0.12,0.6666666666666666,0.06,0.3333333333333333,0.0,,0.48,0.5333333333333333,0.0,0.7874015748031497,0.12,0.6666666666666666,0.5399999999999999,0.5,1.0,78.68852459016394,6.557377049180328,6.557377049180331,9.836065573770497,91.80327868852459,13.559322033898304,96.72131147540983,98.30508474576271,70.49180327868852,18.64406779661017,19.67213114754098,11.86440677966101,91.80327868852459,9.836065573770492,4.918032786885248,6.557377049180331,6.557377049180328,28.333333333333332,59.016393442622956,92.24137931034483,17.21311475409836,32.786885245901644,42.622950819672134,8.196721311475414,52.68130036121144,97.51319811058627,44.56793553764935,15.768268963600995,50.81967213114754,5.737704918032789,17.44535519125683,75.62888637648389,17.21311475409836,32.786885245901644
Elisha Ellison,Men’s Heavyweight,2,2.706766917293233,0.3157894736842105,10.827067669172932,0.5925925925925926,0.9022556390977443,1.0,3.1578947368421053,0.8235294117647058,0.0,,1.8045112781954886,1.0,2.481203007518797,0.3055555555555556,8.796992481203008,0.65,1.1278195488721805,0.8333333333333334,5.413533834586466,0.7058823529411765,0.0,,1.5789473684210527,0.5833333333333334,0.0,1.4285714285714286,1.1278195488721805,0.8333333333333334,6.992481203007518,0.6739130434782609,1.0,59.01639344262295,16.39344262295082,3.278688524590165,6.557377049180331,70.49180327868852,96.61016949152543,1.639344262295082,30.508474576271183,2.459016393442623,,6.557377049180331,11.86440677966101,42.62295081967213,6.557377049180328,3.278688524590165,4.918032786885248,67.21311475409836,82.5,1.639344262295082,68.10344827586206,17.21311475409836,14.754098360655746,37.704918032786885,4.918032786885248,83.55098638510697,16.073909419283133,2.459016393442623,9.210891914420671,24.59016393442623,4.098360655737706,74.85655737704917,34.87139626907857,17.21311475409836,14.754098360655746
Sean Sharaf,Men’s Heavyweight,2,5.539419087136929,0.37872340425531914,13.381742738589212,0.5470737913486005,1.3692946058091287,0.7857142857142857,0.995850622406639,0.9411764705882353,0.4979253112033195,1.0,0.6224066390041494,1.0,6.846473029045643,0.45454545454545453,14.751037344398341,0.5738498789346247,0.06224066390041494,0.14285714285714285,0.24896265560165975,0.5714285714285714,0.4979253112033195,0.36363636363636365,0.0,,0.0,0.0,0.5601659751037344,0.3103448275862069,0.24896265560165975,0.5714285714285714,1.0,91.80327868852459,32.78688524590164,1.639344262295082,18.032786885245898,90.1639344262295,50.847457627118644,24.59016393442623,10.169491525423723,44.26229508196721,88.98305084745762,50.81967213114754,11.86440677966101,95.08196721311475,45.90163934426229,1.639344262295082,18.032786885245898,34.42622950819672,5.0,77.04918032786885,87.06896551724138,17.21311475409836,76.22950819672131,62.29508196721311,9.83606557377049,70.50569602667407,17.379827729924976,66.62267296471242,31.342039455404276,70.49180327868852,9.83606557377049,19.71311475409836,82.05907292255512,17.21311475409836,76.22950819672131
Louie Sutherland,Men’s Heavyweight,4,1.0981697171381033,0.6285714285714286,1.3477537437603995,0.5625,0.09983361064891848,0.5,0.3993344425956739,1.0,0.5990016638935108,0.9230769230769231,0.19966722129783696,1.0,0.9983361064891848,0.6060606060606061,0.6489184692179701,0.4482758620689655,0.2995008319467554,0.75,0.7487520798668886,0.9375,0.4991680532445924,0.9090909090909091,0.5490848585690516,0.7333333333333333,0.0,0.0,0.7986688851913478,0.8421052631578947,1.2978369384359403,0.8387096774193549,1.0,11.475409836065573,93.44262295081968,83.60655737704919,13.114754098360663,4.918032786885246,3.389830508474576,88.52459016393442,5.084745762711862,49.18032786885246,55.08474576271186,83.60655737704919,11.86440677966101,8.19672131147541,91.80327868852459,98.36065573770492,55.73770491803279,49.18032786885246,85.0,22.950819672131146,13.793103448275863,17.21311475409836,76.22950819672131,52.459016393442624,48.360655737704924,4.1539316476799115,46.80466796332314,52.13253681578216,47.7354820783551,50.0,77.04918032786885,67.09016393442623,18.371961560203506,17.21311475409836,76.22950819672131
Tanner Boser,Men’s Heavyweight,8,2.6001917545541704,0.4139194139194139,1.8983700862895492,0.3733031674208145,0.9204218600191754,0.7207207207207207,0.6327900287631831,0.7638888888888888,1.49568552253116,0.9154929577464789,0.41418983700862894,0.782608695652174,4.13039309683605,0.5143266475644699,2.2205177372962606,0.39711934156378603,0.598274209012464,0.7761194029850746,0.42569511025886864,0.7872340425531915,0.2876318312559923,0.7352941176470589,0.299137104506232,0.9629629629629629,0.22935779816513763,0.390625,0.8859060402684563,0.7623762376237624,0.7248322147651006,0.8513513513513513,1.0,52.459016393442624,47.540983606557376,59.016393442622956,65.57377049180327,72.1311475409836,30.508474576271187,55.73770491803279,57.6271186440678,90.1639344262295,50.847457627118644,70.49180327868852,83.05084745762711,80.32786885245902,68.85245901639344,78.68852459016394,86.88524590163935,52.459016393442624,56.666666666666664,47.540983606557376,10.344827586206895,34.42622950819672,44.26229508196722,50.0,62.295081967213115,51.319811058627394,56.68241178105029,70.50569602667407,76.77132536815782,74.59016393442623,82.78688524590164,54.56284153005464,28.942905596382136,34.42622950819672,44.26229508196722
Rodrigo Nascimento,Men’s Heavyweight,8,2.6311667971808927,0.4050632911392405,2.7838684416601414,0.4711729622266402,0.5755677368833203,0.7424242424242424,1.0454189506656226,0.7542372881355932,0.48159749412685987,0.9318181818181818,0.5873140172278779,0.8771929824561403,3.0422866092404073,0.43676222596964587,3.2537196554424437,0.5054744525547445,0.4346123727486296,0.7551020408163265,0.798747063429914,0.7906976744186046,0.21143304620203604,0.8571428571428571,0.3641346906812843,0.7045454545454546,0.0,0.7978723404255319,0.6460454189506657,0.7857142857142857,1.1628817541111982,0.7615384615384615,1.0,54.09836065573771,42.62295081967213,39.34426229508197,32.786885245901644,49.18032786885246,35.59322033898305,22.950819672131146,64.40677966101696,40.98360655737705,61.016949152542374,59.016393442622956,57.6271186440678,52.459016393442624,39.34426229508197,52.459016393442624,32.786885245901644,39.34426229508197,61.66666666666667,27.868852459016395,44.82758620689655,17.21311475409836,31.14754098360656,48.36065573770492,36.06557377049181,42.38677410391776,43.67879966657405,51.00027785495971,58.321756043345374,45.90163934426229,42.622950819672134,50.50546448087432,36.348219332956475,17.21311475409836,31.14754098360656
Chris Barnett,Men’s Heavyweight,6,1.9440075495438818,0.3678571428571429,4.510852469329978,0.5584112149532711,0.3963510537905002,0.7241379310344828,1.811890531613715,0.9230769230769231,1.0191884240327147,0.8307692307692308,0.22648631645171438,0.8571428571428571,2.378106322743001,0.4329896907216495,3.755898081157597,0.5605633802816902,0.26423403586033345,0.6086956521739131,1.1890531613715005,0.8873239436619719,0.7172066687637622,0.6333333333333333,1.6042780748663101,0.7083333333333334,0.5617977528089888,0.5763688760806917,0.9814407046240956,0.6265060240963856,2.7933312362378104,0.774869109947644,1.0,36.0655737704918,27.86885245901639,11.47540983606558,14.754098360655746,27.86885245901639,32.20338983050847,3.278688524590165,14.406779661016941,73.77049180327869,30.508474576271187,78.68852459016394,69.49152542372882,39.34426229508197,37.704918032786885,32.786885245901644,24.59016393442623,59.01639344262295,20.0,3.278688524590165,32.75862068965517,55.73770491803278,37.70491803278688,31.967213114754095,13.114754098360663,30.036121144762433,8.842734092803553,52.139483189774936,74.09002500694638,38.52459016393443,28.688524590163937,39.50819672131148,18.018654607122667,55.73770491803278,37.70491803278688
Tai Tuivasa,Men’s Heavyweight,8,1.1895910780669146,0.33217993079584773,3.8537794299876085,0.5553571428571429,0.4584882280049566,0.6607142857142857,0.9541511771995043,0.77,0.7063197026022304,0.6551724137931034,0.6815365551425031,0.8870967741935484,1.6852540272614622,0.37988826815642457,4.1387856257744735,0.5689948892674617,0.5204460966542751,0.7241379310344828,0.3097893432465923,0.7142857142857143,0.14869888475836432,0.75,1.0408921933085502,0.84,1.0526315789473684,0.9029345372460497,0.6691449814126393,0.7297297297297297,1.3506815365551426,0.8074074074074075,1.0,16.39344262295082,22.950819672131146,14.754098360655746,16.39344262295083,39.34426229508197,15.254237288135593,27.868852459016395,49.15254237288135,60.65573770491803,11.864406779661017,44.26229508196722,55.932203389830505,16.39344262295082,16.39344262295082,18.032786885245898,21.311475409836063,42.62295081967213,46.666666666666664,19.67213114754098,24.137931034482754,73.77049180327869,26.229508196721312,19.67213114754098,15.573770491803288,27.29924979160878,38.51069741594887,36.260072242289525,50.09724923589886,16.39344262295082,19.67213114754098,44.64480874316939,21.905031091011868,73.77049180327869,26.229508196721312
Jamal Pogues,Men’s Heavyweight,4,2.283333333333333,0.3774104683195592,1.7833333333333334,0.36394557823129253,0.36666666666666664,0.6875,1.05,0.7777777777777778,0.7333333333333333,0.9361702127659575,1.0666666666666667,0.9552238805970149,2.966666666666667,0.4320388349514563,3.683333333333333,0.5224586288416075,0.35,0.8076923076923077,0.15,0.6923076923076923,0.06666666666666667,1.0,0.06666666666666667,0.6666666666666666,0.0,0.0,0.4166666666666667,0.8333333333333334,0.21666666666666667,0.6842105263157895,1.0,44.26229508196721,31.147540983606557,60.65573770491803,72.1311475409836,24.59016393442623,24.576271186440678,21.311475409836063,44.06779661016949,63.934426229508205,62.71186440677966,21.311475409836063,28.813559322033896,49.18032786885246,36.0655737704918,34.42622950819673,29.508196721311478,24.59016393442623,82.5,81.9672131147541,62.06896551724138,17.21311475409836,76.22950819672131,37.704918032786885,66.39344262295081,24.583217560433454,32.68963601000277,63.32314531814393,25.06251736593498,42.62295081967213,31.967213114754102,53.545081967213115,72.01808931599774,17.21311475409836,76.22950819672131
Justin Tafa,Men’s Heavyweight,8,2.360330578512397,0.4219858156028369,3.0148760330578512,0.4141689373297003,1.209917355371901,0.8356164383561644,1.5074380165289256,0.8,0.49586776859504134,0.9259259259259259,0.7933884297520661,0.9523809523809523,3.5107438016528927,0.5086206896551724,4.1652892561983474,0.49065420560747663,0.41652892561983473,0.8076923076923077,0.7140495867768596,0.8181818181818182,0.13884297520661157,0.875,0.4363636363636364,0.6875,1.4634146341463414,0.373134328358209,0.5553719008264463,0.8235294117647058,1.150413223140496,0.7631578947368421,1.0,47.540983606557376,50.81967213114754,31.14754098360656,47.540983606557376,86.88524590163934,71.1864406779661,6.557377049180331,37.288135593220346,42.62295081967213,57.6271186440678,34.42622950819673,32.20338983050847,65.57377049180327,67.21311475409836,14.754098360655746,36.06557377049181,31.147540983606557,75.83333333333333,32.786885245901644,41.37931034482759,83.60655737704919,45.9016393442623,49.18032786885246,39.34426229508197,79.03584328980273,21.92275632120034,50.12503473186996,33.3148096693526,66.39344262295081,25.409836065573778,53.490437158469945,37.083097795364615,83.60655737704919,45.9016393442623
Robelis Despaigne,Men’s Heavyweight,3,1.353135313531353,0.4939759036144578,1.716171617161716,0.4482758620689655,0.132013201320132,0.8,0.23102310231023102,0.875,0.6270627062706271,1.0,0.594059405940594,0.9,1.716171617161716,0.5531914893617021,1.1221122112211221,0.5964912280701754,0.33003300330033003,0.9090909090909091,0.0,0.0,0.066006600660066,1.0,1.4191419141914192,0.5,1.5625,0.0,0.396039603960396,0.9230769230769231,1.4191419141914192,0.4942528735632184,1.0,18.0327868852459,72.1311475409836,65.57377049180327,37.70491803278688,6.557377049180328,63.559322033898304,95.08196721311475,22.033898305084747,55.73770491803278,88.98305084745762,55.73770491803279,52.54237288135593,18.0327868852459,77.04918032786885,96.72131147540983,13.114754098360663,21.311475409836063,96.66666666666667,16.39344262295083,94.82758620689654,85.24590163934425,76.22950819672131,45.08196721311475,51.639344262295076,35.058349541539314,58.55793275909975,72.3603778827452,54.14003889969436,47.540983606557376,54.91803278688525,58.98907103825137,55.610514414923685,85.24590163934425,76.22950819672131
Don'Tale Mayes,Men’s Heavyweight,8,1.5868764646802813,0.32113821138211385,2.2296618680950786,0.42045454545454547,0.8135252761968531,0.6328125,0.7432206226983595,0.8222222222222222,0.3916973552058922,0.6724137931034483,0.45195848677602946,0.8035714285714286,2.430532306662203,0.38782051282051283,2.2296618680950786,0.44047619047619047,0.34147974556411115,0.6938775510204082,0.6126548376297288,0.7261904761904762,0.020087043856712422,0.4,0.5825242718446603,0.6744186046511628,0.7194244604316546,0.2932551319648094,0.3615667894208236,0.6666666666666666,1.195179109474389,0.7,1.0,26.229508196721312,18.0327868852459,49.18032786885246,45.9016393442623,62.295081967213115,11.864406779661017,40.98360655737705,32.20338983050847,36.0655737704918,16.94915254237288,67.21311475409837,77.96610169491525,40.98360655737705,21.311475409836063,77.04918032786885,63.9344262295082,18.0327868852459,28.333333333333332,26.229508196721312,56.89655172413793,63.934426229508205,50.81967213114754,22.131147540983605,47.540983606557376,37.079744373437066,36.593498193942764,26.50736315643234,72.5896082245068,31.147540983606557,70.49180327868852,23.183060109289617,41.56302996042962,63.934426229508205,50.81967213114754
Lukasz Brzeski,Men’s Heavyweight,7,2.1174477696216827,0.32894736842105265,2.7950310559006213,0.38823529411764707,1.4229249011857708,0.7777777777777778,0.44042913608131,0.6842105263157895,1.1518915866741954,0.918918918918919,0.5420666290231507,0.8888888888888888,4.472049689440994,0.4879852125693161,3.015245623941276,0.4073226544622426,0.220214568040655,0.65,0.1863354037267081,0.6111111111111112,0.0,0.0,0.5759457933370977,0.7727272727272727,0.0,1.7937219730941705,0.220214568040655,0.6190476190476191,0.7622811970638058,0.7258064516129032,1.0,40.98360655737705,19.672131147540984,37.70491803278688,59.016393442622956,93.44262295081968,46.61016949152542,77.04918032786885,78.8135593220339,75.40983606557377,52.54237288135594,63.9344262295082,54.23728813559322,85.24590163934425,59.01639344262295,55.73770491803279,81.9672131147541,13.114754098360656,16.666666666666664,44.26229508196722,50.0,17.21311475409836,11.47540983606558,30.32786885245902,48.36065573770492,70.02639622117255,77.93136982495137,63.97610447346486,59.08585718255071,72.1311475409836,68.85245901639345,14.89071038251366,47.131147540983605,17.21311475409836,11.47540983606558
Magomed Ankalaev,Men’s Light Heavyweight,8,1.5728604471858134,0.35051546391752575,0.6939090208172707,0.23510971786833856,1.063993831919815,0.7055214723926381,0.4811102544333076,0.65,0.9067077872012337,0.9074074074074074,1.6653816499614496,0.8411214953271028,2.6923670007710103,0.4701130856219709,2.479568234387047,0.48028673835125446,0.3330763299922899,0.8181818181818182,0.13878180416345412,0.75,0.5181187355435621,0.6021505376344086,0.22205088666152661,0.6857142857142857,0.26109660574412535,0.0,0.851195065535852,0.6715328467153284,0.36083269082498076,0.7090909090909091,1.0,23.52941176470588,25.49019607843137,100.0,96.07843137254902,72.54901960784314,38.0,70.58823529411764,78.4313725490196,60.78431372549019,80.0,5.882352941176471,56.0,41.17647058823529,50.98039215686274,80.3921568627451,50.98039215686275,58.82352941176471,25.0,80.3921568627451,55.10204081632653,37.254901960784316,87.25490196078431,24.509803921568626,98.0392156862745,55.27450980392157,74.50980392156862,70.3921568627451,30.941176470588236,46.07843137254902,65.68627450980392,41.911764705882355,67.74709883953581,37.254901960784316,87.25490196078431
Carlos Ulberg,Men’s Light Heavyweight,8,3.4348561759729273,0.4264705882352941,1.5228426395939085,0.3125,0.6937394247038917,0.6949152542372882,0.7106598984771574,0.5526315789473685,1.3874788494077834,0.8723404255319149,1.8274111675126903,0.84375,4.703891708967851,0.48771929824561405,3.9932318104906934,0.48559670781893005,0.15228426395939085,0.9,0.0676818950930626,0.6666666666666666,0.6598984771573604,0.7959183673469388,0.0,,1.8404907975460123,0.0,0.8121827411167513,0.8135593220338984,0.0676818950930626,0.6666666666666666,1.0,82.35294117647058,60.78431372549019,80.3921568627451,84.31372549019606,52.94117647058824,32.0,50.98039215686275,92.15686274509802,88.23529411764706,56.00000000000001,3.9215686274509878,54.0,86.27450980392157,64.70588235294117,17.647058823529413,47.05882352941176,54.90196078431373,87.5,96.07843137254902,70.40816326530613,90.19607843137256,87.25490196078431,71.56862745098039,82.35294117647058,42.470588235294116,71.56862745098039,72.11764705882354,28.960784313725494,75.49019607843138,32.35294117647059,71.20098039215686,83.24329731892757,90.19607843137256,87.25490196078431
Robert Whittaker,Men’s Light Heavyweight,8,2.900273004657138,0.423943661971831,1.8789144050104385,0.3385416666666667,0.23125100369359242,0.6857142857142857,0.8190139714148065,0.6746031746031746,0.6744820941063112,0.8974358974358975,0.8382848883892725,0.8613861386138614,3.5265778063272846,0.4686299615877081,3.102617632889032,0.43105756358768405,0.13489641882126224,0.6363636363636364,0.24088646218082543,0.8333333333333334,0.14453187730849526,0.75,0.19270916974466035,0.7692307692307693,0.5063291139240507,0.5449591280653951,0.2794282961297575,0.6904761904761905,0.4335956319254858,0.8035714285714286,1.0,66.66666666666666,58.82352941176471,70.58823529411764,76.47058823529412,7.8431372549019605,30.0,37.254901960784316,64.70588235294117,41.17647058823529,74.0,37.254901960784316,40.0,62.745098039215684,49.01960784313725,54.90196078431373,72.54901960784314,19.607843137254903,35.41666666666667,72.54901960784314,20.408163265306126,49.01960784313725,58.8235294117647,62.745098039215684,73.52941176470588,18.92156862745098,50.98039215686275,57.588235294117645,38.627450980392155,55.882352941176464,63.72549019607843,27.512254901960787,46.47859143657463,49.01960784313725,58.8235294117647
Navajo Stirling,Men’s Light Heavyweight,6,3.3792048929663605,0.4411177644710579,1.4220183486238531,0.3069306930693069,2.0336391437308867,0.7112299465240641,0.5351681957186544,0.7291666666666666,0.9938837920489296,0.7647058823529411,0.5045871559633027,0.717391304347826,4.785932721712538,0.49682539682539684,2.186544342507645,0.39285714285714285,0.36697247706422015,0.7058823529411765,0.2293577981651376,0.5357142857142857,1.2538226299694188,0.7522935779816514,0.04587155963302752,0.6,0.477326968973747,0.0,1.620795107033639,0.7412587412587412,0.2752293577981651,0.5454545454545454,1.0,78.43137254901961,72.54901960784314,84.31372549019606,92.15686274509802,96.07843137254902,40.0,64.70588235294117,50.98039215686275,70.58823529411765,16.0,74.50980392156862,84.0,90.19607843137256,72.54901960784314,90.19607843137254,90.19607843137254,88.23529411764706,56.25,86.27450980392156,97.9591836734694,47.05882352941176,87.25490196078431,75.49019607843138,88.23529411764704,68.0392156862745,57.84313725490196,43.294117647058826,79.25490196078431,81.37254901960785,90.19607843137254,72.24264705882354,92.11684673869547,47.05882352941176,87.25490196078431
Dominick Reyes,Men’s Light Heavyweight,8,3.497840838988279,0.5354107648725213,2.29487970388649,0.40789473684210525,0.8698334361505244,0.7121212121212122,0.6847624922887107,0.6727272727272727,0.7587908698334361,0.8541666666666666,0.9068476249228872,0.765625,3.5533621221468232,0.5333333333333333,3.5718692165330044,0.48860759493670886,0.3701418877236274,0.7407407407407407,0.09253547193090685,0.5555555555555556,1.202961135101789,0.8125,0.22208513263417645,0.631578947368421,1.0830324909747293,1.9047619047619047,1.5731030228254164,0.794392523364486,0.3146206045650833,0.6071428571428571,1.0,84.31372549019608,98.0392156862745,49.01960784313725,49.01960784313725,62.745098039215684,42.0,54.90196078431373,66.66666666666666,50.98039215686274,48.0,31.37254901960784,72.0,66.66666666666666,92.15686274509804,29.411764705882355,45.09803921568628,84.31372549019608,81.25,82.35294117647058,89.79591836734694,64.70588235294117,19.60784313725491,91.17647058823529,49.01960784313725,52.372549019607845,60.78431372549019,49.49019607843137,51.68627450980392,79.41176470588235,37.254901960784316,82.78186274509804,86.07442977190877,64.70588235294117,19.60784313725491
Azamat Murzakanov,Men’s Light Heavyweight,7,3.174519610423796,0.5012468827930174,1.5477757304553832,0.3072100313479624,1.1213477230850224,0.8068181818181818,0.7896814951302975,0.6578947368421053,0.17372992892866546,0.9166666666666666,0.9476177941563569,0.7894736842105263,3.0955514609107664,0.4962025316455696,2.890234272176889,0.4178082191780822,0.2842853382469071,0.8181818181818182,0.315872598052119,0.7692307692307693,1.0897604632798106,0.8214285714285714,0.07896814951302975,0.7142857142857143,2.1201413427561837,0.4807692307692308,1.3740458015267176,0.8207547169811321,0.39484074756514875,0.7575757575757576,1.0,72.54901960784314,84.31372549019608,76.47058823529412,90.19607843137254,78.43137254901961,82.0,43.13725490196078,74.50980392156862,11.76470588235294,82.0,27.450980392156858,70.0,47.05882352941176,70.58823529411765,62.745098039215684,80.3921568627451,82.35294117647058,89.58333333333334,74.50980392156862,36.73469387755102,92.15686274509804,60.7843137254902,78.43137254901961,83.33333333333333,80.2156862745098,58.823529411764696,46.88235294117647,48.725490196078425,58.82352941176471,71.56862745098039,85.96813725490196,55.62224889955982,92.15686274509804,60.7843137254902
Alonzo Menifield,Men’s Light Heavyweight,8,3.0098311066296946,0.4326086956521739,2.752709856314595,0.3897216274089936,0.4688681623392992,0.7948717948717948,1.5124779430299973,0.78125,0.31762036803629945,0.875,0.574741618351399,0.8837209302325582,3.266952356944794,0.4576271186440678,3.5845727249810935,0.44052044609665425,0.43861860347869924,0.6444444444444445,1.1948575749936978,0.8315789473684211,0.09074867658179984,1.0,0.06049911772119989,0.8,1.1952191235059761,0.9375,0.529367280060499,0.6862745098039216,1.2553566927148978,0.83,1.0,70.58823529411765,68.62745098039215,35.29411764705883,62.745098039215684,33.33333333333333,74.0,3.9215686274509878,41.1764705882353,15.686274509803921,57.99999999999999,64.70588235294117,30.0,50.98039215686274,41.17647058823529,27.450980392156858,66.66666666666666,39.21568627450981,33.33333333333333,21.568627450980394,14.285714285714286,74.50980392156863,35.29411764705883,69.6078431372549,49.01960784313726,53.666666666666664,22.549019607843142,36.843137254901954,47.35294117647059,46.07843137254902,47.058823529411754,36.27450980392157,17.92717086834734,74.50980392156863,35.29411764705883
Paulo Costa,Men’s Light Heavyweight,8,2.4239324980823316,0.42359249329758714,3.981079007926361,0.4394580863674852,2.3165430836103296,0.8184281842818428,1.2656609562771668,0.6626506024096386,0.9741754027103042,0.8881118881118881,0.7363845563794426,0.9142857142857143,5.246739964203528,0.5796610169491525,5.607261569930964,0.49795640326975477,0.17642546663257477,0.92,0.29915622602914854,0.7090909090909091,0.2914855535668627,0.7169811320754716,0.0767067246228586,0.8333333333333334,0.40268456375838924,0.2564102564102564,0.4679110201994375,0.782051282051282,0.37586295065200714,0.7313432835820896,1.0,58.82352941176471,56.86274509803921,15.686274509803916,39.21568627450981,100.0,84.0,13.725490196078432,70.58823529411764,68.62745098039215,66.0,56.86274509803921,20.0,98.0392156862745,96.07843137254902,3.9215686274509878,33.333333333333336,33.33333333333333,75.0,76.47058823529412,46.93877551020409,43.13725490196079,68.62745098039215,57.84313725490196,27.45098039215686,92.0,42.15686274509804,67.31372549019608,38.431372549019606,97.05882352941177,18.62745098039216,54.166666666666664,61.704681872749106,43.13725490196079,68.62745098039215
Jiri Prochazka,Men’s Light Heavyweight,8,4.255155135864328,0.5183098591549296,3.8504528810946232,0.48970588235294116,0.9019078820582,0.7647058823529411,0.9712854114472923,0.7924528301886793,0.4509539410291,0.8125,0.7515899017151667,0.8125,4.266718057429177,0.5271428571428571,4.012333783002505,0.4915014164305949,0.4509539410291,0.8297872340425532,0.42782809789940257,0.7872340425531915,0.8903449604933513,0.6814159292035398,1.1331663133551744,0.8672566371681416,0.8247422680412371,0.8298755186721992,1.3412989015224512,0.725,1.560994411254577,0.84375,1.0,92.15686274509804,96.07843137254902,17.647058823529413,23.529411764705877,64.70588235294117,60.0,23.529411764705877,33.333333333333336,21.568627450980394,32.0,49.01960784313725,64.0,74.50980392156863,86.27450980392157,15.686274509803916,43.13725490196078,80.3921568627451,50.0,15.686274509803916,12.24489795918367,56.86274509803921,41.1764705882353,94.11764705882354,20.588235294117645,62.35294117647059,28.431372549019606,26.784313725490197,56.509803921568626,80.39215686274511,29.411764705882348,65.19607843137254,13.965586234493792,56.86274509803921,41.1764705882353
Volkan Oezdemir,Men’s Light Heavyweight,8,3.2244897959183674,0.41872791519434627,3.0884353741496597,0.39070567986230637,0.6258503401360545,0.647887323943662,0.8027210884353742,0.6781609195402298,1.251700680272109,0.9387755102040817,0.35374149659863946,0.896551724137931,4.380952380952381,0.4901065449010654,3.877551020408163,0.43577981651376146,0.29931972789115646,0.7096774193548387,0.2585034013605442,0.6785714285714286,0.4217687074829932,0.6595744680851063,0.10884353741496598,0.5333333333333333,1.0666666666666667,0.6410256410256411,0.7210884353741497,0.6794871794871795,0.3673469387755102,0.627906976744186,1.0,74.50980392156863,52.94117647058824,25.490196078431374,60.7843137254902,39.21568627450981,24.0,39.21568627450981,62.745098039215684,84.31372549019608,86.0,82.35294117647058,26.0,82.35294117647058,66.66666666666666,19.60784313725491,70.58823529411764,47.05882352941176,29.166666666666668,78.4313725490196,81.6326530612245,62.745098039215684,52.94117647058824,63.72549019607844,43.13725490196079,31.607843137254903,50.98039215686275,85.15686274509804,54.17647058823529,74.50980392156862,45.09803921568627,38.11274509803921,80.03201280512205,62.745098039215684,52.94117647058824
Jan Blachowicz,Men’s Light Heavyweight,8,1.9547588561673068,0.4280373831775701,2.1169440887750746,0.3974358974358974,0.6999573196756295,0.6307692307692307,0.6658130601792573,0.6610169491525424,0.9218950064020486,0.8372093023255814,1.195049082373026,0.8641975308641975,3.1498079385403326,0.5068681318681318,3.055911224925309,0.48118279569892475,0.14511310285958173,0.6538461538461539,0.1195049082373026,0.7777777777777778,0.28169014084507044,0.825,0.802390098164746,0.6619718309859155,0.2386634844868735,0.2145922746781116,0.4268032437046521,0.7575757575757576,0.9218950064020486,0.675,1.0,45.09803921568628,64.70588235294117,56.86274509803921,58.8235294117647,54.90196078431373,22.0,56.86274509803921,72.54901960784314,62.745098039215684,40.0,15.686274509803916,36.0,49.01960784313725,74.50980392156863,56.86274509803921,49.01960784313725,31.372549019607842,68.75,29.411764705882355,65.3061224489796,35.294117647058826,70.58823529411764,54.90196078431373,57.84313725490196,38.450980392156865,64.70588235294117,51.372549019607845,25.843137254901958,61.76470588235294,52.94117647058823,50.06127450980392,47.35894357743098,35.294117647058826,70.58823529411764
Khalil Rountree Jr.,Men’s Light Heavyweight,8,2.3810324533378173,0.29389788293897884,3.0973600134521604,0.4159891598915989,1.1804271061039178,0.7697368421052632,0.9281990919791491,0.7603305785123967,0.9483773331091305,0.8468468468468469,0.8373970068942324,0.8556701030927835,4.247519757861106,0.41073170731707315,4.630906339330755,0.4940796555435953,0.19169329073482427,0.6551724137931034,0.2219606524297965,0.8461538461538461,0.07062384395493526,0.5833333333333334,0.01008912056499075,1.0,1.342281879194631,0.4149377593360996,0.26231713468975953,0.6341463414634146,0.23204977299478727,0.8518518518518519,1.0,56.86274509803921,11.76470588235294,23.529411764705877,47.05882352941176,82.35294117647058,64.0,27.450980392156858,45.09803921568628,66.66666666666666,46.0,39.21568627450981,45.99999999999999,72.54901960784314,23.52941176470588,7.8431372549019684,39.21568627450981,17.647058823529413,18.75,88.23529411764706,10.204081632653052,82.35294117647058,64.70588235294117,34.31372549019608,35.29411764705882,73.17647058823529,36.27450980392157,56.33333333333333,42.6078431372549,48.03921568627451,23.529411764705888,18.198529411764707,49.21968787515006,82.35294117647058,64.70588235294117
Modestas Bukauskas,Men’s Light Heavyweight,8,2.2800925925925926,0.4020408163265306,1.3888888888888888,0.30927835051546393,0.40509259259259256,0.8333333333333334,1.3310185185185184,0.7467532467532467,0.33564814814814814,0.90625,1.0532407407407407,0.7982456140350878,2.6157407407407405,0.44140625,3.1828703703703702,0.4661016949152542,0.18518518518518517,0.6666666666666666,0.5208333333333333,0.8035714285714286,0.21990740740740738,0.6785714285714286,0.06944444444444443,0.6,0.3831417624521073,0.6134969325153374,0.40509259259259256,0.6730769230769231,0.5902777777777778,0.7727272727272727,1.0,50.98039215686274,47.05882352941176,88.23529411764706,86.27450980392156,23.52941176470588,89.0,11.764705882352935,47.05882352941176,17.647058823529413,78.0,25.490196078431374,68.0,37.254901960784316,31.372549019607842,49.01960784313725,58.8235294117647,29.411764705882355,27.083333333333332,60.7843137254902,32.6530612244898,39.21568627450981,54.90196078431373,49.01960784313725,87.25490196078431,56.26470588235294,29.411764705882348,47.82352941176471,46.74509803921569,34.31372549019608,53.92156862745098,28.247549019607845,46.71868747499,39.21568627450981,54.90196078431373
Dustin Jacoby,Men’s Light Heavyweight,8,2.9488158899923604,0.42139737991266374,3.0404889228418637,0.4335511982570806,0.5500381970970206,0.6666666666666666,0.5194805194805194,0.68,1.2528647822765469,0.7663551401869159,0.5500381970970206,0.8,3.972498090145149,0.4797047970479705,3.5599694423223833,0.4716599190283401,0.5958747135217723,0.8478260869565217,0.3972498090145149,0.5909090909090909,0.18334606569900685,0.3870967741935484,0.15278838808250572,0.625,1.2861736334405145,2.2304832713754648,0.7792207792207791,0.6623376623376623,0.5500381970970206,0.6,1.0,68.62745098039215,54.90196078431373,29.411764705882355,41.1764705882353,37.254901960784316,28.000000000000004,66.66666666666666,60.7843137254902,86.27450980392157,18.0,70.58823529411764,66.0,70.58823529411765,60.78431372549019,31.37254901960784,56.86274509803921,52.94117647058824,20.833333333333336,62.745098039215684,91.83673469387756,78.43137254901961,17.647058823529413,61.76470588235294,35.294117647058826,32.62745098039216,63.725490196078425,52.13725490196079,68.29411764705881,65.68627450980392,44.11764705882352,36.88725490196079,77.29091636654663,78.43137254901961,17.647058823529413
Bogdan Guskov,Men’s Light Heavyweight,7,2.673716012084592,0.5057142857142857,2.039274924471299,0.45,0.18126888217522658,0.8571428571428571,0.7250755287009063,0.6233766233766234,0.7401812688821752,0.8909090909090909,0.7401812688821752,0.8596491228070176,2.3564954682779455,0.5148514851485149,2.824773413897281,0.4973404255319149,0.1661631419939577,0.9166666666666666,0.18126888217522658,0.8571428571428571,1.0725075528700907,0.6826923076923077,0.49848942598187307,0.75,1.680672268907563,0.8620689655172413,1.2386706948640482,0.7068965517241379,0.6797583081570997,0.7758620689655172,1.0,62.745098039215684,86.27450980392157,62.745098039215684,33.333333333333336,5.88235294117647,92.0,49.01960784313725,84.31372549019606,47.05882352941176,68.0,54.90196078431373,44.00000000000001,33.33333333333333,76.47058823529412,66.66666666666666,35.29411764705883,76.47058823529412,41.66666666666667,50.98039215686275,30.612244897959183,88.23529411764706,39.21568627450981,74.50980392156863,48.03921568627451,48.94117647058823,66.66666666666666,57.529411764705884,49.450980392156865,54.90196078431372,50.98039215686275,59.068627450980394,40.79631852741097,88.23529411764706,39.21568627450981
Jimmy Crute,Men’s Light Heavyweight,8,2.843601895734597,0.43478260869565216,2.786729857819905,0.5364963503649635,0.6635071090047393,0.8333333333333334,0.8341232227488151,0.8461538461538461,0.6824644549763034,0.8571428571428571,0.8151658767772512,0.86,2.938388625592417,0.44412607449856734,3.81042654028436,0.5911764705882353,0.7203791469194313,0.9047619047619048,0.3791469194312796,0.9523809523809523,0.5308056872037915,0.7368421052631579,0.24644549763033174,0.8666666666666667,1.3574660633484164,1.2820512820512822,1.2511848341232228,0.825,0.6255924170616114,0.9166666666666666,1.0,64.70588235294117,70.58823529411765,33.333333333333336,15.686274509803916,47.05882352941176,89.0,35.29411764705883,17.647058823529413,45.09803921568628,52.0,41.1764705882353,42.0,45.09803921568628,35.294117647058826,21.568627450980394,9.803921568627452,78.43137254901961,91.66666666666666,54.90196078431373,2.0408163265306123,84.31372549019608,29.411764705882355,67.64705882352942,24.509803921568626,68.02941176470588,26.470588235294123,48.549019607843135,41.58823529411765,40.196078431372555,15.686274509803923,85.04901960784314,28.47138855542217,84.31372549019608,29.411764705882355
Nikita Krylov,Men’s Light Heavyweight,8,2.501478415138971,0.407514450867052,2.820816085156712,0.4441340782122905,1.0467179183914843,0.6555555555555556,0.1596688350088705,0.8181818181818182,0.9225310467179184,0.896551724137931,0.19515079834417504,0.8461538461538461,3.335304553518628,0.46078431372549017,2.6788882318154936,0.4467455621301775,0.5322294500295683,0.7692307692307693,0.1596688350088705,0.5625,0.6031933767001774,0.723404255319149,0.33707865168539325,0.6785714285714286,1.1904761904761905,1.1173184357541899,1.1354228267297457,0.7441860465116279,0.4967474866942637,0.6363636363636364,1.0,60.78431372549019,50.98039215686274,31.37254901960784,37.254901960784316,70.58823529411765,26.0,96.07843137254902,27.450980392156858,64.70588235294117,72.0,96.07843137254902,52.0,54.90196078431373,43.13725490196079,74.50980392156862,64.70588235294117,74.50980392156863,58.333333333333336,68.62745098039215,79.59183673469389,72.54901960784314,31.37254901960784,55.882352941176464,34.31372549019608,48.294117647058826,61.76470588235294,68.35294117647058,74.0392156862745,49.01960784313726,69.60784313725489,66.42156862745098,74.10964385754302,72.54901960784314,31.37254901960784
Iwo Baraniewski,Men’s Light Heavyweight,3,8.613861386138614,0.5087719298245614,8.613861386138614,0.5178571428571429,1.188118811881188,0.8,0.0,0.0,1.4851485148514851,1.0,0.297029702970297,0.3333333333333333,3.5643564356435644,0.48,5.643564356435643,0.40425531914893614,1.7821782178217822,0.75,3.267326732673267,0.6111111111111112,5.9405940594059405,0.5882352941176471,0.0,,10.526315789473685,3.3333333333333335,7.7227722772277225,0.6190476190476191,3.267326732673267,0.6111111111111112,1.0,100.0,90.19607843137256,3.9215686274509878,19.60784313725491,84.31372549019608,80.0,100.0,100.0,90.19607843137256,94.0,94.11764705882352,100.0,68.62745098039215,62.745098039215684,1.9607843137254901,84.31372549019606,100.0,16.666666666666664,5.882352941176471,87.75510204081634,99.01960784313727,4.901960784313722,95.09803921568627,11.76470588235295,82.15686274509804,100.0,92.09803921568627,97.05882352941177,65.68627450980392,43.13725490196077,58.33333333333333,46.81872749099641,99.01960784313727,4.901960784313722
Abdul Rakhman Yakhyaev,Men’s Light Heavyweight,3,5.070422535211267,0.5625,1.408450704225352,0.3333333333333333,0.2816901408450704,1.0,0.2816901408450704,1.0,0.0,,0.5633802816901408,0.6666666666666666,1.9718309859154928,0.4375,2.253521126760563,0.42105263157894735,0.0,,0.0,,3.380281690140845,0.7058823529411765,0.0,,10.526315789473685,0.0,3.380281690140845,0.7058823529411765,0.0,,1.0,98.0392156862745,100.0,86.27450980392156,80.3921568627451,9.803921568627452,100.0,88.23529411764706,4.901960784313722,1.9607843137254901,,66.66666666666666,89.0,15.686274509803921,27.450980392156865,88.23529411764706,76.47058823529412,98.0392156862745,39.58333333333333,99.01960784313725,,99.01960784313727,87.25490196078431,99.01960784313725,83.33333333333333,54.90196078431373,46.56862745098039,1.9607843137254901,77.83333333333333,21.568627450980394,82.35294117647058,68.81127450980392,99.01960784313725,99.01960784313727,87.25490196078431
Johnny Walker,Men’s Light Heavyweight,8,1.762165274978405,0.35789473684210527,1.31298589116038,0.3377777777777778,0.41462712352433057,0.48,0.7255974661675785,0.65625,2.2458969190901237,0.8227848101265823,1.1920529801324504,0.8625,3.40339763892888,0.4657210401891253,2.936942124964008,0.5014749262536873,0.2591419522027066,0.75,0.12093291102792975,0.5,0.7601497264612727,0.88,0.17276130146847107,0.625,0.78125,1.6042780748663101,1.0192916786639792,0.8428571428571429,0.2936942124964008,0.5666666666666667,1.0,31.372549019607842,33.33333333333333,90.19607843137254,78.4313725490196,25.49019607843137,6.0,47.05882352941176,76.47058823529412,98.0392156862745,34.0,17.647058823529413,38.0,56.86274509803921,45.09803921568628,58.8235294117647,29.411764705882355,70.58823529411765,95.83333333333334,84.31372549019606,93.87755102040816,54.90196078431373,21.568627450980394,32.35294117647059,84.31372549019608,15.745098039215685,61.76470588235294,66.01960784313725,27.823529411764707,50.98039215686275,44.11764705882353,83.2107843137255,89.0956382553021,54.90196078431373,21.568627450980394
Billy Elekana,Men’s Light Heavyweight,4,1.8926553672316384,0.5114503816793893,1.9774011299435028,0.4069767441860465,0.6779661016949153,0.7741935483870968,0.9322033898305085,0.8461538461538461,0.14124293785310735,0.625,0.6779661016949153,0.96,2.2033898305084745,0.52,2.768361581920904,0.5025641025641026,0.02824858757062147,1.0,0.3107344632768362,0.7857142857142857,0.480225988700565,0.8947368421052632,0.5084745762711864,0.6666666666666666,1.0416666666666667,0.7874015748031497,0.5084745762711864,0.9,0.8192090395480226,0.7073170731707317,1.0,35.294117647058826,94.11764705882352,66.66666666666666,50.98039215686275,49.01960784313725,68.0,25.490196078431374,17.647058823529413,9.803921568627452,8.0,60.7843137254902,7.0,27.450980392156865,80.3921568627451,68.62745098039215,27.450980392156858,37.254901960784316,97.91666666666666,41.1764705882353,57.14285714285714,60.78431372549019,43.13725490196078,64.70588235294117,58.8235294117647,58.509803921568626,21.568627450980394,8.901960784313726,33.8921568627451,53.92156862745098,48.0392156862745,67.58578431372548,49.15966386554622,60.78431372549019,43.13725490196078
Jamahal Hill,Men’s Light Heavyweight,8,4.001490312965723,0.4491844416562108,2.447839046199702,0.45435684647302904,1.0171385991058122,0.7982456140350878,1.2071535022354694,0.8244274809160306,0.5029806259314455,0.8823529411764706,0.7265275707898659,0.8227848101265823,4.4150521609538,0.47192353643966545,3.543219076005961,0.5318791946308725,0.5812220566318926,0.8125,0.26825633383010433,0.8275862068965517,0.5253353204172876,0.7704918032786885,0.5700447093889717,0.7611940298507462,0.4048582995951417,1.0204081632653061,1.1065573770491803,0.792,0.838301043219076,0.78125,1.0,88.23529411764706,78.43137254901961,45.09803921568628,31.37254901960784,68.62745098039215,78.0,15.686274509803916,23.529411764705877,29.411764705882355,62.0,58.8235294117647,58.0,84.31372549019608,54.90196078431373,35.29411764705883,19.60784313725491,72.54901960784314,79.16666666666666,37.254901960784316,28.571428571428566,45.09803921568628,33.333333333333336,83.33333333333334,38.23529411764706,73.31372549019608,19.607843137254896,45.705882352941174,58.41176470588235,69.6078431372549,27.450980392156872,75.85784313725489,32.91316526610644,45.09803921568628,33.333333333333336
Rodolfo Bellato,Men’s Light Heavyweight,5,3.2576295244854507,0.5066225165562914,4.556422995031937,0.47874720357941836,1.085876508161817,0.7611940298507462,1.3839602555003547,0.7386363636363636,1.0220014194464158,0.8275862068965517,0.298083747338538,0.7368421052631579,3.4066713981547196,0.5369127516778524,4.428672817601135,0.4759725400457666,0.42583392476933996,0.7692307692307693,0.8942512420156139,0.75,1.5330021291696239,0.6990291262135923,0.9155429382540808,0.7049180327868853,0.3968253968253968,0.6825938566552902,1.9588360539389638,0.7131782945736435,1.8097941802696949,0.7264957264957265,1.0,76.47058823529412,88.23529411764706,9.803921568627452,25.490196078431374,74.50980392156863,56.00000000000001,9.803921568627452,49.01960784313725,76.47058823529412,36.0,92.15686274509802,75.0,58.82352941176471,94.11764705882352,11.764705882352935,52.94117647058824,92.15686274509804,43.75,13.725490196078432,48.97959183673469,41.17647058823529,47.05882352941176,82.35294117647058,17.647058823529413,65.25490196078432,29.41176470588235,56.23529411764706,83.578431372549,76.47058823529412,32.35294117647059,67.95343137254902,31.352541016406562,41.17647058823529,47.05882352941176
Muhammad Saidov,Men’s Light Heavyweight,1,4.176570458404075,0.3904761904761905,0.8149405772495756,0.17777777777777778,0.9168081494057725,0.5625,0.30560271646859083,0.2727272727272727,1.0186757215619695,0.8333333333333334,2.3429541595925296,0.6216216216216216,5.297113752122241,0.4297520661157025,3.4634974533106964,0.3655913978494624,0.4074702886247878,0.5714285714285714,0.0,,0.4074702886247878,0.8,0.0,,3.3333333333333335,0.0,0.8149405772495756,0.6666666666666666,0.0,,1.0,90.19607843137256,45.09803921568628,98.0392156862745,100.0,66.66666666666666,12.0,86.27450980392156,98.0392156862745,74.50980392156863,38.0,1.9607843137254901,92.0,100.0,25.49019607843137,39.21568627450981,94.11764705882352,56.86274509803921,22.916666666666664,99.01960784313725,,96.07843137254902,87.25490196078431,67.64705882352942,99.01960784313725,39.33333333333333,92.15686274509804,56.254901960784316,46.98039215686274,62.745098039215684,66.66666666666666,39.88970588235294,99.01960784313725,96.07843137254902,87.25490196078431
Zhang Mingyang,Men’s Light Heavyweight,5,3.6969192339716903,0.4713375796178344,4.396336386344713,0.567741935483871,1.4487926727726894,0.7631578947368421,0.39966694421315574,0.6153846153846154,1.4987510407993339,0.9375,0.7493755203996669,1.0,4.296419650291424,0.5276073619631901,3.547044129891757,0.5298507462686567,0.7993338884263115,0.8,0.19983347210657787,0.4444444444444444,1.5487094088259785,0.7045454545454546,1.7985012489592007,0.9,1.5037593984962405,2.7027027027027026,2.34804329725229,0.734375,1.9983347210657787,0.8163265306122449,1.0,86.27450980392157,80.3921568627451,13.725490196078432,9.803921568627452,88.23529411764706,57.99999999999999,76.47058823529412,88.23529411764706,92.15686274509804,84.0,50.98039215686275,3.0,78.43137254901961,88.23529411764706,33.333333333333336,21.568627450980394,94.11764705882352,52.083333333333336,11.764705882352935,16.326530612244905,86.27450980392157,9.803921568627452,83.33333333333334,11.764705882352942,73.11764705882352,82.35294117647058,88.07843137254902,26.990196078431374,83.33333333333334,27.450980392156865,73.10049019607843,14.04561824729892,86.27450980392157,9.803921568627452
Oumar Sy,Men’s Light Heavyweight,5,1.7516543402101983,0.35046728971962615,0.9809264305177111,0.22950819672131148,0.6539509536784741,0.717948717948718,0.37368625924484233,0.5714285714285714,1.0042818217205138,0.8775510204081632,0.5138186064616582,0.7333333333333333,2.82600233553912,0.47265625,1.6815881666017904,0.3103448275862069,0.2802646944336317,0.8571428571428571,0.11677695601401322,1.0,0.3036200856364344,0.40625,0.07006617360840793,0.75,0.0,0.0,0.5838847800700662,0.5434782608695652,0.18684312962242117,0.8888888888888888,1.0,27.450980392156865,23.52941176470588,94.11764705882352,98.0392156862745,43.13725490196079,44.0,78.4313725490196,90.19607843137254,72.54901960784314,60.0,72.54901960784314,78.0,43.13725490196079,56.86274509803921,96.07843137254902,98.0392156862745,41.17647058823529,8.333333333333332,90.19607843137254,4.081632653061229,16.666666666666664,87.25490196078431,25.490196078431374,96.078431372549,43.568627450980394,84.31372549019608,66.27450980392157,75.27450980392157,50.0,97.05882352941177,24.75490196078431,47.13885554221689,16.666666666666664,87.25490196078431
Magomed Tuchalov,Men’s Light Heavyweight,1,0.8,0.2608695652173913,1.2,0.2465753424657534,0.3333333333333333,0.35714285714285715,0.26666666666666666,0.36363636363636365,1.2,0.9,1.1333333333333333,0.5,2.2666666666666666,0.44155844155844154,2.466666666666667,0.3217391304347826,0.0,,0.0,,0.06666666666666667,0.3333333333333333,0.13333333333333333,0.6666666666666666,0.0,0.0,0.06666666666666667,0.3333333333333333,0.13333333333333333,0.6666666666666666,1.0,4.901960784313726,7.8431372549019605,92.15686274509802,94.11764705882352,15.686274509803921,4.0,92.15686274509802,96.07843137254902,82.35294117647058,76.0,21.568627450980394,96.0,31.372549019607842,33.33333333333333,82.35294117647058,96.07843137254902,9.803921568627452,2.083333333333333,92.15686274509802,70.40816326530613,16.666666666666664,87.25490196078431,6.372549019607844,93.13725490196077,9.843137254901961,94.11764705882352,79.17647058823529,58.78431372549019,32.35294117647059,89.2156862745098,5.943627450980392,81.28251300520208,16.666666666666664,87.25490196078431
Felipe Franco,Men’s Light Heavyweight,2,2.353846153846154,0.4811320754716981,1.4769230769230768,0.4266666666666667,0.3692307692307692,0.8888888888888888,0.2769230769230769,0.8571428571428571,0.04615384615384615,1.0,0.32307692307692304,0.875,1.1538461538461537,0.352112676056338,1.4307692307692308,0.4189189189189189,0.3692307692307692,0.8888888888888888,0.6,0.8666666666666667,1.2461538461538462,0.75,0.04615384615384615,1.0,0.0,0.0,1.6153846153846152,0.7777777777777778,0.6461538461538461,0.875,1.0,54.90196078431373,82.35294117647058,82.35294117647058,43.13725490196078,21.568627450980394,96.0,90.19607843137254,12.745098039215684,3.9215686274509802,94.0,88.23529411764706,33.0,1.9607843137254901,11.76470588235294,98.0392156862745,78.4313725490196,86.27450980392157,72.91666666666666,52.94117647058824,6.122448979591846,16.666666666666664,87.25490196078431,68.62745098039215,62.74509803921568,58.78431372549019,51.470588235294116,48.96078431372549,60.61764705882353,6.862745098039215,88.23529411764704,79.59558823529412,29.53181272509004,16.666666666666664,87.25490196078431
Diyar Nurgozhay,Men’s Light Heavyweight,4,1.9178082191780823,0.448,1.5410958904109588,0.33088235294117646,2.089041095890411,0.7530864197530864,0.547945205479452,0.5333333333333333,1.678082191780822,0.8596491228070176,0.7534246575342466,0.8148148148148148,4.726027397260274,0.6133333333333333,2.397260273972603,0.4,0.273972602739726,0.7272727272727273,0.136986301369863,0.6666666666666666,0.684931506849315,0.7407407407407407,0.3082191780821918,0.75,1.2048192771084338,2.4096385542168677,0.9589041095890412,0.7368421052631579,0.4452054794520548,0.7222222222222222,1.0,39.21568627450981,76.47058823529412,78.4313725490196,82.35294117647058,98.0392156862745,52.0,62.745098039215684,94.11764705882352,94.11764705882352,54.0,47.05882352941176,62.0,88.23529411764706,98.0392156862745,86.27450980392156,86.27450980392156,66.66666666666666,54.166666666666664,70.58823529411764,51.0204081632653,76.47058823529412,15.686274509803916,57.84313725490196,80.39215686274508,75.01960784313725,78.4313725490196,74.05882352941177,54.529411764705884,93.13725490196077,86.27450980392156,60.41666666666666,60.80432172869147,76.47058823529412,15.686274509803916
Uran Satybaldiev,Men’s Light Heavyweight,2,1.1267605633802817,0.16129032258064516,1.6901408450704225,0.4,0.3380281690140845,0.6,0.3380281690140845,0.6666666666666666,0.676056338028169,0.75,1.6338028169014085,0.8529411764705882,1.9154929577464788,0.23448275862068965,3.1549295774647885,0.5384615384615384,0.22535211267605634,1.0,0.5070422535211268,0.6428571428571429,0.0,0.0,0.0,,2.6315789473684212,0.0,0.22535211267605634,0.8,0.5070422535211268,0.6428571428571429,1.0,11.76470588235294,1.9607843137254901,74.50980392156862,56.86274509803921,17.647058823529413,19.0,82.35294117647058,68.62745098039215,43.13725490196079,13.0,7.8431372549019684,48.0,13.725490196078432,1.9607843137254901,52.94117647058824,17.647058823529413,15.686274509803921,85.41666666666666,66.66666666666666,77.55102040816327,94.11764705882352,87.25490196078431,6.862745098039215,65.68627450980392,18.323529411764707,75.49019607843137,28.068627450980394,27.921568627450984,7.843137254901961,35.294117647058826,50.55147058823529,72.10884353741497,94.11764705882352,87.25490196078431
Ion Cutelaba,Men’s Light Heavyweight,8,1.9345454545454546,0.35092348284960423,2.6618181818181816,0.4945945945945946,0.6545454545454545,0.7758620689655172,0.43636363636363634,0.8571428571428571,0.8436363636363636,0.7733333333333333,0.5527272727272727,0.95,2.6618181818181816,0.40757238307349664,2.909090909090909,0.5249343832020997,0.3781818181818182,0.7428571428571429,0.23272727272727273,0.7619047619047619,0.3927272727272727,0.9642857142857143,0.509090909090909,0.813953488372093,0.0,0.398406374501992,0.7709090909090909,0.8412698412698413,0.7418181818181818,0.796875,1.0,43.13725490196079,27.450980392156865,37.254901960784316,21.568627450980394,45.09803921568628,70.0,74.50980392156862,12.745098039215684,58.82352941176471,20.0,68.62745098039215,10.0,39.21568627450981,19.607843137254903,60.7843137254902,23.529411764705877,50.98039215686274,93.75,49.01960784313725,22.448979591836743,16.666666666666664,66.66666666666666,35.294117647058826,29.411764705882355,57.549019607843135,43.627450980392155,39.411764705882355,39.31372549019608,29.411764705882355,42.15686274509804,72.36519607843137,35.734293717487,16.666666666666664,66.66666666666666
Anthony Smith,Men’s Light Heavyweight,8,1.9023779724655818,0.4053333333333333,4.405506883604505,0.4484076433121019,0.6508135168961201,0.7428571428571429,0.9136420525657071,0.6952380952380952,1.0387984981226532,0.8829787234042553,1.4893617021276595,0.9015151515151515,3.5294117647058822,0.5300751879699248,4.543178973717146,0.4641943734015345,0.05006257822277847,0.6666666666666666,0.38798498122653313,0.7380952380952381,0.012515644555694618,1.0,1.8773466833541925,0.7575757575757576,0.0,0.18382352941176472,0.06257822277847308,0.7142857142857143,2.2653316645807258,0.7541666666666667,1.0,37.254901960784316,49.01960784313725,11.764705882352935,35.29411764705883,41.17647058823529,48.0,29.411764705882355,54.90196078431373,78.43137254901961,64.0,11.764705882352935,24.0,64.70588235294117,90.19607843137256,9.803921568627452,60.7843137254902,7.8431372549019605,45.83333333333333,9.803921568627452,38.77551020408163,16.666666666666664,72.54901960784314,43.13725490196079,23.529411764705884,44.588235294117645,42.15686274509804,71.2156862745098,17.882352941176467,77.45098039215686,35.294117647058826,26.838235294117645,24.28971588635454,16.666666666666664,72.54901960784314
Luke Fernandez,Men’s Light Heavyweight,1,4.444444444444444,0.42857142857142855,8.888888888888888,0.6153846153846154,1.111111111111111,0.75,1.4814814814814814,0.8,0.37037037037037035,1.0,0.7407407407407407,1.0,3.333333333333333,0.34615384615384615,3.333333333333333,0.5,2.5925925925925926,1.0,0.37037037037037035,1.0,0.0,,7.4074074074074066,0.7407407407407407,0.0,3.3333333333333335,2.5925925925925926,1.0,7.777777777777778,0.75,1.0,96.07843137254902,66.66666666666666,1.9607843137254901,5.882352941176471,76.47058823529412,50.0,5.882352941176471,31.37254901960784,19.607843137254903,94.0,52.94117647058824,3.0,52.94117647058824,7.8431372549019605,43.13725490196078,31.37254901960784,96.07843137254902,100.0,1.9607843137254901,41.836734693877546,16.666666666666664,4.901960784313722,81.37254901960785,3.9215686274509807,63.23529411764706,18.627450980392155,56.80392156862745,27.97058823529412,30.3921568627451,37.25490196078431,98.0392156862745,21.898759503801518,16.666666666666664,4.901960784313722
Levi Rodrigues Jr.,Men’s Light Heavyweight,1,1.05,0.25925925925925924,5.7,0.6909090909090909,0.0,,0.15,1.0,0.6,0.8,0.0,,1.65,0.34375,1.7999999999999998,0.6,0.0,,0.0,,0.0,,4.05,0.75,0.0,0.0,0.0,,4.05,0.75,1.0,9.803921568627452,5.88235294117647,5.882352941176471,1.9607843137254901,2.941176470588235,,98.0392156862745,4.901960784313722,35.294117647058826,28.000000000000004,100.0,,9.803921568627452,5.88235294117647,92.15686274509802,7.8431372549019684,3.9215686274509802,,3.9215686274509878,41.836734693877546,16.666666666666664,87.25490196078431,7.843137254901961,3.9215686274509807,2.941176470588235,51.470588235294116,31.647058823529413,100.0,7.843137254901961,50.0,3.9215686274509802,22.879151660664267,16.666666666666664,87.25490196078431
Rafael Tobias,Men’s Light Heavyweight,1,1.9333333333333333,0.3372093023255814,2.2,0.4647887323943662,0.4666666666666667,0.7,2.466666666666667,0.7872340425531915,0.2,0.6,1.6,0.96,1.7333333333333334,0.30952380952380953,5.4,0.6639344262295082,0.26666666666666666,0.6666666666666666,0.3333333333333333,0.8333333333333334,0.6,0.8181818181818182,0.5333333333333333,0.5333333333333333,0.0,0.0,0.8666666666666667,0.7647058823529411,0.8666666666666667,0.6190476190476191,1.0,41.17647058823529,21.568627450980394,54.90196078431373,27.450980392156858,30.392156862745097,35.0,1.9607843137254901,35.29411764705883,13.725490196078432,4.0,9.803921568627452,7.0,11.76470588235294,3.9215686274509802,5.882352941176471,1.9607843137254901,62.745098039215684,70.83333333333334,35.29411764705883,83.6734693877551,16.666666666666664,87.25490196078431,31.372549019607842,41.17647058823529,32.69607843137255,18.62745098039216,8.862745098039216,8.401960784313726,7.8431372549019605,3.9215686274509807,66.78921568627452,59.483793517406966,16.666666666666664,87.25490196078431
Paul Craig,Men’s Light Heavyweight,8,1.204876882620129,0.268370607028754,2.4527850824766912,0.5411392405063291,0.8319387999043748,0.5979381443298969,0.4876882620129094,0.8292682926829268,0.4590007171886206,0.8421052631578947,0.874970117140808,0.9242424242424242,1.9937843652880707,0.3601036269430052,2.739660530719579,0.60062893081761,0.05737508964857758,0.5714285714285714,0.2008128137700215,0.9333333333333333,0.4446569447764762,0.5636363636363636,0.874970117140808,0.6777777777777778,0.0,0.7518796992481203,0.5020320344250537,0.5645161290322581,1.0757829309108295,0.7142857142857143,1.0,13.725490196078432,9.803921568627452,43.13725490196078,13.725490196078432,60.78431372549019,16.0,68.62745098039215,21.568627450980394,23.52941176470588,43.0,33.333333333333336,14.0,19.607843137254903,13.725490196078432,70.58823529411764,5.882352941176471,35.294117647058826,10.416666666666668,23.529411764705877,53.06122448979592,16.666666666666664,45.09803921568628,11.764705882352942,28.431372549019606,38.3921568627451,45.09803921568627,33.26470588235294,23.666666666666668,16.666666666666668,38.23529411764706,22.85539215686275,38.295318127250894,16.666666666666664,45.09803921568628
Ivan Erslan,Men’s Light Heavyweight,4,2.090375991721283,0.4469026548672566,2.5043118316660915,0.34870317002881845,0.3311486719558468,0.8888888888888888,0.9106588478785788,0.6197183098591549,0.10348395998620213,1.0,1.1590203518454638,0.8484848484848485,2.2145567437047258,0.4713656387665198,3.787512935494998,0.43058823529411766,0.18627112797516385,0.75,0.2276647119696447,0.7857142857142857,0.12418075198344256,0.6,0.5588133839254915,0.6,0.0,0.45248868778280543,0.3104518799586064,0.6818181818181818,0.7864780958951362,0.6440677966101694,1.0,47.05882352941176,74.50980392156863,41.1764705882353,74.50980392156862,13.725490196078432,96.0,31.37254901960784,86.27450980392156,5.88235294117647,94.0,19.60784313725491,50.0,29.411764705882355,52.94117647058824,23.529411764705877,74.50980392156862,25.49019607843137,31.25,45.09803921568628,73.46938775510205,16.666666666666664,62.745098039215684,60.78431372549019,57.84313725490196,54.86274509803921,58.823529411764696,49.94117647058823,34.80392156862746,41.1764705882353,49.01960784313725,28.370098039215684,59.28371348539416,16.666666666666664,62.745098039215684
Ibo Aslan,Men’s Light Heavyweight,5,4.287966368891224,0.4276729559748428,2.5853914871255914,0.36444444444444446,0.441408302679979,0.56,1.0404624277456649,0.717391304347826,0.788229111928534,0.7352941176470589,0.3783499737256963,0.6666666666666666,4.792433000525486,0.44837758112094395,3.184445612191277,0.396078431372549,0.6936416184971098,0.6111111111111112,0.40987913820283767,0.6842105263157895,0.03152916447714136,0.5,0.40987913820283767,0.8666666666666667,1.1428571428571428,1.5748031496062993,0.7251707829742512,0.6052631578947368,0.8197582764056753,0.7647058823529411,1.0,94.11764705882352,62.745098039215684,39.21568627450981,68.62745098039215,27.450980392156865,10.0,19.60784313725491,52.94117647058824,56.86274509803921,10.0,80.3921568627451,89.0,92.15686274509804,39.21568627450981,47.05882352941176,88.23529411764706,49.01960784313725,14.583333333333334,39.21568627450981,34.693877551020414,68.62745098039215,23.529411764705877,78.4313725490196,53.92156862745098,18.725490196078432,36.274509803921575,33.431372549019606,84.69607843137254,65.68627450980392,67.6470588235294,31.801470588235293,36.954781912765114,68.62745098039215,23.529411764705877
Kevin Christian,Men’s Light Heavyweight,2,0.32,0.2,4.96,0.6888888888888889,1.28,0.8888888888888888,0.32,1.0,2.72,0.8947368421052632,0.8,0.7142857142857143,4.32,0.7105263157894737,2.88,0.5806451612903226,0.0,,0.16,0.5,0.0,,3.04,0.9047619047619048,0.0,2.6315789473684212,0.0,,3.2,0.8695652173913043,1.0,1.9607843137254901,3.9215686274509802,7.8431372549019684,3.9215686274509878,86.27450980392157,96.0,84.31372549019606,4.901960784313722,100.0,70.0,43.13725490196078,86.0,80.3921568627451,100.0,64.70588235294117,11.764705882352935,3.9215686274509802,,7.8431372549019684,8.16326530612245,16.666666666666664,11.764705882352935,2.941176470588235,5.882352941176478,91.13725490196079,44.60784313725489,85.0,64.56862745098039,90.19607843137254,38.23529411764706,3.9215686274509802,8.003201280512208,16.666666666666664,11.764705882352935
Julius Walker,Men’s Light Heavyweight,4,1.7918552036199094,0.3815028901734104,3.257918552036199,0.5240174672489083,1.1674208144796379,0.7962962962962963,0.5972850678733032,0.8461538461538461,0.7601809954751131,1.0,0.32579185520361986,0.9230769230769231,1.9819004524886876,0.44785276073619634,3.257918552036199,0.5633802816901409,1.1131221719457012,0.6507936507936508,0.48868778280542985,0.72,0.6244343891402715,0.7931034482758621,0.43438914027149317,0.5333333333333333,0.7299270072992701,1.2987012987012987,1.7375565610859727,0.6956521739130435,0.923076923076923,0.6181818181818182,1.0,33.33333333333333,41.17647058823529,21.568627450980394,17.647058823529413,80.3921568627451,76.0,60.7843137254902,17.647058823529413,52.94117647058824,94.0,86.27450980392156,16.0,17.647058823529413,37.254901960784316,45.09803921568628,15.686274509803916,90.19607843137256,37.5,27.450980392156858,85.71428571428572,52.94117647058824,27.450980392156858,37.25490196078431,19.607843137254903,78.19607843137254,39.21568627450981,73.47058823529412,51.13725490196078,27.450980392156865,30.392156862745097,63.84803921568628,56.582633053221286,52.94117647058824,27.450980392156858
Tuco Tokkos,Men’s Light Heavyweight,4,1.5301391035548686,0.35106382978723405,2.063369397217929,0.4564102564102564,0.30139103554868624,0.5652173913043478,0.973724884080371,0.7636363636363637,0.4868624420401855,0.75,0.18547140649149924,0.7272727272727273,2.017001545595054,0.4084507042253521,2.41112828438949,0.49523809523809526,0.1391035548686244,0.46153846153846156,0.5100463678516228,0.7586206896551724,0.16228748068006182,0.5384615384615384,0.30139103554868624,0.5909090909090909,0.0,0.0,0.30139103554868624,0.5,0.8114374034003091,0.6862745098039216,1.0,21.568627450980394,29.411764705882355,60.7843137254902,29.411764705882355,11.76470588235294,14.000000000000002,21.568627450980394,43.13725490196078,25.49019607843137,13.0,98.0392156862745,81.0,21.568627450980394,21.568627450980394,84.31372549019606,37.254901960784316,21.568627450980394,6.25,43.13725490196078,61.224489795918366,16.666666666666664,87.25490196078431,25.490196078431374,45.09803921568628,12.882352941176471,32.35294117647059,19.245098039215684,89.51960784313725,21.568627450980394,60.78431372549019,13.909313725490197,52.18087234893957,16.666666666666664,87.25490196078431
Bruno Lopes,Men’s Light Heavyweight,4,1.262135922330097,0.37142857142857144,2.3300970873786406,0.4186046511627907,0.6796116504854368,0.7,1.4563106796116503,0.8035714285714286,0.5825242718446602,0.5625,1.3592233009708736,0.7368421052631579,1.5210355987055015,0.3671875,3.624595469255663,0.4933920704845815,0.9061488673139158,0.8235294117647058,0.5501618122977346,0.6538461538461539,0.0970873786407767,0.6,0.9708737864077669,0.9375,0.0,2.5157232704402515,1.0032362459546924,0.7948717948717948,1.5210355987055015,0.8103448275862069,1.0,17.647058823529413,37.254901960784316,47.05882352941176,45.09803921568628,50.98039215686274,35.0,7.8431372549019684,29.411764705882355,33.33333333333333,2.0,13.725490196078432,75.0,5.88235294117647,15.686274509803921,25.490196078431374,41.1764705882353,68.62745098039215,83.33333333333334,19.60784313725491,18.36734693877551,16.666666666666664,13.725490196078432,27.450980392156865,46.07843137254902,42.99019607843137,18.62745098039216,17.666666666666664,44.36274509803921,10.784313725490195,33.333333333333336,75.98039215686275,18.987595038015208,16.666666666666664,13.725490196078432
Ovince Saint Preux,Men’s Light Heavyweight,8,2.2849277357192013,0.37813211845102507,3.069511355815554,0.38581314878892736,1.624225739848589,0.7662337662337663,1.1562284927735718,0.6829268292682927,0.6744666207845835,0.7777777777777778,0.7708189951823812,0.9032258064516129,4.28079834824501,0.49522292993630573,4.390915347556779,0.45702005730659023,0.28905712319339294,0.7777777777777778,0.5505849965588437,0.6666666666666666,0.013764624913971093,1.0,0.05505849965588437,0.8,0.9009009009009009,0.5509641873278237,0.30282174810736406,0.7857142857142857,0.6056434962147281,0.676923076923077,1.0,52.94117647058824,39.21568627450981,27.450980392156858,64.70588235294117,90.19607843137256,62.0,17.647058823529413,56.86274509803921,39.21568627450981,24.0,45.09803921568628,22.0,76.47058823529412,68.62745098039215,13.725490196078432,62.745098039215684,23.52941176470588,77.08333333333334,58.8235294117647,63.265306122448976,58.82352941176471,56.86274509803921,46.07843137254902,46.07843137254902,76.09803921568627,37.25490196078431,31.607843137254903,33.549019607843135,72.54901960784314,38.23529411764706,50.30637254901961,61.044417767106836,58.82352941176471,56.86274509803921
Magomed Gadzhiyasulov,Men’s Light Heavyweight,2,0.8,0.36923076923076925,0.9,0.40298507462686567,0.4666666666666667,0.8235294117647058,0.4666666666666667,0.8235294117647058,0.6333333333333333,0.7916666666666666,0.3,0.42857142857142855,1.2,0.4675324675324675,0.7,0.3088235294117647,0.36666666666666664,0.6470588235294118,0.8333333333333334,0.8064516129032258,0.3333333333333333,0.8333333333333334,0.13333333333333333,0.6666666666666666,0.0,0.0,0.7,0.7241379310344828,0.9666666666666667,0.7837837837837838,1.0,4.901960784313726,35.294117647058826,96.07843137254902,52.94117647058824,30.392156862745097,86.0,72.54901960784314,25.490196078431374,37.254901960784316,26.0,90.19607843137254,98.0,3.9215686274509802,47.05882352941176,100.0,100.0,45.09803921568628,47.91666666666667,25.490196078431374,26.530612244897963,16.666666666666664,87.25490196078431,20.098039215686278,74.50980392156863,58.19607843137255,49.01960784313725,31.627450980392158,94.09803921568627,25.49019607843137,100.0,46.50735294117648,26.010404161664667,16.666666666666664,87.25490196078431
Junior Tafa,Men’s Light Heavyweight,8,3.433373349339736,0.5107142857142857,2.2088835534213684,0.4017467248908297,0.7202881152460985,0.7894736842105263,0.36014405762304924,0.6818181818181818,0.12004801920768307,1.0,0.936374549819928,0.9285714285714286,3.4093637454981995,0.5163636363636364,2.737094837935174,0.5135135135135135,0.38415366146458585,0.7272727272727273,0.07202881152460984,0.42857142857142855,0.4801920768307323,0.7692307692307693,0.6962785114045619,0.453125,1.1235955056179776,1.36986301369863,0.8643457382953181,0.75,0.7683073229291717,0.4507042253521127,1.0,80.3921568627451,92.15686274509804,52.94117647058824,54.90196078431373,56.86274509803921,72.0,80.3921568627451,58.8235294117647,7.8431372549019605,94.0,29.411764705882355,12.0,60.78431372549019,78.43137254901961,72.54901960784314,25.490196078431374,60.78431372549019,63.541666666666664,47.05882352941176,100.0,66.66666666666666,25.490196078431374,86.27450980392157,53.92156862745098,64.43137254901961,69.6078431372549,50.92156862745098,20.705882352941178,69.6078431372549,49.01960784313725,62.162990196078425,73.52941176470588,66.66666666666666,25.490196078431374
Rafael Cerqueira,Men’s Light Heavyweight,4,1.021505376344086,0.35185185185185186,3.7096774193548385,0.5655737704918032,0.0,0.0,0.7526881720430108,0.9333333333333333,0.5376344086021505,1.0,0.5913978494623655,0.9166666666666666,1.5591397849462365,0.4393939393939394,3.494623655913978,0.6132075471698113,0.0,,0.2150537634408602,0.4444444444444444,0.0,,1.3440860215053763,0.7352941176470589,0.0,3.1914893617021276,0.0,,1.5591397849462365,0.6744186046511628,1.0,7.8431372549019605,31.372549019607842,19.60784313725491,11.764705882352935,2.941176470588235,2.0,45.09803921568628,9.803921568627452,31.372549019607842,94.0,62.745098039215684,18.0,7.8431372549019605,29.411764705882355,37.254901960784316,3.9215686274509878,3.9215686274509802,,17.647058823529413,67.34693877551021,16.666666666666664,7.8431372549019684,19.6078431372549,15.686274509803923,2.4705882352941178,27.450980392156865,62.68627450980392,40.372549019607845,18.627450980392158,20.588235294117652,3.9215686274509802,42.496998799519815,16.666666666666664,7.8431372549019684
Austen Lane,Men’s Light Heavyweight,7,1.248789932236205,0.38738738738738737,1.9167473378509194,0.5789473684210527,0.7260406582768634,0.7575757575757576,0.2323330106485963,1.0,0.49370764762826713,0.8095238095238095,0.4065827686350435,0.875,2.0909970958373667,0.5217391304347826,1.684414327202323,0.58,0.029041626331074537,0.2,0.43562439496611804,0.75,0.34849951597289447,0.5454545454545454,0.43562439496611804,0.8333333333333334,1.1764705882352942,4.545454545454546,0.37754114230396896,0.48148148148148145,0.8712487899322361,0.7894736842105263,1.0,15.686274509803921,43.13725490196079,68.62745098039215,7.8431372549019684,58.82352941176471,54.0,94.11764705882352,4.901960784313722,27.450980392156865,30.0,78.4313725490196,33.0,25.49019607843137,82.35294117647058,94.11764705882352,13.725490196078432,27.450980392156865,4.166666666666666,33.333333333333336,24.489795918367346,70.58823529411765,1.9607843137254901,29.411764705882355,38.23529411764706,56.411764705882355,49.50980392156862,28.725490196078432,55.7156862745098,53.921568627450974,53.92156862745098,15.808823529411764,28.91156462585034,70.58823529411765,1.9607843137254901
Marcin Prachnio,Men’s Light Heavyweight,8,1.7532467532467533,0.32264150943396225,1.9993164730006836,0.36044362292051757,1.9788106630211895,0.7394636015325671,0.6971975393028025,0.7816091954022989,2.019822282980178,0.8565217391304348,0.32809295967190705,0.7272727272727273,4.829118250170882,0.5221729490022173,2.481203007518797,0.40672268907563025,0.8920027341079972,0.75,0.215311004784689,0.5833333333333334,0.030758714969241284,1.0,0.32809295967190705,0.7804878048780488,0.17825311942959002,0.0,0.9227614490772386,0.7563025210084033,0.543403964456596,0.6883116883116883,1.0,29.411764705882355,19.607843137254903,64.70588235294117,72.54901960784314,94.11764705882352,46.0,52.94117647058824,39.21568627450981,96.07843137254902,50.0,84.31372549019606,81.0,94.11764705882352,84.31372549019608,78.4313725490196,82.35294117647058,64.70588235294117,66.66666666666666,64.70588235294117,59.183673469387756,33.33333333333333,87.25490196078431,24.50980392156863,68.62745098039215,70.05882352941177,46.07843137254902,73.0392156862745,82.65686274509804,89.2156862745098,80.39215686274508,65.68627450980392,61.944777911164465,33.33333333333333,87.25490196078431
Brendson Ribeiro,Men’s Light Heavyweight,8,1.3409563409563408,0.296551724137931,1.7463617463617462,0.36245954692556637,0.5145530145530145,0.6,0.8731808731808731,0.6292134831460674,0.764033264033264,0.6049382716049383,0.8419958419958419,0.8181818181818182,2.5259875259875257,0.3894230769230769,2.5883575883575882,0.4403183023872679,0.04677754677754677,0.5,0.07796257796257795,0.7142857142857143,0.04677754677754677,0.75,0.7952182952182951,0.6375,0.5952380952380952,0.9009009009009009,0.09355509355509355,0.6,0.8731808731808731,0.6436781609195402,1.0,19.607843137254903,13.725490196078432,72.54901960784314,70.58823529411764,35.294117647058826,19.0,33.333333333333336,82.35294117647058,54.90196078431373,6.0,35.29411764705883,60.0,35.294117647058826,17.647058823529413,76.47058823529412,68.62745098039215,11.76470588235294,12.5,31.37254901960784,75.51020408163266,50.98039215686274,37.254901960784316,16.666666666666668,71.56862745098039,27.147058823529413,57.84313725490196,30.450980392156865,47.64705882352942,26.47058823529412,72.54901960784314,12.132352941176471,53.44137655062025,50.98039215686274,37.254901960784316
Da Woon Jung,Men’s Light Heavyweight,8,1.6064908722109532,0.31353919239904987,2.0811359026369165,0.3766519823788546,0.36511156186612576,0.5172413793103449,0.6206896551724138,0.7846153846153846,0.7545638945233265,0.775,1.0709939148073022,0.8888888888888888,2.0811359026369165,0.35040983606557374,3.1643002028397564,0.47186932849364793,0.32860040567951315,0.6923076923076923,0.4016227180527383,0.7674418604651163,0.31643002028397565,0.8125,0.20689655172413793,0.7083333333333334,1.3392857142857142,0.6451612903225806,0.6450304259634888,0.7464788732394366,0.6085192697768762,0.746268656716418,1.0,25.49019607843137,15.686274509803921,58.8235294117647,66.66666666666666,19.607843137254903,8.0,58.8235294117647,37.254901960784316,49.01960784313725,22.0,23.529411764705877,28.0,23.52941176470588,9.803921568627452,50.98039215686275,54.90196078431373,43.13725490196079,60.416666666666664,56.86274509803921,44.89795918367347,80.3921568627451,49.99999999999999,20.588235294117645,62.74509803921568,13.803921568627452,48.03921568627451,35.509803921568626,25.76470588235294,16.666666666666664,52.94117647058824,51.77696078431373,50.880352140856345,80.3921568627451,49.99999999999999
Caio Machado,Men’s Light Heavyweight,3,2.1777777777777776,0.3141025641025641,2.2222222222222223,0.30864197530864196,1.8222222222222222,0.7735849056603774,0.8,0.631578947368421,1.0666666666666667,0.8421052631578947,0.4222222222222222,0.6129032258064516,4.866666666666666,0.47300215982721383,3.3333333333333335,0.37220843672456577,0.15555555555555556,0.7,0.06666666666666667,0.6,0.044444444444444446,1.0,0.044444444444444446,0.5,0.0,0.6451612903225806,0.2,0.75,0.1111111111111111,0.5555555555555556,1.0,49.01960784313725,17.647058823529413,50.98039215686275,88.23529411764706,92.15686274509804,66.0,41.1764705882353,80.3921568627451,80.3921568627451,43.0,76.47058823529412,94.0,96.07843137254902,58.82352941176471,41.1764705882353,92.15686274509802,13.725490196078432,63.541666666666664,94.11764705882352,95.91836734693878,16.666666666666664,49.99999999999999,33.33333333333333,69.6078431372549,79.07843137254902,60.78431372549019,61.69607843137255,85.23529411764706,77.45098039215686,66.66666666666666,38.63357843137255,95.01800720288115,16.666666666666664,49.99999999999999
Charles Oliveira,Men’s Lightweight,8,1.7462932454695224,0.5867158671586716,2.1197144426139483,0.5778443113772455,0.6699615595826469,0.7261904761904762,0.5271828665568369,0.9056603773584906,0.3514552443712246,0.7804878048780488,0.21965952773201539,0.7407407407407407,1.6803953871499178,0.5503597122302158,2.042833607907743,0.58125,0.3404722679846238,0.8378378378378378,0.16474464579901155,0.8823529411764706,0.7468423942888524,0.8395061728395061,0.6589785831960462,0.7792207792207793,0.7936507936507936,1.1494252873563218,1.0873146622734762,0.8389830508474576,0.8237232289950577,0.7978723404255319,1.0,15.315315315315313,98.1981981981982,68.46846846846847,4.504504504504503,32.432432432432435,57.27272727272727,84.68468468468468,3.6697247706421967,25.225225225225223,32.71028037383177,86.4864864864865,77.06422018348623,9.90990990990991,98.1981981981982,84.68468468468468,3.6036036036035957,74.77477477477478,90.09009009009009,47.747747747747745,24.545454545454536,73.87387387387388,18.01801801801802,56.75675675675676,36.486486486486484,44.85257985257985,44.17720472766344,28.967752799528498,81.77535333498636,54.054054054054056,44.14414414414414,82.43243243243244,36.14660114660114,73.87387387387388,18.01801801801802
Arman Tsarukyan,Men’s Lightweight,8,2.880091795754446,0.46139705882352944,1.3310384394721744,0.43283582089552236,0.9294320137693631,0.81,0.5393000573723465,0.6811594202898551,0.3901319563970166,0.8292682926829268,0.1835915088927137,0.7272727272727273,2.3407917383820998,0.42061855670103093,1.5261044176706826,0.4418604651162791,0.21801491681009752,0.7307692307692307,0.3557085484796328,0.7948717948717948,1.6408491107286287,0.8218390804597702,0.1721170395869191,0.7894736842105263,0.819672131147541,0.0,1.8588640275387263,0.81,0.5278255880665519,0.7931034482758621,1.0,60.36036036036037,78.37837837837837,90.0900900900901,34.23423423423424,48.64864864864865,87.27272727272727,81.98198198198199,60.55045871559633,28.82882882882883,45.794392523364486,91.8918918918919,83.02752293577981,22.52252252252252,37.83783783783784,89.1891891891892,51.351351351351354,92.7927927927928,79.27927927927928,72.97297297297298,27.727272727272723,74.77477477477478,81.08108108108108,69.36936936936937,62.162162162162176,67.96068796068796,71.26622034878916,37.311610676096656,87.45970741383586,30.18018018018018,70.27027027027027,86.03603603603604,50.35012285012285,74.77477477477478,81.08108108108108
Justin Gaethje,Men’s Lightweight,8,4.0128669079211905,0.5040404040404041,2.9030960997185367,0.3923913043478261,0.7157217531162043,0.7355371900826446,2.2919179734620023,0.782967032967033,0.8283071974266184,0.8512396694214877,0.9087253719340571,0.8692307692307693,4.487334137515079,0.5284090909090909,5.331724969843185,0.5131578947368421,0.7478890229191798,0.775,0.6594290309609973,0.7735849056603774,0.32167269802975473,0.7142857142857143,0.11258544431041416,0.875,0.8683068017366136,0.3952569169960474,1.0695617209489345,0.7556818181818182,0.7720144752714114,0.7868852459016393,1.0,87.38738738738738,93.69369369369369,41.44144144144144,56.75675675675676,36.03603603603604,62.727272727272734,3.6036036036035957,20.183486238532105,70.27027027027027,57.943925233644855,27.027027027027025,37.61467889908257,81.08108108108108,90.990990990991,12.612612612612615,18.01801801801802,72.97297297297297,64.86486486486487,53.15315315315315,30.90909090909091,75.67567567567568,49.54954954954955,90.54054054054053,49.0990990990991,49.381654381654386,11.89354492106785,64.10709775195757,32.3208529630548,86.03603603603604,15.315315315315317,68.91891891891892,42.03112203112203,75.67567567567568,49.54954954954955
Grant Dawson,Men’s Lightweight,8,2.4063842848373236,0.49746192893401014,1.240024554941682,0.5153061224489796,0.4297114794352363,0.5303030303030303,0.27010435850214853,0.6875,0.2578268876611418,0.84,0.14732965009208102,0.8571428571428571,1.190914671577655,0.3660377358490566,1.240024554941682,0.531578947368421,0.19643953345610804,0.8888888888888888,0.14732965009208102,0.8571428571428571,1.7065684468999385,0.6881188118811881,0.27010435850214853,0.5789473684210527,0.3968253968253968,2.2222222222222223,1.9030079803560467,0.7045454545454546,0.4174340085942296,0.6538461538461539,1.0,40.54054054054054,90.09009009009009,92.7927927927928,9.909909909909906,14.414414414414415,4.545454545454546,94.5945945945946,57.798165137614674,18.91891891891892,53.271028037383175,94.5945945945946,43.57798165137615,5.405405405405405,14.414414414414415,92.7927927927928,11.711711711711708,94.5945945945946,50.45045045045045,81.98198198198199,78.18181818181819,48.64864864864865,6.756756756756751,65.31531531531532,51.351351351351354,9.47993447993448,76.19637986610464,36.09497347815105,69.08628812298537,9.90990990990991,52.25225225225225,72.52252252252252,80.08190008190009,48.64864864864865,6.756756756756751
Dustin Poirier,Men’s Lightweight,8,3.584710743801653,0.45418848167539266,3.59504132231405,0.4609271523178808,0.3615702479338843,0.7954545454545454,1.4256198347107438,0.7976878612716763,0.37190082644628103,0.8372093023255814,0.6508264462809917,0.8076923076923077,3.4710743801652892,0.4609053497942387,4.287190082644628,0.49522673031026254,0.4132231404958678,0.7407407407407407,0.6818181818181819,0.8571428571428571,0.43388429752066116,0.6176470588235294,0.7024793388429752,0.7472527472527473,0.9569377990430622,0.36429872495446264,0.847107438016529,0.6721311475409836,1.384297520661157,0.7976190476190477,1.0,80.18018018018019,77.47747747747748,19.81981981981982,24.32432432432433,10.81081081081081,83.63636363636363,12.612612612612615,18.348623853211002,27.927927927927925,51.4018691588785,46.846846846846844,61.46788990825688,48.64864864864865,60.36036036036037,27.027027027027025,24.32432432432433,54.95495495495496,35.13513513513514,14.414414414414416,25.454545454545457,79.27927927927928,51.351351351351354,78.82882882882883,22.072072072072075,47.22358722358722,15.480618232911809,39.66489854340321,54.15736837755186,54.50450450450451,25.675675675675677,45.04504504504504,19.93447993447994,79.27927927927928,51.351351351351354
Ilia Topuria,Men’s Lightweight,8,3.7406195882239754,0.44505494505494503,2.736193958052723,0.31266490765171506,0.9467000192418704,0.7256637168141593,0.8774292861266115,0.5066666666666667,0.6003463536655763,0.8,0.7850683086395999,0.8717948717948718,3.9830671541273817,0.45695364238410596,4.075428131614394,0.37315010570824525,0.38098903213392343,0.8048780487804879,0.24244756590340583,0.7,0.9236097748701174,0.7272727272727273,0.08081585530113528,0.7,1.5283842794759825,0.26246719160104987,1.3045988070040409,0.7483443708609272,0.3232634212045411,0.7,1.0,82.88288288288288,72.97297297297297,51.351351351351354,86.4864864864865,49.549549549549546,56.36363636363636,47.747747747747745,92.66055045871559,55.85585585585585,38.78504672897196,34.23423423423424,34.403669724770644,68.46846846846847,57.65765765765766,32.43243243243243,83.78378378378379,81.08108108108108,61.261261261261254,88.2882882882883,63.18181818181818,88.28828828828829,54.95495495495495,77.92792792792793,68.91891891891893,52.95659295659296,70.20414910323167,47.32045129241391,34.318951979502444,63.06306306306307,58.10810810810811,71.17117117117117,75.73505323505324,88.28828828828829,54.95495495495495
Paddy Pimblett,Men’s Lightweight,8,3.2049245432883238,0.4242902208201893,2.454328832406672,0.5255102040816326,0.9531374106433677,0.7619047619047619,0.8220810166799046,0.6330275229357798,1.0484511517077044,0.8979591836734694,0.48848292295472595,0.9318181818181818,3.824463860206513,0.47767857142857145,2.8951548848292292,0.5436241610738255,0.42891183478951544,0.631578947368421,0.40508339952343125,0.7555555555555555,0.9531374106433677,0.7407407407407407,0.46465448768864176,0.7358490566037735,0.2288329519450801,0.6329113924050633,1.3820492454328832,0.703030303030303,0.869737887212073,0.7448979591836735,1.0,69.36936936936937,63.96396396396396,57.65765765765766,9.009009009008999,51.35135135135135,70.45454545454545,56.75675675675676,72.47706422018348,82.88288288288288,74.76635514018692,61.26126126126126,13.761467889908253,62.16216216216216,73.87387387387388,68.46846846846847,9.009009009008999,82.88288288288288,47.74774774774775,43.24324324324324,49.090909090909086,37.83783783783784,37.38738738738739,66.66666666666666,33.33333333333333,60.9029484029484,64.61691048847013,78.8246190115349,37.51136457558476,68.01801801801801,38.73873873873873,65.31531531531532,46.16707616707616,37.83783783783784,37.38738738738739
Quillan Salkilld,Men’s Lightweight,6,2.8521739130434782,0.5,1.5304347826086957,0.4583333333333333,1.008695652173913,0.7837837837837838,0.3130434782608696,0.6428571428571429,0.5217391304347826,0.8823529411764706,0.17391304347826086,1.0,2.991304347826087,0.5408805031446541,1.2869565217391303,0.42528735632183906,0.7652173913043478,0.6666666666666666,0.5565217391304348,0.7619047619047619,0.6260869565217392,0.6923076923076923,0.17391304347826086,0.7142857142857143,2.380952380952381,0.0,1.391304347826087,0.6779661016949152,0.7304347826086957,0.75,1.0,59.45945945945946,91.8918918918919,86.4864864864865,26.126126126126117,54.95495495495496,80.9090909090909,93.6936936936937,68.34862385321101,47.74774774774775,71.02803738317756,92.7927927927928,4.587155963302755,36.93693693693694,94.5945945945946,90.990990990991,60.36036036036036,84.68468468468468,38.73873873873874,57.65765765765766,46.36363636363637,95.4954954954955,81.08108108108108,75.67567567567568,56.30630630630631,67.93202293202293,81.02115877345236,59.38789256546266,48.68997437804777,65.76576576576576,75.67567567567568,61.711711711711715,52.01064701064701,95.4954954954955,81.08108108108108
Renato Moicano,Men’s Lightweight,8,2.5380333951762526,0.5,2.315398886827458,0.39543726235741444,0.26716141001855287,0.7058823529411765,0.6901669758812616,0.7654320987654321,0.17810760667903525,0.8,0.5120593692022264,0.9019607843137255,2.037105751391466,0.4609571788413098,2.6048237476808906,0.42778793418647165,0.15584415584415584,0.8235294117647058,0.16697588126159554,0.8823529411764706,0.7903525046382189,0.7395833333333334,0.7458256029684601,0.7127659574468085,0.373134328358209,0.6329113924050633,0.9461966604823748,0.7522123893805309,0.9128014842300557,0.7387387387387387,1.0,49.549549549549546,91.8918918918919,63.06306306306306,54.95495495495495,7.207207207207207,45.909090909090914,72.97297297297298,23.85321100917431,13.513513513513514,38.78504672897196,58.55855855855856,22.935779816513765,17.117117117117118,61.261261261261254,74.77477477477478,59.45945945945946,65.76576576576578,63.06306306306306,37.83783783783784,52.72727272727273,45.94594594594595,37.38738738738739,70.72072072072072,59.009009009009006,26.55814905814906,48.41309199107364,26.14928012124274,40.74716918753616,39.189189189189186,67.11711711711712,64.41441441441442,45.28255528255528,45.94594594594595,37.38738738738739
Beneil Dariush,Men’s Lightweight,8,1.9859869533703793,0.38375350140056025,2.101956994443102,0.4503105590062112,0.6088427156317952,0.7368421052631579,0.4638801642908915,0.7619047619047619,0.5943464604977048,0.9318181818181818,0.0724812756704518,0.625,2.5803334138680842,0.46113989637305697,1.7830393814931143,0.411371237458194,0.15945880647499397,0.6470588235294118,0.3334138680840783,0.8518518518518519,0.44938390915680115,0.5636363636363636,0.521865184827253,0.782608695652174,0.45454545454545453,2.7472527472527473,0.6088427156317952,0.5833333333333334,0.8552790529113312,0.8082191780821918,1.0,29.72972972972973,49.549549549549546,71.17117117117118,29.729729729729733,27.027027027027028,64.54545454545455,87.38738738738739,26.60550458715597,54.054054054054056,83.64485981308411,98.1981981981982,96.3302752293578,23.423423423423422,62.16216216216216,88.2882882882883,71.17117117117118,39.63963963963964,13.513513513513514,45.04504504504505,20.90909090909091,53.153153153153156,4.504504504504503,39.63963963963964,50.45045045045046,45.78624078624079,56.996445987271684,68.84945693356909,97.26423671377799,42.792792792792795,79.72972972972974,26.576576576576578,32.97706797706798,53.153153153153156,4.504504504504503
Benoit Saint Denis,Men’s Lightweight,8,3.806380638063806,0.5864406779661017,2.376237623762376,0.6033519553072626,1.364136413641364,0.8378378378378378,0.37403740374037403,0.7083333333333334,0.396039603960396,0.9473684210526315,0.264026402640264,0.9230769230769231,2.2002200220022,0.4975124378109453,2.046204620462046,0.5740740740740741,1.4961496149614961,0.8947368421052632,0.22002200220022,0.5882352941176471,1.87018701870187,0.7657657657657657,0.7480748074807481,0.918918918918919,0.7905138339920948,0.7299270072992701,3.366336633663366,0.8181818181818182,0.968096809680968,0.8148148148148148,1.0,85.58558558558559,97.2972972972973,60.36036036036036,2.702702702702702,81.98198198198197,91.81818181818183,90.990990990991,49.54128440366972,31.53153153153153,86.91588785046729,83.78378378378379,16.5137614678899,20.72072072072072,81.98198198198197,83.78378378378379,5.405405405405396,99.09909909909909,82.43243243243244,34.23423423423424,18.181818181818176,72.97297297297297,32.43243243243243,91.44144144144144,31.53153153153153,86.9000819000819,70.26613769733035,59.22370969099941,50.14877262583684,51.35135135135135,44.5945945945946,90.76576576576576,26.20802620802621,72.97297297297297,32.43243243243243
Drakkar Klose,Men’s Lightweight,8,2.9460762823323106,0.4817204301075269,2.0648838228847,0.46449704142011833,1.3415168785620342,0.8717948717948718,1.31521262604121,0.8547008547008547,0.7496711968434897,0.8636363636363636,0.5918456817185445,0.8490566037735849,2.7093380096448927,0.47575057736720555,2.906619903551074,0.5390243902439025,1.81499342393687,0.8625,0.9864094695309075,0.8426966292134831,0.512932924156072,0.7090909090909091,0.0789127575624726,0.6666666666666666,0.5221932114882507,0.6622516556291391,2.3279263480929417,0.8232558139534883,1.0653222270933802,0.826530612244898,1.0,63.96396396396396,86.48648648648648,72.07207207207207,21.62162162162162,81.08108108108108,95.45454545454545,16.216216216216218,7.339449541284401,65.76576576576578,66.35514018691589,50.450450450450454,47.24770642201835,26.126126126126124,71.17117117117117,66.66666666666667,9.909909909909906,96.3963963963964,85.58558558558559,27.027027027027025,13.636363636363642,57.65765765765766,35.585585585585584,75.22522522522522,46.846846846846844,88.26781326781327,11.77783287875031,66.06045297634083,48.8490784362344,48.648648648648646,38.288288288288285,90.990990990991,20.331695331695332,57.65765765765766,35.585585585585584
Mateusz Gamrot,Men’s Lightweight,8,2.483537158984008,0.49217002237136465,1.3095014111006587,0.32044198895027626,0.34995296331138287,0.7380952380952381,0.8127939793038571,0.631578947368421,0.21448730009407338,0.95,0.2257761053621825,0.7692307692307693,2.0997177798682976,0.4708860759493671,1.8513640639698967,0.36283185840707965,0.15804327375352775,0.8235294117647058,0.2257761053621825,0.8333333333333334,0.7902163687676388,0.7216494845360825,0.27093132643461904,0.9230769230769231,0.0,0.9615384615384616,0.9482596425211666,0.7368421052631579,0.49670743179680155,0.88,1.0,46.846846846846844,88.28828828828829,90.990990990991,83.78378378378379,9.90990990990991,65.45454545454545,59.45945945945946,73.39449541284402,17.117117117117118,87.85046728971963,85.58558558558559,70.1834862385321,19.81981981981982,69.36936936936937,87.38738738738739,88.2882882882883,66.66666666666666,59.45945945945946,76.57657657657658,4.545454545454549,17.117117117117118,24.32432432432433,67.56756756756756,87.38738738738739,37.68222768222768,66.42697743615174,52.483792203418375,77.88453591205885,44.5945945945946,87.83783783783784,63.063063063063055,40.561015561015566,17.117117117117118,24.32432432432433
Fares Ziam,Men’s Lightweight,8,1.907139291063405,0.5,0.5691462805791313,0.20430107526881722,0.5891163255117324,0.8428571428571429,0.5891163255117324,0.6781609195402298,0.42935596605092363,0.8775510204081632,0.38941587618572143,0.7358490566037735,1.907139291063405,0.5426136363636364,1.0484273589615578,0.3115727002967359,0.38941587618572143,0.78,0.2795806290564154,0.6666666666666666,0.6290564153769347,0.6363636363636364,0.2196704942586121,0.55,0.6825938566552902,0.0,1.018472291562656,0.6845637583892618,0.4992511233150275,0.6097560975609756,1.0,26.126126126126124,91.8918918918919,98.1981981981982,98.1981981981982,23.423423423423422,93.63636363636364,79.2792792792793,61.46788990825688,36.93693693693694,70.09345794392523,75.67567567567569,77.98165137614679,14.414414414414415,95.4954954954955,96.3963963963964,97.2972972972973,72.07207207207207,40.54054054054054,75.67567567567569,88.18181818181819,67.56756756756756,81.08108108108108,59.00900900900901,98.1981981981982,58.52989352989353,70.37358459376809,53.51519744043108,76.82866352591124,54.95495495495496,96.84684684684686,56.30630630630631,81.92874692874693,67.56756756756756,81.08108108108108
Jim Miller,Men’s Lightweight,8,2.1104122990915446,0.34085778781038373,4.011180992313068,0.44427244582043346,0.6708595387840671,0.7058823529411765,1.5793151642208247,0.7018633540372671,0.8944793850454228,0.8533333333333334,0.5590496156533893,0.6779661016949152,3.2145352900069883,0.42047531992687387,5.688329839273235,0.4927360774818402,0.16771488469601678,0.75,0.16771488469601678,0.8571428571428571,0.29350104821802936,0.9130434782608695,0.29350104821802936,0.8076923076923077,0.38022813688212925,0.22727272727272727,0.46121593291404617,0.8461538461538461,0.46121593291404617,0.825,1.0,33.33333333333333,26.126126126126124,14.414414414414416,31.531531531531535,33.33333333333333,45.909090909090914,7.207207207207212,52.293577981651374,74.77477477477478,61.6822429906542,51.351351351351354,88.07339449541284,44.14414414414414,36.93693693693694,7.207207207207212,25.225225225225223,23.423423423423422,91.44144144144144,79.2792792792793,14.545454545454549,46.846846846846844,57.65765765765766,29.729729729729726,22.972972972972975,39.621212121212125,29.750392594429293,68.2285088827145,69.7123729233821,40.54054054054054,16.216216216216218,57.432432432432435,46.91236691236692,46.846846846846844,57.65765765765766
Nasrat Haqparast,Men’s Lightweight,8,4.9451715599575525,0.3860811930405965,5.698620445702158,0.35445544554455444,1.6873010258224266,0.7644230769230769,1.549345596038203,0.6919431279620853,0.21223912274495932,0.7142857142857143,1.1567032189600284,0.8861788617886179,6.3671736823487795,0.43478260869565216,7.948355146798726,0.41866964784795974,0.3608065086664308,0.723404255319149,0.41386628935267067,0.6964285714285714,0.11673151750972763,0.6875,0.04244782454899186,1.0,0.46511627906976744,0.12626262626262627,0.4775380261761585,0.7142857142857143,0.45631411390166254,0.7166666666666667,1.0,95.4954954954955,51.35135135135135,3.6036036036035957,71.17117117117118,90.990990990991,72.72727272727273,8.108108108108105,55.96330275229358,16.216216216216218,15.887850467289718,9.009009009008999,27.522935779816514,96.3963963963964,46.846846846846844,1.8018018018018087,64.86486486486487,25.225225225225223,52.25225225225225,80.18018018018019,55.45454545454545,54.95495495495496,61.26126126126126,73.42342342342343,37.38738738738739,81.85913185913186,32.03570543020084,16.052033341752967,18.265972394412756,71.62162162162161,33.33333333333334,38.73873873873873,67.81736281736282,54.95495495495496,61.26126126126126
Rafa Garcia,Men’s Lightweight,8,3.7698349094406156,0.448,2.5677191857669497,0.2813487881981033,0.4616124378906876,0.7164179104477612,0.8943740984132073,0.5849056603773585,0.3654431799967944,0.8837209302325582,0.5000801410482449,0.8125,3.8948549447026766,0.45556805399325084,3.2409039910242026,0.3173258003766478,0.41352780894374097,0.86,0.2788908478922904,0.8285714285714286,0.28850777368167974,0.6521739130434783,0.44237858631190896,0.6133333333333333,0.20920502092050208,0.0,0.7020355826254208,0.7604166666666666,0.7212694342041994,0.6818181818181818,1.0,83.78378378378379,74.77477477477478,55.85585585585586,91.8918918918919,15.315315315315313,50.45454545454545,46.846846846846844,86.23853211009174,27.027027027027028,71.96261682242991,60.36036036036036,59.63302752293578,64.86486486486487,56.75675675675676,54.95495495495495,96.3963963963964,45.94594594594595,69.36936936936937,58.55855855855856,69.54545454545453,36.03603603603604,81.08108108108108,79.27927927927928,73.87387387387388,32.884930384930385,66.5426894784693,49.49482192472847,59.99669394164807,60.810810810810814,75.67567567567568,57.65765765765766,64.05200655200655,36.03603603603604,81.08108108108108
Dan Hooker,Men’s Lightweight,8,2.403618350204609,0.38193018480492813,3.850958432048245,0.5340501792114696,1.3310359681240578,0.7463768115942029,0.8399741546413957,0.8125,0.7882834374326945,0.8356164383561644,0.2972216239500323,0.7931034482758621,3.5925048460047386,0.4602649006622517,3.0368296360112,0.4989384288747346,0.5169071720870128,0.6896551724137931,0.5039844927848375,0.7647058823529411,0.4135257376696102,0.8888888888888888,1.4473400818436357,0.7724137931034483,0.5714285714285714,0.0,0.930432909756623,0.7659574468085106,1.951324574628473,0.7704081632653061,1.0,39.63963963963964,45.94594594594595,17.11711711711711,7.207207207207212,80.18018018018019,67.27272727272727,51.351351351351354,15.596330275229356,67.56756756756756,50.467289719626166,81.08108108108108,66.51376146788989,52.25225225225225,59.45945945945946,60.36036036036036,21.62162162162162,63.96396396396396,70.27027027027027,5.405405405405396,39.09090909090909,62.16216216216216,81.08108108108108,42.792792792792795,12.162162162162161,73.72645372645373,33.47384081329035,59.017428643596865,73.79742127448549,55.85585585585585,40.990990990990994,67.11711711711712,22.248157248157245,62.16216216216216,81.08108108108108
Tom Nolan,Men’s Lightweight,6,2.369639000308547,0.34972677595628415,1.7216908361616785,0.36186770428015563,1.4995371798827524,0.6090225563909775,1.1107682813946314,0.6896551724137931,0.851589015735884,0.7301587301587301,0.9626658438753471,0.9629629629629629,3.647022523912373,0.42184154175588867,3.017587164455415,0.4984709480122324,0.7775377969762419,0.6363636363636364,0.38876889848812096,0.5833333333333334,0.29620487503856835,0.5517241379310345,0.38876889848812096,0.6,0.0,0.975609756097561,1.0737426720148102,0.6105263157894737,0.7775377969762419,0.5915492957746479,1.0,36.93693693693694,29.72972972972973,81.08108108108108,67.56756756756758,87.38738738738738,13.636363636363635,27.927927927927932,56.88073394495412,72.07207207207207,20.5607476635514,18.01801801801802,11.009174311926607,55.85585585585585,38.73873873873874,62.16216216216216,22.52252252252253,73.87387387387388,18.01801801801802,52.25225225225225,91.81818181818181,17.117117117117118,23.423423423423422,33.333333333333336,74.32432432432432,50.51187551187551,42.40433093644103,46.316409867811736,14.513596164972313,47.29729729729729,42.34234234234235,45.94594594594595,72.03521703521703,17.117117117117118,23.423423423423422
Diego Ferreira,Men’s Lightweight,8,3.584637268847795,0.4313222079589217,2.859174964438122,0.40606060606060607,1.034850640113798,0.5359116022099447,0.778805120910384,0.6576576576576577,0.2240398293029872,0.7241379310344828,0.3627311522048364,0.8292682926829268,3.926031294452347,0.416289592760181,2.84850640113798,0.40577507598784196,0.2453769559032717,0.7931034482758621,0.20270270270270271,0.7307692307692307,0.6721194879089616,0.8289473684210527,0.94950213371266,0.6953125,0.22026431718061673,0.5333333333333333,0.9174964438122333,0.819047619047619,1.1522048364153628,0.7012987012987013,1.0,79.27927927927928,65.76576576576578,45.04504504504505,47.747747747747745,57.65765765765766,6.363636363636363,63.96396396396396,66.97247706422017,18.01801801801802,18.69158878504673,79.2792792792793,54.12844036697248,66.66666666666666,33.33333333333333,69.36936936936938,73.87387387387388,61.261261261261254,83.78378378378379,21.62162162162162,61.81818181818181,36.93693693693694,42.34234234234234,72.52252252252254,46.3963963963964,32.01064701064701,65.46822051409207,18.354803401532372,66.70385982312588,49.99999999999999,71.62162162162163,72.52252252252252,41.71990171990171,36.93693693693694,42.34234234234234
Chris Duncan,Men’s Lightweight,8,2.780697563306259,0.38188976377952755,3.1103678929765888,0.4173076923076923,1.0463449593884377,0.7156862745098039,0.4873387482083134,0.6938775510204082,0.7740086000955566,0.6352941176470588,0.630673674151935,0.88,3.7840420449116103,0.4230769230769231,3.669374104156713,0.4514991181657848,0.3153368370759675,0.7586206896551724,0.4730052556139513,0.7674418604651163,0.5016722408026756,0.8333333333333334,0.08600095556617296,0.6666666666666666,0.6230529595015576,0.0,0.8170090778786431,0.8028169014084507,0.5590062111801243,0.75,1.0,57.65765765765766,45.04504504504504,32.43243243243243,39.63963963963965,59.45945945945946,49.09090909090909,86.4864864864865,55.04587155963303,66.66666666666666,10.2803738317757,48.64864864864865,32.11009174311926,60.36036036036037,40.54054054054054,41.44144144144144,43.24324324324324,53.153153153153156,78.37837837837837,68.46846846846847,46.36363636363637,64.86486486486487,81.08108108108108,51.351351351351354,36.03603603603604,54.27518427518427,70.76617902305976,38.47352024922118,40.37937019588396,50.450450450450454,42.34234234234234,65.76576576576576,57.41605241605242,64.86486486486487,81.08108108108108
Drew Dober,Men’s Lightweight,8,2.4650780608052587,0.30612244897959184,3.4511092851273624,0.39325842696629215,1.2161051766639277,0.6548672566371682,0.8545603944124897,0.5977011494252874,0.8216926869350862,0.819672131147541,0.4601479046836483,0.8235294117647058,4.059161873459326,0.3977455716586151,3.9769926047658175,0.40468227424749165,0.23007395234182415,0.6086956521739131,0.1314708299096138,0.6666666666666666,0.2136400986031224,0.65,0.657354149548069,0.8888888888888888,1.094890510948905,0.6896551724137931,0.4437140509449466,0.627906976744186,0.7888249794576828,0.8421052631578947,1.0,45.04504504504504,18.01801801801802,26.126126126126117,55.85585585585586,72.97297297297297,25.454545454545453,49.54954954954955,81.65137614678899,68.46846846846847,42.99065420560748,65.76576576576578,55.04587155963303,70.27027027027027,29.72972972972973,34.23423423423424,74.77477477477478,21.62162162162162,20.27027027027027,50.450450450450454,9.545454545454534,83.78378378378379,33.333333333333336,31.53153153153153,40.99099099099099,49.21375921375921,65.60046284816927,55.72956133703798,60.4058186626994,50.0,54.50450450450451,20.945945945945944,29.997952497952493,83.78378378378379,33.333333333333336
Mauricio Ruffy,Men’s Lightweight,6,3.2698170731707314,0.5375939849624061,1.3033536585365852,0.23553719008264462,0.27439024390243905,0.6666666666666666,1.5320121951219512,0.638095238095238,0.4573170731707317,0.8695652173913043,0.9146341463414634,0.6896551724137931,3.361280487804878,0.550561797752809,3.1783536585365852,0.37567567567567567,0.11432926829268293,0.8333333333333334,0.4573170731707317,0.7692307692307693,0.5259146341463414,0.6764705882352942,0.11432926829268293,0.5555555555555556,3.4285714285714284,0.0,0.6402439024390244,0.7,0.5716463414634146,0.7142857142857143,1.0,74.77477477477478,95.4954954954955,91.8918918918919,97.2972972972973,8.108108108108109,30.454545454545457,9.009009009008999,70.64220183486238,40.54054054054054,67.7570093457944,25.225225225225223,86.23853211009174,46.846846846846844,99.09909909909909,56.75675675675676,82.8828828828829,42.34234234234234,46.3963963963964,67.56756756756758,57.27272727272727,99.09909909909909,81.08108108108108,85.13513513513514,94.59459459459461,19.281326781326783,39.82560542193569,54.14877494316747,55.73187866765848,72.97297297297297,69.81981981981983,44.369369369369366,62.42014742014743,99.09909909909909,81.08108108108108
Rafael Fiziev,Men’s Lightweight,8,1.8404290982232652,0.38204592901878914,2.876299027824338,0.4255952380952381,1.9912839423399262,0.7388059701492538,0.7844451894066375,0.8210526315789474,0.5531344284277573,0.7534246575342466,0.6738183037210861,0.7444444444444445,3.7814280925243042,0.5040214477211796,3.580288300368756,0.47657295850066933,0.43245055313442843,0.86,0.5631914180355346,0.717948717948718,0.17096882333221589,0.7083333333333334,0.19108280254777069,0.59375,0.45871559633027525,0.46403712296983757,0.6034193764666443,0.8108108108108109,0.7542742205833054,0.6818181818181818,1.0,19.81981981981982,46.846846846846844,42.34234234234234,36.93693693693694,98.1981981981982,66.36363636363637,63.06306306306306,12.844036697247695,50.45045045045045,23.364485981308412,44.14414414414414,76.14678899082568,59.45945945945946,87.38738738738738,44.14414414414414,32.43243243243243,37.83783783783784,80.18018018018019,54.95495495495495,69.54545454545453,54.054054054054056,46.846846846846844,33.33333333333333,39.63963963963964,82.2809172809173,37.95354988015538,36.90746821587943,60.14546656748492,73.42342342342342,38.288288288288285,59.00900900900901,62.250204750204745,54.054054054054056,46.846846846846844
Alexander Hernandez,Men’s Lightweight,8,2.506426735218509,0.32378580323785805,2.2750642673521853,0.26339285714285715,1.3303341902313623,0.6798029556650246,1.1953727506426735,0.5821596244131455,0.5012853470437018,0.6341463414634146,0.9158097686375322,0.8189655172413793,3.9331619537275064,0.3968871595330739,4.097043701799485,0.36324786324786323,0.05784061696658098,0.5,0.2795629820051414,0.5471698113207547,0.34704370179948585,0.75,0.009640102827763496,0.5,0.6666666666666666,0.21978021978021978,0.40488431876606684,0.7,0.28920308483290486,0.5454545454545454,1.0,47.74774774774775,24.324324324324326,64.86486486486487,95.4954954954955,79.27927927927928,34.54545454545455,23.423423423423422,87.15596330275228,44.14414414414414,9.345794392523365,24.32432432432433,57.798165137614674,67.56756756756756,27.027027027027028,31.531531531531535,87.38738738738739,18.91891891891892,46.3963963963964,91.8918918918919,95.45454545454545,66.66666666666666,58.55855855855856,36.03603603603604,80.18018018018019,56.91236691236691,55.28969336308785,26.744969268333755,41.061244730969506,47.2972972972973,59.45945945945947,32.65765765765766,93.67321867321868,66.66666666666666,58.55855855855856
Ludovit Klein,Men’s Lightweight,8,2.4393379399003696,0.42592592592592593,2.0247469066366706,0.33762057877813506,1.1280732765547163,0.7697368421052632,0.7424071991001124,0.7403846153846154,0.44351598907279444,0.92,0.6363490278000964,0.8571428571428571,3.2685200064277677,0.5014792899408284,2.5550377631367507,0.38686131386861317,0.3278161658364133,0.7906976744186046,0.28924955809095293,0.6666666666666666,0.41459103326369917,0.5584415584415584,0.5592158123091756,0.7945205479452054,0.7211538461538461,0.28328611898017,0.7424071991001124,0.6416666666666667,0.8484653704001286,0.7457627118644068,1.0,43.24324324324324,64.86486486486487,72.97297297297298,80.18018018018019,63.96396396396396,76.36363636363637,69.36936936936938,36.69724770642201,39.63963963963964,80.37383177570094,47.747747747747745,43.57798165137615,45.04504504504504,84.68468468468468,76.57657657657658,79.2792792792793,50.45045045045045,22.52252252252252,45.945945945945944,48.18181818181819,69.36936936936937,54.054054054054056,54.054054054054056,76.57657657657658,70.16380016380018,53.03330853789569,60.00673570767029,45.66286469956195,64.86486486486487,77.92792792792794,36.486486486486484,47.06388206388206,69.36936936936937,54.054054054054056
Nurullo Aliev,Men’s Lightweight,4,1.6166666666666667,0.388,0.7333333333333333,0.29931972789115646,0.26666666666666666,0.64,0.5333333333333333,0.6274509803921569,0.08333333333333333,0.5555555555555556,0.4,0.8571428571428571,1.2333333333333334,0.3756345177664975,1.35,0.400990099009901,0.15,0.5294117647058824,0.1,0.6,0.5833333333333334,0.5,0.21666666666666667,0.9285714285714286,0.0,0.0,0.7333333333333333,0.5057471264367817,0.31666666666666665,0.7916666666666666,1.0,13.513513513513514,53.153153153153156,97.2972972972973,87.38738738738739,5.405405405405405,20.0,83.33333333333334,74.31192660550458,7.207207207207207,4.672897196261682,71.62162162162163,43.57798165137615,6.306306306306306,16.216216216216218,90.0900900900901,75.67567567567569,49.549549549549546,9.00900900900901,89.1891891891892,29.090909090909097,17.117117117117118,81.08108108108108,33.333333333333336,92.34234234234235,12.702702702702702,78.82262996941895,5.940052201734445,57.59980163649889,11.26126126126126,82.8828828828829,29.27927927927928,59.14004914004914,17.117117117117118,81.08108108108108
Chase Hooper,Men’s Lightweight,8,3.6313868613138687,0.45227272727272727,1.5693430656934306,0.46994535519125685,1.0218978102189782,0.7671232876712328,0.18248175182481752,0.7142857142857143,0.3467153284671533,0.7916666666666666,0.1642335766423358,0.75,2.883211678832117,0.4425770308123249,1.2043795620437956,0.4177215189873418,0.8029197080291971,0.5641025641025641,0.40145985401459855,0.7096774193548387,1.3138686131386863,0.7058823529411765,0.3102189781021898,0.85,0.36496350364963503,1.9047619047619047,2.1167883211678835,0.6444444444444445,0.7116788321167884,0.7647058823529411,1.0,81.08108108108108,75.67567567567568,83.78378378378379,18.01801801801802,55.85585585585585,75.45454545454545,98.1981981981982,44.4954128440367,24.324324324324326,34.57943925233645,93.6936936936937,74.31192660550458,33.33333333333333,51.35135135135135,94.5945945945946,65.76576576576578,95.4954954954955,25.225225225225223,59.45945945945946,42.72727272727273,45.04504504504504,8.108108108108105,78.37837837837839,50.90090090090091,65.65520065520064,71.34680552111745,29.45188178833039,84.00281014959914,42.342342342342334,80.18018018018019,60.36036036036036,51.09336609336609,45.04504504504504,8.108108108108105
Manuel Torres,Men’s Lightweight,7,4.048780487804878,0.4689265536723164,2.8292682926829267,0.4793388429752066,1.6097560975609757,0.9166666666666666,0.4878048780487805,0.5555555555555556,0.3902439024390244,0.8,1.1219512195121952,0.6571428571428571,4.341463414634147,0.489010989010989,2.926829268292683,0.47244094488188976,0.7804878048780488,0.8888888888888888,0.43902439024390244,0.8181818181818182,0.926829268292683,0.8260869565217391,1.0731707317073171,0.6111111111111112,3.225806451612903,3.2967032967032965,1.7073170731707317,0.8536585365853658,1.5121951219512195,0.6595744680851063,1.0,88.28828828828829,81.98198198198197,48.64864864864865,16.216216216216218,89.1891891891892,97.27272727272728,85.58558558558559,89.90825688073393,29.72972972972973,38.78504672897196,10.810810810810814,93.57798165137613,77.47747747747748,78.37837837837837,65.76576576576578,34.23423423423424,90.09009009009009,92.7927927927928,9.909909909909906,74.54545454545455,97.74774774774775,2.702702702702702,85.13513513513513,32.432432432432435,93.23095823095824,87.74692123315975,34.257388229350845,52.19439623109348,77.92792792792793,50.000000000000014,91.44144144144144,42.22768222768222,97.74774774774775,2.702702702702702
Jalin Turner,Men’s Lightweight,8,3.558052434456929,0.4328018223234624,3.0898876404494384,0.5288461538461539,1.4419475655430711,0.7333333333333333,0.8239700374531835,0.7333333333333333,0.4307116104868914,0.71875,0.9925093632958801,0.9137931034482759,4.288389513108615,0.4692622950819672,3.6329588014981273,0.6024844720496895,0.599250936329588,0.7619047619047619,0.46816479400749067,0.6410256410256411,0.5430711610486891,0.6304347826086957,0.8052434456928839,0.6231884057971014,2.0689655172413794,0.3816793893129771,1.1423220973782773,0.6931818181818182,1.2734082397003745,0.6296296296296297,1.0,78.37837837837837,67.56756756756756,34.23423423423424,8.108108108108105,86.48648648648648,60.0,54.95495495495495,40.366972477064216,38.73873873873874,16.822429906542055,16.216216216216218,17.431192660550458,76.57657657657657,68.46846846846847,42.34234234234234,2.702702702702702,75.67567567567568,45.04504504504504,18.01801801801802,84.54545454545455,91.8918918918919,50.450450450450454,72.97297297297297,21.171171171171174,73.24324324324324,47.66096371600958,27.780584322640397,16.823704438383338,72.52252252252252,22.52252252252252,60.36036036036036,51.281736281736286,91.8918918918919,50.450450450450454
King Green,Men’s Lightweight,6,3.248006714225766,0.4708029197080292,1.6365925304238353,0.33505154639175255,1.9639110365086025,0.6782608695652174,0.4280318925723877,0.5666666666666667,1.5862358371800251,0.7777777777777778,0.6798153587914393,0.6585365853658537,5.111204364246747,0.5286458333333334,2.1401594628619387,0.3617021276595745,0.15107007973143097,0.75,0.15107007973143097,0.5454545454545454,1.5358791439362147,0.782051282051282,0.4532102391942929,0.9473684210526315,0.7407407407407407,0.9174311926605505,1.6869492236676458,0.7790697674418605,0.6042803189257239,0.8,1.0,72.97297297297297,83.78378378378379,81.98198198198199,81.08108108108108,96.3963963963964,33.63636363636363,89.1891891891892,88.99082568807339,95.4954954954955,30.373831775700932,43.24324324324324,92.66055045871559,87.38738738738738,91.8918918918919,82.8828828828829,89.1891891891892,89.1891891891892,74.77477477477478,65.76576576576578,23.636363636363644,71.17117117117117,25.225225225225223,78.37837837837839,81.53153153153153,65.01638001638001,89.09000743863129,62.93466363559822,67.95189685097941,89.63963963963964,86.03603603603605,81.98198198198199,44.70106470106471,71.17117117117117,25.225225225225223
Mason Jones,Men’s Lightweight,7,4.131075110456554,0.35823754789272033,2.9823269513991164,0.423861852433281,1.369661266568483,0.7337278106508875,1.0603829160530192,0.676056338028169,0.4749631811487482,0.86,0.40868924889543445,0.8809523809523809,4.252577319587629,0.3759765625,3.7665684830633284,0.47099447513812154,0.9278350515463918,0.6412213740458015,0.4639175257731959,0.6774193548387096,0.7952871870397644,0.6666666666666666,0.22091310751104565,0.5714285714285714,0.18484288354898337,0.49627791563275436,1.7231222385861562,0.6527196652719666,0.6848306332842415,0.6391752577319587,1.0,89.1891891891892,35.13513513513514,38.73873873873874,37.83783783783784,82.88288288288288,61.81818181818181,36.03603603603603,64.22018348623853,42.34234234234234,65.42056074766354,70.27027027027027,30.73394495412844,75.67567567567568,17.117117117117118,37.83783783783784,36.03603603603603,90.990990990991,27.027027027027028,62.16216216216216,82.72727272727272,35.13513513513514,45.04504504504505,62.16216216216216,38.288288288288285,72.35053235053235,50.12810976113728,53.881451545002946,50.50210761219935,46.3963963963964,36.93693693693693,59.00900900900901,72.44471744471744,35.13513513513514,45.04504504504505
Chris Padilla,Men’s Lightweight,4,3.037685572896841,0.4539249146757679,3.037685572896841,0.40923076923076923,1.0277883517320137,0.703125,0.822230681385611,0.7346938775510204,2.009897221164827,0.6153846153846154,1.1191473163304149,0.875,5.25314046440807,0.5032822757111597,4.339550818424058,0.4797979797979798,0.7765511990864103,0.8292682926829268,0.6395127521888085,0.8235294117647058,0.04567948229920061,1.0,0.0,,0.0,0.0,0.822230681385611,0.8372093023255814,0.6395127521888085,0.8235294117647058,1.0,64.86486486486487,76.57657657657657,36.93693693693694,42.34234234234234,56.75675675675676,44.54545454545455,55.85585585585586,39.44954128440367,99.09909909909909,7.476635514018691,11.711711711711708,33.02752293577981,90.09009009009009,86.48648648648648,26.126126126126117,29.729729729729733,54.054054054054056,89.1891891891892,63.96396396396396,15.454545454545455,17.117117117117118,81.08108108108108,70.72072072072072,39.63963963963964,50.65110565110565,47.652698570129765,53.287867306558894,22.369617323745757,88.28828828828829,27.927927927927925,71.62162162162163,39.70925470925471,17.117117117117118,81.08108108108108
MarQuel Mederos,Men’s Lightweight,4,3.216666666666667,0.48370927318295737,2.933333333333333,0.4074074074074074,0.8833333333333333,0.828125,0.9,0.6428571428571429,1.3333333333333333,0.8333333333333334,0.9333333333333333,0.6746987951807228,4.533333333333333,0.5472837022132797,4.233333333333333,0.4593128390596745,0.6666666666666666,0.9090909090909091,0.4666666666666667,0.6829268292682927,0.23333333333333334,0.7777777777777778,0.06666666666666667,0.8,0.3067484662576687,0.0,0.9,0.8709677419354839,0.5333333333333333,0.6956521739130435,1.0,71.17117117117117,87.38738738738738,40.09009009009009,45.945945945945944,45.94594594594595,90.0,45.945945945945944,68.34862385321101,90.54054054054053,48.598130841121495,22.072072072072068,88.99082568807339,81.98198198198197,96.3963963963964,28.828828828828826,39.63963963963965,59.45945945945946,93.69369369369369,72.07207207207207,64.54545454545455,40.54054054054054,81.08108108108108,79.27927927927928,43.01801801801801,67.97297297297297,57.14728489957848,69.56933569083101,55.53144888007273,89.1891891891892,34.234234234234236,76.57657657657657,68.3087633087633,40.54054054054054,81.08108108108108
Mike Davis,Men’s Lightweight,8,2.623935903855784,0.4746376811594203,2.6339509263895846,0.3397932816537468,1.1617426139208813,0.725,0.6910365548322485,0.711340206185567,0.39058587881822737,0.78,0.9213820731096646,0.9292929292929293,3.0045067601402105,0.4983388704318937,3.495242864296445,0.4096244131455399,0.32048072108162245,0.8,0.3405107661492239,0.6415094339622641,0.8512769153730596,0.7083333333333334,0.4106159238858288,0.6307692307692307,0.9592326139088729,0.0,1.171757636454682,0.73125,0.7511266900350526,0.635593220338983,1.0,53.153153153153156,84.68468468468468,53.15315315315315,77.47747747747748,69.36936936936937,55.45454545454545,72.07207207207207,47.70642201834862,30.630630630630627,31.775700934579437,23.423423423423422,14.678899082568797,38.73873873873874,82.88288288288288,46.846846846846844,72.97297297297298,76.57657657657657,55.85585585585585,55.85585585585586,83.63636363636363,80.18018018018019,81.08108108108108,68.91891891891892,65.31531531531532,62.41195741195741,59.88924704521035,31.203165782605033,19.05116125299611,60.81081081081081,59.90990990990991,66.21621621621621,69.74610974610974,80.18018018018019,81.08108108108108
Edson Barboza,Men’s Lightweight,8,2.0459805585557787,0.3082287308228731,4.42524301805277,0.4714003944773176,1.6201203517975622,0.78125,0.9257830581700355,0.746268656716418,0.8887517358432341,0.7933884297520661,0.9720722110785373,0.8677685950413223,4.082703286529856,0.4392430278884462,5.48063570436661,0.5156794425087108,0.3888288844314149,0.8936170212765957,0.40734454559481564,0.7333333333333333,0.0833204752353032,0.8181818181818182,0.43511803733991666,0.7704918032786885,0.6097560975609756,0.8784773060029283,0.4721493596667181,0.8793103448275862,0.8424625829347323,0.7520661157024794,1.0,30.630630630630627,19.81981981981982,7.207207207207212,17.11711711711711,90.09009009009009,80.0,41.44144144144144,32.11009174311926,72.97297297297297,35.51401869158878,17.11711711711711,38.532110091743114,72.97297297297297,50.45045045045045,9.909909909909906,16.216216216216218,24.324324324324326,96.3963963963964,46.846846846846844,44.54545454545455,63.96396396396396,27.027027027027025,25.225225225225223,12.162162162162161,85.04504504504504,36.77576659228035,54.24349583228087,27.824613604430112,61.71171171171171,13.063063063063062,60.36036036036036,45.696150696150696,63.96396396396396,27.027027027027025
Ignacio Bahamondes,Men’s Lightweight,8,2.9357798165137616,0.3953871499176277,2.1039755351681957,0.354639175257732,1.198776758409786,0.6282051282051282,0.9174311926605505,0.7281553398058253,1.1376146788990826,0.768595041322314,0.47706422018348627,0.7647058823529411,4.599388379204893,0.47655259822560203,2.7889908256880735,0.41911764705882354,0.28134556574923547,0.5897435897435898,0.22018348623853212,0.72,0.39143730886850153,0.5714285714285714,0.4892966360856269,0.5714285714285714,0.9280742459396751,0.0,0.672782874617737,0.5789473684210527,0.709480122324159,0.6105263157894737,1.0,63.06306306306306,56.75675675675676,70.27027027027027,70.27027027027027,72.07207207207207,17.272727272727273,43.69369369369369,43.11926605504588,86.48648648648648,27.102803738317753,63.96396396396396,71.55963302752293,82.88288288288288,72.97297297297297,72.07207207207207,63.06306306306306,44.14414414414414,11.711711711711711,60.36036036036036,87.27272727272727,77.47747747747748,81.08108108108108,59.90990990990991,70.27027027027027,44.67239967239968,43.40647987436978,56.79464511240212,67.76179849574345,77.92792792792793,67.56756756756756,27.927927927927925,73.81654381654381,77.47747747747748,81.08108108108108
Joaquim Silva,Men’s Lightweight,8,1.8965853658536584,0.36486486486486486,3.2780487804878047,0.46204620462046203,1.1239024390243901,0.7164179104477612,0.9248780487804877,0.7117117117117117,0.5970731707317073,0.9807692307692307,0.48,0.82,2.610731707317073,0.4372549019607843,3.1492682926829265,0.4359805510534846,0.7609756097560976,0.8125,0.6673170731707316,0.8507462686567164,0.24585365853658536,0.525,0.8663414634146341,0.891566265060241,0.970873786407767,0.75,1.006829268292683,0.7166666666666667,1.5336585365853657,0.8733333333333333,1.0,25.225225225225223,37.83783783783784,29.729729729729733,23.423423423423422,63.06306306306306,50.45454545454545,42.34234234234234,45.87155963302752,54.95495495495496,89.7196261682243,62.612612612612615,55.96330275229358,25.225225225225223,49.549549549549546,58.55855855855856,54.054054054054056,70.27027027027027,54.054054054054056,9.009009009008999,6.363636363636362,81.08108108108108,30.630630630630627,31.53153153153153,26.576576576576578,56.75880425880426,44.10695098768493,72.33729056158963,59.2879576824531,37.387387387387385,56.30630630630631,62.16216216216216,7.686322686322681,81.08108108108108,30.630630630630627
Nazim Sadykhov,Men’s Lightweight,7,3.111239860950174,0.3925438596491228,3.458864426419467,0.41115702479338845,1.1297798377752029,0.7926829268292683,1.5990730011587486,0.8598130841121495,0.5040556199304751,0.6590909090909091,0.9559675550405562,0.859375,3.476245654692932,0.4073319755600815,5.266512166859791,0.5126903553299492,0.8516801853997683,0.7903225806451613,0.5561993047508691,0.6808510638297872,0.4171494785631518,0.8275862068965517,0.19119351100811124,0.6470588235294118,0.7326007326007326,1.1560693641618498,1.2688296639629202,0.8021978021978022,0.7473928157589803,0.671875,1.0,66.66666666666666,54.95495495495496,25.225225225225223,41.44144144144144,64.86486486486487,81.81818181818183,6.306306306306304,5.504587155963299,45.04504504504504,11.214953271028037,19.81981981981982,41.284403669724774,49.549549549549546,32.432432432432435,13.513513513513523,18.918918918918926,80.18018018018019,77.47747747747748,56.75675675675676,71.81818181818181,70.27027027027027,17.11711711711711,60.81081081081081,33.33333333333333,73.34152334152336,5.905446731134802,28.12999915803654,30.552111744772297,40.990990990990994,16.216216216216225,78.82882882882883,64.28746928746929,70.27027027027027,17.11711711711711
Terrance McKinney,Men’s Lightweight,8,13.04677623261694,0.5870307167235495,4.551201011378002,0.5128205128205128,1.592920353982301,0.75,1.8963337547408343,0.7352941176470589,0.0,,0.7585335018963337,0.8333333333333334,6.144121365360303,0.4682080924855491,4.399494310998736,0.5132743362831859,1.6687737041719342,0.7096774193548387,0.5309734513274336,0.5833333333333334,6.826801517067004,0.7692307692307693,2.275600505689001,0.7894736842105263,0.5181347150259067,3.1578947368421053,8.495575221238937,0.7567567567567568,2.8065739570164348,0.74,1.0,100.0,99.09909909909909,6.306306306306304,10.810810810810814,88.28828828828829,68.63636363636364,4.504504504504503,38.07339449541284,2.2522522522522523,,36.03603603603603,51.8348623853211,95.4954954954955,67.56756756756756,23.423423423423422,17.11711711711711,100.0,66.21621621621621,2.702702702702702,51.81818181818181,56.75675675675676,3.6036036036035957,99.54954954954954,8.558558558558559,78.46232596232596,21.288949499958672,2.2522522522522523,43.93544921067857,81.53153153153153,20.270270270270267,83.1081081081081,27.260442260442257,56.75675675675676,3.6036036036035957
Kaue Fernandes,Men’s Lightweight,4,2.047244094488189,0.4083769633507853,0.9186351706036745,0.3181818181818182,0.8661417322834646,0.7333333333333333,0.31496062992125984,0.5,1.3648293963254592,0.896551724137931,0.1837270341207349,0.7,3.569553805774278,0.5375494071146245,1.1023622047244095,0.34146341463414637,0.1837270341207349,0.7777777777777778,0.2099737532808399,0.7272727272727273,0.5249343832020997,0.625,0.10498687664041995,0.4,2.4539877300613497,0.0,0.7086614173228346,0.6585365853658537,0.31496062992125984,0.5714285714285714,1.0,31.53153153153153,60.36036036036037,95.4954954954955,85.58558558558559,44.14414414414414,60.0,92.7927927927928,95.87155963302752,93.69369369369369,73.83177570093457,90.990990990991,84.40366972477064,51.35135135135135,93.69369369369369,95.4954954954955,91.8918918918919,47.74774774774775,30.630630630630627,90.0900900900901,94.54545454545455,96.3963963963964,81.08108108108108,45.94594594594595,90.54054054054055,52.072072072072075,94.33217621291016,83.76273469731413,87.69733035788082,72.52252252252252,93.6936936936937,39.18918918918919,92.31777231777232,96.3963963963964,81.08108108108108
Francis Marshall,Men’s Lightweight,7,1.9179324416232146,0.2577696526508227,1.8907277261391975,0.396011396011396,0.16322829290410337,0.5714285714285714,0.5849013829063704,0.4777777777777778,0.2584447970981637,1.0,0.6665155293584222,0.8596491228070176,2.081160734527318,0.27175843694493784,2.584447970981637,0.43577981651376146,0.12242121967807754,0.9,0.05440943096803446,0.5714285714285714,0.13602357742008614,0.7142857142857143,0.5032872364543187,0.6727272727272727,1.1627906976744187,0.0,0.2584447970981637,0.7916666666666666,0.5576966674223532,0.6612903225806451,1.0,27.027027027027028,8.108108108108109,77.47747747747748,53.15315315315315,3.6036036036036037,8.181818181818182,80.18018018018019,99.08256880733944,19.81981981981982,95.32710280373831,45.04504504504505,40.366972477064216,18.01801801801802,2.7027027027027026,75.67567567567569,54.95495495495495,8.108108108108109,75.67567567567568,69.36936936936938,72.72727272727272,84.68468468468468,81.08108108108108,17.56756756756757,65.31531531531532,5.892710892710893,89.63137449375981,57.57346131177907,42.70600876105463,10.36036036036036,65.31531531531532,41.891891891891895,71.04832104832104,84.68468468468468,81.08108108108108
Manoel Sousa,Men’s Lightweight,2,3.116438356164384,0.3855932203389831,2.8424657534246576,0.3789954337899543,0.7191780821917808,0.75,1.095890410958904,0.6037735849056604,0.8904109589041096,0.7647058823529411,0.5136986301369864,0.8823529411764706,3.8013698630136985,0.42857142857142855,3.0821917808219177,0.38461538461538464,0.7191780821917808,0.7,0.8219178082191781,0.7272727272727273,0.20547945205479454,0.6666666666666666,0.547945205479452,0.7272727272727273,2.1739130434782608,0.0,0.9246575342465754,0.6923076923076923,1.36986301369863,0.7272727272727273,1.0,67.56756756756756,50.45045045045045,46.846846846846844,58.55855855855856,36.93693693693694,68.63636363636364,31.531531531531535,80.73394495412843,73.87387387387388,24.766355140186917,57.65765765765766,29.357798165137616,61.261261261261254,45.4954954954955,59.45945945945946,80.18018018018019,62.16216216216216,43.69369369369369,15.31531531531531,54.54545454545455,93.69369369369369,81.08108108108108,59.009009009009006,52.7027027027027,52.786650286650286,56.13273824282999,49.3201145070304,43.50772791139764,53.37837837837837,69.81981981981983,52.927927927927925,34.93038493038493,93.69369369369369,81.08108108108108
Esteban Ribovics,Men’s Lightweight,7,5.416012558869702,0.37766830870279144,4.250392464678179,0.3984547461368653,1.1891679748822606,0.7214285714285714,1.1420722135007848,0.7293233082706767,0.6357927786499215,0.8307692307692308,0.41208791208791207,0.9722222222222222,6.781789638932496,0.42043795620437957,5.463108320251177,0.4461538461538462,0.16483516483516483,0.7368421052631579,0.15306122448979592,0.7647058823529411,0.2943485086342229,0.7352941176470589,0.18838304552590265,0.8888888888888888,0.3252032520325203,0.2028397565922921,0.4591836734693877,0.7358490566037735,0.34144427001569855,0.8285714285714286,1.0,97.2972972972973,43.24324324324324,9.909909909909906,52.25225225225225,71.17117117117117,54.54545454545454,26.126126126126117,42.20183486238532,61.261261261261254,46.728971962616825,69.36936936936938,9.174311926605505,98.1981981981982,36.03603603603604,10.810810810810814,48.64864864864865,22.52252252252252,58.55855855855856,84.68468468468468,12.727272727272721,42.34234234234234,60.36036036036036,70.27027027027027,31.081081081081077,62.85831285831286,34.16398049425572,53.99511661193904,39.271840647987446,67.11711711711712,29.729729729729733,40.54054054054054,48.7059787059787,42.34234234234234,60.36036036036036
Tofiq Musayev,Men’s Lightweight,3,1.8466898954703834,0.363013698630137,1.4634146341463414,0.4117647058823529,0.5923344947735192,0.68,0.9407665505226481,0.7105263157894737,0.4181184668989547,0.7058823529411765,0.3832752613240418,0.6875,1.951219512195122,0.3888888888888889,2.3344947735191637,0.49264705882352944,0.10452961672473868,0.5,0.20905923344947736,0.75,0.8013937282229965,0.6052631578947368,0.24390243902439024,0.5833333333333334,1.2195121951219512,1.25,0.9059233449477352,0.5909090909090909,0.4529616724738676,0.65,1.0,20.72072072072072,36.03603603603604,87.38738738738739,40.54054054054053,24.324324324324326,35.45454545454545,40.54054054054053,48.62385321100918,36.03603603603604,14.953271028037381,76.57657657657658,87.15596330275228,15.315315315315313,23.423423423423422,81.08108108108108,26.126126126126117,60.36036036036037,14.414414414414415,81.08108108108108,79.0909090909091,86.48648648648648,15.31531531531531,28.37837837837838,63.96396396396396,29.889434889434888,44.582196875774855,25.494653532036708,81.86626993966443,19.369369369369366,53.6036036036036,37.38738738738739,80.08599508599508,86.48648648648648,15.31531531531531
Mateusz Rebecki,Men’s Lightweight,8,3.9792515746572805,0.4344660194174757,3.4790663208595776,0.4206989247311828,0.6224527602815858,0.6666666666666666,0.9003334568358651,0.5955882352941176,0.7447202667654687,0.9054054054054054,0.24453501296776584,0.8461538461538461,3.779177473138199,0.42027194066749074,3.9681363467951094,0.43012048192771085,0.255650240829937,0.92,0.14449796220822528,0.6842105263157895,1.3115968877361985,0.7972972972972973,0.511300481659874,0.8070175438596491,1.0395010395010396,0.0,1.5672471285661356,0.815028901734104,0.6557984438680993,0.7763157894736842,1.0,86.48648648648648,69.36936936936937,22.52252252252253,38.73873873873874,28.82882882882883,30.454545454545457,45.04504504504505,82.56880733944953,64.86486486486487,76.63551401869158,84.68468468468468,49.08256880733945,58.55855855855856,35.13513513513514,35.13513513513512,57.65765765765766,87.38738738738738,81.08108108108108,63.06306306306306,38.18181818181817,82.88288288288288,81.08108108108108,77.92792792792793,30.630630630630634,29.641687141687143,63.80692619224729,70.75018944177822,66.88362674601207,46.846846846846844,46.39639639639639,84.23423423423424,50.62244062244062,82.88288288288288,81.08108108108108
Michael Johnson,Men’s Lightweight,8,2.0643231114435303,0.3222416812609457,1.62677636499626,0.2665441176470588,1.8623784592370978,0.5992779783393501,1.2789827973074046,0.6229508196721312,0.5385190725504861,0.7741935483870968,0.7516828721017202,0.7282608695652174,4.173522812266268,0.42709529276693453,3.3545250560957363,0.38333333333333336,0.11219147344801794,0.6666666666666666,0.2131637995512341,0.6551724137931034,0.1795063575168287,0.6666666666666666,0.08975317875841435,0.8,1.0050251256281406,0.6134969325153374,0.29169783096484664,0.6666666666666666,0.3029169783096484,0.6923076923076923,1.0,32.432432432432435,23.423423423423422,82.8828828828829,94.5945945945946,94.5945945945946,11.818181818181818,18.01801801801802,76.14678899082568,49.549549549549546,28.037383177570092,36.93693693693694,81.65137614678899,74.77477477477478,44.14414414414414,51.351351351351354,81.98198198198199,12.612612612612612,33.33333333333333,90.990990990991,66.36363636363636,81.98198198198197,38.73873873873874,27.92792792792793,88.73873873873875,53.206388206388205,47.08240350442185,38.793466363559816,59.29415654186296,59.45945945945947,66.66666666666667,22.97297297297297,78.67731367731368,81.98198198198197,38.73873873873874
Matheus Camilo,Men’s Lightweight,3,1.42668428005284,0.34951456310679613,1.7437252311756934,0.25,0.3963011889035667,0.8333333333333334,0.7529722589167768,0.6333333333333333,0.3963011889035667,0.6666666666666666,0.5548216644649934,0.56,2.02113606340819,0.425,2.9326287978863936,0.32599118942731276,0.03963011889035667,0.3333333333333333,0.07926023778071334,0.6666666666666666,0.15852047556142668,0.5714285714285714,0.03963011889035667,1.0,1.7857142857142858,0.0,0.19815059445178335,0.5,0.11889035667107001,0.75,1.0,8.108108108108109,28.82882882882883,79.2792792792793,96.3963963963964,12.612612612612612,90.9090909090909,67.56756756756758,71.55963302752293,32.432432432432435,13.084112149532709,52.25225225225225,100.0,16.216216216216218,42.792792792792795,64.86486486486487,94.5945945945946,7.207207207207207,7.207207207207207,95.4954954954955,46.36363636363637,90.09009009009009,81.08108108108108,18.46846846846847,87.83783783783784,51.76085176085176,69.56360029754526,22.75827229098257,76.12612612612612,29.504504504504506,79.72972972972974,7.207207207207207,70.92956592956594,90.09009009009009,81.08108108108108
Gauge Young,Men’s Lightweight,3,3.533333333333333,0.39552238805970147,2.7333333333333334,0.3773006134969325,1.8444444444444446,0.680327868852459,1.288888888888889,0.7435897435897436,1.6222222222222222,0.8588235294117647,1.0,0.7894736842105263,6.622222222222222,0.5111492281303602,4.822222222222222,0.4822222222222222,0.2222222222222222,0.8333333333333334,0.17777777777777778,0.8,0.15555555555555556,0.5,0.022222222222222223,1.0,0.31746031746031744,0.0,0.37777777777777777,0.6538461538461539,0.2,0.8181818181818182,1.0,77.47747747747748,57.65765765765766,52.25225225225225,61.26126126126126,93.69369369369369,36.36363636363637,17.11711711711711,33.944954128440365,96.3963963963964,63.55140186915887,15.31531531531531,68.80733944954127,97.2972972972973,89.1891891891892,15.31531531531531,28.828828828828826,18.01801801801802,28.37837837837838,94.5945945945946,16.818181818181817,41.44144144144144,81.08108108108108,67.56756756756756,56.75675675675676,65.02866502866503,25.531035622778738,79.97389913277763,42.06132738242829,93.24324324324326,22.072072072072068,23.1981981981982,55.706388206388205,41.44144144144144,81.08108108108108
Axel Sola,Men’s Lightweight,3,3.777544596012592,0.47619047619047616,3.242392444910808,0.3198757763975155,0.7240293809024134,0.71875,1.1017838405036726,0.7954545454545454,0.0,,0.1888772298006296,0.75,3.1164742917103885,0.4439461883408072,3.368310598111228,0.34294871794871795,1.0703043022035676,0.8095238095238095,1.1332633788037776,0.5901639344262295,0.3147953830010493,0.5263157894736842,0.031479538300104935,1.0,1.3986013986013985,0.0,1.3850996852046171,0.7213114754098361,1.1647429171038826,0.5967741935483871,1.0,84.68468468468468,85.58558558558559,30.630630630630627,84.68468468468468,37.83783783783784,52.72727272727272,28.828828828828826,19.26605504587156,2.2522522522522523,,90.0900900900901,74.31192660550458,42.34234234234234,53.153153153153156,49.54954954954955,90.990990990991,83.78378378378379,54.95495495495496,20.720720720720713,90.9090909090909,87.38738738738738,81.08108108108108,85.13513513513513,57.65765765765765,45.28255528255528,24.047441937350193,2.2522522522522523,82.20100834779734,47.74774774774775,70.27027027027027,69.36936936936937,55.81490581490581,87.38738738738738,81.08108108108108
Noah Gugnon,Men’s Lightweight,1,0.7407407407407407,0.14285714285714285,3.7037037037037033,0.2777777777777778,0.0,,0.7407407407407407,1.0,2.962962962962963,1.0,0.0,,3.7037037037037033,0.5555555555555556,4.444444444444444,0.3333333333333333,0.0,,0.0,0.0,0.0,0.0,0.0,,0.0,0.0,0.0,0.0,0.0,0.0,1.0,3.6036036036036037,1.8018018018018018,18.918918918918926,93.6936936936937,0.9009009009009009,,70.27027027027027,1.3761467889908297,100.0,95.32710280373831,99.54954954954955,,57.65765765765766,100.0,21.62162162162162,92.7927927927928,1.8018018018018018,1.8018018018018018,99.0990990990991,99.54545454545455,17.117117117117118,81.08108108108108,2.7027027027027026,56.30630630630631,0.9009009009009009,35.82320852963055,97.66355140186916,99.54954954954955,78.82882882882883,57.207207207207205,1.8018018018018018,99.32227682227682,17.117117117117118,81.08108108108108
Tommy Gantt,Men’s Lightweight,1,2.4203821656050954,0.7037037037037037,0.25477707006369427,0.2857142857142857,1.1464968152866242,0.8181818181818182,0.6369426751592357,1.0,0.0,,0.12738853503184713,1.0,0.3821656050955414,0.3,0.3821656050955414,0.42857142857142855,1.2738853503184715,0.8333333333333334,0.6369426751592357,0.8333333333333334,1.910828025477707,0.9375,0.0,,0.0,0.0,3.1847133757961785,0.8928571428571429,0.6369426751592357,0.8333333333333334,1.0,41.44144144144144,100.0,100.0,90.990990990991,68.46846846846847,88.63636363636364,78.37837837837839,1.3761467889908297,2.2522522522522523,,96.3963963963964,4.587155963302755,1.3513513513513513,5.405405405405405,99.54954954954955,58.55855855855856,98.1981981981982,98.1981981981982,64.86486486486487,11.818181818181815,17.117117117117118,81.08108108108108,70.72072072072072,95.4954954954955,78.55241605241605,39.877262583684605,2.2522522522522523,50.49177617984957,3.378378378378378,79.05405405405406,98.1981981981982,38.34152334152334,17.117117117117118,81.08108108108108
Magomed Zaynukov,Men’s Lightweight,1,3.066666666666667,0.4946236559139785,0.4,0.13043478260869565,0.5333333333333333,0.5333333333333333,0.26666666666666666,0.5,1.3333333333333333,0.8695652173913043,0.4,0.75,3.533333333333333,0.4953271028037383,1.0,0.25,1.4,0.875,0.06666666666666667,0.5,0.0,,0.0,,0.0,0.0,1.4,0.875,0.06666666666666667,0.5,1.0,65.76576576576578,89.1891891891892,99.0990990990991,100.0,20.72072072072072,5.454545454545454,95.4954954954955,95.87155963302752,90.54054054054053,67.7570093457944,71.62162162162163,74.31192660550458,50.45045045045045,79.27927927927928,97.2972972972973,100.0,85.58558558558559,95.04504504504504,96.84684684684686,97.27272727272727,17.117117117117118,81.08108108108108,77.47747747747749,99.54954954954955,13.087633087633087,95.68352756426151,79.14877494316747,72.9667741135631,64.86486486486487,98.64864864864865,90.31531531531532,97.05978705978706,17.117117117117118,81.08108108108108
Jared Gordon,Men’s Lightweight,8,4.388261851015802,0.43783783783783786,4.00902934537246,0.4038199181446112,1.1783295711060948,0.7016129032258065,1.0158013544018059,0.8152173913043478,0.5146726862302483,0.8260869565217391,0.5011286681715575,0.9024390243902439,5.187358916478556,0.46707317073170734,4.510158013544018,0.4307891332470893,0.7313769751693002,0.7012987012987013,0.7042889390519188,0.8125,0.16252821670428894,0.9230769230769231,0.31151241534988716,0.7931034482758621,0.44543429844098,0.24509803921568626,0.8939051918735892,0.7333333333333333,1.0158013544018059,0.8064516129032258,1.0,93.69369369369369,71.17117117117117,15.31531531531531,49.54954954954955,70.27027027027027,41.81818181818181,37.83783783783784,14.678899082568797,46.846846846846844,44.85981308411215,59.45945945945946,22.018348623853207,88.28828828828829,66.66666666666666,18.918918918918926,56.75675675675676,58.55855855855856,56.75675675675676,29.729729729729733,21.818181818181817,51.35135135135135,56.75675675675676,82.43243243243242,32.432432432432435,56.04422604422604,26.258368460203318,45.853329965479496,40.73890404165633,77.47747747747746,37.83783783783784,57.65765765765766,25.773955773955777,51.35135135135135,56.75675675675676
Charlie Campbell,Men’s Lightweight,3,2.3718887262079065,0.40601503759398494,2.32796486090776,0.3732394366197183,1.273792093704246,0.6170212765957447,0.7467057101024891,0.4857142857142857,1.273792093704246,0.8529411764705882,0.7467057101024891,0.8947368421052632,3.909224011713031,0.4972067039106145,3.0307467057101025,0.4107142857142857,0.8784773060029283,0.6896551724137931,0.6588579795021963,0.6521739130434783,0.13177159590043924,0.5,0.13177159590043924,0.6,0.8928571428571429,0.0,1.0102489019033676,0.6571428571428571,0.7906295754026355,0.6428571428571429,1.0,37.83783783783784,59.45945945945946,62.16216216216216,63.96396396396396,76.57657657657657,15.454545454545453,68.46846846846847,98.1651376146789,89.1891891891892,60.280373831775705,37.83783783783784,25.229357798165132,65.76576576576578,81.08108108108108,61.26126126126126,72.07207207207207,71.17117117117117,29.72972972972973,49.54954954954955,81.36363636363636,76.57657657657657,81.08108108108108,48.648648648648646,63.06306306306306,46.01556101556101,83.31680304157368,74.73478151048245,31.533597818001486,73.42342342342343,66.66666666666667,50.45045045045045,65.45659295659296,76.57657657657657,81.08108108108108
Lance Gibson Jr.,Men’s Lightweight,2,0.8364312267657993,0.28846153846153844,1.5613382899628252,0.29473684210526313,0.5576208178438662,0.5882352941176471,1.6171003717472119,0.6041666666666666,1.003717472118959,0.72,1.0594795539033457,0.6333333333333333,1.8959107806691449,0.425,3.7360594795539033,0.41875,0.5018587360594795,0.6428571428571429,0.055762081784386616,0.5,0.0,,0.44609665427509293,0.7272727272727273,2.3255813953488373,0.0,0.5018587360594795,0.6428571428571429,0.5018587360594795,0.6923076923076923,1.0,4.504504504504505,13.513513513513514,84.68468468468468,89.1891891891892,22.52252252252252,10.454545454545453,5.405405405405396,79.81651376146787,80.18018018018019,17.75700934579439,13.513513513513523,94.4954128440367,13.513513513513514,42.792792792792795,38.73873873873874,63.96396396396396,29.72972972972973,23.873873873873876,74.77477477477478,66.36363636363636,94.5945945945946,81.08108108108108,9.00900900900901,86.93693693693695,16.488533988533987,42.61095958343664,48.96859476298729,54.00446317877511,28.153153153153156,51.351351351351354,26.8018018018018,70.56920556920556,94.5945945945946,81.08108108108108
Jai Herbert,Men’s Lightweight,8,1.895716224074433,0.30639097744360905,1.8375654196549718,0.34725274725274724,1.1164954448536537,0.7619047619047619,0.7210699748013181,0.6966292134831461,0.6280286877301803,0.8059701492537313,0.9536731924791626,0.6949152542372882,2.8493894165535956,0.38161993769470404,2.814498933901919,0.41156462585034015,0.5000969180073658,0.8431372549019608,0.6280286877301803,0.7941176470588235,0.29075402209730566,0.78125,0.06978096530335336,1.0,1.597444089456869,0.6622516556291391,0.7908509401046714,0.8192771084337349,0.6978096530335336,0.8108108108108109,1.0,24.324324324324326,18.91891891891892,78.37837837837839,72.97297297297298,62.16216216216216,70.45454545454545,71.17117117117118,54.12844036697248,58.55855855855856,41.1214953271028,20.720720720720713,85.32110091743118,32.432432432432435,19.81981981981982,71.17117117117118,70.27027027027027,51.35135135135135,84.68468468468468,61.26126126126126,19.090909090909083,89.1891891891892,35.585585585585584,21.62162162162162,75.67567567567568,66.30835380835381,62.64980576907183,49.840026942830676,53.02091081907595,26.126126126126128,70.72072072072072,68.01801801801801,40.176085176085174,89.1891891891892,35.585585585585584
Kody Steele,Men’s Lightweight,2,2.535211267605634,0.24615384615384617,5.704225352112676,0.4909090909090909,0.528169014084507,0.9090909090909091,0.2112676056338028,0.4444444444444444,0.1056338028169014,0.5,0.7394366197183099,1.0,3.1161971830985915,0.28640776699029125,6.654929577464789,0.5185185185185185,0.0528169014084507,0.25,0.0,,0.0,,0.0,,0.0,0.7936507936507936,0.0528169014084507,0.25,0.0,,1.0,48.64864864864865,6.306306306306306,2.702702702702702,15.31531531531531,19.81981981981982,96.36363636363636,96.3963963963964,100.0,8.108108108108109,2.803738317757009,39.63963963963965,4.587155963302755,41.44144144144144,3.6036036036036037,2.702702702702702,14.414414414414416,3.6036036036036037,4.054054054054054,99.0990990990991,,17.117117117117118,27.927927927927932,27.47747747747748,9.009009009009006,58.091728091728086,98.1981981981982,5.455923212932559,22.1133978014712,22.52252252252252,8.558558558558559,3.8288288288288292,99.0990990990991,17.117117117117118,27.927927927927932
Abdul-Kareem Al-Selwady,Men’s Lightweight,2,2.4402840542285347,0.4632352941176471,2.2853453841187865,0.34104046242774566,0.8134280180761781,0.84,0.8521626856036152,0.5945945945945946,1.355713363460297,0.660377358490566,0.19367333763718528,0.625,4.0671400903808905,0.5497382198952879,2.3628147191736604,0.3279569892473118,0.4648160103292447,0.6666666666666666,0.19367333763718528,1.0,0.07746933505487412,0.4,0.7746933505487411,0.7407407407407407,0.0,1.1627906976744187,0.5422853453841188,0.6086956521739131,0.9683666881859264,0.78125,1.0,44.14414414414414,79.27927927927928,63.96396396396396,76.57657657657658,42.34234234234234,92.72727272727272,50.450450450450454,83.48623853211008,92.7927927927928,12.149532710280374,89.1891891891892,96.3302752293578,72.07207207207207,97.2972972972973,79.2792792792793,93.6936936936937,33.33333333333333,16.216216216216218,33.333333333333336,36.36363636363636,17.117117117117118,16.216216216216218,61.711711711711715,70.27027027027027,67.53480753480753,66.96834449128026,52.47116275153658,92.7597322092735,84.6846846846847,86.4864864864865,24.774774774774773,34.848484848484844,17.117117117117118,16.216216216216218
Thiago Moises,Men’s Lightweight,8,1.460998761865456,0.4125874125874126,2.1172100701609575,0.3630573248407643,0.32191498142798186,0.65,1.2133718530747009,0.7777777777777778,0.730499380932728,0.7763157894736842,1.4486174164259182,0.9285714285714286,1.7829137432934379,0.4430769230769231,3.714403631861329,0.5357142857142857,0.11143210895583987,0.5625,0.260008254230293,0.7,0.6190672719768882,0.819672131147541,0.8047874535699546,0.48872180451127817,0.49261083743842365,1.0362694300518134,0.730499380932728,0.7662337662337663,1.0647957078002477,0.5276073619631901,1.0,9.90990990990991,62.16216216216216,69.36936936936938,66.66666666666667,9.00900900900901,23.636363636363637,20.720720720720713,22.018348623853207,63.06306306306306,28.971962616822427,3.6036036036035957,15.596330275229356,10.81081081081081,52.25225225225225,39.63963963963965,10.810810810810814,48.64864864864865,71.17117117117117,27.927927927927932,96.36363636363636,55.85585585585585,20.720720720720713,36.03603603603604,68.01801801801803,16.322686322686323,21.36953467228696,46.017512839942746,9.599966939416475,31.531531531531527,25.22522522522523,59.90990990990991,62.14578214578215,55.85585585585585,20.720720720720713
Claudio Puelles,Men’s Lightweight,8,0.8782978723404254,0.4095238095238095,1.1336170212765957,0.4065934065934066,0.4085106382978723,0.7017543859649122,0.6434042553191489,0.7590361445783133,0.06127659574468085,0.6,0.4595744680851064,0.8490566037735849,0.6434042553191489,0.35,1.2561702127659573,0.4489051094890511,0.08170212765957446,0.5714285714285714,0.21446808510638296,0.6774193548387096,0.6229787234042553,0.7349397590361446,0.7659574468085106,0.7211538461538461,0.0,1.36986301369863,0.7046808510638297,0.711340206185567,0.9804255319148936,0.7111111111111111,1.0,5.405405405405405,61.261261261261254,93.6936936936937,46.846846846846844,13.513513513513514,42.72727272727273,76.57657657657658,27.522935779816514,4.504504504504505,6.074766355140187,66.66666666666667,47.24770642201835,3.6036036036036037,13.513513513513514,91.8918918918919,45.04504504504505,46.846846846846844,51.35135135135135,31.531531531531535,59.09090909090909,17.117117117117118,12.612612612612615,33.33333333333333,70.27027027027027,28.12039312039312,52.049756178196546,5.289635429822345,56.957186544342505,8.558558558558559,68.46846846846847,49.09909909909909,45.31122031122031,17.117117117117118,12.612612612612615
Dom Mar Fan,Men’s Lightweight,2,4.172535211267606,0.5563380281690141,2.0070422535211265,0.4,0.9507042253521126,0.6,1.5316901408450705,0.7631578947368421,0.15845070422535212,1.0,0.1056338028169014,1.0,3.380281690140845,0.48854961832061067,2.693661971830986,0.46788990825688076,1.5316901408450705,0.8055555555555556,0.9507042253521126,0.6923076923076923,0.36971830985915494,0.875,0.0,,0.0,0.0,1.9014084507042253,0.8181818181818182,0.9507042253521126,0.6923076923076923,1.0,90.990990990991,96.3963963963964,73.87387387387388,51.351351351351354,50.45045045045045,12.727272727272727,10.810810810810814,25.68807339449541,11.711711711711711,95.32710280373831,97.2972972972973,4.587155963302755,47.74774774774775,77.47747747747748,72.97297297297298,36.93693693693694,93.69369369369369,82.43243243243244,35.13513513513512,66.36363636363636,17.117117117117118,81.08108108108108,93.69369369369369,62.612612612612615,31.588861588861587,18.249442102653113,53.519407257725014,50.94222663030003,62.612612612612615,54.95495495495496,88.06306306306305,50.74938574938574,17.117117117117118,81.08108108108108
Rongzhu,Men’s Lightweight,6,4.2741768482087386,0.4479166666666667,3.4665562228204596,0.3695364238410596,0.6957962311037482,0.7777777777777778,1.3543176641126526,0.7032258064516129,0.6336715676123421,0.9444444444444444,0.9567198177676538,0.7333333333333333,4.907848415821081,0.4870530209617756,5.4421205218471735,0.4524793388429752,0.1366742596810934,0.6111111111111112,0.22364878856906192,0.6,0.5591219714226547,0.6923076923076923,0.11182439428453096,0.5294117647058824,0.4434589800443459,0.0,0.6957962311037482,0.6746987951807228,0.3354731828535929,0.574468085106383,1.0,92.7927927927928,73.87387387387388,23.423423423423422,64.86486486486487,35.13513513513514,78.63636363636364,14.414414414414416,51.37614678899082,59.45945945945946,85.98130841121495,18.918918918918926,79.35779816513761,85.58558558558559,76.57657657657657,11.711711711711708,42.34234234234234,45.04504504504504,36.03603603603604,85.58558558558559,93.63636363636364,50.45045045045045,81.08108108108108,83.33333333333334,44.14414414414415,56.88574938574939,32.89528060170262,72.72038393533721,49.13835854202827,81.08108108108108,27.027027027027025,40.54054054054054,89.61097461097461,50.45045045045045,81.08108108108108
Sodiq Yusuff,Men’s Lightweight,8,2.828430476886534,0.3760932944606414,2.400877032706011,0.347068145800317,0.7564407089347707,0.696969696969697,1.5128814178695413,0.7582417582417582,1.271697423716426,0.8529411764705882,0.39466471770509776,0.8,3.8918326329252695,0.44597989949748745,3.5410195505207382,0.42002600780234073,0.5371825324319386,0.7424242424242424,0.5042938059565137,0.8070175438596491,0.42755344418052255,0.6610169491525424,0.2631098118033985,0.75,0.45146726862302483,1.0178117048346056,0.9647359766124611,0.704,0.7674036177599123,0.7865168539325843,1.0,58.55855855855856,42.34234234234234,59.45945945945946,73.87387387387388,41.44144144144144,40.0,11.711711711711708,28.440366972477072,88.28828828828829,60.280373831775705,74.77477477477478,63.76146788990826,63.96396396396396,54.054054054054056,45.04504504504505,62.16216216216216,67.56756756756756,48.64864864864865,54.054054054054056,31.818181818181817,52.25225225225225,21.62162162162162,50.45045045045045,66.66666666666667,40.72072072072072,20.07603934209439,74.284331060032,69.26812133234152,59.009009009009006,53.6036036036036,58.10810810810811,42.93611793611794,52.25225225225225,21.62162162162162
Evan Elder,Men’s Lightweight,5,2.5961538461538463,0.34989200863930886,3.108974358974359,0.35208711433756806,2.1474358974358974,0.8023952095808383,1.1217948717948718,0.660377358490566,0.9134615384615384,0.9047619047619048,0.7051282051282052,0.6666666666666666,5.2243589743589745,0.5015384615384615,4.022435897435898,0.38854489164086686,0.22435897435897437,0.7,0.3525641025641026,0.6470588235294118,0.20833333333333334,0.5652173913043478,0.5608974358974359,0.813953488372093,0.56657223796034,0.3246753246753247,0.4326923076923077,0.627906976744186,0.9134615384615384,0.7402597402597403,1.0,52.25225225225225,30.630630630630627,33.333333333333336,72.07207207207207,99.09909909909909,85.45454545454545,27.027027027027025,66.05504587155963,75.67567567567568,75.70093457943925,42.34234234234234,90.82568807339449,89.1891891891892,85.58558558558559,33.333333333333336,78.37837837837839,20.72072072072072,20.27027027027027,36.93693693693694,50.90909090909091,60.810810810810814,53.15315315315315,41.44144144144144,52.70270270270271,92.27682227682227,46.54103644929333,75.68830512755747,66.58401520786842,87.38738738738739,55.855855855855864,20.495495495495497,43.923013923013926,60.810810810810814,53.15315315315315
Kyle Nelson,Men’s Lightweight,8,1.8348990605636617,0.3438202247191011,1.930841495102938,0.29704797047970477,0.9234459324405356,0.7333333333333333,0.9834099540275834,0.8118811881188119,0.8275034979012592,0.8734177215189873,0.8155106935838496,0.8,3.0941435138916646,0.4574468085106383,2.818309014591245,0.3833605220228385,0.3717769338396962,0.6326530612244898,0.3118129122526484,0.7222222222222222,0.11992804317409553,0.625,0.5996402158704777,0.6329113924050633,0.33444816053511706,0.0,0.4917049770137917,0.6307692307692307,0.9114531281231261,0.6608695652173913,1.0,18.91891891891892,27.027027027027028,75.67567567567569,88.2882882882883,47.74774774774775,60.0,39.63963963963965,16.5137614678899,69.36936936936937,69.1588785046729,32.43243243243243,63.76146788990826,39.63963963963964,58.55855855855856,70.27027027027027,81.08108108108108,27.927927927927925,21.62162162162162,38.73873873873874,73.63636363636364,44.14414414414414,81.08108108108108,22.972972972972975,81.98198198198199,53.873873873873876,28.076700553764773,69.26412393702114,48.09695016117034,49.0990990990991,75.67567567567568,24.774774774774773,56.18755118755119,44.14414414414414,81.08108108108108
Richie Miranda,Men’s Lightweight,1,2.7333333333333334,0.37962962962962965,2.8666666666666667,0.5,0.26666666666666666,0.4444444444444444,0.3333333333333333,0.7142857142857143,0.06666666666666667,0.5,1.2666666666666666,0.7307692307692307,1.8666666666666667,0.3076923076923077,3.2666666666666666,0.5,0.4666666666666667,0.5,0.8666666666666667,0.8125,0.7333333333333333,0.7857142857142857,0.3333333333333333,1.0,0.0,1.492537313432836,1.2,0.6428571428571429,1.2,0.8571428571428571,1.0,56.75675675675676,44.14414414414414,43.24324324324324,12.162162162162154,5.405405405405405,1.8181818181818181,91.8918918918919,44.4954128440367,5.8558558558558556,2.803738317757009,8.108108108108105,80.73394495412843,12.612612612612612,7.207207207207207,53.15315315315315,20.270270270270267,77.92792792792793,23.873873873873876,18.918918918918926,7.727272727272736,17.117117117117118,11.711711711711708,50.45045045045045,27.702702702702698,3.611793611793612,68.1936523679643,4.329797086806432,44.42102653111827,9.90990990990991,36.71171171171171,50.9009009009009,13.323095823095832,17.117117117117118,11.711711711711708
Lucas Brennan,Men’s Lightweight,1,0.26666666666666666,0.17391304347826086,1.7333333333333334,0.4406779661016949,0.13333333333333333,0.2,0.2,0.5,0.2,1.0,0.26666666666666666,1.0,0.6,0.2571428571428571,1.8666666666666667,0.4375,0.0,0.0,0.26666666666666666,1.0,0.0,,0.06666666666666667,1.0,0.0,0.0,0.0,0.0,0.3333333333333333,1.0,1.0,1.8018018018018018,2.7027027027027026,80.18018018018019,32.43243243243243,2.7027027027027026,0.9090909090909091,97.2972972972973,95.87155963302752,14.864864864864865,95.32710280373831,82.8828828828829,4.587155963302755,2.7027027027027026,1.8018018018018018,86.4864864864865,53.15315315315315,1.8018018018018018,1.8018018018018018,87.38738738738739,0.9090909090909091,17.117117117117118,81.08108108108108,2.2522522522522523,56.30630630630631,1.805896805896806,96.5844284651624,55.09598383430159,43.73501942309282,2.2522522522522523,69.81981981981983,1.8018018018018018,44.14823914823915,17.117117117117118,81.08108108108108
Dakota Hope,Men’s Lightweight,1,4.133333333333334,0.30845771144278605,2.933333333333333,0.46808510638297873,2.8666666666666667,0.7962962962962963,3.1333333333333333,0.9215686274509803,0.06666666666666667,0.3333333333333333,0.9333333333333333,1.0,4.066666666666666,0.3096446700507614,5.533333333333333,0.6335877862595419,2.933333333333333,0.7719298245614035,1.4666666666666666,0.7857142857142857,0.06666666666666667,0.25,0.0,,0.9433962264150944,0.0,3.0,0.7377049180327869,1.4666666666666666,0.7857142857142857,1.0,90.09009009009009,20.72072072072072,40.09009009009009,19.81981981981982,100.0,84.54545454545455,0.9009009009009009,2.7522935779816526,5.8558558558558556,0.9345794392523363,22.072072072072068,4.587155963302755,71.17117117117117,8.108108108108109,9.009009009008999,1.8018018018018087,97.2972972972973,60.36036036036037,12.612612612612615,33.18181818181819,78.37837837837837,81.08108108108108,55.4054054054054,29.954954954954953,92.27272727272728,1.8265972394412768,3.395217647554096,13.329614017687412,39.63963963963964,5.4054054054054035,78.82882882882883,22.8972153972154,78.37837837837837,81.08108108108108
Damian Rzepecki,Men’s Lightweight,1,0.4,0.13043478260869565,3.066666666666667,0.4946236559139785,0.26666666666666666,0.5,0.5333333333333333,0.5333333333333333,0.4,0.75,1.3333333333333333,0.8695652173913043,1.0,0.25,3.533333333333333,0.4953271028037383,0.06666666666666667,0.5,1.4,0.875,0.0,,0.0,,0.0,0.0,0.06666666666666667,0.5,1.4,0.875,1.0,2.7027027027027026,0.9009009009009009,35.13513513513512,13.513513513513523,5.405405405405405,2.727272727272727,83.33333333333334,90.82568807339449,34.234234234234236,22.429906542056074,6.306306306306304,36.69724770642201,4.504504504504505,0.9009009009009009,45.945945945945944,23.423423423423422,4.954954954954955,7.207207207207207,13.513513513513523,5.454545454545456,17.117117117117118,81.08108108108108,1.8018018018018018,24.324324324324323,4.066339066339066,87.07951070336392,28.332070388145155,21.501777006364158,2.7027027027027026,34.68468468468468,6.081081081081081,9.48402948402949,17.117117117117118,81.08108108108108
Sangwook Kim,Men’s Lightweight,1,2.466666666666667,0.39361702127659576,5.266666666666667,0.5563380281690141,1.9333333333333333,0.7631578947368421,1.2,0.6206896551724138,0.13333333333333333,1.0,0.13333333333333333,1.0,3.3333333333333335,0.46296296296296297,4.2,0.4883720930232558,1.2,0.6923076923076923,1.9333333333333333,0.8055555555555556,0.0,,0.4666666666666667,0.875,0.0,0.0,1.2,0.6923076923076923,2.4,0.8181818181818182,1.0,45.94594594594595,55.85585585585585,4.504504504504503,5.405405405405396,95.4954954954955,71.81818181818181,21.62162162162162,77.06422018348623,10.81081081081081,95.32710280373831,95.4954954954955,4.587155963302755,45.94594594594595,63.96396396396396,30.630630630630627,27.027027027027025,77.92792792792793,43.69369369369369,3.6036036036035957,16.818181818181817,17.117117117117118,81.08108108108108,50.9009009009009,4.95495495495495,83.65683865683866,49.34292090255393,53.06895680727456,50.04132572939913,54.95495495495496,28.828828828828826,60.81081081081081,10.210892710892706,17.117117117117118,81.08108108108108
Artur Minev,Men’s Lightweight,1,0.25477707006369427,0.2857142857142857,2.4203821656050954,0.7037037037037037,0.6369426751592357,1.0,1.1464968152866242,0.8181818181818182,0.12738853503184713,1.0,0.0,,0.3821656050955414,0.42857142857142855,0.3821656050955414,0.3,0.6369426751592357,0.8333333333333334,1.2738853503184715,0.8333333333333334,0.0,,1.910828025477707,0.9375,0.0,0.0,0.6369426751592357,0.8333333333333334,3.1847133757961785,0.8928571428571429,1.0,0.9009009009009009,11.711711711711711,58.55855855855856,0.9009009009009009,29.72972972972973,99.0909090909091,25.225225225225223,13.761467889908253,9.90990990990991,95.32710280373831,99.54954954954955,,1.3513513513513513,45.4954954954955,99.54954954954955,98.1981981981982,41.44144144144144,86.93693693693693,1.8018018018018087,2.727272727272722,17.117117117117118,81.08108108108108,6.306306306306306,29.72972972972973,64.41031941031942,19.49334655756674,52.61850635682411,99.54954954954955,23.423423423423426,98.87387387387388,64.1891891891892,2.2645372645372657,17.117117117117118,81.08108108108108
Milos Janicic,Men’s Lightweight,1,3.7037037037037033,0.2777777777777778,0.7407407407407407,0.14285714285714285,0.7407407407407407,1.0,0.0,,0.0,,2.962962962962963,1.0,4.444444444444444,0.3333333333333333,3.7037037037037033,0.5555555555555556,0.0,0.0,0.0,,0.0,,0.0,0.0,0.0,0.0,0.0,0.0,0.0,0.0,1.0,81.98198198198197,10.81081081081081,96.3963963963964,99.0990990990991,38.73873873873874,99.0909090909091,99.54954954954955,,2.2522522522522523,,0.9009009009009009,4.587155963302755,79.27927927927928,10.81081081081081,40.54054054054053,6.306306306306304,1.8018018018018018,1.8018018018018018,99.0990990990991,99.54545454545455,17.117117117117118,81.08108108108108,46.39639639639639,97.74774774774775,68.91482391482391,99.54954954954955,2.2522522522522523,2.744028432101828,45.04504504504504,23.42342342342342,1.8018018018018018,99.32227682227682,17.117117117117118,81.08108108108108
Gabe Green,Men’s Lightweight,6,2.540354591161683,0.29411764705882354,4.366234453559143,0.46296296296296297,1.714739349034136,0.7941176470588235,1.0637734850489546,0.7790697674418605,1.349563376554644,0.8333333333333334,0.7621063773485048,0.8135593220338984,5.048954749933845,0.43502051983584133,5.858692775866631,0.5168067226890757,0.1746493781423657,0.6111111111111112,0.15877216194760518,0.8333333333333334,0.3810531886742524,0.7272727272727273,0.1746493781423657,0.8461538461538461,0.56657223796034,0.7692307692307693,0.5557025668166181,0.6862745098039216,0.3334215400899709,0.84,1.0,50.45045045045045,15.315315315315313,8.108108108108105,22.52252252252253,92.7927927927928,82.72727272727273,34.23423423423424,21.100917431192663,91.8918918918919,48.598130841121495,35.13513513513512,58.715596330275226,86.48648648648648,47.74774774774775,5.405405405405396,15.31531531531531,35.13513513513514,41.44144144144144,86.4864864864865,10.909090909090908,60.810810810810814,28.828828828828826,32.88288288288288,15.315315315315317,87.76003276003277,27.667575832713453,70.2450113665067,46.925365732705174,67.11711711711712,10.360360360360353,38.288288288288285,48.6977886977887,60.810810810810814,28.828828828828826
Billy Quarantillo,Men’s Lightweight,8,5.010274612366897,0.40525838621940163,5.021483280403512,0.49122807017543857,1.6925088735288623,0.719047619047619,1.255370820100878,0.7417218543046358,0.582850737903979,0.7647058823529411,0.8294414347095087,0.8705882352941177,5.637960022417336,0.4226890756302521,6.00784606762563,0.5280788177339901,1.1544928077713432,0.7923076923076923,0.7509807584532038,0.788235294117647,0.4931813936110592,0.7213114754098361,0.34746870913506445,0.6458333333333334,0.15384615384615385,0.47318611987381703,1.6476742013824024,0.7696335078534031,1.0984494675882683,0.7368421052631579,1.0,96.3963963963964,58.55855855855856,5.405405405405396,14.414414414414416,91.8918918918919,53.63636363636364,19.81981981981982,34.86238532110091,52.25225225225225,24.766355140186917,30.630630630630627,35.77981651376147,93.69369369369369,39.63963963963964,4.504504504504503,12.612612612612615,88.28828828828829,72.07207207207207,24.32432432432433,53.63636363636363,34.234234234234236,45.945945945945944,77.47747747747748,9.909909909909906,72.76412776412778,27.341102570460365,38.50930369621958,33.20522357219605,66.66666666666666,8.558558558558559,80.18018018018017,38.98034398034398,34.234234234234236,45.945945945945944
Mandel Nallo,Men’s Lightweight,1,6.239999999999999,0.4642857142857143,8.639999999999999,0.6666666666666666,0.48,1.0,0.0,,0.96,1.0,0.48,1.0,7.199999999999999,0.5,3.36,0.5,0.48,1.0,0.0,0.0,0.0,,5.76,0.9230769230769231,6.25,10.526315789473685,0.48,1.0,5.76,0.8571428571428571,1.0,99.09909909909909,80.18018018018019,0.9009009009009009,1.8018018018018087,18.01801801801802,99.0909090909091,99.54954954954955,,78.37837837837837,95.32710280373831,62.612612612612615,4.587155963302755,99.09909909909909,83.78378378378379,50.450450450450454,20.270270270270267,26.126126126126124,100.0,0.9009009009009009,7.727272727272736,100.0,0.9009009009009009,89.63963963963964,1.3513513513513549,58.55446355446355,99.54954954954955,86.85274059105834,33.599884287957686,91.44144144144144,35.36036036036036,63.06306306306306,4.314086814086819,100.0,0.9009009009009009
Vinc Pichel,Men’s Lightweight,8,1.787905346187555,0.3044776119402985,2.2261174408413673,0.37853949329359166,1.0517090271691498,0.6741573033707865,0.5696757230499562,0.6770833333333334,1.0780017528483787,0.8424657534246576,0.4732690622261175,0.9,2.979842243645925,0.39859320046893315,2.9009640666082386,0.4338138925294889,0.5346187554776513,0.8133333333333334,0.21910604732690622,0.625,0.40315512708150747,0.696969696969697,0.14899211218229624,0.7083333333333334,0.0,0.0,0.9377738825591587,0.7588652482269503,0.3680981595092025,0.65625,1.0,17.117117117117118,16.216216216216218,66.66666666666667,60.36036036036036,60.36036036036037,32.72727272727273,81.08108108108108,62.38532110091743,83.78378378378379,55.140186915887845,64.86486486486487,23.85321100917431,36.03603603603604,31.53153153153153,67.56756756756758,55.85585585585586,64.86486486486487,67.56756756756756,82.8828828828829,75.45454545454545,17.117117117117118,81.08108108108108,16.666666666666668,63.513513513513516,46.54381654381655,71.73320109099926,69.46198534983581,44.35903793701959,33.78378378378378,61.711711711711715,66.21621621621622,79.16871416871417,17.117117117117118,81.08108108108108
Nikolas Motta,Men’s Lightweight,7,3.441981747066493,0.35772357723577236,3.4615384615384617,0.4078341013824885,0.6649282920469362,0.7727272727272727,1.1929595827900912,0.8243243243243243,0.4106910039113429,0.9130434782608695,1.1147327249022165,0.9047619047619048,3.63754889178618,0.38193018480492813,4.439374185136897,0.47689075630252103,0.2737940026075619,0.4666666666666667,1.0365058670143417,0.7681159420289855,0.60625814863103,0.7380952380952381,0.29335071707953064,0.5769230769230769,2.1645021645021645,1.0169491525423728,0.8800521512385919,0.625,1.3298565840938723,0.7157894736842105,1.0,76.57657657657657,34.234234234234236,24.32432432432433,44.14414414414414,31.53153153153153,77.27272727272727,24.32432432432433,11.009174311926607,35.13513513513514,77.57009345794393,12.612612612612615,21.100917431192663,54.95495495495496,20.72072072072072,22.52252252252253,31.531531531531535,56.75675675675676,18.91891891891892,16.216216216216218,56.36363636363636,92.7927927927928,22.52252252252253,55.4054054054054,34.234234234234236,54.4021294021294,17.66674931812547,56.35261429653953,16.85676502190264,37.83783783783784,27.02702702702703,37.83783783783784,36.289926289926285,92.7927927927928,22.52252252252253
Jamie Mullarkey,Men’s Lightweight,8,2.298256939961265,0.34563106796116505,2.3499031633311813,0.33891992551210426,0.9554551323434474,0.6981132075471698,0.8263395739186572,0.5245901639344263,1.2395093608779857,0.9230769230769231,0.6584893479664299,0.8947368421052632,3.9896707553260167,0.4625748502994012,3.2924467398321497,0.38871951219512196,0.3486120077469335,0.6923076923076923,0.32278889606197547,0.6578947368421053,0.1549386701097482,0.6666666666666666,0.21949644932214332,0.7727272727272727,0.0,1.6835016835016836,0.5035506778566817,0.6842105263157895,0.5422853453841188,0.7,1.0,35.13513513513514,27.927927927927925,61.26126126126126,78.37837837837839,52.25225225225225,40.909090909090914,54.054054054054056,91.74311926605505,87.38738738738738,81.77570093457945,45.945945945945944,25.229357798165132,69.36936936936937,63.06306306306306,52.25225225225225,77.47747747747748,30.630630630630627,39.63963963963964,71.17117117117118,63.18181818181818,17.117117117117118,10.810810810810814,31.53153153153153,69.81981981981983,46.58067158067158,72.89858666005455,84.58154416098341,35.58765187205554,66.21621621621621,64.86486486486487,35.13513513513513,67.17649467649468,17.117117117117118,10.810810810810814
Matt Frevola,Men’s Lightweight,8,2.4220183486238533,0.35013262599469497,2.770642201834862,0.4005305039787798,0.6605504587155964,0.5625,0.9174311926605505,0.7352941176470589,0.3302752293577982,0.782608695652174,0.3669724770642202,0.9090909090909091,1.853211009174312,0.2961876832844575,3.1559633027522938,0.4479166666666667,0.5137614678899083,0.5957446808510638,0.42201834862385323,0.5227272727272727,1.0458715596330275,0.75,0.47706422018348627,0.6666666666666666,3.225806451612903,1.8099547511312217,1.5596330275229358,0.6910569105691057,0.8990825688073395,0.5903614457831325,1.0,42.34234234234234,31.53153153153153,50.450450450450454,50.450450450450454,30.630630630630627,7.2727272727272725,43.69369369369369,38.07339449541284,23.423423423423422,33.64485981308411,78.37837837837839,18.348623853211002,11.711711711711711,4.504504504504505,57.65765765765766,45.945945945945944,86.48648648648648,42.34234234234234,40.54054054054053,92.72727272727272,97.74774774774775,9.009009009008999,36.93693693693694,50.450450450450454,18.95167895167895,40.883544094553265,28.534141618253766,48.36350111579469,8.108108108108109,51.8018018018018,64.41441441441441,66.63390663390663,97.74774774774775,9.009009009008999
Ismael Bonfim,Men’s Lightweight,5,3.2322317790855593,0.4666666666666667,2.145767315527388,0.341991341991342,0.9778180172023541,0.8181818181818182,0.869171570846537,0.5925925925925926,0.8420099592575827,0.8857142857142857,0.6247170665459485,0.7931034482758621,4.454504300588502,0.5324675324675324,2.634676324128565,0.3702290076335878,0.5160706201901313,0.8636363636363636,0.7605251244907199,0.8235294117647058,0.08148483476686284,0.75,0.24445450430058852,0.5,0.5376344086021505,0.746268656716418,0.5975554549569941,0.8461538461538461,1.0049796287913084,0.7115384615384616,1.0,72.07207207207207,81.08108108108108,67.56756756756758,75.67567567567569,53.153153153153156,88.63636363636364,48.64864864864865,84.40366972477064,71.17117117117117,72.89719626168224,49.54954954954955,66.51376146788989,80.18018018018019,92.7927927927928,73.87387387387388,84.68468468468468,36.93693693693694,91.44144144144144,30.630630630630627,58.18181818181818,58.55855855855856,31.531531531531535,76.57657657657657,71.62162162162164,70.8947583947584,66.52615918670965,72.0341837164267,58.03165550871972,86.48648648648648,79.27927927927928,64.1891891891892,44.4062244062244,58.55855855855856,31.531531531531535
Darrius Flowers,Men’s Lightweight,4,1.50354609929078,0.3732394366197183,2.6099290780141846,0.4577114427860697,0.6808510638297872,0.6857142857142857,2.326241134751773,0.7454545454545455,1.0212765957446808,0.7659574468085106,0.5390070921985816,0.7916666666666666,2.723404255319149,0.4752475247524752,4.368794326241135,0.55,0.28368794326241137,0.7692307692307693,0.22695035460992907,0.6153846153846154,0.19858156028368795,0.7777777777777778,0.8794326241134752,0.7380952380952381,0.0,0.0,0.48226950354609927,0.7727272727272727,1.1063829787234043,0.7090909090909091,1.0,10.81081081081081,40.54054054054054,54.95495495495495,27.027027027027025,34.234234234234236,37.27272727272727,2.702702702702702,33.02752293577981,81.08108108108108,26.168224299065418,53.15315315315315,67.88990825688073,27.027027027027028,70.27027027027027,25.225225225225223,8.108108108108105,27.027027027027028,72.97297297297297,23.423423423423422,59.99999999999999,17.117117117117118,81.08108108108108,25.675675675675677,40.99099099099099,35.75348075348076,17.865112819241254,53.62465269007325,60.52153070501694,48.64864864864865,16.666666666666664,50.0,41.71171171171171,17.117117117117118,81.08108108108108
Elves Brener,Men’s Lightweight,6,2.727272727272727,0.375,4.268774703557312,0.4343163538873995,0.9090909090909091,0.6448598130841121,1.198945981554677,0.7647058823529411,1.1198945981554675,0.8415841584158416,0.3952569169960474,0.7692307692307693,4.387351778656126,0.46443514644351463,4.571805006587615,0.44716494845360827,0.14492753623188404,0.6111111111111112,0.7114624505928854,0.84375,0.22397891963109354,0.68,0.5797101449275361,0.6875,0.554016620498615,0.449438202247191,0.3689064558629776,0.6511627906976745,1.2911725955204214,0.765625,1.0,55.85585585585585,41.44144144144144,9.009009009008999,33.333333333333336,46.846846846846844,21.818181818181817,22.52252252252253,24.770642201834868,85.58558558558559,54.20560747663551,73.87387387387388,70.1834862385321,78.37837837837837,64.86486486486487,18.01801801801802,46.846846846846844,15.315315315315313,26.126126126126124,17.11711711711711,41.81818181818181,59.45945945945946,47.747747747747745,48.648648648648646,21.171171171171167,34.33251433251433,23.646582362178698,69.89559653111056,72.02868005620299,71.62162162162161,32.432432432432435,20.72072072072072,29.467649467649462,59.45945945945946,47.747747747747745
Yanal Ashmouz,Men’s Lightweight,4,1.8594594594594596,0.43434343434343436,2.983783783783784,0.4046920821114369,0.518918918918919,0.6666666666666666,1.2756756756756757,0.8428571428571429,0.4972972972972973,0.8214285714285714,0.518918918918919,0.7272727272727273,1.664864864864865,0.39487179487179486,3.9567567567567568,0.47164948453608246,0.7135135135135136,0.8461538461538461,0.5405405405405406,0.6944444444444444,0.4972972972972973,0.8214285714285714,0.2810810810810811,0.65,0.0,0.0,1.2108108108108109,0.835820895522388,0.8216216216216217,0.6785714285714286,1.0,21.62162162162162,68.46846846846847,37.83783783783784,48.64864864864865,18.91891891891892,30.454545454545457,18.918918918918926,8.25688073394496,43.24324324324324,43.925233644859816,55.85585585585586,83.02752293577981,9.00900900900901,26.126126126126124,36.03603603603603,35.13513513513512,79.27927927927928,88.28828828828829,48.64864864864865,70.9090909090909,17.117117117117118,81.08108108108108,45.04504504504504,43.24324324324324,24.686732186732186,13.587899826431943,43.58423844405153,69.44168939581783,17.567567567567565,35.58558558558558,83.78378378378378,59.778869778869776,17.117117117117118,81.08108108108108
Bolaji Oki,Men’s Lightweight,5,4.2092746730083235,0.38311688311688313,3.906064209274673,0.3459715639810427,1.426872770511296,0.6557377049180327,0.8204518430439952,0.6764705882352942,0.535077288941736,0.8333333333333334,0.4280618311533888,0.5714285714285714,5.529131985731272,0.4353932584269663,4.244946492271105,0.3600605143721634,0.44589774078478,0.7352941176470589,0.2853745541022592,0.5925925925925926,0.1961950059453032,0.39285714285714285,0.624256837098692,0.6363636363636364,0.28901734104046245,1.0380622837370241,0.6420927467300832,0.5806451612903226,0.9096313912009512,0.6219512195121951,1.0,91.8918918918919,48.64864864864865,16.216216216216218,74.77477477477478,85.58558558558559,27.27272727272727,57.65765765765766,63.30275229357798,48.64864864864865,48.598130841121495,67.56756756756758,98.62385321100916,92.7927927927928,48.64864864864865,27.927927927927932,90.0900900900901,43.24324324324324,12.612612612612612,39.63963963963965,86.36363636363636,39.63963963963964,19.81981981981982,70.27027027027027,45.495495495495504,56.42915642915643,60.48020497561782,48.623389744885074,83.09571038928837,70.72072072072072,59.00900900900902,27.927927927927925,63.001638001638,39.63963963963964,19.81981981981982
Shem Rock,Men’s Lightweight,2,1.1666666666666667,0.22727272727272727,2.8333333333333335,0.4271356783919598,1.1333333333333333,0.6296296296296297,0.7666666666666667,0.8214285714285714,0.7333333333333333,0.9166666666666666,0.8,0.6666666666666666,2.7666666666666666,0.37727272727272726,3.8,0.4851063829787234,0.23333333333333334,0.7,0.5,0.6818181818181818,0.03333333333333333,0.5,0.1,0.5,0.0,0.0,0.26666666666666666,0.6666666666666666,0.6,0.6428571428571429,1.0,6.306306306306306,4.504504504504505,47.747747747747745,36.03603603603603,66.66666666666666,18.181818181818183,65.76576576576578,11.926605504587151,63.96396396396396,78.50467289719626,33.333333333333336,90.82568807339449,27.927927927927925,18.01801801801802,36.93693693693694,27.927927927927932,10.36036036036036,33.33333333333333,66.66666666666667,81.36363636363636,17.117117117117118,81.08108108108108,5.405405405405405,41.89189189189189,42.42424242424242,38.84618563517647,71.23431843058012,62.07951070336391,22.972972972972972,32.432432432432435,21.846846846846844,74.01515151515152,17.117117117117118,81.08108108108108
Daniel Zellhuber,Men’s Lightweight,7,3.213711837171934,0.2862595419847328,2.849491162292448,0.32598039215686275,1.3711837171933585,0.5765765765765766,1.531869309051955,0.5742971887550201,0.5141938939475094,0.8571428571428571,1.7461167648634173,0.8316326530612245,4.68130690948045,0.3479299363057325,5.848955543652919,0.44462540716612375,0.17139796464916981,0.8888888888888888,0.13926084627745047,0.8666666666666667,0.24638457418318158,0.4423076923076923,0.13926084627745047,0.7222222222222222,0.42016806722689076,0.34965034965034963,0.4177825388323514,0.5571428571428572,0.27852169255490095,0.7878787878787878,1.0,70.27027027027027,12.612612612612612,45.945945945945944,82.8828828828829,83.78378378378379,9.090909090909092,9.909909909909906,88.07339449541284,45.94594594594595,62.616822429906534,2.702702702702702,53.211009174311926,84.68468468468468,12.612612612612612,6.306306306306304,50.450450450450454,19.81981981981982,10.81081081081081,93.6936936936937,30.000000000000004,49.549549549549546,52.25225225225225,41.44144144144144,64.41441441441442,46.43734643734644,48.99165220266137,54.28138418792624,27.956855938507314,48.648648648648646,28.37837837837838,15.315315315315315,61.84684684684685,49.549549549549546,52.25225225225225
Mark Choinski,Men’s Lightweight,1,3.2,0.47058823529411764,4.2,0.5833333333333334,0.4666666666666667,0.7777777777777778,1.0666666666666667,0.8888888888888888,0.2,1.0,2.066666666666667,0.7948717948717948,3.6,0.5094339622641509,6.266666666666667,0.6438356164383562,0.13333333333333333,0.3333333333333333,0.6666666666666666,1.0,0.13333333333333333,1.0,0.4,0.6666666666666666,0.0,0.9090909090909091,0.26666666666666666,0.5,1.0666666666666667,0.8421052631578947,1.0,68.46846846846847,82.88288288288288,10.810810810810814,3.6036036036035957,17.117117117117118,78.63636363636364,33.333333333333336,4.587155963302755,14.864864864864865,95.32710280373831,1.8018018018018087,65.13761467889908,53.153153153153156,88.28828828828829,3.6036036036035957,0.9009009009009009,10.36036036036036,7.207207207207207,26.126126126126117,9.545454545454534,17.117117117117118,26.126126126126117,75.67567567567568,7.207207207207205,47.87674037674038,18.960244648318046,55.09598383430159,33.46970824035045,70.72072072072072,2.2522522522522483,8.783783783783784,17.835790335790325,17.117117117117118,26.126126126126117
Michael Aswell,Men’s Lightweight,1,6.133333333333334,0.34074074074074073,6.133333333333334,0.3786008230452675,1.2666666666666666,0.6551724137931034,2.4,0.75,0.4666666666666667,0.7,0.5333333333333333,0.6666666666666666,7.8,0.3836065573770492,9.0,0.45,0.06666666666666667,0.25,0.06666666666666667,0.3333333333333333,0.0,,0.0,,0.0,0.0,0.06666666666666667,0.25,0.06666666666666667,0.3333333333333333,1.0,98.1981981981982,25.225225225225223,1.8018018018018087,59.45945945945946,74.77477477477478,26.36363636363636,1.8018018018018087,30.73394495412844,41.44144144144144,14.018691588785046,54.054054054054056,90.82568807339449,100.0,21.62162162162162,0.9009009009009009,44.14414414414414,4.954954954954955,4.054054054054054,96.84684684684686,98.18181818181817,17.117117117117118,81.08108108108108,61.711711711711715,30.630630630630634,50.56920556920557,16.267873377965124,27.730066515113243,72.43987106372427,60.81081081081081,22.52252252252252,4.504504504504505,97.51433251433252,17.117117117117118,81.08108108108108
Joe Solecki,Men’s Lightweight,8,1.3156440022111664,0.43272727272727274,1.4483139856274183,0.43234323432343236,0.12161415146489774,0.6470588235294118,0.44223327805417356,0.7407407407407407,0.17689331122166943,0.9411764705882353,0.21006080707573244,0.76,1.2824765063571033,0.4249084249084249,1.238253178551686,0.4163568773234201,0.13266998341625208,0.7058823529411765,0.2542841348811498,0.92,0.1990049751243781,0.9473684210526315,0.6080707573244887,0.625,0.0,0.5263157894736842,0.33167495854063017,0.8333333333333334,0.8623548922056384,0.6902654867256637,1.0,7.207207207207207,66.66666666666666,88.2882882882883,35.13513513513512,1.8018018018018018,22.727272727272727,88.2882882882883,35.77981651376147,12.612612612612612,85.04672897196261,88.2882882882883,72.47706422018348,7.207207207207207,41.44144144144144,93.6936936936937,66.66666666666667,14.414414414414415,86.93693693693693,44.14414414414414,68.18181818181819,17.117117117117118,43.24324324324324,36.93693693693693,61.711711711711715,12.264537264537264,62.03405240102488,48.82967079228761,80.38267625423589,24.324324324324323,80.18018018018019,50.67567567567567,56.16298116298117,17.117117117117118,43.24324324324324
Michael Chandler,Men’s Lightweight,8,2.563482466747279,0.4353182751540041,3.422007255139057,0.5431861804222649,0.8827085852478839,0.7019230769230769,0.4232164449818621,0.6140350877192983,0.39903264812575573,0.8461538461538461,0.9068923821039903,0.8620689655172413,2.841596130592503,0.45454545454545453,3.615477629987908,0.551660516605166,0.07255139056831922,1.0,0.21765417170495768,0.8181818181818182,0.9310761789600968,0.719626168224299,0.9189842805320435,0.7524752475247525,0.6289308176100629,1.272264631043257,1.003627569528416,0.7345132743362832,1.1366384522370012,0.7642276422764228,1.0,51.35135135135135,70.27027027027027,27.027027027027025,6.306306306306304,45.04504504504504,43.63636363636363,90.0900900900901,77.98165137614679,33.33333333333333,57.009345794392516,27.927927927927932,39.44954128440367,31.53153153153153,55.4054054054054,43.24324324324324,7.207207207207212,69.36936936936937,57.65765765765766,22.52252252252253,43.63636363636363,65.76576576576578,14.414414414414416,60.81081081081081,16.666666666666664,44.340704340704335,84.03587073311844,45.17133956386292,33.6887346061658,43.468468468468465,25.225225225225227,63.513513513513516,33.07944307944308,65.76576576576578,14.414414414414416
Trey Ogden,Men’s Lightweight,7,1.599095461153287,0.3634361233480176,1.3955742206428687,0.2920892494929006,0.6008722338879018,0.7654320987654321,0.7753190114682603,0.5063291139240507,0.9982232272653851,0.8373983739837398,1.3180423194960427,0.85,2.926829268292683,0.48242811501597443,2.9365207559360362,0.41506849315068495,0.1744467775803586,0.8181818181818182,0.03876595057341302,0.6666666666666666,0.09691487643353254,1.0,0.5136488450977225,0.7066666666666667,0.0,0.0,0.2713616540138911,0.875,0.5524147956711355,0.7037037037037037,1.0,12.612612612612612,36.93693693693694,89.1891891891892,90.0900900900901,25.225225225225223,74.54545454545455,64.86486486486487,93.57798165137613,79.27927927927928,52.336448598130836,7.207207207207212,45.87155963302752,35.13513513513514,74.77477477477478,63.96396396396396,67.56756756756758,11.711711711711711,95.04504504504504,70.27027027027027,60.90909090909091,17.117117117117118,81.08108108108108,24.774774774774777,89.63963963963965,49.88533988533989,79.2214232581205,65.80786393870505,26.539383420117368,54.95495495495496,65.76576576576576,53.37837837837838,65.5896805896806,17.117117117117118,81.08108108108108
Mitch Ramirez,Men’s Lightweight,3,1.4329738058551618,0.26495726495726496,1.8952234206471494,0.5,0.600924499229584,0.7647058823529411,0.8320493066255779,0.75,1.1093990755007705,0.9230769230769231,0.7395993836671803,0.9411764705882353,2.773497688751926,0.3973509933774834,2.958397534668721,0.5765765765765766,0.3697996918335901,0.8888888888888888,0.09244992295839753,1.0,0.0,,0.41602465331278893,0.9,0.0,2.6666666666666665,0.3697996918335901,0.8888888888888888,0.5084745762711864,0.9166666666666666,1.0,9.00900900900901,9.90990990990991,76.57657657657658,12.162162162162154,26.126126126126124,73.63636363636363,53.15315315315315,30.73394495412844,84.68468468468468,81.77570093457945,38.73873873873874,11.926605504587151,29.72972972972973,28.82882882882883,63.06306306306306,4.504504504504503,16.216216216216218,97.2972972972973,73.87387387387388,1.8181818181818157,17.117117117117118,5.405405405405396,9.45945945945946,44.369369369369366,49.881244881244875,41.943549053640794,83.23019280963206,25.332672121662945,29.27927927927928,33.78378378378378,56.75675675675676,37.846027846027845,17.117117117117118,5.405405405405396
Guram Kutateladze,Men’s Lightweight,5,1.62383443256766,0.30512820512820515,2.8655901751193995,0.37433155080213903,1.2417557425517398,0.7109375,0.8323857175346827,0.8026315789473685,0.6686377075278599,0.8596491228070176,0.5185353650216057,0.8085106382978723,2.606322492608597,0.38979591836734695,3.4387082101432798,0.4221105527638191,0.7505117125312714,0.859375,0.34114168751421425,0.7352941176470589,0.1773936775073914,0.6190476190476191,0.4366613600181942,0.6037735849056604,0.3861003861003861,1.2944983818770226,0.9279053900386628,0.8,0.7778030475324085,0.6551724137931034,1.0,14.414414414414415,17.117117117117118,44.14414414414414,63.06306306306306,73.87387387387388,47.27272727272727,52.25225225225225,17.431192660550458,62.16216216216216,64.48598130841121,56.75675675675676,60.55045871559633,24.324324324324326,25.225225225225223,48.64864864864865,61.26126126126126,63.06306306306306,76.57657657657657,51.351351351351354,76.36363636363636,47.74774774774775,13.513513513513523,15.765765765765767,53.6036036036036,60.57330057330057,34.84172245640136,63.32407173528669,58.65360773617654,24.774774774774777,54.95495495495496,69.81981981981981,63.85749385749386,47.74774774774775,13.513513513513523
Maheshate,Men’s Lightweight,6,2.7015250544662313,0.2547945205479452,4.095860566448802,0.3955119214586255,0.8278867102396514,0.5089285714285714,1.0312273057371097,0.6826923076923077,0.5809731299927379,0.8163265306122449,1.4379084967320264,0.908256880733945,3.8489469862018884,0.31030444964871196,5.679012345679013,0.47451456310679613,0.2469135802469136,0.4722222222222222,0.47930283224400877,0.6226415094339622,0.014524328249818447,1.0,0.4066811909949165,0.5714285714285714,0.7067137809187279,1.1061946902654867,0.26143790849673204,0.4864864864864865,0.8859840232389252,0.5980392156862745,1.0,54.95495495495496,7.207207207207207,12.612612612612615,54.054054054054056,43.24324324324324,3.6363636363636362,36.93693693693694,59.63302752293578,51.35135135135135,42.05607476635514,4.504504504504503,19.26605504587156,63.06306306306306,9.00900900900901,8.108108108108105,33.333333333333336,9.00900900900901,5.405405405405405,41.44144144144144,90.0,68.46846846846847,18.918918918918926,31.08108108108108,33.333333333333336,23.439803439803438,48.28498222993636,46.70371305885324,11.885279775188032,36.03603603603604,20.72072072072072,7.207207207207207,65.72072072072072,68.46846846846847,18.918918918918926
Damon Jackson,Men’s Lightweight,8,1.884057971014493,0.3561643835616438,2.2342995169082127,0.40748898678414097,1.038647342995169,0.6935483870967742,1.0990338164251208,0.8348623853211009,0.3140096618357488,0.9629629629629629,0.2777777777777778,0.8846153846153846,2.2342995169082127,0.3969957081545064,2.0169082125603865,0.3976190476190476,0.7246376811594203,0.7407407407407407,0.9661835748792271,0.7843137254901961,0.2777777777777778,0.5476190476190477,0.6280193236714976,0.7761194029850746,0.0,0.6688963210702341,1.002415458937198,0.6747967479674797,1.5942028985507246,0.7810650887573964,1.0,23.423423423423422,33.33333333333333,65.76576576576578,45.04504504504505,58.55855855855856,38.18181818181819,29.729729729729733,9.174311926605505,21.62162162162162,88.78504672897196,81.98198198198199,28.440366972477072,21.62162162162162,27.927927927927925,85.58558558558559,76.57657657657658,68.46846846846847,36.93693693693694,8.108108108108105,37.27272727272727,17.117117117117118,34.23423423423424,28.378378378378375,55.40540540540542,48.37018837018837,19.45202082816762,55.20333417529679,55.211174477229534,24.774774774774773,81.0810810810811,52.70270270270271,22.69041769041769,17.117117117117118,34.23423423423424
Viacheslav Borshchev,Men’s Lightweight,8,2.906045156591406,0.3537234042553192,3.4195193008011655,0.35853379152348225,1.4202476329206117,0.8074534161490683,0.797523670793882,0.6403508771929824,1.3765477057538238,0.9197080291970803,0.721048798252003,0.7333333333333333,5.386016023306628,0.49547738693467336,3.4632192279679535,0.36478711162255467,0.19664967225054625,0.6,0.17479970866715222,0.4444444444444444,0.12017479970866715,0.44,1.3000728332119447,0.6918604651162791,0.5747126436781609,0.4424778761061947,0.3168244719592134,0.5272727272727272,1.4748725418790969,0.6490384615384616,1.0,62.16216216216216,32.432432432432435,27.927927927927932,69.36936936936938,84.68468468468468,86.36363636363636,61.26126126126126,69.72477064220182,94.5945945945946,79.43925233644859,41.44144144144144,79.35779816513761,91.8918918918919,80.18018018018019,47.747747747747745,86.4864864864865,13.513513513513514,9.90990990990991,11.711711711711708,80.0,63.06306306306306,48.64864864864865,47.2972972972973,48.64864864864866,85.52416052416052,65.49301595173154,87.01692346552159,60.399619803289525,86.03603603603605,67.11711711711712,11.711711711711711,45.85585585585585,63.06306306306306,48.64864864864865
Jordan Vucenic,Men’s Lightweight,2,1.518987341772152,0.3870967741935484,0.9282700421940928,0.27848101265822783,0.4641350210970464,0.8461538461538461,0.759493670886076,0.8571428571428571,0.12658227848101267,0.6,0.2109704641350211,0.625,1.518987341772152,0.3870967741935484,0.9704641350210971,0.2875,0.379746835443038,0.8181818181818182,0.5063291139240507,0.9230769230769231,0.2109704641350211,0.7142857142857143,0.4219409282700422,0.6666666666666666,2.0,2.2222222222222223,0.5907172995780591,0.7777777777777778,0.9282700421940928,0.7857142857142857,1.0,11.711711711711711,52.25225225225225,94.5945945945946,92.7927927927928,16.216216216216218,94.54545454545455,66.66666666666667,6.422018348623857,9.00900900900901,6.074766355140187,87.38738738738739,96.3302752293578,8.108108108108109,22.52252252252252,98.1981981981982,99.0990990990991,36.03603603603604,73.87387387387388,36.03603603603603,33.18181818181819,90.990990990991,6.756756756756751,31.98198198198198,93.69369369369369,55.38083538083538,36.54434250764526,7.541887682074599,91.8588313083726,15.315315315315315,98.64864864864865,54.95495495495496,34.608927108927105,90.990990990991,6.756756756756751
Rolando Bedoya,Men’s Lightweight,4,3.3333333333333335,0.3824091778202677,3.35,0.3799621928166352,1.0,0.5882352941176471,1.3166666666666667,0.7314814814814815,1.9,0.7261146496815286,0.8333333333333334,0.8064516129032258,5.683333333333334,0.46584699453551914,5.216666666666667,0.46646795827123694,0.55,0.673469387755102,0.26666666666666666,0.64,0.0,0.0,0.016666666666666666,0.3333333333333333,0.0,0.6060606060606061,0.55,0.66,0.2833333333333333,0.6071428571428571,1.0,75.67567567567568,47.74774774774775,28.828828828828826,57.65765765765766,54.054054054054056,10.454545454545453,15.31531531531531,41.284403669724774,98.1981981981982,19.626168224299064,29.729729729729733,62.38532110091743,94.5945945945946,65.76576576576578,14.414414414414416,38.73873873873874,34.234234234234236,31.53153153153153,92.7927927927928,89.0909090909091,17.117117117117118,39.63963963963965,61.711711711711715,43.24324324324324,32.25429975429975,28.299859492520042,58.91218321124863,46.05752541532358,80.18018018018019,26.576576576576578,32.88288288288288,90.94185094185094,17.117117117117118,39.63963963963965
Anshul Jubli,Men’s Lightweight,3,4.489795918367347,0.5129533678756477,3.582766439909297,0.4647058823529412,1.2698412698412698,0.717948717948718,0.6802721088435374,0.8333333333333334,0.6349206349206349,1.0,0.8163265306122449,0.8571428571428571,4.671201814058957,0.5255102040816326,4.716553287981859,0.52,0.27210884353741494,0.46153846153846156,0.18140589569160998,0.8,1.4512471655328798,0.8648648648648649,0.18140589569160998,1.0,0.0,1.7857142857142858,1.7233560090702946,0.76,0.36281179138321995,0.8888888888888888,1.0,94.5945945945946,94.5945945945946,20.720720720720713,20.720720720720713,75.67567567567568,51.81818181818182,75.67567567567569,10.091743119266063,60.36036036036037,95.32710280373831,31.531531531531535,43.57798165137615,83.78378378378379,90.09009009009009,16.216216216216218,13.513513513513523,91.8918918918919,68.46846846846847,83.78378378378379,3.6363636363636287,17.117117117117118,9.909909909909906,94.5945945945946,20.720720720720713,63.746928746928745,42.88370939747088,77.84373158204934,37.55475659145384,86.93693693693695,14.86486486486487,80.18018018018019,43.71007371007371,17.117117117117118,9.909909909909906
Lando Vannata,Men’s Lightweight,8,1.9588601622947728,0.3657505285412262,2.5476505000943575,0.36764705882352944,1.1322891111530478,0.6944444444444444,0.7926023778071335,0.5882352941176471,1.0303830911492735,0.7777777777777778,0.7359879222494811,0.8333333333333334,3.600679373466692,0.48328267477203646,3.193055293451595,0.4116788321167883,0.260426495565201,0.7419354838709677,0.3170409511228534,0.9333333333333333,0.260426495565201,0.5111111111111111,0.5661445555765239,0.5319148936170213,0.0,0.5555555555555556,0.520852991130402,0.6052631578947368,0.8831855066993772,0.6290322580645161,1.0,28.82882882882883,38.73873873873874,56.75675675675676,65.76576576576578,65.76576576576578,39.09090909090909,62.16216216216216,85.32110091743118,81.98198198198197,30.373831775700932,40.54054054054053,51.8348623853211,54.054054054054056,75.67567567567568,55.85585585585586,69.36936936936938,31.53153153153153,15.315315315315313,42.34234234234234,85.45454545454545,17.117117117117118,41.44144144144144,33.78378378378378,61.26126126126127,52.428337428337436,73.74163153979667,56.177906878841455,46.18770146293082,64.86486486486487,62.61261261261262,23.423423423423422,63.8984438984439,17.117117117117118,41.44144144144144
Jeremy Stephens,Men’s Lightweight,8,1.8630573248407645,0.3087071240105541,4.076433121019108,0.4082934609250399,0.6210191082802548,0.7358490566037735,1.0987261146496816,0.7040816326530612,0.9394904458598726,0.8428571428571429,1.0031847133757963,0.8873239436619719,2.8184713375796178,0.39775280898876403,4.3949044585987265,0.4416,0.2070063694267516,0.5416666666666666,0.2229299363057325,0.6086956521739131,0.3980891719745223,0.7575757575757576,1.5605095541401275,0.6621621621621622,0.0,0.5154639175257731,0.6050955414012739,0.6666666666666666,1.78343949044586,0.6549707602339181,1.0,22.52252252252252,21.62162162162162,13.513513513513523,43.24324324324324,27.927927927927925,63.63636363636363,30.630630630630627,50.45871559633028,77.47747747747748,56.074766355140184,14.414414414414416,26.60550458715597,30.630630630630627,30.630630630630627,24.32432432432433,52.25225225225225,38.73873873873874,33.33333333333333,6.306306306306304,77.27272727272727,17.117117117117118,44.14414414414414,22.07207207207207,28.378378378378383,45.782145782145776,40.54467311348046,66.77612191630882,20.509959500785193,30.630630630630627,38.288288288288285,36.03603603603604,41.78951678951678,17.117117117117118,44.14414414414414
Kyle Prepolec,Men’s Lightweight,5,1.8306351183063512,0.259946949602122,3.829389788293898,0.45154185022026433,0.7471980074719801,0.6153846153846154,1.3823163138231631,0.7115384615384616,0.42963885429638854,0.6216216216216216,1.3823163138231631,0.8809523809523809,2.895392278953923,0.32908704883227174,4.4458281444582815,0.47695390781563124,0.09339975093399751,0.7142857142857143,0.523038605230386,0.875,0.018679950186799504,1.0,1.6251556662515567,0.7837837837837838,0.0,0.0,0.11207970112079702,0.75,2.148194271481943,0.8041958041958042,1.0,18.01801801801802,9.00900900900901,18.01801801801802,28.828828828828826,39.63963963963964,14.545454545454545,13.513513513513523,46.788990825688074,37.83783783783784,8.411214953271028,5.405405405405396,30.73394495412844,34.234234234234236,9.90990990990991,20.720720720720713,30.630630630630627,6.306306306306306,62.16216216216216,4.504504504504503,22.727272727272723,17.117117117117118,81.08108108108108,13.513513513513514,23.423423423423422,27.092547092547093,30.1512521696008,23.124526395554433,18.069675179766918,22.072072072072075,25.67567567567567,34.234234234234236,13.615888615888613,17.117117117117118,81.08108108108108
Ottman Azaitar,Men’s Lightweight,5,2.882562277580071,0.391304347826087,3.0427046263345194,0.4596774193548387,1.281138790035587,0.631578947368421,0.6405693950177935,0.5,0.2669039145907473,0.5,0.4270462633451957,0.5714285714285714,3.096085409252669,0.38926174496644295,2.3487544483985765,0.3697478991596639,0.9074733096085409,0.6071428571428571,0.48042704626334515,0.75,0.4270462633451957,0.8888888888888888,1.281138790035587,0.7741935483870968,1.2048192771084338,3.896103896103896,1.3345195729537367,0.6756756756756757,1.7615658362989324,0.7674418604651163,1.0,61.261261261261254,54.054054054054056,36.03603603603603,25.225225225225223,77.47747747747748,19.090909090909093,77.47747747747748,95.87155963302752,20.72072072072072,2.803738317757009,68.46846846846847,98.62385321100916,40.54054054054054,24.324324324324326,80.18018018018019,85.58558558558559,81.98198198198197,37.83783783783784,7.207207207207212,40.90909090909091,85.58558558558559,1.8018018018018087,57.65765765765765,30.630630630630627,48.284193284193286,86.67451855525249,11.762229519238865,83.54616083973882,32.432432432432435,82.88288288288288,59.909909909909906,24.05814905814906,85.58558558558559,1.8018018018018087
Damir Hadzovic,Men’s Lightweight,8,2.688679245283019,0.4418604651162791,2.6297169811320757,0.33839150227617604,0.5424528301886793,0.6666666666666666,0.6839622641509434,0.6236559139784946,0.3537735849056604,1.0,0.37735849056603776,0.9696969696969697,2.7712264150943398,0.45454545454545453,2.5117924528301887,0.3251908396946565,0.4009433962264151,0.7555555555555555,0.27122641509433965,0.7419354838709677,0.41273584905660377,0.660377358490566,0.9080188679245284,0.7777777777777778,0.32894736842105265,0.0,0.8136792452830189,0.7040816326530612,1.179245283018868,0.7692307692307693,1.0,54.054054054054056,72.07207207207207,54.054054054054056,79.2792792792793,21.62162162162162,30.454545454545457,73.87387387387388,75.22935779816513,26.126126126126124,95.32710280373831,77.47747747747748,10.091743119266063,28.82882882882883,55.4054054054054,77.47747747747748,95.4954954954955,52.25225225225225,49.549549549549546,19.81981981981982,39.99999999999999,43.24324324324324,81.08108108108108,63.06306306306307,66.66666666666667,26.03808353808354,74.5516158360195,60.72661446493222,43.784610298371774,42.11711711711712,86.48648648648648,50.90090090090089,29.909909909909906,43.24324324324324,81.08108108108108
Clay Guida,Men’s Lightweight,8,1.9420783645655877,0.2292225201072386,4.179443498012493,0.454320987654321,0.7495741056218058,0.6407766990291263,0.6814310051107325,0.6122448979591837,0.9312890403180012,0.9318181818181818,0.3293583191368541,0.90625,2.9982964224872233,0.30068337129840544,4.21351504826803,0.4469879518072289,0.4202157864849517,0.9024390243902439,0.7268597387847814,0.810126582278481,0.20442930153321978,1.0,0.2498580352072686,0.7096774193548387,0.0,0.2188183807439825,0.6246450880181715,0.9322033898305084,0.97671777399205,0.7818181818181819,1.0,27.927927927927925,5.405405405405405,11.711711711711708,27.927927927927932,40.54054054054054,20.909090909090907,74.77477477477478,78.89908256880733,76.57657657657657,83.64485981308411,80.18018018018019,20.183486238532105,37.83783783783784,6.306306306306306,29.729729729729733,47.747747747747745,40.54054054054054,99.09909909909909,32.43243243243243,35.45454545454545,17.117117117117118,59.45945945945946,16.666666666666664,19.81981981981982,30.724815724815723,76.83692867179106,80.11071819483034,50.18183320935614,22.07207207207207,38.73873873873874,69.81981981981981,33.943488943488944,17.117117117117118,59.45945945945946
Trevor Peek,Men’s Lightweight,5,2.400615542446781,0.41379310344827586,2.000512952038984,0.44982698961937717,1.092587843036676,0.7319587628865979,0.8155937419851244,0.6973684210526315,0.5847653244421647,1.0,0.523211079764042,0.8717948717948718,3.185432162092844,0.47586206896551725,2.277507053090536,0.4668769716088328,0.6770966914593486,0.7333333333333333,0.8155937419851244,0.828125,0.21543985637342908,0.8235294117647058,0.24621697871249038,0.6956521739130435,0.7547169811320755,0.0,0.8925365478327776,0.7532467532467533,1.0618107206976148,0.7931034482758621,1.0,38.73873873873874,63.06306306306306,74.77477477477478,30.630630630630627,61.261261261261254,58.18181818181818,58.55855855855856,53.211009174311926,53.153153153153156,95.32710280373831,54.95495495495495,34.403669724770644,43.24324324324324,72.07207207207207,81.98198198198199,37.83783783783784,57.65765765765766,63.96396396396396,28.828828828828826,27.727272727272723,72.07207207207207,81.08108108108108,50.9009009009009,52.70270270270271,59.72153972153971,55.88478386643524,74.24012797844574,44.6793123398628,57.65765765765766,59.90990990990991,60.81081081081081,28.278050778050776,72.07207207207207,81.08108108108108
Austin Hubbard,Men’s Lightweight,8,2.3054187192118225,0.29213483146067415,2.8177339901477834,0.35974842767295595,1.29064039408867,0.6517412935323383,0.9852216748768473,0.6711409395973155,0.6206896551724138,0.8513513513513513,1.1428571428571428,0.8405797101449275,3.6945812807881775,0.37917087967644086,4.482758620689655,0.4452054794520548,0.3054187192118227,0.5740740740740741,0.3448275862068966,0.7777777777777778,0.21674876847290642,0.6666666666666666,0.11822660098522167,0.8,0.0,0.0,0.5221674876847291,0.6091954022988506,0.4630541871921182,0.7833333333333333,1.0,36.03603603603604,14.414414414414415,49.54954954954955,68.46846846846847,78.37837837837837,24.545454545454547,38.73873873873874,65.13761467889908,57.65765765765766,58.87850467289719,9.909909909909906,50.45871559633028,56.75675675675676,18.91891891891892,19.81981981981982,49.54954954954955,32.432432432432435,17.117117117117118,78.37837837837839,34.54545454545453,17.117117117117118,81.08108108108108,25.225225225225227,59.00900900900901,51.46191646191646,51.938176708818915,58.26808116527742,30.184312753120093,37.83783783783784,34.68468468468468,24.774774774774777,56.46191646191646,17.117117117117118,81.08108108108108
Roosevelt Roberts,Men’s Lightweight,8,1.7737961926091823,0.31654676258992803,1.5319148936170213,0.3275862068965517,0.36282194848824184,0.6585365853658537,1.0615901455767076,0.6869565217391305,0.322508398656215,0.8,0.9137737961926091,0.8192771084337349,2.0828667413213884,0.3436807095343681,2.4322508398656213,0.4132420091324201,0.17469204927211646,0.6190476190476191,0.45688689809630456,0.7906976744186046,0.20156774916013437,0.9375,0.618141097424412,0.7076923076923077,0.0,0.7662835249042146,0.3762597984322508,0.7567567567567568,1.0750279955207167,0.7407407407407407,1.0,16.216216216216218,22.52252252252252,85.58558558558559,81.98198198198199,11.711711711711711,28.18181818181818,35.13513513513512,58.715596330275226,22.52252252252252,38.78504672897196,26.126126126126117,56.88073394495412,18.91891891891892,11.711711711711711,78.37837837837839,68.46846846846847,17.117117117117118,66.21621621621621,25.225225225225223,50.0,17.117117117117118,29.729729729729733,19.36936936936937,83.78378378378379,19.946764946764944,46.925365732705174,30.653784625747242,41.50343003554012,15.315315315315315,73.42342342342343,41.666666666666664,37.61261261261261,17.117117117117118,29.729729729729733
James Llontop,Men’s Lightweight,3,2.1997105643994215,0.2261904761904762,3.1259044862518093,0.37630662020905925,1.9681620839363243,0.6181818181818182,1.0709117221418236,0.7551020408163265,1.6787264833574531,0.7341772151898734,0.8683068017366137,0.9375,5.354558610709118,0.37074148296593185,4.573082489146166,0.4553314121037464,0.46309696092619396,0.64,0.23154848046309698,0.8888888888888888,0.028943560057887122,1.0,0.2604920405209841,0.75,0.0,0.5714285714285714,0.4920405209840811,0.6538461538461539,0.4920405209840811,0.8095238095238095,1.0,34.234234234234236,3.6036036036036037,31.531531531531535,62.16216216216216,97.2972972972973,16.363636363636363,32.43243243243243,29.357798165137616,97.2972972972973,21.49532710280374,28.828828828828826,12.844036697247695,90.990990990991,15.315315315315313,17.11711711711711,40.54054054054053,28.82882882882883,28.37837837837838,77.47747747747748,20.000000000000004,17.117117117117118,40.54054054054053,18.91891891891892,46.846846846846844,56.83046683046683,30.895115298785022,59.396312200050524,20.83643276303826,53.153153153153156,28.828828828828822,28.603603603603602,48.73873873873874,17.117117117117118,40.54054054054053
Kurt Holobaugh,Men’s Lightweight,8,3.25431900361591,0.371900826446281,3.5315387705905987,0.4688,1.1450381679389312,0.7142857142857143,0.8075532342306146,0.7701149425287356,0.6026516673362796,0.7936507936507936,0.39775010044194453,0.8461538461538461,4.122137404580153,0.4170731707317073,3.25431900361591,0.45302013422818793,0.71112896745681,0.6941176470588235,0.6870229007633588,0.8142857142857143,0.16874246685415828,0.8235294117647058,0.7955002008838891,0.7764705882352941,0.24096385542168675,0.2544529262086514,0.8798714343109683,0.7156862745098039,1.4825231016472478,0.7935483870967742,1.0,73.87387387387388,39.63963963963964,21.62162162162162,18.918918918918926,67.56756756756756,48.18181818181818,60.36036036036036,22.935779816513765,56.75675675675676,36.44859813084112,72.97297297297298,49.08256880733945,73.87387387387388,34.234234234234236,54.054054054054056,41.44144144144144,55.85585585585585,53.153153153153156,10.810810810810814,26.363636363636363,38.73873873873874,55.85585585585586,56.75675675675676,20.270270270270274,57.87469287469287,41.648070088437066,46.60267744379894,61.02777089015622,54.054054054054056,47.74774774774775,54.5045045045045,18.58722358722359,38.73873873873874,55.85585585585586
Dricus Du Plessis,Men’s Middleweight,8,3.133475288580074,0.3942470389170897,3.1133027008853524,0.40017286084701814,0.8943180544659868,0.7732558139534884,0.8203518995853413,0.7052023121387283,0.9615600134483918,0.7988826815642458,0.3025888154208226,0.9183673469387755,4.202622436400314,0.4565376186997809,3.9067578168777315,0.4401515151515151,0.3429339908102656,0.6986301369863014,0.09413874257536703,0.875,0.44379692928387315,0.7252747252747253,0.23534685643841757,0.813953488372093,0.2695417789757412,0.0,0.7867309200941387,0.7134146341463414,0.3294855990137846,0.8305084745762712,1.0,72.09302325581395,38.82352941176471,24.418604651162788,55.81395348837209,67.44186046511628,71.76470588235294,39.53488372093023,60.46511627906977,84.88372093023256,24.050632911392405,76.74418604651164,36.58536585365853,80.23255813953489,54.65116279069767,23.255813953488364,62.7906976744186,58.139534883720934,45.1219512195122,76.74418604651164,13.25301204819278,41.17647058823529,83.72093023255815,55.45827633378933,40.116279069767444,69.60328317373461,50.0,54.46717692081248,56.66477595008509,67.44186046511628,43.02325581395348,51.63074305161656,44.998599047352215,41.17647058823529,83.72093023255815
Brendan Allen,Men’s Middleweight,8,2.6271303865872246,0.4482269503546099,3.1758348344187337,0.48662420382165605,0.5902729666066232,0.7553191489361702,0.3990577802410974,0.7619047619047619,0.44062629901621175,0.9636363636363636,0.12470555632534294,0.7894736842105263,2.8682277954828876,0.4825174825174825,3.1841485381737566,0.489769820971867,0.28266592767077736,0.6415094339622641,0.1995288901205487,0.7272727272727273,0.5071359290563946,0.7093023255813954,0.3159207426908688,0.7307692307692307,0.22727272727272727,0.0,0.789801856727172,0.6834532374100719,0.5154496328114175,0.7294117647058823,1.0,61.627906976744185,65.88235294117646,20.93023255813953,19.76744186046512,37.2093023255814,65.88235294117646,84.88372093023257,36.04651162790697,48.837209302325576,87.34177215189874,93.0232558139535,78.04878048780488,51.162790697674424,67.44186046511628,44.18604651162791,32.558139534883715,59.30232558139535,30.48780487804878,59.302325581395344,51.807228915662655,35.294117647058826,83.72093023255815,63.755129958960325,20.348837209302324,51.545827633378934,60.465116279069775,68.08949072711215,85.53601815087919,59.30232558139535,38.372093023255815,44.895065229722064,55.554777248529,35.294117647058826,83.72093023255815
Sean Strickland,Men’s Middleweight,8,5.01407357080462,0.4105865522174535,2.0382412889449673,0.2775574940523394,1.1880034941279238,0.6394984326018809,1.7703581481122004,0.7290167865707434,0.29700087353198096,0.8225806451612904,1.1938270406677667,0.7915057915057915,6.190429971852859,0.4423637120266334,4.856837814228865,0.4380252100840336,0.13976511695622634,0.75,0.1455886634960691,0.78125,0.16888284965544015,0.6744186046511628,0.0,0.0,0.26881720430107525,0.0,0.3086479666116665,0.7066666666666667,0.1455886634960691,0.7575757575757576,1.0,95.34883720930233,50.588235294117645,59.302325581395344,94.18604651162791,81.3953488372093,27.058823529411764,8.139534883720936,54.651162790697676,34.883720930232556,34.177215189873415,6.976744186046512,76.82926829268293,94.18604651162791,48.837209302325576,12.790697674418604,65.11627906976744,24.418604651162788,42.68292682926829,89.53488372093024,37.349397590361455,40.0,83.72093023255815,72.96853625170999,76.74418604651163,54.22708618331053,31.395348837209305,34.53046806005298,41.90300623936472,71.51162790697674,38.95348837209303,33.55076574021554,63.442140655645844,40.0,83.72093023255815
Nassourdine Imavov,Men’s Middleweight,8,2.804637395165269,0.46905940594059403,2.1386285150468676,0.3239910313901345,0.8658115441539221,0.73125,0.7030093734583128,0.6168831168831169,0.6068080907745437,0.8541666666666666,0.6660088801184016,0.7317073170731707,3.3374444992599903,0.4994462901439646,3.256043413912186,0.3932082216264522,0.5106068080907745,0.8518518518518519,0.2220029600394672,0.6521739130434783,0.4292057227429699,0.725,0.02960039467192896,1.0,0.3460207612456747,0.0,0.9398125308337445,0.7888198757763976,0.25160335471139617,0.68,1.0,63.95348837209303,76.47058823529412,56.97674418604651,84.88372093023257,65.11627906976744,52.94117647058824,48.837209302325576,82.55813953488372,63.95348837209303,51.89873417721519,33.72093023255814,89.02439024390245,62.7906976744186,70.93023255813954,40.697674418604656,81.39534883720931,67.44186046511628,76.82926829268293,83.72093023255815,69.87951807228914,49.411764705882355,83.72093023255815,70.21203830369357,70.93023255813954,59.02872777017784,65.69767441860465,57.926111274654104,61.372660238230296,66.86046511627907,61.04651162790698,72.1355643788996,76.80022415242365,49.411764705882355,83.72093023255815
Khamzat Chimaev,Men’s Middleweight,8,2.4738805970149254,0.46331236897274636,2.7313432835820897,0.4468864468864469,0.6380597014925373,0.5533980582524272,0.3917910447761194,0.7291666666666666,0.3917910447761194,0.9722222222222222,0.15671641791044777,0.8235294117647058,2.4626865671641793,0.43564356435643564,2.944029850746269,0.4565972222222222,0.1455223880597015,0.8125,0.12313432835820896,0.9166666666666666,0.8955223880597015,0.8421052631578947,0.2126865671641791,0.8260869565217391,0.6389776357827476,0.0,1.041044776119403,0.8378378378378378,0.3358208955223881,0.8571428571428571,1.0,58.139534883720934,74.11764705882354,33.72093023255814,34.88372093023256,43.02325581395349,10.588235294117647,86.04651162790698,52.90697674418604,46.51162790697674,88.60759493670885,90.69767441860465,64.63414634146342,36.04651162790697,41.86046511627907,51.16279069767442,55.81395348837209,73.25581395348837,87.8048780487805,75.5813953488372,8.433734939759042,58.82352941176471,83.72093023255815,66.12859097127223,34.30232558139535,26.805745554035568,69.47674418604652,67.55961142184279,77.66591038003403,38.95348837209302,53.48837209302326,80.53034600113443,42.00756514429813,58.82352941176471,83.72093023255815
Kamaru Usman,Men’s Middleweight,8,2.428265524625268,0.39334027055150883,2.068522483940043,0.3701149425287356,0.9571734475374732,0.7268292682926829,0.8736616702355461,0.8095238095238095,0.2505353319057816,0.9285714285714286,0.7580299785867238,0.9076923076923077,2.7430406852248397,0.4153696498054475,3.340471092077088,0.47229791099000906,0.3340471092077088,0.7536231884057971,0.19271948608137046,0.8108108108108109,0.5588865096359743,0.7837837837837838,0.1670235546038544,0.8666666666666667,0.8833922261484098,0.1736111111111111,0.8929336188436832,0.7722222222222223,0.35974304068522484,0.835820895522388,1.0,55.81395348837209,36.470588235294116,58.13953488372093,73.25581395348838,72.09302325581395,48.23529411764706,34.88372093023256,20.93023255813953,29.069767441860467,81.0126582278481,24.418604651162788,43.90243902439025,46.51162790697674,26.744186046511626,36.04651162790697,41.860465116279066,66.27906976744185,68.29268292682927,73.25581395348838,10.843373493975896,68.23529411764706,65.11627906976744,46.142270861833104,65.69767441860466,60.1641586867305,27.906976744186046,55.041212834854285,34.160521837776514,36.627906976744185,38.95348837209302,67.28587634713557,42.049593723732144,68.23529411764706,65.11627906976744
Gregory Rodrigues,Men’s Middleweight,8,3.6,0.41694915254237286,2.5902439024390245,0.4116279069767442,1.1414634146341465,0.7959183673469388,0.6439024390243903,0.6875,0.3073170731707317,0.875,0.7463414634146341,0.9107142857142857,4.404878048780488,0.46236559139784944,3.409756097560976,0.46975806451612906,0.5121951219512195,0.7,0.42439024390243907,0.7837837837837838,0.13170731707317074,0.8181818181818182,0.14634146341463417,0.5882352941176471,1.1594202898550725,1.1029411764705883,0.6439024390243903,0.7213114754098361,0.5707317073170732,0.7222222222222222,1.0,76.74418604651163,54.11764705882353,37.20930232558139,49.99999999999999,79.06976744186046,81.76470588235294,58.13953488372093,65.11627906976744,36.04651162790697,57.59493670886076,25.581395348837212,39.63414634146341,81.3953488372093,61.627906976744185,33.72093023255814,44.18604651162791,46.51162790697674,50.0,51.16279069767442,54.21686746987952,77.64705882352942,33.72093023255814,65.43091655266758,43.60465116279069,80.4172366621067,61.627906976744185,46.82072416838386,32.60777084515031,71.51162790697674,38.95348837209302,48.25581395348837,52.68982908377697,77.64705882352942,33.72093023255814
Caio Borralho,Men’s Middleweight,8,2.20029337244966,0.49107142857142855,1.5602080277370316,0.312,0.6400853447126283,0.5882352941176471,0.6720896119482598,0.5675675675675675,0.5840778770502734,0.8295454545454546,0.600080010668089,0.75,2.9363915188691827,0.5154494382022472,2.584344579277237,0.3905683192261185,0.12801706894252568,0.8,0.07200960128017068,0.9,0.36004800640085344,0.8653846153846154,0.1760234697959728,0.6111111111111112,0.7009345794392523,0.0,0.4880650753433791,0.8472222222222222,0.24803307107614347,0.6739130434782609,1.0,41.86046511627907,83.52941176470588,82.55813953488372,89.53488372093024,44.18604651162791,17.647058823529413,54.651162790697676,88.37209302325581,56.97674418604651,41.77215189873418,39.53488372093023,86.58536585365854,55.81395348837209,79.06976744186046,62.7906976744186,82.55813953488372,33.72093023255814,91.46341463414635,84.88372093023257,72.28915662650603,61.1764705882353,83.72093023255815,62.69493844049248,86.04651162790698,30.91655266757866,71.51162790697674,49.37444804239034,63.060124787294384,67.44186046511628,72.67441860465117,62.592172433352246,78.5864387783693,61.1764705882353,83.72093023255815
Joe Pyfer,Men’s Middleweight,8,2.453531598513011,0.3674321503131524,1.728624535315985,0.35127478753541075,0.8085501858736059,0.7733333333333333,0.6273234200743494,0.7142857142857143,0.2648698884758364,0.6129032258064516,0.9758364312267658,0.7865168539325843,2.983271375464684,0.4068441064638783,3.066914498141264,0.4602510460251046,0.09758364312267657,0.5833333333333334,0.08364312267657993,0.6666666666666666,0.44609665427509293,0.6808510638297872,0.1812267657992565,0.7222222222222222,1.976284584980237,0.0,0.5436802973977695,0.6610169491525424,0.2648698884758364,0.7037037037037037,1.0,56.97674418604651,28.235294117647058,74.4186046511628,77.90697674418605,55.81395348837209,72.94117647058823,61.627906976744185,58.13953488372093,30.23255813953488,6.329113924050633,15.116279069767439,80.48780487804878,56.97674418604651,24.418604651162788,46.51162790697675,53.48837209302325,38.372093023255815,20.73170731707317,81.39534883720931,61.445783132530124,88.23529411764706,83.72093023255815,42.60601915184678,76.16279069767442,64.37756497948016,59.883720930232556,18.280836031792756,47.80204197390811,40.69767441860465,50.0,29.551900170164494,71.42056598486971,88.23529411764706,83.72093023255815
Anthony Hernandez,Men’s Middleweight,8,3.5506078804745864,0.5722379603399433,1.8280357404423613,0.4007707129094412,0.5712611688882379,0.9027777777777778,0.6152043357257947,0.7446808510638298,0.37791123480298816,0.9347826086956522,0.2372931009228065,0.9310344827586207,1.9686538743225428,0.4686192468619247,2.1620038084077926,0.43462897526501765,0.474586201845613,0.7297297297297297,0.3866998681704995,0.7457627118644068,2.0565402079976565,0.8602941176470589,0.13182950051267028,0.8823529411764706,0.0,0.32786885245901637,2.5311264098432695,0.8323699421965318,0.5185293686831698,0.7763157894736842,1.0,75.5813953488372,90.58823529411765,67.44186046511628,54.651162790697676,34.883720930232556,94.11764705882352,63.95348837209302,48.837209302325576,43.02325581395349,83.54430379746836,82.55813953488372,29.878048780487802,26.744186046511626,65.11627906976744,68.6046511627907,66.27906976744187,94.18604651162791,84.14634146341463,58.13953488372093,27.71084337349398,16.470588235294116,60.46511627906977,83.08481532147744,61.04651162790698,64.50068399452803,56.3953488372093,63.28377980571092,56.21809415768576,45.93023255813954,67.44186046511629,89.16619398752127,42.92518912860746,16.470588235294116,60.46511627906977
Vicente Luque,Men’s Middleweight,8,2.0965230928905036,0.3447098976109215,3.6533471717695902,0.45714285714285713,0.6538661131292164,0.6847826086956522,0.6227296315516347,0.759493670886076,0.7991696938245979,0.8369565217391305,0.34250129735339907,0.9428571428571428,3.2797093928386096,0.42934782608695654,3.2381940840685006,0.4469914040114613,0.1660612350804359,0.8421052631578947,0.633108458744162,0.8356164383561644,0.10378827192527246,0.6666666666666666,0.7472755578619616,0.6371681415929203,0.29239766081871343,0.449438202247191,0.26984950700570837,0.7647058823529411,1.3803840166061236,0.7150537634408602,1.0,37.2093023255814,20.0,12.790697674418604,25.581395348837212,46.51162790697674,37.64705882352941,62.7906976744186,39.53488372093023,73.25581395348837,45.56962025316456,73.25581395348838,21.951219512195124,61.627906976744185,36.04651162790697,41.860465116279066,59.302325581395344,20.930232558139537,65.85365853658537,17.44186046511627,57.83132530120482,43.529411764705884,51.16279069767442,28.6046511627907,19.186046511627907,42.07934336525308,51.16279069767442,59.412717103326464,47.603516732841754,48.837209302325576,50.581395348837205,43.391945547362454,37.636592883160546,43.529411764705884,51.16279069767442
Christian Leroy Duncan,Men’s Middleweight,8,2.2891144557227863,0.4570230607966457,1.249562478123906,0.3380681818181818,0.7770388519425971,0.6915887850467289,0.4935246762338117,0.746031746031746,1.5225761288064403,0.8787878787878788,0.5460273013650683,0.8125,3.349667483374169,0.5388513513513513,1.7640882044102204,0.41277641277641275,0.9345467273363668,0.7606837606837606,0.4410220511025551,0.6774193548387096,0.3045152257612881,0.725,0.0840042002100105,0.8,0.4576659038901602,0.0,1.2390619530976548,0.7515923566878981,0.5250262513125656,0.6944444444444444,1.0,47.674418604651166,68.23529411764706,88.37209302325581,82.55813953488372,53.48837209302325,40.0,75.5813953488372,47.674418604651166,96.51162790697676,60.75949367088608,47.674418604651166,67.07317073170731,63.95348837209303,86.04651162790698,79.06976744186046,75.5813953488372,81.3953488372093,59.756097560975604,55.81395348837209,67.46987951807229,54.11764705882353,83.72093023255815,57.95485636114911,85.46511627906978,46.74418604651163,61.627906976744185,78.63556078893141,57.37379466817924,75.0,77.32558139534883,70.57572319909245,61.64191650322219,54.11764705882353,83.72093023255815
Israel Adesanya,Men’s Middleweight,8,1.938483547925608,0.3233890214797136,2.2317596566523603,0.4233378561736771,1.094420600858369,0.7216981132075472,0.9728183118741058,0.7311827956989247,1.1230329041487839,0.7621359223300971,0.8512160228898425,0.7041420118343196,4.02002861230329,0.4580277098614507,3.469241773962804,0.4943934760448522,0.0786838340486409,0.6470588235294118,0.3791130185979971,0.7464788732394366,0.05722460658082975,0.6666666666666666,0.20743919885550785,0.725,0.3442340791738382,0.3527336860670194,0.13590844062947066,0.6551724137931034,0.5865522174535049,0.7387387387387387,1.0,31.3953488372093,12.941176470588237,49.99999999999999,45.348837209302324,76.74418604651163,47.05882352941176,25.581395348837212,51.16279069767442,90.69767441860465,20.253164556962027,20.93023255813953,91.46341463414635,76.74418604651163,59.30232558139535,31.395348837209305,27.906976744186046,6.976744186046512,15.853658536585366,49.99999999999999,48.192771084337345,48.23529411764706,58.13953488372093,22.16826265389877,47.67441860465116,61.9015047879617,38.372093023255815,55.47541948778334,56.196823596142934,68.02325581395348,29.651162790697676,11.415201361315939,49.09638554216867,48.23529411764706,58.13953488372093
Bo Nickal,Men’s Middleweight,7,2.156158118262006,0.5445544554455446,0.8036589349885659,0.23563218390804597,0.6468474354786018,0.75,0.7252531852335838,0.6981132075471698,0.5488402482848742,0.875,0.4704344985298922,0.8571428571428571,2.6853969291081348,0.5956521739130435,1.6269193074158772,0.3547008547008547,0.2548186867036916,0.6842105263157895,0.37242731133616463,0.9047619047619048,0.41163018621365566,0.7241379310344828,0.0,,1.7543859649122806,0.9803921568627451,0.6664488729173473,0.7083333333333334,0.37242731133616463,0.9047619047619048,1.0,39.53488372093023,88.23529411764706,95.34883720930233,97.67441860465117,45.348837209302324,62.94117647058823,46.51162790697675,63.95348837209302,53.48837209302325,57.59493670886076,59.302325581395344,56.70731707317073,44.18604651162791,93.02325581395348,82.55813953488372,96.51162790697676,50.0,43.90243902439025,68.6046511627907,3.6144578313253026,87.05882352941177,37.20930232558139,63.88508891928865,96.51162790697674,54.14500683994528,55.23255813953489,55.54165440094201,58.00482132728304,68.6046511627907,89.53488372093024,46.951219512195124,36.109554497058,87.05882352941177,37.20930232558139
Shara Magomedov,Men’s Middleweight,7,2.32231546497688,0.4788135593220339,1.993492036307587,0.4522144522144522,1.7263230005137866,0.7962085308056872,0.7604041787977394,0.7047619047619048,1.500256893303648,0.8248587570621468,0.8631615002568933,0.7567567567567568,4.428840554889536,0.601115760111576,2.794999143688988,0.5037037037037037,0.7912313752354856,0.7549019607843137,0.4007535536907005,0.8478260869565217,0.3288234286692927,0.7804878048780488,0.4213050179825313,0.6949152542372882,0.37037037037037035,0.2840909090909091,1.1200548039047782,0.7622377622377622,0.8220585716732317,0.7619047619047619,1.0,50.0,77.64705882352942,62.7906976744186,29.06976744186047,94.18604651162791,83.52941176470588,45.348837209302324,61.627906976744185,95.34883720930233,35.44303797468354,17.44186046511627,84.14634146341463,83.72093023255815,94.18604651162791,53.48837209302325,23.255813953488364,79.06976744186046,64.63414634146342,38.372093023255815,35.54216867469881,50.588235294117645,61.627906976744185,63.82352941176471,45.93023255813954,88.85772913816689,53.48837209302326,65.39593759199293,50.79410096426545,88.95348837209303,38.37209302325581,71.85195689166194,36.957130848977314,50.588235294117645,61.627906976744185
Ikram Aliskerov,Men’s Middleweight,6,3.682926829268293,0.5335689045936396,2.317073170731707,0.43577981651376146,1.4146341463414633,0.8055555555555556,0.926829268292683,0.8444444444444444,0.5853658536585366,0.8275862068965517,0.5609756097560976,0.92,4.634146341463414,0.5757575757575758,3.6341463414634148,0.5321428571428571,0.12195121951219512,0.625,0.04878048780487805,1.0,0.926829268292683,0.8260869565217391,0.12195121951219512,0.8333333333333334,1.2875536480686696,0.6410256410256411,1.048780487804878,0.7962962962962963,0.17073170731707318,0.875,1.0,77.90697674418605,87.05882352941177,46.51162790697675,37.20930232558139,89.53488372093024,87.05882352941177,29.06976744186047,13.953488372093029,59.30232558139535,40.50632911392405,45.348837209302324,35.36585365853658,84.88372093023256,91.86046511627907,30.23255813953488,17.44186046511627,74.4186046511628,79.26829268292683,86.04651162790698,6.6265060240963924,82.35294117647058,45.348837209302324,82.48290013679892,41.86046511627907,88.296853625171,21.51162790697675,49.9043273476597,40.35734543391945,88.37209302325581,23.837209302325576,76.84344866704481,46.33650882600168,82.35294117647058,45.348837209302324
Ateba Gautier,Men’s Middleweight,5,3.012704174228675,0.32677165354330706,1.6696914700544465,0.368,0.8348457350272233,0.6571428571428571,0.9437386569872958,0.6190476190476191,0.14519056261343014,1.0,0.4355716878402904,0.8,3.3756805807622503,0.34701492537313433,2.9764065335753176,0.45555555555555555,0.4355716878402904,0.7058823529411765,0.07259528130671507,1.0,0.18148820326678766,0.625,0.0,,5.454545454545454,0.0,0.617059891107078,0.68,0.07259528130671507,1.0,1.0,68.6046511627907,16.470588235294116,77.90697674418605,74.4186046511628,60.46511627906976,29.411764705882355,27.906976744186046,81.39534883720931,16.27906976744186,94.9367088607595,62.7906976744186,70.1219512195122,65.11627906976744,9.30232558139535,48.837209302325576,56.97674418604651,45.348837209302324,28.04878048780488,94.18604651162791,1.8072289156626404,96.47058823529412,83.72093023255815,42.53761969904241,76.16279069767442,44.93844049247606,54.65116279069768,55.607889314100674,66.4563244469654,37.2093023255814,52.90697674418604,36.698808848553604,47.99663771364527,96.47058823529412,83.72093023255815
JunYong Park,Men’s Middleweight,8,3.5397316821465425,0.48241912798874825,2.4871001031991744,0.4242957746478873,0.5159958720330237,0.847457627118644,0.9184726522187822,0.7355371900826446,0.5572755417956656,0.9152542372881356,0.41279669762641896,0.6896551724137931,3.859649122807017,0.5165745856353591,3.457172342621259,0.4855072463768116,0.3199174406604747,0.7380952380952381,0.20639834881320948,0.5714285714285714,0.4334365325077399,0.6666666666666666,0.1547987616099071,0.6818181818181818,0.22371364653243847,0.0,0.7533539731682146,0.6952380952380952,0.3611971104231166,0.6140350877192983,1.0,74.4186046511628,78.82352941176471,40.697674418604656,44.18604651162791,24.418604651162788,90.58823529411765,30.23255813953488,49.99999999999999,55.81395348837209,75.9493670886076,65.11627906976744,95.1219512195122,74.4186046511628,81.3953488372093,32.558139534883715,36.04651162790697,55.81395348837209,37.80487804878049,70.93023255813954,81.92771084337349,34.11764705882353,83.72093023255815,76.62106703146375,42.44186046511628,57.503419972640216,40.11627906976744,65.88166028848985,80.11911514463982,77.90697674418604,34.302325581395344,46.80941576857629,76.4289717007565,34.11764705882353,83.72093023255815
Nursulton Ruziboev,Men’s Middleweight,6,1.6326530612244898,0.4161849710982659,1.746031746031746,0.43258426966292135,0.6122448979591837,0.6,0.47619047619047616,0.6774193548387096,0.13605442176870747,0.75,0.4535147392290249,0.8333333333333334,1.7006802721088434,0.43103448275862066,1.0204081632653061,0.3629032258064516,0.18140589569160998,0.6153846153846154,0.022675736961451247,0.5,0.4988662131519274,0.5641025641025641,1.6326530612244898,0.6728971962616822,2.857142857142857,0.847457627118644,0.6802721088435374,0.5769230769230769,1.655328798185941,0.6697247706422018,1.0,25.581395348837212,52.94117647058824,72.09302325581396,41.860465116279066,39.53488372093023,20.588235294117645,76.74418604651164,68.6046511627907,15.11627906976744,16.455696202531644,60.46511627906977,60.975609756097555,18.6046511627907,37.2093023255814,93.0232558139535,94.18604651162791,52.32558139534884,6.097560975609756,11.62790697674418,75.90361445783132,94.11764705882352,39.53488372093023,39.261285909712726,56.97674418604652,30.06155950752394,72.67441860465118,15.785987636149542,60.720363017583665,27.906976744186046,93.6046511627907,29.2115711854793,43.765760717287755,94.11764705882352,39.53488372093023
Jacob Malkoun,Men’s Middleweight,8,3.903903903903904,0.5531914893617021,1.7217217217217216,0.38565022421524664,0.3003003003003003,0.8571428571428571,0.3103103103103103,0.775,0.04004004004004004,1.0,0.2302302302302302,0.8846153846153846,2.9229229229229228,0.5289855072463768,1.8918918918918919,0.4073275862068966,0.16016016016016016,0.5161290322580645,0.1301301301301301,0.6190476190476191,1.1611611611611612,0.7204968944099379,0.24024024024024024,0.8888888888888888,0.2358490566037736,0.0,1.3213213213213213,0.6875,0.37037037037037035,0.7708333333333334,1.0,82.55813953488372,89.41176470588236,75.5813953488372,65.11627906976744,11.627906976744185,91.76470588235294,88.37209302325581,32.558139534883715,11.627906976744185,94.9367088607595,83.72093023255815,52.4390243902439,54.65116279069767,82.55813953488372,76.74418604651164,77.90697674418605,82.55813953488372,31.70731707317073,69.76744186046513,31.325301204819276,36.470588235294116,83.72093023255815,85.98495212038304,70.34883720930233,51.696306429548564,60.46511627906976,53.28230791875184,68.07997731140102,68.6046511627907,77.32558139534885,57.132728304027225,50.5463715326422,36.470588235294116,83.72093023255815
Roman Dolidze,Men’s Middleweight,8,2.2388648009459993,0.3264367816091954,2.648797792668506,0.4357976653696498,0.46511627906976744,0.6145833333333334,0.5518328734726055,0.6730769230769231,0.7331493890421759,0.7209302325581395,1.450532124556563,0.9064039408866995,2.8458809617658654,0.3717816683831102,3.8470634607804497,0.5147679324894515,0.13401655498620418,0.4594594594594595,0.29168309026409145,0.74,0.4572329523058731,0.6666666666666666,0.5124162396531337,0.8125,0.0,0.1694915254237288,0.5912495072920773,0.6048387096774194,0.8040993299172251,0.7846153846153846,1.0,44.18604651162791,15.294117647058824,34.88372093023256,36.04651162790697,22.093023255813954,22.35294117647059,70.93023255813954,69.76744186046513,70.93023255813954,10.126582278481013,4.651162790697663,45.12195121951219,50.0,11.627906976744185,24.418604651162788,19.76744186046512,40.69767441860465,9.75609756097561,41.860465116279066,25.30120481927711,16.470588235294116,66.27906976744187,29.740082079343367,35.46511627906977,22.22298221614227,70.34883720930233,40.52840741831027,24.886557005104926,30.813953488372093,22.093023255813954,25.22688598979013,33.58083496777809,16.470588235294116,66.27906976744187
Edmen Shahbazyan,Men’s Middleweight,8,3.4788732394366195,0.42586206896551726,2.2816901408450705,0.3894230769230769,0.9295774647887324,0.7674418604651163,0.676056338028169,0.6153846153846154,0.29577464788732394,0.7241379310344828,0.7183098591549296,0.796875,3.507042253521127,0.4680451127819549,2.7746478873239435,0.41561181434599154,0.4225352112676056,0.6666666666666666,0.3380281690140845,0.6486486486486487,0.7746478873239436,0.4661016949152542,0.5633802816901409,0.851063829787234,1.1976047904191616,0.0,1.1971830985915493,0.5214723926380368,0.9014084507042254,0.7619047619047619,1.0,73.25581395348837,60.0,48.837209302325576,61.627906976744185,68.6046511627907,69.41176470588235,53.48837209302325,84.30232558139535,32.55813953488372,11.39240506329114,27.906976744186046,73.17073170731707,69.76744186046511,63.95348837209303,54.651162790697676,73.25581395348838,80.23255813953489,2.4390243902439024,34.88372093023256,35.54216867469881,80.0,83.72093023255815,66.62790697674419,55.23255813953488,69.00820793433653,68.8953488372093,21.97527229908743,50.538854225751564,66.86046511627907,63.953488372093034,41.335791264889394,35.212944802465685,80.0,83.72093023255815
Abus Magomedov,Men’s Middleweight,8,1.7292912040990607,0.3901734104046243,2.2288642186165672,0.38074398249452956,0.9479077711357814,0.6788990825688074,0.6917164816396243,0.6136363636363636,0.3842869342442357,0.8333333333333334,0.4227156276686593,0.6111111111111112,2.6515798462852262,0.4579646017699115,3.061485909479078,0.4230088495575221,0.10247651579846286,1.0,0.025619128949615714,0.4,0.3074295473953886,0.7741935483870968,0.25619128949615716,0.6896551724137931,0.8368200836820083,1.1494252873563218,0.4099060631938514,0.8205128205128205,0.28181041844577287,0.6470588235294118,1.0,27.906976744186046,35.294117647058826,51.16279069767442,68.6046511627907,70.93023255813954,34.11764705882353,51.16279069767442,86.04651162790698,45.348837209302324,44.303797468354425,63.95348837209302,98.78048780487805,40.69767441860465,58.139534883720934,47.674418604651166,70.93023255813954,29.069767441860467,81.70731707317073,77.90697674418605,79.51807228915662,65.88235294117646,32.558139534883715,31.600547195622436,59.883720930232556,52.52393980848153,68.6046511627907,44.826317338828375,81.36698808848553,49.418604651162795,59.30232558139535,55.388542257515596,78.71252451667134,65.88235294117646,32.558139534883715
Reinier de Ridder,Men’s Middleweight,6,1.4732142857142858,0.3941368078175896,1.8506493506493509,0.495114006514658,0.7913961038961039,0.7142857142857143,0.29220779220779225,0.631578947368421,0.2069805194805195,0.85,0.2191558441558442,0.9,1.8750000000000002,0.43626062322946174,1.6193181818181819,0.46503496503496505,0.37743506493506496,0.8611111111111112,0.17045454545454547,0.7777777777777778,0.2191558441558442,0.6206896551724138,0.5722402597402598,0.7704918032786885,0.9852216748768473,0.5154639175257731,0.5965909090909092,0.7538461538461538,0.7426948051948052,0.7721518987341772,1.0,23.25581395348837,37.64705882352941,65.11627906976744,16.27906976744186,54.65116279069767,44.70588235294118,89.53488372093024,79.06976744186046,19.767441860465116,50.63291139240506,86.04651162790698,46.34146341463414,23.25581395348837,43.02325581395349,83.72093023255815,48.837209302325576,41.86046511627907,61.58536585365854,44.18604651162791,30.12048192771085,74.11764705882354,47.674418604651166,30.451436388508892,40.69767441860465,49.67852257181943,84.30232558139535,35.20017662643509,66.19398752127056,33.13953488372093,66.27906976744185,51.72291548496881,37.15326421966938,74.11764705882354,47.674418604651166
Roman Kopylov,Men’s Middleweight,8,3.030917384693361,0.41935483870967744,3.142422706538267,0.398970398970399,0.8109477952356817,0.7766990291262136,1.6218955904713634,0.7111111111111111,0.6994424733907755,0.8846153846153846,0.8616320324379119,0.7870370370370371,4.166244298023315,0.48696682464454977,5.230613279270147,0.4877126654064272,0.1419158641662443,0.7368421052631579,0.2736948808920426,0.8181818181818182,0.2331474911302585,0.7419354838709677,0.12164216928535226,0.631578947368421,1.5625,0.18018018018018017,0.3750633552965028,0.74,0.39533705017739484,0.75,1.0,70.93023255813954,57.647058823529406,22.093023255813954,58.13953488372093,56.97674418604651,74.11764705882354,9.302325581395346,59.302325581395344,68.6046511627907,65.18987341772153,19.76744186046512,79.26829268292683,79.06976744186046,69.76744186046511,10.46511627906977,33.72093023255814,26.744186046511626,54.87804878048781,62.7906976744186,39.15662650602409,85.88235294117646,63.95348837209302,64.28864569083447,40.116279069767444,65.54719562243503,34.302325581395344,66.89726229025612,49.51786727169598,74.41860465116278,22.093023255813954,40.811117413499716,50.973662090221346,85.88235294117646,63.95348837209302
Jared Cannonier,Men’s Middleweight,8,2.723623262995368,0.3868421052631579,3.650025733401956,0.41796322489391796,1.1178589809572825,0.7448559670781894,0.9449305198147195,0.8095238095238095,0.8028821410190428,0.8024691358024691,0.6299536798764797,0.9272727272727272,3.952650540401441,0.45779685264663805,4.706124549665466,0.47625,0.46937725167267114,0.7835051546391752,0.3767370046320124,0.7439024390243902,0.22233659289758106,0.72,0.1420483787956768,0.7419354838709677,0.26595744680851063,0.3546099290780142,0.6917138445702522,0.7619047619047619,0.5187853834276892,0.7433628318584071,1.0,62.7906976744186,32.94117647058823,13.953488372093029,47.674418604651166,77.90697674418605,60.0,26.744186046511622,20.93023255813953,75.5813953488372,30.37974683544304,38.372093023255815,31.707317073170742,75.5813953488372,56.97674418604651,13.953488372093029,38.372093023255815,53.48837209302325,63.41463414634146,56.97674418604651,44.57831325301204,38.82352941176471,55.81395348837209,47.865937072503414,30.813953488372096,68.95348837209303,23.837209302325576,52.980571092140124,35.03970504821328,66.27906976744185,26.16279069767442,58.45150311968236,50.77752871952927,38.82352941176471,55.81395348837209
Cam Rowston,Men’s Middleweight,3,4.40024860161591,0.44696969696969696,1.006836544437539,0.32142857142857145,0.5220633934120572,0.5833333333333334,0.3356121814791796,0.75,0.5966438781852083,0.9411764705882353,0.6339341205717838,0.8947368421052632,2.6848974518334368,0.42105263157894735,1.9018023617153512,0.4594594594594595,0.2983219390926041,0.8,0.07458048477315103,0.5,2.535736482287135,0.5483870967741935,0.0,,0.6756756756756757,0.0,2.834058421379739,0.5671641791044776,0.07458048477315103,0.5,1.0,89.53488372093024,63.52941176470588,91.86046511627907,87.2093023255814,25.581395348837212,15.88235294117647,87.2093023255814,43.604651162790695,62.7906976744186,84.81012658227847,37.20930232558139,50.0,43.02325581395349,30.23255813953488,75.5813953488372,54.651162790697676,95.34883720930233,4.878048780487805,93.0232558139535,93.37349397590361,60.0,83.72093023255815,76.53214774281805,89.53488372093024,20.73187414500684,65.40697674418605,73.80041212834854,43.604651162790695,36.627906976744185,65.11627906976744,50.11344299489507,93.19837489492855,60.0,83.72093023255815
Michel Pereira,Men’s Middleweight,8,1.3924050632911393,0.35231316725978645,3.136427566807314,0.5284360189573459,1.3220815752461323,0.5949367088607594,1.2798874824191282,0.7711864406779662,0.379746835443038,0.627906976744186,0.7032348804500704,0.9090909090909091,2.517580872011252,0.43341404358353514,3.305203938115331,0.5402298850574713,0.23909985935302394,0.7083333333333334,0.30942334739803096,0.7586206896551724,0.3375527426160338,0.5333333333333333,1.5049226441631507,0.816793893129771,0.9090909090909091,0.27472527472527475,0.5766526019690578,0.5942028985507246,1.8143459915611815,0.80625,1.0,19.767441860465116,23.52941176470588,23.255813953488364,12.790697674418604,87.20930232558139,18.823529411764707,11.62790697674418,33.72093023255814,44.18604651162791,7.59493670886076,29.06976744186047,42.6829268292683,38.372093023255815,40.69767441860465,38.372093023255815,11.62790697674418,39.53488372093023,7.317073170731707,9.302325581395346,20.481927710843372,69.41176470588235,62.7906976744186,21.648426812585498,18.023255813953483,53.01641586867305,22.67441860465116,25.890491610244332,35.87634713556439,39.53488372093023,24.999999999999996,23.42597844583097,14.892126646119358,69.41176470588235,62.7906976744186
Baisangur Susurkaev,Men’s Middleweight,3,3.0136986301369864,0.4107883817427386,3.470319634703196,0.34545454545454546,1.917808219178082,0.7325581395348837,0.60882800608828,0.8333333333333334,1.035007610350076,0.9444444444444444,0.578386605783866,0.95,4.931506849315069,0.50625,3.774733637747336,0.36795252225519287,0.45662100456621,0.8823529411764706,0.882800608828006,0.7837837837837838,0.578386605783866,0.7307692307692307,0.0,,0.5102040816326531,0.0,1.035007610350076,0.7906976744186046,0.882800608828006,0.7837837837837838,1.0,69.76744186046511,51.76470588235295,18.604651162790695,80.81395348837209,96.51162790697676,56.470588235294116,65.11627906976744,15.116279069767439,86.04651162790698,86.07594936708861,41.860465116279066,20.73170731707316,87.20930232558139,75.5813953488372,25.581395348837212,90.69767441860465,70.93023255813954,78.04878048780488,36.04651162790697,26.506024096385552,56.470588235294116,83.72093023255815,60.766073871409034,49.70930232558139,76.49110807113544,40.116279069767444,86.0612304974978,31.296086216676112,81.3953488372093,58.13953488372093,74.4895065229722,31.276267862146263,56.470588235294116,83.72093023255815
Kelvin Gastelum,Men’s Middleweight,8,2.2566547477155345,0.3124312431243124,2.9797377830750897,0.37202380952380953,0.6833531982518872,0.671875,1.0250297973778308,0.75,0.7389749702026222,0.8303571428571429,0.5641636869288836,0.797752808988764,3.472387763210171,0.3976342129208371,4.195470798569726,0.43926788685524126,0.11124354390147001,0.6086956521739131,0.1748112832737386,0.8461538461538461,0.09535160905840287,0.4444444444444444,0.1986491855383393,0.6097560975609756,0.2159827213822894,0.6956521739130435,0.20659515295987288,0.52,0.3734604688120779,0.7014925373134329,1.0,46.51162790697674,9.411764705882353,29.06976744186047,70.93023255813954,48.837209302325576,32.94117647058823,23.255813953488364,43.604651162790695,72.09302325581395,43.037974683544306,44.18604651162791,71.95121951219512,68.6046511627907,22.093023255813954,18.604651162790695,63.95348837209302,13.953488372093023,1.2195121951219512,67.44186046511628,62.65060240963855,32.94117647058823,44.18604651162791,27.96169630642955,50.0,40.889192886456904,33.43023255813953,57.565498969679126,58.068633011911515,45.34883720930233,41.279069767441854,7.586500283607487,65.04623143737741,32.94117647058823,44.18604651162791
Brunno Ferreira,Men’s Middleweight,8,2.152863111329565,0.4183381088825215,2.4035389530597198,0.38902147971360385,0.5455885967068076,0.74,0.5160973212091423,0.7608695652173914,0.3096583927254854,0.84,0.6782993364463014,0.9387755102040817,2.772179896780536,0.4759493670886076,3.3177684934873435,0.46487603305785125,0.1179651019906611,0.5714285714285714,0.08847382649299583,0.5454545454545454,0.1179651019906611,0.5333333333333333,0.1916932907348243,0.6842105263157895,0.9803921568627451,0.4098360655737705,0.2359302039813222,0.5517241379310345,0.2801671172278201,0.6333333333333333,1.0,38.372093023255815,56.470588235294116,44.18604651162791,63.95348837209302,31.3953488372093,58.82352941176471,73.25581395348838,38.372093023255815,37.2093023255814,46.835443037974684,32.558139534883715,25.609756097560975,47.674418604651166,66.27906976744185,37.20930232558139,49.99999999999999,16.27906976744186,3.6585365853658534,79.06976744186046,80.72289156626506,72.35294117647058,54.651162790697676,47.421340629274965,54.06976744186046,45.109439124487004,55.8139534883721,42.02237268177804,29.083947816222345,56.97674418604651,43.60465116279069,9.968803176403856,79.89632950406276,72.35294117647058,54.651162790697676
Michal Oleksiejczuk,Men’s Middleweight,8,4.72543352601156,0.48660714285714285,2.882947976878613,0.34545454545454546,1.8858381502890174,0.7981651376146789,1.777456647398844,0.6666666666666666,0.5852601156069365,0.8709677419354839,0.4985549132947977,0.7931034482758621,5.7008670520231215,0.5411522633744856,4.313583815028902,0.42340425531914894,0.19508670520231214,0.75,0.8453757225433526,0.5909090909090909,1.300578034682081,0.6666666666666666,0.0,0.0,0.6024096385542169,0.42016806722689076,1.495664739884393,0.6764705882352942,0.8453757225433526,0.582089552238806,1.0,93.02325581395348,81.17647058823529,30.23255813953488,80.81395348837209,95.34883720930233,84.70588235294117,6.976744186046512,73.25581395348838,58.139534883720934,54.43037974683544,55.81395348837209,75.60975609756098,91.86046511627907,87.20930232558139,17.44186046511627,69.76744186046513,84.88372093023256,26.82926829268293,37.20930232558139,87.95180722891565,57.647058823529406,52.32558139534884,87.0998632010944,55.52325581395348,90.02735978112176,40.11627906976745,56.28495731527819,65.71185479296653,89.53488372093022,43.6046511627907,55.85649461145774,62.58055477724852,57.647058823529406,52.32558139534884
Ismail Naurdiev,Men’s Middleweight,7,2.0014582573824278,0.4226327944572748,1.3343055049216186,0.30886075949367087,0.962449872402479,0.7272727272727273,0.1859278162595698,0.5483870967741935,0.6999635435654392,0.8,0.22967553773240976,0.7,2.909223477943857,0.5037878787878788,1.3889901567626686,0.3167082294264339,0.3937294932555596,0.6206896551724138,0.14218009478672985,0.5,0.36091870215092964,0.6875,0.21873860736419978,0.6896551724137931,0.29850746268656714,0.0,0.7546481954064892,0.6509433962264151,0.36091870215092964,0.6,1.0,33.72093023255814,58.82352941176471,87.2093023255814,90.69767441860465,73.25581395348837,50.588235294117645,100.0,94.18604651162791,69.76744186046511,27.21518987341772,84.88372093023257,92.6829268292683,53.48837209302325,73.25581395348837,89.53488372093024,97.67441860465117,56.97674418604651,14.634146341463413,72.09302325581396,85.54216867469879,44.70588235294118,83.72093023255815,46.27222982216142,88.95348837209303,61.92202462380301,97.09302325581396,48.49131586694142,88.78332387975044,63.372093023255815,93.6046511627907,35.80544526375496,78.81759596525637,44.70588235294118,83.72093023255815
Eryk Anders,Men’s Middleweight,8,2.5029515938606846,0.39849624060150374,2.550177095631641,0.4044943820224719,1.1688311688311688,0.8048780487804879,1.062573789846517,0.8256880733944955,0.18890200708382526,0.8,0.5548996458087367,0.9791666666666666,1.9008264462809916,0.3726851851851852,3.152302243211334,0.47007042253521125,1.0979929161747344,0.7045454545454546,0.8854781582054309,0.78125,0.8618654073199528,0.6576576576576577,0.12987012987012986,0.4074074074074074,0.3058103975535168,1.4164305949008498,1.9598583234946871,0.6831275720164609,1.0153482880755609,0.6991869918699187,1.0,59.30232558139535,41.17647058823529,38.372093023255815,53.48837209302325,80.23255813953489,85.88235294117646,20.93023255813953,17.44186046511627,17.441860465116278,27.21518987341772,46.51162790697675,19.512195121951223,24.418604651162788,13.953488372093023,45.348837209302324,43.02325581395348,91.86046511627907,29.268292682926827,30.23255813953488,66.26506024096385,45.88235294117647,24.418604651162788,50.23939808481532,45.93023255813954,83.05745554035568,19.1860465116279,22.328525169267,33.01191151446399,19.186046511627907,44.18604651162791,60.56437889960295,48.24880919024936,45.88235294117647,24.418604651162788
Yousri Belgaroui,Men’s Middleweight,2,5.169606512890095,0.6018957345971564,1.1397557666214382,0.2413793103448276,1.587516960651289,0.7959183673469388,0.28493894165535955,0.5384615384615384,1.2211668928086838,0.8823529411764706,0.20352781546811397,0.625,6.879240162822253,0.6425855513307985,1.4654002713704206,0.27692307692307694,0.8548168249660787,0.875,0.1628222523744912,0.5714285714285714,0.24423337856173677,0.8571428571428571,0.0,,1.0204081632653061,0.0,1.0990502035278156,0.8709677419354839,0.1628222523744912,0.5714285714285714,1.0,96.51162790697676,94.11764705882352,89.53488372093024,95.34883720930233,93.02325581395348,81.76470588235294,90.69767441860465,95.34883720930233,91.86046511627907,63.29113924050633,88.37209302325581,97.5609756097561,96.51162790697676,96.51162790697676,88.37209302325581,98.83720930232559,76.74418604651163,95.1219512195122,88.37209302325581,90.36144578313252,76.47058823529412,83.72093023255815,95.31463748290014,92.44186046511629,87.3939808481532,93.02325581395348,77.5758021783927,92.96653431650596,96.51162790697676,93.6046511627907,85.93306863301191,89.36676940319417,76.47058823529412,83.72093023255815
Damian Pinas,Men’s Middleweight,2,2.903225806451613,0.5833333333333334,1.1059907834101383,0.36363636363636365,0.967741935483871,0.875,2.3502304147465436,0.68,1.6589861751152073,1.0,2.0737327188940093,0.9375,4.423963133640553,0.7111111111111111,5.529953917050691,0.6451612903225806,0.1382488479262673,1.0,0.0,0.0,0.967741935483871,0.7,0.0,,7.5,0.0,1.1059907834101383,0.7272727272727273,0.0,0.0,1.0,65.11627906976744,91.76470588235294,90.69767441860465,75.5813953488372,74.4186046511628,92.94117647058823,3.4883720930232673,67.44186046511628,98.83720930232558,94.9367088607595,1.1627906976744187,26.829268292682926,82.55813953488372,100.0,6.976744186046512,5.813953488372087,77.90697674418605,53.04878048780488,97.67441860465117,99.39759036144578,98.82352941176471,83.72093023255815,78.4404924760602,83.13953488372093,83.67989056087552,35.465116279069775,96.88695908154253,13.996029495178671,91.27906976744185,6.3953488372092995,65.47787861599546,98.53600448304847,98.82352941176471,83.72093023255815
Mansur Abdul-Malik,Men’s Middleweight,5,2.2992700729927007,0.4077669902912621,2.217153284671533,0.4550561797752809,0.24635036496350365,0.36,0.7116788321167884,0.5652173913043478,0.21897810218978103,0.7272727272727273,1.395985401459854,0.9107142857142857,1.2043795620437956,0.29333333333333333,3.7226277372262775,0.5375494071146245,0.43795620437956206,0.6153846153846154,0.5474452554744526,0.8333333333333334,1.1222627737226278,0.6212121212121212,0.05474452554744526,0.6666666666666666,0.9900990099009901,1.2658227848101267,1.5602189781021898,0.6195652173913043,0.6021897810218978,0.8148148148148148,1.0,48.837209302325576,47.05882352941176,52.32558139534884,27.906976744186046,9.30232558139535,2.3529411764705883,47.674418604651166,90.69767441860465,22.093023255813954,12.658227848101266,5.813953488372087,39.63414634146341,11.627906976744185,5.813953488372093,27.906976744186046,16.27906976744186,87.20930232558139,10.975609756097562,48.837209302325576,18.072289156626503,75.29411764705883,29.06976744186047,47.948016415868665,40.116279069767444,5.827633378932969,69.18604651162791,17.37562555195761,22.72404991491775,8.720930232558139,22.093023255813954,49.09245604083948,33.454749229476036,75.29411764705883,29.06976744186047
Ryan Gandra,Men’s Middleweight,2,11.379310344827585,0.5116279069767442,1.5517241379310345,0.3,1.0344827586206897,0.3333333333333333,0.5172413793103449,0.5,0.0,,0.5172413793103449,1.0,9.310344827586206,0.43902439024390244,2.586206896551724,0.38461538461538464,0.0,,0.0,,3.103448275862069,0.75,0.0,,8.333333333333334,0.0,3.103448275862069,0.75,0.0,,1.0,100.0,84.70588235294117,83.72093023255815,91.86046511627907,75.5813953488372,1.1764705882352942,72.09302325581396,97.09302325581396,5.813953488372093,,52.32558139534884,9.756097560975604,100.0,45.348837209302324,61.627906976744185,86.04651162790698,96.51162790697676,57.3170731707317,97.67441860465117,,100.0,83.72093023255815,92.35294117647058,87.79069767441861,38.37893296853625,84.59302325581396,5.813953488372093,31.040839478162223,72.67441860465117,73.83720930232559,76.91435053885422,97.67441860465117,100.0,83.72093023255815
Donte Johnson,Men’s Middleweight,2,2.054474708171206,0.4036697247706422,0.8871595330739299,0.2375,0.1867704280155642,0.5,0.2801556420233463,0.75,0.32684824902723736,1.0,0.5136186770428015,1.0,1.7743190661478598,0.37254901960784315,1.5875486381322956,0.3617021276595745,0.2801556420233463,0.8571428571428571,0.0933852140077821,0.6666666666666666,0.5136186770428015,0.7333333333333333,0.0,0.0,0.0,0.0,0.7937743190661478,0.7727272727272727,0.0933852140077821,0.4,1.0,36.04651162790697,43.529411764705884,93.0232558139535,96.51162790697676,5.813953488372093,4.705882352941177,91.86046511627907,43.604651162790695,39.53488372093023,94.9367088607595,54.651162790697676,9.756097560975604,20.930232558139537,12.790697674418606,84.88372093023257,95.34883720930233,60.46511627906976,70.73170731707317,91.86046511627907,96.98795180722891,16.470588235294116,83.72093023255815,39.787961696306425,94.76744186046513,5.259917920656635,67.73255813953489,67.23579629084486,32.203630175836636,16.860465116279073,90.11627906976744,65.59841179807147,94.42420846175399,16.470588235294116,83.72093023255815
Marvin Vettori,Men’s Middleweight,8,3.975,0.40535372848948376,3.94375,0.4165016501650165,0.525,0.7850467289719626,1.13125,0.793859649122807,0.8,0.9142857142857143,1.0125,0.9101123595505618,5.0125,0.4577625570776256,5.51875,0.49082823790994995,0.24375,0.7222222222222222,0.35,0.7777777777777778,0.04375,0.7,0.21875,0.7,0.0,0.0,0.2875,0.71875,0.56875,0.7459016393442623,1.0,84.88372093023256,44.70588235294118,9.302325581395346,48.837209302325576,26.744186046511626,76.47058823529412,18.604651162790695,24.418604651162788,74.4186046511628,74.68354430379746,12.790697674418604,41.463414634146346,88.37209302325581,55.81395348837209,8.139534883720936,31.395348837209305,22.093023255813954,48.78048780487805,53.48837209302325,42.16867469879518,16.470588235294116,83.72093023255815,64.79480164158687,29.06976744186046,51.60738714090287,21.51162790697674,74.55107447748013,27.127056154282474,72.09302325581396,19.76744186046512,35.436755530346005,47.828523395909215,16.470588235294116,83.72093023255815
Andre Muniz,Men’s Middleweight,8,1.1524947294448347,0.34309623430962344,1.8271257905832747,0.38922155688622756,0.36542515811665494,0.5777777777777777,0.6043569922698524,0.7288135593220338,0.5059732958538299,0.9230769230769231,0.3513703443429374,0.9259259259259259,1.756851721714687,0.4222972972972973,1.5600843288826423,0.4141791044776119,0.05621925509486999,0.6666666666666666,0.028109627547434995,0.5,0.21082220660576245,0.7142857142857143,1.1946591707659873,0.5743243243243243,0.0,1.0101010101010102,0.2670414617006324,0.7037037037037037,1.2227687983134223,0.5723684210526315,1.0,16.27906976744186,18.823529411764707,68.6046511627907,62.7906976744186,13.953488372093023,14.117647058823529,67.44186046511628,55.81395348837209,52.32558139534884,79.74683544303798,72.09302325581396,33.536585365853654,19.767441860465116,31.3953488372093,86.04651162790698,74.4186046511628,19.767441860465116,41.46341463414634,25.581395348837212,89.1566265060241,16.470588235294116,34.88372093023256,17.551299589603282,65.69767441860465,14.035567715458276,61.627906976744185,66.03620841919341,52.81480431083381,25.58139534883721,80.23255813953489,30.61542824730573,57.36901092743065,16.470588235294116,34.88372093023256
Andre Petroski,Men’s Middleweight,8,0.9312638580931263,0.3225806451612903,2.1419068736141904,0.4339622641509434,0.4390243902439024,0.66,0.45232815964523276,0.6666666666666666,0.6518847006651884,0.7538461538461538,0.3991130820399113,0.6818181818181818,1.8625277161862526,0.445859872611465,2.195121951219512,0.45454545454545453,0.03991130820399113,0.75,0.13303769401330376,0.7142857142857143,0.11973392461197338,0.6428571428571429,0.6651884700665188,0.5617977528089888,0.0,1.7777777777777777,0.15964523281596452,0.6666666666666666,0.7982261640798226,0.5825242718446602,1.0,15.11627906976744,11.176470588235295,55.81395348837209,40.697674418604656,18.6046511627907,30.58823529411765,82.55813953488372,73.25581395348838,66.27906976744185,18.9873417721519,66.27906976744187,96.34146341463415,22.093023255813954,50.0,67.44186046511628,58.13953488372093,8.13953488372093,23.170731707317074,43.02325581395348,86.74698795180723,16.470588235294116,16.27906976744186,13.146374829001367,48.25581395348837,24.596443228454174,77.90697674418605,42.633205769796874,81.31026659103802,36.04651162790698,62.7906976744186,15.655133295519002,64.88512188288036,16.470588235294116,16.27906976744186
Brad Tavares,Men’s Middleweight,8,2.4205499753005104,0.3746177370030581,3.507327515231352,0.45629820051413883,0.7508644821340359,0.6846846846846847,0.7014655030462703,0.6513761467889908,0.8397826444920138,0.9042553191489362,0.57302815741808,0.7945205479452054,3.625885065041989,0.4593241551939925,3.9716779186563476,0.4797136038186158,0.3161534661616993,0.6808510638297872,0.563148361600527,0.6195652173913043,0.06915857072287172,0.5384615384615384,0.2469948954388276,0.8333333333333334,0.24630541871921183,0.4132231404958678,0.38531203688457105,0.65,0.8101432570393545,0.6721311475409836,1.0,54.65116279069767,29.411764705882355,17.44186046511627,26.744186046511622,51.162790697674424,36.470588235294116,49.99999999999999,77.90697674418605,76.74418604651163,69.62025316455697,43.02325581395348,74.39024390243902,72.09302325581395,60.46511627906976,20.93023255813953,37.20930232558139,27.906976744186046,13.414634146341465,40.697674418604656,74.69879518072288,37.64705882352941,53.48837209302325,42.03146374829001,22.093023255813947,43.81668946648427,63.95348837209302,73.1822196055343,58.706749858196254,66.27906976744185,29.06976744186046,20.660805445263755,57.698234799663766,37.64705882352941,53.48837209302325
Cezary Oleksiejczuk,Men’s Middleweight,1,0.6,0.6923076923076923,0.13333333333333333,0.2857142857142857,0.3333333333333333,0.8333333333333334,0.4666666666666667,0.7777777777777778,0.0,,0.2,0.75,0.6666666666666666,0.6666666666666666,0.8,0.7058823529411765,0.06666666666666667,1.0,0.0,,0.2,1.0,0.0,0.0,0.0,0.0,0.26666666666666666,1.0,0.0,0.0,1.0,4.651162790697675,98.82352941176471,100.0,93.0232558139535,12.790697674418606,89.41176470588236,80.23255813953489,30.23255813953488,5.813953488372093,,89.53488372093024,86.58536585365854,6.976744186046512,98.25581395348837,95.34883720930233,2.325581395348843,18.6046511627907,99.39024390243902,97.67441860465117,99.39759036144578,16.470588235294116,83.72093023255815,51.73734610123119,96.51162790697674,51.101231190150486,55.23255813953489,5.813953488372093,88.0601247872944,52.616279069767444,48.83720930232559,58.99744753261486,98.53600448304847,16.470588235294116,83.72093023255815
Luis Felipe Dias,Men’s Middleweight,1,3.8181818181818183,0.45161290322580644,0.8181818181818182,0.2,0.8181818181818182,0.75,0.27272727272727276,0.5,1.090909090909091,0.8,1.6363636363636365,0.75,4.909090909090909,0.5,2.7272727272727275,0.4,0.0,,0.0,,0.8181818181818182,0.75,0.0,,4.761904761904762,0.0,0.8181818181818182,0.75,0.0,,1.0,81.3953488372093,67.05882352941175,94.18604651162791,98.83720930232559,59.30232558139535,62.94117647058823,94.18604651162791,97.09302325581396,88.37209302325581,27.21518987341772,3.4883720930232673,86.58536585365854,86.04651162790698,72.09302325581395,55.81395348837209,79.06976744186046,63.95348837209303,57.3170731707317,97.67441860465117,,95.29411764705881,83.72093023255815,74.22708618331052,96.51162790697674,61.12175102599179,95.63953488372093,57.79364144833677,45.03686897334091,79.06976744186046,67.44186046511628,60.63528077141237,97.67441860465117,95.29411764705881,83.72093023255815
Marco Tulio,Men’s Middleweight,3,4.632911392405063,0.45864661654135336,2.20253164556962,0.3815789473684211,2.392405063291139,0.7590361445783133,0.6075949367088607,0.6666666666666666,1.2531645569620251,0.825,0.37974683544303794,0.43478260869565216,7.481012658227847,0.5518207282913166,2.620253164556962,0.3898305084745763,0.18987341772151897,0.8333333333333334,0.15189873417721517,0.8,0.6075949367088607,0.6153846153846154,0.4177215189873417,0.6470588235294118,1.3761467889908257,3.5714285714285716,0.7974683544303797,0.65625,0.5696202531645569,0.6818181818181818,1.0,91.86046511627907,70.58823529411765,53.48837209302325,67.44186046511628,98.83720930232558,68.23529411764706,66.27906976744187,73.25581395348838,93.02325581395348,36.708860759493675,69.76744186046513,100.0,98.83720930232558,89.53488372093024,59.302325581395344,83.72093023255815,61.627906976744185,17.682926829268293,52.32558139534884,68.67469879518072,84.70588235294117,6.976744186046512,81.22435020519836,60.46511627906976,83.53625170998632,69.76744186046513,64.86605828672359,84.88372093023256,94.18604651162791,71.51162790697674,39.65541690300624,60.50014009526478,84.70588235294117,6.976744186046512
Mantas Kondratavicius,Men’s Middleweight,1,4.066666666666666,0.6559139784946236,0.6666666666666666,0.35714285714285715,0.9333333333333333,1.0,0.2,0.42857142857142855,0.0,,0.26666666666666666,1.0,2.8,0.6176470588235294,1.0,0.42857142857142855,1.1333333333333333,0.8947368421052632,0.13333333333333333,0.5,1.0666666666666667,0.8,0.0,,1.3333333333333333,0.0,2.2,0.8461538461538461,0.13333333333333333,0.5,1.0,86.04651162790698,96.47058823529412,96.51162790697676,76.74418604651164,69.76744186046511,98.23529411764706,98.25581395348838,100.0,5.813953488372093,,80.23255813953489,9.756097560975604,48.837209302325576,95.34883720930233,94.18604651162791,67.44186046511628,93.02325581395348,90.2439024390244,90.69767441860465,93.37349397590361,83.52941176470588,83.72093023255815,91.25854993160056,86.6279069767442,84.00136798905609,99.12790697674419,5.813953488372093,44.994327850255246,72.09302325581396,80.81395348837209,91.63357912648894,92.03558419725414,83.52941176470588,83.72093023255815
Rodolfo Vieira,Men’s Middleweight,8,2.3229856993372864,0.4577319587628866,3.107778165329613,0.43548387096774194,0.5755144750610395,0.7857142857142857,0.7743285664457622,0.6548672566371682,0.88943146145797,0.8854166666666666,0.6382978723404256,0.8970588235294118,3.526334147192187,0.5444264943457189,4.133240320892919,0.4858548585485855,0.18835019183815835,0.75,0.16742239274502965,0.6956521739130435,0.07324729682595048,0.875,0.21974189047785142,0.7777777777777778,0.27624309392265195,0.46296296296296297,0.2615974886641088,0.78125,0.3871642832228811,0.74,1.0,51.162790697674424,69.41176470588235,25.581395348837212,38.372093023255815,36.04651162790697,78.82352941176471,43.02325581395348,76.74418604651164,81.3953488372093,67.08860759493672,36.04651162790697,48.78048780487805,70.93023255813954,88.37209302325581,19.76744186046512,34.88372093023256,17.441860465116278,75.60975609756098,65.11627906976744,46.98795180722892,42.35294117647059,49.99999999999999,60.287277701778386,31.976744186046513,57.435020519835845,59.88372093023256,74.24197821607301,42.41349971639251,79.65116279069767,27.32558139534884,46.52580828133863,56.05211543849818,42.35294117647059,49.99999999999999
Zachary Reese,Men’s Middleweight,4,2.240786240786241,0.4175824175824176,1.7395577395577397,0.44696969696969696,1.2088452088452089,0.7068965517241379,0.47174447174447176,0.6153846153846154,0.6781326781326782,0.8214285714285714,0.47174447174447176,0.9411764705882353,3.036855036855037,0.4835680751173709,1.7100737100737102,0.42028985507246375,0.29484029484029484,0.6666666666666666,0.2063882063882064,1.0,0.7960687960687961,0.675,0.7665847665847666,0.8666666666666667,0.0,0.0,1.090909090909091,0.6727272727272727,0.972972972972973,0.8918918918918919,1.0,45.348837209302324,55.294117647058826,73.25581395348838,33.72093023255814,82.55813953488372,43.529411764705884,79.06976744186046,84.30232558139535,67.44186046511628,31.645569620253166,58.13953488372093,23.170731707317074,59.30232558139535,68.6046511627907,81.39534883720931,72.09302325581396,75.5813953488372,25.609756097560975,32.558139534883715,4.81927710843373,16.470588235294116,83.72093023255815,50.32147742818057,53.48837209302326,63.0437756497948,81.68604651162791,49.543715042684724,40.655133295519,63.95348837209303,76.74418604651163,50.59557572319909,18.688708321658723,16.470588235294116,83.72093023255815
Chris Weidman,Men’s Middleweight,8,2.330578512396694,0.4034334763948498,2.4793388429752063,0.43478260869565216,0.6198347107438016,0.6493506493506493,0.6322314049586777,0.8095238095238095,0.3347107438016529,0.9310344827586207,0.6446280991735537,0.8253968253968254,2.5661157024793386,0.4233128834355828,2.4545454545454546,0.4449438202247191,0.2727272727272727,0.6470588235294118,0.4586776859504132,0.7115384615384616,0.44628099173553715,0.7346938775510204,0.8429752066115702,0.7640449438202247,0.7547169811320755,0.9900990099009901,0.7190082644628099,0.6987951807228916,1.3016528925619835,0.7446808510638298,1.0,52.32558139534884,42.35294117647059,41.860465116279066,39.53488372093023,40.69767441860465,28.235294117647058,60.46511627906977,20.93023255813953,40.69767441860465,82.27848101265823,34.88372093023256,63.41463414634146,39.53488372093023,32.55813953488372,65.11627906976744,60.46511627906977,54.65116279069767,39.02439024390244,22.093023255813954,43.37349397590362,62.35294117647059,36.04651162790697,47.339261285909714,40.69767441860465,34.46648426812585,40.69767441860465,61.48807771563144,49.14917753828701,36.04651162790698,62.79069767441861,46.83777651730006,32.73325861585879,62.35294117647059,36.04651162790697
Eric McConico,Men’s Middleweight,4,1.8862592723419287,0.3852813852813853,1.6107382550335572,0.40641711229946526,0.5510420346167433,0.6842105263157895,0.91133874955846,0.86,0.48746026139173443,0.92,0.5298481102084069,0.8928571428571429,2.2465559872836454,0.424,2.3101377605086544,0.5069767441860465,0.6782055810667609,0.7272727272727273,0.7205934298834334,0.6938775510204082,0.0,,0.021193924408336277,1.0,0.0,2.7777777777777777,0.6782055810667609,0.7272727272727273,0.7417873542917698,0.7,1.0,29.069767441860467,31.76470588235294,79.06976744186046,52.32558139534884,32.55813953488372,35.294117647058826,31.395348837209305,11.62790697674418,51.162790697674424,78.48101265822784,49.99999999999999,51.21951219512195,32.55813953488372,33.72093023255814,66.27906976744187,22.093023255813954,51.162790697674424,53.04878048780488,45.348837209302324,64.4578313253012,16.470588235294116,10.46511627906977,30.417236662106703,65.69767441860465,33.926128590971274,21.51162790697674,64.82190167795113,50.609756097560975,33.13953488372093,44.18604651162791,52.10578559273965,54.90333426730176,16.470588235294116,10.46511627906977
Wes Schultz,Men’s Middleweight,2,0.41860465116279066,0.35294117647058826,1.3953488372093024,0.6451612903225806,0.5581395348837209,0.7272727272727273,0.20930232558139533,0.75,0.06976744186046512,0.5,0.27906976744186046,1.0,0.627906976744186,0.391304347826087,0.5581395348837209,0.5,0.41860465116279066,0.8571428571428571,0.20930232558139533,1.0,0.0,,1.1162790697674418,0.8,6.666666666666667,7.407407407407407,0.41860465116279066,0.8571428571428571,1.3255813953488371,0.8260869565217391,1.0,2.3255813953488373,24.705882352941178,86.04651162790698,2.906976744186048,33.72093023255814,50.588235294117645,96.51162790697676,43.604651162790695,12.790697674418606,3.79746835443038,79.06976744186046,9.756097560975604,4.651162790697675,19.767441860465116,98.83720930232559,25.581395348837212,30.23255813953488,93.29268292682927,19.76744186046512,14.457831325301207,97.6470588235294,4.651162790697663,13.515731874145008,44.47674418604652,42.15458276333789,70.05813953488372,8.294083014424492,44.412932501418034,12.209302325581396,62.209302325581405,61.76262053318207,17.112636592883163,97.6470588235294,4.651162790697663
Torrez Finney,Men’s Middleweight,2,0.9,0.34615384615384615,4.433333333333334,0.6303317535545023,0.13333333333333333,0.5714285714285714,0.2,0.75,0.0,,0.03333333333333333,1.0,0.8666666666666667,0.3333333333333333,3.4,0.5930232558139535,0.06666666666666667,0.5,0.5333333333333333,0.8421052631578947,0.1,1.0,0.7333333333333333,0.7586206896551724,0.0,0.7142857142857143,0.16666666666666666,0.7142857142857143,1.2666666666666666,0.7916666666666666,1.0,12.790697674418606,22.35294117647059,8.139534883720936,4.651162790697663,3.488372093023256,12.941176470588237,98.25581395348838,43.604651162790695,5.813953488372093,,95.34883720930233,9.756097560975604,9.30232558139535,6.976744186046512,34.88372093023256,6.976744186046512,9.30232558139535,46.95121951219512,24.418604651162788,24.09638554216867,16.470588235294116,41.860465116279066,17.5718194254446,6.3953488372092995,8.214774281805747,70.93023255813954,5.813953488372093,52.55246738513897,8.13953488372093,20.930232558139537,28.126772546795234,24.25749509666573,16.470588235294116,41.860465116279066
Kyle Daukaus,Men’s Middleweight,8,1.4954877524709929,0.34523809523809523,2.475290073055436,0.4897959183673469,0.4641168886978943,0.75,1.0829394069617533,0.8936170212765957,0.5930382466695316,0.8846153846153846,0.28362698753760207,0.8461538461538461,2.0369574559518693,0.41798941798941797,1.7533304684142674,0.4657534246575342,0.23205844434894715,0.8181818181818182,0.8250966910184788,0.9142857142857143,0.28362698753760207,0.6111111111111112,1.2634293081220456,0.6533333333333333,2.0202020202020203,2.684563758389262,0.5156854318865493,0.6896551724137931,2.0885259991405243,0.7363636363636363,1.0,24.418604651162788,21.176470588235293,43.02325581395348,18.02325581395349,20.930232558139537,62.94117647058823,19.76744186046512,8.139534883720936,61.627906976744185,65.18987341772153,77.90697674418605,58.53658536585366,27.906976744186046,27.906976744186046,80.23255813953489,46.51162790697675,36.04651162790697,35.36585365853659,6.976744186046512,49.397590361445786,89.41176470588236,11.62790697674418,22.797537619699042,30.523255813953487,41.935704514363884,13.953488372093027,63.40889019723286,68.22178105501986,27.906976744186046,63.372093023255815,35.70618264322178,28.187167273746148,89.41176470588236,11.62790697674418
Azamat Bekoev,Men’s Middleweight,4,2.9171270718232045,0.4631578947368421,4.740331491712707,0.6217391304347826,1.292817679558011,0.6290322580645161,1.0607734806629836,0.8648648648648649,0.36464088397790057,0.9166666666666666,1.0276243093922652,0.9393939393939394,3.016574585635359,0.4482758620689655,5.403314917127072,0.6626016260162602,0.5966850828729282,0.72,0.696132596685083,0.7777777777777778,0.9613259668508288,0.8055555555555556,0.7292817679558011,0.8148148148148148,2.1739130434782608,0.0,1.558011049723757,0.7704918032786885,1.4254143646408841,0.7962962962962963,1.0,66.27906976744185,72.94117647058823,4.651162790697663,5.813953488372087,84.88372093023256,24.705882352941178,22.093023255813954,10.46511627906977,41.86046511627907,77.21518987341773,11.62790697674418,24.390243902439025,58.139534883720934,51.162790697674424,9.302325581395346,4.651162790697663,86.04651162790698,67.07317073170732,16.27906976744186,22.89156626506024,92.3529411764706,83.72093023255815,69.61012311901504,5.232558139534875,54.794801641586865,16.27906976744186,59.5378274948484,18.0090754395916,54.65116279069768,6.9767441860465045,76.55984117980715,19.58531801625105,92.3529411764706,83.72093023255815
Tresean Gore,Men’s Middleweight,7,1.9601593625498008,0.38924050632911394,3.585657370517928,0.4658385093167702,0.5258964143426295,0.7333333333333333,2.4701195219123506,0.7828282828282829,0.9243027888446215,0.8405797101449275,0.9402390438247012,1.0,2.8685258964143427,0.46632124352331605,6.2629482071713145,0.5813609467455622,0.3665338645418327,0.696969696969697,0.46215139442231074,0.7631578947368421,0.1752988047808765,1.0,0.27091633466135456,0.6538461538461539,0.0,0.9111617312072893,0.5418326693227091,0.7727272727272727,0.7330677290836654,0.71875,1.0,32.55813953488372,34.11764705882353,15.116279069767439,23.255813953488364,27.906976744186046,57.647058823529406,1.1627906976744187,27.906976744186046,83.72093023255815,48.10126582278481,16.27906976744186,9.756097560975604,52.32558139534884,62.7906976744186,4.651162790697663,8.139534883720936,37.2093023255814,70.73170731707317,46.51162790697675,56.626506024096386,16.470588235294116,38.372093023255815,33.33789329685362,19.1860465116279,42.77701778385773,14.534883720930232,65.91109802767147,13.017583664208733,57.55813953488372,6.3953488372092995,53.97050482132728,51.569066965536564,16.470588235294116,38.372093023255815
Cesar Almeida,Men’s Middleweight,6,1.372175333514838,0.46153846153846156,1.4701878573373264,0.46632124352331605,1.2414919684181867,0.7169811320754716,0.4737271984753607,0.8529411764705882,0.8657772937653144,0.7910447761194029,0.3757146746528723,1.0,2.6790089844813503,0.5655172413793104,1.9275796351756058,0.5388127853881278,0.49006261911244214,0.9375,0.09801252382248843,0.6666666666666666,0.31037299210454666,0.5757575757575758,0.2940375714674653,0.8181818181818182,0.4694835680751174,2.112676056338028,0.8004356112169888,0.7538461538461538,0.3920500952899537,0.7741935483870968,1.0,18.6046511627907,71.76470588235294,84.88372093023257,22.093023255813954,83.72093023255815,45.88235294117647,77.90697674418605,12.790697674418604,79.06976744186046,22.78481012658228,70.93023255813954,9.756097560975604,41.86046511627907,90.69767441860465,73.25581395348838,12.790697674418604,62.7906976744186,61.58536585365854,63.95348837209302,28.915662650602407,55.294117647058826,12.790697674418604,45.18467852257182,53.48837209302326,64.8016415868673,45.34883720930233,50.927288784221375,40.34316505955757,66.27906976744185,43.0232558139535,62.18803176403857,46.43457551134772,55.294117647058826,12.790697674418604
Robert Valentin,Men’s Middleweight,5,0.7098591549295775,0.4666666666666667,2.028169014084507,0.6451612903225806,0.23661971830985917,0.6363636363636364,0.27042253521126763,0.8888888888888888,0.2028169014084507,1.0,0.06760563380281691,1.0,0.5408450704225353,0.38095238095238093,0.7774647887323944,0.5,0.4056338028169014,0.8571428571428571,0.033802816901408454,0.5,0.2028169014084507,1.0,1.5549295774647889,0.8214285714285714,0.0,1.4285714285714286,0.6084507042253522,0.9,1.5887323943661973,0.8103448275862069,1.0,9.30232558139535,75.29411764705883,60.46511627906977,2.906976744186048,8.13953488372093,25.882352941176475,95.34883720930233,9.302325581395346,18.6046511627907,94.9367088607595,94.18604651162791,9.756097560975604,3.488372093023256,16.27906976744186,96.51162790697676,25.581395348837212,44.18604651162791,96.34146341463415,15.116279069767439,19.277108433734945,16.470588235294116,22.093023255813954,42.29822161422709,31.686046511627907,17.010943912448703,52.32558139534884,56.7706800117751,51.971072036301756,9.883720930232558,61.04651162790698,70.26375496313102,17.19669375175119,16.470588235294116,22.093023255813954
Gilbert Urbina,Men’s Middleweight,5,4.451173353520061,0.5240641711229946,2.6343679031037093,0.3945578231292517,1.3626040878122634,0.7317073170731707,1.3171839515518546,0.8285714285714286,0.8629825889477669,0.7307692307692307,0.7721423164269493,1.0,3.2248296744890235,0.4329268292682927,3.6790310370931114,0.47368421052631576,0.9992429977289933,0.8148148148148148,0.7721423164269493,0.8095238095238095,2.4526873580620743,0.8571428571428571,0.2725208175624527,0.8571428571428571,2.0408163265306123,2.8846153846153846,3.4519303557910677,0.8444444444444444,1.044663133989402,0.8214285714285714,1.0,90.69767441860465,85.88235294117646,36.04651162790697,60.46511627906977,88.37209302325581,54.70588235294118,10.46511627906977,16.27906976744186,77.90697674418605,13.924050632911392,23.255813953488364,9.756097560975604,60.46511627906976,39.53488372093023,29.06976744186047,40.116279069767444,97.67441860465115,89.02439024390245,29.06976744186047,15.662650602409649,90.58823529411765,9.302325581395346,88.29001367989056,48.25581395348837,71.5389876880985,13.372093023255815,45.91551368854872,16.505955757231984,50.0,34.59302325581396,93.3494044242768,22.36620902213506,90.58823529411765,9.302325581395346
Danny Barlow,Men’s Middleweight,4,3.778110944527736,0.44680851063829785,2.991004497751124,0.39465875370919884,0.7646176911544228,0.6938775510204082,1.1469265367316341,0.7285714285714285,1.0794602698650675,0.8,0.4947526236881559,0.88,5.419790104947526,0.5095137420718816,4.362818590704648,0.46522781774580335,0.04497751124437781,0.6666666666666666,0.13493253373313344,1.0,0.15742128935532232,0.7777777777777778,0.13493253373313344,0.6666666666666666,0.4,0.4854368932038835,0.20239880059970014,0.75,0.2698650674662669,0.8,1.0,80.23255813953489,62.35294117647059,27.906976744186046,59.302325581395344,52.32558139534884,41.17647058823529,17.44186046511627,56.97674418604651,87.20930232558139,27.21518987341772,56.97674418604651,53.65853658536585,89.53488372093024,76.74418604651163,16.27906976744186,47.674418604651166,12.790697674418606,57.3170731707317,80.23255813953489,21.686746987951814,51.76470588235295,48.837209302325576,71.29274965800273,43.604651162790695,46.75102599179206,37.20930232558139,57.21224609949955,55.317640385706184,83.13953488372093,31.976744186046513,35.053885422575156,50.95965256374335,51.76470588235295,48.837209302325576
Robert Bryczek,Men’s Middleweight,3,1.701957650819017,0.31004366812227074,3.1881741909708348,0.3855072463768116,0.815021973631642,0.5573770491803278,0.4554534558529764,0.5588235294117647,0.2876548142229325,0.6666666666666666,0.8629644426687973,0.8780487804878049,2.1574111066719937,0.33962264150943394,3.2121454254894126,0.39644970414201186,0.26368357970435474,0.5,0.21574111066719934,0.5625,0.3835397522972433,0.7619047619047619,1.0787055533359968,0.6818181818181818,0.8547008547008547,0.5319148936170213,0.6472233320015981,0.627906976744186,1.2944466640031962,0.6585365853658537,1.0,26.744186046511626,8.235294117647058,19.76744186046512,66.27906976744187,58.139534883720934,11.76470588235294,81.39534883720931,91.86046511627907,31.3953488372093,8.860759493670885,18.604651162790695,54.8780487804878,30.23255813953488,8.13953488372093,43.02325581395348,80.23255813953489,47.674418604651166,12.195121951219512,23.255813953488364,78.31325301204818,67.05882352941175,46.51162790697675,17.489740082079344,43.0232558139535,34.952120383036934,86.62790697674419,20.128054165440094,36.74134997163925,19.186046511627907,61.627906976744185,29.93477027793534,50.78453348276827,67.05882352941175,46.51162790697675
Jackson McVey,Men’s Middleweight,3,3.7751004016064256,0.6351351351351351,2.008032128514056,0.6944444444444444,2.650602409638554,0.7857142857142857,0.642570281124498,0.8,0.08032128514056225,1.0,0.7228915662650601,1.0,1.2048192771084336,0.39473684210526316,1.7670682730923692,0.7857142857142857,4.1767068273092365,0.8524590163934426,1.4457831325301203,0.75,1.1244979919678715,0.7777777777777778,0.1606425702811245,0.6666666666666666,1.2345679012345678,0.0,5.301204819277108,0.8354430379746836,1.6064257028112447,0.7407407407407407,1.0,79.06976744186046,95.29411764705881,61.627906976744185,1.1627906976744187,100.0,78.82352941176471,59.302325581395344,23.255813953488364,13.953488372093023,94.9367088607595,26.744186046511622,9.756097560975604,12.790697674418606,20.930232558139537,77.90697674418605,1.1627906976744187,100.0,86.58536585365853,13.953488372093029,45.78313253012048,81.17647058823529,83.72093023255815,87.18194254445964,31.3953488372093,89.41176470588235,41.279069767441854,54.44509861642626,18.250141803743613,16.860465116279073,39.53488372093024,93.29268292682926,29.868310451106755,81.17647058823529,83.72093023255815
Ozzy Diaz,Men’s Middleweight,3,5.427561837455831,0.4830188679245283,5.893992932862191,0.33413461538461536,0.6360424028268552,0.75,0.6784452296819788,0.5517241379310345,0.2968197879858657,0.875,0.6784452296819788,1.0,6.148409893992933,0.5052264808362369,6.996466431095406,0.3691275167785235,0.21201413427561838,0.8333333333333334,0.04240282685512368,0.5,0.0,,0.21201413427561838,0.4166666666666667,0.0,1.1695906432748537,0.21201413427561838,0.8333333333333334,0.2544169611307421,0.42857142857142855,1.0,97.67441860465115,80.0,2.325581395348843,83.72093023255815,41.86046511627907,62.94117647058823,52.32558139534884,93.0232558139535,33.72093023255814,57.59493670886076,31.395348837209305,9.756097560975604,93.02325581395348,74.4186046511628,3.4883720930232673,89.53488372093024,15.11627906976744,85.36585365853658,82.55813953488372,95.18072289156626,16.470588235294116,31.395348837209305,88.83720930232558,43.0232558139535,52.40082079343365,72.67441860465117,45.65793347070945,20.575723199092455,83.72093023255815,46.511627906976756,50.24106636415201,88.869431213225,16.470588235294116,31.395348837209305
YiSak Lee,Men’s Middleweight,1,0.8181818181818182,0.2,3.8181818181818183,0.45161290322580644,0.27272727272727276,0.5,0.8181818181818182,0.75,1.6363636363636365,0.75,1.090909090909091,0.8,2.7272727272727275,0.4,4.909090909090909,0.5,0.0,,0.0,,0.0,,0.8181818181818182,0.75,0.0,4.761904761904762,0.0,,0.8181818181818182,0.75,1.0,10.465116279069768,1.1764705882352942,11.62790697674418,30.23255813953488,10.465116279069768,4.705882352941177,40.697674418604656,43.604651162790695,97.67441860465115,16.455696202531644,10.46511627906977,70.1219512195122,45.348837209302324,23.25581395348837,11.62790697674418,25.581395348837212,2.9069767441860463,,39.53488372093023,39.15662650602409,16.470588235294116,5.813953488372087,5.820793433652531,20.93023255813953,7.585499316005473,42.151162790697676,57.065057403591396,40.29353374929099,34.30232558139535,18.604651162790695,2.9069767441860463,39.34575511347716,16.470588235294116,5.813953488372087
Ben Johnston,Men’s Middleweight,1,0.9295774647887324,0.7333333333333333,0.5070422535211268,0.5454545454545454,0.08450704225352113,1.0,0.5070422535211268,1.0,0.0,,0.0,,0.0,0.0,0.5070422535211268,0.5454545454545454,0.16901408450704225,1.0,0.5070422535211268,1.0,0.8450704225352113,0.9090909090909091,0.0,,0.0,8.333333333333334,1.0140845070422535,0.9230769230769231,0.5070422535211268,1.0,1.0,13.953488372093023,100.0,97.67441860465117,10.46511627906977,2.3255813953488373,98.23529411764706,74.4186046511628,2.906976744186048,5.813953488372093,,98.25581395348838,,1.744186046511628,1.744186046511628,100.0,9.302325581395346,69.76744186046511,97.5609756097561,60.46511627906977,1.8072289156626404,16.470588235294116,3.4883720930232673,56.97674418604651,54.06976744186047,50.280437756497946,38.662790697674424,5.813953488372093,98.25581395348838,1.744186046511628,54.651162790697676,83.6642087351106,31.136172597366205,16.470588235294116,3.4883720930232673
Vlasto Cepo,Men’s Middleweight,1,4.918032786885246,0.22727272727272727,26.557377049180328,0.6,1.9672131147540985,1.0,1.9672131147540985,1.0,0.0,,0.9836065573770493,1.0,6.885245901639345,0.2916666666666667,7.868852459016394,0.36363636363636365,0.0,,0.0,,0.0,,21.639344262295083,0.8461538461538461,0.0,3.3333333333333335,0.0,,21.639344262295083,0.8461538461538461,1.0,94.18604651162791,2.3529411764705883,1.1627906976744187,8.139534883720936,97.67441860465115,98.23529411764706,5.813953488372087,2.906976744186048,5.813953488372093,,13.953488372093029,9.756097560975604,97.67441860465115,4.651162790697675,1.1627906976744187,93.0232558139535,2.9069767441860463,,1.1627906976744187,9.638554216867469,16.470588235294116,8.139534883720936,48.26949384404925,4.651162790697677,97.9548563611491,4.360465116279068,5.813953488372093,11.854792966534315,51.16279069767441,47.09302325581396,2.9069767441860463,5.400672457270944,16.470588235294116,8.139534883720936
Djorden Santos,Men’s Middleweight,3,5.83710407239819,0.3669985775248933,5.226244343891403,0.451171875,0.5429864253393665,0.6,1.176470588235294,0.6842105263157895,0.588235294117647,0.896551724137931,1.176470588235294,0.9122807017543859,6.6742081447963795,0.3912466843501326,7.239819004524886,0.5103668261562998,0.20361990950226244,0.75,0.1583710407239819,0.875,0.09049773755656108,0.6666666666666666,0.18099547511312217,0.8,0.0,0.0,0.2941176470588235,0.7222222222222222,0.33936651583710403,0.8333333333333334,1.0,98.83720930232558,27.058823529411764,3.4883720930232673,31.395348837209305,30.23255813953488,20.588235294117645,16.27906976744186,66.27906976744187,60.46511627906976,68.35443037974683,8.139534883720936,37.80487804878049,95.34883720930233,18.6046511627907,2.325581395348843,20.93023255813953,23.25581395348837,51.21951219512195,74.4186046511628,12.048192771084338,16.470588235294116,83.72093023255815,62.94801641586867,17.441860465116285,25.410396716826263,41.27906976744187,64.4097733294083,22.97220646625071,56.97674418604652,11.627906976744185,37.23766307430516,43.23339871112357,16.470588235294116,83.72093023255815
Tre'ston Vines,Men’s Middleweight,1,0.0,,2.376237623762376,0.4,0.0,,1.188118811881188,1.0,0.0,0.0,0.0,,0.0,0.0,0.594059405940594,0.2,0.0,,2.376237623762376,1.0,0.0,,0.594059405940594,0.3333333333333333,,16.666666666666668,0.0,,2.9702970297029703,0.7142857142857143,1.0,1.1627906976744187,,45.348837209302324,56.97674418604651,1.1627906976744187,,15.116279069767439,2.906976744186048,5.813953488372093,1.89873417721519,98.25581395348838,,1.744186046511628,1.744186046511628,97.67441860465117,100.0,2.9069767441860463,,2.325581395348843,59.03614457831325,,1.1627906976744187,1.1627906976744187,51.16279069767442,1.1627906976744187,9.011627906976743,3.8563438327936415,98.25581395348838,1.744186046511628,98.83720930232559,2.9069767441860463,30.680862986831045,,1.1627906976744187
Julien Leblanc,Men’s Middleweight,1,0.4225352112676056,0.3333333333333333,0.4225352112676056,0.14285714285714285,0.8450704225352113,1.0,0.8450704225352113,1.0,0.4225352112676056,1.0,1.6901408450704225,1.0,1.6901408450704225,0.6666666666666666,2.9577464788732395,0.5384615384615384,0.0,,0.0,,0.0,,0.0,,0.0,0.0,0.0,,0.0,,1.0,3.488372093023256,17.647058823529413,98.83720930232559,100.0,62.7906976744186,98.23529411764706,37.20930232558139,2.906976744186048,47.674418604651166,94.9367088607595,2.325581395348843,9.756097560975604,17.441860465116278,98.25581395348837,49.99999999999999,14.534883720930234,2.9069767441860463,,97.67441860465117,,16.470588235294116,83.72093023255815,10.567715458276334,99.4186046511628,80.51299589603283,20.05813953488372,71.30556373270534,6.040839478162224,57.848837209302324,32.26744186046511,2.9069767441860463,97.67441860465117,16.470588235294116,83.72093023255815
Ryan Loder,Men’s Middleweight,3,4.3702579666160855,0.6857142857142857,2.1851289833080427,0.4897959183673469,0.7283763277693476,0.7272727272727273,0.27314112291350534,0.6,0.0,,0.0,,0.7283763277693476,0.34782608695652173,1.9119878603945373,0.5384615384615384,0.6373292867981791,0.875,0.45523520485584223,0.45454545454545453,3.732928679817906,0.82,0.09104704097116845,0.25,0.0,11.11111111111111,4.3702579666160855,0.8275862068965517,0.5462822458270107,0.4,1.0,88.37209302325581,97.6470588235294,54.651162790697676,18.02325581395349,50.0,50.588235294117645,93.0232558139535,87.2093023255814,5.813953488372093,,98.25581395348838,,8.13953488372093,10.465116279069768,74.4186046511628,14.534883720930234,98.83720930232558,82.92682926829268,54.651162790697676,96.98795180722891,16.470588235294116,2.325581395348843,93.00957592339262,36.33720930232558,50.294117647058826,90.11627906976744,5.813953488372093,98.25581395348838,9.30232558139535,44.47674418604652,90.88201928530913,75.81955729896329,16.470588235294116,2.325581395348843
Cody Brundage,Men’s Middleweight,8,2.3896353166986564,0.4474393530997305,2.4904030710172744,0.4188861985472155,0.20153550863723607,0.5833333333333334,0.41746641074856045,0.47540983606557374,0.4750479846449136,0.868421052631579,0.38867562380038384,0.9310344827586207,2.173704414587332,0.4402332361516035,1.9433781190019193,0.38904899135446686,0.3166986564299424,0.6111111111111112,0.4750479846449136,0.6226415094339622,0.5758157389635317,0.7407407407407407,0.8781190019193857,0.5922330097087378,0.9389671361502347,0.0,0.8925143953934741,0.6888888888888889,1.3531669865642995,0.6025641025641025,1.0,53.48837209302325,64.70588235294117,39.53488372093023,46.51162790697675,6.976744186046512,15.88235294117647,83.72093023255815,98.83720930232559,50.0,53.16455696202531,68.6046511627907,29.878048780487802,31.3953488372093,46.51162790697674,72.09302325581396,84.88372093023257,65.11627906976744,34.146341463414636,18.604651162790695,84.33734939759036,70.58823529411765,83.72093023255815,59.09712722298221,43.02325581395349,11.42954856361149,91.27906976744187,51.58227848101265,49.24134997163925,38.95348837209302,78.48837209302326,49.63131026659104,51.47100028019052,70.58823529411765,83.72093023255815
Zach Reese,Men’s Middleweight,5,2.237017310252996,0.3971631205673759,2.8761651131824233,0.5142857142857142,1.4780292942743007,0.8222222222222222,2.436750998668442,0.6703296703296703,1.118508655126498,1.0,0.23968042609853527,0.8571428571428571,3.794940079893475,0.536723163841808,2.8761651131824233,0.46153846153846156,0.758988015978695,0.6785714285714286,2.237017310252996,0.8615384615384616,0.2796271637816245,0.7777777777777778,0.4394141145139813,0.6470588235294118,0.8264462809917356,0.7194244604316546,1.0386151797603196,0.7027027027027027,2.676431424766977,0.8170731707317073,1.0,43.02325581395349,40.0,32.558139534883715,15.116279069767439,90.69767441860465,88.23529411764706,2.325581395348843,70.93023255813954,89.53488372093024,94.9367088607595,81.39534883720931,56.70731707317073,73.25581395348837,83.72093023255815,52.32558139534884,51.16279069767442,72.09302325581395,40.243902439024396,3.4883720930232673,16.86746987951806,63.52941176470588,40.697674418604656,41.51162790697674,23.837209302325576,89.46648426812585,36.62790697674419,92.23579629084486,69.05133295519002,78.48837209302326,51.74418604651163,56.16846284741917,10.177920986270664,63.52941176470588,40.697674418604656
Andrey Pulyaev,Men’s Middleweight,4,1.407986825854261,0.375,1.5808974886784686,0.32160804020100503,0.8892548373816385,0.7058823529411765,0.7904487443392343,0.6274509803921569,0.22231370934540962,0.75,0.5434335117332235,0.8148148148148148,2.099629477151091,0.44041450777202074,2.0008233841086867,0.36486486486486486,0.37052284890901604,0.75,0.9139563606422396,0.6727272727272727,0.04940304652120214,1.0,0.0,,0.9803921568627451,1.694915254237288,0.4199258954302182,0.7727272727272727,0.9139563606422396,0.6727272727272727,1.0,22.093023255813954,30.58823529411765,81.39534883720931,86.04651162790698,66.27906976744185,42.35294117647059,41.860465116279066,80.23255813953489,23.25581395348837,16.455696202531644,48.837209302325576,65.85365853658536,29.069767441860467,47.674418604651166,69.76744186046513,91.86046511627907,31.3953488372093,70.73170731707317,33.72093023255814,73.49397590361446,72.35294117647058,18.02325581395349,26.3406292749658,83.72093023255815,54.31600547195622,61.04651162790698,19.855755078010006,57.345433919455466,38.372093023255815,80.8139534883721,51.063528077141235,53.6074530680863,72.35294117647058,18.02325581395349
Nick Klein,Men’s Middleweight,2,0.6703910614525139,0.3225806451612903,2.88268156424581,0.5733333333333334,0.4692737430167597,0.5384615384615384,0.6033519553072625,0.9,1.4078212290502792,0.9130434782608695,0.0,,1.9441340782122905,0.5370370370370371,1.206703910614525,0.47368421052631576,0.6033519553072625,0.6923076923076923,1.4078212290502792,0.7,0.0,,0.8715083798882681,0.7647058823529411,0.0,1.9230769230769231,0.6033519553072625,0.6923076923076923,2.2793296089385473,0.723404255319149,1.0,8.13953488372093,11.176470588235295,31.395348837209305,9.302325581395346,23.25581395348837,8.235294117647058,68.6046511627907,6.976744186046512,94.18604651162791,72.15189873417721,98.25581395348838,,25.581395348837212,84.88372093023256,91.86046511627907,40.116279069767444,43.02325581395349,36.58536585365854,4.651162790697663,53.01204819277108,16.470588235294116,15.116279069767439,9.658002735978112,20.348837209302324,15.745554035567714,37.79069767441861,83.16897262290256,98.25581395348838,55.23255813953489,65.98837209302326,39.804310833806014,28.831605491734372,16.470588235294116,15.116279069767439
Gerald Meerschaert,Men’s Middleweight,8,2.0454545454545454,0.4297082228116711,2.3106060606060606,0.37044534412955465,0.3787878787878788,0.7317073170731707,0.7702020202020202,0.8243243243243243,0.2398989898989899,0.8260869565217391,0.31565656565656564,0.7575757575757576,2.3106060606060606,0.45185185185185184,2.6767676767676765,0.4274193548387097,0.1893939393939394,0.75,0.16414141414141414,0.6190476190476191,0.16414141414141414,0.8125,0.5555555555555556,0.5238095238095238,0.0,1.486988847583643,0.35353535353535354,0.7777777777777778,0.7196969696969697,0.5428571428571428,1.0,34.883720930232556,61.1764705882353,47.674418604651166,72.09302325581396,16.27906976744186,54.70588235294118,44.18604651162791,18.604651162790695,26.744186046511626,38.607594936708864,75.5813953488372,82.92682926829268,33.72093023255814,52.32558139534884,56.97674418604651,68.6046511627907,25.581395348837212,74.39024390243902,47.674418604651166,91.56626506024095,16.470588235294116,20.93023255813953,48.03009575923393,59.88372093023256,35.49247606019152,31.3953488372093,32.67589049161025,79.25411230856494,43.02325581395349,62.79069767441861,49.985819625638115,69.62034183244606,16.470588235294116,20.93023255813953
Sedriques Dumas,Men’s Middleweight,8,0.8908441022821006,0.3050847457627119,1.5837228485015122,0.3779527559055118,0.39593071212537806,0.6153846153846154,0.6598845202089634,0.7017543859649122,0.6103931811932912,0.8222222222222222,0.2144624690679131,0.7222222222222222,1.4022546054440472,0.37610619469026546,1.4682430574649437,0.37083333333333335,0.09898267803134451,0.8571428571428571,0.2639538080835854,0.7272727272727273,0.39593071212537806,0.8571428571428571,0.7258729722298598,0.6567164179104478,0.0,2.0134228187919465,0.4949133901567226,0.8571428571428571,0.9898267803134452,0.6741573033707865,1.0,11.627906976744185,4.705882352941177,80.23255813953489,69.76744186046513,17.441860465116278,23.52941176470588,56.97674418604651,62.7906976744186,65.11627906976744,32.91139240506329,87.2093023255814,90.2439024390244,13.953488372093023,15.11627906976744,87.2093023255814,88.37209302325581,34.883720930232556,93.29268292682927,31.395348837209305,71.08433734939759,16.470588235294116,13.953488372093029,8.166894664842681,75.0,20.48563611491108,59.883720930232556,49.01383573741536,88.7266023823029,14.534883720930232,87.79069767441861,64.0882019285309,51.23984309330345,16.470588235294116,13.953488372093029
Marc-Andre Barriault,Men’s Middleweight,8,4.285714285714286,0.40846824408468246,4.677700348432056,0.4779706275033378,1.5156794425087108,0.7785234899328859,2.0121951219512195,0.7897435897435897,0.24825783972125437,0.8260869565217391,0.6925087108013938,0.8983050847457628,4.128919860627178,0.4207723035952064,5.566202090592335,0.5214198286413708,1.8554006968641115,0.6543778801843319,1.6724738675958188,0.7757575757575758,0.06533101045296168,0.7142857142857143,0.1437282229965157,0.5238095238095238,0.4319654427645788,0.35398230088495575,1.9207317073170733,0.65625,1.8162020905923346,0.7473118279569892,1.0,87.20930232558139,48.23529411764706,5.813953488372087,20.93023255813953,91.86046511627907,75.29411764705883,4.651162790697663,26.744186046511622,27.906976744186046,38.607594936708864,30.23255813953488,47.56097560975609,77.90697674418605,29.069767441860467,5.813953488372087,18.604651162790695,90.69767441860465,17.682926829268293,8.139534883720936,40.963855421686745,52.94117647058824,56.97674418604651,67.72229822161422,13.372093023255808,83.57729138166894,15.697674418604642,33.25728584044745,38.896766874645486,53.48837209302326,12.20930232558139,54.19030062393647,24.55169515270384,52.94117647058824,56.97674418604651
Antonio Trocoli,Men’s Middleweight,4,0.6670372429127293,0.35714285714285715,3.035019455252918,0.610738255033557,0.3668704836020011,0.55,1.2673707615341856,0.95,0.23346303501945526,0.875,1.1006114508060032,1.0,1.0672595886603669,0.43243243243243246,3.7687604224569204,0.6807228915662651,0.20011117287381877,0.6,1.0672595886603669,0.9142857142857143,0.0,,0.5669816564758199,0.8095238095238095,0.0,1.2345679012345678,0.20011117287381877,0.6,1.6342412451361867,0.875,1.0,6.976744186046512,25.882352941176475,26.744186046511622,6.976744186046512,15.11627906976744,9.411764705882353,12.790697674418604,5.813953488372087,25.581395348837212,57.59493670886076,9.302325581395346,9.756097560975604,10.465116279069768,38.372093023255815,26.744186046511622,3.4883720930232673,11.627906976744185,8.536585365853659,12.790697674418604,6.6265060240963924,16.470588235294116,30.23255813953488,16.429548563611494,16.860465116279066,12.264021887824896,9.302325581395346,41.58816602884899,9.529211571185474,24.41860465116279,15.116279069767444,10.082246171298923,9.708601849257498,16.470588235294116,30.23255813953488
Armen Petrosyan,Men’s Middleweight,7,1.9258965722211216,0.30623818525519847,1.8070140677630278,0.3486238532110092,1.2958192985932238,0.7730496453900709,0.8321775312066575,0.7291666666666666,2.6867446007529225,0.846441947565543,0.7846245294234199,0.8048780487804879,5.421042203289083,0.5158371040723982,3.2573806221517736,0.4612794612794613,0.2853180106994254,0.8275862068965517,0.15454725579552211,0.6842105263157895,0.20210025757875968,0.7083333333333334,0.011888250445809392,1.0,0.0,0.3472222222222222,0.4874182682781851,0.7735849056603774,0.1664355062413315,0.7,1.0,30.23255813953488,5.88235294117647,69.76744186046513,79.06976744186046,86.04651162790698,70.58823529411765,38.372093023255815,52.90697674418604,100.0,49.36708860759494,22.093023255813954,68.29268292682926,90.69767441860465,80.23255813953489,39.53488372093023,52.32558139534884,32.55813953488372,73.17073170731707,87.2093023255814,64.4578313253012,16.470588235294116,59.302325581395344,18.057455540355676,74.4186046511628,78.31737346101232,45.63953488372093,74.68354430379748,45.19285309132161,85.46511627906978,45.93023255813954,52.8644356211004,75.8335668254413,16.470588235294116,59.302325581395344
Dusko Todorovic,Men’s Middleweight,8,2.5136612021857925,0.583756345177665,1.8360655737704918,0.4077669902912621,0.6557377049180327,0.9090909090909091,1.005464480874317,0.7931034482758621,0.2185792349726776,0.9090909090909091,0.4371584699453552,0.8333333333333334,1.4863387978142077,0.5112781954887218,1.9672131147540983,0.4433497536945813,0.9617486338797814,0.9166666666666666,0.5901639344262295,0.7941176470588235,0.9398907103825137,0.7166666666666667,0.7213114754098361,0.6470588235294118,0.0,1.3333333333333333,1.901639344262295,0.8055555555555556,1.3114754098360655,0.7058823529411765,1.0,60.46511627906976,92.94117647058823,66.27906976744187,51.16279069767442,47.674418604651166,95.29411764705881,24.418604651162788,25.581395348837212,20.930232558139537,70.88607594936708,61.627906976744185,60.975609756097555,16.27906976744186,77.90697674418605,70.93023255813954,61.627906976744185,89.53488372093024,80.48780487804879,20.93023255813953,60.24096385542169,16.470588235294116,27.32558139534884,76.703146374829,58.720930232558146,71.48426812585498,25.0,45.90815425375331,61.30175836642087,47.09302325581396,66.27906976744185,85.01134429948951,40.58559820678061,16.470588235294116,27.32558139534884
Jose Daniel Medina,Men’s Middleweight,4,1.3154172560113155,0.3263157894736842,3.818953323903819,0.5202312138728323,0.594059405940594,0.5185185185185185,1.2305516265912306,0.6590909090909091,0.5516265912305516,1.0,0.594059405940594,0.9333333333333333,2.376237623762376,0.42424242424242425,4.497878359264498,0.5435897435897435,0.042432814710042434,0.5,0.4243281471004243,0.8333333333333334,0.042432814710042434,1.0,0.7213578500707214,0.68,0.0,1.5037593984962405,0.08486562942008487,0.6666666666666666,1.1456859971711457,0.7297297297297297,1.0,17.441860465116278,14.117647058823529,10.46511627906977,13.953488372093029,38.372093023255815,7.0588235294117645,13.953488372093029,75.5813953488372,54.65116279069767,94.9367088607595,40.697674418604656,28.048780487804876,34.883720930232556,34.883720930232556,15.116279069767439,10.46511627906977,5.813953488372093,23.170731707317074,27.906976744186046,50.60240963855422,16.470588235294116,19.76744186046512,15.779753761969904,12.2093023255814,22.71545827633379,44.76744186046512,74.79393582572858,34.37322745320476,34.883720930232556,12.790697674418604,14.492342597844583,39.25469319137014,16.470588235294116,19.76744186046512
Dustin Stoltzfus,Men’s Middleweight,8,1.4068606165870603,0.3068181818181818,1.862787668258793,0.43202416918429004,0.8597481545809813,0.7857142857142857,0.6643508467216674,0.7611940298507462,0.8727746417716022,0.881578947368421,0.3907946157186279,0.8333333333333334,2.4880590534085973,0.43707093821510296,2.540165002171081,0.49242424242424243,0.28658271819366044,0.6875,0.2214502822405558,0.8095238095238095,0.364741641337386,0.6511627906976745,0.15631784628745116,0.7058823529411765,0.8298755186721992,1.3392857142857142,0.6513243595310465,0.6666666666666666,0.37776812852800695,0.7631578947368421,1.0,20.930232558139537,7.0588235294117645,63.95348837209302,43.02325581395348,63.95348837209303,78.82352941176471,55.81395348837209,37.20930232558139,80.23255813953489,62.0253164556962,67.44186046511628,60.975609756097555,37.2093023255814,44.18604651162791,63.95348837209302,29.06976744186047,48.837209302325576,23.170731707317074,66.27906976744187,33.132530120481924,64.70588235294117,25.581395348837212,13.99452804377565,53.48837209302325,71.38850889192886,46.51162790697674,71.12893729761555,64.20873511060691,40.69767441860465,46.51162790697674,36.003970504821325,49.70579994396189,64.70588235294117,25.581395348837212
Abdul Razak Alhassan,Men’s Middleweight,8,2.17767023850674,0.49065420560747663,1.7213964742481853,0.31679389312977096,0.4562737642585551,0.7586206896551724,0.8710680954026961,0.7636363636363637,0.22813688212927755,0.55,0.5184929139301763,0.9259259259259259,1.4103007258900795,0.4121212121212121,2.6132042862080884,0.4090909090909091,0.5392326304873833,0.8387096774193549,0.3318354649153128,0.64,0.9125475285171102,0.6567164179104478,0.1659177324576564,0.7272727272727273,2.1739130434782608,1.3333333333333333,1.4517801590044936,0.7142857142857143,0.4977531973729692,0.6666666666666666,1.0,40.69767441860465,82.35294117647058,76.74418604651164,88.37209302325581,19.767441860465116,67.05882352941175,36.04651162790697,34.88372093023256,24.418604651162788,5.063291139240507,51.16279069767442,33.536585365853654,15.11627906976744,25.581395348837212,60.46511627906977,76.74418604651164,83.72093023255815,46.95121951219512,61.627906976744185,77.10843373493975,92.3529411764706,27.32558139534884,61.525307797537614,82.55813953488374,43.41313269493843,35.46511627906977,14.740947895201646,42.34968803176403,20.348837209302324,68.6046511627907,65.33607487237663,69.36817035584197,92.3529411764706,27.32558139534884
Dylan Budka,Men’s Middleweight,3,0.6302521008403361,0.234375,1.7647058823529411,0.5384615384615384,0.1680672268907563,0.5,0.5882352941176471,0.7777777777777778,0.0,0.0,0.12605042016806722,1.0,0.6302521008403361,0.21428571428571427,1.2605042016806722,0.4918032786885246,0.1680672268907563,1.0,0.8403361344537815,0.9090909090909091,0.0,,0.37815126050420167,0.5625,0.0,1.694915254237288,0.1680672268907563,1.0,1.218487394957983,0.7631578947368421,1.0,5.813953488372093,3.5294117647058822,70.93023255813954,11.62790697674418,4.651162790697675,4.705882352941177,69.76744186046513,30.23255813953488,5.813953488372093,1.89873417721519,91.86046511627907,9.756097560975604,5.813953488372093,3.488372093023256,90.69767441860465,30.23255813953488,10.465116279069768,99.39024390243902,26.744186046511622,33.132530120481924,16.470588235294116,18.02325581395349,4.6716826265389875,41.27906976744186,4.678522571819426,50.0,3.8563438327936415,50.80828133862734,4.651162790697674,60.46511627906976,54.92768009075439,29.938358083496773,16.470588235294116,18.02325581395349
Julian Marquez,Men’s Middleweight,8,3.9232639827073768,0.4074074074074074,4.474466360443124,0.45923460898502494,0.8430154012429074,0.6666666666666666,0.907862739800054,0.7777777777777778,0.3242366927857336,0.7692307692307693,0.3242366927857336,0.7692307692307693,3.4044852742502028,0.38391224862888484,3.939475817346663,0.46641074856046066,1.1348284247500675,0.6666666666666666,1.3455822750607944,0.6058394160583942,0.5512023777357471,0.7391304347826086,0.4215077006214537,0.6341463414634146,0.3184713375796178,1.4204545454545454,1.6860308024858148,0.6887417218543046,1.7670899756822482,0.6123595505617978,1.0,83.72093023255815,45.88235294117647,6.976744186046512,24.418604651162788,61.627906976744185,31.76470588235294,32.558139534883715,30.23255813953488,38.372093023255815,21.518987341772153,74.4186046511628,81.70731707317073,66.27906976744185,17.441860465116278,22.093023255813954,45.348837209302324,88.37209302325581,32.926829268292686,10.46511627906977,83.13253012048192,47.05882352941176,23.255813953488364,64.8016415868673,15.697674418604649,46.696306429548564,31.395348837209298,29.945540182513984,78.06296086216676,41.860465116279066,33.72093023255814,60.649461145774254,46.798823199775846,47.05882352941176,23.255813953488364
Ihor Potieria,Men’s Middleweight,8,2.9638139000574384,0.4105011933174224,3.5152211372774267,0.44835164835164837,0.5341757610568639,0.6888888888888889,0.8788052843193567,0.5666666666666667,0.913268236645606,0.9137931034482759,0.5169442848937392,0.6976744186046512,3.411832280298679,0.45622119815668205,2.6364158529580703,0.37777777777777777,0.5169442848937392,0.6122448979591837,0.6892590465249857,0.7407407407407407,0.48248133256749,0.717948717948718,1.585295807007467,0.7131782945736435,1.171875,0.7017543859649122,0.9994256174612293,0.6590909090909091,2.274554853532453,0.7213114754098361,1.0,67.44186046511628,49.411764705882355,16.27906976744186,32.558139534883715,29.069767441860467,38.82352941176471,33.72093023255814,89.53488372093024,82.55813953488372,73.41772151898735,53.48837209302325,93.90243902439025,67.44186046511628,53.48837209302325,58.13953488372093,87.2093023255814,68.6046511627907,19.51219512195122,5.813953488372087,55.42168674698795,78.82352941176471,43.02325581395348,58.42681258549932,24.418604651162788,33.94664842681259,61.627906976744185,77.98793052693554,73.69540555870675,60.46511627906976,72.67441860465117,44.05842314237096,30.61782011768002,78.82352941176471,43.02325581395348
Islam Makhachev,Men’s Welterweight,8,1.979776476849388,0.5195530726256983,1.1921234699308143,0.3137254901960784,0.5109100585417775,0.8727272727272727,0.7131452900478978,0.7282608695652174,0.18094731240021286,0.8947368421052632,0.2980308674827036,0.7777777777777778,1.8520489622139436,0.5240963855421686,1.628525811601916,0.3669064748201439,0.43640234167110165,0.8723404255319149,0.46833422032996275,0.8301886792452831,0.38318254390633316,0.6792452830188679,0.10643959552953698,0.6666666666666666,0.796812749003984,0.4830917874396135,0.8195848855774348,0.77,0.5747738158594997,0.7941176470588235,1.0,28.28282828282828,88.77551020408163,83.83838383838383,82.14285714285714,27.27272727272727,94.89795918367348,45.45454545454545,41.83673469387755,17.17171717171717,68.81720430107528,79.79797979797979,75.77319587628865,21.21212121212121,88.88888888888889,84.84848484848484,84.84848484848484,59.59595959595959,67.70833333333334,59.5959595959596,18.085106382978722,75.51020408163265,33.67346938775511,58.52916924345495,82.99062049062049,61.08534322820037,43.6456400742115,42.99446073639622,77.78558783713422,55.05050505050505,84.84848484848484,63.652146464646464,38.84053298946916,75.51020408163265,33.67346938775511
Max Holloway,Men’s Welterweight,8,2.7889701744513222,0.3845437616387337,3.032076533483399,0.3987566607460036,1.755768148564997,0.7428571428571429,0.6280247608328643,0.6503496503496503,1.161508159819921,0.7853881278538812,0.7023072594259988,0.8524590163934426,5.388857625211029,0.5047438330170778,3.9504783342712435,0.4462242562929062,0.1418120427687113,0.9130434782608695,0.19583567810917274,0.6744186046511628,0.1755768148564997,0.6666666666666666,0.2160945413618458,0.8648648648648649,0.47337278106508873,0.30959752321981426,0.317388857625211,0.7580645161290323,0.41193021947101854,0.7625,1.0,63.63636363636363,40.816326530612244,28.282828282828277,43.87755102040817,92.92929292929293,60.204081632653065,55.55555555555556,66.3265306122449,87.87878787878788,20.43010752688172,33.33333333333333,52.577319587628864,92.92929292929293,82.82828282828282,29.2929292929293,44.44444444444445,20.2020202020202,61.458333333333336,72.72727272727273,30.851063829787236,62.244897959183675,46.93877551020408,52.22634508348794,36.08018965161823,76.566687280973,60.941043083900226,54.1544477028348,42.955326460481096,87.87878787878788,36.86868686868688,40.83017676767677,51.789168278529985,62.244897959183675,46.93877551020408
Michael Morales,Men’s Welterweight,7,5.017543859649122,0.4627831715210356,1.8596491228070176,0.3302180685358255,0.42105263157894735,0.6857142857142857,0.7719298245614035,0.7333333333333333,0.8070175438596491,0.7666666666666667,0.5789473684210527,0.673469387755102,4.807017543859649,0.45439469320066334,3.0,0.4201474201474201,0.38596491228070173,0.5945945945945946,0.19298245614035087,0.6111111111111112,1.0526315789473684,0.821917808219178,0.017543859649122806,0.2,1.9662921348314606,0.0,1.4385964912280702,0.7454545454545455,0.21052631578947367,0.5217391304347826,1.0,94.94949494949495,76.53061224489795,65.65656565656565,78.57142857142857,18.181818181818183,36.734693877551024,35.35353535353535,38.26530612244898,69.6969696969697,11.827956989247312,43.43434343434343,91.75257731958763,90.9090909090909,51.515151515151516,46.46464646464647,60.60606060606061,87.87878787878788,53.125,86.86868686868686,94.68085106382979,92.85714285714286,79.08163265306122,85.74005359719645,72.1139971139971,27.458256029684605,36.80942073799217,40.76246334310851,67.59346037696554,71.21212121212122,53.535353535353536,70.50189393939394,90.77476896625834,92.85714285714286,79.08163265306122
Leon Edwards,Men’s Welterweight,8,1.1738987867526507,0.47480106100795755,2.019892884468248,0.43258426966292135,0.6951579407585529,0.8217054263565892,0.5508798775822494,0.7368421052631579,0.8197617225926331,0.946969696969697,0.3410208765985354,0.7027027027027027,2.315007104601596,0.6171328671328671,2.144496666302328,0.43253968253968256,0.25576565744890156,0.8666666666666667,0.36725325172149964,0.7466666666666667,0.11804568805333918,0.8571428571428571,0.400043720625205,0.8840579710144928,0.24390243902439024,0.22522522522522523,0.3738113455022407,0.8636363636363636,0.7672969723467046,0.8125,1.0,10.1010101010101,81.63265306122449,60.60606060606061,27.551020408163257,44.44444444444444,85.71428571428571,64.64646464646464,35.714285714285715,71.71717171717171,81.72043010752688,74.74747474747474,86.59793814432989,33.33333333333333,96.96969696969697,73.73737373737374,54.54545454545455,23.232323232323232,93.75,35.35353535353535,14.36170212765957,50.0,53.061224489795926,45.866831581117296,44.07854050711193,65.07936507936508,50.18037518037518,76.7188009123493,80.67270644590232,65.15151515151516,64.14141414141415,58.49116161616162,24.85761874059746,50.0,53.061224489795926
Sean Brady,Men’s Welterweight,8,2.7347062386432466,0.46594427244582043,1.5263476680799517,0.34146341463414637,0.2543912780133253,0.7777777777777778,0.5723803755299819,0.75,0.6359781950333132,0.8536585365853658,0.14536644457904302,0.7619047619047619,2.307692307692308,0.49320388349514566,1.7989097516656571,0.3707865168539326,0.18170805572380377,0.9090909090909091,0.336159903089037,0.8409090909090909,1.1356753482737736,0.5506607929515418,0.10902483343428225,0.631578947368421,0.0,0.4048582995951417,1.3173834039975774,0.5823293172690763,0.4451847365233192,0.7777777777777778,1.0,62.62626262626263,78.57142857142857,75.75757575757575,69.89795918367346,8.080808080808081,70.40816326530613,60.60606060606061,30.10204081632654,60.60606060606061,52.68817204301075,91.91919191919192,77.31958762886597,32.323232323232325,77.27272727272727,79.79797979797979,83.83838383838383,82.82828282828282,11.458333333333332,68.68686868686868,22.34042553191489,22.95918367346939,39.79591836734694,70.5988455988456,72.82776747062461,39.244485673057106,45.35405071119357,56.64711632453568,84.61938977402895,54.79797979797979,81.81818181818181,47.143308080808076,45.51364710939178,22.95918367346939,39.79591836734694
Belal Muhammad,Men’s Welterweight,8,3.2648932942247395,0.37940761636107195,2.463841407909376,0.41470888661899896,0.6614746636998078,0.7517241379310344,0.6554060888034793,0.72,0.1517143724082128,0.78125,0.9284919591382623,0.9216867469879518,3.55011631435218,0.4012345679012346,3.817133609790634,0.5040064102564102,0.13957722261555577,0.5227272727272727,0.17598867199352686,0.7837837837837838,0.3883887933650248,0.6881720430107527,0.05461717406695661,0.9,0.0,0.0,0.5279660159805806,0.635036496350365,0.23060584606048345,0.8085106382978723,1.0,78.78787878787878,38.775510204081634,40.4040404040404,39.79591836734694,39.39393939393939,64.28571428571429,52.525252525252526,46.93877551020408,15.151515151515152,17.20430107526882,21.212121212121204,26.8041237113402,60.60606060606061,26.262626262626267,30.303030303030297,17.171717171717177,39.39393939393939,22.916666666666664,85.85858585858585,15.957446808510639,22.95918367346939,79.08163265306122,58.781694495980204,40.09997938569367,51.83982683982684,49.732014017728304,16.177908113391986,24.0081224617307,43.43434343434344,23.737373737373737,31.155303030303028,50.90801633354825,22.95918367346939,79.08163265306122
Carlos Prates,Men’s Welterweight,8,2.621609987085665,0.4491150442477876,2.350408953938872,0.41935483870967744,0.7877744296168747,0.7093023255813954,0.5165733964700817,0.5970149253731343,0.9685751183814033,0.8426966292134831,1.4851485148514851,0.8041958041958042,3.9647008179078775,0.5256849315068494,4.1971588463194145,0.5208333333333334,0.03874300473525613,0.5,0.10331467929401636,0.5333333333333333,0.3745157124408093,0.7837837837837838,0.05165733964700818,0.8,3.5398230088495577,0.0,0.41325871717606544,0.7441860465116279,0.15497201894102453,0.6,1.0,58.58585858585859,67.3469387755102,46.46464646464647,37.755102040816325,54.54545454545454,48.97959183673469,68.68686868686868,81.63265306122449,78.78787878787878,48.38709677419355,10.101010101010104,68.04123711340206,72.72727272727273,89.8989898989899,24.24242424242425,14.141414141414131,28.28282828282828,51.041666666666664,90.9090909090909,89.36170212765957,95.91836734693877,79.08163265306122,62.96639868068439,42.1098742527314,51.762523191094616,75.15976087404658,63.58748778103617,39.07112360720608,81.31313131313132,19.19191919191919,39.662247474747474,90.13539651837525,95.91836734693877,79.08163265306122
Michael Chiesa,Men’s Welterweight,8,1.3756160274266125,0.36271186440677966,0.5913863295478895,0.19742489270386265,0.527105206770945,0.6833333333333333,0.37283051210627816,0.6304347826086957,0.025712449110777802,1.0,0.39854296121705596,0.7560975609756098,1.2856224555388902,0.36101083032490977,1.1956288836511677,0.31208053691275167,0.39854296121705596,0.62,0.1542746946646668,0.6,0.24426826655238912,0.6333333333333333,0.012856224555388901,0.5,0.0,0.0,0.6428112277694451,0.625,0.1671309192200557,0.5909090909090909,1.0,15.151515151515152,31.63265306122449,97.97979797979798,98.97959183673468,28.28282828282828,34.69387755102041,86.86868686868686,73.46938775510205,7.07070707070707,92.47311827956989,68.68686868686868,78.35051546391752,10.1010101010101,14.14141414141414,89.8989898989899,94.94949494949495,50.505050505050505,20.3125,89.8989898989899,91.48936170212765,22.95918367346939,79.08163265306122,23.392084106369822,98.47969490826634,31.48835291692434,80.16903731189446,49.77191267513848,73.51869207539309,12.121212121212121,92.42424242424242,35.40877525252525,90.69417580055878,22.95918367346939,79.08163265306122
Mike Malott,Men’s Welterweight,8,2.3706614276358877,0.42789598108747046,1.8205631958087756,0.3518987341772152,0.7858546168958743,0.7142857142857143,0.40602488539620174,0.7209302325581395,0.7858546168958743,0.8695652173913043,0.6024885396201703,0.696969696969697,3.3267845448592013,0.49320388349514566,2.174197773411919,0.38694638694638694,0.06548788474132286,0.4166666666666667,0.07858546168958744,0.3333333333333333,0.550098231827112,0.8571428571428571,0.5762933857236412,0.7719298245614035,1.6611295681063123,0.0,0.6155861165684349,0.7704918032786885,0.6548788474132285,0.6666666666666666,1.0,45.45454545454545,61.224489795918366,67.67676767676768,65.30612244897958,53.535353535353536,53.06122448979592,82.82828282828282,45.91836734693879,66.66666666666666,58.06451612903226,42.42424242424242,87.62886597938144,54.54545454545454,77.27272727272727,71.71717171717171,77.77777777777777,47.474747474747474,68.75,50.505050505050505,69.14893617021276,89.79591836734694,79.08163265306122,53.339517625231906,66.49144506287362,53.29828901257473,64.37332508761081,62.36559139784946,65.02655420181193,65.9090909090909,74.74747474747474,58.11237373737374,59.826993337631635,89.79591836734694,79.08163265306122
Jack Della Maddalena,Men’s Welterweight,8,2.974692911055202,0.453929539295393,2.8770164274086136,0.3302752293577982,1.2697942874056534,0.6941747572815534,0.6570963445315969,0.6379310344827587,0.5416605002219921,0.8026315789473685,0.6215776232055646,0.8641975308641975,4.111291993488234,0.5032608695652174,3.640668935918307,0.37477148080438755,0.4262246559123872,0.7619047619047619,0.3019091312712743,0.7083333333333334,0.24863104928222585,0.7567567567567568,0.2131123279561936,0.6666666666666666,0.7421150278293135,0.6410256410256411,0.674855705194613,0.76,0.5150214592274679,0.6904761904761905,1.0,69.6969696969697,73.46938775510205,31.313131313131308,77.55102040816325,89.8989898989899,41.83673469387755,50.505050505050505,71.42857142857142,53.535353535353536,27.956989247311824,39.3939393939394,46.39175257731959,75.75757575757575,81.81818181818183,32.32323232323233,81.81818181818181,52.52525252525253,64.58333333333334,63.63636363636363,61.702127659574465,69.38775510204081,24.489795918367353,71.58317872603587,54.43207586064728,65.86786229643373,60.96681096681096,40.74617139133268,42.89284598562949,78.78787878787878,57.07070707070707,58.55429292929294,62.66924564796905,69.38775510204081,24.489795918367353
Neil Magny,Men’s Welterweight,8,2.0062305295950154,0.47633136094674555,1.5700934579439252,0.42424242424242425,0.32398753894080995,0.7878787878787878,0.3987538940809969,0.8648648648648649,0.2367601246105919,0.6785714285714286,1.308411214953271,0.9292035398230089,1.4953271028037383,0.4225352112676056,2.4922118380062304,0.5509641873278237,0.2616822429906542,0.5675675675675675,0.13707165109034267,0.5789473684210527,0.8099688473520249,0.8333333333333334,0.6479750778816199,0.8,0.0,1.1406844106463878,1.071651090342679,0.7478260869565218,0.7850467289719626,0.75,1.0,30.303030303030305,82.6530612244898,72.72727272727273,32.6530612244898,14.14141414141414,72.44897959183673,83.83838383838383,7.142857142857143,22.22222222222222,6.451612903225806,11.111111111111114,25.773195876288657,13.131313131313133,35.35353535353536,63.63636363636363,9.090909090909093,70.70707070707071,57.291666666666664,33.33333333333333,34.04255319148936,22.95918367346939,13.265306122448981,56.47804576376005,52.69016697588127,43.29519686662544,45.490620490620486,14.336917562724015,18.442153493699884,24.242424242424246,36.36363636363636,63.99936868686869,33.687943262411345,22.95918367346939,13.265306122448981
Jake Matthews,Men’s Welterweight,8,2.3839009287925697,0.3473684210526316,1.8988648090815272,0.31239388794567063,0.9494324045407636,0.7479674796747967,0.6191950464396284,0.6451612903225806,0.37151702786377705,0.782608695652174,0.7946336429308565,0.7857142857142857,3.2301341589267283,0.4064935064935065,2.848297213622291,0.39260312944523473,0.25799793601651183,0.6578947368421053,0.3199174406604747,0.6595744680851063,0.21671826625386995,0.8076923076923077,0.14447884416924664,0.4666666666666667,0.2785515320334262,0.9345794392523364,0.4747162022703818,0.71875,0.46439628482972134,0.5844155844155844,1.0,47.474747474747474,26.53061224489796,64.64646464646464,84.6938775510204,66.66666666666666,63.26530612244898,58.58585858585859,69.38775510204081,41.41414141414141,18.817204301075268,27.27272727272728,74.22680412371133,52.52525252525253,29.292929292929294,50.505050505050505,75.75757575757575,34.34343434343434,41.14583333333333,67.67676767676768,92.55319148936171,53.06122448979592,17.3469387755102,37.00267985982272,74.67017109874251,64.96598639455782,63.9868068439497,30.115672857608338,50.749765698219306,40.909090909090914,63.13131313131313,37.744633838383834,80.1149795830647,53.06122448979592,17.3469387755102
Randy Brown,Men’s Welterweight,8,2.4670109007458403,0.3473344103392569,1.285140562248996,0.3137254901960784,0.8720596672403901,0.7238095238095238,0.757314974182444,0.7252747252747253,0.9638554216867469,0.865979381443299,1.2162937464142283,0.828125,3.7521514629948363,0.4308300395256917,2.363740676993689,0.4309623430962343,0.41308089500860584,0.75,0.642570281124498,0.8115942028985508,0.13769363166953527,0.8571428571428571,0.25243832472748134,0.7586206896551724,0.8,0.704225352112676,0.5507745266781411,0.7741935483870968,0.8950086058519793,0.7959183673469388,1.0,52.52525252525253,25.510204081632654,78.78787878787878,82.14285714285714,62.62626262626263,56.12244897959183,38.38383838383838,43.87755102040817,77.77777777777779,56.98924731182796,12.121212121212125,61.85567010309278,64.64646464646465,39.39393939393939,68.68686868686868,55.55555555555556,40.4040404040404,69.79166666666666,29.2929292929293,17.02127659574468,76.53061224489795,22.448979591836736,39.017728303442595,80.46536796536796,59.37435580292723,41.13069470212328,67.38351254480287,36.98844111215245,52.02020202020202,62.12121212121212,55.09785353535353,23.15710294433699,76.53061224489795,22.448979591836736
Gabriel Bonfim,Men’s Welterweight,7,2.795558458523841,0.3658119658119658,2.0901371652514698,0.2792321116928447,0.705421293272371,0.8059701492537313,0.7315480078380144,0.56,1.1365120836054867,0.8613861386138614,0.6139777922926192,0.6911764705882353,4.232527759634226,0.46153846153846156,2.913128674069236,0.3260233918128655,0.3527106466361855,0.6923076923076923,0.3919007184846506,0.7142857142857143,0.05225342913128674,0.3333333333333333,0.13063357282821686,0.6666666666666666,0.0,0.38022813688212925,0.40496407576747223,0.6078431372549019,0.5225342913128674,0.7017543859649122,1.0,64.64646464646465,33.6734693877551,57.57575757575757,91.83673469387755,45.45454545454545,82.6530612244898,44.44444444444445,86.73469387755102,85.85858585858585,55.91397849462365,41.41414141414142,89.69072164948453,79.7979797979798,58.58585858585859,48.48484848484848,91.91919191919192,26.262626262626267,15.625,61.61616161616162,56.38297872340426,22.95918367346939,40.816326530612244,49.15996701710988,74.70624613481756,64.05380333951763,65.58956916099774,70.88628217660475,65.55243153181297,69.1919191919192,70.2020202020202,20.943813131313135,58.99957016978294,22.95918367346939,40.816326530612244
Rinat Fakhretdinov,Men’s Welterweight,7,3.579952267303103,0.46296296296296297,2.2130614016055543,0.35789473684210527,0.6899544369711434,0.7162162162162162,0.8461705359080062,0.7303370786516854,0.7550444781948362,0.9354838709677419,0.5467563462790194,0.9545454545454546,3.3065740941635933,0.4712430426716141,2.7077457149056197,0.4007707129094412,0.8722065523974832,0.7127659574468085,0.6639184204816664,0.7611940298507462,0.8461705359080062,0.6701030927835051,0.234324148405294,0.8181818181818182,0.7772020725388601,0.0,1.7183770883054894,0.6910994764397905,0.8982425688869603,0.7752808988764045,1.0,85.85858585858585,77.55102040816327,51.515151515151516,62.244897959183675,43.43434343434344,55.10204081632652,30.303030303030297,40.816326530612244,63.63636363636363,78.49462365591397,47.474747474747474,17.525773195876287,53.535353535353536,63.63636363636363,56.56565656565657,71.71717171717171,90.9090909090909,31.25,28.282828282828277,25.531914893617014,72.44897959183673,79.08163265306122,81.70480313337455,56.880024737167595,49.26819212533498,35.55967841682127,71.0654936461388,32.50026033531188,58.58585858585859,64.14141414141415,61.07954545454545,26.907371588222645,72.44897959183673,79.08163265306122
Shavkat Rakhmonov,Men’s Welterweight,7,2.261139436931944,0.5396825396825397,1.236976280203946,0.39574468085106385,0.8512524939037907,0.8,0.4256262469518953,0.6808510638297872,0.13300820217246728,0.9090909090909091,0.5054311682553757,0.7169811320754716,1.8222123697628019,0.5310077519379846,1.7424074484593215,0.4517241379310345,0.784748392817557,0.7662337662337663,0.3591221458656617,0.7297297297297297,0.638439370427843,0.676056338028169,0.06650410108623364,0.625,0.4098360655737705,0.0,1.4231877632454,0.722972972972973,0.4256262469518953,0.7111111111111111,1.0,42.42424242424242,89.79591836734694,81.81818181818181,47.95918367346939,59.59595959595959,78.57142857142857,79.79797979797979,56.12244897959184,13.131313131313133,74.19354838709677,54.54545454545455,84.5360824742268,19.19191919191919,91.91919191919192,80.8080808080808,40.4040404040404,86.86868686868688,42.70833333333333,70.7070707070707,52.12765957446808,57.14285714285714,79.08163265306122,66.11008039579468,64.8886827458256,69.08369408369408,67.96021438878581,43.66243075920495,69.54076850984067,55.55555555555556,60.6060606060606,64.7885101010101,61.41736514076939,57.14285714285714,79.08163265306122
Joaquin Buckley,Men’s Welterweight,8,2.4275942366467764,0.3411042944785276,2.095764808615922,0.3314917127071823,0.7771794498617377,0.6953125,0.4977441420462815,0.6785714285714286,0.22704118760005823,0.8125,0.18337942075389319,0.75,2.2354824625236502,0.3427041499330656,1.7377383204773686,0.332220367278798,0.13971765390772814,0.5333333333333333,0.17464706738466015,0.6896551724137931,1.056614757677194,0.6111111111111112,0.8645029835540678,0.47596153846153844,0.7633587786259542,0.0,1.196332411584922,0.6008771929824561,1.039150050938728,0.5021097046413502,1.0,50.505050505050505,23.46938775510204,56.56565656565657,75.51020408163265,52.52525252525253,42.857142857142854,70.7070707070707,57.142857142857146,19.19191919191919,32.25806451612903,87.87878787878788,80.92783505154638,30.303030303030305,10.1010101010101,81.81818181818181,90.9090909090909,76.76767676767676,13.541666666666666,22.22222222222223,95.74468085106383,71.42857142857143,79.08163265306122,36.98721913007627,66.03793032364462,47.691197691197694,63.92496392496392,25.72499185402411,84.40331146516712,20.2020202020202,86.36363636363636,45.154671717171716,58.98345153664303,71.42857142857143,79.08163265306122
Muslim Salikhov,Men’s Welterweight,8,2.0004536176003627,0.393048128342246,1.7963256974370605,0.29464285714285715,1.2111589929689273,0.7478991596638656,1.0206396008165117,0.7009345794392523,0.5579496484463597,0.9318181818181818,0.5579496484463597,0.6949152542372882,3.0891358584713084,0.4881720430107527,2.531186210024949,0.34831460674157305,0.20412792016330233,0.7142857142857143,0.7076434565661147,0.7761194029850746,0.4762984803810388,0.6862745098039216,0.13608528010886822,0.7692307692307693,1.0830324909747293,0.8064516129032258,0.6804264005443411,0.6944444444444444,0.8437287366749829,0.775,1.0,29.292929292929294,44.89795918367347,69.69696969696969,88.77551020408163,83.83838383838383,62.244897959183675,17.171717171717177,53.061224489795926,54.54545454545454,77.41935483870968,45.45454545454545,88.65979381443299,48.484848484848484,73.73737373737373,61.61616161616162,86.86868686868686,53.535353535353536,33.85416666666667,31.313131313131308,26.59574468085107,83.6734693877551,20.40816326530612,37.09544423830138,79.23623995052566,73.04164089878375,35.116470830756555,65.98240469208211,67.05716963448921,61.11111111111111,74.24242424242425,43.694760101010104,28.95443799699119,83.6734693877551,20.40816326530612
Daniel Rodriguez,Men’s Welterweight,8,3.4693877551020407,0.36471990464839094,3.514739229024943,0.3559127439724455,1.8027210884353742,0.7327188940092166,0.9750566893424036,0.6142857142857143,1.0204081632653061,0.8823529411764706,1.0204081632653061,0.8035714285714286,5.90702947845805,0.47234814143245696,4.863945578231292,0.41569767441860467,0.18140589569160998,0.9411764705882353,0.30612244897959184,0.6428571428571429,0.20408163265306123,0.47368421052631576,0.3401360544217687,0.6122448979591837,0.5405405405405406,0.6172839506172839,0.3854875283446712,0.6181818181818182,0.6462585034013605,0.6263736263736264,1.0,83.83838383838383,32.6530612244898,21.212121212121204,64.28571428571428,93.93939393939394,59.183673469387756,24.24242424242425,79.59183673469387,82.82828282828282,62.903225806451616,15.151515151515156,69.0721649484536,93.93939393939394,65.65656565656566,17.171717171717177,66.66666666666667,24.242424242424242,18.75,53.535353535353536,84.04255319148936,64.28571428571429,25.510204081632654,58.24572253143681,42.74891774891774,76.56153370439085,51.91713048855906,72.86575431736722,42.11184004998438,79.79797979797979,41.919191919191924,21.49621212121212,68.78895336342146,64.28571428571429,25.510204081632654
Uros Medic,Men’s Welterweight,8,2.9082352941176475,0.47685185185185186,2.0329411764705885,0.33962264150943394,1.2423529411764707,0.6875,0.6494117647058824,0.5897435897435898,0.5082352941176471,1.0,0.7623529411764707,0.8709677419354839,3.5294117647058827,0.5102040816326531,2.710588235294118,0.3983402489626556,0.7058823529411765,0.6944444444444444,0.19764705882352943,0.5833333333333334,0.42352941176470593,0.8823529411764706,0.5364705882352941,0.6551724137931034,4.242424242424242,2.459016393442623,1.1294117647058823,0.7547169811320755,0.7341176470588235,0.6341463414634146,1.0,66.66666666666666,83.6734693877551,59.5959595959596,71.42857142857142,85.85858585858585,37.755102040816325,53.535353535353536,82.65306122448979,50.505050505050505,92.47311827956989,29.2929292929293,42.268041237113394,59.09090909090909,84.84848484848484,55.55555555555556,73.73737373737374,73.73737373737373,60.416666666666664,39.3939393939394,81.38297872340425,96.93877551020408,5.10204081632654,75.17006802721087,65.51226551226551,61.80684394970109,68.09420737992167,71.48908439231019,35.78048526502135,71.96969696969697,64.64646464646465,67.0770202020202,60.38845905867183,96.93877551020408,5.10204081632654
Joel Alvarez,Men’s Welterweight,8,3.5990002777006387,0.5482233502538071,1.4829214107192448,0.357429718875502,1.1163565676201055,0.8481012658227848,0.466537073035268,0.5490196078431373,0.4332129963898917,1.0,0.816439877811719,0.8032786885245902,3.76562066092752,0.576530612244898,2.116078866981394,0.41368078175895767,0.6998056095529019,0.8235294117647058,0.0833101916134407,0.625,0.6831435712302139,0.7321428571428571,0.5665093029713968,0.7391304347826086,0.32362459546925565,0.0,1.3829491807831158,0.7757009345794392,0.6498194945848376,0.7222222222222222,1.0,86.86868686868688,91.83673469387756,77.77777777777777,63.26530612244898,79.7979797979798,91.83673469387756,75.75757575757575,87.75510204081633,47.474747474747474,92.47311827956989,26.262626262626256,70.10309278350515,66.66666666666666,94.94949494949495,74.74747474747474,68.68686868686868,83.83838383838383,70.83333333333334,52.525252525252526,47.87234042553192,54.08163265306123,79.08163265306122,89.35271078128221,70.52154195011337,85.81735724592869,81.75633889919604,69.97393287715869,48.1828595230657,80.8080808080808,71.71717171717171,77.33585858585859,50.19879647539222,54.08163265306123,79.08163265306122
Myktybek Orolbai,Men’s Welterweight,6,2.079610073111292,0.45229681978798586,1.6409423233143787,0.39147286821705424,0.35743298131600326,0.7096774193548387,0.5523964256701869,0.7391304347826086,0.3411860276198213,0.75,0.503655564581641,0.8857142857142857,1.8521527213647442,0.4351145038167939,1.9821283509342,0.4280701754385965,0.0974817221770918,0.8571428571428571,0.30869212022745735,0.76,0.8285946385052803,0.6986301369863014,0.4061738424045492,0.8620689655172413,1.1695906432748537,0.6024096385542169,0.9260763606823721,0.7125,0.7148659626320065,0.8148148148148148,1.0,34.34343434343434,72.44897959183673,70.7070707070707,50.0,17.17171717171717,50.0,63.63636363636363,33.67346938775511,35.35353535353536,10.75268817204301,57.57575757575757,39.175257731958766,22.22222222222222,40.909090909090914,75.75757575757575,56.56565656565657,64.64646464646465,37.5,43.43434343434343,12.765957446808514,85.71428571428571,27.551020408163257,53.396206967635536,60.35353535353535,33.58585858585859,48.65491651205937,23.053111762789182,48.375507653858165,31.565656565656568,66.16161616161617,51.073232323232325,28.100150440575973,85.71428571428571,27.551020408163257
Kevin Holland,Men’s Welterweight,8,2.2985989492119088,0.4069767441860465,2.167250437828371,0.4583333333333333,0.7749562171628721,0.7283950617283951,0.6567425569176882,0.6756756756756757,1.1558669001751312,0.7927927927927928,0.45971978984238177,0.7446808510638298,2.837127845884413,0.4605543710021322,2.180385288966725,0.4797687861271676,0.893169877408056,0.7010309278350515,0.3415061295971979,0.7428571428571429,0.49912434325744304,0.6785714285714286,0.7618213660245183,0.58,0.6211180124223602,0.8,1.392294220665499,0.6928104575163399,1.1033274956217163,0.6222222222222222,1.0,44.44444444444444,50.0,55.55555555555556,17.3469387755102,51.515151515151516,57.14285714285714,51.515151515151516,61.22448979591837,86.86868686868688,24.731182795698924,61.61616161616162,83.50515463917526,43.43434343434344,57.57575757575758,70.7070707070707,24.24242424242425,84.84848484848484,32.29166666666667,20.202020202020208,86.17021276595744,67.3469387755102,21.428571428571434,47.22222222222222,36.45124716553288,54.32900432900433,56.369820655534944,55.7999348321929,72.56065812766843,50.505050505050505,47.474747474747474,58.57007575757576,53.186116483988826,67.3469387755102,21.428571428571434
Colby Covington,Men’s Welterweight,8,2.921429214292143,0.3080865603644647,2.3922239222392223,0.3858885017421603,0.7074070740707407,0.6752577319587629,1.042210422104221,0.7366412213740458,0.5886058860588606,0.8320610687022901,0.4212042120421204,0.8666666666666667,3.6234362343623436,0.3476683937823834,3.245432454324543,0.4386861313868613,0.34560345603456033,0.7111111111111111,0.43740437404374044,0.8901098901098901,0.24840248402484025,0.7540983606557377,0.17280172801728017,0.8205128205128205,0.0,0.5602240896358543,0.5940059400594006,0.7284768211920529,0.6102061020610205,0.8692307692307693,1.0,67.67676767676768,13.26530612244898,44.44444444444445,51.02040816326531,46.464646464646464,31.63265306122449,16.161616161616166,36.73469387755102,55.55555555555556,41.935483870967744,67.67676767676768,44.84536082474227,61.61616161616161,11.11111111111111,38.38383838383838,50.505050505050505,44.44444444444444,44.79166666666667,55.55555555555556,8.510638297872347,22.95918367346939,29.591836734693874,40.47103689960833,47.73242630385488,39.048649762935476,26.44815501958359,48.74551971326165,56.26106425075498,36.36363636363636,44.44444444444444,44.61805555555556,32.03309692671395,22.95918367346939,29.591836734693874
Conor McGregor,Men’s Welterweight,8,3.455357142857143,0.45104895104895104,4.084821428571428,0.45864661654135336,0.8839285714285714,0.7857142857142857,1.0178571428571428,0.6846846846846847,0.7901785714285714,0.8309859154929577,0.49553571428571425,0.6607142857142857,4.004464285714286,0.48303715670436187,3.2410714285714284,0.4245614035087719,0.65625,0.8305084745762712,1.1785714285714286,0.6929133858267716,0.46874999999999994,0.7142857142857143,1.1785714285714286,0.6518518518518519,1.8276762402088773,0.23923444976076555,1.125,0.7777777777777778,2.357142857142857,0.6717557251908397,1.0,81.81818181818183,69.38775510204081,11.111111111111114,15.81632653061225,63.63636363636363,71.42857142857143,18.181818181818187,55.10204081632653,67.67676767676768,40.86021505376344,59.5959595959596,93.81443298969072,73.73737373737373,69.6969696969697,39.3939393939394,58.58585858585859,72.72727272727273,72.39583333333334,6.060606060606062,65.95744680851064,90.81632653061224,52.04081632653062,75.60296846011133,13.463718820861683,67.53246753246754,36.64192949907236,54.26849136526556,76.70519629282515,71.71717171717171,48.98989898989899,72.56155303030303,36.00902643455835,90.81632653061224,52.04081632653062
Nicolas Dalby,Men’s Welterweight,8,2.702448210922787,0.3904761904761905,2.2504708097928434,0.4275491949910555,1.2617702448210923,0.7528089887640449,0.8286252354048964,0.7857142857142857,0.5084745762711864,0.782608695652174,0.3860640301318267,0.8541666666666666,2.6741996233521657,0.3874488403819918,2.7777777777777777,0.4765751211631664,1.591337099811676,0.7752293577981652,0.5932203389830508,0.7682926829268293,0.2071563088512241,0.7096774193548387,0.09416195856873823,0.5555555555555556,0.42105263157894735,0.2717391304347826,1.7984934086629,0.7670682730923695,0.687382297551789,0.73,1.0,61.61616161616161,42.857142857142854,50.505050505050505,30.612244897959176,88.88888888888889,65.3061224489796,31.313131313131308,17.3469387755102,51.515151515151516,18.817204301075268,69.69696969696969,51.54639175257732,38.38383838383838,21.21212121212121,53.535353535353536,29.2929292929293,91.91919191919192,66.66666666666666,46.46464646464647,43.617021276595736,59.183673469387756,50.0,52.23665223665223,40.55864770150484,77.09750566893425,24.330035044320752,35.16617790811339,60.621680724773505,29.797979797979796,41.41414141414142,79.29292929292929,45.0408338706211,59.183673469387756,50.0
Ian Machado Garry,Men’s Welterweight,5,1.9263157894736842,0.41123595505617977,1.6,0.41081081081081083,0.6105263157894737,0.6304347826086957,0.4631578947368421,0.7586206896551724,0.8947368421052632,0.8173076923076923,0.28421052631578947,0.7941176470588235,3.1052631578947367,0.4957983193277311,1.9263157894736842,0.4485294117647059,0.23157894736842105,0.6470588235294118,0.16842105263157894,0.64,0.09473684210526316,0.75,0.25263157894736843,0.8275862068965517,0.0,0.0,0.3263157894736842,0.6739130434782609,0.42105263157894735,0.7407407407407407,1.0,25.252525252525253,52.04081632653062,71.71717171717171,41.83673469387755,38.38383838383838,24.489795918367346,76.76767676767676,26.530612244897956,74.74747474747475,34.40860215053764,80.8080808080808,72.16494845360825,49.494949494949495,79.7979797979798,76.76767676767676,43.43434343434343,21.21212121212121,28.125,71.71717171717171,36.170212765957444,22.95918367346939,79.08163265306122,38.64667078952793,56.776953205524634,31.436817151102865,51.64914450628736,54.5780384490062,76.48651463084452,64.64646464646465,60.1010101010101,24.668560606060606,53.94369224156458,22.95918367346939,79.08163265306122
Sam Patterson,Men’s Welterweight,7,3.1341176470588237,0.4007220216606498,1.835294117647059,0.3299492385786802,0.42352941176470593,0.5172413793103449,0.2823529411764706,0.5,0.25411764705882356,0.6,0.6776470588235295,0.6486486486486487,3.5294117647058827,0.4098360655737705,2.428235294117647,0.36134453781512604,0.05647058823529412,0.5,0.0,,0.22588235294117648,0.6666666666666666,0.36705882352941177,0.8125,2.2222222222222223,0.0,0.2823529411764706,0.625,0.36705882352941177,0.8125,1.0,73.73737373737373,46.93877551020408,66.66666666666667,79.59183673469387,19.19191919191919,11.224489795918368,93.93939393939394,91.83673469387755,27.27272727272727,2.1505376344086025,36.36363636363636,95.87628865979381,59.09090909090909,31.313131313131315,66.66666666666667,85.85858585858585,18.181818181818183,20.3125,76.76767676767676,14.36170212765957,93.87755102040816,79.08163265306122,60.338074623788906,73.12925170068027,15.208204493918778,92.88806431663573,14.711632453567937,66.11996251171509,45.20202020202021,76.26262626262627,19.247159090909093,45.564689447668165,93.87755102040816,79.08163265306122
Punahele Soriano,Men’s Welterweight,8,3.5583067092651754,0.5582706766917294,1.485623003194888,0.4492753623188406,0.7667731629392971,0.8533333333333334,0.9464856230031948,0.8315789473684211,0.08386581469648562,0.7777777777777778,0.4672523961661342,0.9512195121951219,1.5095846645367412,0.3853211009174312,2.4680511182108624,0.5628415300546448,0.3953674121405751,0.868421052631579,0.347444089456869,0.7435897435897436,2.503993610223642,0.8326693227091634,0.08386581469648562,1.0,0.5434782608695652,0.4132231404958678,2.899361022364217,0.8373702422145328,0.43130990415335463,0.782608695652174,1.0,84.84848484848484,93.87755102040816,76.76767676767676,21.428571428571434,50.505050505050505,92.85714285714286,26.262626262626256,11.224489795918364,10.1010101010101,15.053763440860216,60.60606060606061,19.587628865979386,15.151515151515152,20.2020202020202,64.64646464646464,7.070707070707073,95.95959595959596,90.625,69.69696969696969,20.21276595744682,65.3061224489796,38.775510204081634,89.3630179344465,49.098124098124096,71.68109668109668,18.74355802927231,12.577386770935158,40.096844736019996,17.676767676767675,35.858585858585855,93.29229797979798,44.954867827208254,65.3061224489796,38.775510204081634
Bryan Battle,Men’s Welterweight,8,2.575290490870287,0.41705069124423966,2.077306141806972,0.4207492795389049,2.0061655205122126,0.7157360406091371,0.9532843253497747,0.8375,0.41261560350960397,0.90625,0.8679155797960636,0.8840579710144928,3.9269622954707137,0.48677248677248675,2.774484230495613,0.5078125,1.038653070903486,0.8021978021978022,0.5975812188759781,0.7924528301886793,0.028456248517903723,0.4,0.5264405975812189,0.6271186440677966,0.5698005698005698,0.36496350364963503,1.0671093194213896,0.78125,1.1240218164571971,0.7053571428571429,1.0,57.57575757575758,54.08163265306123,58.58585858585859,35.714285714285715,95.95959595959596,54.08163265306123,25.25252525252526,9.183673469387747,46.464646464646464,73.11827956989248,22.22222222222223,40.20618556701031,71.71717171717171,72.72727272727273,54.54545454545455,16.161616161616166,69.6969696969697,75.0,18.181818181818187,55.319148936170215,66.3265306122449,42.85714285714286,55.8286951144094,47.15007215007215,75.0206143063286,17.218099360956504,59.79146301726947,31.21420389461627,72.22222222222223,35.35353535353536,72.34848484848484,36.750483558994205,66.3265306122449,42.85714285714286
Jeremiah Wells,Men’s Welterweight,7,1.9406614785992218,0.4249201277955272,0.7003891050583658,0.384,0.3501945525291829,0.8275862068965517,0.42315175097276264,0.8787878787878788,0.058365758754863814,0.5,0.1605058365758755,0.9166666666666666,1.240272373540856,0.37117903930131,1.0068093385214008,0.4791666666666667,0.07295719844357977,0.625,0.14591439688715954,0.9090909090909091,1.0359922178988328,0.6283185840707964,0.13132295719844359,0.6,1.2422360248447204,2.272727272727273,1.1089494163424125,0.628099173553719,0.2772373540856031,0.7307692307692307,1.0,26.262626262626267,60.204081632653065,95.95959595959596,53.061224489795926,15.151515151515152,86.73469387755102,80.8080808080808,6.1224489795918275,8.080808080808081,1.0752688172043012,90.9090909090909,30.9278350515464,8.080808080808081,17.17171717171717,92.92929292929293,25.25252525252526,71.71717171717171,21.875,82.82828282828282,42.5531914893617,86.73469387755102,6.1224489795918275,43.233353947639664,74.51041022469595,50.94310451453309,43.46526489383631,4.578038449006192,60.91846298031865,12.626262626262626,59.09090909090909,46.796085858585855,62.69073715882226,86.73469387755102,6.1224489795918275
Michael Page,Men’s Welterweight,5,1.36,0.4834123222748815,0.6,0.225,0.4666666666666667,0.813953488372093,0.4266666666666667,0.7111111111111111,0.32,0.7741935483870968,0.5466666666666666,0.6507936507936508,1.9866666666666666,0.5539033457249071,1.0933333333333333,0.3166023166023166,0.12,0.75,0.24,0.72,0.04,0.75,0.24,0.75,0.0,0.0,0.16,0.75,0.48,0.7346938775510204,1.0,14.14141414141414,84.6938775510204,96.96969696969697,97.95918367346938,22.22222222222222,83.6734693877551,78.78787878787878,48.97959183673469,32.323232323232325,13.978494623655912,48.48484848484848,94.84536082474226,25.252525252525253,92.92929292929293,90.9090909090909,93.93939393939394,11.11111111111111,58.854166666666664,64.64646464646464,40.42553191489361,22.95918367346939,79.08163265306122,49.417645846217276,97.46444032158317,52.94784580498866,63.88373531230674,23.15086347344412,71.66510465479537,59.09090909090909,92.42424242424242,34.982638888888886,52.535998280679124,22.95918367346939,79.08163265306122
Khaos Williams,Men’s Welterweight,8,2.464638635923271,0.26044226044226043,3.8480914551443517,0.5220820189274448,1.0463088548730866,0.6716417910447762,0.7556675062972292,0.7386363636363636,1.56946328230963,0.7105263157894737,1.174191048246464,0.8706896551724138,4.580507653555513,0.36891385767790263,4.5456306917264095,0.5438108484005564,0.32551831040496026,0.5833333333333334,1.0114318930439838,0.8877551020408163,0.17438480914551444,0.6818181818181818,0.22088742491765162,0.9047619047619048,0.9153318077803204,0.0,0.49990311955047473,0.6142857142857143,1.2323193179616354,0.8907563025210085,1.0,51.515151515151516,6.122448979591836,15.151515151515156,5.10204081632654,72.72727272727273,30.612244897959183,40.4040404040404,34.693877551020414,94.94949494949495,7.526881720430108,13.131313131313135,43.29896907216495,86.86868686868688,16.161616161616163,21.212121212121204,11.111111111111114,37.37373737373738,16.666666666666664,16.161616161616166,7.446808510638292,81.63265306122449,79.08163265306122,28.818800247371676,10.126777983920848,51.66975881261596,37.548958977530404,51.23818833496253,28.215141101739043,51.51515151515152,16.16161616161616,27.02020202020202,11.804212336127229,81.63265306122449,79.08163265306122
Gilbert Burns,Men’s Welterweight,8,1.9604395604395604,0.4137291280148423,3.7362637362637363,0.44831223628691985,0.6681318681318681,0.8,0.756043956043956,0.7610619469026548,0.589010989010989,0.8072289156626506,0.5098901098901099,0.90625,2.804395604395604,0.4848024316109423,4.351648351648351,0.4833984375,0.24615384615384617,0.8,0.26373626373626374,0.75,0.16703296703296702,0.7916666666666666,0.3868131868131868,0.7213114754098361,0.0,1.054481546572935,0.41318681318681316,0.7966101694915254,0.6505494505494506,0.7326732673267327,1.0,27.27272727272727,53.06122448979592,16.161616161616166,22.448979591836736,41.41414141414141,78.57142857142857,39.3939393939394,25.510204081632654,56.56565656565656,31.182795698924732,53.535353535353536,32.98969072164948,42.42424242424242,71.71717171717171,22.22222222222223,21.212121212121204,27.27272727272727,77.08333333333334,51.515151515151516,41.48936170212766,22.95918367346939,16.3265306122449,40.16697588126159,19.30529787672645,59.99278499278499,32.45207173778603,43.874226132290644,43.26252212850151,57.070707070707066,21.717171717171716,52.178030303030305,46.502256608639584,22.95918367346939,16.3265306122449
Charles Radtke,Men’s Welterweight,7,2.1215469613259668,0.5059288537549407,1.160220994475138,0.34146341463414637,0.13259668508287292,0.8,0.7624309392265193,0.6216216216216216,0.24861878453038674,0.8823529411764706,0.5303867403314917,0.6666666666666666,1.6740331491712706,0.47417840375586856,1.707182320441989,0.3992248062015504,0.19889502762430938,0.5454545454545454,0.46408839779005523,0.6363636363636364,0.6298342541436464,0.8444444444444444,0.281767955801105,0.68,1.3245033112582782,1.3513513513513513,0.8287292817679558,0.746268656716418,0.7458563535911602,0.6521739130434783,1.0,36.36363636363637,86.73469387755102,86.86868686868686,69.89795918367346,6.0606060606060606,78.57142857142857,37.37373737373738,76.53061224489795,25.252525252525253,62.903225806451616,51.515151515151516,92.78350515463917,17.17171717171717,66.66666666666666,83.83838383838383,72.72727272727273,60.60606060606061,55.208333333333336,37.37373737373738,74.46808510638299,87.75510204081633,11.224489795918364,61.5491651205937,78.38332302618016,42.316017316017316,56.95217480931767,44.07787552948844,72.14932833489534,41.91919191919192,78.28282828282829,57.90719696969697,55.92091124006018,87.75510204081633,11.224489795918364
Elizeu Zaleski dos Santos,Men’s Welterweight,8,2.2206329340246738,0.3344103392568659,2.488825317360987,0.3979416809605489,0.9333094940103701,0.6492537313432836,0.7509386733416771,0.6481481481481481,0.9869479706776327,0.8288288288288288,0.8474879313427498,0.8977272727272727,3.1110316467012336,0.4096045197740113,3.3148578580368318,0.4510948905109489,0.6436617200071518,0.6593406593406593,0.26819238333631323,0.8064516129032258,0.38619703200429106,0.5538461538461539,0.5042016806722689,0.746031746031746,0.0,0.5249343832020997,1.0298587520114428,0.6153846153846154,0.7723940640085821,0.7659574468085106,1.0,40.4040404040404,21.428571428571427,38.38383838383838,45.91836734693879,65.65656565656566,27.55102040816326,42.42424242424242,67.34693877551021,79.7979797979798,39.784946236559136,24.24242424242425,37.11340206185568,50.505050505050505,30.303030303030305,36.36363636363636,41.41414141414142,67.67676767676768,17.708333333333336,34.34343434343435,29.787234042553195,22.95918367346939,31.63265306122449,30.916305916305916,42.15110286538858,46.603793032364464,54.885590599876316,59.79146301726947,30.677913152139965,40.4040404040404,38.888888888888886,42.692550505050505,32.065334192993774,22.95918367346939,31.63265306122449
Jonathan Micallef,Men’s Welterweight,3,2.700129813933362,0.35374149659863946,2.2847252271743836,0.34375,1.194288186932064,0.7931034482758621,0.5452185201211597,0.4883720930232558,0.23366508005192557,0.8181818181818182,0.9606231068801385,0.9024390243902439,3.7646040675032455,0.4239766081871345,3.504976200778884,0.4179566563467492,0.3115534400692341,0.7058823529411765,0.2077022933794894,0.6153846153846154,0.05192557334487235,0.5,0.07788836001730852,0.75,0.6289308176100629,0.0,0.36347901341410643,0.6666666666666666,0.28559065339679796,0.6470588235294118,1.0,60.60606060606061,28.57142857142857,48.48484848484848,68.36734693877551,82.82828282828282,75.51020408163265,66.66666666666667,94.89795918367346,20.2020202020202,35.483870967741936,18.181818181818187,35.05154639175258,65.65656565656566,36.36363636363637,34.34343434343435,62.62626262626263,22.22222222222222,26.5625,81.81818181818181,76.59574468085107,68.36734693877551,79.08163265306122,44.58874458874459,58.42609771181199,79.16924345495774,80.78231292517006,27.84294558488107,26.616682286785384,51.01010101010101,48.48484848484849,24.39236111111111,79.20696324951643,68.36734693877551,79.08163265306122
Daniil Donchenko,Men’s Welterweight,3,3.4571062740076828,0.45454545454545453,2.266325224071703,0.2706422018348624,2.1126760563380285,0.7746478873239436,0.46094750320102434,0.46153846153846156,2.496798975672215,0.9558823529411765,0.0768245838668374,1.0,6.376440460947504,0.6125461254612546,2.4199743918053778,0.27391304347826084,0.88348271446863,0.696969696969697,0.38412291933418696,0.625,0.8066581306017926,0.6363636363636364,0.0,,1.9047619047619047,0.0,1.6901408450704227,0.6666666666666666,0.38412291933418696,0.625,1.0,82.82828282828282,74.48979591836735,49.494949494949495,92.85714285714285,98.98989898989899,69.38775510204081,77.77777777777777,96.93877551020408,98.98989898989899,82.79569892473118,94.94949494949495,6.701030927835053,96.96969696969697,95.95959595959596,67.67676767676768,97.97979797979798,89.8989898989899,26.5625,74.74747474747474,85.1063829787234,91.83673469387756,79.08163265306122,78.65903937332509,71.17604617604617,84.1888270459699,87.35827664399093,90.89279895731508,50.825262938665,96.46464646464646,82.82828282828282,58.23074494949495,79.92692886309908,91.83673469387756,79.08163265306122
Jacobe Smith,Men’s Welterweight,3,4.893350062735257,0.5803571428571429,1.9573400250941029,0.4262295081967213,1.1292346298619824,0.8333333333333334,0.6022584692597239,0.6153846153846154,0.8281053952321205,0.7857142857142857,1.053952321204517,0.9333333333333333,4.215809284818068,0.5656565656565656,3.0112923462986196,0.5263157894736842,0.15056461731493098,1.0,0.30112923462986196,0.8,2.4843161856963616,0.7674418604651163,0.30112923462986196,0.5,1.098901098901099,0.0,2.6348808030112925,0.7777777777777778,0.6022584692597239,0.6153846153846154,1.0,93.93939393939394,95.91836734693877,61.61616161616162,31.63265306122449,80.8080808080808,87.75510204081633,59.5959595959596,77.55102040816325,72.72727272727273,21.50537634408602,14.141414141414131,24.742268041237114,78.78787878787878,93.93939393939394,45.45454545454545,12.121212121212125,94.94949494949495,72.39583333333334,57.57575757575757,87.23404255319149,84.6938775510204,79.08163265306122,94.92888064316635,46.624407338693054,84.28159142444856,68.57349000206142,47.116324535679375,19.44184109132562,86.36363636363636,28.78787878787879,83.67266414141415,72.40490006447453,84.6938775510204,79.08163265306122
Geoff Neal,Men’s Welterweight,8,4.209860935524652,0.48826979472140764,3.5777496839443743,0.36005089058524176,0.46776232616940583,0.7115384615384616,1.6182048040455121,0.7852760736196319,0.40455120101137804,0.9411764705882353,0.7332490518331227,0.9206349206349206,4.450063211125158,0.5057471264367817,5.195954487989886,0.43816631130063965,0.5436156763590392,0.7049180327868853,0.695322376738306,0.7746478873239436,0.08849557522123895,0.6363636363636364,0.03792667509481669,1.0,0.746268656716418,0.42643923240938164,0.6321112515802781,0.6944444444444444,0.7332490518331227,0.7837837837837838,1.0,91.91919191919192,85.71428571428571,19.191919191919183,59.183673469387756,24.242424242424242,52.04081632653062,8.080808080808083,18.3673469387755,44.44444444444444,80.10752688172043,31.313131313131308,28.8659793814433,85.85858585858585,83.83838383838383,11.111111111111114,51.515151515151516,48.484848484848484,33.85416666666667,40.4040404040404,19.148936170212764,70.40816326530613,37.755102040816325,88.81673881673882,39.18779633065347,38.141620284477426,13.224077509791792,62.27598566308244,30.089555347287302,84.84848484848484,31.313131313131315,41.16950757575758,29.776488287126583,70.40816326530613,37.755102040816325
Gunnar Nelson,Men’s Welterweight,8,1.070549630844955,0.6214285714285714,1.25512715340443,0.45132743362831856,0.2830188679245283,0.8846153846153846,0.5660377358490566,0.7076923076923077,0.14766201804757997,0.8571428571428571,0.5414273995077933,0.8461538461538461,0.5414273995077933,0.46808510638297873,0.9474979491386383,0.41621621621621624,0.23379819524200166,0.8260869565217391,0.7013945857260049,0.7808219178082192,0.7260049220672683,0.9365079365079365,0.7136997538966366,0.6823529411764706,0.0,1.5625,0.9598031173092699,0.9069767441860465,1.4150943396226414,0.7278481012658228,1.0,8.080808080808081,96.93877551020408,79.79797979797979,19.387755102040817,13.131313131313133,95.91836734693877,61.61616161616162,52.04081632653062,14.14141414141414,53.76344086021505,49.494949494949495,55.670103092783506,3.0303030303030303,61.61616161616161,96.96969696969697,65.65656565656565,65.65656565656566,94.79166666666666,14.141414141414131,45.744680851063826,22.95918367346939,10.204081632653063,52.50979179550608,49.5928674500103,54.52484023912595,56.82848897134612,33.95242750081459,52.5825262938665,32.32323232323232,81.31313131313131,80.22411616161617,29.94304749623898,22.95918367346939,10.204081632653063
Yaroslav Amosov,Men’s Welterweight,2,1.4814814814814816,0.4375,0.9523809523809524,0.32142857142857145,0.10582010582010583,0.5,0.3174603174603175,0.75,1.0582010582010584,0.7692307692307693,0.10582010582010583,1.0,1.798941798941799,0.4594594594594595,1.3756613756613758,0.3939393939393939,0.5291005291005292,0.8333333333333334,0.0,,0.3174603174603175,0.75,0.0,,0.0,0.0,0.8465608465608466,0.8,0.0,,1.0,18.181818181818183,65.3061224489796,90.9090909090909,80.61224489795919,5.05050505050505,7.653061224489796,91.91919191919192,30.10204081632654,84.84848484848484,12.903225806451612,93.93939393939394,6.701030927835053,18.181818181818183,54.54545454545454,87.87878787878788,74.74747474747474,61.61616161616161,79.6875,97.47474747474747,,22.95918367346939,79.08163265306122,41.74397031539889,85.76066790352505,6.3517831374974225,61.010616367759226,48.87585532746823,50.32021243361449,36.36363636363636,81.31313131313131,70.6518308080808,97.47474747474747,22.95918367346939,79.08163265306122
Santiago Ponzinibbio,Men’s Welterweight,8,3.0213040671400906,0.3277310924369748,3.2924467398321497,0.33203125,0.7553260167850226,0.5652173913043478,1.2298256939961265,0.6225490196078431,0.9296320206584894,0.897196261682243,0.7843770174306004,0.8804347826086957,4.619109102646869,0.405267629566695,5.13234344738541,0.4108527131782946,0.029051000645577793,0.5,0.058102001291155586,0.6,0.058102001291155586,0.42857142857142855,0.11620400258231117,0.6,0.411522633744856,1.094890510948905,0.08715300193673338,0.45,0.17430600387346676,0.6,1.0,71.71717171717171,19.387755102040817,24.24242424242425,74.48979591836735,49.494949494949495,17.346938775510203,13.131313131313135,75.51020408163265,75.75757575757575,69.89247311827957,28.282828282828277,41.23711340206185,87.87878787878788,28.28282828282828,13.131313131313135,70.7070707070707,7.07070707070707,4.166666666666666,88.88888888888889,89.36170212765957,58.16326530612245,14.795918367346934,45.55246340960626,49.3661100803958,33.420944135229846,44.32075860647289,72.82502443792765,34.759970842445064,58.080808080808076,41.91919191919192,5.6186868686868685,89.12529550827423,58.16326530612245,14.795918367346934
Jack Hermansson,Men’s Welterweight,8,2.664650075622164,0.30850047755491883,3.4566203767358723,0.381950774840474,1.1797057610339612,0.6299559471365639,0.8992162793895229,0.7171052631578947,1.361198955039186,0.9016393442622951,0.1814931940052248,0.6875,4.718823044135845,0.4163027656477438,4.232091296576378,0.4170731707317073,0.1484944314588203,0.6428571428571429,0.07424721572941015,0.8181818181818182,0.3382373161006462,0.7454545454545455,0.23099133782483156,0.7,0.0,0.5454545454545454,0.4867317475594665,0.7108433734939759,0.30523855355424173,0.7254901960784313,1.0,59.59595959595959,14.285714285714285,22.22222222222223,54.08163265306123,81.81818181818183,23.46938775510204,27.27272727272728,47.95918367346939,92.92929292929293,70.96774193548387,88.88888888888889,90.72164948453609,88.88888888888889,33.33333333333333,23.232323232323225,64.64646464646464,36.36363636363637,36.45833333333333,79.79797979797979,46.808510638297875,22.95918367346939,30.612244897959176,36.94083694083694,38.15192743764173,52.64378478664193,37.61595547309834,81.9485174323884,89.80526918671248,61.11111111111111,43.93939393939393,36.410984848484844,63.303245218138834,22.95918367346939,30.612244897959176
Jean-Paul Lebosnoyani,Men’s Welterweight,2,2.5,0.3712871287128713,3.2333333333333334,0.39271255060728744,0.6666666666666666,0.5555555555555556,0.3333333333333333,0.5882352941176471,0.7666666666666667,0.92,0.43333333333333335,0.8666666666666667,2.933333333333333,0.4018264840182648,3.7,0.4111111111111111,0.5666666666666667,0.5666666666666667,0.2,1.0,0.43333333333333335,0.9285714285714286,0.1,1.0,0.0,0.0,1.0,0.6818181818181818,0.3,1.0,1.0,54.54545454545454,35.714285714285715,25.25252525252526,48.97959183673469,40.4040404040404,15.306122448979592,90.9090909090909,83.67346938775509,64.64646464646465,75.26881720430107,65.65656565656565,44.84536082474227,46.464646464646464,27.27272727272727,31.313131313131308,69.69696969696969,66.66666666666666,29.166666666666668,80.8080808080808,3.191489361702126,22.95918367346939,79.08163265306122,45.12987012987013,37.11605854462998,27.855081426509997,87.291280148423,69.95764092538286,55.25096324065396,36.868686868686865,50.5050505050505,47.916666666666664,41.999785084891464,22.95918367346939,79.08163265306122
Stephen Thompson,Men’s Welterweight,8,3.3879208699069827,0.4318637274549098,2.2088300799161535,0.42255639097744363,1.0926241320581684,0.8424242424242424,0.47949692126293725,0.7093023255813954,0.36944844753045986,0.8867924528301887,1.0061574741255077,0.8421052631578947,4.425520765098913,0.4925634295713036,2.649023974846063,0.4661134163208852,0.31442421066422116,0.7692307692307693,0.40089086859688194,0.75,0.1100484737324774,0.6666666666666666,0.6445696318616534,0.7321428571428571,0.1620745542949757,0.2127659574468085,0.42447268439669855,0.7397260273972602,1.0454605004585353,0.7388888888888889,1.0,80.8080808080808,63.26530612244898,52.525252525252526,33.67346938775511,76.76767676767676,89.79591836734694,72.72727272727273,51.02040816326531,40.4040404040404,65.59139784946237,17.171717171717177,57.73195876288659,84.84848484848484,75.75757575757575,58.58585858585859,34.34343434343435,31.313131313131315,50.0,21.212121212121204,37.234042553191486,45.91836734693878,55.10204081632653,72.03669346526489,43.099360956503816,83.28179756751186,61.873840445269025,52.997719126751385,37.451837967301884,80.3030303030303,46.46464646464647,40.65656565656566,29.223081882656345,45.91836734693878,55.10204081632653
Ty Miller,Men’s Welterweight,2,11.553610503282275,0.5517241379310345,1.1816192560175054,0.23076923076923078,0.9846827133479211,0.6818181818181818,2.1006564551422318,0.8205128205128205,0.06564551422319474,1.0,0.7221006564551422,0.8461538461538461,9.649890590809628,0.5231316725978647,3.150984682713348,0.41379310344827586,1.1159737417943107,0.7391304347826086,0.8533916849015317,0.9285714285714286,1.8380743982494527,0.7368421052631579,0.0,,1.5625,0.0,2.9540481400437635,0.7377049180327869,0.8533916849015317,0.9285714285714286,1.0,100.0,92.85714285714286,85.85858585858585,95.91836734693877,67.67676767676768,32.6530612244898,4.0404040404040416,12.24489795918368,9.090909090909092,92.47311827956989,32.32323232323233,55.670103092783506,100.0,87.87878787878788,42.42424242424242,67.67676767676768,96.96969696969697,48.95833333333333,30.303030303030297,6.382978723404251,88.77551020408163,79.08163265306122,96.42857142857143,90.88847660276231,50.16491445062874,8.142650999793862,50.78201368523949,43.99666770800792,93.93939393939394,55.05050505050505,72.96401515151516,18.343004513217274,88.77551020408163,79.08163265306122
Ramiz Brahimaj,Men’s Welterweight,8,1.3139841688654355,0.4689265536723164,1.5514511873350925,0.4666666666666667,0.5699208443271768,0.8181818181818182,0.9973614775725594,0.84,0.1266490765171504,0.8888888888888888,0.1741424802110818,0.8461538461538461,1.4564643799472297,0.4919786096256685,1.7097625329815305,0.48214285714285715,0.4432717678100264,0.8,0.8865435356200528,0.9032258064516129,0.1108179419525066,0.875,0.1266490765171504,0.6666666666666666,0.7874015748031497,0.5813953488372093,0.554089709762533,0.813953488372093,1.0131926121372032,0.8648648648648649,1.0,12.121212121212121,80.61224489795919,73.73737373737374,14.285714285714283,36.36363636363637,84.6938775510204,23.232323232323225,8.163265306122446,12.121212121212121,66.66666666666666,89.8989898989899,55.670103092783506,11.11111111111111,74.74747474747475,82.82828282828282,23.232323232323225,41.41414141414141,83.33333333333334,24.24242424242425,9.574468085106389,73.46938775510205,28.571428571428573,46.366728509585656,44.01154401154401,60.52875695732838,15.697794269222836,39.39393939393939,72.7845464958867,42.929292929292934,53.030303030303024,62.37373737373738,16.90844616376532,73.46938775510205,28.571428571428573
Chris Curtis,Men’s Welterweight,8,3.6852704257767552,0.41057692307692306,3.521288837744534,0.3594713656387665,1.2600690448791716,0.6985645933014354,1.0097813578826238,0.7452229299363057,0.35385500575373996,0.8913043478260869,0.9321058688147297,0.8925619834710744,4.902186421173763,0.459546925566343,4.98849252013809,0.4352409638554217,0.3365937859608746,0.78,0.3020713463751439,0.625,0.06041426927502877,0.7777777777777778,0.17261219792865362,0.6896551724137931,0.16286644951140064,0.1579778830963665,0.3970080552359034,0.7796610169491526,0.4746835443037975,0.6470588235294118,1.0,88.88888888888889,51.02040816326531,20.202020202020208,61.22448979591837,86.86868686868688,44.89795918367347,20.202020202020208,31.63265306122449,37.37373737373738,67.74193548387096,20.202020202020208,38.14432989690722,91.91919191919192,55.55555555555556,15.151515151515156,52.525252525252526,25.252525252525253,73.95833333333334,65.65656565656565,76.59574468085107,46.93877551020408,57.142857142857146,69.9546485260771,40.71325499896929,65.88332302618018,25.917336631622348,52.557836428804166,29.173175049463715,73.73737373737373,33.83838383838384,49.6054292929293,71.12615516870835,46.93877551020408,57.142857142857146
Seokhyeon Ko,Men’s Welterweight,3,2.3777777777777778,0.45147679324894513,0.8666666666666667,0.26,0.26666666666666666,0.7058823529411765,0.37777777777777777,0.6071428571428571,0.35555555555555557,0.9411764705882353,0.2222222222222222,0.8333333333333334,1.9333333333333333,0.41232227488151657,1.2,0.31952662721893493,0.1111111111111111,0.625,0.26666666666666666,0.5714285714285714,0.9555555555555556,0.8269230769230769,0.0,,0.0,0.0,1.0666666666666667,0.8,0.26666666666666666,0.5714285714285714,1.0,46.464646464646464,70.40816326530613,93.43434343434343,93.87755102040816,10.1010101010101,47.95918367346938,85.85858585858585,80.61224489795919,38.38383838383838,80.10752688172043,84.84848484848484,60.30927835051547,23.232323232323232,32.323232323232325,88.88888888888889,92.92929292929293,68.68686868686868,79.6875,83.83838383838383,93.61702127659575,22.95918367346939,79.08163265306122,58.436404864976296,93.6559472273758,29.030096887239743,83.23541537827252,59.245682632779406,72.57888159950016,27.77777777777778,90.9090909090909,74.18718434343434,88.72770255748979,22.95918367346939,79.08163265306122
Carlos Leal,Men’s Welterweight,4,5.6339370829361295,0.3709981167608286,4.575786463298379,0.42105263157894735,2.0877025738798856,0.8690476190476191,1.6873212583412773,0.6145833333333334,1.0295519542421354,1.0,1.515729265967588,0.9636363636363636,7.57864632983794,0.44093178036605657,6.8350810295519535,0.4979166666666667,1.1725452812202097,0.82,0.9151572926596758,0.6530612244897959,0.0,,0.02859866539561487,0.5,0.0,0.36764705882352944,1.1725452812202097,0.82,0.9437559580552907,0.6470588235294118,1.0,95.95959595959596,34.69387755102041,7.070707070707073,34.693877551020414,97.97979797979798,93.87755102040816,6.060606060606062,78.57142857142857,83.83838383838383,92.47311827956989,9.090909090909093,16.494845360824744,98.98989898989899,44.44444444444444,3.030303030303031,19.191919191919183,75.75757575757575,85.41666666666666,26.262626262626256,76.59574468085107,22.95918367346939,41.83673469387755,65.32673675530819,20.882292310863743,95.92867450010307,42.316017316017316,88.15575105897686,12.792877225866919,71.71717171717171,11.111111111111107,80.5871212121212,51.42918547173866,22.95918367346939,41.83673469387755
Michael Oliveira,Men’s Welterweight,1,7.155963302752293,0.5652173913043478,2.2018348623853212,0.5,0.5504587155963303,0.5,0.5504587155963303,0.5,0.0,,0.5504587155963303,1.0,2.2018348623853212,0.36363636363636365,3.302752293577982,0.5454545454545454,0.0,,0.0,,5.504587155963303,0.7142857142857143,0.0,,14.285714285714286,0.0,5.504587155963303,0.7142857142857143,0.0,,1.0,98.98989898989899,94.89795918367348,53.535353535353536,9.183673469387747,32.323232323232325,7.653061224489796,65.65656565656565,91.83673469387755,3.535353535353535,,46.46464646464647,6.701030927835053,28.28282828282828,15.151515151515152,37.37373737373738,10.101010101010104,98.98989898989899,39.0625,97.47474747474747,,98.9795918367347,79.08163265306122,96.94392908678623,31.359513502370643,19.98814677386106,78.74665017522159,3.535353535353535,26.582838696240763,21.717171717171716,23.73737373737374,69.0261994949495,97.47474747474747,98.9795918367347,79.08163265306122
Levan Chokheli,Men’s Welterweight,1,3.0,0.375,0.0,,1.0,1.0,0.0,0.0,2.0,1.0,0.0,,6.0,0.75,0.0,0.0,0.0,,0.0,,0.0,0.0,0.0,,16.666666666666668,,0.0,0.0,0.0,,1.0,70.70707070707071,37.755102040816325,100.0,,70.2020202020202,98.9795918367347,99.4949494949495,100.0,97.97979797979798,92.47311827956989,98.98989898989899,,95.95959595959596,100.0,100.0,100.0,2.525252525252525,1.0416666666666665,97.47474747474747,,100.0,,54.23108637394352,100.0,84.59080601937745,99.74747474747474,95.22645812968393,98.98989898989899,97.97979797979798,100.0,1.7834595959595958,97.47474747474747,100.0,
Tahir Abdullayev,Men’s Welterweight,1,1.7972350230414746,0.35135135135135137,0.7603686635944701,0.2894736842105263,0.5529953917050692,0.8,1.3133640552995391,0.7307692307692307,0.2073732718894009,1.0,0.3456221198156682,0.625,0.967741935483871,0.2545454545454545,2.28110599078341,0.4714285714285714,0.2764976958525346,0.6666666666666666,0.1382488479262673,1.0,1.3133640552995391,0.7307692307692307,0.0,,0.0,0.0,1.5898617511520736,0.71875,0.1382488479262673,1.0,1.0,22.22222222222222,27.55102040816326,94.94949494949495,89.79591836734693,33.33333333333333,78.57142857142857,11.111111111111114,39.79591836734694,18.181818181818183,92.47311827956989,73.73737373737374,97.9381443298969,5.05050505050505,3.0303030303030303,69.69696969696969,30.303030303030297,88.88888888888889,41.14583333333333,91.91919191919192,3.191489361702126,22.95918367346939,79.08163265306122,24.88662131519274,92.37270665842094,55.95238095238095,25.45351473922903,55.32746823069404,85.83775903363532,4.04040404040404,49.99999999999999,65.01736111111111,47.55534064044702,22.95918367346939,79.08163265306122
Jose Souza,Men’s Welterweight,1,4.066666666666666,0.45185185185185184,0.8666666666666667,0.17567567567567569,0.4666666666666667,0.5,0.5333333333333333,0.38095238095238093,0.26666666666666666,1.0,2.8,0.8235294117647058,4.733333333333333,0.47019867549668876,4.133333333333334,0.42758620689655175,0.06666666666666667,0.5,0.06666666666666667,1.0,0.0,,0.0,,0.0,0.0,0.06666666666666667,0.5,0.06666666666666667,1.0,1.0,89.8989898989899,71.42857142857143,93.43434343434343,100.0,22.22222222222222,7.653061224489796,67.67676767676768,98.97959183673468,28.78787878787879,92.47311827956989,3.030303030303031,64.43298969072166,89.8989898989899,62.62626262626263,25.25252525252526,57.57575757575757,5.555555555555555,7.8125,93.43434343434343,3.191489361702126,22.95918367346939,79.08163265306122,80.66378066378067,96.71717171717171,14.937641723356009,83.32817975675118,60.630498533724335,33.73164636051234,76.26262626262627,41.41414141414141,6.684027777777778,48.31291639802278,22.95918367346939,79.08163265306122
Victor Valenzuela,Men’s Welterweight,1,2.2,0.3626373626373626,2.4,0.43373493975903615,1.0,0.7894736842105263,0.06666666666666667,0.5,0.3333333333333333,0.7142857142857143,0.2,0.75,3.3333333333333335,0.45045045045045046,2.466666666666667,0.44047619047619047,0.2,0.5,0.2,0.75,0.0,,0.0,0.0,0.0,0.0,0.2,0.5,0.2,0.6,1.0,38.38383838383838,30.612244897959183,43.43434343434343,26.530612244897956,70.2020202020202,73.46938775510205,97.47474747474747,91.83673469387755,33.83838383838384,8.60215053763441,86.86868686868686,80.92783505154638,55.55555555555556,48.484848484848484,65.65656565656565,47.474747474747474,13.131313131313133,7.8125,87.87878787878788,89.36170212765957,22.95918367346939,79.08163265306122,34.498041640898784,34.98247783962069,71.83570397856113,94.65574108431251,21.220267188009124,83.89826096011663,52.02020202020202,56.56565656565656,10.471906565656568,88.62024500322372,22.95918367346939,79.08163265306122
Abubakar Vagaev,Men’s Welterweight,1,1.0666666666666667,0.3076923076923077,1.0666666666666667,0.25396825396825395,0.4666666666666667,0.5384615384615384,0.4666666666666667,0.7777777777777778,0.26666666666666666,0.8,0.6666666666666666,0.9090909090909091,1.2,0.3050847457627119,1.5333333333333334,0.3333333333333333,0.4666666666666667,0.7777777777777778,0.5333333333333333,0.7272727272727273,0.13333333333333333,1.0,0.13333333333333333,0.6666666666666666,0.0,0.0,0.6,0.8181818181818182,0.6666666666666666,0.7142857142857143,1.0,7.07070707070707,12.244897959183673,88.88888888888889,94.89795918367346,22.22222222222222,13.77551020408163,74.24242424242425,21.93877551020407,28.78787878787879,26.344086021505376,37.37373737373738,31.958762886597942,7.07070707070707,5.05050505050505,86.86868686868686,89.39393939393939,45.45454545454545,84.375,48.48484848484848,50.531914893617014,22.95918367346939,79.08163265306122,9.657802514945372,91.89342403628117,17.998866213151928,48.09059987631416,27.565982404692082,34.66625013016766,6.0606060606060606,88.13131313131314,64.91477272727272,49.50838168923275,22.95918367346939,79.08163265306122
Farman Hasanov,Men’s Welterweight,1,1.3333333333333333,0.5128205128205128,0.9333333333333333,0.28,0.06666666666666667,0.5,0.06666666666666667,1.0,0.0,,0.0,,1.2666666666666666,0.5135135135135135,1.0,0.29411764705882354,0.0,,0.0,,0.13333333333333333,0.5,0.0,,0.0,0.0,0.13333333333333333,0.5,0.0,,1.0,13.131313131313133,87.75510204081633,91.91919191919192,90.81632653061224,4.040404040404041,7.653061224489796,97.47474747474747,2.0408163265306074,3.535353535353535,,98.98989898989899,,9.090909090909092,85.85858585858585,93.93939393939394,95.95959595959596,9.090909090909092,7.8125,97.47474747474747,,22.95918367346939,79.08163265306122,50.44320758606473,91.36775922490207,5.846732632446918,49.75778190063904,3.535353535353535,98.98989898989899,47.474747474747474,94.94949494949495,8.451704545454547,97.47474747474747,22.95918367346939,79.08163265306122
Alex Morono,Men’s Welterweight,8,3.2254802831142566,0.29591836734693877,3.215369059656218,0.3613636363636364,0.5561172901921132,0.5288461538461539,2.2851365015166833,0.6706231454005934,0.2527805864509606,0.8064516129032258,1.0111223458038423,0.8064516129032258,3.8018200202224466,0.32246998284734135,5.389282103134479,0.4540034071550256,0.16177957532861476,0.43243243243243246,0.5965621840242669,0.6704545454545454,0.07077856420626895,0.7,0.5257836198179979,0.6582278481012658,0.2506265664160401,0.3105590062111801,0.23255813953488372,0.48936170212765956,1.122345803842265,0.6646706586826348,1.0,77.77777777777779,8.16326530612245,26.262626262626256,58.163265306122454,34.34343434343434,12.244897959183673,3.030303030303031,62.244897959183675,26.262626262626267,29.56989247311828,16.161616161616166,67.0103092783505,67.67676767676768,6.0606060606060606,10.101010101010104,39.3939393939394,15.151515151515152,5.208333333333334,19.191919191919183,72.34042553191489,51.02040816326531,45.40816326530612,42.97052154195012,42.212945784374355,23.294166151309007,32.63760049474335,27.91625936787227,41.585962719983335,36.86868686868687,24.74747474747475,10.179924242424242,45.766172361917036,51.02040816326531,45.40816326530612
Rafael Dos Anjos,Men’s Welterweight,8,2.042427232363098,0.4194528875379939,2.1682289097187963,0.41917024320457796,0.8584114454859398,0.8467153284671532,0.6660088801184016,0.656934306569343,0.31820424272323633,0.8431372549019608,0.2738036507153429,0.9736842105263158,2.0720276270350273,0.425531914893617,2.6418352244696597,0.4501891551071879,0.5402072027627035,0.9240506329113924,0.3330044400592008,0.8035714285714286,0.6068080907745437,0.7522935779816514,0.13320177602368033,0.72,0.45977011494252873,0.47619047619047616,1.1470152935372473,0.824468085106383,0.46620621608288115,0.7777777777777778,1.0,31.313131313131315,58.16326530612245,54.54545454545455,38.775510204081634,60.60606060606061,90.81632653061224,49.494949494949495,65.30612244897958,31.313131313131315,49.46236559139785,81.81818181818181,13.402061855670102,26.262626262626267,37.37373737373738,59.5959595959596,42.42424242424242,74.74747474747475,88.54166666666666,66.66666666666667,22.34042553191489,61.224489795918366,34.693877551020414,44.73819830962688,46.660482374768094,75.71119356833643,57.40053597196454,40.38774845226458,47.610121836925956,31.81818181818182,51.01010101010101,81.6445707070707,44.50354609929078,61.224489795918366,34.693877551020414
Trey Waters,Men’s Welterweight,3,5.754669358909641,0.4491725768321513,3.3619384149419487,0.34579439252336447,0.4846037354871277,0.5714285714285714,0.6966178697627461,0.5609756097560976,0.3634528016153458,0.8,1.7264008076728925,0.9047619047619048,6.481574962140333,0.46320346320346323,5.4215042907622415,0.4387254901960784,0.09086320040383646,1.0,0.3028773346794548,0.6666666666666666,0.03028773346794548,1.0,0.06057546693589096,1.0,0.0,0.0,0.12115093387178193,1.0,0.3634528016153458,0.7058823529411765,1.0,96.96969696969697,68.36734693877551,23.232323232323225,67.34693877551021,25.252525252525253,19.387755102040817,46.46464646464647,85.71428571428571,39.39393939393939,26.344086021505376,7.070707070707073,34.02061855670104,97.97979797979798,59.59595959595959,8.080808080808083,49.494949494949495,8.080808080808081,98.4375,77.77777777777777,53.723404255319146,22.95918367346939,79.08163265306122,82.66852195423624,45.28963100391672,22.320140177283037,66.08946608946609,32.86901270772238,20.545662813704055,78.78787878787878,28.78787878787879,53.25915404040404,65.75059101654846,22.95918367346939,79.08163265306122
Chidi Njokuani,Men’s Welterweight,8,2.0964007577352137,0.43116883116883115,2.5131551252367923,0.33111480865224624,2.3237213218269837,0.6891385767790262,0.8587665754577983,0.7555555555555555,1.300778783414018,0.8803418803418803,0.694590612502631,0.7971014492753623,3.7381603872868867,0.5295169946332737,3.0814565354662173,0.38304552590266877,1.6038728688697115,0.79375,0.4546411281835403,0.7659574468085106,0.3788676068196169,0.6,0.5304146495474636,0.5526315789473685,0.22075055187637968,0.3105590062111801,1.9827404756893285,0.7476190476190476,0.985055777731004,0.6341463414634146,1.0,35.35353535353536,62.244897959183675,37.37373737373738,76.53061224489795,100.0,38.775510204081634,29.2929292929293,28.571428571428573,90.9090909090909,61.29032258064516,34.34343434343435,71.1340206185567,63.63636363636363,90.9090909090909,43.43434343434343,79.79797979797979,92.92929292929293,56.25,25.25252525252526,81.38297872340425,48.97959183673469,45.40816326530612,48.79921665635952,56.95217480931767,69.38775510204081,28.932178932178935,76.09970674486803,52.73872748099553,77.27272727272727,61.61616161616161,74.58964646464646,53.317751987964755,48.97959183673469,45.40816326530612
Taiyilake Nueraji,Men’s Welterweight,1,7.042253521126761,0.7142857142857143,0.28169014084507044,1.0,0.5633802816901409,0.6666666666666666,0.28169014084507044,1.0,0.0,,0.0,0.0,0.5633802816901409,0.6666666666666666,0.5633802816901409,0.6666666666666666,0.0,,0.0,,7.042253521126761,0.7142857142857143,0.0,,0.0,0.0,7.042253521126761,0.7142857142857143,0.0,,1.0,97.97979797979798,100.0,98.98989898989899,1.0204081632653061,35.35353535353536,29.591836734693878,94.94949494949495,2.0408163265306074,3.535353535353535,,98.98989898989899,100.0,4.040404040404041,98.98989898989899,98.98989898989899,3.030303030303031,100.0,39.0625,97.47474747474747,,22.95918367346939,79.08163265306122,98.98989898989899,50.005153576582146,32.47268604411462,48.495155638012776,3.535353535353535,99.4949494949495,51.515151515151516,51.01010101010101,69.53125,97.47474747474747,22.95918367346939,79.08163265306122
Islam Dulatov,Men’s Welterweight,1,4.146341463414634,0.4594594594594595,1.2195121951219514,0.3125,0.7317073170731708,1.0,0.48780487804878053,0.5,0.24390243902439027,1.0,1.707317073170732,1.0,3.9024390243902443,0.45714285714285713,3.1707317073170733,0.5652173913043478,0.48780487804878053,0.6666666666666666,0.24390243902439027,0.25,0.7317073170731708,1.0,0.0,,4.761904761904762,0.0,1.2195121951219514,0.8333333333333334,0.24390243902439027,0.25,1.0,90.9090909090909,75.51020408163265,82.82828282828282,83.67346938775509,47.474747474747474,98.9795918367347,71.71717171717171,91.83673469387755,24.242424242424242,92.47311827956989,8.080808080808083,6.701030927835053,69.6969696969697,53.535353535353536,41.41414141414142,6.060606060606062,80.8080808080808,89.58333333333334,84.84848484848484,97.87234042553192,97.95918367346938,79.08163265306122,83.20964749536178,83.25087610801896,73.22716965574108,81.77695320552462,58.35777126099707,7.390919504321568,61.61616161616162,23.73737373737374,85.19570707070707,91.36041263700838,97.95918367346938,79.08163265306122
Carlston Harris,Men’s Welterweight,8,2.0689655172413794,0.34595959595959597,2.446513969292726,0.4090909090909091,0.8608104706770702,0.6477272727272727,0.6946891517744777,0.8070175438596491,0.4077523282154543,0.84375,0.3624465139692927,0.8275862068965517,2.733450792851749,0.388412017167382,2.9297759879184495,0.458628841607565,0.1963251950667002,0.7647058823529411,0.18122325698464636,0.9230769230769231,0.4077523282154543,0.8181818181818182,0.3926503901334004,0.5652173913043478,0.9049773755656109,1.7241379310344827,0.6040775232821545,0.8,0.5738736471180468,0.6440677966101694,1.0,33.33333333333333,24.489795918367346,41.41414141414142,42.85714285714286,61.61616161616161,25.510204081632654,47.474747474747474,15.306122448979599,45.45454545454545,50.53763440860215,70.7070707070707,62.886597938144334,41.41414141414141,22.22222222222222,47.474747474747474,38.38383838383838,46.464646464646464,79.6875,60.60606060606061,79.7872340425532,79.59183673469387,9.183673469387747,28.91156462585034,42.135642135642144,43.563182848897135,31.390434961863537,47.996089931573806,66.79683432260751,31.818181818181817,42.92929292929293,63.07607323232323,70.1966473243069,79.59183673469387,9.183673469387747
Andreas Gustafsson,Men’s Welterweight,2,4.465408805031447,0.6283185840707964,3.0188679245283017,0.4752475247524752,1.3836477987421383,0.9166666666666666,0.8176100628930817,0.9285714285714286,0.6289308176100629,1.0,0.06289308176100629,1.0,1.949685534591195,0.45588235294117646,2.5786163522012577,0.47674418604651164,3.333333333333333,0.9137931034482759,1.320754716981132,0.75,1.1949685534591195,0.9047619047619048,0.0,0.0,0.0,0.0,4.528301886792453,0.9113924050632911,1.320754716981132,0.7,1.0,92.92929292929293,97.95918367346938,29.2929292929293,12.24489795918368,91.91919191919192,96.93877551020408,32.32323232323233,4.081632653061225,59.59595959595959,92.47311827956989,96.96969696969697,6.701030927835053,24.242424242424242,52.52525252525253,60.60606060606061,28.282828282828277,97.97979797979798,95.83333333333334,15.151515151515156,58.51063829787234,22.95918367346939,79.08163265306122,95.44423830138115,20.76891362605649,94.428983714698,18.20243248814678,76.03453893776474,51.83536394876601,38.38383838383839,44.44444444444444,96.90656565656566,36.831076724693744,22.95918367346939,79.08163265306122
Themba Gorimbo,Men’s Welterweight,8,1.4093555510941578,0.43333333333333335,1.2407147159204979,0.4309623430962343,0.8311584019273238,0.8023255813953488,0.38546476611122266,0.7804878048780488,0.4577394097570769,0.9743589743589743,0.12045773940975708,0.5263157894736842,1.4816301947400121,0.4785992217898833,1.035936558923911,0.38738738738738737,0.6745633406946396,0.7887323943661971,0.37341899217024693,0.8857142857142857,0.5420598273439069,0.6716417910447762,0.3372816703473198,0.6666666666666666,0.8928571428571429,0.0,1.2166231680385464,0.7318840579710145,0.7107006625175668,0.7662337662337663,1.0,17.17171717171717,64.28571428571429,80.8080808080808,28.571428571428573,58.58585858585859,81.63265306122449,84.84848484848484,20.40816326530612,48.484848484848484,83.87096774193549,92.92929292929293,98.96907216494846,12.121212121212121,68.68686868686868,91.91919191919192,76.76767676767676,79.7979797979798,46.875,44.44444444444445,28.72340425531914,78.57142857142857,79.08163265306122,40.72871572871573,54.689754689754686,70.10925582354153,52.62832405689548,66.177908113392,95.9491825471207,40.4040404040404,84.34343434343434,63.3364898989899,36.5839243498818,78.57142857142857,79.08163265306122
Austin Vanderford,Men’s Welterweight,2,2.4674022066198593,0.640625,1.083249749247743,0.43902439024390244,0.06018054162487462,0.5,0.18054162487462386,0.42857142857142855,0.12036108324974924,1.0,0.3009027081243731,0.8333333333333334,0.42126379137412234,0.30434782608695654,0.8425275827482447,0.3333333333333333,0.0,,0.48144433299899697,1.0,2.226680040120361,0.8222222222222222,0.24072216649949849,1.0,0.0,0.0,2.226680040120361,0.8222222222222222,0.7221664994984954,1.0,1.0,53.535353535353536,98.9795918367347,87.87878787878788,24.489795918367353,3.0303030303030303,7.653061224489796,95.95959595959596,97.95918367346938,11.11111111111111,92.47311827956989,77.77777777777777,60.30927835051547,2.0202020202020203,4.040404040404041,97.97979797979798,89.39393939393939,93.93939393939394,86.45833333333334,42.42424242424242,3.191489361702126,22.95918367346939,79.08163265306122,76.25747268604411,56.18429189857761,5.341682127396413,96.95938981653268,51.7921146953405,69.04352806414661,3.0303030303030303,93.68686868686868,90.19886363636364,22.807865892972274,22.95918367346939,79.08163265306122
Theodor Berggren,Men’s Welterweight,1,2.278481012658228,0.3,2.430379746835443,0.36363636363636365,1.0632911392405064,0.5384615384615384,3.949367088607595,0.8125,0.1518987341772152,1.0,4.405063291139241,0.9354838709677419,3.037974683544304,0.3333333333333333,9.265822784810126,0.6559139784946236,0.4556962025316456,0.75,1.518987341772152,0.7692307692307693,0.0,,0.0,0.0,0.0,2.816901408450704,0.4556962025316456,0.75,1.518987341772152,0.7142857142857143,1.0,43.43434343434344,9.183673469387756,42.42424242424242,57.142857142857146,75.75757575757575,13.77551020408163,1.0101010101010102,14.285714285714283,16.161616161616163,92.47311827956989,1.0101010101010102,23.195876288659793,47.474747474747474,7.575757575757576,1.0101010101010102,4.0404040404040416,33.33333333333333,58.854166666666664,11.111111111111114,50.531914893617014,22.95918367346939,3.061224489795923,26.309008451865598,49.78354978354979,44.76654298082869,7.647907647907647,54.31736722059303,12.102988649380402,27.525252525252526,2.525252525252526,46.09375,30.821513002364064,22.95918367346939,3.061224489795923
Josiah Harrell,Men’s Welterweight,1,0.3314917127071823,0.16666666666666666,5.966850828729282,0.6206896551724138,0.994475138121547,0.6,2.983425414364641,0.9,0.994475138121547,1.0,1.988950276243094,0.75,2.320441988950276,0.5,7.624309392265194,0.6216216216216216,0.0,,0.0,,0.0,,3.314917127071823,1.0,0.0,0.0,0.0,,3.314917127071823,1.0,1.0,2.0202020202020203,1.0204081632653061,3.030303030303031,2.0408163265306074,68.68686868686868,21.428571428571427,2.0202020202020208,5.10204081632654,80.8080808080808,92.47311827956989,5.050505050505052,80.92783505154638,34.34343434343434,80.8080808080808,2.0202020202020208,5.050505050505052,2.525252525252525,,3.030303030303031,3.191489361702126,22.95918367346939,79.08163265306122,1.5203050917336633,2.5355596784168193,45.057720057720054,3.5611214182642805,86.64059954382535,42.98917005102572,57.57575757575757,3.5353535353535364,2.525252525252525,3.1108961960025785,22.95918367346939,79.08163265306122
Ding Meng,Men’s Welterweight,1,0.8666666666666667,0.17567567567567569,4.066666666666666,0.45185185185185184,0.5333333333333333,0.38095238095238093,0.4666666666666667,0.5,2.8,0.8235294117647058,0.26666666666666666,1.0,4.133333333333334,0.42758620689655175,4.733333333333333,0.47019867549668876,0.06666666666666667,1.0,0.06666666666666667,0.5,0.0,,0.0,,0.0,0.0,0.06666666666666667,1.0,0.06666666666666667,0.5,1.0,5.05050505050505,2.0408163265306123,12.121212121212125,18.3673469387755,30.808080808080806,2.0408163265306123,74.24242424242425,91.83673469387755,100.0,38.70967741935484,83.83838383838383,6.701030927835053,76.76767676767676,38.38383838383838,19.191919191919183,32.32323232323233,5.555555555555555,98.4375,93.43434343434343,96.80851063829788,22.95918367346939,79.08163265306122,3.545660688517831,15.244279529993813,16.42444856730571,83.03957946815089,69.35483870967742,45.26970738310944,57.57575757575757,25.757575757575758,51.99652777777778,95.12142703632065,22.95918367346939,79.08163265306122
Jefferson Nascimento,Men’s Welterweight,1,0.7603686635944701,0.2894736842105263,1.7972350230414746,0.35135135135135137,1.3133640552995391,0.7307692307692307,0.5529953917050692,0.8,0.3456221198156682,0.625,0.2073732718894009,1.0,2.28110599078341,0.4714285714285714,0.967741935483871,0.2545454545454545,0.1382488479262673,1.0,0.2764976958525346,0.6666666666666666,0.0,,1.3133640552995391,0.7307692307692307,0.0,0.0,0.1382488479262673,1.0,1.5898617511520736,0.71875,1.0,3.0303030303030303,7.142857142857142,68.68686868686868,66.3265306122449,90.9090909090909,58.16326530612245,62.62626262626263,16.3265306122449,36.36363636363637,3.225806451612903,85.85858585858585,6.701030927835053,31.313131313131315,64.64646464646465,94.94949494949495,98.98989898989899,10.1010101010101,98.4375,9.090909090909093,48.93617021276595,22.95918367346939,79.08163265306122,5.086580086580087,67.5066996495568,74.53617810760667,39.47639661925376,19.794721407624635,46.27980839321045,47.97979797979798,96.96969696969697,54.26925505050505,29.013539651837522,22.95918367346939,79.08163265306122
Leon Shahbazyan,Men’s Welterweight,1,0.0,,3.0,0.375,0.0,0.0,1.0,1.0,0.0,,2.0,1.0,0.0,0.0,6.0,0.75,0.0,,0.0,,0.0,,0.0,0.0,,16.666666666666668,0.0,,0.0,0.0,1.0,1.0101010101010102,,30.303030303030297,55.10204081632653,1.5151515151515151,1.0204081632653061,22.22222222222223,2.0408163265306074,3.535353535353535,,4.0404040404040416,6.701030927835053,1.0101010101010102,1.0101010101010102,5.050505050505052,2.0202020202020208,2.525252525252525,,97.47474747474747,100.0,,1.0204081632653061,1.0101010101010102,42.70253555967841,1.2677798392084108,12.131519274376418,3.535353535353535,5.370717484119547,1.0101010101010102,3.5353535353535364,2.525252525252525,98.73737373737373,,1.0204081632653061
Phil Rowe,Men’s Welterweight,8,2.401921537229784,0.4180602006688963,2.3634907926341073,0.39805825242718446,0.35548438751000805,0.6981132075471698,0.6437149719775821,0.6767676767676768,0.3939151321056846,0.82,0.855084067253803,0.967391304347826,2.7285828662930345,0.44305772230889234,2.824659727782226,0.4388059701492537,0.4035228182546037,0.7777777777777778,0.4611689351481185,0.6486486486486487,0.019215372297838273,0.3333333333333333,0.5764611689351481,0.9230769230769231,0.9146341463414634,0.24875621890547264,0.422738190552442,0.7333333333333333,1.0376301040832667,0.7769784172661871,1.0,49.494949494949495,56.12244897959183,45.45454545454545,44.89795918367348,16.161616161616163,43.87755102040816,54.54545454545455,60.204081632653065,43.43434343434344,36.55913978494624,23.232323232323225,15.463917525773201,40.4040404040404,45.45454545454545,52.525252525252526,48.48484848484848,30.303030303030305,47.91666666666667,23.232323232323225,24.468085106382972,80.61224489795919,51.02040816326531,52.80869923727066,45.176252319109466,30.019583591012164,57.3747680890538,39.99674160964484,19.34812037904821,42.92929292929293,50.505050505050505,39.109848484848484,23.8502041693531,80.61224489795919,51.02040816326531
Oban Elliott,Men’s Welterweight,6,2.393939393939394,0.42245989304812837,1.5303030303030303,0.3377926421404682,0.5303030303030303,0.660377358490566,0.2878787878787879,0.48717948717948717,0.6363636363636364,0.84,0.4393939393939394,0.9354838709677419,2.712121212121212,0.43765281173594134,1.5606060606060606,0.34797297297297297,0.21212121212121213,0.875,0.25757575757575757,0.5483870967741935,0.6363636363636364,0.8076923076923077,0.4393939393939394,0.6904761904761905,0.425531914893617,2.0134228187919465,0.8484848484848485,0.8235294117647058,0.696969696969697,0.6301369863013698,1.0,48.484848484848484,59.183673469387756,74.74747474747474,72.44897959183673,29.292929292929294,28.57142857142857,92.92929292929293,95.91836734693877,61.61616161616161,47.31182795698925,64.64646464646464,23.195876288659793,39.39393939393939,42.42424242424242,85.85858585858585,87.87878787878788,62.62626262626263,87.5,45.45454545454545,82.97872340425532,60.204081632653065,8.163265306122446,53.83426097711812,73.59822716965573,28.93217893217893,94.42383013811585,54.46399478657543,43.92117046756221,40.90909090909091,86.86868686868686,75.06313131313132,64.21663442940039,60.204081632653065,8.163265306122446
Rodrigo Sezinando,Men’s Welterweight,1,1.5730337078651684,0.23333333333333334,6.51685393258427,0.5272727272727272,0.6741573033707865,0.5,1.797752808988764,0.7272727272727273,0.0,,0.449438202247191,1.0,1.5730337078651684,0.21212121212121213,5.168539325842697,0.5227272727272727,0.6741573033707865,1.0,1.348314606741573,0.6666666666666666,0.0,,2.2471910112359548,0.6666666666666666,0.0,2.5641025641025643,0.6741573033707865,1.0,3.595505617977528,0.6666666666666666,1.0,19.19191919191919,4.081632653061225,2.0202020202020208,4.081632653061225,42.42424242424242,7.653061224489796,5.050505050505052,42.85714285714286,3.535353535353535,,62.62626262626263,6.701030927835053,16.161616161616163,2.0202020202020203,12.121212121212125,13.131313131313135,51.515151515151516,98.4375,2.0202020202020208,69.14893617021276,22.95918367346939,4.081632653061225,11.636775922490207,3.0509173366316227,25.03865182436611,23.953823953823957,3.535353535353535,34.66364677704884,9.090909090909092,12.62626262626263,74.97632575757575,35.58456909520739,22.95918367346939,4.081632653061225
Saygid Izagakhmaev,Men’s Welterweight,2,0.9,0.313953488372093,0.9666666666666667,0.3118279569892473,0.5333333333333333,0.8421052631578947,0.5,0.5172413793103449,0.3333333333333333,0.8333333333333334,0.3,0.8181818181818182,1.0333333333333334,0.3522727272727273,0.9666666666666667,0.29292929292929293,0.6,0.782608695652174,0.6666666666666666,0.6666666666666666,0.13333333333333333,0.6666666666666666,0.13333333333333333,1.0,0.0,0.0,0.7333333333333333,0.7586206896551724,0.8,0.7058823529411765,1.0,6.0606060606060606,16.3265306122449,89.8989898989899,85.71428571428571,30.808080808080806,88.77551020408163,69.69696969696969,88.77551020408163,33.83838383838384,44.086021505376344,78.78787878787878,65.97938144329898,6.0606060606060606,13.131313131313133,95.95959595959596,96.96969696969697,57.57575757575758,62.5,32.32323232323233,53.723404255319146,22.95918367346939,79.08163265306122,11.193568336425479,87.80663780663781,59.791795506081215,79.23623995052566,38.96220267188009,72.38363011558889,9.595959595959597,96.46464646464646,60.03787878787879,43.023318289275736,22.95918367346939,79.08163265306122
Eric Nolan,Men’s Welterweight,2,1.4080242240726724,0.3069306930693069,1.9530658591975776,0.5058823529411764,0.2725208175624527,1.0,0.3633610900832703,0.6666666666666666,0.0,,0.2725208175624527,1.0,1.4988644965934899,0.336734693877551,1.86222558667676,0.5189873417721519,0.18168054504163514,0.4444444444444444,0.09084027252081757,0.6666666666666666,0.0,,0.6358819076457229,0.6666666666666666,0.0,0.0,0.18168054504163514,0.4444444444444444,0.7267221801665406,0.6666666666666666,1.0,16.161616161616163,10.204081632653061,62.62626262626263,7.142857142857143,12.121212121212121,98.9795918367347,88.88888888888889,63.26530612244898,3.535353535353535,,82.82828282828282,6.701030927835053,14.14141414141414,9.090909090909092,78.78787878787878,15.151515151515156,12.121212121212121,3.125,41.41414141414142,69.14893617021276,22.95918367346939,79.08163265306122,13.182848897134612,34.884559884559884,55.55040197897341,76.07709750566893,3.535353535353535,44.764656878058936,11.616161616161616,46.96969696969697,7.6231060606060606,55.28153879217709,22.95918367346939,79.08163265306122
Nikolay Veretennikov,Men’s Welterweight,6,1.2955692652832307,0.4010416666666667,2.5238362310712286,0.5434782608695652,1.0263600673022995,0.7922077922077922,0.3701626472237802,0.5789473684210527,0.23555804823331467,1.0,0.5047672462142457,0.6382978723404256,1.850813236118901,0.47619047619047616,1.9012899607403253,0.45934959349593496,0.5720695457094784,0.8947368421052632,0.1346045989904655,0.6666666666666666,0.1346045989904655,0.5714285714285714,1.3628715647784633,0.7864077669902912,0.0,0.49504950495049505,0.7066741446999439,0.8076923076923077,1.497476163768929,0.7739130434782608,1.0,11.11111111111111,47.95918367346938,36.36363636363636,3.061224489795923,71.71717171717171,74.48979591836735,87.87878787878788,84.6938775510204,21.21212121212121,92.47311827956989,55.55555555555556,96.90721649484536,20.2020202020202,67.67676767676768,77.77777777777777,37.37373737373738,55.55555555555556,82.29166666666666,13.131313131313135,27.65957446808511,22.95918367346939,32.6530612244898,29.53514739229025,19.712430426716143,73.10348381776953,86.28633271490415,56.84261974584555,76.23138602520046,43.93939393939394,57.57575757575758,68.92361111111111,20.395443799699123,22.95918367346939,32.6530612244898
Daniel Frunza,Men’s Welterweight,2,1.7964071856287425,0.30701754385964913,3.1308810949529513,0.45864661654135336,0.2566295979469632,0.38461538461538464,0.3592814371257485,0.7777777777777778,0.4619332763045338,0.6428571428571429,0.30795551753635586,0.8571428571428571,2.2070145423438836,0.3333333333333333,2.155688622754491,0.38181818181818183,0.30795551753635586,0.5,0.20530367835757057,0.4444444444444444,0.0,,1.437125748502994,0.9333333333333333,0.0,4.054054054054054,0.30795551753635586,0.5,1.6424294268605646,0.8205128205128205,1.0,21.21212121212121,11.224489795918368,27.27272727272728,15.81632653061225,9.090909090909092,3.061224489795918,89.8989898989899,21.93877551020407,49.494949494949495,4.301075268817205,76.76767676767676,50.0,29.292929292929294,7.575757575757576,72.72727272727273,80.8080808080808,19.19191919191919,7.8125,8.080808080808083,11.702127659574472,22.95918367346939,2.0408163265306074,16.21830550401979,21.544526901669766,6.076066790352505,55.91888270459698,26.89801238188335,63.38383838383838,18.434343434343436,76.76767676767676,13.502209595959595,9.891467870191278,22.95918367346939,2.0408163265306074
Max Griffin,Men’s Welterweight,8,2.137970353477765,0.37202380952380953,2.300456100342075,0.3358302122347066,0.427594070695553,0.704225352112676,0.7696693272519954,0.6428571428571429,0.6242873432155074,0.8588235294117647,0.33352337514253133,0.7090909090909091,2.9332953249714935,0.44487678339818415,3.0786773090079818,0.38338658146964855,0.10262257696693272,0.48,0.2993158494868871,0.6481481481481481,0.15393386545039908,0.5625,0.02565564424173318,1.0,0.8042895442359249,0.0,0.25655644241733183,0.5263157894736842,0.3249714937286203,0.6666666666666666,1.0,37.37373737373738,36.734693877551024,47.474747474747474,73.46938775510205,20.2020202020202,46.93877551020408,36.36363636363636,70.40816326530611,58.58585858585859,54.83870967741935,75.75757575757575,85.56701030927834,45.45454545454545,47.474747474747474,44.44444444444445,78.78787878787878,16.161616161616163,10.416666666666668,78.78787878787878,69.14893617021276,77.55102040816327,79.08163265306122,37.054215625644204,60.47206761492476,33.57039785611214,53.38589981447124,56.71228413163897,80.66229303342705,46.464646464646464,61.61616161616162,13.289141414141415,73.96840747904577,77.55102040816327,79.08163265306122
Adam Fugitt,Men’s Welterweight,6,2.0464441219158203,0.3102310231023102,4.049346879535559,0.42857142857142855,2.0246734397677795,0.7099236641221374,0.783744557329463,0.8372093023255814,0.8055152394775037,0.8222222222222222,0.5007256894049347,0.8518518518518519,4.3759071117561685,0.45372460496614,4.724238026124819,0.4636752136752137,0.3701015965166909,0.68,0.3701015965166909,0.7083333333333334,0.13062409288824384,0.5454545454545454,0.23947750362844705,0.9166666666666666,0.0,2.0408163265306123,0.5007256894049347,0.6388888888888888,0.6095791001451379,0.7777777777777778,1.0,32.323232323232325,15.306122448979592,13.131313131313135,29.591836734693874,96.96969696969697,51.02040816326531,34.34343434343435,10.204081632653063,68.68686868686868,37.634408602150536,58.58585858585859,53.60824742268042,82.82828282828282,50.505050505050505,20.202020202020208,35.35353535353535,38.38383838383838,23.958333333333336,56.56565656565657,22.34042553191489,22.95918367346939,7.142857142857143,23.81467738610596,21.361574933003503,73.99505256648114,22.27375798804371,53.1606386445096,56.097053004269505,66.66666666666666,27.77777777777778,31.171085858585858,39.45304104878573,22.95918367346939,7.142857142857143
Billy Ray Goff,Men’s Welterweight,3,2.5248392752776154,0.3380281690140845,7.329047340736412,0.5036144578313253,1.0520163646990064,0.625,0.6662770309760374,0.6333333333333333,1.402688486265342,0.8333333333333334,0.0701344243132671,1.0,4.418468731735827,0.43902439024390244,6.52250146113384,0.4781491002570694,0.5610753945061367,0.7272727272727273,0.5961426066627703,0.7727272727272727,0.0,,0.9468147282291058,0.75,0.0,0.8695652173913043,0.5610753945061367,0.7272727272727273,1.5429573348918761,0.7586206896551724,1.0,56.56565656565656,22.448979591836736,1.0101010101010102,8.163265306122446,73.73737373737373,22.448979591836736,48.48484848484848,72.44897959183673,93.93939393939394,44.086021505376344,95.95959595959596,6.701030927835053,83.83838383838383,43.43434343434344,4.0404040404040416,26.262626262626256,42.42424242424242,43.75,10.101010101010104,31.914893617021264,22.95918367346939,19.387755102040817,39.50731807874665,4.586683158111728,48.09317666460523,60.46691403834261,69.01270772238514,51.330313443715504,63.63636363636364,15.151515151515149,43.08712121212121,21.007951859015684,22.95918367346939,19.387755102040817
Kevin Jousset,Men’s Welterweight,4,3.646788990825688,0.40458015267175573,4.4495412844036695,0.4199134199134199,1.055045871559633,0.647887323943662,1.4220183486238531,0.7848101265822784,1.9036697247706422,0.8829787234042553,0.6192660550458715,0.75,5.91743119266055,0.4933078393881453,5.825688073394495,0.4774436090225564,0.6880733944954128,0.8571428571428571,0.6651376146788991,0.6444444444444445,0.0,,0.0,,0.0,0.35335689045936397,0.6880733944954128,0.8571428571428571,0.6651376146788991,0.6444444444444445,1.0,87.87878787878788,48.97959183673469,10.101010101010104,36.73469387755102,74.74747474747475,26.53061224489796,9.090909090909093,19.387755102040817,96.96969696969697,64.51612903225806,40.4040404040404,80.92783505154638,94.94949494949495,78.78787878787878,7.070707070707073,27.27272727272728,54.54545454545454,92.70833333333334,49.494949494949495,78.72340425531915,22.95918367346939,43.87755102040817,68.42918985776129,23.41785198928056,50.63904349618636,14.239332096474955,80.74291300097752,60.66593772779339,86.86868686868686,17.171717171717177,73.62689393939394,64.10917687513432,22.95918367346939,43.87755102040817
Ange Loosa,Men’s Welterweight,6,3.3479075577763897,0.38231098430813126,4.659587757651468,0.4130675526024363,1.099312929419113,0.6929133858267716,1.2742036227357902,0.7445255474452555,1.2367270455965023,0.8761061946902655,0.5371642723297939,0.86,4.272329793878826,0.4351145038167939,5.84634603372892,0.46108374384236456,0.6995627732667083,0.6666666666666666,0.5871330418488445,0.7121212121212122,0.712054965646471,0.8028169014084507,0.037476577139287946,0.3333333333333333,0.21978021978021978,0.19305019305019305,1.4116177389131792,0.7290322580645161,0.6246096189881324,0.6666666666666666,1.0,79.7979797979798,39.795918367346935,6.060606060606062,40.816326530612244,77.77777777777779,39.795918367346935,12.121212121212125,32.6530612244898,89.8989898989899,60.215053763440864,50.505050505050505,48.45360824742268,81.81818181818183,40.909090909090914,6.060606060606062,36.36363636363636,85.85858585858585,45.83333333333333,54.54545454545455,69.14893617021276,47.95918367346938,56.12244897959184,59.796949082663374,23.438466295609153,58.786848072562364,22.38713667285096,75.05702183121538,49.47932937623659,61.363636363636374,21.21212121212121,65.84595959595958,61.847195357833655,47.95918367346938,56.12244897959184
Song Kenan,Men’s Welterweight,8,2.9571514785757396,0.3990228013029316,2.8243814121907063,0.36,0.8207604103802052,0.6938775510204082,1.2190706095353048,0.6778523489932886,0.7724803862401932,0.7901234567901234,1.8708509354254679,0.8611111111111112,3.9106819553409777,0.45251396648044695,5.395292697646349,0.48586956521739133,0.5793602896801449,0.7164179104477612,0.3862401931200966,0.7272727272727273,0.06035003017501509,0.5,0.1327700663850332,0.7333333333333333,0.7957559681697612,0.6122448979591837,0.63971031985516,0.6883116883116883,0.5190102595051298,0.7288135593220338,1.0,68.68686868686868,45.91836734693878,32.32323232323233,60.204081632653065,56.56565656565656,40.816326530612244,14.141414141414131,58.163265306122454,65.65656565656566,23.655913978494624,6.060606060606062,47.422680412371136,70.70707070707071,49.494949494949495,9.090909090909093,20.202020202020208,49.494949494949495,30.208333333333332,62.62626262626263,44.68085106382979,74.48979591836735,26.530612244897956,57.30261801690373,46.2636569779427,48.690991548134406,36.15233972376829,44.65623981753014,26.7416432364886,60.101010101010104,14.64646464646465,39.85164141414141,53.65355684504621,74.48979591836735,26.530612244897956
Kiefer Crosbie,Men’s Welterweight,3,2.232142857142857,0.5434782608695652,4.553571428571429,0.49514563106796117,0.8928571428571429,0.7692307692307693,0.625,0.7,1.3392857142857144,0.7894736842105263,0.625,0.7777777777777778,4.196428571428572,0.6619718309859155,3.2142857142857144,0.43373493975903615,0.26785714285714285,0.42857142857142855,0.35714285714285715,1.0,0.0,,2.232142857142857,0.7142857142857143,0.0,0.0,0.26785714285714285,0.42857142857142855,2.5892857142857144,0.7435897435897436,1.0,41.41414141414141,90.81632653061224,8.080808080808083,10.204081632653063,64.64646464646465,68.36734693877551,56.56565656565657,54.08163265306123,91.91919191919192,22.58064516129032,38.38383838383838,75.77319587628865,77.77777777777779,97.97979797979798,40.4040404040404,53.535353535353536,17.17171717171717,2.083333333333333,4.0404040404040416,35.1063829787234,22.95918367346939,79.08163265306122,66.11523397237683,9.142444856730574,66.50690579262007,55.323644609358894,57.24991854024112,57.07851713006352,87.87878787878788,46.96969696969697,9.62752525252525,19.573393509563722,22.95918367346939,79.08163265306122
Niko Price,Men’s Welterweight,8,3.104421448730009,0.38528896672504376,3.626528692380056,0.4469565217391304,0.7902163687676387,0.6829268292682927,0.7902163687676387,0.7671232876712328,0.9595484477892755,0.8395061728395061,0.7337723424270931,0.9454545454545454,3.6547507055503288,0.41774193548387095,3.9934148635936024,0.48293515358361777,0.4938852304797742,0.6481481481481481,0.43744120413922855,0.775,0.7055503292568203,0.8333333333333334,0.7196613358419567,0.6623376623376623,0.0,0.273972602739726,1.1994355597365944,0.7456140350877193,1.1571025399811852,0.7008547008547008,1.0,72.72727272727273,41.83673469387755,17.171717171717177,23.469387755102037,55.55555555555556,33.6734693877551,33.33333333333333,23.979591836734688,76.76767676767676,46.236559139784944,30.303030303030297,20.61855670103093,62.62626262626263,34.34343434343434,28.282828282828277,22.22222222222223,77.77777777777779,54.166666666666664,17.171717171717177,57.44680851063829,22.95918367346939,48.97959183673469,57.28200371057514,20.320552463409605,44.61451247165533,28.656462585034006,61.50211795373085,25.46079350203061,48.484848484848484,25.252525252525253,65.97222222222223,37.309262841177734,22.95918367346939,48.97959183673469
Court McGee,Men’s Welterweight,8,1.1305037683458945,0.2375,1.939706465688219,0.30467289719626167,1.2614042046806824,0.5824175824175825,0.8925029750099167,0.646551724137931,1.1662038873462912,0.7368421052631579,0.42840142800476,0.8571428571428571,3.1416104720349067,0.39520958083832336,2.8679095596985325,0.3736434108527132,0.1309004363347878,0.5789473684210527,0.3570011900039667,0.6818181818181818,0.28560095200317337,0.8571428571428571,0.03570011900039667,0.75,0.33444816053511706,1.094890510948905,0.41650138833796113,0.7446808510638298,0.39270130900436334,0.6875,1.0,9.090909090909092,5.1020408163265305,63.63636363636363,86.73469387755102,87.87878787878788,20.408163265306122,28.282828282828277,68.36734693877551,88.88888888888889,9.67741935483871,66.66666666666667,50.0,51.515151515151516,25.252525252525253,49.494949494949495,82.82828282828282,29.292929292929294,52.083333333333336,73.73737373737374,62.76595744680851,55.10204081632652,14.795918367346934,7.096474953617811,75.18552875695732,54.143475572046995,48.325087610801894,49.283154121863795,58.333333333333336,38.38383838383838,66.16161616161617,40.688131313131315,68.25166559209113,55.10204081632652,14.795918367346934
Francisco Prado,Men’s Welterweight,6,1.8461538461538463,0.3208791208791209,2.731296101159115,0.3673469387755102,0.8219178082191781,0.5701754385964912,1.1380400421496313,0.7563025210084033,1.01159114857745,0.8163265306122449,0.4425711275026344,0.9210526315789473,2.920969441517387,0.39285714285714285,3.5658587987355115,0.42406015037593986,0.2528977871443625,0.8333333333333334,0.4172813487881981,0.7857142857142857,0.505795574288725,0.7272727272727273,0.32876712328767127,0.6842105263157895,0.3436426116838488,0.0,0.7586933614330875,0.759493670886076,0.7460484720758693,0.7375,1.0,23.232323232323232,17.346938775510203,35.35353535353535,56.12244897959184,57.57575757575758,18.367346938775512,15.151515151515156,27.551020408163257,81.81818181818183,33.33333333333333,63.63636363636363,27.835051546391757,44.44444444444444,23.232323232323232,33.33333333333333,59.5959595959596,58.58585858585859,63.541666666666664,36.36363636363636,38.82978723404255,56.12244897959183,79.08163265306122,20.289631003916718,45.73799216656359,37.971552257266545,21.351267779839205,57.57575757575758,45.7357075913777,33.838383838383834,46.464646464646464,61.06376262626263,37.59671179883945,56.12244897959183,79.08163265306122
Zachary Scroggin,Men’s Welterweight,1,0.8,0.2,5.6,0.22580645161290322,0.0,,0.0,,1.6,0.6666666666666666,3.2,1.0,2.4,0.375,4.0,0.8333333333333334,0.0,,0.0,,0.0,,4.8,0.20689655172413793,0.0,0.0,0.0,,4.8,0.20689655172413793,1.0,4.040404040404041,3.061224489795918,4.0404040404040416,96.93877551020408,1.5151515151515151,,99.4949494949495,,95.95959595959596,5.376344086021505,2.0202020202020208,6.701030927835053,37.37373737373738,19.19191919191919,27.27272727272728,1.0101010101010102,2.525252525252525,,1.0101010101010102,98.93617021276596,22.95918367346939,79.08163265306122,3.550814265099979,50.48958977530406,1.5151515151515151,99.4949494949495,50.66797002280873,4.360616474018537,28.282828282828284,14.141414141414145,2.525252525252525,49.973135611433484,22.95918367346939,79.08163265306122
Bassil Hafez,Men’s Welterweight,3,3.1475409836065578,0.3565459610027855,3.614754098360656,0.506896551724138,0.27049180327868855,0.4583333333333333,1.3770491803278688,0.7671232876712328,0.29508196721311475,1.0,0.6885245901639344,0.8235294117647058,3.4918032786885247,0.37270341207349084,4.942622950819673,0.5552486187845304,0.14754098360655737,0.5454545454545454,0.49180327868852464,0.8,0.07377049180327869,1.0,0.24590163934426232,1.0,0.0,0.4329004329004329,0.2213114754098361,0.6428571428571429,0.7377049180327869,0.8571428571428571,1.0,74.74747474747475,29.591836734693878,18.181818181818187,6.1224489795918275,11.11111111111111,4.081632653061225,10.101010101010104,23.979591836734688,30.303030303030305,92.47311827956989,35.35353535353535,64.43298969072166,57.57575757575758,18.181818181818183,16.161616161616166,8.080808080808083,14.14141414141414,25.0,38.38383838383838,10.638297872340416,22.95918367346939,36.73469387755102,52.16965574108431,12.152133580705007,7.596371882086167,17.040300968872394,61.3880742913001,49.8932625221285,37.87878787878788,12.121212121212125,19.57070707070707,24.5110681280894,22.95918367346939,36.73469387755102
Rhys McKee,Men’s Welterweight,6,3.221682434160061,0.3328050713153724,5.292763998977243,0.47651933701657456,1.1045768345691638,0.8,1.0125287650217336,0.66,0.383533623114293,0.8064516129032258,0.8437739708514446,0.9016393442622951,4.234211199181795,0.3948497854077253,4.740475581692661,0.4681818181818182,0.39887496803886474,0.5531914893617021,1.2733316287394527,0.6916666666666667,0.0767067246228586,0.8333333333333334,1.1352595244183072,0.7047619047619048,0.9771986970684039,0.2145922746781116,0.47558169266172334,0.5849056603773585,2.40859115315776,0.6977777777777778,1.0,76.76767676767676,20.408163265306122,5.050505050505052,11.224489795918364,78.78787878787878,78.57142857142857,19.191919191919183,64.28571428571428,42.42424242424242,29.56989247311828,25.25252525252526,36.08247422680412,80.8080808080808,24.242424242424242,18.181818181818187,33.33333333333333,35.35353535353536,12.5,5.050505050505052,59.57446808510638,82.6530612244898,54.08163265306123,48.58792001649144,8.137497423211709,78.67965367965368,41.73881673881673,35.997067448680355,30.66749973966469,52.525252525252526,25.757575757575758,23.92676767676768,32.31248656780572,82.6530612244898,54.08163265306123
Tim Means,Men’s Welterweight,8,2.880530973451328,0.4666666666666667,2.7477876106194694,0.38404452690166974,1.8849557522123894,0.7593582887700535,0.7433628318584071,0.6292134831460674,0.6106194690265487,0.8518518518518519,0.504424778761062,0.7916666666666666,4.061946902654867,0.5186440677966102,3.3185840707964602,0.41736227045075125,0.9690265486725664,0.8390804597701149,0.584070796460177,0.676923076923077,0.3451327433628319,0.896551724137931,0.09292035398230089,0.5833333333333334,0.49382716049382713,0.6644518272425249,1.3141592920353984,0.853448275862069,0.6769911504424779,0.6623376623376623,1.0,65.65656565656566,79.59183673469387,34.34343434343435,52.04081632653062,94.94949494949495,66.3265306122449,43.43434343434343,74.48979591836735,57.57575757575758,51.61290322580645,56.56565656565657,73.19587628865979,74.74747474747475,86.86868686868688,35.35353535353535,63.63636363636363,81.81818181818183,91.66666666666666,47.474747474747474,73.40425531914893,63.26530612244898,23.469387755102037,72.62420119562977,43.192125334982485,80.63801278086993,58.96206967635539,54.59433040078201,64.88076642715818,80.80808080808082,49.494949494949495,86.74242424242425,60.4395013969482,63.26530612244898,23.469387755102037
Trevin Giles,Men’s Welterweight,8,1.7396668723010489,0.4171597633136095,1.1844540407156077,0.29906542056074764,0.23442319555829735,0.7037037037037037,0.7526218383713758,0.6777777777777778,0.8389882788402221,0.8717948717948718,0.9500308451573103,0.8369565217391305,2.3689080814312153,0.4836272040302267,2.5169648365206663,0.4444444444444444,0.1727328809376928,0.7,0.13571869216533006,0.6111111111111112,0.2714373843306601,0.8461538461538461,0.23442319555829735,0.7307692307692307,0.0,1.2820512820512822,0.4441702652683529,0.782608695652174,0.3701418877236274,0.6818181818181818,1.0,20.2020202020202,55.10204081632652,84.84848484848484,87.75510204081633,7.07070707070707,45.91836734693878,41.41414141414142,59.183673469387756,73.73737373737373,59.13978494623656,19.191919191919183,58.76288659793815,36.36363636363637,70.70707070707071,62.62626262626263,45.45454545454545,32.323232323232325,76.04166666666666,75.75757575757575,63.829787234042556,22.95918367346939,12.24489795918368,37.65203050917336,86.30179344465058,26.494537208822926,50.298907441764584,66.43857934180514,38.977402894928666,53.535353535353536,54.04040404040404,54.182449494949495,69.79368149580915,22.95918367346939,12.24489795918368
Preston Parsons,Men’s Welterweight,6,2.2153846153846155,0.4186046511627907,2.476923076923077,0.39753086419753086,0.5076923076923077,0.7674418604651163,0.4153846153846154,0.7105263157894737,0.8153846153846154,0.9298245614035088,0.35384615384615387,0.92,2.3384615384615386,0.4444444444444444,2.6615384615384614,0.4188861985472155,0.47692307692307695,0.7209302325581395,0.23076923076923078,0.6818181818181818,0.7230769230769231,0.7966101694915254,0.35384615384615387,0.696969696969697,0.0,0.47393364928909953,1.2,0.7647058823529411,0.5846153846153846,0.6909090909090909,1.0,39.39393939393939,57.14285714285714,39.3939393939394,46.93877551020408,26.262626262626267,67.3469387755102,81.81818181818181,50.0,70.70707070707071,76.34408602150538,71.71717171717171,29.896907216494842,35.35353535353536,46.464646464646464,57.57575757575757,61.61616161616162,78.78787878787878,65.625,58.58585858585859,60.63829787234043,22.95918367346939,35.714285714285715,48.268398268398265,43.166357452071736,46.80478251906823,65.9090909090909,73.52557836428804,50.807039466833274,40.90909090909091,59.5959595959596,72.20643939393939,59.61207822909951,22.95918367346939,35.714285714285715
Matthew Semelsberger,Men’s Welterweight,8,1.882750845546787,0.3236434108527132,2.7733934611048476,0.45054945054945056,0.5749718151071026,0.5604395604395604,0.6200676437429538,0.7333333333333333,0.5186020293122886,0.7796610169491526,0.34949267192784667,0.96875,2.1195039458850053,0.34814814814814815,2.829763246899662,0.4709193245778612,0.30439684329199546,0.6923076923076923,0.3945885005636978,0.7446808510638298,0.552423900789177,0.5632183908045977,0.5186020293122886,0.6301369863013698,3.0303030303030303,0.30120481927710846,0.8568207440811725,0.6031746031746031,0.9131905298759865,0.675,1.0,24.242424242424242,18.367346938775512,33.33333333333333,20.40816326530612,37.37373737373738,16.3265306122449,57.57575757575757,38.26530612244898,52.52525252525253,16.129032258064516,72.72727272727273,14.432989690721644,27.27272727272727,12.121212121212121,51.515151515151516,31.313131313131308,63.63636363636363,14.583333333333334,27.27272727272728,64.8936170212766,94.89795918367348,47.95918367346939,21.304885590599877,26.87074829931972,26.85013399299114,47.92053184910328,34.327142391658526,43.58013120899719,19.696969696969695,41.41414141414141,39.109848484848484,46.08317214700194,94.89795918367348,47.95918367346939
Mickey Gall,Men’s Welterweight,8,3.186627168853153,0.4426807760141093,4.024545069826492,0.43543956043956045,0.7363520947947524,0.7435897435897436,1.002962336013542,0.7247706422018348,0.24121878967414304,0.9047619047619048,0.520524756665256,0.9534883720930233,3.4532374100719423,0.46337308347529815,4.049936521371138,0.44305555555555554,0.5078290308929327,0.6896551724137931,0.4316546762589928,0.7083333333333334,0.20313161235717309,0.7619047619047619,1.0664409648751587,0.75,0.0,0.9153318077803204,0.7109606432501058,0.7088607594936709,1.4980956411341515,0.7375,1.0,75.75757575757575,66.3265306122449,14.141414141414131,25.510204081632654,48.484848484848484,61.224489795918366,21.212121212121204,44.89795918367348,23.232323232323232,72.04301075268818,52.525252525252526,18.556701030927844,56.56565656565656,60.60606060606061,26.262626262626256,46.46464646464647,56.56565656565656,35.41666666666667,12.121212121212125,38.82978723404255,22.95918367346939,18.3673469387755,71.04205318491032,19.82580911152339,54.85466914038342,33.05504019789734,47.6376669925057,35.54097677809018,58.58585858585859,36.36363636363636,45.99116161616162,25.475499677627337,22.95918367346939,18.3673469387755
Jared Gooden,Men’s Welterweight,7,2.514679084834987,0.3905660377358491,4.543429844097996,0.4675,1.2148208139299455,0.684931506849315,1.6278598906661268,0.8170731707317073,0.6681514476614699,0.8333333333333334,0.5709657825470743,0.94,3.8145373557400286,0.4604105571847507,5.0658027940878725,0.5018050541516246,0.38874266045758255,0.8648648648648649,1.1662279813727476,0.8,0.19437133022879127,0.6956521739130435,0.5102247418505771,0.6666666666666666,0.27624309392265195,0.0,0.5831139906863738,0.8,1.6764527232233246,0.7540983606557377,1.0,55.55555555555556,43.87755102040816,9.090909090909093,13.265306122448981,84.84848484848484,35.714285714285715,7.070707070707073,13.265306122448981,62.62626262626263,44.086021505376344,44.44444444444445,21.649484536082472,68.68686868686868,56.56565656565656,14.141414141414131,18.181818181818187,43.43434343434344,79.6875,7.070707070707073,32.97872340425532,52.04081632653062,79.08163265306122,49.71655328798186,11.178107606679038,60.28138528138528,10.168006596578028,53.35614206581948,33.04696449026346,62.626262626262616,16.16161616161616,61.56092171717172,20.024715237481196,52.04081632653062,79.08163265306122
Ailin Perez,Women’s Bantamweight,7,1.7010889973713856,0.49508196721311476,0.7322568531731131,0.2995391705069124,0.6308674427337589,0.7,0.34923019151333085,0.6326530612244898,0.552009012392039,0.7,0.49568156214795345,0.7857142857142857,1.3856552760045062,0.4522058823529412,1.0702215546376268,0.35580524344569286,0.49568156214795345,0.7333333333333333,0.25910627112279383,0.7419354838709677,1.002628614344724,0.7235772357723578,0.24784078107397672,0.9166666666666666,0.390625,0.0,1.4983101764926774,0.726775956284153,0.5069470521967706,0.8181818181818182,1.0,26.47058823529412,94.11764705882352,97.05882352941177,79.41176470588235,26.47058823529412,54.41176470588235,91.17647058823529,73.52941176470588,55.88235294117647,30.303030303030305,41.17647058823529,55.88235294117648,14.705882352941178,64.70588235294117,97.05882352941177,61.76470588235294,82.35294117647058,47.05882352941176,73.52941176470588,14.705882352941178,67.64705882352942,70.58823529411765,60.29411764705882,88.23529411764706,40.44117647058823,82.35294117647058,43.09269162210339,48.529411764705884,39.705882352941174,79.41176470588235,64.70588235294117,44.11764705882353,67.64705882352942,70.58823529411765
Joselyne Edwards,Women’s Bantamweight,8,1.7087155963302751,0.4197183098591549,1.3761467889908257,0.36253776435045315,1.0206422018348624,0.6402877697841727,0.8600917431192661,0.7425742574257426,1.0206422018348624,0.6953125,0.676605504587156,0.7195121951219512,3.073394495412844,0.49264705882352944,1.9036697247706422,0.4256410256410256,0.26376146788990823,0.6571428571428571,0.768348623853211,0.7204301075268817,0.4128440366972477,0.8372093023255814,0.2408256880733945,0.6774193548387096,0.3058103975535168,0.3937007874015748,0.676605504587156,0.7564102564102564,1.0091743119266054,0.7096774193548387,1.0,29.411764705882355,67.64705882352942,82.35294117647058,58.82352941176471,73.52941176470588,29.411764705882355,44.11764705882352,35.29411764705881,88.23529411764706,27.27272727272727,26.47058823529412,73.52941176470588,67.64705882352942,82.35294117647058,79.41176470588235,47.05882352941177,41.17647058823529,61.76470588235294,32.35294117647058,61.76470588235294,64.70588235294117,20.588235294117656,48.529411764705884,70.58823529411765,51.470588235294116,39.70588235294117,57.75401069518716,50.0,75.0,63.23529411764706,51.470588235294116,47.05882352941176,64.70588235294117,20.588235294117656
Norma Dumont,Women’s Bantamweight,8,2.05,0.3923444976076555,1.1916666666666667,0.2739463601532567,0.9166666666666666,0.8029197080291971,0.7083333333333334,0.625,0.825,0.8048780487804879,0.49166666666666664,0.5566037735849056,3.1416666666666666,0.4802547770700637,2.05,0.34844192634560905,0.45,0.8307692307692308,0.3333333333333333,0.7407407407407407,0.2,0.6486486486486487,0.008333333333333333,0.25,0.21978021978021978,0.34843205574912894,0.65,0.7647058823529411,0.3416666666666667,0.7068965517241379,1.0,47.05882352941176,55.88235294117647,91.17647058823529,88.23529411764706,61.76470588235294,85.29411764705883,52.94117647058823,76.47058823529412,82.35294117647058,51.515151515151516,47.05882352941177,91.17647058823529,73.52941176470588,79.41176470588235,70.58823529411765,73.52941176470588,38.23529411764706,64.70588235294117,85.29411764705881,64.70588235294117,60.29411764705882,23.529411764705888,51.470588235294116,89.70588235294117,73.52941176470588,64.70588235294117,66.93404634581105,69.11764705882354,76.47058823529412,72.05882352941177,51.470588235294116,75.0,60.29411764705882,23.529411764705888
Luana Santos,Women’s Bantamweight,7,1.4912470283120813,0.44061302681992337,1.5949859520207479,0.2887323943661972,0.739139831424249,0.75,0.5575967149340826,0.6417910447761194,0.29824940566241626,0.8518518518518519,0.29824940566241626,0.6052631578947368,2.256321590663497,0.5353846153846153,1.9321374540739142,0.3117154811715481,0.22044521288091637,0.5,0.3890209639074995,0.6976744186046512,0.05186946185433326,0.8,0.12967365463583316,1.0,0.0,0.0,0.2723146747352496,0.5384615384615384,0.5186946185433327,0.7547169811320755,1.0,20.588235294117645,79.41176470588235,70.58823529411765,82.35294117647058,50.0,66.17647058823529,76.47058823529412,70.58823529411765,32.35294117647059,68.18181818181817,70.58823529411765,88.23529411764706,38.23529411764706,100.0,76.47058823529412,85.29411764705881,14.705882352941178,2.941176470588235,70.58823529411765,38.23529411764706,26.47058823529412,70.58823529411765,50.0,76.47058823529412,58.088235294117645,73.52941176470588,50.26737967914438,79.41176470588235,69.11764705882354,80.88235294117646,8.823529411764707,54.411764705882355,26.47058823529412,70.58823529411765
Ketlen Vieira,Women’s Bantamweight,8,1.9428571428571428,0.36315086782376504,1.5214285714285714,0.3402555910543131,0.45,0.6702127659574468,1.3071428571428572,0.7689075630252101,0.35,0.875,0.8357142857142857,0.9212598425196851,2.2,0.38213399503722084,2.8857142857142857,0.47417840375586856,0.40714285714285714,0.8382352941176471,0.5428571428571428,0.8351648351648352,0.1357142857142857,0.76,0.2357142857142857,0.6875,0.0,0.0,0.5428571428571428,0.8172043010752689,0.7785714285714286,0.7841726618705036,1.0,41.17647058823529,38.23529411764706,73.52941176470588,64.70588235294117,11.76470588235294,44.11764705882353,11.764705882352946,23.529411764705888,38.23529411764706,81.81818181818183,17.64705882352941,17.64705882352941,29.411764705882355,32.35294117647059,32.35294117647058,23.529411764705888,32.35294117647059,94.11764705882352,50.0,32.35294117647058,26.47058823529412,70.58823529411765,39.705882352941174,69.11764705882354,27.941176470588236,17.647058823529417,60.02673796791444,17.64705882352941,30.88235294117647,27.941176470588232,63.23529411764706,41.17647058823529,26.47058823529412,70.58823529411765
Jacqueline Cavalcanti,Women’s Bantamweight,6,2.6,0.325452016689847,1.4666666666666666,0.1981981981981982,1.0,0.75,0.6111111111111112,0.6043956043956044,1.7,0.85,0.9,0.84375,5.044444444444444,0.4585858585858586,2.7333333333333334,0.30036630036630035,0.25555555555555554,0.7931034482758621,0.2111111111111111,0.6785714285714286,0.0,,0.03333333333333333,0.5,0.0,0.0,0.25555555555555554,0.7931034482758621,0.24444444444444444,0.6470588235294118,1.0,67.64705882352942,20.588235294117645,76.47058823529412,97.05882352941177,67.64705882352942,66.17647058823529,70.58823529411765,82.35294117647058,100.0,63.63636363636363,11.764705882352946,44.11764705882352,97.05882352941177,70.58823529411765,41.17647058823529,91.17647058823529,11.76470588235294,82.35294117647058,94.11764705882352,76.47058823529412,26.47058823529412,70.58823529411765,44.117647058823536,86.76470588235294,66.91176470588235,76.47058823529412,81.81818181818181,27.941176470588232,83.82352941176471,66.17647058823529,47.05882352941176,85.29411764705881,26.47058823529412,70.58823529411765
Raquel Pennington,Women’s Bantamweight,8,2.6518091899336422,0.38327904451682954,1.9982471516213847,0.3397190293742018,1.8780518342306247,0.8928571428571429,0.8939526730937774,0.695906432748538,0.42068361086765993,0.9180327868852459,0.4281958182045824,0.8260869565217391,3.0950294228120696,0.4216990788126919,2.276198823087517,0.35563380281690143,1.4949292600475772,0.8766519823788547,1.0141479904845374,0.8083832335329342,0.36058595217227996,0.8275862068965517,0.030048829347689994,1.0,0.15174506828528073,0.0,1.8555152122198573,0.8666666666666667,1.0441968198322273,0.8128654970760234,1.0,70.58823529411765,47.05882352941176,50.0,67.6470588235294,97.05882352941177,97.05882352941177,41.17647058823529,52.94117647058823,44.11764705882353,96.96969696969697,50.0,47.05882352941177,70.58823529411765,58.82352941176471,61.76470588235294,64.70588235294117,91.17647058823529,97.05882352941177,26.47058823529412,17.64705882352941,52.94117647058824,70.58823529411765,58.82352941176471,58.8235294117647,97.05882352941177,47.05882352941176,70.54367201426025,48.529411764705884,64.70588235294119,63.23529411764706,94.11764705882354,22.058823529411764,52.94117647058824,70.58823529411765
Yana Santos,Women’s Bantamweight,8,1.40532319391635,0.3979328165374677,1.6243346007604564,0.3677685950413223,1.7612167300380228,0.8318965517241379,0.8577946768060837,0.6911764705882353,0.9855513307984791,0.864,0.23726235741444868,0.6842105263157895,2.2448669201520914,0.5082644628099173,1.505703422053232,0.3503184713375796,1.688212927756654,0.8078602620087336,0.7665399239543726,0.7924528301886793,0.21901140684410647,0.7741935483870968,0.44714828897338404,0.6049382716049383,0.21978021978021978,0.33557046979865773,1.9072243346007605,0.8038461538461539,1.2136882129277566,0.7112299465240641,1.0,17.647058823529413,61.76470588235294,67.6470588235294,55.88235294117648,94.11764705882352,91.17647058823529,47.05882352941177,58.82352941176471,85.29411764705883,78.78787878787878,94.11764705882352,79.41176470588235,35.294117647058826,88.23529411764706,88.23529411764706,70.58823529411765,94.11764705882352,85.29411764705883,17.64705882352941,55.88235294117648,60.29411764705882,29.41176470588235,39.705882352941174,61.76470588235294,92.6470588235294,52.94117647058824,82.0409982174688,86.76470588235293,61.76470588235294,79.41176470588235,89.70588235294117,36.76470588235294,60.29411764705882,29.41176470588235
Julianna Pena,Women’s Bantamweight,8,2.4437030859049207,0.38300653594771245,1.976647206005004,0.332398316970547,0.6505421184320267,0.8041237113402062,0.6505421184320267,0.8478260869565217,0.0500417014178482,0.6666666666666666,0.3919933277731443,0.8103448275862069,2.427022518765638,0.3803921568627451,2.293577981651376,0.36863270777479895,0.408673894912427,0.8305084745762712,0.2752293577981651,0.75,0.3085904920767306,0.7872340425531915,0.45037531276063386,0.7397260273972602,0.0,1.1049723756906078,0.7172643869891576,0.8113207547169812,0.725604670558799,0.7435897435897436,1.0,55.88235294117647,44.11764705882353,52.94117647058823,70.58823529411765,35.294117647058826,88.23529411764706,67.6470588235294,2.9411764705882355,8.823529411764707,22.727272727272727,58.82352941176471,50.0,47.05882352941176,26.47058823529412,58.82352941176471,58.82352941176471,44.11764705882353,88.23529411764706,52.94117647058823,41.17647058823529,26.47058823529412,5.8823529411764675,50.0,61.76470588235294,61.76470588235294,35.29411764705882,15.775401069518717,54.411764705882355,36.76470588235294,58.82352941176471,66.17647058823529,47.05882352941176,26.47058823529412,5.8823529411764675
Bia Mesquita,Women’s Bantamweight,3,4.200792602377807,0.5638297872340425,0.8718626155878467,0.2682926829268293,0.15852047556142668,0.6666666666666666,0.15852047556142668,0.3333333333333333,0.15852047556142668,0.6666666666666666,0.23778071334214002,0.3333333333333333,0.8718626155878467,0.4074074074074074,1.1096433289299867,0.2641509433962264,0.0,0.0,0.15852047556142668,1.0,3.645970937912814,0.6388888888888888,0.0,0.0,0.0,0.0,3.645970937912814,0.6301369863013698,0.15852047556142668,0.6666666666666666,1.0,97.05882352941177,100.0,94.11764705882352,94.11764705882352,2.941176470588235,41.17647058823529,100.0,97.05882352941177,23.52941176470588,22.727272727272727,91.17647058823529,100.0,2.941176470588235,50.0,94.11764705882352,100.0,100.0,11.76470588235294,100.0,72.05882352941177,26.47058823529412,70.58823529411765,98.52941176470588,94.11764705882352,22.05882352941176,98.52941176470588,23.1283422459893,95.58823529411765,26.470588235294116,97.05882352941177,55.88235294117647,86.02941176470588,26.47058823529412,70.58823529411765
Karol Rosa,Women’s Bantamweight,8,2.5833333333333335,0.4512372634643377,2.3333333333333335,0.39215686274509803,0.55,0.7333333333333333,1.075,0.8113207547169812,1.5916666666666666,0.8127659574468085,0.7666666666666667,0.8440366972477065,3.875,0.5284090909090909,3.45,0.47750865051903113,0.5333333333333333,0.7529411764705882,0.6583333333333333,0.7596153846153846,0.31666666666666665,0.8085106382978723,0.06666666666666667,0.7272727272727273,0.1763668430335097,0.1996007984031936,0.85,0.7727272727272727,0.725,0.7565217391304347,1.0,64.70588235294117,82.35294117647058,38.23529411764706,38.23529411764706,23.52941176470588,58.82352941176471,29.41176470588235,17.64705882352941,97.05882352941177,54.54545454545454,20.588235294117656,41.17647058823529,82.35294117647058,94.11764705882352,20.588235294117656,20.588235294117656,52.94117647058824,73.52941176470588,55.88235294117648,35.29411764705881,55.88235294117647,38.23529411764706,73.52941176470588,38.23529411764706,41.1764705882353,23.52941176470588,75.80213903743315,30.88235294117647,88.23529411764704,20.588235294117656,63.23529411764706,45.588235294117645,55.88235294117647,38.23529411764706
Kayla Harrison,Women’s Bantamweight,3,3.0599369085173502,0.5574712643678161,0.6624605678233438,0.27631578947368424,0.8517350157728707,0.9,0.18927444794952683,0.3157894736842105,0.37854889589905366,0.8,0.25236593059936907,1.0,1.2618296529968454,0.39603960396039606,0.8517350157728707,0.2872340425531915,0.7570977917981073,0.8888888888888888,0.09463722397476342,1.0,2.271293375394322,0.7912087912087912,0.15772870662460567,0.8333333333333334,0.0,0.0,3.0283911671924293,0.8135593220338984,0.25236593059936907,0.8888888888888888,1.0,82.35294117647058,97.05882352941177,100.0,85.29411764705881,55.88235294117647,100.0,97.05882352941177,100.0,41.17647058823529,48.484848484848484,88.23529411764706,4.4117647058823515,11.76470588235294,44.11764705882353,100.0,94.11764705882352,97.05882352941177,91.17647058823529,91.17647058823529,2.9411764705882355,26.47058823529412,70.58823529411765,89.70588235294117,92.6470588235294,77.94117647058823,98.52941176470588,44.83065953654189,46.3235294117647,27.941176470588236,97.05882352941177,94.11764705882354,47.05882352941176,26.47058823529412,70.58823529411765
Michelle Montague,Women’s Bantamweight,2,2.5,0.47770700636942676,1.4,0.4827586206896552,0.23333333333333334,0.5833333333333334,0.5,0.8333333333333334,0.03333333333333333,0.5,0.5666666666666667,0.7727272727272727,1.1,0.35106382978723405,2.2666666666666666,0.591304347826087,0.03333333333333333,0.5,0.13333333333333333,0.4444444444444444,1.6333333333333333,0.6533333333333333,0.06666666666666667,0.6666666666666666,0.0,0.0,1.6666666666666667,0.6493506493506493,0.2,0.5,1.0,61.76470588235294,88.23529411764706,79.41176470588235,11.764705882352946,5.88235294117647,11.76470588235294,79.41176470588235,8.823529411764714,5.88235294117647,7.575757575757576,35.29411764705881,58.82352941176471,5.88235294117647,17.647058823529413,64.70588235294117,2.9411764705882355,88.23529411764706,17.647058823529413,97.05882352941177,97.05882352941177,26.47058823529412,70.58823529411765,75.0,45.588235294117645,8.823529411764705,44.11764705882353,6.729055258467023,47.05882352941176,11.764705882352942,33.8235294117647,52.94117647058823,97.05882352941177,26.47058823529412,70.58823529411765
Macy Chiasson,Women’s Bantamweight,8,1.3467153284671534,0.3170103092783505,1.8175182481751826,0.4649859943977591,0.7992700729927008,0.6759259259259259,1.051094890510949,0.7741935483870968,0.427007299270073,0.75,0.28467153284671537,0.7428571428571429,1.6423357664233578,0.3448275862068966,1.7518248175182483,0.4507042253521127,0.624087591240876,0.8028169014084507,1.0291970802919708,0.7833333333333333,0.30656934306569344,0.6666666666666666,0.3722627737226278,0.8292682926829268,0.0,0.3472222222222222,0.9306569343065694,0.7522123893805309,1.4014598540145986,0.7950310559006211,1.0,11.76470588235294,8.823529411764707,64.70588235294117,23.529411764705888,52.94117647058824,47.05882352941176,35.29411764705881,20.588235294117656,47.05882352941176,37.878787878787875,79.41176470588235,67.6470588235294,20.588235294117645,5.88235294117647,82.35294117647058,41.17647058823529,58.82352941176471,58.82352941176471,8.823529411764714,26.47058823529412,26.47058823529412,26.47058823529412,10.294117647058822,44.11764705882353,50.0,27.941176470588232,42.46880570409982,73.52941176470588,13.235294117647058,61.764705882352935,58.82352941176471,17.647058823529417,26.47058823529412,26.47058823529412
Melissa Croden,Women’s Bantamweight,3,3.008982035928144,0.4253968253968254,1.3248502994011977,0.3172043010752688,0.6961077844311377,0.6458333333333334,0.6511976047904192,0.725,0.561377245508982,0.6410256410256411,0.157185628742515,0.875,2.6497005988023954,0.4041095890410959,1.5269461077844313,0.3469387755102041,0.7634730538922156,0.68,0.6062874251497006,0.7297297297297297,0.8532934131736527,0.6333333333333333,0.0,0.0,0.5263157894736842,0.0,1.6167664670658684,0.6545454545454545,0.6062874251497006,0.7105263157894737,1.0,79.41176470588235,73.52941176470588,85.29411764705881,73.52941176470588,38.23529411764706,32.35294117647059,64.70588235294117,41.17647058823529,58.82352941176471,15.151515151515152,97.05882352941177,29.41176470588235,58.82352941176471,47.05882352941176,85.29411764705881,76.47058823529412,85.29411764705883,23.52941176470588,64.70588235294117,58.82352941176471,76.47058823529412,70.58823529411765,76.47058823529412,79.41176470588235,35.294117647058826,52.94117647058823,36.98752228163993,63.23529411764706,52.94117647058823,80.88235294117646,54.411764705882355,61.76470588235294,76.47058823529412,70.58823529411765
Klaudia Sygula,Women’s Bantamweight,3,5.20183486238532,0.42567567567567566,3.935779816513761,0.3896457765667575,1.2660550458715596,0.6388888888888888,0.6880733944954128,0.5813953488372093,0.7981651376146789,0.90625,0.8807339449541284,0.6808510638297872,7.0183486238532105,0.4766355140186916,4.568807339449541,0.4088669950738916,0.16513761467889906,0.6666666666666666,0.13761467889908255,0.5555555555555556,0.08256880733944953,0.75,0.7981651376146789,0.6904761904761905,0.0,0.0,0.2477064220183486,0.6923076923076923,0.9357798165137614,0.6666666666666666,1.0,100.0,76.47058823529412,8.823529411764714,44.11764705882352,88.23529411764706,23.52941176470588,55.88235294117648,85.29411764705881,79.41176470588235,90.9090909090909,14.705882352941178,82.35294117647058,100.0,76.47058823529412,11.764705882352946,50.0,5.88235294117647,32.35294117647059,38.23529411764706,72.05882352941177,26.47058823529412,70.58823529411765,88.23529411764706,26.470588235294116,55.88235294117647,70.58823529411765,85.16042780748663,48.52941176470588,88.23529411764706,30.88235294117647,19.11764705882353,55.14705882352941,26.47058823529412,70.58823529411765
Nina Milosevic,Women’s Bantamweight,1,3.800904977375566,0.4827586206896552,1.900452488687783,0.19444444444444445,1.900452488687783,0.7,1.3574660633484164,0.45454545454545453,0.0,,0.2714932126696833,1.0,4.343891402714933,0.5333333333333333,3.257918552036199,0.26666666666666666,1.3574660633484164,0.5555555555555556,0.2714932126696833,0.3333333333333333,0.0,,0.0,,4.761904761904762,0.0,1.3574660633484164,0.5555555555555556,0.2714932126696833,0.3333333333333333,1.0,94.11764705882352,91.17647058823529,61.76470588235294,100.0,100.0,54.41176470588235,8.823529411764714,94.11764705882352,2.941176470588235,,85.29411764705881,4.4117647058823515,91.17647058823529,97.05882352941177,26.47058823529412,97.05882352941177,79.41176470588235,7.352941176470589,88.23529411764706,100.0,100.0,70.58823529411765,92.6470588235294,80.88235294117646,77.20588235294117,51.470588235294116,2.941176470588235,44.85294117647058,94.11764705882354,61.76470588235294,43.38235294117647,94.11764705882354,100.0,70.58823529411765
Luana Carolina,Women’s Bantamweight,8,2.107367218732153,0.3837753510140406,1.901770416904626,0.38078902229845624,1.302113078241005,0.7562189054726368,1.070816676185037,0.7440476190476191,0.7966876070816676,0.8157894736842105,0.41119360365505425,0.6857142857142857,2.9640205596801827,0.45827814569536424,2.2101656196459167,0.4075829383886256,0.950885208452313,0.7762237762237763,0.805254140491148,0.7704918032786885,0.2912621359223301,0.5862068965517241,0.3683609366076528,0.6515151515151515,0.0,0.25316455696202533,1.2421473443746431,0.7213930348258707,1.1736150770988008,0.7287234042553191,1.0,52.94117647058824,50.0,58.82352941176471,47.05882352941177,91.17647058823529,70.58823529411765,32.35294117647058,32.35294117647058,73.52941176470588,57.57575757575758,52.94117647058823,76.47058823529412,64.70588235294117,67.64705882352942,67.6470588235294,52.94117647058823,73.52941176470588,41.17647058823529,20.588235294117656,44.11764705882352,26.47058823529412,35.29411764705881,51.470588235294116,52.94117647058824,80.88235294117646,32.35294117647058,65.55258467023174,64.70588235294117,66.1764705882353,60.29411764705882,57.35294117647059,32.35294117647059,26.47058823529412,35.29411764705881
Chelsea Chandler,Women’s Bantamweight,6,2.469951923076923,0.3903133903133903,2.199519230769231,0.48031496062992124,0.9375,0.6933333333333334,1.171875,0.7142857142857143,0.10817307692307691,0.8571428571428571,0.9014423076923077,0.9433962264150944,2.1634615384615383,0.37037037037037035,3.137019230769231,0.5403726708074534,0.7391826923076923,0.6833333333333333,0.9194711538461539,0.8793103448275862,0.6129807692307692,0.6938775510204082,0.21634615384615383,0.6666666666666666,0.5128205128205128,0.4219409282700422,1.3521634615384615,0.6880733944954128,1.1358173076923077,0.8289473684210527,1.0,58.82352941176471,52.94117647058824,44.11764705882352,14.705882352941178,64.70588235294117,50.0,20.588235294117656,47.05882352941177,20.588235294117645,72.72727272727273,8.823529411764714,11.764705882352946,26.47058823529412,20.588235294117645,29.41176470588235,5.8823529411764675,76.47058823529412,29.411764705882355,23.529411764705888,11.764705882352946,73.52941176470588,17.64705882352941,55.88235294117648,29.411764705882348,57.35294117647059,33.82352941176471,46.657754010695186,10.29411764705883,23.529411764705884,17.64705882352941,52.94117647058823,17.647058823529417,73.52941176470588,17.64705882352941
Alice Pereira,Women’s Bantamweight,2,2.0491803278688527,0.3184713375796178,1.9672131147540985,0.2696629213483146,0.6967213114754098,0.6296296296296297,0.6557377049180328,0.5333333333333333,0.0819672131147541,0.5,0.49180327868852464,0.5454545454545454,2.540983606557377,0.3463687150837989,2.7049180327868854,0.3055555555555556,0.20491803278688525,0.7142857142857143,0.36885245901639346,0.8181818181818182,0.0819672131147541,1.0,0.04098360655737705,0.3333333333333333,1.4492753623188406,0.0,0.2868852459016394,0.7777777777777778,0.4098360655737705,0.7142857142857143,1.0,44.11764705882353,11.76470588235294,55.88235294117648,91.17647058823529,41.17647058823529,20.588235294117645,61.76470588235294,91.17647058823529,14.705882352941178,7.575757575757576,44.11764705882352,94.11764705882352,52.94117647058824,11.76470588235294,44.11764705882352,88.23529411764706,20.588235294117645,77.94117647058823,82.35294117647058,52.94117647058823,97.05882352941177,70.58823529411765,27.941176470588236,73.52941176470588,30.882352941176467,76.47058823529412,11.140819964349376,69.11764705882352,32.35294117647059,66.17647058823529,49.26470588235294,67.6470588235294,97.05882352941177,70.58823529411765
Montse Rendon,Women’s Bantamweight,2,1.8111002921129502,0.21830985915492956,2.629016553067186,0.3515625,0.3505355404089581,0.4,0.4673807205452775,0.6153846153846154,0.4673807205452775,0.47058823529411764,0.11684518013631938,0.6666666666666666,2.5121713729308666,0.25146198830409355,2.3953261927945473,0.33884297520661155,0.11684518013631938,0.6666666666666666,0.11684518013631938,0.6666666666666666,0.0,,0.7010710808179162,0.6,0.0,0.0,0.11684518013631938,0.6666666666666666,0.8179162609542356,0.6086956521739131,1.0,35.294117647058826,2.941176470588235,26.47058823529412,61.76470588235294,8.823529411764707,2.941176470588235,82.35294117647058,79.41176470588235,50.0,3.0303030303030303,100.0,85.29411764705881,50.0,2.941176470588235,52.94117647058823,79.41176470588235,2.941176470588235,26.47058823529412,47.05882352941177,91.17647058823529,26.47058823529412,70.58823529411765,19.11764705882353,44.11764705882353,5.882352941176471,80.88235294117646,26.515151515151516,92.6470588235294,26.470588235294116,66.17647058823529,14.705882352941178,69.11764705882354,26.47058823529412,70.58823529411765
Daria Zhelezniakova,Women’s Bantamweight,4,2.8035470668485676,0.3366093366093366,2.4147339699863575,0.30569948186528495,1.2482946793997272,0.6630434782608695,0.572987721691678,0.56,0.08185538881309685,1.0,0.3888130968622101,0.7916666666666666,3.8472032742155524,0.3908523908523909,2.7012278308321966,0.32673267326732675,0.2660300136425648,0.6190476190476191,0.4297407912687585,0.5675675675675675,0.020463847203274214,1.0,0.24556616643929058,0.631578947368421,0.0,0.0,0.286493860845839,0.6363636363636364,0.6753069577080492,0.5892857142857143,1.0,73.52941176470588,26.47058823529412,35.29411764705881,76.47058823529412,82.35294117647058,38.23529411764706,73.52941176470588,88.23529411764706,11.76470588235294,100.0,61.76470588235294,52.94117647058823,79.41176470588235,41.17647058823529,47.05882352941177,82.35294117647058,17.647058823529413,14.705882352941178,61.76470588235294,94.11764705882352,26.47058823529412,70.58823529411765,50.0,55.882352941176464,60.29411764705882,80.88235294117646,55.88235294117647,57.35294117647059,60.29411764705882,64.70588235294117,16.176470588235297,77.94117647058823,26.47058823529412,70.58823529411765
Nora Cornolle,Women’s Bantamweight,6,1.0782865583456425,0.37628865979381443,1.2850812407680945,0.3702127659574468,0.8567208271787297,0.7631578947368421,0.45790251107828656,0.7560975609756098,0.7976366322008862,0.8181818181818182,0.29542097488921715,0.5128205128205128,1.5805022156573116,0.4713656387665198,1.3441654357459378,0.35546875,1.122599704579025,0.7102803738317757,0.29542097488921715,0.7407407407407407,0.029542097488921712,1.0,0.3988183161004431,0.84375,0.5405405405405406,0.0,1.1521418020679468,0.7155963302752294,0.6942392909896602,0.7966101694915254,1.0,5.88235294117647,41.17647058823529,88.23529411764706,52.94117647058823,58.82352941176471,73.52941176470588,85.29411764705881,26.47058823529412,76.47058823529412,60.60606060606061,73.52941176470588,97.05882352941177,17.647058823529413,73.52941176470588,91.17647058823529,67.6470588235294,70.58823529411765,35.294117647058826,58.82352941176471,23.529411764705888,79.41176470588235,70.58823529411765,23.52941176470588,70.58823529411765,66.1764705882353,55.882352941176464,68.53832442067736,85.29411764705883,45.58823529411765,79.41176470588235,52.94117647058824,41.1764705882353,79.41176470588235,70.58823529411765
Tainara Lisboa,Women’s Bantamweight,4,1.2070566388115134,0.34574468085106386,2.1355617455896008,0.5,0.7056638811513463,0.7755102040816326,0.3342618384401114,0.6923076923076923,0.09285051067780872,0.7142857142857143,0.4085422469823584,0.7586206896551724,1.2070566388115134,0.34574468085106386,1.9498607242339832,0.5121951219512195,0.7613741875580315,0.82,0.3342618384401114,0.6206896551724138,0.03714020427112349,0.3333333333333333,0.5942432683379758,0.6274509803921569,0.0,0.6451612903225806,0.7985143918291551,0.7678571428571429,0.9285051067780873,0.625,1.0,8.823529411764707,32.35294117647059,47.05882352941177,5.8823529411764675,44.11764705882353,76.47058823529412,94.11764705882352,55.88235294117648,17.647058823529413,33.33333333333333,55.88235294117648,61.76470588235294,8.823529411764707,8.823529411764707,73.52941176470588,14.705882352941178,50.0,67.64705882352942,41.17647058823529,82.35294117647058,26.47058823529412,11.764705882352946,20.588235294117645,26.470588235294116,60.294117647058826,75.0,25.49019607843137,58.82352941176471,8.823529411764707,44.11764705882353,58.82352941176471,61.764705882352935,26.47058823529412,11.764705882352946
Irene Aldana,Women’s Bantamweight,8,3.219637505351791,0.3418181818181818,4.033109747395462,0.3714511041009464,0.736406450692165,0.5733333333333334,1.2844298558584273,0.684931506849315,0.7449693163978879,0.7909090909090909,1.6183816183816184,0.9043062200956937,4.221492792921365,0.3842556508183944,6.439275010703582,0.46941323345817726,0.1370058512915656,0.8888888888888888,0.12844298558584272,0.6818181818181818,0.34251462822891393,0.6779661016949152,0.3682032253460825,0.5972222222222222,0.546448087431694,0.0,0.47952047952047955,0.7272727272727273,0.49664621093192524,0.6170212765957447,1.0,85.29411764705883,29.411764705882355,5.8823529411764675,50.0,47.05882352941176,8.823529411764707,14.705882352941178,61.76470588235294,70.58823529411765,45.45454545454545,2.9411764705882355,20.588235294117656,85.29411764705883,35.294117647058826,2.9411764705882355,29.41176470588235,29.411764705882355,50.0,79.41176470588235,85.29411764705881,82.35294117647058,70.58823529411765,57.352941176470594,27.941176470588232,27.941176470588232,38.23529411764706,58.02139037433155,11.764705882352946,60.294117647058826,16.176470588235293,39.705882352941174,82.35294117647058,82.35294117647058,70.58823529411765
Miesha Tate,Women’s Bantamweight,8,2.1017514595496247,0.3925233644859813,2.7439532944120097,0.42342342342342343,1.0175145954962468,0.6039603960396039,0.725604670558799,0.8446601941747572,0.2835696413678065,0.6538461538461539,0.2919099249374479,0.8536585365853658,2.360300250208507,0.38820301783264743,2.8690575479566305,0.4371029224904701,0.5004170141784821,0.7228915662650602,0.6922435362802335,0.8217821782178217,0.5421184320266889,0.7738095238095238,0.2001668056713928,0.7272727272727273,0.0,0.0,1.042535446205171,0.7485029940119761,0.8924103419516263,0.7985074626865671,1.0,50.0,58.82352941176471,23.529411764705888,26.47058823529412,70.58823529411765,17.647058823529413,50.0,5.8823529411764675,29.411764705882355,18.181818181818183,76.47058823529412,38.23529411764706,44.11764705882353,38.23529411764706,35.29411764705881,44.11764705882352,61.76470588235294,55.88235294117647,44.11764705882352,20.588235294117656,26.47058823529412,70.58823529411765,54.411764705882355,25.000000000000004,44.117647058823536,27.941176470588232,23.796791443850267,57.35294117647059,41.17647058823529,39.70588235294117,58.82352941176471,32.35294117647059,26.47058823529412,70.58823529411765
Melissa Mullins,Women’s Bantamweight,4,2.935779816513761,0.4247787610619469,2.782874617737003,0.39565217391304347,0.5198776758409785,0.85,1.437308868501529,0.6527777777777778,0.3058103975535168,0.9090909090909091,0.36697247706422015,0.8571428571428571,2.660550458715596,0.42028985507246375,4.036697247706422,0.4536082474226804,0.21406727828746175,0.875,0.48929663608562685,0.6956521739130435,0.8868501529051988,0.6904761904761905,0.061162079510703356,1.0,0.0,0.6666666666666666,1.1009174311926604,0.72,0.5504587155963302,0.72,1.0,76.47058823529412,70.58823529411765,20.588235294117656,32.35294117647058,20.588235294117645,94.11764705882352,2.9411764705882355,64.70588235294117,35.294117647058826,93.93939393939394,64.70588235294117,35.29411764705881,61.76470588235294,55.88235294117647,14.705882352941178,38.23529411764706,64.70588235294117,38.23529411764706,67.6470588235294,50.0,26.47058823529412,8.823529411764714,73.52941176470588,26.470588235294116,57.35294117647058,33.8235294117647,64.61675579322639,49.99999999999999,58.82352941176471,26.470588235294116,51.470588235294116,58.8235294117647,26.47058823529412,8.823529411764714
Mayra Bueno Silva,Women’s Bantamweight,8,1.3670345318618724,0.45714285714285713,2.819508721965112,0.4756756756756757,1.0252758988964044,0.8,1.1000355998576006,0.8306451612903226,0.5980776076895692,0.7887323943661971,0.5873976504093983,0.9016393442622951,1.8689925240299037,0.4985754985754986,2.7661089355642576,0.47005444646098005,0.9825560697757209,0.8761904761904762,0.8971164115343538,0.84,0.13883944464222142,0.8666666666666667,0.8437166251334994,0.8876404494382022,0.0,0.0,1.1213955144179422,0.875,1.7408330366678533,0.8624338624338624,1.0,14.705882352941178,85.29411764705883,17.64705882352941,17.64705882352941,76.47058823529412,82.35294117647058,26.47058823529412,11.764705882352946,61.76470588235294,42.42424242424242,32.35294117647058,26.47058823529412,23.52941176470588,85.29411764705883,38.23529411764706,26.47058823529412,67.64705882352942,100.0,2.9411764705882355,8.823529411764714,26.47058823529412,70.58823529411765,50.0,17.64705882352941,79.41176470588235,19.117647058823533,52.09447415329768,29.411764705882348,54.411764705882355,32.35294117647059,83.82352941176471,5.882352941176475,26.47058823529412,70.58823529411765
Irina Alekseeva,Women’s Bantamweight,4,1.7251585623678647,0.288135593220339,3.754756871035941,0.49169435215946844,0.6342494714587739,0.5102040816326531,0.6596194503171248,0.7222222222222222,1.06553911205074,0.6176470588235294,0.6088794926004228,0.9230769230769231,3.1712473572938693,0.373134328358209,3.704016913319239,0.5177304964539007,0.20295983086680763,0.6153846153846154,0.1522198731501057,0.8571428571428571,0.05073995771670191,0.4,1.1670190274841439,0.6216216216216216,0.7407407407407407,0.0,0.25369978858350956,0.5555555555555556,1.3192389006342495,0.6419753086419753,1.0,32.35294117647059,5.88235294117647,11.764705882352946,8.823529411764714,32.35294117647059,5.88235294117647,58.82352941176471,44.11764705882352,91.17647058823529,12.121212121212121,29.41176470588235,14.705882352941178,76.47058823529412,23.52941176470588,17.64705882352941,11.764705882352946,8.823529411764707,7.352941176470589,11.764705882352946,79.41176470588235,88.23529411764706,70.58823529411765,19.11764705882353,10.29411764705883,19.11764705882353,51.470588235294116,51.64884135472371,22.058823529411764,50.0,14.705882352941178,8.088235294117649,45.588235294117645,88.23529411764706,70.58823529411765
Julia Avila,Women’s Bantamweight,6,1.6494360902255638,0.325,2.6221804511278193,0.40522875816993464,0.5075187969924811,0.6545454545454545,0.3806390977443609,0.7105263157894737,0.6484962406015037,0.8518518518518519,0.2819548872180451,0.7407407407407407,2.213345864661654,0.3819951338199513,2.340225563909774,0.3851508120649652,0.46522556390977443,0.7021276595744681,0.1550751879699248,0.5238095238095238,0.1268796992481203,0.8181818181818182,0.7894736842105263,0.7777777777777778,0.5025125628140703,0.0,0.5921052631578947,0.7241379310344828,0.944548872180451,0.7204301075268817,1.0,23.52941176470588,17.647058823529413,29.41176470588235,29.41176470588235,17.647058823529413,35.294117647058826,88.23529411764706,50.0,67.64705882352942,68.18181818181817,82.35294117647058,70.58823529411765,32.35294117647059,29.411764705882355,55.88235294117648,55.88235294117648,35.294117647058826,44.11764705882353,35.29411764705881,47.05882352941177,70.58823529411765,70.58823529411765,20.588235294117645,29.41176470588235,26.47058823529412,69.11764705882354,67.91443850267379,76.47058823529412,30.88235294117647,55.88235294117648,39.705882352941174,41.17647058823529,70.58823529411765,70.58823529411765
Josiane Nunes,Women’s Bantamweight,6,3.753694581280788,0.36079545454545453,3.694581280788177,0.390625,1.2561576354679802,0.6390977443609023,1.1379310344827585,0.7333333333333333,0.6354679802955665,0.86,0.9310344827586207,0.9692307692307692,4.876847290640394,0.40892193308550184,5.261083743842364,0.46780551905387646,0.6354679802955665,0.6825396825396826,0.2660098522167488,0.8181818181818182,0.1330049261083744,0.5294117647058824,0.23645320197044334,0.5925925925925926,0.7853403141361257,0.2564102564102564,0.7684729064039408,0.65,0.5024630541871921,0.6938775510204082,1.0,91.17647058823529,35.294117647058826,14.705882352941178,41.17647058823529,85.29411764705883,26.47058823529412,23.529411764705888,38.23529411764706,64.70588235294117,75.75757575757575,5.8823529411764675,8.823529411764714,94.11764705882352,52.94117647058824,8.823529411764714,32.35294117647058,47.05882352941176,20.588235294117645,76.47058823529412,67.6470588235294,91.17647058823529,32.35294117647058,63.23529411764706,27.941176470588232,55.88235294117647,30.88235294117647,70.23172905525846,7.3529411764705905,73.52941176470588,20.588235294117645,33.8235294117647,72.05882352941177,91.17647058823529,32.35294117647058
Hailey Cowan,Women’s Bantamweight,4,1.831187410586552,0.3282051282051282,2.2031473533619454,0.5099337748344371,1.0586552217453504,0.5967741935483871,1.3733905579399142,0.8135593220338984,0.2575107296137339,0.75,0.34334763948497854,0.75,2.28898426323319,0.34782608695652173,2.689556509298998,0.5310734463276836,0.6866952789699571,0.7741935483870968,1.1731044349070099,0.8723404255319149,0.17167381974248927,0.75,0.05722460658082975,1.0,0.0,1.4598540145985401,0.8583690987124463,0.7692307692307693,1.2303290414878396,0.8775510204081632,1.0,38.23529411764706,23.52941176470588,41.17647058823529,2.9411764705882355,79.41176470588235,14.705882352941178,5.8823529411764675,14.705882352941178,26.47058823529412,37.878787878787875,67.6470588235294,64.70588235294117,41.17647058823529,14.705882352941178,50.0,8.823529411764714,55.88235294117647,70.58823529411765,14.705882352941178,5.8823529411764675,26.47058823529412,2.9411764705882355,30.88235294117647,22.05882352941176,47.05882352941176,10.294117647058822,32.174688057040996,66.17647058823529,27.941176470588232,29.411764705882355,63.23529411764706,10.294117647058822,26.47058823529412,2.9411764705882355
Priscila Cachoeira,Women’s Bantamweight,8,3.655051391326147,0.411864406779661,6.377538230132865,0.47268673355629875,0.6317372775131612,0.7368421052631579,0.9175231887691151,0.648936170212766,0.49636500376034093,0.8918918918918919,0.5565304587615943,0.9024390243902439,4.316871396339935,0.4470404984423676,6.377538230132865,0.4669603524229075,0.16545500125344698,0.7857142857142857,0.1504136375031336,0.5555555555555556,0.3008272750062672,0.7142857142857143,1.3236400100275758,0.8301886792452831,0.6289308176100629,0.5747126436781609,0.4662822762597142,0.7380952380952381,1.4740536475307093,0.7903225806451613,1.0,88.23529411764706,64.70588235294117,2.9411764705882355,20.588235294117656,29.411764705882355,61.76470588235294,38.23529411764706,67.6470588235294,52.94117647058824,87.87878787878788,38.23529411764706,23.529411764705888,88.23529411764706,61.76470588235294,5.8823529411764675,35.29411764705881,26.47058823529412,52.94117647058824,5.8823529411764675,29.41176470588235,85.29411764705883,14.705882352941178,76.47058823529412,11.764705882352946,45.58823529411765,52.94117647058823,70.40998217468805,30.88235294117647,75.0,20.588235294117638,39.70588235294118,17.64705882352941,85.29411764705883,14.705882352941178
Tamires Vidal,Women’s Bantamweight,4,1.0400616332819723,0.3191489361702128,2.519260400616333,0.39492753623188404,0.48536209553158705,0.7777777777777778,1.201848998459168,0.7536231884057971,1.386748844375963,0.8823529411764706,0.7395993836671803,0.8648648648648649,2.588597842835131,0.5137614678899083,3.420647149460709,0.47896440129449835,0.3235747303543914,0.7777777777777778,0.3235747303543914,0.6363636363636364,0.0,,0.7164869029275809,0.6078431372549019,0.7936507936507936,0.0,0.3235747303543914,0.7777777777777778,1.0400616332819723,0.6164383561643836,1.0,2.941176470588235,14.705882352941178,32.35294117647058,35.29411764705881,14.705882352941178,79.41176470588235,17.64705882352941,29.41176470588235,94.11764705882352,84.84848484848484,23.529411764705888,32.35294117647058,55.88235294117647,91.17647058823529,23.529411764705888,17.64705882352941,23.52941176470588,77.94117647058823,29.41176470588235,88.23529411764706,94.11764705882352,70.58823529411765,8.823529411764707,33.823529411764696,47.05882352941176,23.52941176470588,89.48306595365418,27.941176470588232,73.52941176470588,20.58823529411765,50.73529411764706,58.8235294117647,94.11764705882352,70.58823529411765
Valentina Shevchenko,Women’s Flyweight,8,2.158440802870164,0.4805699481865285,0.9017744594201493,0.23099850968703428,0.4188887811500049,0.7272727272727273,0.5643362746048677,0.6510067114093959,0.5177930766993115,0.9081632653061225,0.511975176961117,0.676923076923077,2.4493357897798895,0.5191122071516646,1.407931736643072,0.290516206482593,0.250169688742364,0.589041095890411,0.500339377484728,0.8958333333333334,0.3956171821972268,0.8,0.06981479685833414,0.5714285714285714,0.18796992481203006,0.29411764705882354,0.6457868709395909,0.7025316455696202,0.5701541743430621,0.8376068376068376,1.0,46.15384615384615,92.3076923076923,97.43589743589745,100.0,12.82051282051282,64.1025641025641,82.05128205128206,69.23076923076924,48.717948717948715,79.48717948717949,61.53846153846154,89.47368421052632,43.58974358974359,94.87179487179486,94.87179487179488,100.0,48.717948717948715,26.31578947368421,58.97435897435897,7.692307692307702,66.66666666666666,30.76923076923077,69.23076923076923,98.71794871794873,38.46153846153846,75.64102564102565,64.1025641025641,75.50607287449392,69.23076923076923,97.43589743589743,37.51686909581646,33.333333333333336,66.66666666666666,30.76923076923077
Natalia Silva,Women’s Flyweight,8,2.7677573822825217,0.3503030303030303,1.2450119712689545,0.24528301886792453,1.0247406225059856,0.6524390243902439,0.5554668794892258,0.5087719298245614,1.0151636073423782,0.8833333333333333,0.5554668794892258,0.6666666666666666,4.53950518754988,0.4425770308123249,2.221867517956903,0.327683615819209,0.12450119712689545,0.8125,0.1340782122905028,0.6086956521739131,0.14365522745411013,0.6818181818181818,0.0,,0.398406374501992,0.0,0.2681564245810056,0.7368421052631579,0.1340782122905028,0.6086956521739131,1.0,71.7948717948718,48.717948717948715,87.17948717948718,92.30769230769232,76.92307692307693,25.64102564102564,84.61538461538461,97.43589743589745,94.87179487179486,69.23076923076923,46.15384615384615,93.42105263157895,84.61538461538461,74.35897435897436,69.23076923076924,92.30769230769232,12.82051282051282,39.473684210526315,100.0,89.74358974358975,89.74358974358975,70.51282051282053,60.256410256410255,89.74358974358975,51.282051282051285,91.02564102564102,82.05128205128204,69.78744939271255,79.48717948717949,80.76923076923077,26.147098515519566,94.87179487179488,89.74358974358975,70.51282051282053
Erin Blanchfield,Women’s Flyweight,8,3.345724907063197,0.3468208092485549,3.1877323420074353,0.3532440782698249,0.8085501858736059,0.7699115044247787,0.6319702602230484,0.6355140186915887,0.7063197026022305,0.8735632183908046,0.6412639405204461,0.9452054794520548,4.117100371747212,0.39342806394316165,4.237918215613383,0.41530054644808745,0.30669144981412644,0.5689655172413793,0.2230483271375465,0.4528301886792453,0.4368029739776952,0.8703703703703703,0.0,,0.0,0.0,0.7434944237918216,0.7142857142857143,0.2230483271375465,0.4528301886792453,1.0,84.61538461538461,43.58974358974359,17.948717948717952,64.1025641025641,61.53846153846154,82.05128205128204,74.35897435897436,76.92307692307693,79.48717948717949,61.53846153846154,38.46153846153846,13.157894736842106,82.05128205128204,48.717948717948715,17.948717948717952,51.282051282051285,53.84615384615385,28.947368421052634,94.87179487179488,100.0,29.48717948717949,70.51282051282053,64.1025641025641,41.02564102564103,71.7948717948718,75.64102564102565,70.51282051282051,25.80971659919028,65.38461538461539,34.61538461538462,41.39676113360324,97.43589743589743,29.48717948717949,70.51282051282053
Manon Fiorot,Women’s Flyweight,8,3.6902432205759017,0.3271375464684015,2.0044730220855467,0.23733862959285004,1.2831982107911657,0.7927461139896373,0.863852390271177,0.5885714285714285,0.6709533128319821,0.898876404494382,0.8386916410399776,0.8,4.86441151803187,0.3895231699126931,3.3883142298015096,0.3265966046887631,0.5283757338551859,0.6494845360824743,0.26838132513279284,0.5161290322580645,0.2516074923119933,0.7317073170731707,0.05032149846239866,0.75,0.1485884101040119,0.22624434389140272,0.7799832261671792,0.6739130434782609,0.3187028235951915,0.5428571428571428,1.0,92.3076923076923,33.33333333333333,53.84615384615385,97.43589743589745,84.61538461538461,89.74358974358975,41.02564102564102,92.30769230769232,74.35897435897436,74.35897435897436,17.948717948717952,57.89473684210526,87.17948717948718,46.15384615384615,38.46153846153846,94.87179487179488,58.97435897435898,15.789473684210526,87.17948717948718,94.87179487179488,61.53846153846154,35.897435897435905,62.82051282051282,75.64102564102565,87.17948717948718,66.66666666666667,74.35897435897436,37.92172739541161,66.66666666666667,66.66666666666667,37.38191632928475,91.02564102564102,61.53846153846154,35.897435897435905
Zhang Weili,Women’s Flyweight,8,2.4311762602788702,0.5329153605015674,1.072577761887737,0.37037037037037035,0.8080085806220951,0.7583892617449665,0.31462281015373617,0.7333333333333333,0.6936002860207365,0.7132352941176471,0.47193421523060425,0.8048780487804879,1.873435824097247,0.4532871972318339,1.3657490168037183,0.4152173913043478,0.328923846978906,0.9019607843137255,0.1716124419020379,0.7272727272727273,1.730425455845549,0.8231292517006803,0.32177332856632107,0.8333333333333334,0.36363636363636365,0.7692307692307693,2.059349302824455,0.8347826086956521,0.49338577046835896,0.7931034482758621,1.0,64.1025641025641,100.0,92.30769230769232,53.84615384615385,58.97435897435898,79.48717948717949,100.0,33.333333333333336,76.92307692307693,23.076923076923077,66.66666666666667,55.26315789473685,25.64102564102564,82.05128205128204,97.43589743589745,53.84615384615385,97.43589743589743,92.10526315789474,64.1025641025641,19.230769230769223,79.48717948717949,10.256410256410257,82.05128205128204,73.07692307692308,69.23076923076923,66.66666666666667,50.00000000000001,60.96491228070176,53.84615384615384,75.64102564102565,94.77058029689609,41.666666666666664,79.48717948717949,10.256410256410257
Maycee Barber,Women’s Flyweight,8,3.067061143984221,0.48976377952755906,1.400394477317554,0.30472103004291845,0.7199211045364892,0.6952380952380952,0.7495069033530571,0.6785714285714286,0.37475345167652857,0.9047619047619048,0.5029585798816568,0.7611940298507462,1.9921104536489151,0.39453125,1.942800788954635,0.35818181818181816,1.282051282051282,0.8176100628930818,0.621301775147929,0.7777777777777778,0.8875739644970414,0.8108108108108109,0.08875739644970414,0.6428571428571429,0.0,0.37174721189591076,2.1696252465483234,0.8148148148148148,0.7100591715976331,0.7578947368421053,1.0,76.92307692307693,94.87179487179486,76.92307692307693,74.35897435897436,48.717948717948715,43.58974358974359,56.41025641025641,58.97435897435897,33.33333333333333,76.92307692307693,64.1025641025641,71.05263157894737,28.205128205128204,51.28205128205128,84.61538461538461,79.48717948717949,100.0,84.21052631578947,48.717948717948715,30.76923076923077,29.48717948717949,28.2051282051282,85.8974358974359,75.64102564102565,46.15384615384615,57.69230769230769,55.12820512820513,67.57759784075574,39.74358974358974,82.05128205128204,92.10526315789474,39.743589743589745,29.48717948717949,28.2051282051282
Jasmine Jasudavicius,Women’s Flyweight,8,2.491273194929267,0.40429338103756707,2.0282932206503768,0.4017467248908297,0.7826566231857431,0.6173913043478261,0.529119970604446,0.6666666666666666,0.39683997795333453,0.9473684210526315,0.529119970604446,0.8727272727272727,2.2818298732316737,0.37842778793418647,2.656623185743156,0.4504672897196262,0.3858166452324086,0.6730769230769231,0.264559985302223,0.7272727272727273,1.0031232776042622,0.8053097345132744,0.1653499908138894,0.8823529411764706,0.3003003003003003,0.0,1.388939922836671,0.7636363636363637,0.4299099761161124,0.78,1.0,69.23076923076923,74.35897435897436,51.282051282051285,35.897435897435905,56.41025641025641,12.82051282051282,89.74358974358975,64.1025641025641,35.8974358974359,92.3076923076923,53.84615384615385,39.473684210526315,33.33333333333333,33.33333333333333,51.282051282051285,33.333333333333336,87.17948717948718,60.526315789473685,71.7948717948718,28.2051282051282,76.92307692307693,70.51282051282053,71.7948717948718,43.58974358974359,34.61538461538461,76.92307692307693,64.1025641025641,46.659919028340084,33.33333333333333,42.30769230769231,73.85290148448044,50.0,76.92307692307693,70.51282051282053
Alexa Grasso,Women’s Flyweight,8,2.034802489521148,0.326007326007326,2.7511749015623015,0.39713971397139713,0.5639527499047376,0.5967741935483871,0.4648799695160676,0.7439024390243902,0.6401625809729455,0.6086956521739131,0.4572589864092468,0.8955223880597015,2.6825860536009145,0.35699797160243407,3.2694017528261146,0.4404517453798768,0.5029848850501715,0.8048780487804879,0.23625047631144416,0.5740740740740741,0.05334688174774546,0.5384615384615384,0.16766162835005716,0.7333333333333333,0.47058823529411764,0.0,0.556331766797917,0.7684210526315789,0.40391210466150135,0.6309523809523809,1.0,43.58974358974359,30.76923076923077,33.333333333333336,41.02564102564102,28.205128205128204,10.256410256410255,94.87179487179488,25.64102564102563,69.23076923076923,15.384615384615385,71.7948717948718,31.57894736842105,51.28205128205128,30.76923076923077,41.02564102564102,38.46153846153846,35.8974358974359,63.1578947368421,79.48717948717949,79.48717948717949,92.3076923076923,70.51282051282053,37.17948717948718,37.17948717948718,19.23076923076923,60.256410256410255,42.30769230769231,51.686909581646425,41.02564102564102,39.74358974358974,49.527665317139,79.48717948717949,92.3076923076923,70.51282051282053
Rose Namajunas,Women’s Flyweight,8,1.9470588235294117,0.33741080530071355,1.6470588235294117,0.23769100169779286,0.6941176470588235,0.6483516483516484,0.5529411764705883,0.6527777777777778,0.4,0.8095238095238095,0.7294117647058823,0.7515151515151515,2.7588235294117647,0.3954468802698145,2.6470588235294117,0.3209700427960057,0.1588235294117647,0.8181818181818182,0.14705882352941177,0.5434782608695652,0.12352941176470589,0.75,0.13529411764705881,0.5897435897435898,0.38684719535783363,0.0,0.2823529411764706,0.7868852459016393,0.2823529411764706,0.5647058823529412,1.0,38.46153846153847,35.8974358974359,66.66666666666667,94.87179487179488,46.15384615384615,23.076923076923077,87.17948717948718,66.66666666666667,38.46153846153847,46.15384615384615,23.076923076923077,73.6842105263158,56.41025641025641,53.84615384615385,53.84615384615385,97.43589743589745,15.384615384615385,76.31578947368422,89.74358974358975,92.30769230769232,84.61538461538461,70.51282051282053,37.17948717948718,80.76923076923077,34.61538461538461,76.92307692307693,42.30769230769231,48.38056680161944,55.128205128205124,75.64102564102565,45.8502024291498,91.02564102564104,84.61538461538461,70.51282051282053
Casey O'Neill,Women’s Flyweight,8,6.045428072218987,0.4684115523465704,4.111822947000583,0.36205128205128206,1.0949330227140361,0.7768595041322314,1.0250436808386723,0.8148148148148148,0.7454863133372162,0.9411764705882353,0.39603960396039606,0.918918918918919,6.406523005241701,0.4871567759078831,4.461269656377403,0.38147410358565736,0.36109493302271406,0.7560975609756098,0.7338380896913221,0.7875,1.1182294700058242,0.7559055118110236,0.3377984857309261,0.8055555555555556,0.14771048744460857,0.0,1.4793244030285382,0.7559523809523809,1.071636575422248,0.7931034482758621,1.0,100.0,89.74358974358975,7.692307692307702,56.41025641025641,79.48717948717949,87.17948717948718,23.076923076923077,10.256410256410257,87.17948717948718,89.74358974358975,82.05128205128206,21.052631578947366,97.43589743589743,92.3076923076923,10.256410256410257,71.7948717948718,89.74358974358975,50.0,15.384615384615381,19.230769230769223,58.97435897435898,70.51282051282053,94.87179487179488,32.05128205128206,83.33333333333334,16.666666666666668,88.46153846153847,51.551956815114714,94.87179487179486,41.02564102564103,69.87179487179488,17.307692307692303,58.97435897435898,70.51282051282053
JJ Aldrich,Women’s Flyweight,8,3.1270358306188926,0.4485981308411215,1.898557468590042,0.24878048780487805,0.4001861330851559,0.7543859649122807,1.3029315960912051,0.6222222222222222,0.23266635644485806,0.8064516129032258,0.8748255002326664,0.746031746031746,3.024662633783155,0.44157608695652173,3.610981852024197,0.354337899543379,0.3257328990228013,0.7608695652173914,0.4653327128897161,0.6666666666666666,0.4094927873429502,0.8,0.0,0.0,0.0,0.0,0.7352256863657515,0.7821782178217822,0.4653327128897161,0.6578947368421053,1.0,79.48717948717949,87.17948717948718,56.41025641025641,89.74358974358975,7.6923076923076925,76.92307692307693,12.820512820512812,79.48717948717949,12.82051282051282,43.58974358974359,15.384615384615381,78.94736842105264,69.23076923076923,71.7948717948718,30.76923076923077,82.05128205128206,51.28205128205128,65.78947368421053,66.66666666666667,74.35897435897436,29.48717948717949,70.51282051282053,83.33333333333334,73.07692307692308,42.307692307692314,46.15384615384615,28.205128205128204,47.165991902834016,70.51282051282051,56.410256410256416,58.53576248313091,70.51282051282053,29.48717948717949,70.51282051282053
Wang Cong,Women’s Flyweight,6,3.2211882605583395,0.44291338582677164,1.6463851109520402,0.3125,1.632068718682892,0.7450980392156863,0.6585540443808161,0.5897435897435898,1.9899785254115965,0.8424242424242424,0.5153901216893343,0.6923076923076923,6.2133142448103085,0.5651041666666666,2.5912670007158196,0.3834745762711864,0.4151753758052971,0.8055555555555556,0.22906227630637083,0.6956521739130435,0.21474588403722264,0.6818181818181818,0.0,0.0,0.6276150627615062,0.5076142131979695,0.6299212598425198,0.7586206896551724,0.22906227630637083,0.6153846153846154,1.0,82.05128205128204,84.61538461538461,69.23076923076924,71.7948717948718,94.87179487179486,74.35897435897436,71.7948717948718,89.74358974358975,100.0,56.41025641025641,58.97435897435897,86.8421052631579,94.87179487179486,100.0,56.41025641025641,69.23076923076924,43.58974358974359,56.57894736842105,92.30769230769232,87.17948717948718,100.0,17.948717948717952,83.33333333333333,70.51282051282053,84.61538461538461,80.76923076923077,78.2051282051282,72.90823211875843,97.43589743589743,62.820512820512825,50.084345479082316,89.74358974358975,100.0,17.948717948717952
Miranda Maverick,Women’s Flyweight,8,1.5717331708802924,0.33925049309664695,1.3981114833993298,0.30177514792899407,0.6762107828205909,0.74,0.3929332927200731,0.6056338028169014,0.7310386841303685,0.8421052631578947,0.21017362168748097,0.8214285714285714,2.348461772768809,0.41788617886178864,1.7819067925677734,0.3415061295971979,0.19189765458422176,0.8076923076923077,0.18275967103259214,0.8,0.4386232104782211,0.7868852459016393,0.03655193420651843,0.4,0.0,0.45662100456621,0.6305208650624429,0.7931034482758621,0.21931160523911056,0.6857142857142857,1.0,23.076923076923077,38.46153846153847,79.48717948717949,76.92307692307693,38.46153846153847,71.7948717948718,97.43589743589745,87.17948717948718,82.05128205128204,53.84615384615385,94.87179487179488,47.368421052631575,38.46153846153847,64.1025641025641,89.74358974358975,87.17948717948718,46.15384615384615,78.94736842105263,97.43589743589745,61.53846153846154,29.48717948717949,23.076923076923077,30.769230769230774,78.2051282051282,55.12820512820513,92.30769230769232,67.94871794871794,71.12010796221323,51.282051282051285,88.46153846153847,62.550607287449395,79.48717948717949,29.48717948717949,23.076923076923077
Dione Barbosa,Women’s Flyweight,6,1.3912618989504515,0.36398467432950193,1.1715889675372224,0.2507836990595611,0.6443739321454723,0.7719298245614035,0.5711496216743959,0.5064935064935064,0.2050280693190139,0.875,0.6590187942396876,0.75,1.7573834513058335,0.40816326530612246,2.0649255552843546,0.3422330097087379,0.24896265560165975,0.85,0.13180375884793752,0.8181818181818182,0.23431779350744447,0.8,0.2050280693190139,0.42424242424242425,0.0,0.0,0.4832804491091042,0.825,0.33683182816695145,0.5227272727272727,1.0,17.94871794871795,56.41025641025641,89.74358974358975,87.17948717948718,33.33333333333333,84.61538461538461,79.48717948717949,100.0,7.6923076923076925,64.1025641025641,35.897435897435905,76.31578947368422,23.076923076923077,58.97435897435898,76.92307692307693,84.61538461538461,25.64102564102564,89.47368421052632,84.61538461538461,97.43589743589745,29.48717948717949,70.51282051282053,37.17948717948718,88.46153846153847,58.97435897435897,89.74358974358975,35.8974358974359,56.106612685560066,41.02564102564103,80.76923076923077,57.557354925775975,91.02564102564102,29.48717948717949,70.51282051282053
Tracy Cortez,Women’s Flyweight,8,2.4532335649385355,0.3923076923076923,2.413148049171566,0.4013333333333333,0.6814537680384821,0.6967213114754098,0.7215392838054516,0.6716417910447762,0.601282736504543,0.8241758241758241,0.7055050774986638,0.8148148148148148,2.7258150721539285,0.4131227217496962,3.463388562266168,0.4685466377440347,0.28861571352218063,0.72,0.30464991982896844,0.6666666666666666,0.7215392838054516,0.75,0.07215392838054516,0.6923076923076923,0.0,0.4175365344467641,1.0101549973276323,0.7411764705882353,0.3768038482095136,0.6714285714285714,1.0,66.66666666666666,66.66666666666666,43.589743589743584,38.46153846153846,43.58974358974359,48.717948717948715,66.66666666666667,61.53846153846154,66.66666666666666,48.717948717948715,28.2051282051282,50.0,53.84615384615385,61.53846153846154,35.897435897435905,30.76923076923077,76.92307692307693,42.10526315789473,82.05128205128206,66.66666666666667,29.48717948717949,25.64102564102563,66.66666666666666,41.02564102564102,46.15384615384615,64.1025641025641,57.692307692307686,39.1025641025641,57.69230769230769,33.333333333333336,59.51417004048584,74.35897435897436,29.48717948717949,25.64102564102563
Carli Judice,Women’s Flyweight,4,6.023166023166024,0.41867954911433175,3.4054054054054057,0.3542168674698795,2.1081081081081083,0.7,0.8108108108108109,0.6140350877192983,0.5328185328185329,0.92,0.44015444015444016,0.7307692307692307,7.760617760617761,0.4607977991746905,3.891891891891892,0.375,0.7644787644787645,0.7857142857142857,0.7644787644787645,0.66,0.138996138996139,0.8571428571428571,0.0,,0.5347593582887701,0.0,0.9034749034749036,0.7959183673469388,0.7644787644787645,0.66,1.0,97.43589743589743,79.48717948717949,12.820512820512812,61.53846153846154,100.0,53.84615384615385,46.15384615384615,82.05128205128206,53.84615384615385,82.05128205128204,76.92307692307693,81.57894736842105,100.0,87.17948717948718,28.2051282051282,74.35897435897436,71.7948717948718,81.57894736842105,41.02564102564102,71.7948717948718,97.43589743589743,70.51282051282053,88.46153846153845,37.179487179487175,76.92307692307692,64.1025641025641,67.94871794871794,79.251012145749,93.58974358974359,51.282051282051285,76.68690958164643,56.41025641025641,97.43589743589743,70.51282051282053
Karine Silva,Women’s Flyweight,8,0.9578765147143681,0.2694805194805195,1.465666474321985,0.3547486033519553,0.5193306405077899,0.4891304347826087,0.7270628967109058,0.7241379310344828,0.7963069821119445,0.71875,0.4500865551067513,0.78,1.7311021350259663,0.3472222222222222,2.008078476630121,0.41330166270783847,0.3462204270051933,0.7894736842105263,0.2308136180034622,0.7142857142857143,0.19619157530294287,0.6538461538461539,0.4039238315060588,0.7608695652173914,0.5076142131979695,0.0,0.5424120023081361,0.734375,0.634737449509521,0.7432432432432432,1.0,7.6923076923076925,12.82051282051282,74.35897435897436,58.97435897435897,23.076923076923077,5.128205128205128,64.1025641025641,38.46153846153846,92.3076923076923,25.64102564102564,74.35897435897436,65.78947368421053,20.51282051282051,23.076923076923077,79.48717948717949,56.41025641025641,30.76923076923077,36.84210526315789,56.41025641025641,46.15384615384615,94.87179487179486,70.51282051282053,10.256410256410255,66.66666666666667,14.102564102564102,51.282051282051285,58.97435897435897,70.07422402159244,21.794871794871796,67.94871794871796,33.80566801619433,51.282051282051285,94.87179487179486,70.51282051282053
Veronica Hardy,Women’s Flyweight,8,2.2590361445783134,0.391304347826087,1.8674698795180724,0.38589211618257263,0.6124497991967872,0.6421052631578947,0.7931726907630523,0.7053571428571429,0.572289156626506,0.890625,0.19076305220883535,0.6551724137931034,2.630522088353414,0.420545746388443,2.0783132530120483,0.404296875,0.3313253012048193,0.6111111111111112,0.5020080321285141,0.7936507936507936,0.48192771084337355,0.8421052631578947,0.27108433734939763,0.5625,0.2915451895043732,0.0,0.8132530120481928,0.7297297297297297,0.7730923694779117,0.6936936936936937,1.0,48.717948717948715,64.1025641025641,58.97435897435897,43.589743589743584,30.76923076923077,17.94871794871795,51.282051282051285,46.15384615384615,56.41025641025641,71.7948717948718,97.43589743589745,97.36842105263159,48.717948717948715,66.66666666666666,74.35897435897436,61.53846153846154,64.1025641025641,32.89473684210527,35.897435897435905,58.97435897435897,74.35897435897436,70.51282051282053,56.41025641025641,51.28205128205128,24.358974358974358,48.717948717948715,64.1025641025641,97.40215924426451,57.692307692307686,67.94871794871796,48.49865047233469,47.43589743589744,74.35897435897436,70.51282051282053
Jamey-Lyn Horth,Women’s Flyweight,7,2.009049773755656,0.36779324055666,1.5855203619909504,0.27392120075046905,1.2597285067873303,0.6946107784431138,0.7276018099547512,0.6979166666666666,0.5321266968325792,0.7538461538461538,0.3257918552036199,0.6666666666666666,2.9647058823529413,0.42457231726283046,2.193665158371041,0.3289902280130293,0.8036199095022625,0.8314606741573034,0.40180995475113124,0.6727272727272727,0.03257918552036199,1.0,0.04343891402714933,0.8,0.0,0.0,0.8361990950226245,0.8369565217391305,0.44524886877828057,0.6833333333333333,1.0,41.02564102564102,58.97435897435898,71.7948717948718,84.61538461538461,82.05128205128204,41.02564102564102,61.53846153846154,51.282051282051285,51.28205128205128,35.8974358974359,89.74358974358975,93.42105263157895,61.53846153846154,69.23076923076923,71.7948717948718,89.74358974358975,66.66666666666666,94.73684210526315,69.23076923076924,64.1025641025641,29.48717948717949,70.51282051282053,50.0,78.2051282051282,61.53846153846153,56.41025641025641,43.58974358974359,91.58232118758434,65.38461538461539,80.76923076923077,80.7017543859649,66.66666666666667,29.48717948717949,70.51282051282053
Eduarda Moura,Women’s Flyweight,5,2.2756569162121965,0.3477272727272727,1.323748140803173,0.29180327868852457,0.16360932077342588,0.7333333333333333,0.7882994546355974,0.6794871794871795,0.19335647000495784,0.9285714285714286,0.5354486861675756,0.782608695652174,1.6509667823500247,0.2905759162303665,1.9633118492811106,0.36164383561643837,0.1338621715418939,0.75,0.46108081308874566,0.7380952380952381,0.8477937530986613,0.76,0.22310361923648983,0.6818181818181818,0.0,0.5617977528089888,0.9816559246405553,0.7586206896551724,0.6841844323252355,0.71875,1.0,51.28205128205128,46.15384615384615,84.61538461538461,79.48717948717949,5.128205128205128,66.66666666666666,53.84615384615385,56.41025641025641,5.128205128205128,87.17948717948718,51.282051282051285,63.15789473684211,15.384615384615385,7.6923076923076925,82.05128205128206,76.92307692307693,74.35897435897436,56.57894736842105,53.84615384615385,53.84615384615385,29.48717948717949,15.384615384615381,48.717948717948715,82.05128205128204,35.89743589743589,55.128205128205124,46.15384615384615,57.2199730094467,11.538461538461538,79.4871794871795,65.4689608636977,53.84615384615385,29.48717948717949,15.384615384615381
Jeisla Chaves,Women’s Flyweight,1,2.3333333333333335,0.5303030303030303,2.7333333333333334,0.4939759036144578,1.3333333333333333,0.8333333333333334,0.9333333333333333,0.875,0.6,1.0,0.4666666666666667,0.5384615384615384,2.4,0.5294117647058824,2.933333333333333,0.4888888888888889,1.0,0.8333333333333334,0.5333333333333333,0.8888888888888888,0.8666666666666667,1.0,0.6666666666666666,0.7692307692307693,0.0,0.0,1.8666666666666667,0.9032258064516129,1.2,0.8181818181818182,1.0,58.97435897435898,97.43589743589743,35.897435897435905,7.692307692307702,89.74358974358975,94.87179487179486,33.333333333333336,5.128205128205133,64.1025641025641,98.71794871794873,69.23076923076924,100.0,41.02564102564102,97.43589743589743,48.717948717948715,20.51282051282052,94.87179487179486,100.0,12.820512820512812,10.256410256410257,29.48717948717949,70.51282051282053,78.2051282051282,21.794871794871803,92.3076923076923,19.230769230769234,81.41025641025641,84.61538461538461,69.23076923076923,34.61538461538462,97.43589743589743,11.538461538461535,29.48717948717949,70.51282051282053
Lauren Murphy,Women’s Flyweight,8,3.3867536519642605,0.34429065743944637,4.169621330307757,0.38013964313421256,0.6637356403347043,0.6964285714285714,1.1657920862289037,0.6492890995260664,0.24677350730392852,0.8787878787878788,1.2338675365196425,0.7967032967032966,3.488866827400369,0.3474576271186441,5.709828393135726,0.43374272786037493,0.6041696213303077,0.7473684210526316,0.6637356403347043,0.7428571428571429,0.20422635087221672,0.9230769230769231,0.19571691958587434,0.7666666666666667,0.0,0.0,0.8083959722025245,0.7851239669421488,0.8594525599205787,0.7481481481481481,1.0,87.17948717948718,41.02564102564102,5.128205128205133,46.15384615384615,35.8974358974359,46.15384615384615,15.384615384615381,71.7948717948718,17.94871794871795,66.66666666666666,2.5641025641025643,60.526315789473685,79.48717948717949,25.64102564102564,2.5641025641025643,46.15384615384615,61.53846153846154,73.68421052631578,28.2051282051282,43.589743589743584,29.48717948717949,70.51282051282053,64.1025641025641,25.641025641025642,41.02564102564102,43.58974358974359,42.30769230769231,31.545209176788124,52.56410256410256,24.358974358974358,67.61133603238866,35.89743589743589,29.48717948717949,70.51282051282053
Gabriella Fernandes,Women’s Flyweight,6,2.2777777777777777,0.37528604118993136,3.111111111111111,0.3708609271523179,0.75,0.84375,1.3055555555555556,0.6962962962962963,0.4861111111111111,0.8333333333333334,0.8888888888888888,0.8533333333333334,3.138888888888889,0.44930417495029823,4.291666666666667,0.42679558011049723,0.375,0.6923076923076923,0.4583333333333333,0.8048780487804879,0.0,0.0,0.5555555555555556,0.8163265306122449,0.3952569169960474,0.2617801047120419,0.375,0.675,1.0138888888888888,0.8111111111111111,1.0,53.84615384615385,61.53846153846154,23.076923076923077,51.282051282051285,53.84615384615385,97.43589743589743,10.256410256410257,53.84615384615385,41.02564102564102,51.28205128205128,12.820512820512812,42.10526315789474,71.7948717948718,79.48717948717949,15.384615384615381,48.717948717948715,20.51282051282051,18.421052631578945,17.948717948717952,12.820512820512812,87.17948717948718,33.333333333333336,57.69230769230769,37.17948717948718,75.64102564102564,32.05128205128205,46.153846153846146,27.462887989203775,75.64102564102564,32.05128205128205,19.466936572199728,15.384615384615383,87.17948717948718,33.333333333333336
Viviane Araujo,Women’s Flyweight,8,2.3846153846153846,0.4005167958656331,3.269230769230769,0.40553435114503816,0.5153846153846153,0.7976190476190477,0.8615384615384616,0.6473988439306358,0.33076923076923076,0.9555555555555556,0.6923076923076923,0.8108108108108109,3.023076923076923,0.45381062355658197,4.084615384615384,0.4388429752066116,0.07692307692307693,0.8333333333333334,0.34615384615384615,0.75,0.13076923076923078,0.68,0.3923076923076923,0.8225806451612904,0.0,0.1594896331738437,0.2076923076923077,0.7297297297297297,0.7384615384615385,0.7868852459016393,1.0,61.53846153846154,69.23076923076923,15.384615384615381,33.333333333333336,20.51282051282051,92.3076923076923,43.589743589743584,74.35897435897436,25.64102564102564,94.87179487179486,33.333333333333336,52.631578947368425,66.66666666666666,84.61538461538461,23.076923076923077,41.02564102564102,7.6923076923076925,32.89473684210527,43.589743589743584,24.35897435897436,29.48717948717949,38.46153846153846,65.38461538461539,24.358974358974358,56.41025641025641,58.97435897435898,60.25641025641025,42.98245614035088,75.64102564102564,32.05128205128205,20.29352226720648,33.97435897435897,29.48717948717949,38.46153846153846
Juliana Miller,Women’s Flyweight,6,1.9056785370548606,0.353887399463807,2.3387872954764197,0.4563380281690141,0.6785370548604427,0.6527777777777778,0.9239653512993263,0.735632183908046,0.1588065447545717,0.7333333333333333,0.5774783445620789,0.9090909090909091,1.674687199230029,0.34523809523809523,3.1472569778633304,0.5129411764705882,0.4331087584215592,0.6521739130434783,0.30317613089509143,0.6774193548387096,0.6352261790182868,0.5641025641025641,0.3897978825794033,0.9,0.0,0.0,1.068334937439846,0.5967741935483871,0.6929740134744947,0.7868852459016393,1.0,35.8974358974359,51.28205128205128,46.15384615384615,20.51282051282052,41.02564102564102,28.205128205128204,38.46153846153846,30.76923076923077,2.564102564102564,30.76923076923077,43.589743589743584,26.3157894736842,17.94871794871795,20.51282051282051,43.589743589743584,7.692307692307702,79.48717948717949,5.263157894736842,51.282051282051285,24.35897435897436,29.48717948717949,70.51282051282053,43.58974358974359,33.333333333333336,34.61538461538461,34.61538461538461,16.666666666666668,34.95276653171389,19.23076923076923,25.641025641025642,42.37516869095816,37.820512820512825,29.48717948717949,70.51282051282053
Melissa Gatto,Women’s Flyweight,6,1.8856394587516367,0.4022346368715084,1.3487560017459623,0.32087227414330216,0.9951986032300305,0.672566371681416,0.798777826276735,0.7261904761904762,0.5892623308598864,0.7258064516129032,0.5237887385421213,0.9523809523809523,2.946311654299432,0.47368421052631576,1.8332605848974246,0.3867403314917127,0.34046268005237884,0.6046511627906976,0.3273679615888258,0.8064516129032258,0.18332605848974245,0.9333333333333333,0.5106940200785682,0.7222222222222222,0.37735849056603776,0.0,0.5237887385421213,0.6896551724137931,0.8380619816673941,0.7529411764705882,1.0,33.33333333333333,71.7948717948718,82.05128205128206,69.23076923076924,71.7948717948718,35.8974358974359,48.717948717948715,35.897435897435905,58.97435897435898,28.205128205128204,56.41025641025641,9.210526315789476,58.97435897435898,89.74358974358975,87.17948717948718,66.66666666666667,28.205128205128204,23.684210526315788,30.76923076923077,38.46153846153846,82.05128205128204,70.51282051282053,52.56410256410256,75.64102564102565,53.84615384615385,42.30769230769231,43.58974358974359,32.810391363022944,74.35897435897436,76.92307692307693,25.944669365721996,34.61538461538461,82.05128205128204,70.51282051282053
Anna Melisano,Women’s Flyweight,1,0.24590163934426232,0.25,0.49180327868852464,0.5,0.0,0.0,0.7377049180327869,1.0,0.24590163934426232,1.0,0.0,,0.49180327868852464,0.3333333333333333,0.24590163934426232,0.5,0.0,,0.49180327868852464,1.0,0.0,,0.49180327868852464,0.6666666666666666,0.0,0.0,0.0,,0.9836065573770493,0.8,1.0,2.564102564102564,10.256410256410255,100.0,5.128205128205133,2.564102564102564,2.564102564102564,58.97435897435897,2.5641025641025643,15.384615384615385,98.71794871794873,100.0,,2.564102564102564,15.384615384615385,100.0,15.384615384615381,2.564102564102564,,20.51282051282052,15.384615384615381,29.48717948717949,70.51282051282053,6.41025641025641,52.56410256410257,2.564102564102564,30.769230769230766,57.05128205128206,100.0,8.974358974358974,57.69230769230769,2.564102564102564,17.948717948717952,29.48717948717949,70.51282051282053
Ernesta Kareckaite,Women’s Flyweight,3,4.333333333333333,0.362453531598513,2.9555555555555557,0.3757062146892655,1.0222222222222221,0.647887323943662,1.5555555555555556,0.7,0.26666666666666666,0.5454545454545454,0.37777777777777777,0.7727272727272727,4.866666666666666,0.38421052631578945,4.155555555555556,0.43488372093023253,0.5777777777777777,0.6842105263157895,0.6222222222222222,0.7567567567567568,0.17777777777777778,0.34782608695652173,0.1111111111111111,0.5555555555555556,0.0,0.0,0.7555555555555555,0.5573770491803278,0.7333333333333333,0.717391304347826,1.0,94.87179487179486,53.84615384615385,25.64102564102563,48.717948717948715,74.35897435897436,20.51282051282051,2.5641025641025643,48.717948717948715,20.51282051282051,5.128205128205128,87.17948717948718,68.42105263157895,89.74358974358975,41.02564102564102,20.51282051282052,43.589743589743584,56.41025641025641,2.631578947368421,46.15384615384615,56.41025641025641,29.48717948717949,70.51282051282053,74.35897435897435,37.179487179487175,47.43589743589744,25.64102564102564,12.82051282051282,77.80026990553307,65.38461538461539,32.05128205128205,29.520917678812413,51.282051282051285,29.48717948717949,70.51282051282053
Tereza Bleda,Women’s Flyweight,3,1.6121495327102804,0.4144144144144144,1.7172897196261683,0.48514851485148514,0.735981308411215,0.7,0.5257009345794393,0.7894736842105263,0.3504672897196262,0.5882352941176471,0.7009345794392524,0.9523809523809523,1.0864485981308412,0.2897196261682243,2.5233644859813085,0.576,0.45560747663551404,0.8666666666666667,0.31542056074766356,0.75,1.1565420560747663,0.9166666666666666,0.10514018691588786,0.75,0.0,1.1904761904761905,1.6121495327102804,0.9019607843137255,0.42056074766355145,0.75,1.0,25.64102564102564,76.92307692307693,64.1025641025641,10.256410256410257,51.28205128205128,53.84615384615385,92.30769230769232,15.384615384615381,30.76923076923077,10.256410256410255,30.76923076923077,9.210526315789476,5.128205128205128,5.128205128205128,61.53846153846154,2.5641025641025643,92.3076923076923,97.36842105263158,74.35897435897436,41.02564102564102,29.48717948717949,5.128205128205133,51.282051282051285,37.17948717948718,52.56410256410256,53.846153846153854,20.51282051282051,19.989878542510123,5.128205128205128,32.05128205128205,94.83805668016194,57.69230769230769,29.48717948717949,5.128205128205133
Yuneisy Duben,Women’s Flyweight,2,2.94,0.4260869565217391,2.82,0.47,0.84,0.875,1.5,0.7575757575757576,0.7799999999999999,0.5909090909090909,0.5399999999999999,1.0,3.4799999999999995,0.44274809160305345,3.0599999999999996,0.4722222222222222,0.48,0.8888888888888888,0.8999999999999999,0.8333333333333334,0.6,0.7692307692307693,0.8999999999999999,0.9375,0.0,1.2345679012345678,1.0799999999999998,0.8181818181818182,1.7999999999999998,0.8823529411764706,1.0,74.35897435897436,82.05128205128204,28.2051282051282,15.384615384615381,66.66666666666666,100.0,5.128205128205133,20.51282051282052,89.74358974358975,12.82051282051282,48.717948717948715,2.6315789473684212,76.92307692307693,76.92307692307693,46.15384615384615,28.2051282051282,82.05128205128204,86.8421052631579,5.128205128205133,2.5641025641025643,29.48717948717949,2.5641025641025643,78.2051282051282,21.794871794871792,83.33333333333333,12.820512820512828,51.282051282051285,25.67476383265857,76.92307692307693,37.179487179487175,84.44669365721998,3.8461538461538485,29.48717948717949,2.5641025641025643
Vanessa Demopoulos,Women’s Flyweight,8,2.286416717885679,0.31876606683804626,3.826060233558697,0.5042527339003645,0.8389674247080516,0.7054263565891473,1.0417947141979103,0.849624060150376,0.3503380454824831,0.76,0.7467732022126613,0.8901098901098901,2.581438229870928,0.33613445378151263,4.849416103257529,0.5613660618996799,0.4425322679778734,0.7272727272727273,0.20282728948985862,0.7857142857142857,0.4517516902274124,0.8448275862068966,0.5623847572218807,0.7439024390243902,0.26525198938992045,0.0,0.8942839582052858,0.782258064516129,0.7652120467117394,0.7545454545454545,1.0,56.41025641025641,25.64102564102564,10.256410256410257,2.5641025641025643,64.1025641025641,58.97435897435898,20.51282051282052,7.692307692307702,28.205128205128204,41.02564102564102,20.51282051282052,34.21052631578948,46.15384615384615,17.94871794871795,7.692307692307702,5.128205128205133,69.23076923076923,68.42105263157895,38.46153846153846,35.897435897435905,71.7948717948718,70.51282051282053,41.02564102564102,6.410256410256411,61.53846153846154,14.102564102564113,34.61538461538461,27.361673414305002,32.05128205128205,6.410256410256418,68.82591093117409,37.17948717948718,71.7948717948718,70.51282051282053
Brogan Walker,Women’s Flyweight,3,0.7736063708759954,0.1878453038674033,2.434584755403868,0.4652173913043478,0.477815699658703,0.7,0.5915813424345847,0.7647058823529411,0.5915813424345847,0.6190476190476191,0.29579067121729236,0.9285714285714286,1.5017064846416381,0.2857142857142857,2.457337883959044,0.48868778280542985,0.22753128555176336,0.8333333333333334,0.22753128555176336,0.9090909090909091,0.11376564277588168,0.5,0.6370875995449374,0.6086956521739131,0.0,0.684931506849315,0.341296928327645,0.6818181818181818,0.8646188850967007,0.6666666666666666,1.0,5.128205128205128,2.564102564102564,41.02564102564102,17.948717948717952,15.384615384615385,53.84615384615385,76.92307692307693,17.948717948717952,61.53846153846154,17.94871794871795,92.30769230769232,18.421052631578956,10.256410256410255,2.564102564102564,64.1025641025641,23.076923076923077,17.94871794871795,21.052631578947366,25.64102564102563,69.23076923076924,29.48717948717949,12.820512820512812,3.846153846153846,29.48717948717949,34.61538461538461,47.435897435897445,39.743589743589745,55.36437246963564,6.41025641025641,43.58974358974359,19.500674763832656,47.43589743589744,29.48717948717949,12.820512820512812
Ravena Oliveira,Women’s Flyweight,4,1.030674846625767,0.23863636363636365,1.7668711656441718,0.42105263157894735,0.4171779141104294,0.7391304347826086,0.9815950920245399,0.7142857142857143,0.31901840490797545,0.3939393939393939,0.9570552147239264,0.7222222222222222,1.6196319018404908,0.29464285714285715,2.3067484662576687,0.49473684210526314,0.147239263803681,0.75,0.7116564417177914,0.8529411764705882,0.0,,0.6871165644171779,0.49122807017543857,0.0,0.0,0.147239263803681,0.75,1.3987730061349692,0.6263736263736264,1.0,10.256410256410255,7.6923076923076925,61.53846153846154,28.2051282051282,10.256410256410255,69.23076923076923,28.2051282051282,43.589743589743584,23.076923076923077,2.564102564102564,10.256410256410257,84.21052631578948,12.82051282051282,10.256410256410255,66.66666666666667,17.948717948717952,5.128205128205128,46.05263157894737,10.256410256410257,84.61538461538461,29.48717948717949,70.51282051282053,8.974358974358974,44.87179487179487,39.74358974358974,35.89743589743589,12.820512820512821,47.23346828609987,11.538461538461537,42.307692307692314,25.590418353576247,47.43589743589744,29.48717948717949,70.51282051282053
Ariane da Silva,Women’s Flyweight,3,1.6248037676609104,0.3094170403587444,2.6373626373626373,0.4426877470355731,1.3422291993720565,0.6404494382022472,0.9890109890109889,0.6086956521739131,0.49450549450549447,0.5675675675675675,1.2244897959183674,0.8813559322033898,2.9905808477237046,0.39937106918238996,4.050235478806907,0.5043988269794721,0.40031397174254313,0.6296296296296297,0.3767660910518053,0.8888888888888888,0.07064364207221349,0.75,0.423861852433281,0.8181818181818182,0.0,0.4854368932038835,0.47095761381475665,0.6451612903225806,0.8006279434850863,0.85,1.0,28.205128205128204,17.94871794871795,38.46153846153846,23.076923076923077,92.3076923076923,15.384615384615385,25.64102564102563,84.61538461538461,46.15384615384615,7.6923076923076925,5.128205128205133,36.84210526315789,64.1025641025641,56.41025641025641,25.64102564102563,12.820512820512812,23.076923076923077,7.894736842105263,33.333333333333336,5.128205128205133,29.48717948717949,20.51282051282052,23.076923076923077,30.769230769230766,53.84615384615385,55.128205128205124,26.923076923076923,20.98515519568151,60.256410256410255,19.230769230769223,15.48582995951417,19.230769230769234,29.48717948717949,20.51282051282052
Ivana Petrovic,Women’s Flyweight,4,1.2038949542637947,0.3222748815165877,0.9560342283859545,0.2887700534759358,0.4957214517556801,0.717948717948718,0.7081735025081145,0.7407407407407407,0.21245205075243434,0.9230769230769231,0.38949542637946294,0.9565217391304348,1.3101209796400117,0.35071090047393366,1.540277367955149,0.39908256880733944,0.10622602537621717,0.42857142857142855,0.30097373856594867,0.6296296296296297,0.4957214517556801,0.7368421052631579,0.21245205075243434,0.631578947368421,0.0,0.0,0.6019474771318973,0.6538461538461539,0.513425789318383,0.6304347826086957,1.0,12.82051282051282,28.205128205128204,94.87179487179488,82.05128205128206,17.94871794871795,61.53846153846154,69.23076923076924,28.2051282051282,10.256410256410255,84.61538461538461,84.61538461538461,5.263157894736846,7.6923076923076925,28.205128205128204,92.30769230769232,64.1025641025641,41.02564102564102,10.526315789473683,61.53846153846154,82.05128205128206,29.48717948717949,70.51282051282053,20.51282051282051,88.46153846153847,39.743589743589745,48.71794871794872,47.43589743589743,44.93927125506073,17.94871794871795,78.2051282051282,25.775978407557353,71.7948717948718,29.48717948717949,70.51282051282053
Julija Stoliarenko,Women’s Flyweight,8,1.5052436767427515,0.3096446700507614,2.7884022208513266,0.48394004282655245,0.5428747686613202,0.6666666666666666,0.9747069710055521,0.797979797979798,0.4935225169648365,0.6896551724137931,0.6045650832819247,0.9074074074074074,2.3072177668106106,0.3824130879345603,2.553979025293029,0.4859154929577465,0.1850709438618137,0.625,0.5922270203578038,0.8,0.049352251696483655,0.8,1.2214682294879704,0.7388059701492538,0.0,0.0,0.23442319555829735,0.6551724137931034,1.8136952498457743,0.7577319587628866,1.0,20.51282051282051,20.51282051282051,30.76923076923077,12.820512820512812,25.64102564102564,33.33333333333333,30.76923076923077,12.820512820512812,43.58974358974359,20.51282051282051,41.02564102564102,28.94736842105264,35.8974358974359,35.8974358974359,58.97435897435897,25.64102564102563,10.256410256410255,13.157894736842104,2.5641025641025643,33.333333333333336,29.48717948717949,70.51282051282053,20.51282051282051,21.794871794871792,29.487179487179482,21.794871794871792,32.05128205128205,34.98650472334683,35.8974358974359,42.3076923076923,11.707152496626179,17.94871794871795,29.48717948717949,70.51282051282053
Diana Belbita,Women’s Flyweight,8,3.624161073825503,0.31126482213438733,4.625119846596356,0.4205020920502092,1.691275167785235,0.6901408450704225,1.4841802492809204,0.75,1.1390220517737295,0.868421052631579,0.43720038350910834,0.8260869565217391,5.338446788111217,0.3831544178364988,5.142857142857142,0.44301288404360756,0.9434324065196548,0.7454545454545455,0.7593480345158197,0.7764705882352941,0.1725790987535954,0.8333333333333334,0.6442953020134228,0.7,0.17825311942959002,0.0,1.1160115052732502,0.7578125,1.4036433365292424,0.7393939393939394,1.0,89.74358974358975,23.076923076923077,2.5641025641025643,30.76923076923077,97.43589743589743,38.46153846153847,7.692307692307702,23.076923076923077,97.43589743589743,58.97435897435898,79.48717948717949,44.73684210526315,92.3076923076923,38.46153846153847,5.128205128205133,35.897435897435905,84.61538461538461,52.63157894736842,7.692307692307702,48.717948717948715,64.1025641025641,70.51282051282053,56.410256410256416,16.666666666666668,67.94871794871796,15.38461538461539,78.2051282051282,62.11201079622132,65.38461538461539,20.512820512820518,68.62348178137651,28.205128205128208,64.1025641025641,70.51282051282053
Andrea Lee,Women’s Flyweight,8,1.8021844660194173,0.2894736842105263,2.3300970873786406,0.3372859025032938,1.3015776699029125,0.6589861751152074,0.9283980582524272,0.5543478260869565,0.737257281553398,0.7363636363636363,0.7190533980582524,0.9294117647058824,3.249393203883495,0.38469827586206895,3.5679611650485437,0.4091858037578288,0.31856796116504854,0.7954545454545454,0.245752427184466,0.5869565217391305,0.27305825242718446,0.7692307692307693,0.16383495145631066,0.75,0.23696682464454977,0.0,0.591626213592233,0.7831325301204819,0.40958737864077666,0.6428571428571429,1.0,30.76923076923077,15.384615384615385,48.717948717948715,66.66666666666667,87.17948717948718,30.76923076923077,35.897435897435905,94.87179487179488,84.61538461538461,33.33333333333333,25.64102564102563,15.789473684210517,74.35897435897436,43.58974358974359,33.333333333333336,58.97435897435897,38.46153846153847,71.05263157894737,76.92307692307693,76.92307692307693,69.23076923076923,70.51282051282053,23.076923076923077,57.69230769230769,58.97435897435898,65.38461538461539,58.97435897435897,20.715249662618074,58.97435897435898,46.15384615384615,54.75708502024292,76.92307692307693,69.23076923076923,70.51282051282053
Victoria Leonardo,Women’s Flyweight,5,1.2587412587412588,0.22018348623853212,3.120629370629371,0.42805755395683454,0.8916083916083917,0.5862068965517241,1.1276223776223777,0.7166666666666667,0.6555944055944056,0.7575757575757576,1.1276223776223777,0.9148936170212766,2.2552447552447554,0.30604982206405695,4.458041958041958,0.5044510385756676,0.47202797202797203,0.75,0.8653846153846154,0.7857142857142857,0.07867132867132867,0.75,0.05244755244755245,0.3333333333333333,0.0,0.975609756097561,0.5506993006993007,0.75,0.9178321678321678,0.7291666666666666,1.0,15.384615384615385,5.128205128205128,20.51282051282052,25.64102564102563,69.23076923076923,7.6923076923076925,17.948717948717952,41.02564102564102,71.7948717948718,38.46153846153847,7.692307692307702,23.68421052631579,30.76923076923077,12.82051282051282,12.820512820512812,10.256410256410257,33.33333333333333,46.05263157894737,23.076923076923077,51.282051282051285,29.48717948717949,7.692307692307702,10.256410256410255,23.076923076923077,38.46153846153846,29.48717948717949,55.12820512820513,15.688259109311748,21.794871794871796,11.538461538461535,39.69298245614035,37.17948717948718,29.48717948717949,7.692307692307702
Tatiana Suarez,Women’s Strawweight,8,1.0941926345609065,0.4458874458874459,1.08356940509915,0.51,0.8711048158640226,0.6890756302521008,0.5205382436260623,0.7,0.541784702549575,0.8225806451612904,0.2018413597733711,0.59375,0.9029745042492917,0.36796536796536794,0.9879603399433428,0.43457943925233644,0.509915014164306,0.8135593220338984,0.4461756373937677,0.8936170212765957,1.0941926345609065,0.8442622950819673,0.3718130311614731,0.8536585365853658,0.0,0.0,1.6041076487252124,0.8342541436464088,0.8179886685552408,0.875,1.0,9.25925925925926,83.33333333333334,100.0,9.259259259259256,46.2962962962963,48.148148148148145,85.18518518518519,50.00000000000001,44.44444444444444,61.111111111111114,92.59259259259258,94.44444444444444,3.7037037037037033,29.629629629629626,98.14814814814814,44.44444444444445,94.44444444444444,94.33962264150944,44.44444444444445,3.7037037037036997,30.555555555555557,68.51851851851852,46.296296296296305,54.629629629629626,47.22222222222222,67.5925925925926,52.77777777777778,93.5185185185185,16.666666666666664,71.29629629629629,94.39203354297695,24.074074074074076,30.555555555555557,68.51851851851852
Gillian Robertson,Women’s Strawweight,8,2.0438485232832035,0.4382284382284382,2.076463127378148,0.3264957264957265,0.4783475267258561,0.5301204819277109,0.5327052002174307,0.7424242424242424,0.5870628737090052,0.6835443037974683,0.34788911034607717,0.7441860465116279,1.619858670048922,0.36790123456790125,2.239536147852872,0.3344155844155844,0.07610074288820438,0.5833333333333334,0.15220148577640877,0.6363636363636364,1.4132995107809385,0.7471264367816092,0.5653198043123754,0.9285714285714286,0.0,0.0,1.4894002536691429,0.7365591397849462,0.7175212900887842,0.8461538461538461,1.0,38.88888888888889,79.62962962962963,61.111111111111114,81.48148148148148,20.37037037037037,12.962962962962962,83.33333333333333,33.333333333333336,48.148148148148145,12.962962962962962,75.92592592592592,59.25925925925926,9.25925925925926,27.77777777777778,74.07407407407408,92.59259259259258,85.18518518518519,56.60377358490566,55.55555555555556,7.407407407407409,30.555555555555557,68.51851851851852,59.25925925925927,71.2962962962963,16.666666666666664,58.33333333333333,30.555555555555554,67.5925925925926,18.51851851851852,83.33333333333333,70.89447938504543,31.481481481481485,30.555555555555557,68.51851851851852
Virna Jandiroba,Women’s Strawweight,8,1.7227564102564104,0.36195286195286197,2.011217948717949,0.3746268656716418,0.2884615384615385,0.5625,0.5368589743589743,0.6836734693877551,0.1201923076923077,0.8823529411764706,0.2884615384615385,0.8372093023255814,1.7067307692307692,0.34918032786885245,2.2275641025641026,0.3861111111111111,0.22435897435897437,0.7368421052631579,0.22435897435897437,0.7567567567567568,0.20032051282051283,0.9259259259259259,0.38461538461538464,0.8888888888888888,0.37593984962406013,0.0,0.42467948717948717,0.8153846153846154,0.608974358974359,0.8351648351648352,1.0,20.37037037037037,40.74074074074074,64.81481481481481,53.70370370370371,9.25925925925926,22.22222222222222,81.48148148148148,55.55555555555556,5.555555555555555,74.07407407407408,81.48148148148148,33.333333333333336,11.11111111111111,18.51851851851852,75.92592592592592,68.51851851851852,25.925925925925924,90.56603773584906,66.66666666666666,9.259259259259256,75.92592592592592,68.51851851851852,30.555555555555557,59.25925925925926,15.74074074074074,68.51851851851852,39.81481481481482,57.407407407407405,14.814814814814815,72.22222222222223,58.245981830887494,37.962962962962955,75.92592592592592,68.51851851851852
Mackenzie Dern,Women’s Strawweight,8,2.8494936561517865,0.3984375,1.9485508089861483,0.38376891334250346,0.48189966243743454,0.7666666666666667,0.9079269002444418,0.7926829268292683,0.3282504947037597,0.9215686274509803,0.9079269002444418,0.9154929577464789,2.716796647654522,0.3893893893893894,3.017110930043068,0.48053392658509453,0.29333022930974273,0.711864406779661,0.5028518216738447,0.8470588235294118,0.6495169363287161,0.8691588785046729,0.24444185775811897,0.7142857142857143,0.19083969465648856,0.9276437847866419,0.9428471656384588,0.8132530120481928,0.7472936794319637,0.7985074626865671,1.0,74.07407407407408,62.96296296296296,66.66666666666666,46.2962962962963,22.22222222222222,81.48148148148148,46.2962962962963,11.111111111111104,27.77777777777778,90.74074074074075,12.962962962962965,11.111111111111104,38.88888888888889,40.74074074074074,55.55555555555556,18.51851851851851,66.66666666666666,86.79245283018868,50.00000000000001,27.777777777777775,62.96296296296296,7.407407407407409,68.51851851851852,56.48148148148148,51.85185185185185,28.703703703703702,59.25925925925927,12.037037037037035,39.81481481481482,37.03703703703703,76.72955974842768,38.88888888888889,62.96296296296296,7.407407407407409
Denise Gomes,Women’s Strawweight,8,1.954066265060241,0.3931818181818182,1.3893072289156627,0.40327868852459015,1.2424698795180724,0.7096774193548387,1.016566265060241,0.7894736842105263,0.8245481927710844,0.7525773195876289,0.6664156626506024,0.7195121951219512,2.4284638554216866,0.4308617234468938,2.055722891566265,0.4879356568364611,1.0278614457831325,0.7520661157024794,0.677710843373494,0.7228915662650602,0.5647590361445783,0.6944444444444444,0.338855421686747,0.6666666666666666,0.8426966292134831,0.0,1.5926204819277108,0.7305699481865285,1.016566265060241,0.703125,1.0,27.77777777777778,59.25925925925925,90.74074074074073,35.1851851851852,75.92592592592592,57.407407407407405,42.5925925925926,13.88888888888889,74.07407407407408,31.48148148148148,37.037037037037045,70.37037037037037,25.925925925925924,51.85185185185185,87.03703703703704,14.814814814814813,90.74074074074075,50.943396226415096,25.925925925925927,66.66666666666666,94.44444444444444,68.51851851851852,43.51851851851852,62.96296296296296,66.66666666666666,28.240740740740748,52.77777777777778,53.70370370370371,38.888888888888886,50.925925925925924,70.84206848357792,46.29629629629629,94.44444444444444,68.51851851851852
Jaqueline Amorim,Women’s Strawweight,7,1.910614525139665,0.5205479452054794,1.7262569832402235,0.42916666666666664,0.25139664804469275,0.375,0.21787709497206706,0.5652173913043478,0.1005586592178771,0.42857142857142855,0.11731843575418995,0.7,0.6536312849162011,0.291044776119403,0.8547486033519553,0.29651162790697677,0.05027932960893855,1.0,0.3687150837988827,0.7857142857142857,1.558659217877095,0.6838235294117647,0.8379888268156425,0.684931506849315,0.0,0.8130081300813008,1.6089385474860336,0.6906474820143885,1.2067039106145252,0.7128712871287128,1.0,25.925925925925924,96.29629629629629,75.92592592592592,24.074074074074066,7.4074074074074066,4.62962962962963,98.14814814814814,85.18518518518519,3.7037037037037033,1.8518518518518516,98.14814814814814,74.07407407407408,1.8518518518518516,5.555555555555555,100.0,98.14814814814814,96.29629629629629,45.28301886792453,12.962962962962965,57.40740740740741,30.555555555555557,11.111111111111104,61.11111111111111,49.99999999999999,6.018518518518518,91.66666666666666,2.7777777777777777,86.11111111111111,3.7037037037037033,99.07407407407408,70.78965758211041,35.18518518518519,30.555555555555557,11.111111111111104
Alexia Thainara,Women’s Strawweight,4,2.079407806191117,0.40711462450592883,1.2516823687752356,0.4246575342465753,1.110363391655451,0.6962025316455697,0.9286675639300135,0.696969696969697,1.0296096904441454,0.7183098591549296,0.4845222072678331,0.9230769230769231,2.705248990578735,0.4557823129251701,2.2611036339165547,0.5384615384615384,0.9084791386271871,0.6923076923076923,0.3028263795423957,0.75,0.6056527590847914,0.6818181818181818,0.1009421265141319,0.5,0.0,0.0,1.5141318977119784,0.6880733944954128,0.4037685060565276,0.6666666666666666,1.0,40.74074074074074,66.66666666666666,92.59259259259258,25.925925925925927,62.96296296296296,51.85185185185185,44.44444444444445,51.851851851851855,85.18518518518519,20.37037037037037,66.66666666666666,9.259259259259256,37.03703703703704,61.111111111111114,72.22222222222223,7.407407407407409,87.03703703703704,41.509433962264154,74.07407407407408,80.55555555555554,30.555555555555557,68.51851851851852,53.703703703703695,59.25925925925925,57.407407407407405,48.14814814814815,52.77777777777778,37.962962962962955,49.074074074074076,39.81481481481482,64.2732354996506,77.31481481481481,30.555555555555557,68.51851851851852
Piera Rodriguez,Women’s Strawweight,7,2.2458160878171674,0.36427320490367776,2.181032931437826,0.40973630831643004,1.5439985603743025,0.7944444444444444,0.5614540219542918,0.7123287671232876,0.4426849019254993,0.7321428571428571,0.5074680583048407,0.8392857142857143,2.6669066042828864,0.3952,2.472557135144862,0.435361216730038,1.2416771639373763,0.8098591549295775,0.615439985603743,0.7307692307692307,0.32391578189670683,0.75,0.16195789094835342,0.8333333333333334,0.25510204081632654,0.0,1.565592945834083,0.7967032967032966,0.7773978765520964,0.75,1.0,51.85185185185185,42.592592592592595,55.55555555555556,33.333333333333336,88.88888888888889,96.29629629629629,74.07407407407408,48.148148148148145,35.18518518518518,24.074074074074073,59.25925925925926,29.629629629629637,33.33333333333333,42.592592592592595,68.51851851851852,40.74074074074074,88.88888888888889,75.47169811320755,48.148148148148145,46.2962962962963,66.66666666666666,68.51851851851852,47.22222222222222,44.44444444444444,92.59259259259258,61.111111111111114,29.629629629629626,44.44444444444445,37.96296296296296,54.62962962962963,82.18029350104823,47.22222222222222,66.66666666666666,68.51851851851852
Fatima Kline,Women’s Strawweight,5,3.460104399701715,0.4187725631768953,1.4914243102162565,0.30303030303030304,1.1185682326621924,0.75,0.6562266964951529,0.6111111111111112,0.29828486204325133,0.7407407407407407,0.3131991051454139,0.6774193548387096,3.534675615212528,0.42397137745974955,2.058165548098434,0.3511450381679389,0.6114839671886652,0.7884615384615384,0.2684563758389262,0.6666666666666666,0.7307979120059658,0.7,0.1342281879194631,0.6923076923076923,0.3058103975535168,0.0,1.342281879194631,0.7377049180327869,0.4026845637583893,0.675,1.0,81.48148148148148,72.22222222222221,87.03703703703704,87.03703703703704,64.81481481481481,74.07407407407408,64.81481481481481,74.07407407407408,22.22222222222222,27.77777777777778,79.62962962962962,81.48148148148148,64.81481481481481,48.148148148148145,85.18518518518519,85.18518518518519,81.48148148148148,58.490566037735846,75.92592592592592,75.92592592592592,70.37037037037037,68.51851851851852,76.85185185185185,87.03703703703704,69.44444444444444,69.44444444444444,25.0,80.55555555555554,56.48148148148148,85.18518518518519,69.98602375960866,75.92592592592592,70.37037037037037,68.51851851851852
Loopy Godinez,Women’s Strawweight,8,4.2406156745720125,0.45592705167173253,3.2699858646144184,0.3233923578751165,0.7538872310350244,0.7692307692307693,0.7727344118109,0.6456692913385826,0.32982566357782317,0.9722222222222222,0.5748390136642061,0.7439024390243902,4.523323386210146,0.46920821114369504,4.231192084184074,0.3677313677313677,0.6125333752159573,0.8227848101265823,0.2638605308622585,0.717948717948718,0.1884718077587561,0.8,0.12250667504319146,0.5909090909090909,0.17699115044247787,0.0,0.8010051829747135,0.8173076923076923,0.38636720590545,0.6721311475409836,1.0,94.44444444444444,87.03703703703704,20.37037037037037,83.33333333333333,35.18518518518518,83.33333333333334,55.55555555555556,66.66666666666666,29.629629629629626,94.44444444444444,50.00000000000001,61.111111111111114,77.77777777777779,74.07407407407408,27.777777777777775,77.77777777777777,62.96296296296296,92.45283018867924,79.62962962962962,77.77777777777777,61.111111111111114,68.51851851851852,90.74074074074073,51.85185185185185,59.25925925925927,61.11111111111111,62.03703703703704,55.55555555555556,75.92592592592592,52.77777777777777,77.70789657582111,78.7037037037037,61.111111111111114,68.51851851851852
Talita Alencar,Women’s Strawweight,5,1.9839142091152817,0.2901960784313726,2.1045576407506705,0.38386308068459657,0.9383378016085792,0.5343511450381679,0.5495978552278821,0.6721311475409836,0.32171581769437,0.6486486486486487,0.5898123324396783,0.7857142857142857,2.0777479892761397,0.27385159010600707,2.9088471849865956,0.4419551934826884,0.3887399463806971,0.7631578947368421,0.29490616621983917,0.6875,0.7774798927613942,0.7837837837837838,0.04021447721179625,1.0,0.0,0.4132231404958678,1.1662198391420913,0.7767857142857143,0.3351206434316354,0.7142857142857143,1.0,31.48148148148148,14.814814814814813,59.25925925925926,44.44444444444445,51.85185185185185,16.666666666666664,77.77777777777777,59.25925925925926,25.925925925925924,9.25925925925926,46.2962962962963,46.2962962962963,20.37037037037037,3.7037037037037033,59.25925925925926,35.1851851851852,77.77777777777779,69.81132075471697,85.18518518518519,53.70370370370371,30.555555555555557,20.37037037037037,23.148148148148145,51.851851851851855,34.25925925925925,68.51851851851852,17.59259259259259,46.2962962962963,12.037037037037036,47.22222222222223,73.79454926624737,69.44444444444446,30.555555555555557,20.37037037037037
Yan Xiaonan,Women’s Strawweight,8,1.9866999168744806,0.38673139158576053,2.119700748129676,0.3851963746223565,0.6151288445552785,0.7115384615384616,0.4239401496259352,0.7391304347826086,0.8229426433915212,0.8839285714285714,0.2826267664172901,0.5573770491803278,2.8595178719867,0.45927903871829107,1.7539484621778887,0.33228346456692914,0.2660016625103907,0.7272727272727273,0.14962593516209477,0.5625,0.29925187032418954,0.8780487804878049,0.9226932668329177,0.888,0.4854368932038835,0.0,0.5652535328345802,0.8,1.0723192019950125,0.821656050955414,1.0,35.18518518518518,53.70370370370371,57.40740740740741,40.74074074074074,27.77777777777778,59.25925925925925,90.74074074074073,36.11111111111111,72.22222222222221,75.92592592592592,85.18518518518519,96.29629629629629,44.44444444444444,64.81481481481481,88.88888888888889,94.44444444444444,48.148148148148145,79.24528301886792,18.51851851851851,14.814814814814813,83.33333333333334,68.51851851851852,44.44444444444444,49.074074074074076,43.51851851851852,63.425925925925924,74.07407407407408,90.74074074074073,54.629629629629626,91.66666666666666,63.69671558350804,16.66666666666666,83.33333333333334,68.51851851851852
Iasmin Lucindo,Women’s Strawweight,7,2.127659574468085,0.3783783783783784,1.5704154002026343,0.2897196261682243,0.851063829787234,0.7433628318584071,0.6788247213779128,0.6203703703703703,0.24316109422492402,0.7741935483870968,0.547112462006079,0.627906976744186,2.6950354609929077,0.4215530903328051,2.43161094224924,0.35398230088495575,0.3140830800405268,0.7045454545454546,0.303951367781155,0.6976744186046512,0.2127659574468085,0.875,0.060790273556231005,0.75,0.0,0.0,0.5268490374873354,0.7647058823529411,0.364741641337386,0.7058823529411765,1.0,42.592592592592595,51.85185185185185,83.33333333333333,90.74074074074073,42.592592592592595,68.51851851851852,61.111111111111114,72.22222222222223,16.666666666666664,41.66666666666667,57.40740740740741,90.74074074074073,35.18518518518518,46.2962962962963,70.37037037037037,83.33333333333333,42.592592592592595,66.0377358490566,81.48148148148148,64.81481481481481,30.555555555555557,68.51851851851852,47.22222222222222,87.03703703703704,55.55555555555556,66.66666666666667,29.166666666666668,74.07407407407408,40.74074074074074,76.85185185185185,54.3151642208246,73.14814814814815,30.555555555555557,68.51851851851852
Jessica Andrade,Women’s Strawweight,8,2.633667989726827,0.2728592162554427,4.594910109736166,0.4019607843137255,0.9526033154331077,0.6476190476190476,1.2607985057202897,0.743801652892562,1.4849404622927855,0.803030303030303,0.6724258697174879,0.9795918367346939,4.636936726593509,0.38045977011494253,5.855708615456456,0.45336225596529284,0.33621293485874393,0.5106382978723404,0.5323371468596778,0.7307692307692307,0.09806210600046697,0.7777777777777778,0.14008872285780996,0.8333333333333334,1.1049723756906078,0.2145922746781116,0.43427504085921087,0.5535714285714286,0.6724258697174879,0.75,1.0,61.111111111111114,11.11111111111111,7.407407407407409,38.88888888888889,55.55555555555556,38.88888888888889,27.777777777777775,31.481481481481485,92.5925925925926,57.407407407407405,35.1851851851852,5.555555555555562,81.48148148148148,37.03703703703704,9.259259259259256,27.777777777777775,29.629629629629626,11.320754716981133,64.81481481481481,46.2962962962963,98.14814814814815,33.333333333333336,36.111111111111114,23.148148148148152,47.22222222222223,29.62962962962963,75.0,20.37037037037038,59.25925925925926,18.518518518518515,20.47519217330538,55.55555555555556,98.14814814814815,33.333333333333336
Tabatha Ricci,Women’s Strawweight,8,2.8057235580469095,0.29460966542750927,3.2305649800855583,0.34531693472090824,0.5222009145891724,0.6020408163265306,1.2833751290750848,0.6904761904761905,0.6461129960171117,0.6636363636363637,0.4956483257117569,0.8115942028985508,3.5314943206962677,0.328125,4.451984068446674,0.4082792207792208,0.292078477651571,0.6875,0.47794659979347986,0.5869565217391305,0.15046467030535476,0.85,0.07965776663224665,0.75,0.0,0.0,0.4425431479569258,0.7352941176470589,0.5576043664257265,0.6057692307692307,1.0,70.37037037037037,16.666666666666664,22.222222222222218,68.51851851851852,24.074074074074073,27.77777777777778,25.925925925925927,53.70370370370371,51.85185185185185,11.11111111111111,62.96296296296296,40.74074074074074,61.111111111111114,14.814814814814813,24.074074074074066,57.40740740740741,31.48148148148148,52.83018867924528,70.37037037037037,88.88888888888889,30.555555555555557,68.51851851851852,43.51851851851852,45.37037037037037,25.925925925925924,39.81481481481482,31.48148148148148,51.85185185185185,37.96296296296296,40.74074074074074,42.15583508036338,79.62962962962962,30.555555555555557,68.51851851851852
Amanda Lemos,Women’s Strawweight,8,1.1847555923777962,0.44135802469135804,1.4747307373653686,0.5235294117647059,0.4308202154101077,0.7428571428571429,0.6296603148301574,0.7378640776699029,0.28169014084507044,0.8947368421052632,0.5633802816901409,0.723404255319149,1.4333057166528582,0.47790055248618785,1.284175642087821,0.47112462006079026,0.13256006628003314,0.8421052631578947,0.4556752278376139,0.8333333333333334,0.33140016570008285,0.7843137254901961,0.927920463960232,0.7887323943661971,0.4366812227074236,0.3105590062111801,0.463960231980116,0.8,1.3835956917978458,0.8028846153846154,1.0,11.11111111111111,81.48148148148148,88.88888888888889,7.407407407407409,18.51851851851852,66.66666666666666,68.51851851851852,38.88888888888889,20.37037037037037,79.62962962962963,51.851851851851855,65.74074074074075,7.4074074074074066,83.33333333333334,96.29629629629629,20.37037037037037,37.03703703703704,79.24528301886792,11.111111111111104,20.37037037037037,79.62962962962963,25.925925925925927,46.2962962962963,48.148148148148145,42.59259259259259,53.70370370370371,50.0,58.796296296296305,45.370370370370374,58.33333333333333,58.14116002795248,15.740740740740737,79.62962962962963,25.925925925925927
Mizuki,Women’s Strawweight,4,3.35,0.476303317535545,2.4166666666666665,0.38461538461538464,0.8833333333333333,0.7464788732394366,1.6166666666666667,0.7185185185185186,0.21666666666666667,1.0,0.6166666666666667,0.8409090909090909,2.75,0.4342105263157895,3.0166666666666666,0.42289719626168226,1.2166666666666666,0.8111111111111111,1.4166666666666667,0.7657657657657657,0.48333333333333334,0.8055555555555556,0.21666666666666667,0.7647058823529411,0.37453183520599254,0.35842293906810035,1.7,0.8095238095238095,1.6333333333333333,0.765625,1.0,79.62962962962963,90.74074074074075,46.2962962962963,42.5925925925926,48.148148148148145,71.29629629629629,12.962962962962965,44.44444444444445,11.11111111111111,98.14814814814815,42.5925925925926,27.777777777777775,40.74074074074074,57.407407407407405,57.40740740740741,53.70370370370371,98.14814814814815,84.90566037735849,7.407407407407409,37.037037037037045,74.07407407407408,22.222222222222218,85.18518518518519,44.44444444444445,59.722222222222214,28.70370370370371,54.62962962962963,35.18518518518519,49.074074074074076,55.55555555555556,91.52690426275332,22.22222222222223,74.07407407407408,22.222222222222218
Stephanie Luciano,Women’s Strawweight,4,2.815884476534296,0.29017857142857145,2.0577617328519855,0.2835820895522388,1.104693140794224,0.6375,0.7581227436823105,0.5,1.148014440433213,0.7681159420289855,0.7797833935018051,0.6666666666666666,4.5703971119133575,0.3761140819964349,3.3357400722021664,0.35,0.2815884476534296,0.6842105263157895,0.1732851985559567,0.5714285714285714,0.21660649819494585,0.5882352941176471,0.08664259927797835,0.8,0.42735042735042733,0.0,0.4981949458483755,0.6388888888888888,0.25992779783393505,0.631578947368421,1.0,72.22222222222221,12.962962962962962,62.96296296296296,94.44444444444444,59.25925925925925,35.18518518518518,57.40740740740741,90.74074074074073,88.88888888888889,35.18518518518518,27.777777777777775,83.33333333333333,79.62962962962963,33.33333333333333,40.74074074074074,87.03703703703704,40.74074074074074,26.41509433962264,92.59259259259258,85.18518518518519,77.77777777777779,68.51851851851852,42.59259259259259,78.7037037037037,47.222222222222214,74.07407407407408,62.03703703703704,55.55555555555555,56.48148148148148,63.888888888888886,33.57791754018169,88.88888888888889,77.77777777777779,68.51851851851852
Ketlen Souza,Women’s Strawweight,7,2.2456669178598343,0.45987654320987653,1.6428033157498116,0.331306990881459,1.1303692539562924,0.7653061224489796,1.4468726450640543,0.6620689655172414,0.7385079125847778,0.875,0.79879427279578,0.7066666666666667,3.4966088922381315,0.5395348837209303,3.059532780708365,0.42557651991614254,0.557648831951771,0.8409090909090909,0.6782215523737755,0.7894736842105263,0.06028636021100227,1.0,0.15071590052750566,0.6666666666666666,0.7326007326007326,0.0,0.6179351921627733,0.8541666666666666,0.8289374529012812,0.7638888888888888,1.0,50.0,88.88888888888889,77.77777777777777,74.07407407407408,66.66666666666666,79.62962962962963,14.814814814814813,62.96296296296296,61.111111111111114,70.37037037037037,24.074074074074066,72.22222222222223,57.407407407407405,94.44444444444444,50.00000000000001,51.851851851851855,51.85185185185185,98.11320754716981,42.5925925925926,38.88888888888889,90.74074074074075,68.51851851851852,69.44444444444444,75.92592592592592,73.14814814814815,38.888888888888886,65.74074074074073,48.148148148148145,75.92592592592592,50.92592592592593,74.98252969951082,40.74074074074075,90.74074074074075,68.51851851851852
Loma Lookboonmee,Women’s Strawweight,8,1.092184368737475,0.40977443609022557,1.1623246492985972,0.4172661870503597,1.282565130260521,0.7191011235955056,0.5410821643286573,0.7605633802816901,0.5010020040080161,0.7246376811594203,0.46092184368737477,0.647887323943662,1.7334669338677355,0.46380697050938335,1.4529058116232465,0.453125,0.781563126252505,0.8478260869565217,0.4909819639278557,0.7313432835820896,0.36072144288577157,0.75,0.22044088176352705,0.6666666666666666,0.0,0.0,1.1422845691382766,0.8142857142857143,0.7114228456913828,0.71,1.0,7.4074074074074066,68.51851851851852,98.14814814814814,31.481481481481485,79.62962962962963,61.111111111111114,79.62962962962962,24.074074074074066,38.88888888888889,22.22222222222222,68.51851851851852,88.88888888888889,12.962962962962962,70.37037037037037,92.59259259259258,29.629629629629637,72.22222222222221,88.67924528301887,57.40740740740741,61.111111111111114,30.555555555555557,68.51851851851852,37.96296296296296,64.81481481481481,70.37037037037038,51.85185185185184,30.555555555555557,78.7037037037037,41.666666666666664,61.11111111111111,80.45073375262055,59.25925925925927,30.555555555555557,68.51851851851852
Alice Ardelean,Women’s Strawweight,5,4.899425287356323,0.3969732246798603,2.974137931034483,0.2948717948717949,1.2356321839080462,0.7049180327868853,0.9051724137931035,0.6237623762376238,0.8620689655172414,0.8108108108108109,1.0919540229885059,0.8172043010752689,6.795977011494253,0.4578896418199419,4.755747126436782,0.38443670150987225,0.14367816091954025,0.625,0.21551724137931036,0.42857142857142855,0.0574712643678161,0.6666666666666666,0.0,,0.0,0.0,0.20114942528735633,0.6363636363636364,0.21551724137931036,0.42857142857142855,1.0,98.14814814814815,61.111111111111114,33.333333333333336,88.88888888888889,74.07407407407408,53.70370370370371,48.148148148148145,70.37037037037037,77.77777777777779,59.25925925925925,7.407407407407409,38.88888888888889,98.14814814814815,62.96296296296296,18.51851851851851,70.37037037037037,11.11111111111111,24.528301886792452,94.44444444444444,94.44444444444444,30.555555555555557,68.51851851851852,79.62962962962963,61.111111111111114,63.88888888888889,59.25925925925925,68.51851851851852,23.148148148148152,80.55555555555556,44.444444444444436,17.81970649895178,94.44444444444444,30.555555555555557,68.51851851851852
Sam Hughes,Women’s Strawweight,8,3.130827067669173,0.41162514827995256,2.2827067669172934,0.28717366628830876,0.8030075187969925,0.6846153846153846,1.4436090225563911,0.7174887892376681,0.6857142857142857,0.9156626506024096,0.5052631578947369,0.6829268292682927,3.473684210526316,0.43404735062006766,3.3203007518796994,0.34947768281101615,0.4781954887218045,0.7794117647058824,0.8661654135338346,0.7741935483870968,0.6676691729323309,0.7326732673267327,0.04511278195488722,0.5555555555555556,0.0,0.0,1.1458646616541355,0.7514792899408284,0.9112781954887218,0.7593984962406015,1.0,77.77777777777779,70.37037037037037,50.00000000000001,92.59259259259258,38.88888888888889,46.2962962962963,16.66666666666666,46.2962962962963,55.55555555555556,88.88888888888889,61.111111111111114,77.77777777777777,53.70370370370371,55.55555555555556,42.5925925925926,88.88888888888889,74.07407407407408,62.264150943396224,35.1851851851852,40.74074074074074,30.555555555555557,68.51851851851852,74.07407407407408,71.29629629629629,42.592592592592595,31.48148148148148,72.22222222222223,69.44444444444444,54.62962962962963,65.74074074074075,68.16911250873515,37.96296296296297,30.555555555555557,68.51851851851852
Carol Foro,Women’s Strawweight,1,4.266666666666667,0.5333333333333333,2.7333333333333334,0.5061728395061729,2.0,0.7894736842105263,0.4,0.375,0.8,0.8,0.6,0.9,6.066666666666666,0.6148648648648649,3.466666666666667,0.5098039215686274,0.5333333333333333,0.6666666666666666,0.13333333333333333,0.6666666666666666,0.4666666666666667,0.5384615384615384,0.13333333333333333,1.0,0.0,0.0,1.0,0.6,0.26666666666666666,0.8,1.0,96.29629629629629,100.0,38.88888888888889,11.111111111111104,96.29629629629629,92.5925925925926,94.44444444444444,98.14814814814814,70.37037037037037,53.70370370370371,44.44444444444445,12.962962962962965,96.29629629629629,100.0,37.037037037037045,11.111111111111104,68.51851851851852,22.641509433962266,90.74074074074073,24.074074074074066,30.555555555555557,68.51851851851852,98.14814814814815,25.0,94.44444444444444,96.29629629629629,62.03703703703704,28.70370370370371,98.14814814814815,24.074074074074076,45.580013976240394,57.4074074074074,30.555555555555557,68.51851851851852
Shanelle Dyer,Women’s Strawweight,1,3.5013262599469495,0.5238095238095238,2.546419098143236,0.24615384615384617,2.0689655172413794,0.7647058823529411,1.4323607427055702,0.9,2.2281167108753315,0.7368421052631579,0.15915119363395225,0.2,5.570291777188329,0.6140350877192983,3.8196286472148544,0.3076923076923077,1.273209549071618,0.7272727272727273,0.3183023872679045,1.0,0.9549071618037136,0.6,0.0,,0.0,0.0,2.2281167108753315,0.6666666666666666,0.3183023872679045,1.0,1.0,83.33333333333334,98.14814814814815,44.44444444444445,98.14814814814814,98.14814814814815,77.77777777777779,18.51851851851851,1.8518518518518519,100.0,25.925925925925924,94.44444444444444,100.0,94.44444444444444,98.14814814814815,31.481481481481485,96.29629629629629,100.0,32.075471698113205,87.03703703703704,1.8518518518518519,30.555555555555557,68.51851851851852,90.74074074074075,71.29629629629629,87.96296296296296,10.18518518518518,62.96296296296296,97.22222222222223,96.2962962962963,63.888888888888886,66.0377358490566,44.44444444444444,30.555555555555557,68.51851851851852
Carla Esparza,Women’s Strawweight,8,1.6308636562911005,0.3502824858757062,1.6220955721174923,0.3413284132841328,0.2981148619026743,0.68,0.4120999561595791,0.7833333333333333,0.2542744410346339,0.8529411764705882,0.6400701446733889,0.8390804597701149,1.31521262604121,0.3191489361702128,2.08680403331872,0.4,0.20166593599298555,0.6052631578947368,0.14905743095133714,0.6071428571428571,0.6663743971942131,0.7102803738317757,0.43840420868040336,0.7575757575757576,0.0,0.0,0.8680403331871986,0.6827586206896552,0.5874616396317405,0.7127659574468085,1.0,16.666666666666664,35.18518518518518,79.62962962962962,72.22222222222223,11.11111111111111,43.51851851851852,92.59259259259258,16.66666666666666,18.51851851851852,66.66666666666666,38.88888888888889,31.481481481481485,5.555555555555555,11.11111111111111,83.33333333333333,62.96296296296296,64.81481481481481,39.62264150943396,68.51851851851852,59.25925925925926,30.555555555555557,68.51851851851852,25.925925925925924,75.92592592592592,27.314814814814817,54.62962962962962,42.59259259259259,35.18518518518519,8.333333333333332,73.14814814814815,52.218728162124386,63.888888888888886,30.555555555555557,68.51851851851852
Tecia Pennington,Women’s Strawweight,4,2.35,0.33254716981132076,1.7333333333333334,0.26804123711340205,0.6,0.5806451612903226,0.55,0.5238095238095238,1.7333333333333334,0.7703703703703704,0.8166666666666667,0.7777777777777778,4.316666666666666,0.4608540925266904,2.7,0.34541577825159914,0.36666666666666664,0.3728813559322034,0.25,0.4838709677419355,0.0,,0.15,0.6428571428571429,0.0,0.0,0.36666666666666664,0.3728813559322034,0.4,0.5333333333333333,1.0,55.55555555555556,29.629629629629626,74.07407407407408,96.29629629629629,25.925925925925924,25.925925925925924,75.92592592592592,88.88888888888889,96.29629629629629,37.03703703703704,18.51851851851851,48.148148148148145,74.07407407407408,66.66666666666666,64.81481481481481,90.74074074074073,20.37037037037037,3.7735849056603774,77.77777777777777,92.59259259259258,30.555555555555557,68.51851851851852,42.592592592592595,85.18518518518519,25.925925925925924,82.4074074074074,66.66666666666666,33.33333333333333,70.37037037037037,77.77777777777777,12.071977638015374,85.18518518518518,30.555555555555557,68.51851851851852
Angela Hill,Women’s Strawweight,8,2.753623188405797,0.44589308996088656,3.5829307568438002,0.4019873532068654,1.9726247987117551,0.7777777777777778,1.038647342995169,0.7247191011235955,0.18518518518518517,0.8846153846153846,0.45893719806763283,0.8507462686567164,3.5185185185185186,0.49490373725934317,3.5587761674718195,0.3992773261065944,1.2318840579710144,0.7927461139896373,0.8293075684380032,0.7253521126760564,0.1610305958132045,0.625,0.6924315619967794,0.8349514563106796,0.0,0.15847860538827258,1.392914653784219,0.7688888888888888,1.5217391304347825,0.7714285714285715,1.0,68.51851851851852,85.18518518518519,16.66666666666666,37.037037037037045,94.44444444444444,87.03703703703704,37.037037037037045,42.5925925925926,9.25925925925926,77.77777777777779,70.37037037037037,24.074074074074066,59.25925925925925,85.18518518518519,33.333333333333336,64.81481481481481,83.33333333333334,67.9245283018868,9.259259259259256,33.333333333333336,30.555555555555557,35.1851851851852,76.85185185185185,26.851851851851855,90.74074074074073,39.814814814814824,43.51851851851852,47.222222222222214,72.22222222222223,49.074074074074076,75.62893081761007,21.296296296296298,30.555555555555557,35.1851851851852
Amanda Ribas,Women’s Strawweight,8,2.6233766233766236,0.3114080164439877,2.7012987012987013,0.37772397094430993,0.6406926406926406,0.46835443037974683,0.8484848484848485,0.5764705882352941,1.0043290043290043,0.7733333333333333,0.33766233766233766,0.8478260869565217,3.948051948051948,0.37469186524239934,3.0216450216450217,0.3826754385964912,0.17316017316017315,0.5714285714285714,0.30303030303030304,0.6862745098039216,0.1471861471861472,0.5862068965517241,0.5627705627705628,0.8227848101265823,0.2028397565922921,0.22271714922049,0.3203463203463203,0.578125,0.8658008658008658,0.7692307692307693,1.0,59.25925925925925,22.22222222222222,40.74074074074074,51.851851851851855,31.48148148148148,11.11111111111111,51.851851851851855,79.62962962962962,83.33333333333334,38.88888888888889,77.77777777777777,25.925925925925927,72.22222222222221,31.48148148148148,53.70370370370371,72.22222222222223,16.666666666666664,16.9811320754717,37.037037037037045,35.1851851851852,64.81481481481481,31.481481481481485,40.74074074074073,46.2962962962963,21.296296296296298,65.74074074074073,61.111111111111114,51.85185185185185,51.85185185185185,62.96296296296297,16.82389937106918,36.11111111111112,64.81481481481481,31.481481481481485
Nicolle Caliari,Women’s Strawweight,3,2.0185029436501263,0.3333333333333333,4.491169049621531,0.42080378250591016,0.6812447434819175,0.54,1.2867956265769553,0.7391304347826086,0.30277544154751895,0.8,0.10092514718250631,0.5,2.548359966358284,0.3607142857142857,5.096719932716568,0.43817787418655096,0.17661900756938603,0.7,0.479394449116905,0.7037037037037037,0.27754415475189237,0.7333333333333333,0.30277544154751895,1.0,0.0,0.4291845493562232,0.4541631623212784,0.72,0.7821698906644239,0.7948717948717948,1.0,37.03703703703704,31.48148148148148,9.259259259259256,29.629629629629637,33.33333333333333,18.51851851851852,24.074074074074066,36.11111111111111,24.074074074074073,53.70370370370371,100.0,98.14814814814814,31.48148148148148,22.22222222222222,14.814814814814813,38.88888888888889,33.33333333333333,49.056603773584904,46.2962962962963,29.629629629629637,30.555555555555557,18.51851851851851,34.25925925925926,19.444444444444446,25.925925925925924,30.092592592592588,38.88888888888889,99.07407407407408,26.85185185185185,26.851851851851855,41.19496855345912,37.96296296296297,30.555555555555557,18.51851851851851
Julia Polastri,Women’s Strawweight,5,3.6882998171846433,0.482078853046595,3.112431444241316,0.32803468208092484,1.672760511882998,0.7922077922077922,1.3848263254113344,0.6558441558441559,0.8638025594149908,0.9,0.7129798903107861,0.8813559322033898,5.073126142595978,0.5572289156626506,4.716636197440585,0.40375586854460094,0.8089579524680073,0.7662337662337663,0.35648994515539306,0.6842105263157895,0.34277879341864714,0.6097560975609756,0.13711151736745886,0.6666666666666666,0.0,0.0,1.1517367458866543,0.711864406779661,0.4936014625228519,0.6792452830188679,1.0,87.03703703703704,92.5925925925926,27.777777777777775,79.62962962962962,90.74074074074075,94.44444444444444,20.37037037037037,64.81481481481481,79.62962962962963,85.18518518518519,33.333333333333336,14.814814814814813,85.18518518518519,96.29629629629629,20.37037037037037,61.111111111111114,75.92592592592592,47.16981132075472,72.22222222222223,72.22222222222223,30.555555555555557,68.51851851851852,89.81481481481481,53.703703703703695,92.5925925925926,42.59259259259259,82.40740740740742,24.074074074074076,90.74074074074073,40.74074074074074,61.54786862334032,72.22222222222223,30.555555555555557,68.51851851851852
Shi Ming,Women’s Strawweight,2,0.8538163001293662,0.17054263565891473,1.8628719275549808,0.3779527559055118,0.8538163001293662,0.3793103448275862,0.38809831824062097,0.43478260869565216,0.6985769728331177,0.4864864864864865,0.815006468305304,0.9545454545454546,2.2897800776196635,0.27314814814814814,2.755498059508409,0.4382716049382716,0.0388098318240621,0.2,0.2716688227684347,0.7777777777777778,0.0776196636481242,0.6666666666666666,0.0388098318240621,1.0,1.6129032258064515,0.0,0.1164294954721863,0.375,0.3104786545924968,0.8,1.0,1.8518518518518516,1.8518518518518516,70.37037037037037,50.00000000000001,44.44444444444444,7.4074074074074066,96.29629629629629,94.44444444444444,57.407407407407405,3.7037037037037033,20.37037037037037,7.407407407407409,24.074074074074073,1.8518518518518516,62.96296296296296,37.037037037037045,7.4074074074074066,5.660377358490567,88.88888888888889,24.074074074074066,100.0,68.51851851851852,1.8518518518518516,60.18518518518519,25.925925925925924,95.37037037037037,30.555555555555554,13.88888888888889,12.962962962962962,50.0,6.533892382948986,56.481481481481474,100.0,68.51851851851852
Gigi Canuto,Women’s Strawweight,1,2.7333333333333334,0.5061728395061729,4.266666666666667,0.5333333333333333,0.4,0.375,2.0,0.7894736842105263,0.6,0.9,0.8,0.8,3.466666666666667,0.5098039215686274,6.066666666666666,0.6148648648648649,0.13333333333333333,0.6666666666666666,0.5333333333333333,0.6666666666666666,0.13333333333333333,1.0,0.4666666666666667,0.5384615384615384,0.0,0.0,0.26666666666666666,0.8,1.0,0.6,1.0,66.66666666666666,94.44444444444444,11.111111111111104,1.8518518518518519,16.666666666666664,4.62962962962963,7.407407407407409,13.88888888888889,50.0,85.18518518518519,22.222222222222218,42.5925925925926,51.85185185185185,92.5925925925926,5.555555555555562,1.8518518518518519,13.88888888888889,79.24528301886792,28.7037037037037,90.74074074074073,30.555555555555557,68.51851851851852,80.55555555555554,6.481481481481477,10.648148148148147,10.648148148148149,67.5925925925926,32.40740740740741,72.22222222222223,3.703703703703707,46.567085953878404,59.722222222222214,30.555555555555557,68.51851851851852
Marina Spasic,Women’s Strawweight,1,5.3999999999999995,0.391304347826087,4.2,0.3684210526315789,0.3,1.0,0.0,0.0,1.7999999999999998,1.0,1.7999999999999998,0.75,7.5,0.4716981132075472,6.0,0.43478260869565216,0.0,,0.0,0.0,0.0,,0.0,,0.0,0.0,0.0,,0.0,0.0,1.0,100.0,55.55555555555556,12.962962962962965,59.25925925925926,12.962962962962962,100.0,100.0,100.0,98.14814814814815,98.14814814814815,1.8518518518518519,55.55555555555556,100.0,79.62962962962963,7.407407407407409,42.5925925925926,1.8518518518518516,,100.0,100.0,30.555555555555557,68.51851851851852,77.77777777777777,36.111111111111114,56.48148148148148,100.0,98.14814814814815,28.703703703703706,89.81481481481481,25.000000000000007,1.8518518518518516,100.0,30.555555555555557,68.51851851851852
Xiong Jingnan,Women’s Strawweight,1,2.2,0.22602739726027396,5.133333333333334,0.5310344827586206,1.4,0.6176470588235294,2.8666666666666667,0.86,0.9333333333333333,0.7777777777777778,0.13333333333333333,1.0,3.8666666666666667,0.32222222222222224,6.266666666666667,0.5802469135802469,0.6666666666666666,0.5555555555555556,1.8666666666666667,0.8,0.0,,0.0,,0.0,0.0,0.6666666666666666,0.5555555555555556,1.8666666666666667,0.8,1.0,46.2962962962963,5.555555555555555,3.7037037037036997,3.7037037037036997,87.03703703703704,29.629629629629626,1.8518518518518519,3.7037037037036997,81.48148148148148,44.44444444444444,96.29629629629629,2.777777777777776,70.37037037037037,12.962962962962962,3.7037037037036997,3.7037037037036997,61.111111111111114,13.20754716981132,5.555555555555562,24.074074074074066,30.555555555555557,68.51851851851852,25.925925925925927,3.7037037037036997,58.33333333333333,2.777777777777776,62.96296296296296,49.53703703703703,41.666666666666664,3.7037037037036997,37.15932914046122,14.814814814814813,30.555555555555557,68.51851851851852
Marina Rodriguez,Women’s Strawweight,8,2.700587084148728,0.3691358024691358,1.7341562547042,0.3422459893048128,0.9212705103116062,0.68,0.46966731898238745,0.6753246753246753,0.505795574288725,0.7088607594936709,0.5870841487279843,0.7222222222222222,2.998645190426012,0.37770193401592717,2.0954388077675747,0.37662337662337664,0.8761101911786843,0.7637795275590551,0.28902604245069996,0.6956521739130435,0.2528977871443625,0.8484848484848485,0.4064428721962968,0.6818181818181818,0.0,0.0,1.129007978323047,0.78125,0.6954689146469968,0.6875,1.0,64.81481481481481,44.44444444444444,72.22222222222223,70.37037037037037,50.0,43.51851851851852,87.03703703703704,57.40740740740741,40.74074074074074,16.666666666666664,48.148148148148145,68.51851851851852,50.0,35.18518518518518,81.48148148148148,74.07407407407408,70.37037037037037,72.64150943396226,61.111111111111114,70.37037037037037,30.555555555555557,68.51851851851852,54.629629629629626,71.2962962962963,46.75925925925926,72.22222222222223,28.703703703703702,58.33333333333333,42.592592592592595,77.77777777777777,71.50593990216632,65.74074074074073,30.555555555555557,68.51851851851852
Shauna Bannon,Women’s Strawweight,5,1.7616875712656783,0.3539518900343643,2.2405929304446977,0.4833948339483395,1.3340935005701253,0.5571428571428572,0.6499429874572406,0.7307692307692307,0.7525655644241733,0.6027397260273972,0.35917901938426455,0.75,3.4891676168757124,0.4312896405919662,2.1892816419612315,0.463768115942029,0.20524515393386544,0.6,0.37628278221208666,0.8148148148148148,0.15393386545039908,0.8181818181818182,0.6841505131128848,0.8333333333333334,0.0,0.5263157894736842,0.35917901938426455,0.6774193548387096,1.0604332953249715,0.8266666666666667,1.0,22.22222222222222,38.88888888888889,53.70370370370371,16.66666666666666,85.18518518518519,20.37037037037037,66.66666666666666,40.74074074074074,62.96296296296296,7.4074074074074066,74.07407407407408,55.55555555555556,55.55555555555556,53.70370370370371,77.77777777777777,22.222222222222218,18.51851851851852,37.735849056603776,20.37037037037037,11.111111111111104,30.555555555555557,16.66666666666666,30.555555555555557,35.18518518518518,52.77777777777778,53.703703703703695,35.18518518518518,64.81481481481481,54.62962962962963,49.99999999999999,28.127183787561147,15.740740740740737,30.555555555555557,16.66666666666666
Karolina Kowalkiewicz,Women’s Strawweight,8,3.5178190179011333,0.39144736842105265,3.5769420266053538,0.3303002729754322,1.753982591558548,0.7325102880658436,1.8820824437510264,0.7490196078431373,0.6799146000985383,0.7931034482758621,0.4926917392018394,0.7692307692307693,5.3112169485958285,0.46425495262704564,5.035309574642798,0.3945945945945946,0.512399408769913,0.8,0.6996222696666119,0.7171717171717171,0.12809985219247824,0.8125,0.2167843652488093,0.88,0.0,0.0,0.6404992609623912,0.8024691358024691,0.9164066349154213,0.75,1.0,85.18518518518519,57.407407407407405,18.51851851851851,75.92592592592592,92.5925925925926,62.96296296296296,9.259259259259256,27.777777777777775,53.70370370370371,48.148148148148145,64.81481481481481,50.00000000000001,90.74074074074075,72.22222222222221,16.66666666666666,66.66666666666666,55.55555555555556,83.01886792452831,33.333333333333336,46.2962962962963,30.555555555555557,68.51851851851852,71.2962962962963,47.222222222222214,77.77777777777777,18.518518518518515,50.925925925925924,57.407407407407405,81.48148148148148,41.66666666666666,69.28721174004193,39.81481481481482,30.555555555555557,68.51851851851852
Ariane Carnelossi,Women’s Strawweight,7,1.780080056510478,0.314214463840399,3.178714386625854,0.5,0.36731810689898753,0.5652173913043478,1.2573581351542265,0.7606837606837606,0.5368495408523664,0.8444444444444444,0.25429715093006827,0.8181818181818182,2.0485048269366612,0.3493975903614458,2.783141040734636,0.46352941176470586,0.42382858488344716,0.5084745762711864,1.1725924181775371,0.8137254901960784,0.21191429244172358,0.8333333333333334,0.7346362137979751,0.8387096774193549,0.0,0.6024096385542169,0.6357428773251708,0.5844155844155844,1.907228631975512,0.823170731707317,1.0,24.074074074074073,25.925925925925924,24.074074074074066,12.962962962962965,14.814814814814813,24.074074074074073,29.629629629629637,22.222222222222218,42.592592592592595,64.81481481481481,87.03703703703704,37.037037037037045,18.51851851851852,20.37037037037037,61.111111111111114,24.074074074074066,53.70370370370371,18.867924528301888,3.7037037037036997,12.962962962962965,30.555555555555557,14.814814814814813,25.0,18.518518518518515,19.444444444444443,25.925925925925927,53.7037037037037,62.03703703703704,19.444444444444443,42.59259259259259,36.2858141160028,8.333333333333332,30.555555555555557,14.814814814814813
Melissa Martinez,Women’s Strawweight,3,1.5492957746478873,0.30414746543778803,3.0751173708920185,0.36901408450704226,1.1737089201877935,0.7352941176470589,1.3615023474178403,0.7733333333333333,1.056338028169014,0.7894736842105263,0.7746478873239436,0.7333333333333333,3.591549295774648,0.4636363636363636,4.366197183098591,0.4295612009237875,0.14084507042253522,0.6666666666666666,0.5868544600938967,0.8620689655172413,0.046948356807511735,0.6666666666666666,0.25821596244131456,0.8461538461538461,0.0,0.9009009009009009,0.18779342723004694,0.6666666666666666,0.8450704225352113,0.8571428571428571,1.0,14.814814814814813,18.51851851851852,31.481481481481485,55.55555555555556,72.22222222222221,64.81481481481481,22.222222222222218,18.51851851851851,87.03703703703704,46.2962962962963,29.629629629629637,62.96296296296296,66.66666666666666,68.51851851851852,25.925925925925927,48.148148148148145,9.25925925925926,32.075471698113205,40.74074074074074,5.555555555555562,30.555555555555557,9.259259259259256,16.666666666666664,43.51851851851852,68.5185185185185,20.370370370370363,66.66666666666667,46.2962962962963,67.59259259259258,37.03703703703704,20.667365478686232,23.148148148148152,30.555555555555557,9.259259259259256
Bruna Brasil,Women’s Strawweight,8,1.0559006211180124,0.4033898305084746,1.60603371783496,0.35009671179883944,0.940550133096717,0.7464788732394366,1.2067435669920141,0.6071428571428571,0.4259094942324756,0.7741935483870968,1.082519964507542,0.6777777777777778,1.881100266193434,0.49765258215962443,3.1677018633540373,0.44292803970223327,0.46140195208518187,0.8813559322033898,0.4259094942324756,0.7619047619047619,0.07985803016858917,0.6428571428571429,0.30168589174800353,0.6538461538461539,0.0,0.22779043280182232,0.541259982253771,0.8356164383561644,0.7275953859804791,0.7130434782608696,1.0,5.555555555555555,64.81481481481481,81.48148148148148,62.96296296296296,53.70370370370371,71.29629629629629,31.481481481481485,75.92592592592592,31.48148148148148,41.66666666666667,9.259259259259256,79.62962962962962,16.666666666666664,88.88888888888889,46.2962962962963,33.333333333333336,44.44444444444444,96.22641509433963,53.70370370370371,55.55555555555556,30.555555555555557,29.629629629629637,35.18518518518518,72.22222222222223,62.5,53.7037037037037,36.574074074074076,44.444444444444436,52.77777777777777,39.81481481481482,70.33542976939204,54.62962962962963,30.555555555555557,29.629629629629637
Puja Tomar,Women’s Strawweight,2,2.182596291012839,0.3128834355828221,2.6961483594864477,0.4883720930232558,2.5677603423680457,0.8450704225352113,2.268188302425107,0.5760869565217391,0.8559201141226819,0.5405405405405406,0.8559201141226819,0.6060606060606061,5.178316690442225,0.4763779527559055,5.477888730385164,0.5267489711934157,0.12838801711840228,0.3333333333333333,0.34236804564907275,0.7272727272727273,0.29957203994293863,0.875,0.0,,0.7633587786259542,0.0,0.42796005706134094,0.5882352941176471,0.34236804564907275,0.7272727272727273,1.0,44.44444444444444,24.074074074074073,42.5925925925926,14.814814814814813,100.0,98.14814814814815,5.555555555555562,81.48148148148148,75.92592592592592,5.555555555555555,16.66666666666666,92.59259259259258,88.88888888888889,81.48148148148148,12.962962962962965,9.259259259259256,27.77777777777778,20.754716981132077,83.33333333333333,50.00000000000001,92.5925925925926,68.51851851851852,34.25925925925926,28.70370370370371,99.07407407407408,43.51851851851852,40.74074074074074,54.62962962962962,85.18518518518519,11.11111111111111,24.266247379454928,66.66666666666667,92.5925925925926,68.51851851851852
Josefine Knutsson,Women’s Strawweight,3,3.0444444444444443,0.43769968051118213,1.5555555555555556,0.45454545454545453,1.3111111111111111,0.7866666666666666,0.6,0.6,0.7777777777777778,0.8974358974358975,0.24444444444444444,0.6875,3.533333333333333,0.49843260188087773,1.4,0.4315068493150685,0.7555555555555555,0.6181818181818182,0.3111111111111111,0.6363636363636364,0.8444444444444444,0.7169811320754716,0.6888888888888889,0.6595744680851063,0.0,0.0,1.6,0.6666666666666666,1.0,0.6521739130434783,1.0,75.92592592592592,77.77777777777779,85.18518518518519,20.37037037037037,81.48148148148148,90.74074074074075,72.22222222222223,77.77777777777777,66.66666666666666,81.48148148148148,90.74074074074073,75.92592592592592,62.96296296296296,90.74074074074075,94.44444444444444,46.2962962962963,92.5925925925926,32.075471698113205,28.7037037037037,83.33333333333333,30.555555555555557,68.51851851851852,76.85185185185185,52.77777777777778,86.11111111111111,75.0,74.07407407407408,83.33333333333333,76.85185185185185,70.37037037037037,62.3340321453529,56.01851851851851,30.555555555555557,68.51851851851852
Elise Reed,Women’s Strawweight,8,1.984352773826458,0.4325581395348837,1.8669985775248934,0.38209606986899564,0.8214793741109531,0.77,0.6721194879089616,0.6702127659574468,0.7361308677098151,0.75,0.6187766714082503,0.8656716417910447,2.9658605974395447,0.49554367201426025,2.1337126600284493,0.4065040650406504,0.4267425320056899,0.8888888888888888,0.4800853485064011,0.7627118644067796,0.14935988620199148,0.875,0.5440967283072546,0.75,0.30120481927710846,0.6756756756756757,0.5761024182076814,0.8852459016393442,1.0241820768136558,0.7559055118110236,1.0,33.33333333333333,75.92592592592592,68.51851851851852,48.148148148148145,40.74074074074074,85.18518518518519,62.96296296296296,61.111111111111114,59.25925925925925,29.629629629629626,40.74074074074074,16.66666666666666,48.148148148148145,87.03703703703704,79.62962962962962,59.25925925925926,50.0,100.0,24.074074074074066,42.5925925925926,68.51851851851852,12.962962962962965,54.629629629629626,58.33333333333333,62.96296296296296,62.03703703703704,44.44444444444444,28.703703703703702,67.5925925925926,69.44444444444444,75.0,33.333333333333336,68.51851851851852,12.962962962962965
Rayanne dos Santos,Women’s Strawweight,2,3.8,0.37748344370860926,4.8,0.34951456310679613,1.1666666666666667,0.625,2.6,0.7959183673469388,0.43333333333333335,0.7647058823529411,0.9,0.6585365853658537,5.133333333333334,0.4265927977839335,8.133333333333333,0.45353159851301117,0.26666666666666666,0.5714285714285714,0.16666666666666666,0.4166666666666667,0.0,,0.0,0.0,0.0,0.0,0.26666666666666666,0.5714285714285714,0.16666666666666666,0.38461538461538464,1.0,88.88888888888889,48.148148148148145,5.555555555555562,64.81481481481481,70.37037037037037,33.33333333333333,3.7037037037036997,9.259259259259256,33.33333333333333,33.33333333333333,14.814814814814813,87.03703703703704,87.03703703703704,50.0,1.8518518518518519,25.925925925925927,13.88888888888889,15.09433962264151,98.14814814814814,96.29629629629629,30.555555555555557,68.51851851851852,68.51851851851852,35.18518518518518,51.85185185185185,6.481481481481477,33.33333333333333,50.925925925925924,68.51851851851852,13.88888888888889,14.4916142557652,97.22222222222221,30.555555555555557,68.51851851851852
Yazmin Jauregui,Women’s Strawweight,5,4.144427001569858,0.3235294117647059,3.084772370486656,0.34748010610079577,1.1067503924646782,0.5340909090909091,1.1773940345368916,0.746268656716418,1.389324960753532,0.7108433734939759,0.9890109890109889,0.8571428571428571,5.463108320251177,0.36306729264475746,4.5211930926216635,0.421978021978022,0.6357927786499215,0.6585365853658537,0.40031397174254313,0.8095238095238095,0.5416012558869702,0.6571428571428571,0.32967032967032966,0.8235294117647058,0.7092198581560284,1.345291479820628,1.1773940345368916,0.6578947368421053,0.7299843014128728,0.8157894736842105,1.0,92.5925925925926,27.77777777777778,29.629629629629637,66.66666666666666,61.111111111111114,14.814814814814813,33.333333333333336,29.629629629629637,90.74074074074075,18.51851851851852,11.111111111111104,21.296296296296294,92.5925925925926,24.074074074074073,22.222222222222218,55.55555555555556,79.62962962962963,28.30188679245283,51.851851851851855,16.66666666666666,87.03703703703704,3.7037037037036997,60.18518518518519,48.148148148148145,37.96296296296296,31.481481481481488,54.62962962962963,16.2037037037037,58.333333333333336,38.888888888888886,53.96575821104123,34.25925925925926,87.03703703703704,3.7037037037036997
Viktoriia Dudakova,Women’s Strawweight,4,2.3240316534777175,0.3780487804878049,2.7488546438983756,0.421455938697318,1.074552269887547,0.7818181818181819,0.8496459808413162,0.6296296296296297,0.07496876301541025,1.0,0.4248229904206581,1.0,2.823823406913786,0.4200743494423792,3.173677634319034,0.45195729537366547,0.6247396917950854,0.7352941176470589,0.2748854643898376,0.7333333333333333,0.024989587671803416,1.0,0.5747605164514785,0.6388888888888888,0.7194244604316546,0.0,0.6497292794668889,0.7428571428571429,0.8496459808413162,0.6666666666666666,1.0,53.70370370370371,50.0,37.037037037037045,27.777777777777775,57.407407407407405,88.88888888888889,50.00000000000001,68.51851851851852,1.8518518518518516,98.14814814814815,72.22222222222223,2.777777777777776,42.592592592592595,44.44444444444444,44.44444444444445,31.481481481481485,59.25925925925925,60.37735849056604,38.88888888888889,80.55555555555554,88.88888888888889,68.51851851851852,51.851851851851855,32.40740740740741,73.14814814814815,59.25925925925927,50.0,37.5,43.51851851851852,37.96296296296297,59.818308874912645,59.722222222222214,88.88888888888889,68.51851851851852
Molly McCann,Women’s Strawweight,8,3.8990951466959145,0.4254937163375224,2.961338086098163,0.30560271646859083,1.3326021387441733,0.7570093457943925,1.6287359473539895,0.7674418604651163,0.23032629558541268,0.875,0.5593638607074308,0.723404255319149,4.820400329037565,0.47106109324758844,4.030710172744722,0.36082474226804123,0.345489443378119,0.75,0.6416232519879354,0.7959183673469388,0.2961338086098163,0.6,0.47710446942692625,0.7837837837837838,0.6024096385542169,0.0,0.6416232519879354,0.6724137931034483,1.1187277214148617,0.7906976744186046,1.0,90.74074074074075,74.07407407407408,35.1851851851852,85.18518518518519,83.33333333333334,75.92592592592592,11.111111111111104,20.37037037037037,14.814814814814813,70.37037037037037,53.70370370370371,65.74074074074075,83.33333333333334,77.77777777777779,29.629629629629637,79.62962962962962,57.407407407407405,35.84905660377358,16.66666666666666,31.481481481481485,85.18518518518519,68.51851851851852,82.40740740740742,60.18518518518519,79.62962962962963,15.740740740740737,42.59259259259259,59.72222222222223,80.55555555555557,54.629629629629626,46.62823200559049,24.074074074074073,85.18518518518519,68.51851851851852
Montserrat Conejo Ruiz,Women’s Strawweight,5,1.3203883495145632,0.20987654320987653,5.165048543689321,0.530938123752495,0.13592233009708737,0.4666666666666667,0.7766990291262136,0.7547169811320755,0.7572815533980582,0.7959183673469388,0.2524271844660194,0.7647058823529411,2.1359223300970873,0.2972972972972973,3.495145631067961,0.4838709677419355,0.05825242718446602,0.21428571428571427,0.07766990291262135,0.6666666666666666,0.019417475728155338,0.25,2.621359223300971,0.6994818652849741,0.0,0.31347962382445144,0.07766990291262135,0.2222222222222222,2.6990291262135924,0.6984924623115578,1.0,12.962962962962962,3.7037037037037033,1.8518518518518519,5.555555555555562,1.8518518518518516,9.25925925925926,53.70370370370371,25.925925925925927,64.81481481481481,50.0,88.88888888888889,51.851851851851855,22.22222222222222,7.4074074074074066,35.1851851851852,16.66666666666666,3.7037037037037033,1.8867924528301887,1.8518518518518519,68.51851851851852,30.555555555555557,24.074074074074066,8.333333333333332,3.703703703703707,5.555555555555555,39.81481481481482,57.407407407407405,70.37037037037037,14.814814814814813,25.92592592592593,2.7952480782669458,35.18518518518518,30.555555555555557,24.074074074074066
Luana Pinheiro,Women’s Strawweight,7,1.9576416714367488,0.3081081081081081,2.2438465941614196,0.32996632996632996,0.7784773898111048,0.6666666666666666,0.6868918145392101,0.4225352112676056,0.5495134516313681,0.7058823529411765,1.2135088723526046,0.6625,2.873497424155696,0.383206106870229,3.4459072696050375,0.37344913151364767,0.3319977103606182,0.5370370370370371,0.37779049799656556,0.66,0.08013737836290785,0.4375,0.3205495134516314,0.7,0.34843205574912894,0.27624309392265195,0.41213508872352606,0.5142857142857142,0.6983400114481969,0.6777777777777778,1.0,29.629629629629626,20.37037037037037,51.851851851851855,77.77777777777777,37.03703703703704,40.74074074074074,59.25925925925926,96.29629629629629,46.2962962962963,14.814814814814813,5.555555555555562,85.18518518518519,46.2962962962963,38.88888888888889,38.88888888888889,75.92592592592592,24.074074074074073,9.433962264150944,59.25925925925926,74.07407407407408,72.22222222222221,27.777777777777775,25.0,64.81481481481481,38.888888888888886,77.77777777777777,30.555555555555557,45.370370370370374,42.592592592592595,57.407407407407405,16.75401816911251,66.66666666666667,72.22222222222221,27.777777777777775
Feng Xiaocan,Women’s Strawweight,1,2.693498452012384,0.37662337662337664,1.2074303405572755,0.17105263157894737,0.18575851393188852,0.2857142857142857,1.021671826625387,0.4583333333333333,1.5789473684210524,0.9444444444444444,0.5572755417956656,0.75,4.365325077399381,0.47,2.6006191950464395,0.27722772277227725,0.0,0.0,0.0,0.0,0.09287925696594426,1.0,0.18575851393188852,0.6666666666666666,0.0,3.3333333333333335,0.09287925696594426,0.5,0.18575851393188852,0.2857142857142857,1.0,62.96296296296296,46.2962962962963,94.44444444444444,100.0,3.7037037037037033,1.8518518518518516,38.88888888888889,92.59259259259258,94.44444444444444,92.5925925925926,55.55555555555556,55.55555555555556,75.92592592592592,75.92592592592592,66.66666666666666,100.0,5.555555555555555,7.547169811320755,96.29629629629629,98.14814814814814,30.555555555555557,1.8518518518518519,54.62962962962963,97.22222222222223,2.7777777777777777,65.74074074074073,93.51851851851852,55.55555555555556,75.92592592592592,83.33333333333333,6.551362683438155,97.22222222222221,30.555555555555557,1.8518518518518519
Cory McKenna,Women’s Strawweight,6,2.4821472543708443,0.3387096774193548,2.3196257079537057,0.43370165745856354,0.19207091849298202,0.6190476190476191,1.0194533366165968,0.8518518518518519,0.2216202905688254,0.8333333333333334,0.7978330460477714,0.8307692307692308,2.4378231962570793,0.3340080971659919,3.1617828121152423,0.5011709601873536,0.2659443486825905,0.72,0.7535089879340063,0.8225806451612904,0.19207091849298202,0.8125,0.2216202905688254,0.7894736842105263,0.0,0.0,0.4580152671755725,0.7560975609756098,0.9751292785028317,0.8148148148148148,1.0,57.407407407407405,33.33333333333333,48.148148148148145,22.222222222222218,5.555555555555555,31.48148148148148,40.74074074074074,5.555555555555562,12.962962962962962,62.96296296296296,25.925925925925927,35.1851851851852,27.77777777777778,16.666666666666664,48.148148148148145,12.962962962962965,35.18518518518518,64.15094339622641,31.481481481481485,18.51851851851851,30.555555555555557,68.51851851851852,45.37037037037037,35.18518518518518,18.51851851851852,23.148148148148152,37.96296296296296,30.555555555555564,22.22222222222222,30.555555555555557,49.6680642907058,24.999999999999996,30.555555555555557,68.51851851851852
Polyana Viana,Women’s Strawweight,8,1.013202333435677,0.2558139534883721,1.1974209395148911,0.36312849162011174,0.6263432606693277,0.7083333333333334,0.44212465459011363,0.5714285714285714,0.4973902364138778,0.9,0.7737181455326988,0.8571428571428571,1.7684986183604545,0.36363636363636365,1.7316548971446117,0.4292237442922374,0.14737488486337122,0.5,0.018421860607921402,0.5,0.22106232729505682,0.9230769230769231,0.6631869818851704,0.7346938775510204,0.8620689655172413,0.0,0.368437212158428,0.6896551724137931,0.6816088424930918,0.7254901960784313,1.0,3.7037037037037033,9.25925925925926,96.29629629629629,61.111111111111114,29.629629629629626,55.55555555555556,88.88888888888889,83.33333333333333,37.03703703703704,85.18518518518519,31.481481481481485,21.296296296296294,14.814814814814813,25.925925925925924,90.74074074074073,50.00000000000001,22.22222222222222,43.39622641509434,62.96296296296296,51.851851851851855,96.29629629629629,68.51851851851852,6.481481481481481,78.7037037037037,42.592592592592595,86.11111111111111,61.111111111111114,26.38888888888889,20.370370370370367,70.37037037037037,32.80922431865828,57.407407407407405,96.29629629629629,68.51851851851852
Istela Nunes,Women’s Strawweight,5,2.2236300285080772,0.35240963855421686,3.173899271460247,0.3686534216335541,1.254355400696864,0.6947368421052632,0.6081723154893887,0.5423728813559322,0.7982261640798226,0.875,0.2850807728856509,0.7894736842105263,3.801076971808679,0.45146726862302483,3.040861577446943,0.3595505617977528,0.45612923661704147,0.8888888888888888,0.34209692746278114,0.5806451612903226,0.019005384859043396,0.2,0.6841938549255623,0.6545454545454545,0.4444444444444444,0.9345794392523364,0.4751346214760849,0.78125,1.0262907823883434,0.627906976744186,1.0,48.148148148148145,37.03703703703704,25.925925925925927,57.40740740740741,77.77777777777779,50.0,70.37037037037037,87.03703703703704,68.51851851851852,70.37037037037037,83.33333333333333,44.44444444444445,68.51851851851852,59.25925925925925,51.851851851851855,81.48148148148148,38.88888888888889,72.64150943396226,22.222222222222218,87.03703703703704,81.48148148148148,5.555555555555562,42.592592592592595,41.66666666666667,63.88888888888889,78.7037037037037,69.44444444444444,63.888888888888886,63.888888888888886,66.66666666666667,55.76519916142557,54.629629629629626,81.48148148148148,5.555555555555562
Jessica Penne,Women’s Strawweight,8,1.7221828490432318,0.24251497005988024,4.167257264351524,0.472289156626506,1.158752657689582,0.6449704142011834,1.1268603827072998,0.803030303030303,0.1700921332388377,0.8,1.4245216158752658,0.8589743589743589,2.4875974486180015,0.2980891719745223,5.54925584691708,0.5420560747663551,0.4677533664068037,0.7096774193548387,0.8610914245216159,0.680672268907563,0.0956768249468462,0.9,0.3082919914953933,0.8055555555555556,0.0,0.0,0.5634301913536499,0.7361111111111112,1.1693834160170093,0.7096774193548387,1.0,18.51851851851852,7.4074074074074066,14.814814814814813,18.51851851851851,68.51851851851852,37.03703703703704,35.1851851851852,7.407407407407409,7.4074074074074066,53.70370370370371,3.7037037037036997,18.51851851851851,29.629629629629626,9.25925925925926,11.111111111111104,5.555555555555562,46.2962962962963,54.71698113207547,14.814814814814813,62.96296296296296,30.555555555555557,68.51851851851852,12.962962962962962,16.66666666666666,52.77777777777778,21.296296296296305,30.555555555555557,11.111111111111104,19.444444444444443,8.333333333333332,50.50663871418588,38.888888888888886,30.555555555555557,68.51851851851852
