player_key,alias,canonical_name
104940,- De Bresser/ Jeong,- De Bresser/ Jeong
105777,- Ihlenfeld/ Laporta Osante,- Ihlenfeld/ Laporta Osante
522,A-L. Friedsam,A-L. Friedsam
75973,A. A. Ceuca,A. A. Ceuca
74737,A. A. Frutos Alonso,A. A. Frutos Alonso
40090,A. A. Koskel,A. A. Koskel
38052,A. Abbagnato,A. Abbagnato
82857,A. Abedinzadeh,A. Abedinzadeh
48889,A. Ahn,A. Ahn
53646,A. Akli,A. Akli
4363,A. Aksu,A. Aksu
87957,A. Alexander,A. Alexander
6505,A. Andrade,A. Andrade
6505,Andres Andrade,A. Andrade
2074,A. Anisimova,A. Anisimova
90472,A. Antici,A. Antici
24512,A. Arifullina,A. Arifullina
85209,A. Arora,A. Arora
185,A. Arseneault,A. Arseneault
39124,A. Arystanbekova,A. Arystanbekova
35252,A. Aslanisvili,A. Aslanisvili
107604,A. Aufiero,A. Aufiero
81144,A. Bal,A. Bal
50790,A. Balestrieri,A. Balestrieri
84722,A. Barmicheva,A. Barmicheva
31462,A. Barth,A. Barth
80041,A. Baudel,A. Baudel
103493,A. Baybars,A. Baybars
103843,A. Bazderova,A. Bazderova
6551,A. Beck,A. Beck
67560,A. Berge,A. Berge
55372,A. Bergeron,A. Bergeron
106846,A. Bergomi,A. Bergomi
49425,A. Berrut,A. Berrut
49425,Adrien Berrut,A. Berrut
68678,A. Bertacchi,A. Bertacchi
82863,A. Bhopal,A. Bhopal
92788,A. Biot,A. Biot
1779,A. Blinkova,A. Blinkova
53732,A. Blus,A. Blus
505,A. Bondar,A. Bondar
38699,A. Bowers,A. Bowers
53435,A. Bravo,A. Bravo
85934,A. Breaz,A. Breaz
104161,A. Brignacca,A. Brignacca
101165,A. Brooks,A. Brooks
20694,A. Brune,A. Brune
51324,A. Bulatova,A. Bulatova
15078,A. Burchak,A. Burchak
81419,A. C. Adascalitei,A. C. Adascalitei
83103,A. C. Gadoiu,A. C. Gadoiu
83103,Corneliu Gadoiu Andrei,A. C. Gadoiu
39505,A. C. Nava Elkin,A. C. Nava Elkin
39110,A. C. Zamburek,A. C. Zamburek
10902,A. Candiotto,A. Candiotto
105630,A. Capatos,A. Capatos
84075,A. Casari,A. Casari
28541,A. Catanzarite,A. Catanzarite
9956,A. Chandrasekar,A. Chandrasekar
13538,A. Chanta,A. Chanta
13421,A. Charaeva,A. Charaeva
105621,A. Charrier,A. Charrier
4061,A. Chepelev,A. Chepelev
4061,Andrey Chepelev,A. Chepelev
13036,A. Chlpac,A. Chlpac
13324,A. Cirotte,A. Cirotte
104273,A. Colic,A. Colic
67759,A. Corvi,A. Corvi
57899,A. Cvetkovic,A. Cvetkovic
18042,A. D. Nitture,A. D. Nitture
84308,A. D. Soare,A. D. Soare
104554,A. Damonte,A. Damonte
87011,A. Danilova,A. Danilova
62582,A. Das,A. Das
56988,A. De Gabriele,A. De Gabriele
66075,A. Delgadillo,A. Delgadillo
12563,A. Delgado,A. Delgado
69061,A. Djokic,A. Djokic
92058,A. Donnell,A. Donnell
37850,A. Dudeney,A. Dudeney
74920,A. Dumitrescu,A. Dumitrescu
81423,A. Dvorackova,A. Dvorackova
9335,A. E. Samardzic,A. E. Samardzic
3490,A. Eala,A. Eala
99,A. Easwaramurthi,A. Easwaramurthi
10897,A. El Aouni,A. El Aouni
20520,A. El Sayed,A. El Sayed
55524,A. F. Oana,A. F. Oana
14088,A. F. Rubio Fierros,A. F. Rubio Fierros
14088,Fernando Rubio Fierros Alan,A. F. Rubio Fierros
9265,A. Falei,A. Falei
71935,A. Ferlito Faticanti,A. Ferlito Faticanti
93157,A. Fernandez Badia,A. Fernandez Badia
69527,A. Firman,A. Firman
159,A. Fita Boluda,A. Fita Boluda
15428,A. Formella,A. Formella
53648,A. Frey,A. Frey
106715,A. Fric,A. Fric
83930,A. Gabet,A. Gabet
79399,A. Gabriel,A. Gabriel
104247,A. Ganchev,A. Ganchev
9584,A. Garcia,A. Garcia
66137,A. Garcia-Patron Canals,A. Garcia-Patron Canals
468,A. Gasanova,A. Gasanova
106388,A. Gaule,A. Gaule
37888,A. Geerlings Martinez,A. Geerlings Martinez
89599,A. Gentili,A. Gentili
29731,A. Gergec,A. Gergec
2565,A. Gillan,A. Gillan
38018,A. Giraldi Requena,A. Giraldi Requena
87846,A. Gottvaldova,A. Gottvaldova
18373,A. Granwehr,A. Granwehr
89,A. Grubor,A. Grubor
853,A. Guerrieri,A. Guerrieri
853,Andrea Guerrieri,A. Guerrieri
9245,A. Gureva,A. Gureva
75992,A. Guzman Garcia,A. Guzman Garcia
103610,A. Harvey,A. Harvey
69485,A. Hejtmanek,A. Hejtmanek
28241,A. Hernandez-Aguila,A. Hernandez-Aguila
14112,A. Herrero Linana,A. Herrero Linana
12792,A. Hertel,A. Hertel
2990,A. Hesse,A. Hesse
104838,A. Ho,A. Ho
9526,A. Honer,A. Honer
106719,A. Horutova,A. Horutova
84406,A. Hrastar,A. Hrastar
106847,A. Hunziker,A. Hunziker
83295,A. Huseinovic,A. Huseinovic
69065,A. I. Anghel,A. I. Anghel
59294,A. I. Marginean,A. I. Marginean
88187,A. I. Varsa,A. I. Varsa
58495,A. Iancu,A. Iancu
51378,A. Ibragimova,A. Ibragimova
37936,A. Ilagan,A. Ilagan
37936,Andre Ilagan,A. Ilagan
101857,A. Ishii,A. Ishii
13618,A. Ito,A. Ito
76964,A. J. Lopez Ocampos,A. J. Lopez Ocampos
77935,A. J. Sartori,A. J. Sartori
2270,A. James,A. James
87839,A. Jancarikova,A. Jancarikova
13032,A. Jaskova,A. Jaskova
104926,A. Johnson,A. Johnson
104926,Antonius/ Johnson,A. Johnson
32064,A. Johnson,A. Johnson
32064,Andrew Johnson,A. Johnson
9242,A. K. Toth,A. K. Toth
65047,A. Kakenova,A. Kakenova
2393,A. Kalinina,A. Kalinina
1820,A. Kalinskaya,A. Kalinskaya
13074,A. Karunaratne,A. Karunaratne
105226,A. Kasperski,A. Kasperski
102149,A. Kaztugan,A. Kaztugan
101890,A. Khomitskaya,A. Khomitskaya
87749,A. Klichnikov,A. Klichnikov
72749,A. Kmiecik,A. Kmiecik
85125,A. Kockinis,A. Kockinis
13375,A. Koevermans,A. Koevermans
14207,A. Koller,A. Koller
14547,A. Korneeva,A. Korneeva
91359,A. Korpanec Davies,A. Korpanec Davies
89625,A. Kostina,A. Kostina
84071,A. Kostova,A. Kostova
52683,A. Kovackova,A. Kovackova
196,A. Krueger,A. Krueger
56748,A. Krymkova,A. Krymkova
1417,A. Kubareva,A. Kubareva
2576,A. Kucmova,A. Kucmova
458,A. Kulikova,A. Kulikova
38327,A. Kumru,A. Kumru
23873,A. Kuparev,A. Kuparev
84408,A. L. Ebster,A. L. Ebster
89415,A. L. Popovic,A. L. Popovic
54023,A. L. Puiac,A. L. Puiac
4085,A. Laboutkova,A. Laboutkova
50429,A. Lachinova,A. Lachinova
13742,A. Lahey,A. Lahey
81792,A. Lavrnja,A. Lavrnja
64746,A. Lazar,A. Lazar
1117,A. Lazaro Garcia,A. Lazaro Garcia
84872,A. Lee,A. Lee
14241,A. Lew Yan Foon,A. Lew Yan Foon
2997,A. Li,A. Li
11326,A. Lukosiute,A. Lukosiute
1358,A. Lutkemeyer,A. Lutkemeyer
84309,A. M. Capeti,A. M. Capeti
90841,A. M. Coromina Boluda,A. M. Coromina Boluda
104445,A. M. Mitu,A. M. Mitu
95215,A. Malova,A. Malova
85027,A. Marinescu,A. Marinescu
105386,A. Martin Espinar,A. Martin Espinar
7101,A. Martinez,A. Martinez
77635,A. Mateva,A. Mateva
6886,A. Matusevich,A. Matusevich
6886,Anton Matusevich,A. Matusevich
93193,A. Maye Martinez,A. Maye Martinez
15681,A. Mazzola,A. Mazzola
85607,A. Medus,A. Medus
107541,A. Meinertz,A. Meinertz
92129,A. Meneses Perny,A. Meneses Perny
85930,A. Mihalka,A. Mihalka
9267,A. Mintegi Del Olmo,A. Mintegi Del Olmo
104907,A. Mirrington,A. Mirrington
86724,A. Mitric,A. Mitric
11583,A. Miyamoto,A. Miyamoto
14242,A. Monnot,A. Monnot
13166,A. Morolli,A. Morolli
105278,A. Morris,A. Morris
75576,A. Motta,A. Motta
21946,A. Mozgaleva,A. Mozgaleva
14543,A. Mubarak,A. Mubarak
13030,A. N. Isaacs,A. N. Isaacs
13621,A. Nagata,A. Nagata
55371,A. Nagoudi,A. Nagoudi
12932,A. Nagy,A. Nagy
81414,A. Nemeth,A. Nemeth
52653,A. Nguyen,A. Nguyen
106357,A. Niyetkaliyev,A. Niyetkaliyev
90048,A. Nosei,A. Nosei
40164,A. Nupbay,A. Nupbay
106149,A. O'Connor,A. O'Connor
40062,A. Obradovic,A. Obradovic
86746,A. Okonkwo,A. Okonkwo
86746,Alexander Okonkwo,A. Okonkwo
78480,A. Oktiabreva,A. Oktiabreva
10913,A. Okutoyi,A. Okutoyi
71,A. Osborne,A. Osborne
106718,A. Ostravska,A. Ostravska
15772,A. Ozerova,A. Ozerova
105613,A. Pallegar,A. Pallegar
105303,A. Panagiotidou,A. Panagiotidou
64332,A. Paparkar,A. Paparkar
1792,A. Parks,A. Parks
84716,A. Paszun,A. Paszun
58204,A. Penickova,A. Penickova
104845,A. Perez Mellado,A. Perez Mellado
72578,A. Petkovic,A. Petkovic
20359,A. Petrovic,A. Petrovic
72884,A. Pircher,A. Pircher
59853,A. Polakovicova,A. Polakovicova
70150,A. Popescu,A. Popescu
457,A. Potapova,A. Potapova
52629,A. Pozarenko,A. Pozarenko
102172,A. Preda,A. Preda
13793,A. Prisacariu,A. Prisacariu
92497,A. Pushkareva,A. Pushkareva
52049,A. Radojicic,A. Radojicic
1443,A. Raggi,A. Raggi
1442,A. Raina,A. Raina
39071,A. Rajecki,A. Rajecki
1124,A. Rame,A. Rame
2545,A. Reguer,A. Reguer
16308,A. Reichel,A. Reichel
87044,A. Reva,A. Reva
1418,A. Rey Garcia,A. Rey Garcia
57751,A. Roots,A. Roots
508,A. Rus,A. Rus
89204,A. Rusher,A. Rusher
168,A. Ruzic,A. Ruzic
124,A. S. Rogers,A. S. Rogers
123,A. S. Sanchez,A. S. Sanchez
1989,A. Sabalenka,A. Sabalenka
14380,A. Safta,A. Safta
10917,A. Sagandikova,A. Sagandikova
13920,A. Sahdiieva,A. Sahdiieva
96961,A. Sanchez Bahamon,A. Sanchez Bahamon
36534,A. Santamarta Roig,A. Santamarta Roig
527,A. Sasnovich,A. Sasnovich
71667,A. Schovancova,A. Schovancova
89146,A. Schueller,A. Schueller
54119,A. Schuman,A. Schuman
105994,A. Schumann,A. Schumann
39025,A. Scott,A. Scott
71670,A. Sediva,A. Sediva
52840,A. Sedysheva,A. Sedysheva
59689,A. Senica,A. Senica
51257,A. Shah,A. Shah
51257,Aryan Shah,A. Shah
1144,A. Sharma,A. Sharma
9255,A. Shcherbinina,A. Shcherbinina
5085,A. Shimizu,A. Shimizu
89145,A. Shkutova,A. Shkutova
38880,A. Shubladze,A. Shubladze
105387,A. Siancha Borlenghi,A. Siancha Borlenghi
218,A. Siskova,A. Siskova
10914,A. Smejkalova,A. Smejkalova
17346,A. Smith,A. Smith
51594,A. Snigireva,A. Snigireva
13987,A. Sobolieva,A. Sobolieva
85966,A. Sorska,A. Sorska
71171,A. Soto Neira,A. Soto Neira
56363,A. Soukup,A. Soukup
68755,A. Soulie,A. Soulie
105185,A. Spencer,A. Spencer
89136,A. Spoolder,A. Spoolder
52257,A. Stankovic,A. Stankovic
15341,A. Stevens,A. Stevens
70319,A. Stoyanov,A. Stoyanov
68363,A. Subasic,A. Subasic
56476,A. Sucha,A. Sucha
80355,A. Sushkova,A. Sushkova
65356,A. Sycamore,A. Sycamore
80336,A. Tabunshchyk,A. Tabunshchyk
72611,A. Tarrio Ponte,A. Tarrio Ponte
72611,Ander Tarrio Ponte,A. Tarrio Ponte
22522,A. Teixido Garcia,A. Teixido Garcia
1122,A. Tikhonova,A. Tikhonova
14560,A. Tikhonova,A. Tikhonova
105794,A. Tognolini,A. Tognolini
1146,A. Tomljanovic,A. Tomljanovic
58225,A. Tu,A. Tu
7522,A. Tubello,A. Tubello
87840,A. Tvrzska,A. Tvrzska
127,A. Urhobo,A. Urhobo
6241,A. V. Gobbi Monllau,A. V. Gobbi Monllau
50044,A. V. Mediorreal,A. V. Mediorreal
7035,A. Vagramov,A. Vagramov
21360,A. Van Impe,A. Van Impe
14553,A. Varaksina,A. Varaksina
13991,A. Vasilescu,A. Vasilescu
91358,A. Vasileva,A. Vasileva
93094,A. Venkataraman,A. Venkataraman
23356,A. Vergara Rivera,A. Vergara Rivera
56367,A. Voborilova,A. Voborilova
39033,A. Voloshchuk,A. Voloshchuk
78078,A. Vosloo,A. Vosloo
2250,A. Vrancken Peeters,A. Vrancken Peeters
105592,A. Warang,A. Warang
78942,A. Watanabe,A. Watanabe
87262,A. Watanabe Eriksson,A. Watanabe Eriksson
21785,A. Watane,A. Watane
1387,A. Wildgruber,A. Wildgruber
1368,A. Wirges,A. Wirges
89075,A. Wong,A. Wong
9244,A. Xu,A. Xu
104802,A. Yakusheva,A. Yakusheva
72041,A. Yang,A. Yang
75457,A. Yuneva,A. Yuneva
1794,A. Zakharova,A. Zakharova
170,A. Zantedeschi,A. Zantedeschi
103494,A. Zholbolat,A. Zholbolat
133,A. Zhu,A. Zhu
92500,A. Ziatdinova,A. Ziatdinova
13411,A. Zolotareva,A. Zolotareva
2581,A. Zucchini,A. Zucchini
100,A.F. Santos,A.F. Santos
69983,A. Tripathi,Aadarsh Tripathi
69983,Aadarsh Tripathi,Aadarsh Tripathi
57709,A. Funk,Aaron Funk
57709,Aaron Funk,Aaron Funk
58548,A. Gil Garcia,Aaron Gil Garcia
58548,Aaron Gil Garcia,Aaron Gil Garcia
91809,Abanda/ Vickery,Abanda/ Vickery
26380,Abbagnato/ Colmegna,Abbagnato/ Colmegna
106905,Abbagnato/ Okutoyi,Abbagnato/ Okutoyi
75598,Abbagnato/ Tona,Abbagnato/ Tona
80537,Abe/ Sato,Abe/ Sato
57239,A. Forger,Abel Forger
57239,Abel Forger,Abel Forger
91939,Abendroth/ Abendroth,Abendroth/ Abendroth
107384,Abibsi/ Alabdullah,Abibsi/ Alabdullah
105098,Abibsi/ Dzhavakian,Abibsi/ Dzhavakian
104627,Abibsi/ Kamboj,Abibsi/ Kamboj
105426,Abibsi/ Makhlouf,Abibsi/ Makhlouf
104298,Abibsi/ Senthil Kumar,Abibsi/ Senthil Kumar
106450,Aboian/ Agostini,Aboian/ Agostini
79243,Aboian/ Ambrogi,Aboian/ Ambrogi
103408,Aboian/ Fernandez,Aboian/ Fernandez
106776,Aboian/ Torres,Aboian/ Torres
91603,Abouelsaad/ El Sayed,Abouelsaad/ El Sayed
105125,Abouelsaad/ Kashyap,Abouelsaad/ Kashyap
104713,Abouelsaad/ Zaremba,Abouelsaad/ Zaremba
105483,Abraham-Nilsen/ Pleshivtseva,Abraham-Nilsen/ Pleshivtseva
104221,Abraham-Nilsen/ Rozhkova,Abraham-Nilsen/ Rozhkova
104792,Abraham-Nilsen/ Russo,Abraham-Nilsen/ Russo
105257,Abraham-Nilsen/ Wiersholm,Abraham-Nilsen/ Wiersholm
101160,Abubakar Talha,Abubakar Talha
68441,A. Belkovics,Achilles Belkovics
68441,Achilles Belkovics,Achilles Belkovics
105039,Adachi/ Ando,Adachi/ Ando
70638,Adachi/ Komagata,Adachi/ Komagata
70640,Adachi/ Koyama,Adachi/ Koyama
104607,Adachi/ Suzuki,Adachi/ Suzuki
75349,Adam Farag-Cao,Adam Farag-Cao
26150,Adam Heinonen,Adam Heinonen
58390,A. Jilly,Adam Jilly
58390,Adam Jilly,Adam Jilly
102183,A. Kaczmarek,Adam Kaczmarek
102183,Adam Kaczmarek,Adam Kaczmarek
71521,A. Lynch,Adam Lynch
71521,Adam Lynch,Adam Lynch
58193,A. Majchrzak,Adam Majchrzak
58193,Adam Majchrzak,Adam Majchrzak
75012,Adams/ Dittmann,Adams/ Dittmann
105399,Adams/ Dodaj,Adams/ Dodaj
107468,Adams/ Hietaranta,Adams/ Hietaranta
100427,Adams/ Hoedt,Adams/ Hoedt
103952,Adams/ Isaacs,Adams/ Isaacs
105510,Adams/ Kuczer,Adams/ Kuczer
38022,A. Freire Da Silva,Adan Freire Da Silva
38022,Adan Freire Da Silva,Adan Freire Da Silva
1854,Added D.,Added D.
1854,D. Added,Added D.
1854,Dan Added,Added D.
106046,Added/ Debru,Added/ Debru
106880,Added/ Pereira,Added/ Pereira
104755,Added/ Scaglia,Added/ Scaglia
106230,Adeikyte/ Straszewska,Adeikyte/ Straszewska
76493,Adeshina/ Allen,Adeshina/ Allen
101266,Adeshina/ John-Baptiste,Adeshina/ John-Baptiste
83407,Adeshina/ Maloney,Adeshina/ Maloney
72371,Adesoro/ Tettamble,Adesoro/ Tettamble
54464,A. Ganesan,Adhithya Ganesan
54464,Adhithya Ganesan,Adhithya Ganesan
775,A. Kalyanpur,Adil Kalyanpur
775,Adil Kalyanpur,Adil Kalyanpur
37953,A. Vishal Balsekar,Aditya Vishal Balsekar
37953,Aditya Vishal Balsekar,Aditya Vishal Balsekar
37207,Adkar/ Bhosale,Adkar/ Bhosale
104377,Adkar/ Thombare,Adkar/ Thombare
105136,Adkar/ Voloshchuk,Adkar/ Voloshchuk
1330,Adria Soriano Barrera,Adria Soriano Barrera
101819,Adria Velazguez Farre,Adria Velazguez Farre
38014,Adrian Andreescu Stefan,Adrian Andreescu Stefan
38014,S. A. Andreescu,Adrian Andreescu Stefan
38999,A. Arcon,Adrian Arcon
38999,Adrian Arcon,Adrian Arcon
751,A. Oetzbach,Adrian Oetzbach
751,Adrian Oetzbach,Adrian Oetzbach
40101,A. Burdet,Adrien Burdet
40101,Adrien Burdet,Adrien Burdet
13854,Adrien Gobat,Adrien Gobat
105464,Aerne/ Senn,Aerne/ Senn
107328,Aerne/ Ulrich,Aerne/ Ulrich
107037,Affelt/ Kmiecik,Affelt/ Kmiecik
373,Agamenone F.,Agamenone F.
373,F. Agamenone,Agamenone F.
373,Franco Agamenone,Agamenone F.
89760,Agamenone/ Lorusso,Agamenone/ Lorusso
105225,Agamenone/ Ribecai,Agamenone/ Ribecai
104371,Aggarwal/ Boros,Aggarwal/ Boros
107589,Aggarwal/ Ciocca,Aggarwal/ Ciocca
104684,Aggarwal/ Cizek,Aggarwal/ Cizek
107240,Aggarwal/ Warik,Aggarwal/ Warik
105689,Aginskiy/ Mantach,Aginskiy/ Mantach
66370,Agostinetto/ Fondriest,Agostinetto/ Fondriest
106772,Agostini/ Delaney,Agostini/ Delaney
106043,Agostini/ Henning,Agostini/ Henning
102634,Agostini/ Johansson,Agostini/ Johansson
56036,Agostini/ Taddia,Agostini/ Taddia
106016,Aguiard/ Marinkov,Aguiard/ Marinkov
63685,Aguilar Cardozo/ Aguilar Cardozo,Aguilar Cardozo/ Aguilar Cardozo
107173,Aguilar Cardozo/ Bruna,Aguilar Cardozo/ Bruna
83855,Aguilar Cardozo/ De La Fuente,Aguilar Cardozo/ De La Fuente
105567,Aguilar Cardozo/ Del Pino,Aguilar Cardozo/ Del Pino
106994,Aguilar Cardozo/ Otegui,Aguilar Cardozo/ Otegui
106006,Aguilar/ Becerra Morin,Aguilar/ Becerra Morin
106243,Agureeva/ Lekomtseva,Agureeva/ Lekomtseva
18335,Agustin Falabella Lautaro,Agustin Falabella Lautaro
77522,Agustin Libre,Agustin Libre
91698,Agustin Pernas Thiago,Agustin Pernas Thiago
91698,T. A. Pernas,Agustin Pernas Thiago
77147,Agustin Salazar,Agustin Salazar
107230,Agwi/ Elamin,Agwi/ Elamin
67250,Agwi/ Mischker,Agwi/ Mischker
90102,Ahmed Wageh Yassin,Ahmed Wageh Yassin
91701,Ahmed Zaki,Ahmed Zaki
106599,Ahn/ Dang,Ahn/ Dang
104487,Ahn/ Driscoll,Ahn/ Driscoll
106348,Ahn/ Mahendran,Ahn/ Mahendran
105742,Ahn/ Moe,Ahn/ Moe
104255,Ahn/ Oh,Ahn/ Oh
105284,Ahn/ Wang,Ahn/ Wang
104687,Ahouda/ Beckles,Ahouda/ Beckles
106521,Ahouda/ Manukyan,Ahouda/ Manukyan
106854,Ahren Moonga/ Mridha,Ahren Moonga/ Mridha
106784,Ahti/ Biggs J -,Ahti/ Biggs J -
106255,Ahti/ Mol,Ahti/ Mol
9381,A. Kim,Aidan Kim
9381,Aidan Kim,Aidan Kim
875,Aidan McHugh,Aidan McHugh
106920,Aikawa/ Boehner,Aikawa/ Boehner
107204,Aikawa/ Pulchartova,Aikawa/ Pulchartova
104495,Aikawa/ Yodpetch,Aikawa/ Yodpetch
21543,Ainius Sabaliauskas,Ainius Sabaliauskas
104340,Ait el Bachir/ Claeys,Ait el Bachir/ Claeys
105959,Ait el Bachir/ De Koning,Ait el Bachir/ De Koning
106406,Ait el Bachir/ Van Zonneveld,Ait el Bachir/ Van Zonneveld
23375,Ajay Malik,Ajay Malik
392,Ajdukovic D.,Ajdukovic D.
392,D. Ajdukovic,Ajdukovic D.
392,Duje Ajdukovic,Ajdukovic D.
87899,Ajdukovic/ Kalender,Ajdukovic/ Kalender
3224,A. Rai,Ajeet Rai
3224,Ajeet Rai,Ajeet Rai
868,A. Santillan,Akira Santillan
868,Akira Santillan,Akira Santillan
106593,Akli/ Brantmeier,Akli/ Brantmeier
96028,Akli/ Crawley,Akli/ Crawley
82126,Akli/ El Jardi,Akli/ El Jardi
104382,Akli/ Kuwata,Akli/ Kuwata
104835,Akli/ Reasco Gonzalez,Akli/ Reasco Gonzalez
104149,Aksu/ Keles,Aksu/ Keles
103926,Al Azmeh/ Marysko,Al Azmeh/ Marysko
57307,Al Azmeh/ Naw,Al Azmeh/ Naw
104679,Al-Amin/ Mueller,Al-Amin/ Mueller
70168,Al-Amin/ Ruland,Al-Amin/ Ruland
107408,Al-Amin/ Wessels,Al-Amin/ Wessels
63836,A. Trifi,Alaa Trifi
63836,Alaa Trifi,Alaa Trifi
107112,Alabdullah/ Alekseychuk,Alabdullah/ Alekseychuk
11286,Alabdullah/ Qabazard,Alabdullah/ Qabazard
2481,A. Ayeni,Alafia Ayeni
2481,Alafia Ayeni,Alafia Ayeni
96584,Alam/ Dhokia,Alam/ Dhokia
105418,Alam/ McKennon,Alam/ McKennon
79019,Alame/ Alame,Alame/ Alame
104942,Alame/ Lachinova,Alame/ Lachinova
103847,Alan Aiukhanov,Alan Aiukhanov
15216,A. Bojarski,Alan Bojarski
15216,Alan Bojarski,Alan Bojarski
37980,Alan Sau Franco,Alan Sau Franco
71082,A. Wazny,Alan Wazny
71082,Alan Wazny,Alan Wazny
107117,Alawadhi/ Mubarak,Alawadhi/ Mubarak
11410,Albania,Albania
19635,Albania W,Albania W
105272,Alberca/ Cundom,Alberca/ Cundom
55487,A. Pedrico Kravtsov,Albert Pedrico Kravtsov
55487,Albert Pedrico Kravtsov,Albert Pedrico Kravtsov
94420,Albertini/ Koothrat,Albertini/ Koothrat
1266,A. Barroso Campos,Alberto Barroso Campos
1266,Alberto Barroso Campos,Alberto Barroso Campos
56232,A. Bronzetti,Alberto Bronzetti
56232,Alberto Bronzetti,Alberto Bronzetti
24283,Alberto Caniato Carlo,Alberto Caniato Carlo
24283,C. A. Caniato,Alberto Caniato Carlo
61208,Alberto Lim,Alberto Lim
363,Albot R.,Albot R.
363,R. Albot,Albot R.
363,Radu Albot,Albot R.
26712,Albot/ Cornea,Albot/ Cornea
104216,Albot/ Haita,Albot/ Haita
105694,Alcala Gurri/ Brancaccio,Alcala Gurri/ Brancaccio
104213,Alcala Gurri/ Damas,Alcala Gurri/ Damas
95476,Alcala Gurri/ Roca Batalla,Alcala Gurri/ Roca Batalla
105319,Alcala Gurri/ Roncadelli,Alcala Gurri/ Roncadelli
105903,Alcala/ Garza,Alcala/ Garza
104328,Alcantara/ Hsieh,Alcantara/ Hsieh
104612,Alcantara/ Lai,Alcantara/ Lai
107170,Alcantara/ Matsuda,Alcantara/ Matsuda
105940,Alcantara/ Rifqi Fitriadi,Alcantara/ Rifqi Fitriadi
106124,Alcantara/ Ryan Ziegann,Alcantara/ Ryan Ziegann
103706,Alcantara/ Suksumrarn,Alcantara/ Suksumrarn
2382,Alcaraz C.,Alcaraz C.
2382,Carlos Alcaraz,Alcaraz C.
1204,A. Setkic,Aldin Setkic
1204,Aldin Setkic,Aldin Setkic
642,A. Beckley,Alec Beckley
642,Alec Beckley,Alec Beckley
10019,A. Deckers,Alec Deckers
10019,Alec Deckers,Alec Deckers
52705,A. Arcila,Alejandro Arcila
52705,Alejandro Arcila,Alejandro Arcila
7334,Alejandro Dellien Velasco Murkel,Alejandro Dellien Velasco Murkel
7334,M. A. Dellien Velasco,Alejandro Dellien Velasco Murkel
67455,A. Hayen,Alejandro Hayen
67455,Alejandro Hayen,Alejandro Hayen
52069,A. Juan Mano,Alejandro Juan Mano
52069,Alejandro Juan Mano,Alejandro Juan Mano
67049,Alejandro Linde Palacios Samuel,Alejandro Linde Palacios Samuel
67049,S. A. Linde Palacios,Alejandro Linde Palacios Samuel
55549,A. Lopez Escribano,Alejandro Lopez Escribano
55549,Alejandro Lopez Escribano,Alejandro Lopez Escribano
9367,Alejandro Manzanera Pertusa,Alejandro Manzanera Pertusa
40168,Alejandro Melero Kretzer,Alejandro Melero Kretzer
40168,K. A. Melero,Alejandro Melero Kretzer
55591,A. Moreno,Alejandro Moreno
55591,Alejandro Moreno,Alejandro Moreno
80506,Alejandro Reyes Tirado Oswaldo,Alejandro Reyes Tirado Oswaldo
80506,O. A. Reyes Tiraldo,Alejandro Reyes Tirado Oswaldo
38023,A. Turriziani Alvarez,Alejandro Turriziani Alvarez
38023,Alejandro Turriziani Alvarez,Alejandro Turriziani Alvarez
106424,Alejandro/ Zerega,Alejandro/ Zerega
52692,A. Sanchez Quilez,Alejo Sanchez Quilez
52692,Alejo Sanchez Quilez,Alejo Sanchez Quilez
60100,A. Ciric,Aleksa Ciric
60100,Aleksa Ciric,Aleksa Ciric
85375,A. Oparnica,Aleksa Oparnica
85375,Aleksa Oparnica,Aleksa Oparnica
39023,A. Pisaric,Aleksa Pisaric
39023,Aleksa Pisaric,Aleksa Pisaric
91823,Aleksandar Amarandei Daniel,Aleksandar Amarandei Daniel
91823,D. A. Amarandei,Aleksandar Amarandei Daniel
40749,Aleksandar Mihailovic,Aleksandar Mihailovic
104246,A. Tolev,Aleksandar Tolev
104246,Aleksandar Tolev,Aleksandar Tolev
59293,A. Chayka,Aleksander Chayka
59293,Aleksander Chayka,Aleksander Chayka
9237,Aleksander Orlikowski,Aleksander Orlikowski
10487,A. Braynin,Aleksandr Braynin
10487,Aleksandr Braynin,Aleksandr Braynin
1303,A. Bakshi,Aleksandre Bakshi
1303,Aleksandre Bakshi,Aleksandre Bakshi
48859,A. Shvangiradze,Aleksandre Shvangiradze
48859,Aleksandre Shvangiradze,Aleksandre Shvangiradze
107438,Alekseeva/ Rakki,Alekseeva/ Rakki
10228,A. Mujakic,Alen Mujakic
10228,Alen Mujakic,Alen Mujakic
106518,Aleshchev/ Pinter,Aleshchev/ Pinter
86868,Alessandrini/ Ippedico,Alessandrini/ Ippedico
68379,A. Battiston,Alessandro Battiston
68379,Alessandro Battiston,Alessandro Battiston
38105,A. Bellifemine,Alessandro Bellifemine
38105,Alessandro Bellifemine,Alessandro Bellifemine
40221,A. Coccioli,Alessandro Coccioli
40221,Alessandro Coccioli,Alessandro Coccioli
12598,Alessandro Dragoni,Alessandro Dragoni
2478,Alessandro Pecci,Alessandro Pecci
14613,A. Spadola,Alessandro Spadola
14613,Alessandro Spadola,Alessandro Spadola
10859,A. Basile,Alessio Basile
10859,Alessio Basile,Alessio Basile
38134,Alessio Vasquez,Alessio Vasquez
60823,A. Finkelstein,Alex Finkelstein
60823,Alex Finkelstein,Alex Finkelstein
90283,A. Huszar,Alex Huszar
90283,Alex Huszar,Alex Huszar
38934,A. Jones,Alex Jones
38934,Alex Jones,Alex Jones
5969,A. Knaff,Alex Knaff
5969,Alex Knaff,Alex Knaff
11761,A. Kobelt,Alex Kobelt
11761,Alex Kobelt,Alex Kobelt
38300,Alex Kuperstein,Alex Kuperstein
988,A. Marti Pujolras,Alex Marti Pujolras
988,Alex Marti Pujolras,Alex Marti Pujolras
101791,Alex Martinez,Alex Martinez
104489,Alex/ Badon,Alex/ Badon
107620,Alex/ Jacome Jaramillo,Alex/ Jacome Jaramillo
1250,A. Bernard,Alexander Bernard
1250,Alexander Bernard,Alexander Bernard
16432,A. Chang,Alexander Chang
16432,Alexander Chang,Alexander Chang
9159,A. Donski,Alexander Donski
9159,Alexander Donski,Alexander Donski
22430,A. Frusina,Alexander Frusina
22430,Alexander Frusina,Alexander Frusina
80524,Alexander Glomb,Alexander Glomb
96563,A. Gschiel,Alexander Gschiel
96563,Alexander Gschiel,Alexander Gschiel
102977,A. Guajardo,Alexander Guajardo
102977,Alexander Guajardo,Alexander Guajardo
12680,Alexander Klintcharov,Alexander Klintcharov
17373,Alexander Kotzen,Alexander Kotzen
37928,A. Petrov,Alexander Petrov
37928,Alexander Petrov,Alexander Petrov
9516,Alexander Razeghi,Alexander Razeghi
9221,Alexander Rodriguez Johan,Alexander Rodriguez Johan
9221,J. A. Rodriguez,Alexander Rodriguez Johan
52072,A. Vasilev,Alexander Vasilev
52072,Alexander Vasilev,Alexander Vasilev
6317,A. Wagner,Alexander Wagner
6317,Alexander Wagner,Alexander Wagner
2023,A. Weis,Alexander Weis
2023,Alexander Weis,Alexander Weis
14516,A. Zgirovsky,Alexander Zgirovsky
14516,Alexander Zgirovsky,Alexander Zgirovsky
106105,Alexander/ Grubor,Alexander/ Grubor
105377,Alexander/ Mercier,Alexander/ Mercier
13409,A. Binda,Alexandr Binda
13409,Alexandr Binda,Alexandr Binda
104248,Alexandr Tiutchenko,Alexandr Tiutchenko
14024,A. Aubriot,Alexandre Aubriot
14024,Alexandre Aubriot,Alexandre Aubriot
12894,A. Reco,Alexandre Reco
12894,Alexandre Reco,Alexandre Reco
105849,Alexandrescou/ Cazacu,Alexandrescou/ Cazacu
106956,Alexandrescou/ Pieleanu,Alexandrescou/ Pieleanu
83952,Alexandrescou/ Tabata,Alexandrescou/ Tabata
106673,Alexandrova/ Dabrowski,Alexandrova/ Dabrowski
90380,Alexandrova/ Garnevska,Alexandrova/ Garnevska
106078,Alexandrova/ Gibson,Alexandrova/ Gibson
95523,Alexandrova/ Joint,Alexandrova/ Joint
104358,Alexandrova/ Krastenova,Alexandrova/ Krastenova
103806,Alexandrova/ Noskova,Alexandrova/ Noskova
40131,Alexandru Chirita Ioan,Alexandru Chirita Ioan
78739,Alexandru Ciobotaru Dario,Alexandru Ciobotaru Dario
78739,D. A. Ciobotaru,Alexandru Ciobotaru Dario
37891,Alexandru Coman Mihai,Alexandru Coman Mihai
10543,Alexandru Tomescu Dan,Alexandru Tomescu Dan
10543,D. A. Tomescu,Alexandru Tomescu Dan
49576,A. Aleshchev,Alexey Aleshchev
49576,Alexey Aleshchev,Alexey Aleshchev
14892,Alexey Dubinin,Alexey Dubinin
63295,Alexis Berquier,Alexis Berquier
1236,A. Canter,Alexis Canter
1236,Alexis Canter,Alexis Canter
6628,A. Gautier,Alexis Gautier
6628,Alexis Gautier,Alexis Gautier
63093,Alexis Gurmendi,Alexis Gurmendi
105421,Alfano/ Ciaschetti,Alfano/ Ciaschetti
101794,Alfredo Perez,Alfredo Perez
11454,Algeria,Algeria
19646,Algeria W,Algeria W
104297,Alhogbani/ Greschner,Alhogbani/ Greschner
69599,Alhogbani/ Idrees,Alhogbani/ Idrees
107049,Alhogbani/ Ryan Ziegann,Alhogbani/ Ryan Ziegann
68939,Alhogbani/ Setkic,Alhogbani/ Setkic
105858,Alhussein/ Hoedt,Alhussein/ Hoedt
75206,Alhussein/ Ivanova,Alhussein/ Ivanova
105505,Alhussein/ Vlckova,Alhussein/ Vlckova
104593,Alhussein/ Zoppas,Alhussein/ Zoppas
13016,A. Abibsi,Ali Abibsi Mohamed
13016,Ali Abibsi Mohamed,Ali Abibsi Mohamed
106475,Ali Da Costa Rafalentino,Ali Da Costa Rafalentino
947,A. Habib,Ali Habib
947,Ali Habib,Ali Habib
69972,A. Missoum,Ali Missoum
69972,Ali Missoum,Ali Missoum
11166,A. Yazdani,Ali Yazdani
11166,Ali Yazdani,Ali Yazdani
95437,Alimli/ Lapalu,Alimli/ Lapalu
106400,Alimli/ Sanogo,Alimli/ Sanogo
105803,Alimli/ Walch,Alimli/ Walch
54748,A. Jeran,Aljaz Jeran
54748,Aljaz Jeran,Aljaz Jeran
79538,Alkaya/ Duran,Alkaya/ Duran
107377,Alkotop/ Smiej,Alkotop/ Smiej
96533,A. Gatoto,Allan Gatoto
96533,Allan Gatoto,Allan Gatoto
85571,Allegre/ Allegre,Allegre/ Allegre
105254,Allen/ Berecoechea,Allen/ Berecoechea
95125,Allen/ El Jardi,Allen/ El Jardi
106355,Allen/ Kaczmarek,Allen/ Kaczmarek
104405,Allen/ Lewis,Allen/ Lewis
105807,Allen/ Meneses Perny,Allen/ Meneses Perny
92650,Allen/ Munoz Fuster,Allen/ Munoz Fuster
104587,Allen/ Pace,Allen/ Pace
95561,Allen/ Puig Mccallan,Allen/ Puig Mccallan
82060,Allen/ Rajecki,Allen/ Rajecki
105089,Allen/ Rocens,Allen/ Rocens
89081,Allen/ Tarasevich,Allen/ Tarasevich
105681,Allen/ Teglas,Allen/ Teglas
106879,Allen/ Terblanche,Allen/ Terblanche
104317,Allen/ Zarski,Allen/ Zarski
105195,Almasi/ Sakagawa,Almasi/ Sakagawa
78664,Almazan Valiente/ Callejon,Almazan Valiente/ Callejon
106414,Almeida Junior/ Braga,Almeida Junior/ Braga
105287,Almeida/ De Alba,Almeida/ De Alba
104769,Almeida/ Krall,Almeida/ Krall
105543,Almeida/ Matta,Almeida/ Matta
105920,Alonso/ Angel,Alonso/ Angel
106783,Alopaeus/ Martikainen,Alopaeus/ Martikainen
12173,Alp Horoz,Alp Horoz
1099,Altmaier D.,Altmaier D.
1099,D. Altmaier,Altmaier D.
1099,Daniel Altmaier,Altmaier D.
103788,Altmaier/ Fonseca,Altmaier/ Fonseca
106444,Altuna/ Fufygin,Altuna/ Fufygin
74912,Alujas/ Bax,Alujas/ Bax
106423,Alujas/ De Alba,Alujas/ De Alba
68217,Alujas/ Freire Da Silva,Alujas/ Freire Da Silva
106991,Alujas/ Meneo,Alujas/ Meneo
104659,Alvarado Berrospi/ Tsapenko,Alvarado Berrospi/ Tsapenko
105901,Alvarado/ Rico Arias,Alvarado/ Rico Arias
72972,Alvarez Sande/ Murphy,Alvarez Sande/ Murphy
106551,Alvarez Sande/ Tse,Alvarez Sande/ Tse
104643,Alvarez Sarmiento/ Garcia,Alvarez Sarmiento/ Garcia
67196,Alvarez Sarmiento/ Parisca,Alvarez Sarmiento/ Parisca
10514,Alvarez Valdes L.C.,Alvarez Valdes L.C.
10514,Carlos Alvarez Valdes Luis,Alvarez Valdes L.C.
10514,L. C. Alvarez Valdes,Alvarez Valdes L.C.
105301,Alvarez Valdes/ Wong,Alvarez Valdes/ Wong
565,Alvarez Varona N.,Alvarez Varona N.
565,Nicolas Alvarez Varona,Alvarez Varona N.
106273,Alvarez/ Alvarez,Alvarez/ Alvarez
105009,Alvarez/ Anand,Alvarez/ Anand
106000,Alvarez/ Echazu,Alvarez/ Echazu
106569,Alvarez/ Gobbi Monllau,Alvarez/ Gobbi Monllau
106427,Alvarez/ Lage Castelan,Alvarez/ Lage Castelan
95474,Alvarez/ Martinez,Alvarez/ Martinez
104936,Alvarez/ Storck,Alvarez/ Storck
59839,Alvaro Bueno Gil,Alvaro Bueno Gil
72052,A. Jimenez,Alvaro Jimenez
72052,Alvaro Jimenez,Alvaro Jimenez
38020,A. Peiro Serrano,Alvaro Peiro Serrano
38020,Alvaro Peiro Serrano,Alvaro Peiro Serrano
28260,Alves M.,Alves M.
28260,M. Alves,Alves M.
28260,Mateus Alves,Alves M.
97425,Alves/ Gutierrez,Alves/ Gutierrez
105950,Alvisi/ Cassani,Alvisi/ Cassani
104180,Alvisi/ Gandolfi,Alvisi/ Gandolfi
107295,Alvisi/ Gentili,Alvisi/ Gentili
105533,Alvisi/ Lovric,Alvisi/ Lovric
102314,A. Siddiqui,Amaan Siddiqui
102314,Amaan Siddiqui,Amaan Siddiqui
106176,Amadike/ Martin Roca,Amadike/ Martin Roca
19802,A. Salazar,Amador Salazar
19802,Amador Salazar,Amador Salazar
105430,Amarandei/ Balducci,Amarandei/ Balducci
91345,Amarandei/ Berto,Amarandei/ Berto
107231,Amarandei/ Kokot,Amarandei/ Kokot
106190,Amarandei/ Scomparin,Amarandei/ Scomparin
100450,Amariei/ Herea,Amariei/ Herea
107576,Amariei/ Vilar,Amariei/ Vilar
700,A. Raynel,Amaury Raynel
700,Amaury Raynel,Amaury Raynel
106385,Ambarzumjan/ Kamath,Ambarzumjan/ Kamath
107356,Ambarzumjan/ Mathes,Ambarzumjan/ Mathes
106040,Ambrogi/ Bueno,Ambrogi/ Bueno
100305,Ambrogi/ Casanova,Ambrogi/ Casanova
81473,A. Jamji,Amine Jamji
81473,Amine Jamji,Amine Jamji
55761,Amir Milushev,Amir Milushev
62411,A. Nasridinov,Amirkhamza Nasridinov
62411,Amirkhamza Nasridinov,Amirkhamza Nasridinov
35790,A. Vales,Amit Vales
35790,Amit Vales,Amit Vales
11185,A. Elamin,Ammar Elamin
11185,Ammar Elamin,Ammar Elamin
105156,Amorim/ Lima,Amorim/ Lima
676,A. Elsayed,Amr Elsayed
676,Amr Elsayed,Amr Elsayed
89073,An Wu Kai,An Wu Kai
106620,An/ Chen,An/ Chen
101991,An/ Tian,An/ Tian
79350,Anane/ Hanatani,Anane/ Hanatani
63834,A. Bennour Dit Sahli,Anas Bennour Dit Sahli
63834,Anas Bennour Dit Sahli,Anas Bennour Dit Sahli
63409,A. Mazdrashki,Anas Mazdrashki
63409,Anas Mazdrashki,Anas Mazdrashki
84560,Anavatan/ Yilmaz,Anavatan/ Yilmaz
107114,Andaloro/ Colombo,Andaloro/ Colombo
51446,Andaloro/ Lorusso,Andaloro/ Lorusso
86956,Andaloro/ Moroni,Andaloro/ Moroni
107291,Andaloro/ Ribecai,Andaloro/ Ribecai
107091,Andersson/ Norlin,Andersson/ Norlin
11411,Andorra,Andorra
84863,Andorra W,Andorra W
104568,Andrade da Silva/ Meligeni Alves,Andrade da Silva/ Meligeni Alves
103820,Andrade/ Maginley,Andrade/ Maginley
69405,Andrade/ Zink,Andrade/ Zink
68047,Andre De Almeida Santos Pedro,Andre De Almeida Santos Pedro
86463,Andre Dutine Dennis,Andre Dutine Dennis
86463,D. A. Dutine,Andre Dutine Dennis
10502,Andre Galarraga Mario,Andre Galarraga Mario
10502,M. A. Galarraga,Andre Galarraga Mario
103449,A. Megrabian,Andre Megrabian
103449,Andre Megrabian,Andre Megrabian
10508,Andre Saraiva Dos Santos Paulo,Andre Saraiva Dos Santos Paulo
10508,P. A. Saraiva Dos Santos,Andre Saraiva Dos Santos Paulo
93885,Andre Solis Encinas Oliver,Andre Solis Encinas Oliver
96147,A. de Camargo Silva,Andre Souza Pinto de Camargo e Silva
96147,Andre Souza Pinto de Camargo e Silva,Andre Souza Pinto de Camargo e Silva
105615,Andre/ De Carvalho,Andre/ De Carvalho
106009,Andre/ Lalami Laaroussi,Andre/ Lalami Laaroussi
106804,Andre/ Landau,Andre/ Landau
38115,A. Bacaloni,Andrea Bacaloni
38115,Andrea Bacaloni,Andrea Bacaloni
1017,A. Colombo,Andrea Colombo
1017,Andrea Colombo,Andrea Colombo
40088,A. Fiorentini,Andrea Fiorentini
40088,Andrea Fiorentini,Andrea Fiorentini
38777,A. M'Chich,Andrea M'Chich
38777,Andrea M'Chich,Andrea M'Chich
66628,Andrea Meduri,Andrea Meduri
68143,A. Paolini,Andrea Paolini
68143,Andrea Paolini,Andrea Paolini
8782,Andrea Picchione,Andrea Picchione
106478,Andrea Tognolini,Andrea Tognolini
63398,A. de Marchi,Andrea de Marchi
63398,Andrea de Marchi,Andrea de Marchi
62413,A. Timini,Andreas Timini
62413,Andreas Timini,Andreas Timini
105683,Andreescu/ Andreescu,Andreescu/ Andreescu
100534,Andreescu/ Cross,Andreescu/ Cross
62733,Andreescu/ Schinteie,Andreescu/ Schinteie
2409,A. Andreev,Andreev A.
2409,Adrian Andreev,Andreev A.
2409,Andreev A.,Andreev A.
106193,Andreev/ Prinoth,Andreev/ Prinoth
106676,Andreeva/ Cirstea,Andreeva/ Cirstea
106585,Andreeva/ Iatcenko,Andreeva/ Iatcenko
82604,A. Kunitsyn,Andrei Kunitsyn
82604,Andrei Kunitsyn,Andrei Kunitsyn
86674,Andrej Loncarevic,Andrej Loncarevic
9640,A. Nedic,Andrej Nedic
9640,Andrej Nedic,Andrej Nedic
101796,Andreja Petrovic,Andreja Petrovic
89221,Andreozzi/ Guinard,Andreozzi/ Guinard
104888,Andreozzi/ Sutjiadi,Andreozzi/ Sutjiadi
94649,Andres Flores Avila Luis,Andres Flores Avila Luis
104600,Andres Martinez De Freitas Oscar,Andres Martinez De Freitas Oscar
71815,A. Santamarta Roig,Andres Santamarta Roig
71815,Andres Santamarta Roig,Andres Santamarta Roig
23667,Andres Urquiola Montellano,Andres Urquiola Montellano
13928,A. Urrea,Andres Urrea
13928,Andres Urrea,Andres Urrea
107382,Andres/ Cardinaud,Andres/ Cardinaud
6696,A. Fenty,Andrew Fenty
6696,Andrew Fenty,Andrew Fenty
888,A. Paulson,Andrew Paulson
888,Andrew Paulson,Andrew Paulson
105830,Andrienko/ Battesti,Andrienko/ Battesti
106948,Andrienko/ Cassani,Andrienko/ Cassani
107258,Andrienko/ Claeys,Andrienko/ Claeys
105651,Andrienko/ Heuser,Andrienko/ Heuser
31668,A. Casanova,Andrin Casanova
31668,Andrin Casanova,Andrin Casanova
105462,Andriveau/ Witz,Andriveau/ Witz
89077,Andrzejczak/ Cislo,Andrzejczak/ Cislo
92066,Anes Latifovic,Anes Latifovic
62687,Angel Machado Miguel,Angel Machado Miguel
62687,M. A. Machado,Angel Machado Miguel
76577,A. Veliz,Angel Veliz
76577,Angel Veliz,Angel Veliz
104670,Angelini/ Berkieta,Angelini/ Berkieta
71318,Angelini/ Caniato,Angelini/ Caniato
95499,Angelini/ Crivellaro,Angelini/ Crivellaro
107476,Angelini/ Ratti,Angelini/ Ratti
105420,Angeloni/ Cerelli,Angeloni/ Cerelli
76204,Angeloni/ Cherie Ligniere,Angeloni/ Cherie Ligniere
106860,Angeloni/ Ciocca,Angeloni/ Ciocca
107226,Angeloni/ Paolini,Angeloni/ Paolini
105492,Angelovska/ Simonsen,Angelovska/ Simonsen
69774,Anghel/ Simionescu,Anghel/ Simionescu
104446,Anghel/ Tanasie,Anghel/ Tanasie
11405,Angola,Angola
104694,Anhelov/ Meinertz,Anhelov/ Meinertz
96741,Anisimova/ Tien,Anisimova/ Tien
105383,A. Rafiq,Aniss Rafiq
105383,Aniss Rafiq,Aniss Rafiq
104850,Ankudinova/ Pacheco-Lagoda,Ankudinova/ Pacheco-Lagoda
81945,Ann/ Lee,Ann/ Lee
101964,Ann/ Oh Chan-Yeong,Ann/ Oh Chan-Yeong
106684,Ansari/ Burgic,Ansari/ Burgic
106089,Ansari/ Ma,Ansari/ Ma
103485,Ansari/ Sanchez,Ansari/ Sanchez
104505,Anson Sanchez/ Ros Parres,Anson Sanchez/ Ros Parres
10889,Anthony Barki Nathan,Anthony Barki Nathan
10889,N. A. Barki,Anthony Barki Nathan
13408,Anthony Genov,Anthony Genov
39551,A. Susanto,Anthony Susanto
39551,Anthony Susanto,Anthony Susanto
7786,Anthony Wright,Anthony Wright
106606,Anthrop/ Bennani,Anthrop/ Bennani
107623,Anthrop/ Velcz,Anthrop/ Velcz
105196,Anthrop/ Zamora,Anthrop/ Zamora
105814,Antici/ Ferro,Antici/ Ferro
106244,Antici/ Mocanu,Antici/ Mocanu
104117,Antici/ Panasa,Antici/ Panasa
30293,Antigua and Barbuda,Antigua and Barbuda
55585,Antigua and Barbuda W,Antigua and Barbuda W
39180,Antoine Berger,Antoine Berger
68749,Antoine Faut Pierre,Antoine Faut Pierre
20066,Antoine Tailleu Pierre,Antoine Tailleu Pierre
20066,P. A. Tailleu,Antoine Tailleu Pierre
86675,A. Arzhankin,Anton Arzhankin
86675,Anton Arzhankin,Anton Arzhankin
6838,A. Chekhov,Anton Chekhov
6838,Anton Chekhov,Anton Chekhov
56171,A. Shepp,Anton Shepp
56171,Anton Shepp,Anton Shepp
90113,A. Fabre,Antoni Fabre
90113,Antoni Fabre,Antoni Fabre
78809,Antonijevic/ Sisic,Antonijevic/ Sisic
94975,A. Witz,Antonin Witz
94975,Antonin Witz,Antonin Witz
10318,Antonio Becerra Otarola Ignacio,Antonio Becerra Otarola Ignacio
6891,A. Caruso,Antonio Caruso
6891,Antonio Caruso,Antonio Caruso
56887,Antonio Darderi Vito,Antonio Darderi Vito
56887,V. A. Darderi,Antonio Darderi Vito
9687,Antonio Nunez Daniel,Antonio Nunez Daniel
9687,D. A. Nunez,Antonio Nunez Daniel
50679,A. Voljavec,Antonio Voljavec
50679,Antonio Voljavec,Antonio Voljavec
2225,A. Wang,Aoran Wang
2225,Aoran Wang,Aoran Wang
102145,Aoyama/ Liang,Aoyama/ Liang
85308,Apostol/ Constantin,Apostol/ Constantin
105848,Apostol/ Gima,Apostol/ Gima
106211,Apostol/ Marinescu,Apostol/ Marinescu
105235,Apostol/ Petre,Apostol/ Petre
106904,Appleton/ Bains,Appleton/ Bains
104207,Appleton/ Dudeney,Appleton/ Dudeney
106266,Appleton/ Kuzmova,Appleton/ Kuzmova
105496,Appleton/ McDonald,Appleton/ McDonald
95490,Appleton/ Ninomiya,Appleton/ Ninomiya
14440,Aqeel Khan,Aqeel Khan
102310,Aradhya Kshitij,Aradhya Kshitij
69897,Arakawa/ Hosoki,Arakawa/ Hosoki
93369,Arakawa/ Jang,Arakawa/ Jang
81713,Arakawa/ Katsumi,Arakawa/ Katsumi
57530,Aramburu Sagastizabal/ Canedo de la Llama,Aramburu Sagastizabal/ Canedo de la Llama
105198,Arangio/ Lopez,Arangio/ Lopez
104767,Arangio/ Quadre,Arangio/ Quadre
89557,Arango/ Udvardy,Arango/ Udvardy
105021,Arango/ Waltert,Arango/ Waltert
106471,Arauzo/ Roche Alcaya,Arauzo/ Roche Alcaya
105084,Arce Fernandez/ Beltran Rubio,Arce Fernandez/ Beltran Rubio
91414,Arce Fernandez/ Talavera Cortes,Arce Fernandez/ Talavera Cortes
105168,Arcila/ Berard,Arcila/ Berard
106974,Arcila/ Jansson,Arcila/ Jansson
104224,Arcila/ Rojas,Arcila/ Rojas
105762,Arcon/ Bobichon,Arcon/ Bobichon
105389,Arcon/ Dembo,Arcon/ Dembo
106140,Arcon/ Gadecki,Arcon/ Gadecki
79895,Arcon/ Storch,Arcon/ Storch
33897,A. Azkara,Arda Azkara
33897,Arda Azkara,Arda Azkara
105208,Ardila/ Arora,Ardila/ Arora
106580,Ardila/ Dussault,Ardila/ Dussault
84574,Aregger/ Waldner,Aregger/ Waldner
105748,A. Baybars,Aren Baybars
105748,Aren Baybars,Aren Baybars
2724,Arends/ Pel,Arends/ Pel
104892,Arevalo/ Ostapenko,Arevalo/ Ostapenko
62919,Arevalo/ Pavic,Arevalo/ Pavic
86905,Argyrokastriti/ Brune,Argyrokastriti/ Brune
89055,Argyrokastriti/ Korokozidi,Argyrokastriti/ Korokozidi
105336,Argyrokastriti/ Nepliy,Argyrokastriti/ Nepliy
107278,Argyrokastriti/ Turini,Argyrokastriti/ Turini
105960,Argyrokastriti/ Urbanova,Argyrokastriti/ Urbanova
91507,A. Barbic,Arian Barbic
91507,Arian Barbic,Arian Barbic
86792,Arias/ Carou,Arias/ Carou
21717,Arias/ Dellien Velasco,Arias/ Dellien Velasco
91776,Arias/ Ingildsen,Arias/ Ingildsen
2033,Arias/ Zeballos,Arias/ Zeballos
68041,Ariel Vazquez Franco,Ariel Vazquez Franco
68041,F. A. Vazquez,Ariel Vazquez Franco
106120,Arifadli Salim/ Sharma,Arifadli Salim/ Sharma
104399,Arifullina/ Kashyap,Arifullina/ Kashyap
106968,Arifullina/ Sedysheva,Arifullina/ Sedysheva
14519,Aristarkh Safonov,Aristarkh Safonov
749,A. Thanos,Aristotelis Thanos
749,Aristotelis Thanos,Aristotelis Thanos
15314,A. Mehrotra,Arjun Mehrotra
15314,Arjun Mehrotra,Arjun Mehrotra
38218,A. Rathi,Arjun Rathi
38218,Arjun Rathi,Arjun Rathi
2188,A. Huertas Del Pino Cordova,Arklon Huertas Del Pino Cordova
2188,Arklon Huertas Del Pino Cordova,Arklon Huertas Del Pino Cordova
11416,Armenia,Armenia
19644,Armenia W,Armenia W
100955,Arnaboldi/ Biondolillo,Arnaboldi/ Biondolillo
57815,Arnaboldi/ Rottoli,Arnaboldi/ Rottoli
1192,Arnaldi M.,Arnaldi M.
1192,M. Arnaldi,Arnaldi M.
1192,Matteo Arnaldi,Arnaldi M.
106670,Arnaldi/ Musetti,Arnaldi/ Musetti
64476,A. Paparkar,Arnav Paparkar
64476,Arnav Paparkar,Arnav Paparkar
104840,Arora/ Ho,Arora/ Ho
104483,Arora/ Ostrzygalo,Arora/ Ostrzygalo
75083,Arribage/ Cabral,Arribage/ Cabral
107267,Arribage/ Guinard,Arribage/ Guinard
104878,Arribage/ Melichar-Martinez,Arribage/ Melichar-Martinez
91199,Arribage/ Olivetti,Arribage/ Olivetti
71261,Arseneault N.,Arseneault N.
71261,N. Arseneault,Arseneault N.
71261,Nicolas Arseneault,Arseneault N.
36382,Arseneault/ Arseneault,Arseneault/ Arseneault
74130,Arseneault/ Cross,Arseneault/ Cross
91816,Arseneault/ Lacasse,Arseneault/ Lacasse
105006,Arseneault/ Ovcharenko,Arseneault/ Ovcharenko
107195,Arseneault/ Rozin,Arseneault/ Rozin
106415,Arsic/ Vijay Shankar,Arsic/ Vijay Shankar
49391,A. Alekseychuk,Artem Alekseychuk
49391,Artem Alekseychuk,Artem Alekseychuk
104854,Artemeva/ Golovina,Artemeva/ Golovina
69973,A. Bellegy,Arthur Bellegy
69973,Arthur Bellegy,Arthur Bellegy
28511,A. Bonnaud,Arthur Bonnaud
28511,Arthur Bonnaud,Arthur Bonnaud
1311,Arthur Bouquier,Arthur Bouquier
57773,A. Laborde,Arthur Laborde
57773,Arthur Laborde,Arthur Laborde
38026,A. Nagel,Arthur Nagel
38026,Arthur Nagel,Arthur Nagel
1184,A. Reymond,Arthur Reymond
1184,Arthur Reymond,Arthur Reymond
24769,A. Weber,Arthur Weber
24769,Arthur Weber,Arthur Weber
106214,Artnak/ Bosio,Artnak/ Bosio
104668,Artnak/ Obrul,Artnak/ Obrul
10851,A. Kukasian,Artur Kukasian
10851,Artur Kukasian,Artur Kukasian
30294,Aruba,Aruba
104831,Arunkumar/ Chan,Arunkumar/ Chan
106901,Arunkumar/ Chastang Cooper,Arunkumar/ Chastang Cooper
105628,Arunkumar/ Crocker,Arunkumar/ Crocker
2216,A. Nordquist,Arvid Nordquist
2216,Arvid Nordquist,Arvid Nordquist
65410,A. Lakshmanan,Aryan Lakshmanan
65410,Aryan Lakshmanan,Aryan Lakshmanan
106895,Arystanbekova/ Betova,Arystanbekova/ Betova
87586,Arystanbekova/ Dyussebay,Arystanbekova/ Dyussebay
17875,Arystanbekova/ Nupbay,Arystanbekova/ Nupbay
32293,Arystanbekova/ Rustemova,Arystanbekova/ Rustemova
107242,Arzhankin/ Khotchenkov,Arzhankin/ Khotchenkov
104652,Arzhankin/ Manukyan,Arzhankin/ Manukyan
96069,Arzhankin/ Pankin,Arzhankin/ Pankin
107588,Arzhankin/ Sokolovs,Arzhankin/ Sokolovs
10864,A. Harazaki,Asahi Harazaki
10864,Asahi Harazaki,Asahi Harazaki
78933,A. McLeod,Ashton McLeod
78933,Ashton McLeod,Ashton McLeod
105593,Astakhova/ Lansere,Astakhova/ Lansere
80018,Atabay/ Avanoglu,Atabay/ Avanoglu
52914,Atay/ Mikhaylova,Atay/ Mikhaylova
106524,Atay/ Mozgaleva,Atay/ Mozgaleva
107430,Atay/ Sadiq,Atay/ Sadiq
106429,Atkinson/ Ibraimi,Atkinson/ Ibraimi
13091,Atmane T.,Atmane T.
13091,T. Atmane,Atmane T.
13091,Terence Atmane,Atmane T.
104194,Atmane/ Sanchez,Atmane/ Sanchez
103585,Attig/ Tourkhani,Attig/ Tourkhani
13823,A. Boros,Attila Boros
13823,Attila Boros,Attila Boros
107433,Atturu/ Zabolotnaia,Atturu/ Zabolotnaia
93775,Aubriot/ Bertimon,Aubriot/ Bertimon
105463,Aubriot/ Cuenin,Aubriot/ Cuenin
104421,Aubriot/ Vanshelboim,Aubriot/ Vanshelboim
107616,Augenti/ Plans,Augenti/ Plans
105253,Augenti/ Virgili Berini,Augenti/ Virgili Berini
2073,Auger-Aliassime F.,Auger-Aliassime F.
2073,F. Auger-Aliassime,Auger-Aliassime F.
2073,Felix Auger-Aliassime,Auger-Aliassime F.
106668,Auger-Aliassime/ Diallo,Auger-Aliassime/ Diallo
7251,Augusto Barreto Sanchez Diego,Augusto Barreto Sanchez Diego
93943,Augusto Garcia Finetto Rafael,Augusto Garcia Finetto Rafael
106680,Augusto dos Santos/ Osorio,Augusto dos Santos/ Osorio
105866,Augusto dos Santos/ Pignaton,Augusto dos Santos/ Pignaton
105013,Aunion/ Djukic Valera,Aunion/ Djukic Valera
105449,Aunion/ Orgiles Garcia Retamero,Aunion/ Orgiles Garcia Retamero
95559,Aunion/ Palomar,Aunion/ Palomar
94892,Avataneo/ Khodzhaeva,Avataneo/ Khodzhaeva
104430,Avataneo/ Lopez,Avataneo/ Lopez
105262,Avataneo/ Tahiri,Avataneo/ Tahiri
9830,A. Garcian,Axel Garcian
9830,Axel Garcian,Axel Garcian
8129,A. Nefve,Axel Nefve
8129,Axel Nefve,Axel Nefve
105787,Axinie/ Tig,Axinie/ Tig
104185,Ayala/ Bartel,Ayala/ Bartel
105564,Ayala/ Gerald Gonzalez,Ayala/ Gerald Gonzalez
91068,Ayala/ Kawano Cho,Ayala/ Kawano Cho
105883,Ayala/ Mattioli,Ayala/ Mattioli
83155,Ayala/ Sousa Salazar,Ayala/ Sousa Salazar
78118,Ayeni/ Bianchi,Ayeni/ Bianchi
105351,Ayeni/ Chopra,Ayeni/ Chopra
85866,Ayeni/ Cook,Ayeni/ Cook
106469,Ayeni/ Palan,Ayeni/ Palan
105016,Ayeni/ Perez,Ayeni/ Perez
107026,Ayeni/ Poullain,Ayeni/ Poullain
105223,Ayrault/ Combs,Ayrault/ Combs
104287,Aytekin/ Huss,Aytekin/ Huss
105231,Aytekin/ Tan,Aytekin/ Tan
96428,Aytoyan/ Lee,Aytoyan/ Lee
106098,Ayukawa/ Barry,Ayukawa/ Barry
106919,Ayukawa/ Herrero Linana,Ayukawa/ Herrero Linana
92211,Ayukawa/ Morisaki,Ayukawa/ Morisaki
105735,Ayukawa/ Serban,Ayukawa/ Serban
104929,Azam/ Reddy,Azam/ Reddy
19637,Azerbaijan W,Azerbaijan W
1876,A. Ouakaa,Aziz Ouakaa
1876,Aziz Ouakaa,Aziz Ouakaa
105322,Azkara/ Erel,Azkara/ Erel
106047,Azkara/ MacKinlay,Azkara/ MacKinlay
62594,Azkara/ Ozdemir,Azkara/ Ozdemir
106157,Azoidis/ Tsitsipas,Azoidis/ Tsitsipas
9384,A. Visaya,Azuma Visaya
9384,Azuma Visaya,Azuma Visaya
2817,B. Andreescu,B. Andreescu
97054,B. Azar,B. Azar
29,B. Barbulescu,B. Barbulescu
2387,B. Bencic,B. Bencic
9130,B. Berger,B. Berger
2268,B. Bernardes,B. Bernardes
55157,B. Black,B. Black
4005,B. Bonardi,B. Bonardi
40227,B. Carpico,B. Carpico
1241,B. Cengiz,B. Cengiz
69109,B. Compuesto,B. Compuesto
2282,B. Dessolis,B. Dessolis
54738,B. Du Pree,B. Du Pree
106723,B. Fialova,B. Fialova
9532,B. Fruhvirtova,B. Fruhvirtova
81647,B. Fulgenzi,B. Fulgenzi
83917,B. Geldof,B. Geldof
35791,B. Guerra,B. Guerra
1951,B. Haddad Maia,B. Haddad Maia
72883,B. Hernandez Cortes,B. Hernandez Cortes
74857,B. Ivanova,B. Ivanova
24516,B. Jeong,B. Jeong
9380,B. Kittay,B. Kittay
93984,B. Kocak,B. Kocak
58140,B. Kokot,B. Kokot
86095,B. Kostecka,B. Kostecka
2801,B. Krejcikova,B. Krejcikova
71133,B. Kwon,B. Kwon
56378,B. Matouskova,B. Matouskova
105232,B. McDonald,B. McDonald
40175,B. Melato,B. Melato
70093,B. Michalkova,B. Michalkova
94126,B. Nahmias Melo Rodrigues,B. Nahmias Melo Rodrigues
87373,B. Nica,B. Nica
1015,B. Ortenzi,B. Ortenzi
2280,B. Palicova,B. Palicova
53340,B. Passola,B. Passola
82380,B. Payne,B. Payne
14205,B. Q. Quadre,B. Q. Quadre
1024,B. Ricci,B. Ricci
103889,B. S. Takacs,B. S. Takacs
106942,B. Schoemacher,B. Schoemacher
37912,B. Shick,B. Shick
37912,Braden Shick,B. Shick
9373,B. Shick,B. Shick
71703,B. Slavikova,B. Slavikova
20873,B. Stagno,B. Stagno
73134,B. Straszewska,B. Straszewska
13381,B. Szabo,B. Szabo
83817,B. Szerencsits,B. Szerencsits
106408,B. T. Vesantera,B. T. Vesantera
84676,B. Tallakson,B. Tallakson
28512,B. Tan,B. Tan
38246,B. Thamchaiwat,B. Thamchaiwat
39129,B. Thompson,B. Thompson
106728,B. Vokrojova,B. Vokrojova
5,B. Walker,B. Walker
23378,B. Weintraub,B. Weintraub
80157,B. Zeltina,B. Zeltina
10867,B. Zgola,B. Zgola
9881,Baadi T.,Baadi T.
9881,Taha Baadi,Baadi T.
106823,Babel/ Sacco,Babel/ Sacco
105174,Babel/ Santos,Babel/ Santos
105101,Bacaloni/ Bertimon,Bacaloni/ Bertimon
106786,Bacaloni/ Brancatelli,Bacaloni/ Brancatelli
107370,Bacaloni/ Campese,Bacaloni/ Campese
91280,Bacaloni/ De Filippo,Bacaloni/ De Filippo
104790,Bacaloni/ Knani,Bacaloni/ Knani
106191,Bacher/ Penasa,Bacher/ Penasa
107454,Bachmann/ Duda,Bachmann/ Duda
95808,Back/ Park,Back/ Park
104041,Back/ Tsao,Back/ Tsao
14503,Badenhorst/ Koenig,Badenhorst/ Koenig
39944,B. Alabdullah,Bader Alabdullah
39944,Bader Alabdullah,Bader Alabdullah
105177,Badia/ Garcia Vidal,Badia/ Garcia Vidal
106982,Badia/ Soto Neira,Badia/ Soto Neira
103009,Baena/ Chavez,Baena/ Chavez
1101,Baez S.,Baez S.
1101,S. Baez,Baez S.
1101,Sebastian Baez,Baez S.
107176,Baez/ Hammoud,Baez/ Hammoud
1089,Bagnis F.,Bagnis F.
1089,Facundo Bagnis,Bagnis F.
105424,Bagnolini/ Bult,Bagnolini/ Bult
106365,Bagnolini/ Chauhan,Bagnolini/ Chauhan
107369,Bagnolini/ Pizzigoni,Bagnolini/ Pizzigoni
107119,Bagnolini/ Stella,Bagnolini/ Stella
104366,Bahra/ Sultanov,Bahra/ Sultanov
10840,Arnaud Bailly Gilles,Bailly G.
10840,Bailly G.,Bailly G.
10840,G. A. Bailly,Bailly G.
106270,Bains/ Ishii,Bains/ Ishii
5389,Bains/ Murray,Bains/ Murray
105019,Bajraliu/ Deng,Bajraliu/ Deng
94173,Baker/ Mickoska,Baker/ Mickoska
89098,Bakhmutkina/ Hodzic,Bakhmutkina/ Hodzic
104586,Bakhmutkina/ Kulambayeva,Bakhmutkina/ Kulambayeva
107186,Bakhmutkina/ Lovric,Bakhmutkina/ Lovric
107467,Bakhmutkina/ Moratelli,Bakhmutkina/ Moratelli
87434,Bakhmutkina/ Petkovic,Bakhmutkina/ Petkovic
106560,Bakhmutkina/ Zolotareva,Bakhmutkina/ Zolotareva
104462,Bakhshaliev/ Bidzinashvili,Bakhshaliev/ Bidzinashvili
106363,Bakhtiyar/ Yerdilda,Bakhtiyar/ Yerdilda
58399,Bakonyi/ Jilly,Bakonyi/ Jilly
106647,Bakonyi/ Kisantal,Bakonyi/ Kisantal
28321,Bakshi/ Purtseladze,Bakshi/ Purtseladze
105366,Bal/ Kaynak,Bal/ Kaynak
107081,Balaji/ Chandrasekar,Balaji/ Chandrasekar
101357,Balaji/ Demoliner,Balaji/ Demoliner
105304,Balaji/ Goransson,Balaji/ Goransson
70984,Balciunas/ De Lange,Balciunas/ De Lange
104797,Balciunas/ Karthik,Balciunas/ Karthik
107083,Balshaw/ Jorda Sanchis,Balshaw/ Jorda Sanchis
88004,Baltazar Wiger Nordas,Baltazar Wiger Nordas
88023,Baluska/ Kremer,Baluska/ Kremer
75239,Baluska/ Papamalamis,Baluska/ Papamalamis
55305,Baluska/ Raynel,Baluska/ Raynel
106228,Baniak/ Pastuszka,Baniak/ Pastuszka
80324,Banthia/ Donski,Banthia/ Donski
104535,Banthia/ Kadhe,Banthia/ Kadhe
103846,Baptiste Badon Jean,Baptiste Badon Jean
103846,J. B. Badon,Baptiste Badon Jean
40632,Bar Biryukov/ Binda,Bar Biryukov/ Binda
107319,Bar Biryukov/ Fomin,Bar Biryukov/ Fomin
73693,Bar Biryukov/ Lomakin,Bar Biryukov/ Lomakin
102292,Bara/ Brooks,Bara/ Brooks
58634,Bara/ Falkowska,Bara/ Falkowska
46305,Bara/ Jakupovic,Bara/ Jakupovic
103837,Bara/ Karamoko,Bara/ Karamoko
106909,Bara/ Kulambayeva,Bara/ Kulambayeva
107120,Baragiola Mordini/ Penasa,Baragiola Mordini/ Penasa
105977,Baragiola Mordini/ Ravasio,Baragiola Mordini/ Ravasio
107393,Baragiola Mordini/ Rottoli,Baragiola Mordini/ Rottoli
105229,Baragiola Mordini/ Serafini,Baragiola Mordini/ Serafini
29830,Barbados W,Barbados W
104680,Barbic/ Einig,Barbic/ Einig
106665,Barbic/ Hopfe,Barbic/ Hopfe
106218,Barbic/ Mathes,Barbic/ Mathes
105104,Barbic/ Ostheimer,Barbic/ Ostheimer
75695,Barbic/ Stueckrath,Barbic/ Stueckrath
105428,Barbier Gazeu/ Daryabeigi,Barbier Gazeu/ Daryabeigi
105069,Barbieri/ Mondazzi,Barbieri/ Mondazzi
107383,Barbieri/ Rossolino,Barbieri/ Rossolino
104233,Barbiero/ Bullamah,Barbiero/ Bullamah
107156,Barbulescu/ Ceuca,Barbulescu/ Ceuca
18817,Barnat/ Duda,Barnat/ Duda
76615,Barnett/ Lechemia,Barnett/ Lechemia
22826,Barnett/ Murray,Barnett/ Murray
88209,B. Fitzpatrick,Barney Fitzpatrick
88209,Barney Fitzpatrick,Barney Fitzpatrick
104323,Baroni/ Pampanin,Baroni/ Pampanin
72198,Baroni/ Vedovelli,Baroni/ Vedovelli
105190,Barot/ Flores Avila,Barot/ Flores Avila
1877,Barranco Cosano J.,Barranco Cosano J.
1877,J. Barranco Cosano,Barranco Cosano J.
1877,Javier Barranco Cosano,Barranco Cosano J.
105070,Barraza/ Conte,Barraza/ Conte
107367,Barreira Bonzom/ Couturier,Barreira Bonzom/ Couturier
1324,A. Barrena,Barrena A.
1324,Alex Barrena,Barrena A.
1324,Barrena A.,Barrena A.
96792,Barrena/ Collarini,Barrena/ Collarini
86762,Barrena/ Kicker,Barrena/ Kicker
105880,Barrera Aguirre/ Bohrer Martins,Barrera Aguirre/ Bohrer Martins
105265,Barrera Aguirre/ Estevez,Barrera Aguirre/ Estevez
94948,Barrera Aguirre/ Gonzalez Daniele,Barrera Aguirre/ Gonzalez Daniele
104061,Barrera Aguirre/ Meabe,Barrera Aguirre/ Meabe
107179,Barrera/  Barrera Aguirre,Barrera/  Barrera Aguirre
1772,Barrere G.,Barrere G.
1772,Gregoire Barrere,Barrere G.
86985,Barrett/ Bynoe,Barrett/ Bynoe
75273,Barrett/ Corwin,Barrett/ Corwin
105033,Barrett/ Greschner,Barrett/ Greschner
93065,Barrett/ Nefve,Barrett/ Nefve
4694,Barrientos N.,Barrientos N.
4694,N. Barrientos,Barrientos N.
4694,Nicolas Barrientos,Barrientos N.
37499,Barrientos/ Behar,Barrientos/ Behar
54756,Barrientos/ Borges,Barrientos/ Borges
57817,Barrios Vera/ Mejia,Barrios Vera/ Mejia
89813,Barros/ Leme Da Silva,Barros/ Leme Da Silva
106984,Barros/ Mi,Barros/ Mi
107115,Barroso Campos/ Cacao,Barroso Campos/ Cacao
104986,Barroso Campos/ Castelnuovo,Barroso Campos/ Castelnuovo
75506,Barroso Campos/ Echeverria,Barroso Campos/ Echeverria
79709,Barroso Campos/ Forcano,Barroso Campos/ Forcano
106884,Barroso Campos/ Scaglia,Barroso Campos/ Scaglia
100165,Barry/ Broom,Barry/ Broom
72656,Barry/ Gannon,Barry/ Gannon
107289,Barry/ Geerts,Barry/ Geerts
105316,Barry/ Genov,Barry/ Genov
78169,Barry/ Hoedt,Barry/ Hoedt
73986,Barry/ Lemaitre,Barry/ Lemaitre
107139,Barry/ Park,Barry/ Park
105968,Barry/ Wagner,Barry/ Wagner
106562,Barsukov/ Hofmann,Barsukov/ Hofmann
105835,Bartashevich/ Brune,Bartashevich/ Brune
105485,Bartashevich/ Chiesa,Bartashevich/ Chiesa
35695,Bartashevich/ Nguyen Tan,Bartashevich/ Nguyen Tan
105610,Bartel/ Bosman,Bartel/ Bosman
105126,Bartel/ Rojas,Bartel/ Rojas
104714,Bartel/ Sartz-Lunde,Bartel/ Sartz-Lunde
104398,Bartel/ Seye,Bartel/ Seye
107161,Bartel/ Vasilescu,Bartel/ Vasilescu
104502,Barth/ De Boer,Barth/ De Boer
86935,Barth/ Greer,Barth/ Greer
105142,Barth/ Groen,Barth/ Groen
104758,Barthes/ Jonio,Barthes/ Jonio
105311,Barton/ Kumstat,Barton/ Kumstat
82919,Barton/ Vrbensky,Barton/ Vrbensky
103068,Bartunkova/ Eala,Bartunkova/ Eala
105706,Bartunkova/ Salkova,Bartunkova/ Salkova
104337,Barun/ Biletic,Barun/ Biletic
104666,Barun/ Kopilevich,Barun/ Kopilevich
15270,Basavareddy N.,Basavareddy N.
15270,N. Basavareddy,Basavareddy N.
15270,Nishesh Basavareddy,Basavareddy N.
103813,Basel/ Carou,Basel/ Carou
71981,Basel/ Ribero,Basel/ Ribero
1080,Basic M.,Basic M.
1080,M. Basic,Basic M.
1080,Mirza Basic,Basic M.
9182,Basic/ Dzumhur,Basic/ Dzumhur
104069,Basic/ Jutresa,Basic/ Jutresa
106044,Basic/ Kumasaka,Basic/ Kumasaka
74989,Basic/ Nedic,Basic/ Nedic
424,Basilashvili N.,Basilashvili N.
424,N. Basilashvili,Basilashvili N.
424,Nikoloz Basilashvili,Basilashvili N.
104541,Basile/ Martin Manzano,Basile/ Martin Manzano
106808,Basile/ Mertens,Basile/ Mertens
104728,Basile/ Ratiu,Basile/ Ratiu
105466,Basile/ Raynel,Basile/ Raynel
106221,Basile/ Rolland de Ravel,Basile/ Rolland de Ravel
104268,Basile/ Tixhon,Basile/ Tixhon
86872,Basile/ de Marchi,Basile/ de Marchi
86713,Basiletti/ Urgesi,Basiletti/ Urgesi
13535,Basing M.,Basing M.
13535,M. Basing,Basing M.
13535,Max Basing,Basing M.
74689,Baslilar/ Mpetshi Perricard,Baslilar/ Mpetshi Perricard
30434,Bass/ Duncan,Bass/ Duncan
106064,Bass/ Jans,Bass/ Jans
74819,Bass/ MacKinlay,Bass/ MacKinlay
105145,Bassem Sobhy/ Donald,Bassem Sobhy/ Donald
104786,Bassem Sobhy/ Purtseladze,Bassem Sobhy/ Purtseladze
5852,Bassols/ Papamichail,Bassols/ Papamichail
85695,Bastiaansen/ Bredschneijder,Bastiaansen/ Bredschneijder
106333,Bastiaansen/ van Assendelft,Bastiaansen/ van Assendelft
89140,B. Berenz,Bastian Berenz
89140,Bastian Berenz,Bastian Berenz
3380,B. Malla,Bastian Malla
3380,Bastian Malla,Bastian Malla
80642,Bataljin/ Jaisinghani,Bataljin/ Jaisinghani
105648,Batin/ Constantin,Batin/ Constantin
92304,Batin/ Pieleanu,Batin/ Pieleanu
103151,Battiston/ Kovac,Battiston/ Kovac
107360,Battiston/ Minighini,Battiston/ Minighini
107096,Battiston/ Nanobashvili Saba,Battiston/ Nanobashvili Saba
89007,Battistone/ Handel,Battistone/ Handel
105103,Battistone/ Poertner,Battistone/ Poertner
106013,Battistone/ Schlagenhauf,Battistone/ Schlagenhauf
20392,Battistone/ Vance,Battistone/ Vance
106504,Battistone/ Zaytsev,Battistone/ Zaytsev
106937,Battle/ Nelson,Battle/ Nelson
107387,Baum/ Michalik,Baum/ Michalik
106646,Baum/ Pecak,Baum/ Pecak
83603,Baum/ Petak,Baum/ Petak
106167,Baum/ Wagner,Baum/ Wagner
107332,Baumgartner/ Berrut,Baumgartner/ Berrut
2734,Bautista Agut R.,Bautista Agut R.
2734,R. Bautista-Agut,Bautista Agut R.
2734,Roberto Bautista-Agut,Bautista Agut R.
65126,B. De La Pena,Bautista De La Pena
65126,Bautista De La Pena,Bautista De La Pena
9604,Bautista Otegui Juan,Bautista Otegui Juan
9604,J. B. Otegui,Bautista Otegui Juan
2085,Bautista Torres Juan,Bautista Torres Juan
2085,J. B. Torres,Bautista Torres Juan
20663,Bautista Vilicich,Bautista Vilicich
105172,Bax/ Courte,Bax/ Courte
106445,Bax/ Ghibaudo,Bax/ Ghibaudo
107043,Bax/ Mayot,Bax/ Mayot
107273,Baybars/ McCormick,Baybars/ McCormick
107055,Baybars/ Milev,Baybars/ Milev
105298,Bayerlova/ Feng,Bayerlova/ Feng
106325,Bayerlova/ Gimbrere,Bayerlova/ Gimbrere
75856,Bayerlova/ Okalova,Bayerlova/ Okalova
86833,Bayerlova/ Sebestova,Bayerlova/ Sebestova
105372,Bayerlova/ Thombare,Bayerlova/ Thombare
104139,Bayerlova/ Voracek,Bayerlova/ Voracek
52842,Bayldon/ Ellis,Bayldon/ Ellis
87102,Bayldon/ Harper,Bayldon/ Harper
86058,Bayldon/ Hilderbrand,Bayldon/ Hilderbrand
106071,Bayldon/ Myneni,Bayldon/ Myneni
104228,Bayo/ Buerkle,Bayo/ Buerkle
104649,Bayo/ Del Nido,Bayo/ Del Nido
106225,Bazderova/ Khodzhaeva,Bazderova/ Khodzhaeva
103516,Beamish/ Becroft,Beamish/ Becroft
105578,Beamish/ Ciric,Beamish/ Ciric
104815,Beaven/ Brown,Beaven/ Brown
88130,Beaven/ Volpi,Beaven/ Volpi
105247,Beaven/ Zeuch,Beaven/ Zeuch
104320,Becirovic Novak/ Protic Zakelj,Becirovic Novak/ Protic Zakelj
92243,Beck/ Sycamore,Beck/ Sycamore
106240,Beck/ Taylor,Beck/ Taylor
87954,Beckles/ Bynoe,Beckles/ Bynoe
105544,Beckles/ Guerrero Alvarez,Beckles/ Guerrero Alvarez
104376,Beckles/ Smiej,Beckles/ Smiej
49553,Beckley/ Caripi,Beckley/ Caripi
105766,Beckley/ Kamath,Beckley/ Kamath
106631,Beckley/ Szczypka,Beckley/ Szczypka
2467,Becroft I.,Becroft I.
2467,I. Becroft,Becroft I.
2467,Isaac Becroft,Becroft I.
106811,Becroft/ Charlton,Becroft/ Charlton
29469,Becroft/ Delaney,Becroft/ Delaney
105937,Becroft/ Oh Chan-Yeong,Becroft/ Oh Chan-Yeong
106618,Becroft/ Shearer,Becroft/ Shearer
106121,Becroft/ Sumizawa,Becroft/ Sumizawa
104407,Bedard/ Hitt,Bedard/ Hitt
106245,Bedini/ De Santis,Bedini/ De Santis
104524,Begu/ Cristian,Begu/ Cristian
105721,Behar/ Chandrasekar,Behar/ Chandrasekar
97004,Behar/ Paris,Behar/ Paris
107184,Behar/ Romboli,Behar/ Romboli
95985,Behar/ Romios,Behar/ Romios
104519,Behar/ Salisbury,Behar/ Salisbury
105306,Behar/ Tirante,Behar/ Tirante
107385,Behr/ Tumbas Kajgo,Behr/ Tumbas Kajgo
89323,Behrmann/ Thomas,Behrmann/ Thomas
107073,Behrmann/ Zimmer,Behrmann/ Zimmer
107612,Bekeni/ Held,Bekeni/ Held
104956,Bekker/ Zingg,Bekker/ Zingg
757,Bekkhan Atlangeriev,Bekkhan Atlangeriev
107359,Belafalvi-Balint/ Meinertz,Belafalvi-Balint/ Meinertz
73232,Belafalvi-Balint/ Szoke,Belafalvi-Balint/ Szoke
105671,Belda/ Garcia Domenech,Belda/ Garcia Domenech
107236,Belda/ Peiro Serrano,Belda/ Peiro Serrano
73688,Belis/ Vetrih,Belis/ Vetrih
85439,Belkovics/ Gubi,Belkovics/ Gubi
105458,Bellegy/ Berard,Bellegy/ Berard
105173,Bellegy/ Bretin,Bellegy/ Bretin
105086,Bellifemine/ Macchione,Bellifemine/ Macchione
1473,Bellifemine/ Noce,Bellifemine/ Noce
105641,Bellifemine/ Pisanu,Bellifemine/ Pisanu
107102,Bellifemine/ Saritas,Bellifemine/ Saritas
2112,Bellucci M.,Bellucci M.
2112,M. Bellucci,Bellucci M.
2112,Mattia Bellucci,Bellucci M.
104510,Bellucci/ Quinn,Bellucci/ Quinn
104919,Belozertsev/ Ceban,Belozertsev/ Ceban
105800,Belozertsev/ Gretskiy,Belozertsev/ Gretskiy
105645,Belozertsev/ Manukyan,Belozertsev/ Manukyan
107174,Beltran Rubio/ Malla,Beltran Rubio/ Malla
105423,Beltran Rubio/ Rengifo,Beltran Rubio/ Rengifo
104651,Beltran Rubio/ Samson,Beltran Rubio/ Samson
105044,Belyaeva/ Tupitsyna,Belyaeva/ Tupitsyna
768,B. Jones,Ben Jones
768,Ben Jones,Ben Jones
106761,Benackova/ Meszarosova,Benackova/ Meszarosova
104236,Benaim/ Martinez,Benaim/ Martinez
107306,Bencic/ Cobolli,Bencic/ Cobolli
105612,Bendhia/ Boussaffir,Bendhia/ Boussaffir
104325,Benian/ Kosec,Benian/ Kosec
11453,Benin,Benin
86438,Benin W,Benin W
14025,B. Sanchez Martinez,Benito Sanchez Martinez
14025,Benito Sanchez Martinez,Benito Sanchez Martinez
67627,Benjamin Chelia,Benjamin Chelia
28614,B. Gusic Wan,Benjamin Gusic Wan
28614,Benjamin Gusic Wan,Benjamin Gusic Wan
10142,Benjamin Hannestad,Benjamin Hannestad
34062,Benjamin Martin,Benjamin Martin
82135,B. O'Connell,Benjamin O'Connell
82135,Benjamin O'Connell,Benjamin O'Connell
1280,B. Perez,Benjamin Perez
1280,Benjamin Perez,Benjamin Perez
6857,B. Pietri,Benjamin Pietri
6857,Benjamin Pietri,Benjamin Pietri
10319,B. Torrealba,Benjamin Torrealba
10319,Benjamin Torrealba,Benjamin Torrealba
50070,Benjamin Vitter,Benjamin Vitter
73862,B. Willwerth,Benjamin Willwerth
73862,Benjamin Willwerth,Benjamin Willwerth
977,Benjamin Winter Lopez,Benjamin Winter Lopez
38298,Bennani K.,Bennani K.
38298,K. Bennani,Bennani K.
38298,Karim Bennani,Bennani K.
38261,Bennani R.,Bennani R.
38261,R. Bennani,Bennani R.
38261,Reda Bennani,Bennani R.
104375,Bennani/ Cuenin,Bennani/ Cuenin
105912,Bennani/ Honda,Bennani/ Honda
102446,Bennemann/ Chiesa,Bennemann/ Chiesa
105861,Bennemann/ Esquiva Banuls,Bennemann/ Esquiva Banuls
105117,Bennemann/ Stusek,Bennemann/ Stusek
104715,Bennett/ Garcia,Bennett/ Garcia
72007,Bennour Dit Sahli/ Hermassi,Bennour Dit Sahli/ Hermassi
59840,B. Torcq,Benoit Torcq
59840,Benoit Torcq,Benoit Torcq
107584,Bentzel/ Petre,Bentzel/ Petre
88976,Beraldo/ Comino,Beraldo/ Comino
106186,Beraldo/ Primucci,Beraldo/ Primucci
105688,Beraldo/ Sciahbasi,Beraldo/ Sciahbasi
1767,Berankis R.,Berankis R.
1767,Ricardas Berankis,Berankis R.
104772,Berard/ Faure,Berard/ Faure
106609,Berardi/ Crowder,Berardi/ Crowder
106910,Berecoechea/ Nepliy,Berecoechea/ Nepliy
105514,Berecoechea/ Savinykh,Berecoechea/ Savinykh
86908,Berecoechea/ Tran,Berecoechea/ Tran
107075,Berenz/ Schmid,Berenz/ Schmid
107398,Berenz/ Wagner,Berenz/ Wagner
106012,Beretta/ Fiorentini,Beretta/ Fiorentini
104937,Berezina/ Cvetkovic,Berezina/ Cvetkovic
107581,Berge/ Sucu,Berge/ Sucu
105468,Bergen/ Maslenkova,Bergen/ Maslenkova
106402,Bergen/ Shubina,Bergen/ Shubina
1064,Bergs Z.,Bergs Z.
1064,Z. Bergs,Bergs Z.
1064,Zizou Bergs,Bergs Z.
104509,Bergs/ Blockx,Bergs/ Blockx
105091,Berkieta/ Bojarski,Berkieta/ Bojarski
105767,Berkieta/ Mackenzie,Berkieta/ Mackenzie
106437,Berkieta/ Pieczkowski,Berkieta/ Pieczkowski
29825,Bermuda W,Bermuda W
105199,Bernales/ Webster,Bernales/ Webster
107625,Bernard/ Fuchs,Bernard/ Fuchs
104300,Bernard/ Ivarsson,Bernard/ Ivarsson
86726,Bernard/ Palavestra,Bernard/ Palavestra
91351,Bernardes/ Dourado Zimermman,Bernardes/ Dourado Zimermman
105557,Bernardes/ Ferreira Turchetto,Bernardes/ Ferreira Turchetto
106987,Bernardes/ Schincariol Delatorre Barbosa,Bernardes/ Schincariol Delatorre Barbosa
13509,B. Munk Mesa,Bernardo Munk Mesa
13509,Bernardo Munk Mesa,Bernardo Munk Mesa
105417,Bernardo/ Coelho,Bernardo/ Coelho
57540,Bernet H.,Bernet H.
57540,H. Bernet,Bernet H.
57540,Henry Bernet,Bernet H.
107333,Bernet/ Hunziker,Bernet/ Hunziker
71754,Bernet/ Stricker,Bernet/ Stricker
6984,Berrettini J.,Berrettini J.
6984,Jacopo Berrettini,Berrettini J.
2844,Berrettini M.,Berrettini M.
2844,M. Berrettini,Berrettini M.
2844,Matteo Berrettini,Berrettini M.
106917,Berrut/ Laborde,Berrut/ Laborde
105486,Bertacchi/ Dibenedetto,Bertacchi/ Dibenedetto
107146,Bertacchi/ Giordano,Bertacchi/ Giordano
88445,Bertea/ Kazionova,Bertea/ Kazionova
106558,Bertea/ Lansere,Bertea/ Lansere
105969,Bertea/ Pace,Bertea/ Pace
106923,Bertea/ Vergara Rivera,Bertea/ Vergara Rivera
107205,Bertea/ Zaytseva,Bertea/ Zaytseva
53868,Bertimon/ Bertimon,Bertimon/ Bertimon
105979,Bertimon/ Binda,Bertimon/ Binda
106853,Bertimon/ Lapalu,Bertimon/ Lapalu
104277,Bertimon/ Paganetti,Bertimon/ Paganetti
106305,Berto/ Iemmi,Berto/ Iemmi
1212,Bertola R.,Bertola R.
1212,R. Bertola,Bertola R.
1212,Remy Bertola,Bertola R.
37574,Bertola/ Echargui,Bertola/ Echargui
105529,Bertoldo/ Parentini,Bertoldo/ Parentini
106571,Bertolini/ Cristobal,Bertolini/ Cristobal
245,Bertran/ Mbithi,Bertran/ Mbithi
106435,Bertrand/ Dougaz,Bertrand/ Dougaz
83195,Bertrand/ Kalyanpur,Bertrand/ Kalyanpur
60035,Bertrand/ Ponchet,Bertrand/ Ponchet
107201,Bervid/ Halamova,Bervid/ Halamova
81727,Bessonov/ Gretskiy,Bessonov/ Gretskiy
106139,Bessonov/ Shebekin,Bessonov/ Shebekin
107121,Best/ Biletic,Best/ Biletic
95097,Bestetti/ Pezzoli,Bestetti/ Pezzoli
104762,Betancourt/ De Alba,Betancourt/ De Alba
104976,Betov/ Hsu,Betov/ Hsu
104557,Betov/ Simakin,Betov/ Simakin
106049,Betov/ Singh,Betov/ Singh
105638,Betti/ Trivunac,Betti/ Trivunac
70039,Bezzaz/ Jamji,Bezzaz/ Jamji
104688,Bezzaz/ Missoum,Bezzaz/ Missoum
24644,Bhambri/ Venus,Bhambri/ Venus
101373,Bhatia/ Panwar,Bhatia/ Panwar
107428,Bhatia/ Ronde,Bhatia/ Ronde
105745,Bhopal/ Isaacs,Bhopal/ Isaacs
82390,Bhopal/ Tabunshchyk,Bhopal/ Tabunshchyk
105023,Bhosale/ Li,Bhosale/ Li
69657,Bhosale/ Tian,Bhosale/ Tian
93728,Bi Lee Woong,Bi Lee Woong
104562,Bianchi/ Harper,Bianchi/ Harper
105999,Bianchi/ Lage Castelan,Bianchi/ Lage Castelan
105349,Bianchi/ Magadan,Bianchi/ Magadan
86757,Bianchi/ Milavsky,Bianchi/ Milavsky
107042,Bianchi/ Pearson,Bianchi/ Pearson
72403,Bianchi/ Perez,Bianchi/ Perez
106062,Bianchi/ Pujol Navarro,Bianchi/ Pujol Navarro
107284,Bicknell/ Fenty,Bicknell/ Fenty
61223,Bidan/ Collignon,Bidan/ Collignon
106306,Biela/ Januchowski,Biela/ Januchowski
64814,Bieldiugin/ Laborde,Bieldiugin/ Laborde
99933,Bieldiugin/ Senn,Bieldiugin/ Senn
104959,Bielinska/ Lagaev,Bielinska/ Lagaev
102312,B. Bolangi,Bienvenu Bolangi
102312,Bienvenu Bolangi,Bienvenu Bolangi
107063,Bienzobas Fernandez/ Koskel,Bienzobas Fernandez/ Koskel
105820,Bienzobas Fernandez/ McKenzie,Bienzobas Fernandez/ McKenzie
107342,Bienzobas Fernandez/ Peet,Bienzobas Fernandez/ Peet
106865,Bilardo/ Dumitru,Bilardo/ Dumitru
97214,Bilardo/ Ingarao,Bilardo/ Ingarao
55653,Bilardo/ Ricca,Bilardo/ Ricca
105781,Biletic/ Hrazdil,Biletic/ Hrazdil
104672,Biletic/ Ivanisevic,Biletic/ Ivanisevic
93794,Biletic/ Milovanov,Biletic/ Milovanov
105355,Bilicic/ Shepp,Bilicic/ Shepp
63395,Bill Chan,Bill Chan
37982,B. Blaydes,Billy Blaydes
37982,Billy Blaydes,Billy Blaydes
75982,B. Suarez,Billy Suarez
75982,Billy Suarez,Billy Suarez
101978,Binda/ Fomin,Binda/ Fomin
106048,Binda/ McKennon,Binda/ McKennon
105318,Binda/ Prihodko,Binda/ Prihodko
20315,Binda/ Rottoli,Binda/ Rottoli
107208,Bini/ Pinheiro da Cruz Junior,Bini/ Pinheiro da Cruz Junior
102129,Bini/ Scramin do Lago,Bini/ Scramin do Lago
104533,Bini/ de Camargo Silva,Bini/ de Camargo Silva
105986,Biolay/ Chlpac,Biolay/ Chlpac
104595,Biolay/ Lollia,Biolay/ Lollia
107133,Biolay/ Mettraux,Biolay/ Mettraux
81323,Biondolillo/ D'Agostino,Biondolillo/ D'Agostino
106690,Biot/ Vaissaud,Biot/ Vaissaud
106261,Biot/ Volkova,Biot/ Volkova
73057,Biot/ Wojcik,Biot/ Wojcik
105052,Birnbaumer/ Torres,Birnbaumer/ Torres
104853,Biro/ Nagy,Biro/ Nagy
106248,Biro/ Urbanova,Biro/ Urbanova
107135,Biro/ Zaparyniuk,Biro/ Zaparyniuk
84008,Birrell/ Gibson,Birrell/ Gibson
106083,Birrell/ Stearns,Birrell/ Stearns
40113,B. Duran,Birtan Duran
40113,Birtan Duran,Birtan Duran
107372,Bisht/ Gulati,Bisht/ Gulati
107420,Bista/ Compuesto,Bista/ Compuesto
106897,Bitiyeva/ Yesmakanova,Bitiyeva/ Yesmakanova
107280,Bittner/ Thurner,Bittner/ Thurner
103911,Bittoun/ Blazka,Bittoun/ Blazka
106045,Bittoun/ Lomakin,Bittoun/ Lomakin
81976,Bittoun/ Ouakaa,Bittoun/ Ouakaa
107029,Bittoun/ Shimizu,Bittoun/ Shimizu
96243,Bittoun/ Walters,Bittoun/ Walters
105477,Bizjak/ Daniels,Bizjak/ Daniels
107441,Bizjak/ Ismail,Bizjak/ Ismail
99952,Bizjak/ Kovacic,Bizjak/ Kovacic
61114,Bjork/ Johansson,Bjork/ Johansson
105859,Bjork/ Kovacevic,Bjork/ Kovacevic
38084,Bjorn Swenson,Bjorn Swenson
105502,Black/ Okutoyi,Black/ Okutoyi
107415,Blackbeard/ Poulka,Blackbeard/ Poulka
106858,Bladelius/ Grzegorzewski,Bladelius/ Grzegorzewski
106307,Bladelius/ Michalik,Bladelius/ Michalik
1251,B. Bicknell,Blaise Bicknell
1251,Blaise Bicknell,Blaise Bicknell
7890,B. Ellis,Blake Ellis
7890,Blake Ellis,Blake Ellis
409,Blancaneaux G.,Blancaneaux G.
409,G. Blancaneaux,Blancaneaux G.
409,Geoffrey Blancaneaux,Blancaneaux G.
106436,Blancaneaux/ Durasovic,Blancaneaux/ Durasovic
104544,Blancaneaux/ Ghazouani Durand,Blancaneaux/ Ghazouani Durand
107030,Blancaneaux/ Hermans,Blancaneaux/ Hermans
10117,Blancaneaux/ Martineau,Blancaneaux/ Martineau
1314,Blanch D.,Blanch D.
1314,D. Blanch,Blanch D.
1314,Dali Blanch,Blanch D.
17463,Blanch D.,Blanch D.
17463,Dar. Blanch,Blanch D.
17463,Darwin Blanch,Blanch D.
106177,Blanchar/ Font,Blanchar/ Font
104230,Blanchar/ Garcia,Blanchar/ Garcia
105809,Blanchar/ Garcia Mestre,Blanchar/ Garcia Mestre
106863,Blanchar/ Rojas,Blanchar/ Rojas
1903,Blanchet U.,Blanchet U.
1903,U. Blanchet,Blanchet U.
1903,Ugo Blanchet,Blanchet U.
10115,Blanchet/ Jacquet,Blanchet/ Jacquet
76736,Blando/ Blando,Blando/ Blando
104488,Blando/ Hashimoto,Blando/ Hashimoto
106789,Blando/ Vasser,Blando/ Vasser
34123,Blaydes/ Blaydes,Blaydes/ Blaydes
104660,Blaydes/ Frusina,Blaydes/ Frusina
106179,Blaydes/ Frydrych,Blaydes/ Frydrych
106591,Blaydes/ Hudd,Blaydes/ Hudd
93810,Blazka/ Homola,Blazka/ Homola
106512,Blazka/ Wygona,Blazka/ Wygona
106797,Blazkova/ Benda,Blazkova/ Benda
87913,Blazkova/ Chrisstoffels,Blazkova/ Chrisstoffels
106525,Blazkova/ Eigelsbach,Blazkova/ Eigelsbach
107189,Blazkova/ Jandova,Blazkova/ Jandova
39913,A. Blockx,Blockx A.
39913,Alexander Blockx,Blockx A.
39913,Blockx A.,Blockx A.
105427,Blokhin/ Rappaport,Blokhin/ Rappaport
106528,Blomqvist/ Heinonen,Blomqvist/ Heinonen
106260,Blomqvist/ Nikcevic,Blomqvist/ Nikcevic
107439,Blomqvist/ Vagramov,Blomqvist/ Vagramov
6655,B. Baker,Blu Baker
6655,Blu Baker,Blu Baker
88927,Bo Fan Wen,Bo Fan Wen
88927,W. B. Fan,Bo Fan Wen
102287,Bobichon/ Catry,Bobichon/ Catry
105392,Bobichon/ Sach,Bobichon/ Sach
87710,Bobo/ Cox,Bobo/ Cox
107486,Bobo/ Giamichelle,Bobo/ Giamichelle
101035,Bobo/ Koch,Bobo/ Koch
105663,Bobo/ Watane,Bobo/ Watane
88428,Bocchi/ Cooper,Bocchi/ Cooper
73605,Bocchi/ De Bernardis,Bocchi/ De Bernardis
107388,Bocchi/ Sperle,Bocchi/ Sperle
104805,Bodnarchuk/ Kartavenko,Bodnarchuk/ Kartavenko
106914,Bodnarchuk/ Vterkovskiy,Bodnarchuk/ Vterkovskiy
68254,Boehner/ Brockmann,Boehner/ Brockmann
87259,Boehner/ Daems,Boehner/ Daems
86351,Boehner/ Fontenel,Boehner/ Fontenel
73777,Boehner/ Hodzic,Boehner/ Hodzic
105119,Boehner/ Pohle,Boehner/ Pohle
79800,Boehner/ Voracek,Boehner/ Voracek
40845,Boehner/ Wirges,Boehner/ Wirges
103365,Boehner/ Yesypchuk,Boehner/ Yesypchuk
92968,Bogdan Petre Stefan Ilie,Bogdan Petre Stefan Ilie
92968,I. B. Petre S.,Bogdan Petre Stefan Ilie
76298,B. Seleznev,Bogdan Seleznev
76298,Bogdan Seleznev,Bogdan Seleznev
106741,Bohaty/ Lassan,Bohaty/ Lassan
106988,Bohrer Martins/ Garcia Vidal,Bohrer Martins/ Garcia Vidal
105175,Bohrer Martins/ Herazo Gonzalez,Bohrer Martins/ Herazo Gonzalez
101038,Bohrer Martins/ Jauffret,Bohrer Martins/ Jauffret
104261,Boian/ Miron,Boian/ Miron
9132,Adrian Boitan Gabi,Boitan G.A.
9132,Boitan G.A.,Boitan G.A.
9132,G. A. Boitan,Boitan G.A.
107027,Boitan/ Durasovic,Boitan/ Durasovic
106446,Boitan/ Ratti,Boitan/ Ratti
102744,Bojarski/ Majchrzak,Bojarski/ Majchrzak
50571,Bojica/ Drugdova,Bojica/ Drugdova
80668,Bojica/ Mettraux,Bojica/ Mettraux
76784,Bojica/ Safta,Bojica/ Safta
102222,Bojica/ Senica,Bojica/ Senica
26820,Bojica/ Szabo,Bojica/ Szabo
84263,Bojicic Ono/ Camargo Lima,Bojicic Ono/ Camargo Lima
104534,Bojicic Ono/ Ortenblad Nogueira,Bojicic Ono/ Ortenblad Nogueira
106410,Bojicic Ono/ Osorio,Bojicic Ono/ Osorio
106677,Bojicic Ono/ Wong,Bojicic Ono/ Wong
106522,Bojkovic/ Gasanov,Bojkovic/ Gasanov
105169,Bolangi/ Theate,Bolangi/ Theate
105467,Bolangi/ Wyrsch,Bolangi/ Wyrsch
53202,Bolelli/ Vavassori,Bolelli/ Vavassori
104920,Bolivar Idarraga/ Pagani,Bolivar Idarraga/ Pagani
29832,Bolivia W,Bolivia W
107618,Bolsova Zadoinov/ Cervino Ruiz,Bolsova Zadoinov/ Cervino Ruiz
3319,A. Bolt,Bolt A.
3319,Alex Bolt,Bolt A.
3319,Bolt A.,Bolt A.
106275,Bonardi/ Estevez,Bonardi/ Estevez
105881,Bonardi/ Urrutia,Bonardi/ Urrutia
106237,Bond-Scott/ Thompson,Bond-Scott/ Thompson
3524,Bondar/ Frech,Bondar/ Frech
107023,Bonding/ Maxted,Bonding/ Maxted
63765,Bondioli/ Caniato,Bondioli/ Caniato
107145,Bonelli/ Manta,Bonelli/ Manta
85035,Bonnaud/ Branger,Bonnaud/ Branger
106810,Bonnaud/ Freire Da Silva,Bonnaud/ Freire Da Silva
105465,Bonnaud/ Scaglia,Bonnaud/ Scaglia
1771,B. Bonzi,Bonzi B.
1771,Benjamin Bonzi,Bonzi B.
1771,Bonzi B.,Bonzi B.
7582,Bonzi/ Rinderknech,Bonzi/ Rinderknech
52704,Boogaard T.,Boogaard T.
52704,T. Boogaard,Boogaard T.
52704,Thijs Boogaard,Boogaard T.
10846,B. Artnak,Bor Artnak
10846,Bor Artnak,Bor Artnak
19520,B. Sengul,Bora Sengul
19520,Bora Sengul,Bora Sengul
105955,Borderia/ Bosch Armas,Borderia/ Bosch Armas
106184,Bordoni/ Bove,Bordoni/ Bove
105980,Bordoni/ Cortimiglia,Bordoni/ Cortimiglia
104467,Bordoni/ Spiridon,Bordoni/ Spiridon
810,Borg L.,Borg L.
810,L. Borg,Borg L.
810,Leo Borg,Borg L.
106686,Borg/ Cho,Borg/ Cho
105498,Borg/ Leon,Borg/ Leon
106977,Borg/ Liljekvist,Borg/ Liljekvist
106899,Borg/ Mateva,Borg/ Mateva
358,Borges N.,Borges N.
358,N. Borges,Borges N.
358,Nuno Borges,Borges N.
3618,Borges/ Cabral,Borges/ Cabral
107016,Borges/ Cerundolo,Borges/ Cerundolo
2213,B. Arias,Boris Arias
2213,Boris Arias,Boris Arias
1281,B. Butulija,Boris Butulija
1281,Boris Butulija,Boris Butulija
104613,Borisiouk/ Lomakin,Borisiouk/ Lomakin
106634,Borisiouk/ Singh,Borisiouk/ Singh
105043,Borisiouk/ Storch,Borisiouk/ Storch
104681,Borlee/ Dasset,Borlee/ Dasset
104265,Borlee/ Strauss,Borlee/ Strauss
104617,Boroczky/ Jeck,Boroczky/ Jeck
105068,Boros/ Catini,Boros/ Catini
107072,Boros/ Sallay,Boros/ Sallay
74464,Borrasca/ Silenci,Borrasca/ Silenci
106933,Borrasca/ Zuccon,Borrasca/ Zuccon
102826,Borrelli/ Liusso,Borrelli/ Liusso
107110,Boschmans/ Watanabe Eriksson,Boschmans/ Watanabe Eriksson
87049,Bosio/ Martin Manzano,Bosio/ Martin Manzano
104648,Bosio/ Miletich,Bosio/ Miletich
106635,Bosio/ Tenti,Bosio/ Tenti
106282,Bosman/ Ceuca,Bosman/ Ceuca
107426,Bosman/ Reguer,Bosman/ Reguer
96923,Bosman/ Visscher,Bosman/ Visscher
65124,B. Kisantal,Botond Kisantal
65124,Botond Kisantal,Botond Kisantal
68636,Botond Nagy,Botond Nagy
11402,Botswana,Botswana
28742,Botswana W,Botswana W
106185,Botta/ Sardo,Botta/ Sardo
85424,Bouchelaghem/ Gales,Bouchelaghem/ Gales
105828,Bougouffa/ Zhenikhova,Bougouffa/ Zhenikhova
106017,Boulais/ Chan,Boulais/ Chan
104565,Boulais/ Maginley,Boulais/ Maginley
103654,Boulais/ Young,Boulais/ Young
107451,Boulard/ Cirotte,Boulard/ Cirotte
104597,Boulard/ Gadient,Boulard/ Gadient
105521,Boulard/ Gram,Boulard/ Gram
104596,Boulegroun/ Zhan Choulet,Boulegroun/ Zhan Choulet
106091,Boulter/ Iatcenko,Boulter/ Iatcenko
68411,Boulter/ Watson,Boulter/ Watson
105989,Boutillier/ Car,Boutillier/ Car
106396,Boutleux/ Haida-lamrani,Boutleux/ Haida-lamrani
105802,Boutleux/ Maric,Boutleux/ Maric
104527,Bouzas Maneiro/ Sonmez,Bouzas Maneiro/ Sonmez
101046,Bouzkova/ Noskova,Bouzkova/ Noskova
83264,Bouzkova/ Panova,Bouzkova/ Panova
8846,Bouzkova/ Sorribes Tormo,Bouzkova/ Sorribes Tormo
106473,Bove/ Primucci,Bove/ Primucci
104727,Bove/ Zanada,Bove/ Zanada
105913,Bowers/ Filin,Bowers/ Filin
105587,Bowers/ Gogineni,Bowers/ Gogineni
105153,Bowers/ Jamshidi,Bowers/ Jamshidi
106202,Bowers/ Okonkwo,Bowers/ Okonkwo
105629,Bowers/ Van Zyl,Bowers/ Van Zyl
106929,Bowers/ Woestendick,Bowers/ Woestendick
79842,Boxiong Zhang,Boxiong Zhang
106947,Boyden/ Herazo Gonzalez,Boyden/ Herazo Gonzalez
107580,Boyden/ Nemcsek,Boyden/ Nemcsek
104128,Boyden/ Sawant,Boyden/ Sawant
104996,Boyden/ Skoog,Boyden/ Skoog
106250,Boyden/ Tomase,Boyden/ Tomase
9037,Boyer T.,Boyer T.
9037,T. Boyer,Boyer T.
9037,Tristan Boyer,Boyer T.
106074,Boyer/ Winter,Boyer/ Winter
105111,Bozemoj/ Gomez Osorio,Bozemoj/ Gomez Osorio
57090,Bozemoj/ Pel,Bozemoj/ Pel
101189,Bozemoj/ Vermeer,Bozemoj/ Vermeer
104900,Bozemoj/ van Leeuwen,Bozemoj/ van Leeuwen
107403,Bozic/ Laubic,Bozic/ Laubic
929,B. Barun,Bozo Barun
929,Bozo Barun,Bozo Barun
105087,Bracci/ Carraro,Bracci/ Carraro
104833,Brace/ Ma,Brace/ Ma
87723,Brace/ Scott,Brace/ Scott
58433,Brady/ Howse,Brady/ Howse
106178,Brady/ Lawlor,Brady/ Lawlor
24442,Braga/ Braga,Braga/ Braga
80058,Braga/ Remondy Pagotto,Braga/ Remondy Pagotto
100777,Braga/ Scramin do Lago,Braga/ Scramin do Lago
105127,Braga/ Xibilia,Braga/ Xibilia
1873,Brancaccio R.,Brancaccio R.
1873,R. Brancaccio,Brancaccio R.
1873,Raul Brancaccio,Brancaccio R.
105595,Brancaccio/ Grant,Brancaccio/ Grant
33308,Brancaccio/ Passaro,Brancaccio/ Passaro
104980,Brancaccio/ Sanchez Izquierdo,Brancaccio/ Sanchez Izquierdo
105143,Brancaccio/ Urgesi,Brancaccio/ Urgesi
105633,Brancatelli/ Vulpitta,Brancatelli/ Vulpitta
105768,Branchetti/ Duerr,Branchetti/ Duerr
106661,Branchetti/ Ilic,Branchetti/ Ilic
106870,Branchetti/ Nittmann,Branchetti/ Nittmann
104918,Brand/ Chabalgoity,Brand/ Chabalgoity
105493,Brand/ Parcelli,Brand/ Parcelli
101804,Brandon Perez,Brandon Perez
651,Brandon Walkin,Brandon Walkin
106028,Brandt Schultz/ Brandt Schultz,Brandt Schultz/ Brandt Schultz
104304,Branger/ De Carvalho,Branger/ De Carvalho
106395,Branger/ Livet Novkirichka,Branger/ Livet Novkirichka
105003,Brantmeier/ Corley,Brantmeier/ Corley
85902,Brantmeier/ Hamilton,Brantmeier/ Hamilton
86882,Braun Simo/ Hoxha,Braun Simo/ Hoxha
107118,Bravo/ Coelho,Bravo/ Coelho
86149,Bravo/ Echeverria,Bravo/ Echeverria
105419,Bravo/ Marincas,Bravo/ Marincas
21564,Braynin/ Kravchenko,Braynin/ Kravchenko
103902,Braynin/ Poritskyi,Braynin/ Poritskyi
78272,Braynin/ Rivera,Braynin/ Rivera
106101,Breaz/ Gailis,Breaz/ Gailis
105783,Breaz/ Goina,Breaz/ Goina
87606,Breaz/ Todoni,Breaz/ Todoni
85307,Breazu/ Breazu,Breazu/ Breazu
106215,Breazu/ Partal,Breazu/ Partal
104746,Bredenkamp/ Kotze,Bredenkamp/ Kotze
107427,Breen/ Bretnacher,Breen/ Bretnacher
106263,Breen/ Jaeger,Breen/ Jaeger
106527,Breen/ Panasa,Breen/ Panasa
63732,B. Braga,Breno Braga
63732,Breno Braga,Breno Braga
81060,Bretin/ Dando,Bretin/ Dando
106252,Bretnacher/ Komano,Bretnacher/ Komano
105484,Bretnacher/ Nita,Bretnacher/ Nita
104599,Bretnacher/ Pawlak,Bretnacher/ Pawlak
32507,B. Bozemoj,Brian Bozemoj
32507,Brian Bozemoj,Brian Bozemoj
107447,Briand/ Scheerle,Briand/ Scheerle
11526,Britez Risso/ Franco Martinessi,Britez Risso/ Franco Martinessi
105015,Britto/ Gomez,Britto/ Gomez
104735,Britto/ Ribeiro de Almeida,Britto/ Ribeiro de Almeida
105711,Britto/ Rodrigues,Britto/ Rodrigues
40719,Britto/ Saraiva Dos Santos,Britto/ Saraiva Dos Santos
66602,Britto/ Villanueva,Britto/ Villanueva
106898,Britton/ Dada-Mascoll,Britton/ Dada-Mascoll
86035,Britton/ Griffiths,Britton/ Griffiths
106346,Broadfoot/ Charney,Broadfoot/ Charney
51940,Broadfoot/ Osuigwe,Broadfoot/ Osuigwe
96156,Broadus/ Collins,Broadus/ Collins
100439,Broadus/ Rencheli,Broadus/ Rencheli
410,Broady L.,Broady L.
410,L. Broady,Broady L.
410,Liam Broady,Broady L.
104903,Broady/ Hussey,Broady/ Hussey
105302,Broady/ Myneni,Broady/ Myneni
105346,Broady/ Schoolkate,Broady/ Schoolkate
99833,Broady/ Wendelken,Broady/ Wendelken
105662,Brockett/ Fahim,Brockett/ Fahim
105926,Brockett/ Seidman,Brockett/ Seidman
73312,Brockmann/ Daems,Brockmann/ Daems
105705,Brockmann/ Kraus,Brockmann/ Kraus
100504,Brockmann/ Seidel,Brockmann/ Seidel
107163,Brockmann/ Steiner,Brockmann/ Steiner
107484,Brockmann/ Steur,Brockmann/ Steur
106286,Bromfield/ Chastang Cooper,Bromfield/ Chastang Cooper
79588,Bronzetti/ Mazza,Bronzetti/ Mazza
11027,Bronzetti/ Trevisan,Bronzetti/ Trevisan
64801,Brooks/ Haverlag,Brooks/ Haverlag
89548,Brooks/ Jakupovic,Brooks/ Jakupovic
106587,Brooks/ Poling,Brooks/ Poling
68851,Brooks/ Rajecki,Brooks/ Rajecki
104100,Brooks/ Smith,Brooks/ Smith
86580,Brooks/ Wong,Brooks/ Wong
2169,Brooksby J.,Brooksby J.
2169,J. Brooksby,Brooksby J.
2169,Jenson Brooksby,Brooksby J.
107015,Brooksby/ Svajda,Brooksby/ Svajda
745,Broom C.,Broom C.
745,C. Broom,Broom C.
745,Charles Broom,Broom C.
31307,Broom/ Jones,Broom/ Jones
104374,Broska/ Schaefer,Broska/ Schaefer
104260,Brotea/ Safta,Brotea/ Safta
581,Brouwer G.,Brouwer G.
581,G. Brouwer,Brouwer G.
581,Gijs Brouwer,Brouwer G.
105095,Brouwer/ Scheinert,Brouwer/ Scheinert
622,Brouwer/ Sels,Brouwer/ Sels
106608,Brown/ Carnicella,Brown/ Carnicella
106575,Brown/ Drayton,Brown/ Drayton
105549,Brown/ Faucon,Brown/ Faucon
106964,Brown/ Lakshmanan,Brown/ Lakshmanan
107250,Brown/ Miletich,Brown/ Miletich
105579,Brown/ Mireles,Brown/ Mireles
107637,Brown/ Pernas,Brown/ Pernas
105583,Brown/ Rapolu,Brown/ Rapolu
100236,Brown/ Reasco Gonzalez,Brown/ Reasco Gonzalez
105077,Brown/ Robertson,Brown/ Robertson
106887,Brown/ Sousou,Brown/ Sousou
81611,Brown/ Voelzke,Brown/ Voelzke
87490,Bruce-Smith/ Storch,Bruce-Smith/ Storch
106130,Bruhn/ Weller,Bruhn/ Weller
90999,Brun/ Chiarello,Brun/ Chiarello
104303,Bruna/ Conte,Bruna/ Conte
105682,Bruna/ Correa Beguerie,Bruna/ Correa Beguerie
99993,Bruna/ Geschwind,Bruna/ Geschwind
105511,Brune/ Ortega Redondo,Brune/ Ortega Redondo
106375,Brune/ Yuldasheva,Brune/ Yuldasheva
91664,Bruneau/ Iacoban,Bruneau/ Iacoban
105985,Brunet-Brady/ Cora-Bruneton,Brunet-Brady/ Cora-Bruneton
105665,Brunetti/ Cox,Brunetti/ Cox
104262,Brunkel/ Sagmar,Brunkel/ Sagmar
53136,B. Fernandez,Bruno Fernandez
53136,Bruno Fernandez,Bruno Fernandez
662,B. Kuzuhara,Bruno Kuzuhara
662,Bruno Kuzuhara,Bruno Kuzuhara
698,Bruno Pujol Navarro,Bruno Pujol Navarro
105697,Brunold/ Schoen,Brunold/ Schoen
796,Bu Y.,Bu Y.
796,Y. Bu,Bu Y.
796,Yunchaokete Bu,Bu Y.
1895,A. Bublik,Bublik A.
1895,Alexander Bublik,Bublik A.
1895,Bublik A.,Bublik A.
27074,Bublik/ Kyrgios,Bublik/ Kyrgios
104827,Buchnik/ Danilova,Buchnik/ Danilova
105131,Buchnik/ Grammatikopoulou,Buchnik/ Grammatikopoulou
106005,Buchnik/ Nava Elkin,Buchnik/ Nava Elkin
105555,Buchnik/ Van Zyl,Buchnik/ Van Zyl
106972,Bucht/ Ekstrand,Bucht/ Ekstrand
106999,Buchwalder/ Sommer,Buchwalder/ Sommer
106672,Bucsa/ Chong,Bucsa/ Chong
86824,Bucsa/ Melichar-Martinez,Bucsa/ Melichar-Martinez
107130,Buculei/ Nemcsek,Buculei/ Nemcsek
55163,Budkov Kjaer N.,Budkov Kjaer N.
55163,N. Budkov Kjaer,Budkov Kjaer N.
55163,Nicolai Budkov Kjaer,Budkov Kjaer N.
9209,Bueno G.,Bueno G.
9209,G. Bueno,Bueno G.
9209,Gonzalo Bueno,Bueno G.
86285,Bueno/ Cohen Perovani,Bueno/ Cohen Perovani
74465,Bueno/ Dourado Zimermman,Bueno/ Dourado Zimermman
84639,Bueno/ Kawano Cho,Bueno/ Kawano Cho
106597,Bueno/ Nahum,Bueno/ Nahum
39722,Bueno/ Prado Angelo,Bueno/ Prado Angelo
105151,Bulatova/ Yao,Bulatova/ Yao
104852,Bulatova/ Zelnickova,Bulatova/ Zelnickova
70994,Bulbarella/ Plaza Araujo,Bulbarella/ Plaza Araujo
107190,Bulgaru/ Paquet,Bulgaru/ Paquet
105359,Bulgaru/ Popa,Bulgaru/ Popa
106679,Bullamah/ Moretti,Bullamah/ Moretti
104638,Bult/ Hofman,Bult/ Hofman
105642,Bult/ Khoeblal,Bult/ Khoeblal
94660,Bulut/ Sengul,Bulut/ Sengul
87795,Bunuel Zaldivar/ Longas Ortega,Bunuel Zaldivar/ Longas Ortega
104952,Burcescu/ Skliar,Burcescu/ Skliar
105445,Burdet/ Chambonniere,Burdet/ Chambonniere
104012,Burdet/ Covato,Burdet/ Covato
106918,Burdet/ Nagel,Burdet/ Nagel
107334,Burdet/ Nikles,Burdet/ Nikles
107466,Burillo Escorihuela/ Garcia-Perez,Burillo Escorihuela/ Garcia-Perez
63636,Burillo Escorihuela/ Romero Gormaz,Burillo Escorihuela/ Romero Gormaz
96636,Burillo Escorihuela/ Teixido Garcia,Burillo Escorihuela/ Teixido Garcia
105535,Burillo Escorihuela/ Wagner,Burillo Escorihuela/ Wagner
106197,Burnett/ Dussault,Burnett/ Dussault
14084,Burrage/ Christie,Burrage/ Christie
106277,Burrage/ Cirotte,Burrage/ Cirotte
103079,Burrage/ Stojsavljevic,Burrage/ Stojsavljevic
106589,Burrage/ Xu,Burrage/ Xu
9596,Andres Burruchaga Roman,Burruchaga R.
9596,Burruchaga R.,Burruchaga R.
9596,R. A. Burruchaga,Burruchaga R.
105333,Burruchaga/ Kestelboim,Burruchaga/ Kestelboim
80156,Burruchaga/ Tirante,Burruchaga/ Tirante
105698,Burruchaga/ Ugo Carabelli,Burruchaga/ Ugo Carabelli
107116,Burton/ Melo,Burton/ Melo
30141,Burundi,Burundi
28740,Burundi W,Burundi W
107035,Burylo/ Chastang Cooper,Burylo/ Chastang Cooper
106254,Burylo/ Maslenkova,Burylo/ Maslenkova
103997,Burylo/ Skoog,Burylo/ Skoog
9514,Buse I.,Buse I.
9514,I. Buse,Buse I.
9514,Ignacio Buse,Buse I.
95767,Buse/ Cervantes,Buse/ Cervantes
106669,Buse/ Cobolli,Buse/ Cobolli
104202,Buse/ Darderi,Buse/ Darderi
88123,Buse/ Trungelliti,Buse/ Trungelliti
105495,Bush/ Maloney,Bush/ Maloney
104945,Bush/ Prisadnikova,Bush/ Prisadnikova
104232,Busquets Brau/ Gonzalez Huerga,Busquets Brau/ Gonzalez Huerga
103908,Busquets Brau/ Novell,Busquets Brau/ Novell
106463,Busquets Brau/ Regas Luis,Busquets Brau/ Regas Luis
106127,Busquets Brau/ Vasiliauskas,Busquets Brau/ Vasiliauskas
106821,Butuc Cerchez/ Kryvoruchko,Butuc Cerchez/ Kryvoruchko
104997,Butuc Cerchez/ Pana,Butuc Cerchez/ Pana
107379,Butulija/ Mugelli,Butulija/ Mugelli
9362,Butvilas E.,Butvilas E.
9362,E. Butvilas,Butvilas E.
9362,Edas Butvilas,Butvilas E.
12832,B. Gadamauri,Buvaysar Gadamauri
12832,Buvaysar Gadamauri,Buvaysar Gadamauri
13957,Bybel/ Flores,Bybel/ Flores
105664,Bybel/ Thomson,Bybel/ Thomson
105924,Bynoe/ Sakagawa,Bynoe/ Sakagawa
28104,C. A. Herea,C. A. Herea
104578,C. A. Hidalgo Aguirre,C. A. Hidalgo Aguirre
105406,C. A. Ngounoue,C. A. Ngounoue
86357,C. Allegre,C. Allegre
76924,C. Alonso,C. Alonso
495,C. Alves,C. Alves
107603,C. Amadike,C. Amadike
190,C. Ansari,C. Ansari
40166,C. Ansari,C. Ansari
58397,C. Anson Sanchez,C. Anson Sanchez
94155,C. Atkinson,C. Atkinson
61721,C. Baker,C. Baker
23386,C. Blomqvist,C. Blomqvist
52056,C. Bohrer Martins,C. Bohrer Martins
91350,C. Borrasca,C. Borrasca
70147,C. Bosman,C. Bosman
204,C. Brace,C. Brace
6528,C. Branstine,C. Branstine
454,C. Bucsa,C. Bucsa
515,C. Burel,C. Burel
2988,C. Buyukakcay,C. Buyukakcay
14208,C. Cavelli,C. Cavelli
137,C. Cervino Ruiz,C. Cervino Ruiz
8449,C. Chen,C. Chen
78971,C. Clarke,C. Clarke
107598,C. Cleaver,C. Cleaver
105795,C. Cora-Bruneton,C. Cora-Bruneton
77369,C. Corte,C. Corte
72129,C. Delmas Schaerer,C. Delmas Schaerer
24996,C. Di Genova,C. Di Genova
64290,C. Diaz Adrover,C. Diaz Adrover
86093,C. Dibenedetto,C. Dibenedetto
65695,C. Dodaj,C. Dodaj
482,C. Dolehide,C. Dolehide
104857,C. Drake,C. Drake
85208,C. Driscoll,C. Driscoll
70975,C. E. Tiglea,C. E. Tiglea
52706,C. Esquiva Banuls,C. Esquiva Banuls
94363,C. Faustini,C. Faustini
105385,C. Ferre,C. Ferre
51629,C. Ferrer Perez,C. Ferrer Perez
9252,C. Fontenel,C. Fontenel
38893,C. Fornasieri,C. Fornasieri
77924,C. Gai,C. Gai
16110,C. Gallardo Guevara,C. Gallardo Guevara
104813,C. Garcia Alonso,C. Garcia Alonso
2176,C. Gauff,C. Gauff
62060,C. Gay,C. Gay
15629,C. Gennaro,C. Gennaro
85967,C. Giambelli,C. Giambelli
38048,C. Gomez,C. Gomez
74153,C. Grignac,C. Grignac
107245,C. Gutierrez Imaz,C. Gutierrez Imaz
107164,C. H. Ho,C. H. Ho
85028,C. Hermanns,C. Hermanns
68682,C. Hill,C. Hill
93232,C. Hoo,C. Hoo
100727,C. J. Kinaadman,C. J. Kinaadman
15719,C. Janssen,C. Janssen
32561,C. Jauffret,C. Jauffret
105067,C. Joseph,C. Joseph
22975,C. Kim,C. Kim
56715,C. Korhonen,C. Korhonen
75315,C. Kose,C. Kose
10896,C. Kuhl,C. Kuhl
62516,C. Langlais,C. Langlais
509,C. Liu,C. Liu
24582,C. Lopez,C. Lopez
38035,C. Lopez Martinez,C. Lopez Martinez
105656,C. M. Munteanu,C. M. Munteanu
56260,C. Mahjoob,C. Mahjoob
13023,C. Manda,C. Manda
144,C. Martinez Cirez,C. Martinez Cirez
1127,C. McNally,C. McNally
32551,C. McNeil,C. McNeil
38184,C. Melleiro,C. Melleiro
92548,C. Mercier,C. Mercier
40162,C. Moccia,C. Moccia
1831,C. Monnet,C. Monnet
103685,C. Moreno,C. Moreno
68666,C. N. Todoni,C. N. Todoni
10911,C. Naef,C. Naef
88830,C. Narti,C. Narti
2994,C. Ngounoue,C. Ngounoue
13077,C. Noel,C. Noel
38949,C. Odorizzi,C. Odorizzi
2390,C. Osorio,C. Osorio
1142,C. Paquet,C. Paquet
57650,C. Pescucci,C. Pescucci
82542,C. Pikkaart,C. Pikkaart
51161,C. Plakk,C. Plakk
104963,C. Plunkett,C. Plunkett
2511,C. Puttergill,C. Puttergill
64791,C. Ramos Sierra,C. Ramos Sierra
65988,C. Raschdorf,C. Raschdorf
73111,C. Rodero,C. Rodero
85563,C. Rojas,C. Rojas
85563,Carles Rojas,C. Rojas
22529,C. Romero,C. Romero
27382,C. Romero,C. Romero
25343,C. S. Martinez Solis,C. S. Martinez Solis
584,C. Sanchez Jover,C. Sanchez Jover
584,Carlos Sanchez Jover,C. Sanchez Jover
11612,C. Simunyu,C. Simunyu
106037,C. Soares,C. Soares
26547,C. Spyrou,C. Spyrou
69984,C. Tanguilig,C. Tanguilig
3007,C. Tauson,C. Tauson
102991,C. Thies,C. Thies
105291,C. Thurgur,C. Thurgur
63017,C. Tourkhani,C. Tourkhani
104466,C. V. Pantic,C. V. Pantic
64496,C. Van Zonneveld,C. Van Zonneveld
1357,C. Vlasselaer,C. Vlasselaer
162,C. W. Hennemann,C. W. Hennemann
72510,C. Wells,C. Wells
4802,C. Werner,C. Werner
2566,C. Wong Hong Yi,C. Wong Hong Yi
68610,C. Xavier Laydner,C. Xavier Laydner
95478,C. Y. Chen,C. Y. Chen
38969,C. Y. Lee,C. Y. Lee
1049,C. Y. Tsao,C. Y. Tsao
87371,C. Ye,C. Ye
10227,C. Yuan,C. Yuan
106021,C. Z. Saavedra,C. Z. Saavedra
55115,C. Zanolini,C. Zanolini
82866,C. Zerega,C. Zerega
1822,C. Zhao,C. Zhao
53060,C. Zhu,C. Zhu
107224,CONSTANTIN/ Georgescu,CONSTANTIN/ Georgescu
96467,Cabassers Morros/ Cabassers Morros,Cabassers Morros/ Cabassers Morros
107491,Cabezas Dominguez/ Candiotto,Cabezas Dominguez/ Candiotto
106598,Cabezas Dominguez/ Tanguilig,Cabezas Dominguez/ Tanguilig
105740,Cabio/ Taylor,Cabio/ Taylor
81445,Cabral/ Miedler,Cabral/ Miedler
104882,Cabral/ Perez,Cabral/ Perez
106058,Cabral/ Tracy,Cabral/ Tracy
107314,Cabrera/ Dang,Cabrera/ Dang
104491,Cabrera/ Glomb,Cabrera/ Glomb
3262,Cabrera/ Hon,Cabrera/ Hon
106108,Cabrera/ Kuwata,Cabrera/ Kuwata
85508,Cabrera/ Miletich,Cabrera/ Miletich
107274,Cabrero-Nava/ Papacristopoulos,Cabrero-Nava/ Papacristopoulos
106881,Cacao/ Lagutin,Cacao/ Lagutin
103936,Cacao/ Marques,Cacao/ Marques
106181,Cacao/ Perego,Cacao/ Perego
105415,Cacao/ Rocha,Cacao/ Rocha
106003,Caceres/ Soto Neira,Caceres/ Soto Neira
38798,Cadenasso G.,Cadenasso G.
38798,G. Cadenasso,Cadenasso G.
38798,Gianluca Cadenasso,Cadenasso G.
107363,Cado/ Lenders,Cado/ Lenders
67691,C. Warik,Caheer Warik
67691,Caheer Warik,Caheer Warik
104779,Cai/ Cao,Cai/ Cao
105601,Cai/ Li,Cai/ Li
107191,Cakarevic/ Kovinic,Cakarevic/ Kovinic
107459,Cakarevic/ Zaytseva,Cakarevic/ Zaytseva
106926,Caldwell/ Portnoy,Caldwell/ Portnoy
104295,Calikoglu/ Kucukhuseyin,Calikoglu/ Kucukhuseyin
104807,Calikoglu/ Tufekci,Calikoglu/ Tufekci
107436,Caliman/ Rojas,Caliman/ Rojas
82748,C. Apostol,Calin Apostol
82748,Calin Apostol,Calin Apostol
106861,Calin/ Popirlan,Calin/ Popirlan
104754,Callejon/ Durasovic,Callejon/ Durasovic
105326,Callejon/ Tobon,Callejon/ Tobon
90155,C. Mueller,Calvin Mueller
90155,Calvin Mueller,Calvin Mueller
105921,Calvo Lopez/ Monzo Pascual,Calvo Lopez/ Monzo Pascual
106224,Calvo Lopez/ Vigara Ramos,Calvo Lopez/ Vigara Ramos
104432,Calvo/ Nita,Calvo/ Nita
33851,Cam. Markus,Cam. Markus
104934,Camacho/ Chen,Camacho/ Chen
93952,Camargo Lima/ Schenekenberg,Camargo Lima/ Schenekenberg
11403,Cameroon,Cameroon
52799,Cameroon W,Cameroon W
93882,Cammilleri/ Schruff,Cammilleri/ Schruff
106449,Campana Lee/ Caripi,Campana Lee/ Caripi
105312,Campana Lee/ Uzhylovskyi,Campana Lee/ Uzhylovskyi
105599,Campbell/ Sibai,Campbell/ Sibai
105944,Camus/ McFadzean,Camus/ McFadzean
104566,Camus/ Sabaliauskas,Camus/ Sabaliauskas
105390,Camus/ Shearer,Camus/ Shearer
106356,Candela/ Marques,Candela/ Marques
30658,Candiotto/ Fullana,Candiotto/ Fullana
82879,Candiotto/ Gonzalez Daniele,Candiotto/ Gonzalez Daniele
107178,Candiotto/ Mi,Candiotto/ Mi
105878,Candiotto/ Pedone,Candiotto/ Pedone
57788,Candiotto/ Perez Alarcon,Candiotto/ Perez Alarcon
106792,Cank/ Dujka,Cank/ Dujka
3710,Cannon Kingsley,Cannon Kingsley
36885,Canter/ Storrie,Canter/ Storrie
105182,Cantos Siemers/ Oluwadare,Cantos Siemers/ Oluwadare
54161,Cao/ Li,Cao/ Li
102156,Cao/ Tikhonova,Cao/ Tikhonova
55272,Cao/ Yuhan,Cao/ Yuhan
58910,Cao/ Zhao,Cao/ Zhao
107492,Capurro Taborda/ Konishi Silva,Capurro Taborda/ Konishi Silva
2058,Capurro Taborda/ Labrana,Capurro Taborda/ Labrana
86189,Capuzu/ Cucu,Capuzu/ Cucu
39540,Car. Markus,Car. Markus
106303,Car/ Reco,Car/ Reco
104760,Car/ Stephens,Car/ Stephens
105667,Caragea/ Ion,Caragea/ Ion
92717,Caragea/ Milette,Caragea/ Milette
593,Carballes Baena R.,Carballes Baena R.
593,R. Carballes Baena,Carballes Baena R.
593,Roberto Carballes Baena,Carballes Baena R.
106382,Carbis/ Swarbrick,Carbis/ Swarbrick
107638,Carbone dos Santos/ Cruz,Carbone dos Santos/ Cruz
107495,Carbone/ Cruz,Carbone/ Cruz
52405,Carboni/ Uzhylovskyi,Carboni/ Uzhylovskyi
85615,Careaga/ Careaga,Careaga/ Careaga
107151,Caripi/ Terblanche,Caripi/ Terblanche
106889,Caripi/ Vance,Caripi/ Vance
104741,Caripi/ van Wyk,Caripi/ van Wyk
84558,Carl Holder,Carl Holder
36160,Carle/ Riera,Carle/ Riera
80926,Carle/ Rus,Carle/ Rus
105297,Carle/ Selekhmeteva,Carle/ Selekhmeteva
61814,C. Cordoba,Carles Cordoba
61814,Carles Cordoba,Carles Cordoba
12954,C. Hernandez,Carles Hernandez
12954,Carles Hernandez,Carles Hernandez
84624,Carlini/ Vaccari,Carlini/ Vaccari
106472,Carlini/ Wright,Carlini/ Wright
70094,C. Giraldi,Carlos Giraldi
70094,Carlos Giraldi,Carlos Giraldi
975,C. Lopez Montagud,Carlos Lopez Montagud
975,Carlos Lopez Montagud,Carlos Lopez Montagud
103695,Carnicella/ Conway,Carnicella/ Conway
102523,Carnicella/ Jauffret,Carnicella/ Jauffret
105927,Carnicella/ Johnson,Carnicella/ Johnson
71207,Carou/ Cerundolo,Carou/ Cerundolo
104536,Carou/ Gomez,Carou/ Gomez
92196,Carou/ Huertas Del Pino Cordova,Carou/ Huertas Del Pino Cordova
28265,Carou/ Mena,Carou/ Mena
106775,Carou/ Rodriguez,Carou/ Rodriguez
27819,Carou/ Villanueva,Carou/ Villanueva
107376,Carpano/ Carpano,Carpano/ Carpano
93098,Carpico/ Filin,Carpico/ Filin
434,Carreno Busta P.,Carreno Busta P.
434,P. Carreno-Busta,Carreno Busta P.
434,Pablo Carreno-Busta,Carreno Busta P.
27790,Carreno-Busta/ Munar,Carreno-Busta/ Munar
107105,Carroll/ Formella,Carroll/ Formella
106302,Carroll/ Hodkin,Carroll/ Hodkin
105576,Carroll/ Lokko,Carroll/ Lokko
103884,Carteputreda/ Varbanciu,Carteputreda/ Varbanciu
106280,Carvalho /  Gardiner,Carvalho /  Gardiner
560,Casanova H.,Casanova H.
560,H. Casanova,Casanova H.
560,Hernan Casanova,Casanova H.
31689,Casanova/ Dellien Velasco,Casanova/ Dellien Velasco
101319,Casanova/ Estevez,Casanova/ Estevez
79614,Casanova/ Parizzia,Casanova/ Parizzia
9619,Casanova/ Rodriguez Taverna,Casanova/ Rodriguez Taverna
104572,Casanova/ Sakamoto,Casanova/ Sakamoto
103144,Casanova/ Senn,Casanova/ Senn
105806,Casanova/ Vanshelboim,Casanova/ Vanshelboim
101920,Casari/ Colmegna,Casari/ Colmegna
106338,Casari/ Watanabe,Casari/ Watanabe
107364,Casas Blasi/ Mir,Casas Blasi/ Mir
86831,Cascino/ Feng,Cascino/ Feng
96388,Cascino/ Fossa Huergo,Cascino/ Fossa Huergo
106019,Cascino/ Lansere,Cascino/ Lansere
103274,Cascino/ Radisic,Cascino/ Radisic
106059,Cash/ Erler,Cash/ Erler
74577,Cash/ Glasspool,Cash/ Glasspool
61663,Cash/ Nakashima,Cash/ Nakashima
104886,Cash/ Schuurs,Cash/ Schuurs
61759,Cash/ Stevens,Cash/ Stevens
23576,Cash/ Tracy,Cash/ Tracy
107136,Cassani/ Walker,Cassani/ Walker
103964,Cassidy/ Yardley,Cassidy/ Yardley
12744,Cassone M.,Cassone M.
12744,M. Cassone,Cassone M.
12744,Murphy Cassone,Cassone M.
82513,Castagnola/ Fellin,Castagnola/ Fellin
67786,Castagnola/ Fondriest,Castagnola/ Fondriest
274,Castagnola/ Tabacco,Castagnola/ Tabacco
105460,Castelnuovo/ Laborde,Castelnuovo/ Laborde
105321,Castelnuovo/ Lock,Castelnuovo/ Lock
10548,Castelnuovo/ Santillan,Castelnuovo/ Santillan
104695,Castelnuovo/ Saxer,Castelnuovo/ Saxer
106502,Castelnuovo/ Vildeuil,Castelnuovo/ Vildeuil
86360,Castillo Meza/ Fulgenzi,Castillo Meza/ Fulgenzi
84498,Castro/ De Felipe Garcia,Castro/ De Felipe Garcia
101323,Castro/ Gallego,Castro/ Gallego
107629,Castro/ Guadagno,Castro/ Guadagno
105157,Castro/ Matias,Castro/ Matias
105569,Castro/ Vertberger,Castro/ Vertberger
105974,Catalano/ Cerelli,Catalano/ Cerelli
102900,Catanzarite/ Dean,Catanzarite/ Dean
104842,Catanzarite/ Nahum,Catanzarite/ Nahum
106349,Catanzarite/ Shumate,Catanzarite/ Shumate
85847,Catini/ Matta,Catini/ Matta
68204,Catini/ Perfetti,Catini/ Perfetti
104984,Catry/ Janvier,Catry/ Janvier
105245,Cattaneo/ Cocola,Cattaneo/ Cocola
85850,Cattaneo/ Comino,Cattaneo/ Comino
105644,Cattaneo/ Melero,Cattaneo/ Melero
105967,Cattaneo/ Pisanu,Cattaneo/ Pisanu
104625,Cattaneo/ Shvangiradze,Cattaneo/ Shvangiradze
106461,Cavalle-Reimers/ Noha Akugue,Cavalle-Reimers/ Noha Akugue
100127,Cavalle-Reimers/ Pigossi,Cavalle-Reimers/ Pigossi
82931,Cavalle-Reimers/ Salden,Cavalle-Reimers/ Salden
78311,Cazacu/ Uta,Cazacu/ Uta
1067,Arthur Cazaux,Cazaux A.
1067,Cazaux A.,Cazaux A.
106985,Ccuno/ Cohen Perovani,Ccuno/ Cohen Perovani
37774,Ccuno/ Herazo Gonzalez,Ccuno/ Herazo Gonzalez
104054,Ccuno/ Konishi Silva,Ccuno/ Konishi Silva
106343,Ccuno/ Pedone,Ccuno/ Pedone
35750,Ccuno/ Pereira,Ccuno/ Pereira
35005,Ccuno/ Perez Garcia,Ccuno/ Perez Garcia
106568,Ccuno/ Sousa Salazar,Ccuno/ Sousa Salazar
1095,Cecchinato M.,Cecchinato M.
1095,M. Cecchinato,Cecchinato M.
1095,Marco Cecchinato,Cecchinato M.
13026,Cedric Stanke,Cedric Stanke
105829,Cehajic/ Grignac,Cehajic/ Grignac
104423,Celada/ Hernando,Celada/ Hernando
40631,Cem Gokpinar Haydar,Cem Gokpinar Haydar
40631,H. C. Gokpinar,Cem Gokpinar Haydar
106793,Cernovicky/ Svoboda,Cernovicky/ Svoboda
77776,Cerny/ Kucera,Cerny/ Kucera
107216,Cerny/ Martin,Cerny/ Martin
107410,Cerny/ Mashtakov,Cerny/ Mashtakov
105266,Cerqueira Carvalho Farias Lima/ Pedrotti,Cerqueira Carvalho Farias Lima/ Pedrotti
107247,Cerqueira Carvalho Farias Lima/ Soares,Cerqueira Carvalho Farias Lima/ Soares
1104,Cerundolo F.,Cerundolo F.
1104,F. Cerundolo,Cerundolo F.
1104,Francisco Cerundolo,Cerundolo F.
388,Cerundolo J.M.,Cerundolo J.M.
388,J. M. Cerundolo,Cerundolo J.M.
388,Juan Manuel Cerundolo,Cerundolo J.M.
388,Manuel Cerundolo Juan,Cerundolo J.M.
9912,Cerundolo/ Cerundolo,Cerundolo/ Cerundolo
3451,Cerundolo/ Etcheverry,Cerundolo/ Etcheverry
81674,Cervantes/ Molchanov,Cervantes/ Molchanov
106842,Cervino Ruiz/ Hofbauer,Cervino Ruiz/ Hofbauer
106547,Cervino Ruiz/ Lemaitre,Cervino Ruiz/ Lemaitre
47036,Cervino Ruiz/ Losciale,Cervino Ruiz/ Losciale
105520,Cervino Ruiz/ Rey Garcia,Cervino Ruiz/ Rey Garcia
38101,C. Bouchelaghem,Cesar Bouchelaghem
38101,Cesar Bouchelaghem,Cesar Bouchelaghem
85878,Cesar Castro Leonel,Cesar Castro Leonel
85878,L. C. Castro,Cesar Castro Leonel
105831,Ceuca/ Hanatani,Ceuca/ Hanatani
105049,Ceuca/ Lazarenko,Ceuca/ Lazarenko
106164,Ceuca/ Rivera,Ceuca/ Rivera
104723,Ceuca/ Vasilescu,Ceuca/ Vasilescu
972,C. Cretu,Cezar Cretu
972,Cezar Cretu,Cezar Cretu
106141,Cham/ Lamchinniah,Cham/ Lamchinniah
106011,Chambonniere/ Pampanin,Chambonniere/ Pampanin
106506,Chambonniere/ Schlagenhauf,Chambonniere/ Schlagenhauf
103851,Chambonniere/ Villoslada,Chambonniere/ Villoslada
106079,Chan H-/Joint,Chan H-/Joint
73187,Chan H-/Kato,Chan H-/Kato
85278,Chan H-/Tauson,Chan H-/Tauson
93158,Chan Lee Woong,Chan Lee Woong
53004,Chan-Yeong Oh,Chan-Yeong Oh
53004,Oh Chan-Yeong,Chan-Yeong Oh
85133,Chan/ Driscoll,Chan/ Driscoll
106671,Chan/ Galarneau,Chan/ Galarneau
106067,Chan/ George,Chan/ George
106610,Chan/ Hui,Chan/ Hui
35358,Chan/ Rice,Chan/ Rice
105281,Chan/ Williams,Chan/ Williams
94832,Chandrasekar/ Yuzuki,Chandrasekar/ Yuzuki
104763,Chang/ Klaassen,Chang/ Klaassen
71476,Chang/ Ma,Chang/ Ma
105759,Chang/ Nirundorn,Chang/ Nirundorn
104954,Chang/ Sohns,Chang/ Sohns
104928,Channon/ Moxon,Channon/ Moxon
96856,Chanta/ Jeong,Chanta/ Jeong
89384,Chanta/ Naklo,Chanta/ Naklo
105627,Chapman/ Smirnova,Chapman/ Smirnova
101226,Chapman/ Wheeler,Chapman/ Wheeler
82814,Charaeva/ Kulambayeva,Charaeva/ Kulambayeva
9208,Charlelie Cosnet,Charlelie Cosnet
62793,C. Bertimon,Charles Bertimon
62793,Charles Bertimon,Charles Bertimon
101805,Charles Chen,Charles Chen
10841,C. Camus,Charlie Camus
10841,Charlie Camus,Charlie Camus
75586,C. Pade,Charlie Pade
75586,Charlie Pade,Charlie Pade
51278,C. Robertson,Charlie Robertson
51278,Charlie Robertson,Charlie Robertson
104412,Charlton/ Ferguson,Charlton/ Ferguson
71021,Charlton/ Hulme,Charlton/ Hulme
72723,Charlton/ Jones,Charlton/ Jones
104089,Charlton/ Lomakin,Charlton/ Lomakin
107051,Charlton/ Park,Charlton/ Park
107322,Charlton/ Shearer,Charlton/ Shearer
104381,Charney/ Esposito Cogan,Charney/ Esposito Cogan
105760,Charoenphon/ Susanto,Charoenphon/ Susanto
105260,Charrier/ Coulibaly,Charrier/ Coulibaly
105611,Charrier/ Kouame,Charrier/ Kouame
37866,C. Ferguson,Chase Ferguson
37866,Chase Ferguson,Chase Ferguson
104896,Chastang Cooper/ Giannini,Chastang Cooper/ Giannini
105497,Chastang Cooper/ Wiersholm,Chastang Cooper/ Wiersholm
104454,Chastang/ Giannini,Chastang/ Giannini
106519,Chatziavraam/ Kountourakis,Chatziavraam/ Kountourakis
105801,Chatziavraam/ Kucukhuseyin,Chatziavraam/ Kucukhuseyin
106269,Chaudhari/ Kitahara,Chaudhari/ Kitahara
104816,Chauhan/ Gregoriou,Chauhan/ Gregoriou
105619,Chaurasia/ Labbene,Chaurasia/ Labbene
49318,Chaurasia/ Singh,Chaurasia/ Singh
105799,Chavez/ Jovic,Chavez/ Jovic
88158,Chavez/ Nicholson,Chavez/ Nicholson
105187,Chavez/ Perry,Chavez/ Perry
105374,Chavez/ Usereau,Chavez/ Usereau
104973,Chazal/ Loge,Chazal/ Loge
57563,Cheapchandej/ Yodpetch,Cheapchandej/ Yodpetch
106945,Chekhov/ Sultanov,Chekhov/ Sultanov
29450,C. Dong,Chen Dong
29450,Chen Dong,Chen Dong
101807,Chen Ye,Chen Ye
28481,Chen/ Lin,Chen/ Lin
59310,Chen/ Lu,Chen/ Lu
107443,Chen/ Mazzoni,Chen/ Mazzoni
102713,Chen/ Meng,Chen/ Meng
103348,Chen/ Okey,Chen/ Okey
107198,Chen/ Plipuech,Chen/ Plipuech
94233,Chen/ RuoXi,Chen/ RuoXi
106819,Chen/ Shao,Chen/ Shao
105041,Chen/ Tomida,Chen/ Tomida
85181,Chen/ Tsai,Chen/ Tsai
26979,Chen/ Wang,Chen/ Wang
66341,Chen/ Ye,Chen/ Ye
104616,Chen/ Zeng,Chen/ Zeng
59317,Chen/ Zhang,Chen/ Zhang
57378,Cheng Chen Yan,Cheng Chen Yan
57378,Y. C. Chen,Cheng Chen Yan
107032,Chepelev/ Kuzmanov,Chepelev/ Kuzmanov
104334,Chepelev/ Prihodko,Chepelev/ Prihodko
106654,Chepelev/ Sotikovs,Chepelev/ Sotikovs
49055,Chepik/ Klok,Chepik/ Klok
69277,Cherie Ligniere/ Ferrari,Cherie Ligniere/ Ferrari
84964,Cherie Ligniere/ Gschwendtner,Cherie Ligniere/ Gschwendtner
106213,Cherie Ligniere/ Petre,Cherie Ligniere/ Petre
106247,Cherny/ Falkner,Cherny/ Falkner
107276,Cherny/ Kaegi,Cherny/ Kaegi
105789,Cherny/ Pieroni,Cherny/ Pieroni
107462,Cherubini/ Herrero Linana,Cherubini/ Herrero Linana
106323,Cherubini/ Mansouri,Cherubini/ Mansouri
104241,Cherubini/ Urgesi,Cherubini/ Urgesi
100616,Cheuk/ Wang,Cheuk/ Wang
106952,Cheuk/ Yoshimoto,Cheuk/ Yoshimoto
104828,Cheung/ Easwaramurthi,Cheung/ Easwaramurthi
104474,Chiang/ Ko,Chiang/ Ko
7102,C. Chidekh,Chidekh C.
7102,Chidekh C.,Chidekh C.
7102,Clement Chidekh,Chidekh C.
106072,Chidekh/ Grenier,Chidekh/ Grenier
106293,Chiesa/ Jakupovic,Chiesa/ Jakupovic
21848,Chiesa/ Pieri,Chiesa/ Pieri
105144,Chiesa/ Ristic,Chiesa/ Ristic
100193,Chiesa/ Zeltina,Chiesa/ Zeltina
104256,Chikaraishi/ Negishi,Chikaraishi/ Negishi
96305,Chilakalapudi/ Ozeki,Chilakalapudi/ Ozeki
13785,Chinese Taipei W,Chinese Taipei W
18730,C. Duhan,Chirag Duhan
18730,Chirag Duhan,Chirag Duhan
103764,Chirala/ Nedunchezhiyan,Chirala/ Nedunchezhiyan
104351,Chiripal/ Hermanns,Chiripal/ Hermanns
105450,Chistiakov/ Harsh,Chistiakov/ Harsh
106963,Chlodnicki/ Reisach,Chlodnicki/ Reisach
107480,Chlodnicki/ Sterniczuk,Chlodnicki/ Sterniczuk
34650,Cho I-/Cho,Cho I-/Cho
83534,Cho Seung Woo,Cho Seung Woo
83534,Woo Cho Seung,Cho Seung Woo
53823,Cho Seung Woo/Jeong,Cho Seung Woo/Jeong
88290,Cho Seung Woo/Yang,Cho Seung Woo/Yang
106814,Choe/ Shearer,Choe/ Shearer
94530,Choi/ Choi,Choi/ Choi
107199,Choi/ Desvignes,Choi/ Desvignes
91339,Choi/ Jang,Choi/ Jang
50308,Choi/ Kim,Choi/ Kim
70278,Choi/ Lee,Choi/ Lee
106621,Choi/ Son,Choi/ Son
96858,Choi/ Wang,Choi/ Wang
104253,Choi/ Xu,Choi/ Xu
5979,Choinski J.,Choinski J.
5979,J. Choinski,Choinski J.
5979,Jan Choinski,Choinski J.
107193,Choinski/ De Jong,Choinski/ De Jong
106080,Chong/ Hozumi,Chong/ Hozumi
105339,Chong/ Piter,Chong/ Piter
50921,Chong/ Tikhonova,Chong/ Tikhonova
104422,Chong/ Tjen,Chong/ Tjen
107315,Chong/ Yang,Chong/ Yang
103500,Chopra/ Cooper,Chopra/ Cooper
106422,Chopra/ Dickerson,Chopra/ Dickerson
103906,Chopra/ Marrero Curbelo,Chopra/ Marrero Curbelo
104296,Chopra/ Murtaza,Chopra/ Murtaza
78854,C. Djonov,Christian Djonov
78854,Christian Djonov,Christian Djonov
2021,C. Langmo,Christian Langmo
2021,Christian Langmo,Christian Langmo
773,Christian Sigsgaard,Christian Sigsgaard
83888,Christian Wedel,Christian Wedel
106549,Christie/ Dudeney,Christie/ Dudeney
101849,Christie/ Novak,Christie/ Novak
24747,Christie/ Silva,Christie/ Silva
105547,Christoforakis/ Mihic,Christoforakis/ Mihic
75574,Christoph Gayk,Christoph Gayk
5971,Christoph Negritu,Christoph Negritu
102607,C. C. Kucukhuseyin,Christopher Kucukhuseyin Cem
102607,Christopher Kucukhuseyin Cem,Christopher Kucukhuseyin Cem
40225,Christopher Li,Christopher Li
54742,C. Papa,Christopher Papa
54742,Christopher Papa,Christopher Papa
105753,C. Thies,Christopher Thies
105753,Christopher Thies,Christopher Thies
104708,Chukhas/ Mian,Chukhas/ Mian
105744,Chulak/ Ostrzygalo,Chulak/ Ostrzygalo
72232,C. Hou,Chun-Chien Hou
72232,Chun-Chien Hou,Chun-Chien Hou
106603,Chunduru/ Chunduru,Chunduru/ Chunduru
2925,Chung Y.,Chung Y.
2925,Y. Chung,Chung Y.
2925,Yunseong Chung,Chung Y.
104486,Chung/ Guichard,Chung/ Guichard
101967,Chung/ Han Seon Yong,Chung/ Han Seon Yong
106815,Chung/ Hsieh,Chung/ Hsieh
31412,Chung/ Kim,Chung/ Kim
82004,Chwalinska/ Kraus,Chwalinska/ Kraus
107185,Chytilova/ Jang,Chytilova/ Jang
105506,Chytilova/ Koprivova,Chytilova/ Koprivova
66634,C. Maguire,Cian Maguire
66634,Cian Maguire,Cian Maguire
105804,Ciavarella/ Ciurnelli,Ciavarella/ Ciurnelli
9925,Ciavarella/ Minighini,Ciavarella/ Minighini
107339,Cibulskyte/ Dapkute,Cibulskyte/ Dapkute
105274,Cigarran/ Del Pino,Cigarran/ Del Pino
106866,Cigarran/ Fernandez,Cigarran/ Fernandez
57910,Cigarran/ Gagliardo,Cigarran/ Gagliardo
92197,Cigarran/ Kicker,Cigarran/ Kicker
107252,Cigarran/ Ratti,Cigarran/ Ratti
106383,Cilek/ Dalla,Cilek/ Dalla
59084,Cilekova/ Veleva,Cilekova/ Veleva
2167,Cilic M.,Cilic M.
2167,M. Cilic,Cilic M.
2167,Marin Cilic,Cilic M.
38264,Cina F.,Cina F.
38264,F. Cina,Cina F.
38264,Federico Cina,Cina F.
13014,Cing-Yang Meng,Cing-Yang Meng
105788,Ciocan/ Kulhava,Ciocan/ Kulhava
91651,Ciocan/ Trunet,Ciocan/ Trunet
105164,Ciocanu/ Ion,Ciocanu/ Ion
104817,Ciocca/ Garbero,Ciocca/ Garbero
106499,Ciocca/ Murray,Ciocca/ Murray
107088,Ciocca/ Sardo,Ciocca/ Sardo
102246,Ciric Bagaric/ Falkowska,Ciric Bagaric/ Falkowska
103841,Ciric Bagaric/ Fossa Huergo,Ciric Bagaric/ Fossa Huergo
103619,Ciric Bagaric/ Moratelli,Ciric Bagaric/ Moratelli
100949,Ciric Bagaric/ Radisic,Ciric Bagaric/ Radisic
104743,Cirotte/ Duerst,Cirotte/ Duerst
105822,Cirpanli/ Solar Donoso,Cirpanli/ Solar Donoso
82372,Cirstea/ Kalinskaya,Cirstea/ Kalinskaya
105183,Cisse-Ignatiev/ Spencer,Cisse-Ignatiev/ Spencer
103014,Ciurnelli/ Sloboda,Ciurnelli/ Sloboda
107477,Cizek/ Finkelstein,Cizek/ Finkelstein
88410,Claeys/ Longueville,Claeys/ Longueville
1739,Clarke J.,Clarke J.
1739,J. Clarke,Clarke J.
1739,Jay Clarke,Clarke J.
103041,Clarke/ Traynor,Clarke/ Traynor
106002,Clarke/ Verma,Clarke/ Verma
105637,Claro/ Samson,Claro/ Samson
104821,Claro/ Sotikovs,Claro/ Sotikovs
40083,Claudiu Schinteie Gheorghe,Claudiu Schinteie Gheorghe
40083,G. C. Schinteie,Claudiu Schinteie Gheorghe
106391,C. Piening,Claus Piening
106391,Claus Piening,Claus Piening
104395,Claverie/ Cox,Claverie/ Cox
104402,Cleary/ Kim,Cleary/ Kim
107446,Cleaver/ Newberry,Cleaver/ Newberry
5771,Cleeve Harper,Cleeve Harper
106420,Clemens/ Formella,Clemens/ Formella
104843,Clemens/ Hui,Clemens/ Hui
105917,Clemens/ Liu,Clemens/ Liu
104485,Clemens/ Messerli,Clemens/ Messerli
24521,Clement Deleersnyder,Clement Deleersnyder
52678,C. Lemire,Clement Lemire
52678,Clement Lemire,Clement Lemire
104847,Clerc/ Freire Da Silva,Clerc/ Freire Da Silva
372,Cobolli F.,Cobolli F.
372,F. Cobolli,Cobolli F.
372,Flavio Cobolli,Cobolli F.
103803,Cobolli/ Shelton,Cobolli/ Shelton
104525,Cocciaretto/ Li,Cocciaretto/ Li
93011,Coccioli/ Virgili Berini,Coccioli/ Virgili Berini
92823,Cocola/ Comino,Cocola/ Comino
107180,Cohen Perovani/ Kawano Cho,Cohen Perovani/ Kawano Cho
103666,Cohen Perovani/ Xavier Laydner,Cohen Perovani/ Xavier Laydner
105790,Cohen/ Koprivova,Cohen/ Koprivova
105160,Cohen/ Pereira De Aguiar,Cohen/ Pereira De Aguiar
104539,Colasanto/ Seghetti,Colasanto/ Seghetti
105571,Colby/ Jansen,Colby/ Jansen
105752,Cole Thurgur,Cole Thurgur
104439,Colic/ Ramirez,Colic/ Ramirez
104703,Colic/ Sanchez,Colic/ Sanchez
6752,C. Sinclair,Colin Sinclair
6752,Colin Sinclair,Colin Sinclair
105011,Collar/ Garcia Gomez,Collar/ Garcia Gomez
2189,Andrea Collarini,Collarini A.
2189,Collarini A.,Collarini A.
825,Collignon R.,Collignon R.
825,R. Collignon,Collignon R.
825,Raphael Collignon,Collignon R.
107244,Collignon/ Martens,Collignon/ Martens
104515,Collignon/ Prizmic,Collignon/ Prizmic
105309,Collignon/ Rinderknech,Collignon/ Rinderknech
105669,Collins/ Lincer,Collins/ Lincer
107294,Colmegna/ Mazzola,Colmegna/ Mazzola
103990,Colmegna/ Sacco,Colmegna/ Sacco
105666,Colombo/ Gaines,Colombo/ Gaines
106470,Colombo/ Izquierdo Luque,Colombo/ Izquierdo Luque
103923,Colombo/ Piatti,Colombo/ Piatti
104308,Colombo/ Robert,Colombo/ Robert
104789,Colombo/ Sahtali,Colombo/ Sahtali
2084,Comesana F.,Comesana F.
2084,F. Comesana,Comesana F.
2084,Francisco Comesana,Comesana F.
105531,Comollo/ Piccioli,Comollo/ Piccioli
104210,Compagnucci/ Dhamne,Compagnucci/ Dhamne
106773,Compagnucci/ Ricca,Compagnucci/ Ricca
70161,Compagnucci/ Taddia,Compagnucci/ Taddia
99821,Compuesto/ Otway,Compuesto/ Otway
105946,Compuesto/ Swarbrick,Compuesto/ Swarbrick
105975,Conca/ Fellin,Conca/ Fellin
104784,Condere/ Eldin,Condere/ Eldin
11406,Congo,Congo
52801,Congo W,Congo W
7210,Congsup Congcar,Congsup Congcar
2411,C. Huertas Del Pino,Conner Huertas Del Pino
2411,Conner Huertas Del Pino,Conner Huertas Del Pino
84421,C. Church,Connor Church
84421,Connor Church,Connor Church
78291,C. Doig,Connor Doig
78291,Connor Doig,Connor Doig
55376,Connor Thomson,Connor Thomson
69524,C. Gannon,Conor Gannon
69524,Conor Gannon,Conor Gannon
13283,C. Bittoun,Constantin Bittoun Kouzmine
13283,Constantin Bittoun Kouzmine,Constantin Bittoun Kouzmine
25278,Constantin Spiridon Denis,Constantin Spiridon Denis
25278,D. C. Spiridon,Constantin Spiridon Denis
104112,Constantin/ Gima,Constantin/ Gima
105074,Constantin/ Haita,Constantin/ Haita
105851,Constantin/ Marinescu,Constantin/ Marinescu
106862,Constantin/ Schinteie,Constantin/ Schinteie
106588,Conway/ Ogunwale,Conway/ Ogunwale
105193,Cook/ Hamill,Cook/ Hamill
105344,Cook/ Oliveira,Cook/ Oliveira
65517,Cook/ Sach,Cook/ Sach
106195,Cook/ Vithoontien,Cook/ Vithoontien
106317,Cooling/ Smart,Cooling/ Smart
93861,C. McCarthy,Cooper McCarthy
93861,Cooper McCarthy,Cooper McCarthy
101795,Cooper Williams,Cooper Williams
67327,C. Woestendick,Cooper Woestendick
67327,Cooper Woestendick,Cooper Woestendick
102369,Cooper/ Giotis,Cooper/ Giotis
104761,Cooper/ Hohmann,Cooper/ Hohmann
107228,Cooper/ Moroni,Cooper/ Moroni
92306,Cooper/ Sels,Cooper/ Sels
82233,Cooper/ Vanshelboim,Cooper/ Vanshelboim
1205,Coppejans K.,Coppejans K.
1205,K. Coppejans,Coppejans K.
1205,Kimmer Coppejans,Coppejans K.
106538,Coppez/ Ebeling Koning,Coppez/ Ebeling Koning
89166,Coppez/ Gadamauri,Coppez/ Gadamauri
74770,Coppez/ Van Impe,Coppez/ Van Impe
107463,Coppez/ Yesypchuk,Coppez/ Yesypchuk
106183,Coquelin/ Gusic Wan,Coquelin/ Gusic Wan
2477,C. Crowther,Corban Crowther
2477,Corban Crowther,Corban Crowther
106659,Cordella/ Franchin,Cordella/ Franchin
61793,Cordoba/ Parisca,Cordoba/ Parisca
89462,Cordoba/ Planella Hernandez,Cordoba/ Planella Hernandez
106500,Coreisa/ Ghetu,Coreisa/ Ghetu
105071,Coreisa/ Mortasifu,Coreisa/ Mortasifu
105690,Coreisa/ Stirbu,Coreisa/ Stirbu
6489,C. Craig,Corey Craig
6489,Corey Craig,Corey Craig
433,Coria F.,Coria F.
433,F. Coria,Coria F.
433,Federico Coria,Coria F.
3136,Borna Coric,Coric B.
3136,Coric B.,Coric B.
19717,Corley/ Corley,Corley/ Corley
105338,Corley/ Osborne,Corley/ Osborne
73381,Cornaz/ Soro,Cornaz/ Soro
103385,Cornea/ Cukierman,Cornea/ Cukierman
104218,Cornea/ Ribero,Cornea/ Ribero
93041,Coromina Boluda/ Palazon,Coromina Boluda/ Palazon
105519,Coromina Boluda/ Teixido Garcia,Coromina Boluda/ Teixido Garcia
105952,Corte/ Sarganella,Corte/ Sarganella
104000,Cortez Llorca/ Tsygourova,Cortez Llorca/ Tsygourova
105838,Cortez Llorca/ Yesypchuk,Cortez Llorca/ Yesypchuk
96166,Corvi/ Gasparini,Corvi/ Gasparini
105472,Corvi/ Ghirardato,Corvi/ Ghirardato
106204,Corwin/ Haddorff,Corwin/ Haddorff
27929,Corwin/ Schachter,Corwin/ Schachter
54824,C. Rolland de Ravel,Cosme Rolland de Ravel
54824,Cosme Rolland de Ravel,Cosme Rolland de Ravel
105096,Cossu/ Hermassi,Cossu/ Hermassi
101175,Cossu/ Ouakaa,Cossu/ Ouakaa
105425,Cossu/ Pleshivtsev,Cossu/ Pleshivtsev
104306,Cossu/ Ross,Cossu/ Ross
29836,Costa Rica W,Costa Rica W
63404,Costanzo Baragiola Mordini Tobia,Costanzo Baragiola Mordini Tobia
63404,T. C. Baragiola Mordini,Costanzo Baragiola Mordini Tobia
394,Couacaud E.,Couacaud E.
394,Enzo Couacaud,Couacaud E.
71503,Coulibaly/ Kouame,Coulibaly/ Kouame
9229,Couto Loureiro Joao Victor,Couto Loureiro Joao Victor
9229,V. C. Loureiro J.,Couto Loureiro Joao Victor
86537,Couturier/ Trufelli,Couturier/ Trufelli
79872,Covato/ Dinev,Covato/ Dinev
106001,Covato/ Mbithi,Covato/ Mbithi
93517,Covato/ Voelzke,Covato/ Voelzke
105192,Cox/ Gonzalez Fitzmaurice,Cox/ Gonzalez Fitzmaurice
89304,Cozad/ Goode,Cozad/ Goode
945,Crawford O.,Crawford O.
945,O. Crawford,Crawford O.
945,Oliver Crawford,Crawford O.
91099,Crawley/ Daniel,Crawley/ Daniel
104921,Craze/ Page,Craze/ Page
93653,Cretu/ Palosi,Cretu/ Palosi
104215,Cretu/ Papoe,Cretu/ Papoe
104558,Cretu/ Taylor,Cretu/ Taylor
104469,Crippa/ Sarritzu,Crippa/ Sarritzu
107395,Crippa/ Varillas,Crippa/ Varillas
38012,Cristian Breazu Vlad,Cristian Breazu Vlad
38012,V. C. Breazu,Cristian Breazu Vlad
56746,Cristian Carteputreda David,Cristian Carteputreda David
56746,D. C. Carteputreda,Cristian Carteputreda David
7232,Cristian Rodriguez,Cristian Rodriguez
105163,Crivei/ Ramos Vazquez,Crivei/ Ramos Vazquez
89311,Crivellaro/ Mecarelli,Crivellaro/ Mecarelli
107077,Crivellaro/ Noce,Crivellaro/ Noce
104981,Crivellaro/ Sciahbasi,Crivellaro/ Sciahbasi
107493,Crocker/ Mahendran,Crocker/ Mahendran
104898,Cronau/ Schloesser,Cronau/ Schloesser
76870,Cross/ Rogers,Cross/ Rogers
105873,Crossley/ Fakih,Crossley/ Fakih
105939,Crowther/ Ryan Ziegann,Crowther/ Ryan Ziegann
56246,Cruz Martin Manzano Juan,Cruz Martin Manzano Juan
56246,J. C. Martin Manzano,Cruz Martin Manzano Juan
101420,Cruz Vazquez/ Martinez Mora Esdras,Cruz Vazquez/ Martinez Mora Esdras
75501,Cruz/ Silva,Cruz/ Silva
11443,Cuba,Cuba
29827,Cuba W,Cuba W
105791,Cucu/ Safta,Cucu/ Safta
107417,Cucu/ Sandru,Cucu/ Sandru
92660,Cucu/ Sanduleasa,Cucu/ Sanduleasa
93521,Cuellar Lorberg/ Suarez,Cuellar Lorberg/ Suarez
1274,Cui J.,Cui J.
1274,J. Cui,Cui J.
1274,Jie Cui,Cui J.
105354,Cui/ Matsuoka,Cui/ Matsuoka
72478,Cui/ Ursu,Cui/ Ursu
105207,Cui/ Zhu,Cui/ Zhu
105976,Culcasi/ Parenti,Culcasi/ Parenti
105676,Cunha/ Pinheiro da Cruz Junior,Cunha/ Pinheiro da Cruz Junior
107292,Curras Abasolo/ De Felipe Garcia,Curras Abasolo/ De Felipe Garcia
105478,Cvetkovic/ Fiadosik,Cvetkovic/ Fiadosik
107148,Cvetkovic/ Schnyder,Cvetkovic/ Schnyder
11809,C. Vandermeersch,Cyril Vandermeersch
11809,Cyril Vandermeersch,Cyril Vandermeersch
106834,Czapulak/ Szczerek,Czapulak/ Szczerek
104319,Czyrek/ Pabisiak,Czyrek/ Pabisiak
107590,D'Agostino/ Motta,D'Agostino/ Motta
63847,D'Agostino/ Plunger,D'Agostino/ Plunger
104579,D. A. Macias Elizalde,D. A. Macias Elizalde
3134,D. Aiava,D. Aiava
1435,D. Astakhova,D. Astakhova
20923,D. Back,D. Back
73994,D. Bazdar,D. Bazdar
75364,D. Belyaeva,D. Belyaeva
84353,D. Bien,D. Bien
106387,D. Borisov,D. Borisov
85919,D. Bredberg Canizares,D. Bredberg Canizares
3663,D. Britton,D. Britton
56342,D. Bruckner,D. Bruckner
38792,D. Chan,D. Chan
38792,Duncan Chan,D. Chan
40517,D. Charintceva,D. Charintceva
1016,D. Cherubini,D. Cherubini
231,D. Chiesa,D. Chiesa
27316,D. Ciobanu,D. Ciobanu
1009,D. Cirpanli,D. Cirpanli
83932,D. Clerc,D. Clerc
82889,D. Coelho,D. Coelho
64367,D. D. Chapman,D. D. Chapman
55584,D. D. Feldmane,D. D. Feldmane
73851,D. Dilek,D. Dilek
56357,D. Dujka,D. Dujka
63419,D. Egorova,D. Egorova
64792,D. El Jardi,D. El Jardi
64804,D. El Jardi,D. El Jardi
1341,D. Evtimova,D. Evtimova
52648,D. Gaillard,D. Gaillard
507,D. Galfi,D. Galfi
53036,D. Gao,D. Gao
780,D. Glinka,D. Glinka
780,Daniil Glinka,D. Glinka
10906,D. Glushkova,D. Glushkova
54024,D. Gorska,D. Gorska
9241,D. Guzman,D. Guzman
107212,D. Guzmicky,D. Guzmicky
58611,D. Havermans,D. Havermans
189,D. Hewitt,D. Hewitt
63480,D. Hwang,D. Hwang
63480,Donghyun Hwang,D. Hwang
1050,D. Ivanova,D. Ivanova
1427,D. Jakupovic,D. Jakupovic
1990,D. Kasatkina,D. Kasatkina
37975,D. Khomutsianskaya,D. Khomutsianskaya
3132,D. Kim,D. Kim
78189,D. Kliebhan,D. Kliebhan
2524,D. Kovinic,D. Kovinic
106698,D. Krechler,D. Krechler
38181,D. Kuczer,D. Kuczer
102357,D. Kuznetsova,D. Kuznetsova
101392,D. Leeman,D. Leeman
105961,D. Liljekvist,D. Liljekvist
104450,D. Lokotkova,D. Lokotkova
2297,D. Lopatetska,D. Lopatetska
59060,D. M. Ilie,D. M. Ilie
102652,D. Macej,D. Macej
104629,D. Makarski,D. Makarski
122,D. Marcinkevica,D. Marcinkevica
54858,D. Maric,D. Maric
13466,D. Martynov,D. Martynov
107268,D. Matic,D. Matic
105981,D. Matvejeva,D. Matvejeva
582,D. Michalski,D. Michalski
582,Daniel Michalski,D. Michalski
15277,D. Milavsky,D. Milavsky
15277,Daniel Milavsky,D. Milavsky
49896,D. Miskovic,D. Miskovic
73174,D. Molokova Ferreira,D. Molokova Ferreira
52022,D. Mpetshi Perricard,D. Mpetshi Perricard
104810,D. Odobasic,D. Odobasic
1111,D. Papamichail,D. Papamichail
1833,D. Parry,D. Parry
28,D. Pavlou,D. Pavlou
50654,D. Plekhanova,D. Plekhanova
71086,D. Podhajecka,D. Podhajecka
103354,D. Popa,D. Popa
68680,D. Popovski,D. Popovski
106754,D. Rat,D. Rat
179,D. Salkova,D. Salkova
157,D. Semenistaja,D. Semenistaja
7403,D. Shnaider,D. Shnaider
65953,D. Shubina,D. Shubina
55523,D. Simionescu,D. Simionescu
87825,D. Smolik,D. Smolik
1131,D. Snigur,D. Snigur
13544,D. Soke,D. Soke
4188,D. Spiteri,D. Spiteri
38698,D. Suvirdjonkova,D. Suvirdjonkova
3738,D. Thurner,D. Thurner
13208,D. Tran,D. Tran
13028,D. Turkmen,D. Turkmen
56362,D. Vagner,D. Vagner
52684,D. Vaissaud,D. Vaissaud
10916,D. Valente,D. Valente
87828,D. Vanek,D. Vanek
87829,D. Vaverka,D. Vaverka
455,D. Vekic,D. Vekic
68706,D. Velikova,D. Velikova
104448,D. Verrue,D. Verrue
9260,D. Vidmanova,D. Vidmanova
1440,D. Vismane,D. Vismane
106653,D. Vterkovskiy,D. Vterkovskiy
107214,D. Wallechner,D. Wallechner
15210,D. Wisniewski,D. Wisniewski
2813,D. Yastremska,D. Yastremska
52647,D. Yesypchuk,D. Yesypchuk
103731,D. Yigin,D. Yigin
14549,D. Zelinskaya,D. Zelinskaya
85968,D. Zoldakova,D. Zoldakova
69715,D. le Roux,D. le Roux
104897,D. van Deventer,D. van Deventer
28923,D.R. Congo,D.R. Congo
52806,D.R. Congo W,D.R. Congo W
106031,Da Costa/ Komada,Da Costa/ Komada
106119,Da Costa/ Zapp,Da Costa/ Zapp
104674,Da Rosa Castro/ Fernandes,Da Rosa Castro/ Fernandes
82593,Da Rosa Castro/ Monteiro,Da Rosa Castro/ Monteiro
105186,Daavettila/ Johnson,Daavettila/ Johnson
107300,Dabrowski/ Heliovaara,Dabrowski/ Heliovaara
107010,Dabrowski/ Krejcikova,Dabrowski/ Krejcikova
2887,Dabrowski/ Stefani,Dabrowski/ Stefani
106586,Dada-Mascoll/ Maloney,Dada-Mascoll/ Maloney
106318,Dada-Mascoll/ Paskauskas,Dada-Mascoll/ Paskauskas
105609,Dada-Mascoll/ Smejkalova,Dada-Mascoll/ Smejkalova
63232,Daems/ Firman,Daems/ Firman
105863,Daems/ Pohle,Daems/ Pohle
107160,Daems/ Steur,Daems/ Steur
104583,Daems/ Vaissaud,Daems/ Vaissaud
52070,Dahlin M.,Dahlin M.
52070,M. Dahlin,Dahlin M.
52070,Max Dahlin,Dahlin M.
960,D. Sumizawa,Daisuke Sumizawa
960,Daisuke Sumizawa,Daisuke Sumizawa
67410,D. Bobo,Dakotah Bobo
67410,Dakotah Bobo,Dakotah Bobo
104661,Dal Zilio/ Mabrouk,Dal Zilio/ Mabrouk
107371,Dal Zilio/ Williams,Dal Zilio/ Williams
49676,Dalla Valle/ Oradini,Dalla Valle/ Oradini
105341,Dalmasso/ Kuhar,Dalmasso/ Kuhar
104753,Dalmasso/ Watanabe Eriksson,Dalmasso/ Watanabe Eriksson
104985,Dalmasso/ Zahraj,Dalmasso/ Zahraj
1209,Damas M.,Damas M.
1209,M. Damas,Damas M.
1209,Miguel Damas,Damas M.
104538,Damas/ Roca Batalla,Damas/ Roca Batalla
19894,D. Salvestre,Damien Salvestre
19894,Damien Salvestre,Damien Salvestre
83433,Damien Wenger,Damien Wenger
66906,D. Zhalgasbay,Damir Zhalgasbay
66906,Damir Zhalgasbay,Damir Zhalgasbay
1317,Damm M.,Damm M.
1317,M. Damm,Damm M.
1317,Martin Damm,Damm M.
92601,D. Brand,Dan Brand
92601,Dan Brand,Dan Brand
63400,D. Rakhmatullayev,Danial Rakhmatullayev
63400,Danial Rakhmatullayev,Danial Rakhmatullayev
105024,Daniel  /  Ordonez,Daniel  /  Ordonez
87958,Daniel Abd Hazli Imran,Daniel Abd Hazli Imran
93603,Daniel Adeleye,Daniel Adeleye
858,D. Bagnolini,Daniel Bagnolini
858,Daniel Bagnolini,Daniel Bagnolini
10376,Daniel Batista,Daniel Batista
107004,Daniel Borisov,Daniel Borisov
634,Daniel Cukierman,Daniel Cukierman
7498,D. De Jonge,Daniel De Jonge
7498,Daniel De Jonge,Daniel De Jonge
69999,Daniel Domingos,Daniel Domingos
63427,D. Jade,Daniel Jade
63427,Daniel Jade,Daniel Jade
63484,D. Jovanovski,Daniel Jovanovski
63484,Daniel Jovanovski,Daniel Jovanovski
58964,Daniel Khazime,Daniel Khazime
62059,D. Lara Salmeron,Daniel Lara Salmeron
62059,Daniel Lara Salmeron,Daniel Lara Salmeron
54047,Daniel Phillips,Daniel Phillips
40212,D. Salazar,Daniel Salazar
40212,Daniel Salazar,Daniel Salazar
899,D. Siniakov,Daniel Siniakov
899,Daniel Siniakov,Daniel Siniakov
2406,Daniel T.,Daniel T.
2406,T. Daniel,Daniel T.
2406,Taro Daniel,Daniel T.
87098,D. Tazabekov,Daniel Tazabekov
87098,Daniel Tazabekov,Daniel Tazabekov
55174,D. Uta,Daniel Uta
55174,Daniel Uta,Daniel Uta
10842,D. Verbeek,Daniel Verbeek
10842,Daniel Verbeek,Daniel Verbeek
104384,Daniel/ Fairclough,Daniel/ Fairclough
87342,Daniel/ Zamarripa,Daniel/ Zamarripa
10863,D. Minighini,Daniele Minighini
10863,Daniele Minighini,Daniele Minighini
57079,D. Rapagnetta,Daniele Rapagnetta
57079,Daniele Rapagnetta,Daniele Rapagnetta
101822,Danielle Abadia,Danielle Abadia
76394,Daniil Bogatov,Daniil Bogatov
14126,Daniil Golubev,Daniil Golubev
85606,Daniil Kakhniuk,Daniil Kakhniuk
13986,D. Ostapenkov,Daniil Ostapenkov
13986,Daniil Ostapenkov,Daniil Ostapenkov
40236,D. Sarksian,Daniil Sarksian
40236,Daniil Sarksian,Daniil Sarksian
79191,Daniil Stepanov,Daniil Stepanov
32546,Danil Panarin,Danil Panarin
106095,Danilina/ Fernandez,Danilina/ Fernandez
107262,Danilina/ Kato,Danilina/ Kato
29075,Danilina/ Krunic,Danilina/ Krunic
106319,Danilova/ Maloney,Danilova/ Maloney
100067,Danilova/ Massardo Brain,Danilova/ Massardo Brain
105133,Danilova/ Mi,Danilova/ Mi
107452,Danilova/ Odorizzi,Danilova/ Odorizzi
77943,D. Pagani,Dante Pagani
77943,Dante Pagani,Dante Pagani
54657,Dao Chen Xing,Dao Chen Xing
54657,X. D. Chen,Dao Chen Xing
106841,Dapkute/ Esquiva Banuls,Dapkute/ Esquiva Banuls
105515,Dapkute/ Shi,Dapkute/ Shi
104716,Dapkute/ Zhiyenbayeva,Dapkute/ Zhiyenbayeva
8781,Darderi L.,Darderi L.
8781,L. Darderi,Darderi L.
8781,Luciano Darderi,Darderi L.
66018,Darderi/ Etcheverry,Darderi/ Etcheverry
103326,Darderi/ Grandinetti,Darderi/ Grandinetti
75306,Darderi/ Tabilo,Darderi/ Tabilo
92674,Daroszewska/ Hurkacz,Daroszewska/ Hurkacz
106433,Dart/ Hon,Dart/ Hon
69620,Dart/ Lumsden,Dart/ Lumsden
104408,Das/ Goto,Das/ Goto
105600,Das/ Yoshimoto,Das/ Yoshimoto
103581,Daubnerova/ Pawlak,Daubnerova/ Pawlak
86305,Daughters/ Kay,Daughters/ Kay
104403,Daughters/ Zhytelna,Daughters/ Zhytelna
68637,D. Bakonyi,David Bakonyi
68637,David Bakonyi,David Bakonyi
57708,D. Eichenseher,David Eichenseher
57708,David Eichenseher,David Eichenseher
55061,D. Fix,David Fix
55061,David Fix,David Fix
564,David Ionel Nicholas,David Ionel Nicholas
564,N. D. Ionel,David Ionel Nicholas
95057,David Jeanne-Grandinot,David Jeanne-Grandinot
4298,David Martinez Luis,David Martinez Luis
39194,D. Naharro,David Naharro
39194,David Naharro,David Naharro
927,David Pichler,David Pichler
895,D. Poljak,David Poljak
895,David Poljak,David Poljak
52112,David Prasievi,David Prasievi
85611,D. Tixhon,David Tixhon
85611,David Tixhon,David Tixhon
2246,Davide Pontoglio,Davide Pontoglio
5666,D. Tortora,Davide Tortora
5666,Davide Tortora,Davide Tortora
83263,Davidov/ Stoot,Davidov/ Stoot
2842,A. Davidovich Fokina,Davidovich Fokina A.
2842,Alejandro Davidovich Fokina,Davidovich Fokina A.
2842,Davidovich Fokina A.,Davidovich Fokina A.
105030,Davison/ Massotte,Davison/ Massotte
18978,D. Donders,Dax Donders
18978,Dax Donders,Dax Donders
107615,Dayal/ Omarkhanov,Dayal/ Omarkhanov
106913,Dazert/ Mathes,Dazert/ Mathes
105905,De Alba/ Matta,De Alba/ Matta
106682,De Almeida Santos/ Ortenblad Nogueira,De Almeida Santos/ Ortenblad Nogueira
105473,De Baene/ Klys,De Baene/ Klys
106288,De Baene/ Seye,De Baene/ Seye
10689,De Bernardis/ Passaro,De Bernardis/ Passaro
79950,De Bernardis/ Spadola,De Bernardis/ Spadola
106192,De Bernardis/ Spiridon,De Bernardis/ Spiridon
106027,De Campora/ Mendez Xi,De Campora/ Mendez Xi
106803,De Carvalho/ Dugardin,De Carvalho/ Dugardin
104788,De Carvalho/ Dzhavakian,De Carvalho/ Dzhavakian
36979,De Carvalho/ Hamza Reguig,De Carvalho/ Hamza Reguig
87656,De Carvalho/ Rivet,De Carvalho/ Rivet
105097,De Carvalho/ Serazhetdinov,De Carvalho/ Serazhetdinov
36130,De Dios/ Mouilleron Salvo,De Dios/ Mouilleron Salvo
106649,De Jager/ Karthik,De Jager/ Karthik
104276,De Jager/ Lootsma,De Jager/ Lootsma
412,De Jong J.,De Jong J.
412,J. De Jong,De Jong J.
412,Jesper De Jong,De Jong J.
104514,De Jong/ Royer,De Jong/ Royer
106962,De Jonge/ Fomba,De Jonge/ Fomba
106150,De Jonge/ Gannon,De Jonge/ Gannon
72862,De Jonge/ Opitz,De Jonge/ Opitz
104989,De Jonge/ Visker,De Jonge/ Visker
106509,De Keulenaer/ Eldin,De Keulenaer/ Eldin
70192,De Klerk/ Vorwerk,De Klerk/ Vorwerk
61372,De Koning/ Hageman,De Koning/ Hageman
107257,De Koning/ Longueville,De Koning/ Longueville
105686,De Koning/ Stevic,De Koning/ Stevic
18628,De Krom/ Nijboer,De Krom/ Nijboer
91638,De Krom/ Ovcharenko,De Krom/ Ovcharenko
31901,De La Fuente/ Hess,De La Fuente/ Hess
106162,De La Pena/ Malla,De La Pena/ Malla
105275,De La Pena/ Meneo,De La Pena/ Meneo
106511,De Lange/ Verbeek,De Lange/ Verbeek
79464,De Loore/ Desein,De Loore/ Desein
1106,A. De Minaur,De Minaur A.
1106,Alex De Minaur,De Minaur A.
1106,De Minaur A.,De Minaur A.
104274,De Regt/ Langerhuizen,De Regt/ Langerhuizen
105818,De Santis/ Golubovic,De Santis/ Golubovic
104965,De Schepper/ Sanchez Quilez,De Schepper/ Sanchez Quilez
107460,De Stefano/ Pedone,De Stefano/ Pedone
87635,De Stefano/ Pieri,De Stefano/ Pieri
105841,De Stefano/ Simion,De Stefano/ Simion
61123,De Stefano/ Tsygourova,De Stefano/ Tsygourova
71175,De Visser/ De Visser,De Visser/ De Visser
86214,De Zeeuw/ Rus,De Zeeuw/ Rus
104581,De Zeeuw/ Stoyanov,De Zeeuw/ Stoyanov
94078,Dean/ Reed,Dean/ Reed
85152,Dean/ Tripathi,Dean/ Tripathi
29148,Debru/ Debru,Debru/ Debru
105248,Deckers/ Faucon,Deckers/ Faucon
55858,D. Dedura,Dedura D.
55858,Dedura D.,Dedura D.
55858,Diego Dedura,Dedura D.
104290,Dedura-Palomero/ Krutykh,Dedura-Palomero/ Krutykh
106281,Deegan/ Lohan,Deegan/ Lohan
107066,Defalco/ Garcia,Defalco/ Garcia
104270,Deflandre/ Dugardin,Deflandre/ Dugardin
104647,Del Olmo Diaz/ Hernando,Del Olmo Diaz/ Hernando
106992,Del Pino/ Exsted,Del Pino/ Exsted
105865,Del Pino/ Zeitune,Del Pino/ Zeitune
107297,Del Sal/ Fumagalli,Del Sal/ Fumagalli
105640,Delage/ Fabre,Delage/ Fabre
35122,Delaney/ Delaney,Delaney/ Delaney
94164,Delaney/ Hudd,Delaney/ Hudd
105845,Delaney/ Lock,Delaney/ Lock
104093,Delaney/ Nakagawa,Delaney/ Nakagawa
79436,Delaney/ Sinclair,Delaney/ Sinclair
96847,Delaney/ Sueoka,Delaney/ Sueoka
105395,Delaney/ Yap,Delaney/ Yap
102158,Delaunay/ Di Tommaso,Delaunay/ Di Tommaso
105541,Delgado/ Falck,Delgado/ Falck
66185,Delicata/ Stamatopoulos,Delicata/ Stamatopoulos
104793,Dell'Edera/ Elkady,Dell'Edera/ Elkady
103966,Dell'Edera/ Mariani,Dell'Edera/ Mariani
105494,Dell'Edera/ Odorizzi,Dell'Edera/ Odorizzi
106864,Dell'Elba/ Paolini,Dell'Elba/ Paolini
106636,Dell'Elba/ Petre,Dell'Elba/ Petre
2980,Dellien H.,Dellien H.
2980,H. Dellien,Dellien H.
2980,Hugo Dellien,Dellien H.
106386,Dellien Velasco/ Farjat,Dellien Velasco/ Farjat
65507,Dellien Velasco/ Mena,Dellien Velasco/ Mena
105570,Dellien Velasco/ Rodriguez,Dellien Velasco/ Rodriguez
72094,Delmas Schaerer/ Lopez Ocampos,Delmas Schaerer/ Lopez Ocampos
104846,Demanet/ Demanet,Demanet/ Demanet
66658,Demanet/ Loge,Demanet/ Loge
70190,Demanet/ Ratiu,Demanet/ Ratiu
95227,Dembo/ Jovanovski,Dembo/ Jovanovski
107078,Demin/ Gakhov,Demin/ Gakhov
100087,Demoliner/ Galloway,Demoliner/ Galloway
104966,Demoliner/ Vocel,Demoliner/ Vocel
1935,Den Ouden G.,Den Ouden G.
1935,G. Den Ouden,Den Ouden G.
1935,Guy Den Ouden,Den Ouden G.
107455,Dencheva/ Golovina,Dencheva/ Golovina
103560,Dencheva/ Kazionova,Dencheva/ Kazionova
106911,Dencheva/ Panshina,Dencheva/ Panshina
661,D. Wassermann,Deney Wassermann
661,Deney Wassermann,Deney Wassermann
107196,Deng/ Han,Deng/ Han
104250,Deng/ Ren,Deng/ Ren
2101,D. Klok,Denis Klok
2101,Denis Klok,Denis Klok
30785,D. Petak,Denis Petak
30785,Denis Petak,Denis Petak
96047,D. Vishenchuk Vishenko,Denis Vishenchuk Vishenko
96047,Denis Vishenchuk Vishenko,Denis Vishenchuk Vishenko
106180,Denitto/ Solheim,Denitto/ Solheim
104282,Denitto/ Vedovelli,Denitto/ Vedovelli
107357,Denitto/ Volpi,Denitto/ Volpi
8223,C. Denolly,Denolly C.
8223,Corentin Denolly,Denolly C.
8223,Denolly C.,Denolly C.
107642,Denolly/ Tsitsipas,Denolly/ Tsitsipas
105205,Deo/ Georgiev,Deo/ Georgiev
105263,Deppner/ Janssen,Deppner/ Janssen
105461,Dereeper/ Menard,Dereeper/ Menard
878,D. Pham,Derek Pham
878,Derek Pham,Derek Pham
107239,Derepasko/ Haita,Derepasko/ Haita
104657,Derepasko/ Pankin,Derepasko/ Pankin
105080,Derepasko/ Sotikovs,Derepasko/ Sotikovs
89302,Derepasko/ Vasilev,Derepasko/ Vasilev
105422,Derepasko/ Vives Marcos,Derepasko/ Vives Marcos
106969,Desai/ Im,Desai/ Im
105405,Desai/ Kenzhibayeva,Desai/ Kenzhibayeva
106642,Desai/ Kurt,Desai/ Kurt
105045,Desai/ Yodpetch,Desai/ Yodpetch
106485,Desvignes/ Cheuk,Desvignes/ Cheuk
102719,Desvignes/ Leong,Desvignes/ Leong
96113,Desvignes/ Ren,Desvignes/ Ren
104254,Desvignes/ Thamchaiwat,Desvignes/ Thamchaiwat
102262,Detiuc/ Khromacheva,Detiuc/ Khromacheva
939,D. Javia,Dev Javia
939,Dev Javia,Dev Javia
18097,Dev S D/ Sinha,Dev S D/ Sinha
14373,D. Badenhorst,Devin Badenhorst
14373,Devin Badenhorst,Devin Badenhorst
87027,Dewandaka Tan Jaden,Dewandaka Tan Jaden
37307,Dhamne M.,Dhamne M.
37307,M. Dhamne,Dhamne M.
54470,Dhamne M.,Dhamne M.
54470,M. Dhamne,Dhamne M.
54470,Manas Dhamne,Dhamne M.
104545,Dhamne/ Pawlak,Dhamne/ Pawlak
107024,Dhamne/ Perego,Dhamne/ Perego
84511,Dhamne/ Rahmani,Dhamne/ Rahmani
106685,Dhamne/ Singh,Dhamne/ Singh
104352,Dho/ Hossam Salah,Dho/ Hossam Salah
106301,Dhokia/ Habib,Dhokia/ Habib
107614,Dhokia/ Jones,Dhokia/ Jones
105614,Dhokia/ Vickery,Dhokia/ Vickery
104380,Di Genova/ Soto Neira,Di Genova/ Soto Neira
85804,Di Girolami/ Gadamauri,Di Girolami/ Gadamauri
61909,Di Girolami/ Tran,Di Girolami/ Tran
107636,Di Pierro/ Gandolfi,Di Pierro/ Gandolfi
106238,Di Tommaso/ Mickoska,Di Tommaso/ Mickoska
104284,Di Vita/ Rubicondo,Di Vita/ Rubicondo
106259,Diabate/ Favier,Diabate/ Favier
9909,Diallo G.,Diallo G.
9909,G. Diallo,Diallo G.
9909,Gabriel Diallo,Diallo G.
19427,Dian Nedev,Dian Nedev
107248,Dias/ Monteleone,Dias/ Monteleone
107422,Diatlova/ Elkady,Diatlova/ Elkady
105827,Diatlova/ Pereira De Aguiar,Diatlova/ Pereira De Aguiar
2002,Diaz Acosta F.,Diaz Acosta F.
2002,F. Diaz Acosta,Diaz Acosta F.
2002,Facundo Diaz Acosta,Diaz Acosta F.
107578,Diaz Adrover/ Raggi,Diaz Adrover/ Raggi
105323,Diaz Ruiz/ Martin Espinar,Diaz Ruiz/ Martin Espinar
100191,Dibenedetto/ Gandolfi,Dibenedetto/ Gandolfi
104239,Dibenedetto/ Tsygourova,Dibenedetto/ Tsygourova
106476,D. Liljekvist,Didrik Liljekvist
106476,Didrik Liljekvist,Didrik Liljekvist
976,D. Fernandez Flores,Diego Fernandez Flores
976,Diego Fernandez Flores,Diego Fernandez Flores
69945,Diego Jarry Fillol,Diego Jarry Fillol
59295,Diego Ortiz Gamonal,Diego Ortiz Gamonal
86524,Diekmann/ Erlewein,Diekmann/ Erlewein
10865,D. Dietrich,Dietrich D.
10865,Dietrich D.,Dietrich D.
10865,Dylan Dietrich,Dietrich D.
105695,Dietrich/ Huesler,Dietrich/ Huesler
7098,D. Singh,Digvijaypratap Singh
7098,Digvijaypratap Singh,Digvijaypratap Singh
106331,Diianni/ Diianni,Diianni/ Diianni
105137,Dilek/ Noel,Dilek/ Noel
81314,Dilek/ Turkmen,Dilek/ Turkmen
75801,D. Beckles,Dillon Beckles
75801,Dillon Beckles,Dillon Beckles
85958,D. Kisimov,Dimitar Kisimov
85958,Dimitar Kisimov,Dimitar Kisimov
90159,Dimitrijevic/ Garcia,Dimitrijevic/ Garcia
22255,D. Azoidis,Dimitris Azoidis
22255,Dimitris Azoidis,Dimitris Azoidis
38623,D. Sakellaridis,Dimitris Sakellaridis
38623,Dimitris Sakellaridis,Dimitris Sakellaridis
2384,Dimitrov G.,Dimitrov G.
2384,G. Dimitrov,Dimitrov G.
2384,Grigor Dimitrov,Dimitrov G.
63850,Dinev/ Ujvary,Dinev/ Ujvary
10850,D. Dinev,Dinko Dinev
10850,Dinko Dinev,Dinko Dinev
15387,Diogo Marques,Diogo Marques
39921,D. Morais,Diogo Morais
39921,Diogo Morais,Diogo Morais
107485,Dittmann/ Petruzelova,Dittmann/ Petruzelova
106310,Dittmann/ Reguer,Dittmann/ Reguer
89920,Dittmann/ Tran,Dittmann/ Tran
105948,Djakouris/ Djakouris,Djakouris/ Djakouris
2386,Djere L.,Djere L.
2386,L. Djere,Djere L.
2386,Laslo Djere,Djere L.
1905,Djokovic N.,Djokovic N.
1905,N. Djokovic,Djokovic N.
1905,Novak Djokovic,Djokovic N.
102204,Djonov/ Salazar,Djonov/ Salazar
103930,Djonov/ Schell,Djonov/ Schell
105685,Djonov/ Schlageter,Djonov/ Schlageter
87421,Djordje Sapic,Djordje Sapic
102531,Djosic/ Lulic,Djosic/ Lulic
2017,B. Djuric,Djuric B.
2017,Djuric B.,Djuric B.
37896,B. Djuric,Djuric B.
37896,Branko Djuric,Djuric B.
37896,Djuric B.,Djuric B.
102961,Dmitrii Burtsev,Dmitrii Burtsev
49815,Dmitrii Vasilev,Dmitrii Vasilev
76705,D. Bessonov,Dmitry Bessonov
76705,Dmitry Bessonov,Dmitry Bessonov
23829,D. Dolzhenkov,Dmitry Dolzhenkov
23829,Dmitry Dolzhenkov,Dmitry Dolzhenkov
80515,D. Kopilevich,Dmitry Kopilevich
80515,Dmitry Kopilevich,Dmitry Kopilevich
105575,Dmytrenko/ Hristov,Dmytrenko/ Hristov
74446,D. Shirokyi,Dmytro Shirokyi
74446,Dmytro Shirokyi,Dmytro Shirokyi
104671,Dobak/ Fajta,Dobak/ Fajta
106188,Docter/ Franchin,Docter/ Franchin
28615,Dodig M.,Dodig M.
28615,M. Dodig,Dodig M.
28615,Matej Dodig,Dodig M.
104978,Dodig/ Merino,Dodig/ Merino
104740,Doig/ Jestin,Doig/ Jestin
95248,Doig/ Kisimov,Doig/ Kisimov
105548,Doig/ Vorwerk,Doig/ Vorwerk
105088,Dojczynski/ Kasperski,Dojczynski/ Kasperski
107011,Dolehide/ Navarro,Dolehide/ Navarro
104529,Dolehide/ Parks,Dolehide/ Parks
106112,Dolehide/ Vagramov,Dolehide/ Vagramov
88349,Doleys/ Fischer,Doleys/ Fischer
106171,Doleys/ Kaserer,Doleys/ Kaserer
104463,Dolzhenkov/ Vishenchuk Vishenko,Dolzhenkov/ Vishenchuk Vishenko
63393,Domenc/ Jade,Domenc/ Jade
1604,Domenech Castillo/ Molino,Domenech Castillo/ Molino
103940,Domingues/ Torres,Domingues/ Torres
95332,Dominguez Alonso/ Giunta,Dominguez Alonso/ Giunta
80495,Dominguez Alonso/ Turriziani Alvarez,Dominguez Alonso/ Turriziani Alvarez
29824,Dominican Republic W,Dominican Republic W
73861,D. Mosejczuk,Dominick Mosejczuk
73861,Dominick Mosejczuk,Dominick Mosejczuk
8684,D. Kellovsky,Dominik Kellovsky
8684,Dominik Kellovsky,Dominik Kellovsky
107501,Dominik Macej,Dominik Macej
741,D. Palan,Dominik Palan
741,Dominik Palan,Dominik Palan
7497,D. Recek,Dominik Recek
7497,Dominik Recek,Dominik Recek
55112,D. Rolland,Dominique Rolland
55112,Dominique Rolland,Dominique Rolland
106304,Dominko/ Godsick,Dominko/ Godsick
84084,Dominko/ Obrul,Dominko/ Obrul
107402,Dominko/ Planinsek,Dominko/ Planinsek
104750,Dominko/ Portugal,Dominko/ Portugal
10964,Donald/ Nicod,Donald/ Nicod
97204,Donders/ Khoeblal,Donders/ Khoeblal
57977,Donders/ Verbeek,Donders/ Verbeek
76074,Dong/ Lagaev,Dong/ Lagaev
33402,Dong/ Liu,Dong/ Liu
105391,Dong/ Markovina,Dong/ Markovina
105376,Dong/ Nicholson,Dong/ Nicholson
23958,Dong/ Wang,Dong/ Wang
106111,Dong/ Xu,Dong/ Xu
103393,Donski/ Paulson,Donski/ Paulson
107254,Donski/ Rai,Donski/ Rai
74206,Dorian Juszczak,Dorian Juszczak
13796,D. Tremblay,Dorian Tremblay
13796,Dorian Tremblay,Dorian Tremblay
105957,Dorofeeva-Rybas/ Golovina,Dorofeeva-Rybas/ Golovina
106655,Dorofeeva-Rybas/ Panshina,Dorofeeva-Rybas/ Panshina
95265,Dorofeeva-Rybas/ Pushkareva,Dorofeeva-Rybas/ Pushkareva
37907,Dostanic S.,Dostanic S.
37907,Stefan Dostanic,Dostanic S.
105680,Dotsenko/ Pop,Dotsenko/ Pop
104941,Dotsenko/ Thamm,Dotsenko/ Thamm
798,A. Dougaz,Dougaz A.
798,Aziz Dougaz,Dougaz A.
798,Dougaz A.,Dougaz A.
1838,Doumbia/ Reboul,Doumbia/ Reboul
104193,Doumbia/ Reymond,Doumbia/ Reymond
105885,Dourado Zimermman/ Kawano Cho,Dourado Zimermman/ Kawano Cho
78211,Dourado Zimermman/ Melleiro,Dourado Zimermman/ Melleiro
105559,Dourado Zimermman/ Soto Neira,Dourado Zimermman/ Soto Neira
106622,Drab/ Poklemba,Drab/ Poklemba
107392,Drab/ Voisin,Drab/ Voisin
106733,Drabek/ Fric,Drabek/ Fric
76375,Dragoni/ Morolli,Dragoni/ Morolli
105639,Dragovic/ Zivkovic,Dragovic/ Zivkovic
106401,Drame/ Heuser,Drame/ Heuser
106533,Drame/ Krastenova,Drame/ Krastenova
7011,Draper J.,Draper J.
7011,J. Draper,Draper J.
7011,Jack Draper,Draper J.
3696,Draxl L.,Draxl L.
3696,L. Draxl,Draxl L.
3696,Liam Draxl,Draxl L.
14709,Draxl/ Harper,Draxl/ Harper
106875,Drayton/ Gschwendtner,Drayton/ Gschwendtner
105371,Drazic/ Shinikova,Drazic/ Shinikova
106537,Drazic/ Yamazaki,Drazic/ Yamazaki
86610,D. Fishback,Drew Fishback
86610,Drew Fishback,Drew Fishback
15273,D. Van Orderlain,Drew Van Orderlain
15273,Drew Van Orderlain,Drew Van Orderlain
105604,Dreycopp/ Mendes,Dreycopp/ Mendes
106409,Dreycopp/ Zarate,Dreycopp/ Zarate
105181,Driscoll/ Ekstrand,Driscoll/ Ekstrand
106345,Driscoll/ Otis,Driscoll/ Otis
104184,Driscoll/ Piai,Driscoll/ Piai
8926,Droguet T.,Droguet T.
8926,T. Droguet,Droguet T.
8926,Titouan Droguet,Droguet T.
11579,Droguet/ Jacquet,Droguet/ Jacquet
106828,Drozdz/ Wysoczanska,Drozdz/ Wysoczanska
106292,Drugdova/ Hejtmanek,Drugdova/ Hejtmanek
105296,Drugdova/ Sevcikova,Drugdova/ Sevcikova
9809,Drzewiecki/ Majchrzak,Drzewiecki/ Majchrzak
10253,Drzewiecki/ Matuszewski,Drzewiecki/ Matuszewski
95753,Drzewiecki/ Pieczonka,Drzewiecki/ Pieczonka
10046,Drzewiecki/ Walkow,Drzewiecki/ Walkow
105836,Du Pasquier Jensen/ Roesch,Du Pasquier Jensen/ Roesch
81076,Du Pree/ Van Emst,Du Pree/ Van Emst
70202,Du Pree/ Van den Broek,Du Pree/ Van den Broek
6502,Duarte Vale,Duarte Vale
104056,Duarte/ E'Halli Obeid,Duarte/ E'Halli Obeid
92684,Duarte/ Zornada,Duarte/ Zornada
105551,Dube/ Vosloo,Dube/ Vosloo
105738,Dubouch/ Gannon,Dubouch/ Gannon
38231,Duc Vu Ha Minh,Duc Vu Ha Minh
70361,Ducariu/ Palosi,Ducariu/ Palosi
1900,Duckworth J.,Duckworth J.
1900,J. Duckworth,Duckworth J.
1900,James Duckworth,Duckworth J.
104508,Duckworth/ Kecmanovic,Duckworth/ Kecmanovic
107353,Duda/ Frohlich,Duda/ Frohlich
104969,Duda/ Kittay,Duda/ Kittay
95508,Duda/ Latinovic,Duda/ Latinovic
104664,Duda/ Tusa,Duda/ Tusa
100556,Duda/ Vrbensky,Duda/ Vrbensky
106384,Dudeney/ Pawlikowska,Dudeney/ Pawlikowska
105500,Dudeney/ Stojsavljevic,Dudeney/ Stojsavljevic
103440,Dudeney/ Xu,Dudeney/ Xu
106507,Dugardin/ Verwerft,Dugardin/ Verwerft
104820,Duhan/ Faucon,Duhan/ Faucon
57692,Duhan/ Javia,Duhan/ Javia
106491,Duhan/ Murtaza,Duhan/ Murtaza
105562,Duhan/ Pierre,Duhan/ Pierre
106134,Duhan/ Shimanov,Duhan/ Shimanov
105075,Duhan/ Zagars,Duhan/ Zagars
49022,D. Markovina,Duje Markovina
49022,Duje Markovina,Duje Markovina
106060,Dullinger/ Kudernatsch,Dullinger/ Kudernatsch
107358,Dumitrescu/ Moroi,Dumitrescu/ Moroi
20759,Dumitru/ Frunza,Dumitru/ Frunza
105236,Dumitru/ Hebhang Balan,Dumitru/ Hebhang Balan
105886,Dummer Macedo/ Ortenblad Nogueira,Dummer Macedo/ Ortenblad Nogueira
106065,Duncan/ Heinonen,Duncan/ Heinonen
33463,Duncan/ MacKinlay,Duncan/ MacKinlay
93936,Duncan/ Whitehouse,Duncan/ Whitehouse
105279,Dunyon/ Pascual Montalvo,Dunyon/ Pascual Montalvo
36589,Duran/ Saritas,Duran/ Saritas
1201,Durasovic V.,Durasovic V.
1201,V. Durasovic,Durasovic V.
1201,Viktor Durasovic,Durasovic V.
107287,Durasovic/ Potenza,Durasovic/ Potenza
40108,Dusan Milanovic,Dusan Milanovic
941,D. Obradovic,Dusan Obradovic
941,Dusan Obradovic,Dusan Obradovic
106217,Dutine/ Klinkov,Dutine/ Klinkov
104211,Durasovic/ Dutra Da Silva,Dutra Da Silva D.
104211,Dutra Da Silva D.,Dutra Da Silva D.
105411,Da Rosa Castro/ Silva,Dutra Da Silva D.
105411,Dutra Da Silva D.,Dutra Da Silva D.
558,D. Dutra Da Silva,Dutra Da Silva D.
558,Daniel Dutra Da Silva,Dutra Da Silva D.
558,Dutra Da Silva D.,Dutra Da Silva D.
69562,Dylan Hara Friend Jay,Dylan Hara Friend Jay
69562,J. D. Hara Friend,Dylan Hara Friend Jay
77244,D. Long,Dylan Long
77244,Dylan Long,Dylan Long
1233,D. Salton,Dylan Salton
1233,Dylan Salton,Dylan Salton
1079,D. Dzumhur,Dzumhur D.
1079,Damir Dzumhur,Dzumhur D.
1079,Dzumhur D.,Dzumhur D.
105334,Dzumhur/ Latinovic,Dzumhur/ Latinovic
106564,E'Halli Obeid/ Massardo Brain,E'Halli Obeid/ Massardo Brain
88318,E. A. Yilmaz,E. A. Yilmaz
70322,E. Adeshina,E. Adeshina
66797,E. Agureeva,E. Agureeva
2392,E. Alexandrova,E. Alexandrova
21307,E. Alvarez Sande,E. Alvarez Sande
8441,E. Alvisi,E. Alvisi
1958,E. Andreeva,E. Andreeva
2598,E. Appleton,E. Appleton
1802,E. Arango,E. Arango
1810,E. Avanesyan,E. Avanesyan
63045,E. Baldisserri,E. Baldisserri
57345,E. Bennemann,E. Bennemann
84405,E. Betti,E. Betti
88323,E. Bonelli,E. Bonelli
28813,E. Bynoe,E. Bynoe
89629,E. C. Brune,E. C. Brune
56279,E. Cabezas Dominguez,E. Cabezas Dominguez
30069,E. Camacho,E. Camacho
72231,E. Cham,E. Cham
176,E. Chiesa,E. Chiesa
87848,E. Chladova,E. Chladova
477,E. Cocciaretto,E. Cocciaretto
83146,E. Combs,E. Combs
87537,E. Costa,E. Costa
105936,E. D. Zapp,E. D. Zapp
38794,E. Daniels,E. Daniels
86683,E. Diabate,E. Diabate
107006,E. Dieveney,E. Dieveney
78979,E. Domingo,E. Domingo
65431,E. Dong,E. Dong
76389,E. Dong,E. Dong
102993,E. Dotsenko,E. Dotsenko
71658,E. Drevojanova,E. Drevojanova
105982,E. E. Rosca,E. E. Rosca
105655,E. G. Coreisa,E. G. Coreisa
103004,E. Gomes,E. Gomes
40087,E. Gonzalez Fitzmaurice,E. Gonzalez Fitzmaurice
104839,E. Goodman,E. Goodman
491,E. Gorgodze,E. Gorgodze
20909,E. Grekul,E. Grekul
51578,E. Grevelius,E. Grevelius
85963,E. Griffiths,E. Griffiths
38990,E. Haavisto,E. Haavisto
106725,E. Holubova,E. Holubova
3442,E. Hozumi,E. Hozumi
84074,E. Ilic,E. Ilic
40528,E. Inisan,E. Inisan
53647,E. Ionescu,E. Ionescu
1823,E. Jacquemot,E. Jacquemot
19419,E. Jaeger,E. Jaeger
50,E. Jamshidi,E. Jamshidi
107209,E. Johansson,E. Johansson
10924,E. Jones,E. Jones
87042,E. K. Malmkjaer,E. K. Malmkjaer
198,E. Kalieva,E. Kalieva
1985,E. Kazionova,E. Kazionova
10901,E. Khayrutdinova,E. Khayrutdinova
83104,E. Khodzhaeva,E. Khodzhaeva
39049,E. Khotchenkov,E. Khotchenkov
106579,E. King,E. King
106579,Ene/ King,E. King
6766,E. King,E. King
6766,Evan King,E. King
40075,E. Koike,E. Koike
92940,E. Komada,E. Komada
9,E. Korokozidi,E. Korokozidi
66752,E. Korysheva,E. Korysheva
66184,E. Kovacevic,E. Kovacevic
106716,E. Kucerova,E. Kucerova
23775,E. Kuznetsova,E. Kuznetsova
104363,E. Lage,E. Lage
2114,E. Laskevich,E. Laskevich
26931,E. Lee,E. Lee
13258,E. Lene,E. Lene
3675,E. Lopez,E. Lopez
15354,E. Lopez Alcaraz,E. Lopez Alcaraz
2088,E. Lys,E. Lys
52686,E. M. Desvignes,E. M. Desvignes
54081,E. M. Ionescu,E. M. Ionescu
58571,E. M. Voracek,E. M. Voracek
9256,E. Maklakova,E. Maklakova
13897,E. Maloney,E. Maloney
1994,E. Malygina,E. Malygina
14563,E. Mamedova,E. Mamedova
209,E. Mandlik,E. Mandlik
21653,E. Mazzoni,E. Mazzoni
24733,E. McDonald,E. McDonald
49155,E. McKenzie,E. McKenzie
2117,E. Meri,E. Meri
521,E. Mertens,E. Mertens
87835,E. Meszarosova,E. Meszarosova
10904,E. Micic,E. Micic
13620,E. Milovanovic,E. Milovanovic
82786,E. Milutinovic,E. Milutinovic
105658,E. Mireles,E. Mireles
106959,E. Mizerski,E. Mizerski
50633,E. N. Milic,E. N. Milic
2823,E. Navarro,E. Navarro
62081,E. Nepliy,E. Nepliy
105256,E. Newberry,E. Newberry
88003,E. Nobel,E. Nobel
52688,E. O. Ghirardato,E. O. Ghirardato
18807,E. Ovcharenko,E. Ovcharenko
105657,E. Oxford,E. Oxford
24520,E. Park,E. Park
75890,E. Perelygina,E. Perelygina
53165,E. Plosnik,E. Plosnik
9399,E. Pridankina,E. Pridankina
67747,E. R. Bertea,E. R. Bertea
2996,E. Raducanu,E. Raducanu
60392,E. Roux,E. Roux
2172,E. Rybakina,E. Rybakina
2574,E. S. Liang,E. S. Liang
73865,E. Sartz-Lunde,E. Sartz-Lunde
77239,E. Schoppe,E. Schoppe
13503,E. Seibold,E. Seibold
2415,E. Seidel,E. Seidel
4526,E. Sema,E. Sema
104795,E. Serkedi,E. Serkedi
5340,E. Shaw,E. Shaw
107220,E. Shcherbakov,E. Shcherbakov
1986,E. Shibahara,E. Shibahara
61722,E. Slavikova,E. Slavikova
86464,E. Sumann,E. Sumann
2816,E. Svitolina,E. Svitolina
13500,E. Tomase,E. Tomase
89397,E. Tripathi,E. Tripathi
13809,E. Tse,E. Tse
77247,E. Tsetsou,E. Tsetsou
81408,E. Tupitsyna,E. Tupitsyna
50062,E. Tverijonaite,E. Tverijonaite
106611,E. V. Eigelsbach,E. V. Eigelsbach
94454,E. V. Eigelsbach,E. V. Eigelsbach
13203,E. Van Poppel,E. Van Poppel
2277,E. Vedder,E. Vedder
107271,E. Velaga,E. Velaga
2942,E. Webley-Smith,E. Webley-Smith
58227,E. Yaneva,E. Yaneva
1987,E. Yashina,E. Yashina
28889,E. Youri,E. Youri
72215,E. Zabolotnaia,E. Zabolotnaia
92846,E. Zornada,E. Zornada
77279,E. Zozaya Menendez,E. Zozaya Menendez
107310,Eala/ Auger-Aliassime,Eala/ Auger-Aliassime
104195,Eala/ Williams,Eala/ Williams
105154,Easwaramurthi/ Wong,Easwaramurthi/ Wong
1207,Echargui M.,Echargui M.
1207,M. Echargui,Echargui M.
1207,Moez Echargui,Echargui M.
104424,Echave-Sustaeta/ Martin Mangas,Echave-Sustaeta/ Martin Mangas
86641,Echazu/ Osorio,Echazu/ Osorio
106425,Echazu/ Rodriguez,Echazu/ Rodriguez
96359,Echeverria/ Giunta,Echeverria/ Giunta
107028,Echeverria/ Matusevich,Echeverria/ Matusevich
55536,Echeverria/ Montes-De La Torre,Echeverria/ Montes-De La Torre
106975,Edengren/ Nanobashvili Saba,Edengren/ Nanobashvili Saba
38076,E. Ambarzumjan,Edison Ambarzumjan
38076,Edison Ambarzumjan,Edison Ambarzumjan
37935,E. Cherie Ligniere,Edoardo Cherie Ligniere
37935,Edoardo Cherie Ligniere,Edoardo Cherie Ligniere
73246,Edoardo De Filippo,Edoardo De Filippo
21852,E. Zanada,Edoardo Zanada
21852,Edoardo Zanada,Edoardo Zanada
20215,E. Villoslada,Edouard Villoslada
20215,Edouard Villoslada,Edouard Villoslada
90023,Eduardo De Carvalho Damazio Livas,Eduardo De Carvalho Damazio Livas
90023,L. E. de Carvalho Damazio,Eduardo De Carvalho Damazio Livas
63482,Eduardo Munoz Navia Diego,Eduardo Munoz Navia Diego
6712,E. Ribeiro,Eduardo Ribeiro
6712,Eduardo Ribeiro,Eduardo Ribeiro
22055,Eduardo Schiessl Joao,Eduardo Schiessl Joao
22055,J. E. Schiessl,Eduardo Schiessl Joao
89162,E. Etty,Edward Etty
89162,Edward Etty,Edward Etty
765,E. Vasa,Eero Vasa
765,Eero Vasa,Eero Vasa
58219,C. E. Tufekci,Efe Tufekci Cagan
58219,Efe Tufekci Cagan,Efe Tufekci Cagan
106998,Efremova/ Vasileva,Efremova/ Vasileva
54937,Egbring/ Sickenberger,Egbring/ Sickenberger
80801,Ege Sik Mustafa,Ege Sik Mustafa
80801,M. E. Sik,Ege Sik Mustafa
650,E. Agafonov,Egor Agafonov
650,Egor Agafonov,Egor Agafonov
62037,E. Pleshivtsev,Egor Pleshivtsev
62037,Egor Pleshivtsev,Egor Pleshivtsev
105565,Egorova/ Gomez Pezuela Cano,Egorova/ Gomez Pezuela Cano
103635,Egorova/ Perelygina,Egorova/ Perelygina
107354,Eichenseher/ Erhardt,Eichenseher/ Erhardt
103882,Eichenseher/ Hartig,Eichenseher/ Hartig
105772,Eichenseher/ Oetzbach,Eichenseher/ Oetzbach
106170,Eichenseher/ Schiessl,Eichenseher/ Schiessl
103239,Eidelvein/ Guerra,Eidelvein/ Guerra
106327,Eigelsbach/ Parcelli,Eigelsbach/ Parcelli
104955,Eigelsbach/ Smart,Eigelsbach/ Smart
107141,Eigelsbach/ Zhenikhova,Eigelsbach/ Zhenikhova
100133,Eikeri/ Gleason,Eikeri/ Gleason
106868,Einig/ Reiff,Einig/ Reiff
50082,Eisch/ Eisch,Eisch/ Eisch
94199,Eiselmeier/ Kaynak,Eiselmeier/ Kaynak
105821,El Aouni/ Reguer,El Aouni/ Reguer
104372,El Aouni/ Salah-Eddine,El Aouni/ Salah-Eddine
104662,El Feky/ Labbene,El Feky/ Labbene
104305,El Feky/ Laviola,El Feky/ Laviola
105099,El Feky/ Zapp,El Feky/ Zapp
107058,El Jardi/ Ishii,El Jardi/ Ishii
106594,El Jardi/ Lincer,El Jardi/ Lincer
29823,El Salvador W,El Salvador W
90975,El Sayed/ Fouad,El Sayed/ Fouad
107423,El Sayed/ Hansen,El Sayed/ Hansen
106152,Elamin/ Jones,Elamin/ Jones
107001,Elamin/ Kos,Elamin/ Kos
79915,Elamin/ Nagoudi,Elamin/ Nagoudi
103315,Elamin/ Redling,Elamin/ Redling
78323,Elamin/ Smiej,Elamin/ Smiej
106131,Elfving/ Minasyan,Elfving/ Minasyan
39929,E. Khoeblal,Elgin Khoeblal
39929,Elgin Khoeblal,Elgin Khoeblal
56459,E. Stephenson,Eli Stephenson
56459,Eli Stephenson,Eli Stephenson
11110,E. Coulibaly,Eliakim Coulibaly
11110,Eliakim Coulibaly,Eliakim Coulibaly
89559,E. Sanogo,Elijah Sanogo
89559,Elijah Sanogo,Elijah Sanogo
37976,E. Strode,Elijah Strode
37976,Elijah Strode,Elijah Strode
101294,Elkady/ Munzarova,Elkady/ Munzarova
104999,Ellis/ Tomic,Ellis/ Tomic
1881,Elmar Ejupovic,Elmar Ejupovic
37076,Elsayed/ Ibrahim,Elsayed/ Ibrahim
31255,Elyasi/ Yazdani,Elyasi/ Yazdani
14270,Emanuel Ambrogi Luciano,Emanuel Ambrogi Luciano
14270,L. E. Ambrogi,Emanuel Ambrogi Luciano
68656,E. Ivanisevic,Emanuel Ivanisevic
68656,Emanuel Ivanisevic,Emanuel Ivanisevic
20568,C. E. Overbeck,Emil Overbeck Carl
20568,Emil Overbeck Carl,Emil Overbeck Carl
8645,E. Hudd,Emile Hudd
8645,Emile Hudd,Emile Hudd
9611,E. Aguilera Guerrero,Emiliano Aguilera Guerrero
9611,Emiliano Aguilera Guerrero,Emiliano Aguilera Guerrero
62513,E. Demanet,Emilien Demanet
62513,Emilien Demanet,Emilien Demanet
39051,E. Bulut,Emirhan Bulut
39051,Emirhan Bulut,Emirhan Bulut
55504,E. van Loben Sels,Emon van Loben Sels
55504,Emon van Loben Sels,Emon van Loben Sels
104033,Encheva/ Glushkova,Encheva/ Glushkova
55060,Engel J.,Engel J.
55060,Justin Engel,Engel J.
106014,Engelhardt/ Wedel,Engelhardt/ Wedel
19461,E. Munoz,Enmanuel Munoz
19461,Enmanuel Munoz,Enmanuel Munoz
5675,E. Dalla Valle,Enrico Dalla Valle
5675,Enrico Dalla Valle,Enrico Dalla Valle
10517,Enrique Bogo,Enrique Bogo
80300,E. Carrascosa Diaz,Enrique Carrascosa Diaz
80300,Enrique Carrascosa Diaz,Enrique Carrascosa Diaz
90062,E. Collar,Enrique Collar
90062,Enrique Collar,Enrique Collar
15290,E. Aguiard,Enzo Aguiard
15290,Enzo Aguiard,Enzo Aguiard
57479,E. Camargo Lima,Enzo Camargo Lima
57479,Enzo Camargo Lima,Enzo Camargo Lima
63483,E. Kohlmann,Enzo Kohlmann
63483,Enzo Kohlmann,Enzo Kohlmann
9136,Enzo Wallart,Enzo Wallart
90763,Eric Ahren Moonga,Eric Ahren Moonga
1196,E. Vanshelboim,Eric Vanshelboim
1196,Eric Vanshelboim,Eric Vanshelboim
13389,E. Arutiunian,Erik Arutiunian
13389,Erik Arutiunian,Erik Arutiunian
103445,E. Schiessl,Erik Schiessl
103445,Erik Schiessl,Erik Schiessl
101534,Eriksson Ziverts/ Karlsson Wistrand,Eriksson Ziverts/ Karlsson Wistrand
104310,Eriksson Ziverts/ Photiadis,Eriksson Ziverts/ Photiadis
104520,Erjavec/ Marcinko,Erjavec/ Marcinko
104546,Erler/ Erler,Erler/ Erler
107082,Erler/ Stevens,Erler/ Stevens
104675,Erlewein/ Hammes,Erlewein/ Hammes
84502,Erlewein/ Sonesson,Erlewein/ Sonesson
107008,Errani/ Fernandez,Errani/ Fernandez
103805,Errani/ Melichar-Martinez,Errani/ Melichar-Martinez
9487,Errani/ Paolini,Errani/ Paolini
73790,Errani/ Vavassori,Errani/ Vavassori
106076,Escobar/ Kaliyanda Poonacha,Escobar/ Kaliyanda Poonacha
105014,Escobar/ Mena,Escobar/ Mena
104844,Escobar/ Stalder,Escobar/ Stalder
1068,Antoine Escoffier,Escoffier A.
1068,Escoffier A.,Escoffier A.
28172,Escurra Isnardi/ Vergara del Puerto,Escurra Isnardi/ Vergara del Puerto
67103,Espen Lagarde,Espen Lagarde
107057,Esquiva Banuls/ Giaccio,Esquiva Banuls/ Giaccio
104947,Esquiva Banuls/ Pinera Celorio,Esquiva Banuls/ Pinera Celorio
12621,Essa Qabazard,Essa Qabazard
23091,Esteban Rico Arias Nicolas,Esteban Rico Arias Nicolas
23091,N. E. Rico Arias,Esteban Rico Arias Nicolas
92128,E. Talavera Cortes,Esteban Talavera Cortes
92128,Esteban Talavera Cortes,Esteban Talavera Cortes
104481,Estevez/ Gonzalez Daniele,Estevez/ Gonzalez Daniele
62486,Estevez/ La Serna,Estevez/ La Serna
106566,Estevez/ Meabe,Estevez/ Meabe
7654,Estonia W,Estonia W
1777,Etcheverry T.,Etcheverry T.
1777,Martin Etcheverry Tomas,Etcheverry T.
1777,T. M. Etcheverry,Etcheverry T.
46675,Etcheverry/ Kestelboim,Etcheverry/ Kestelboim
10326,Etcheverry/ Tirante,Etcheverry/ Tirante
33138,E. Cook,Ethan Cook
33138,Ethan Cook,Ethan Cook
30142,Ethiopia,Ethiopia
52803,Ethiopia W,Ethiopia W
40125,E. Donnet,Etienne Donnet
40125,Etienne Donnet,Etienne Donnet
1059,Christopher Eubanks,Eubanks C.
1059,Eubanks C.,Eubanks C.
80824,E. Gonzalez,Eudald Gonzalez
80824,Eudald Gonzalez,Eudald Gonzalez
57159,Evan Burnett,Evan Burnett
22446,E. Bynoe,Evan Bynoe
22446,Evan Bynoe,Evan Bynoe
578,E. Zhu,Evan Zhu
578,Evan Zhu,Evan Zhu
62373,E. Kypriotis,Evangelos Kypriotis
62373,Evangelos Kypriotis,Evangelos Kypriotis
2835,D. Evans,Evans D.
2835,Daniel Evans,Evans D.
2835,Evans D.,Evans D.
70395,Evans/ Searle,Evans/ Searle
575,Evgeny Karlovskiy,Evgeny Karlovskiy
670,E. Philippov,Evgeny Philippov
670,Evgeny Philippov,Evgeny Philippov
28243,Evrard/ Hernandez-Aguila,Evrard/ Hernandez-Aguila
106268,Evtimova/ Mateva,Evtimova/ Mateva
105536,Evtimova/ Pulchartova,Evtimova/ Pulchartova
106596,Evtimova/ Rajeshwaran Revathi,Evtimova/ Rajeshwaran Revathi
81559,Ewald/ Gorska,Ewald/ Gorska
57340,Ewald/ Kuczer,Ewald/ Kuczer
106829,Ewald/ Zelnickova,Ewald/ Zelnickova
57565,Ewen Lumsden,Ewen Lumsden
103784,Ewing/ Vagramov,Ewing/ Vagramov
107633,Exner/ Schlossmann,Exner/ Schlossmann
102980,Exsted/ Johnston,Exsted/ Johnston
104388,Exsted/ Pow,Exsted/ Pow
58286,Exsted/ Woestendick,Exsted/ Woestendick
1257,Ezekiel Clark,Ezekiel Clark
9378,E. Monferrer,Ezequiel Monferrer
9378,Ezequiel Monferrer,Ezequiel Monferrer
94269,Ezzat Mohamed Sherif Eyad Reda,Ezzat Mohamed Sherif Eyad Reda
105258,Ezzat/ Mariani,Ezzat/ Mariani
107421,Ezzat/ Petretic,Ezzat/ Petretic
67724,Ezzat/ Villet,Ezzat/ Villet
40156,F. A. Lin,F. A. Lin
6699,F. Abanda,F. Abanda
104858,F. Alfano,F. Alfano
88006,F. Alopaeus,F. Alopaeus
64808,F. B. Moron,F. B. Moron
106300,F. B. Weller C.,F. B. Weller C.
52682,F. Balshaw,F. Balshaw
52682,Felix Balshaw,F. Balshaw
2105,F. Bax,F. Bax
2105,Florent Bax,F. Bax
27252,F. Bondioli,F. Bondioli
37892,F. Bondioli,F. Bondioli
37892,Federico Bondioli,F. Bondioli
104378,F. Bullamah,F. Bullamah
105793,F. Catalano,F. Catalano
107005,F. Cecconi,F. Cecconi
20540,F. Crawley,F. Crawley
145,F. Curmi,F. Curmi
104271,F. Czyrek,F. Czyrek
92881,F. De Bresser,F. De Bresser
15648,F. Dekkers,F. Dekkers
17,F. Dell'Edera,F. Dell'Edera
67676,F. Dorofeeva-Rybas,F. Dorofeeva-Rybas
56352,F. Dymak,F. Dymak
91360,F. Fedeli,F. Fedeli
526,F. Ferro,F. Ferro
107211,F. Fischer,F. Fischer
87071,F. Fontes Damorim,F. Fontes Damorim
100050,F. G. Colasanto,F. G. Colasanto
61315,F. Gandolfi,F. Gandolfi
12561,F. Ganz,F. Ganz
14243,F. Gettwart,F. Gettwart
82366,F. Guarducci,F. Guarducci
106032,F. Gutierrez Perez,F. Gutierrez Perez
66134,F. Heddar,F. Heddar
2991,F. Jones,F. Jones
1410,F. Jorge,F. Jorge
106849,F. Kiryllo,F. Kiryllo
76951,F. Kloesters,F. Kloesters
76951,Ferdinand Kloesters,F. Kloesters
54683,F. Kosinski,F. Kosinski
13819,F. Kozaki,F. Kozaki
106851,F. L. Maria S.,F. L. Maria S.
2121,F. Labrana,F. Labrana
71655,F. Ladman,F. Ladman
94917,F. Lagarrigue,F. Lagarrigue
69522,F. M. Castro,F. M. Castro
107345,F. Malis,F. Malis
61631,F. Mattioli,F. Mattioli
24135,F. Pace,F. Pace
104826,F. Parcelli,F. Parcelli
105410,F. Parcelli,F. Parcelli
82994,F. Peet,F. Peet
105026,F. Pereyra,F. Pereyra
106980,F. Perlov,F. Perlov
106980,Facundo Perlov,F. Perlov
104010,F. Pire,F. Pire
106488,F. Poklemba,F. Poklemba
65095,F. Rain Contreras,F. Rain Contreras
60553,F. Regalado Macias,F. Regalado Macias
12972,F. Rocha,F. Rocha
12972,Francisco Rocha,F. Rocha
21661,F. Rocha,F. Rocha
21661,Faria/ Rocha,F. Rocha
30267,F. Romano,F. Romano
30267,Forti/ Romano,F. Romano
39002,F. Romano,F. Romano
39002,Filippo Romano,F. Romano
69813,F. Romeo,F. Romeo
823,F. Roncadelli,F. Roncadelli
823,Franco Roncadelli,F. Roncadelli
106848,F. Ronnholm,F. Ronnholm
57428,F. Sacco,F. Sacco
39027,F. Schlossmann,F. Schlossmann
106709,F. Sebek,F. Sebek
89692,F. Seres,F. Seres
79838,F. Soderqvist,F. Soderqvist
2116,F. Sziedat,F. Sziedat
13672,F. Tian,F. Tian
15370,F. Trevisan,F. Trevisan
10912,F. Urgesi,F. Urgesi
107471,F. Valdetara,F. Valdetara
104425,F. Willemse,F. Willemse
80077,F. Zakaria,F. Zakaria
103311,F. Zimmer,F. Zimmer
95065,Fabre/ Salazar,Fabre/ Salazar
105246,Fabre/ Verwerft,Fabre/ Verwerft
79150,Fabre/ Villoslada,Fabre/ Villoslada
9568,F. Andaloro,Fabrizio Andaloro
9568,Fabrizio Andaloro,Fabrizio Andaloro
107124,Facek/ Panik,Facek/ Panik
8880,Facundo Juarez,Facundo Juarez
14018,F. Yunis,Facundo Yunis
14018,Facundo Yunis,Facundo Yunis
58948,F. Bidan,Fadi Bidan
58948,Fadi Bidan,Fadi Bidan
105923,Fahim/ Sarr,Fahim/ Sarr
104162,Fairclough/ Fakih,Fairclough/ Fakih
24711,Fairclough/ Gilheany,Fairclough/ Gilheany
83238,Falck/ Hohmann,Falck/ Hohmann
96939,Falck/ Suarez,Falck/ Suarez
31252,A. F. Alhogbani,Faleh Alhogbani Anmar
31252,Faleh Alhogbani Anmar,Faleh Alhogbani Anmar
49984,Falei/ Iatcenko,Falei/ Iatcenko
104367,Falkowska/ Garcia-Perez,Falkowska/ Garcia-Perez
105218,Falkowska/ Karatancheva,Falkowska/ Karatancheva
105707,Falkowska/ Smith,Falkowska/ Smith
105367,Falkowska/ Tkacheva,Falkowska/ Tkacheva
102773,Falkowska/ Vilar,Falkowska/ Vilar
105817,Faltinger/ Pikkaart,Faltinger/ Pikkaart
102975,Faludi/ Szabo,Faludi/ Szabo
1857,Fancutt T.,Fancutt T.
1857,John Fancutt Thomas,Fancutt T.
1857,T. J. Fancutt,Fancutt T.
19676,Fancutt/ Rai,Fancutt/ Rai
106198,Fancutt/ Suarez,Fancutt/ Suarez
106936,Fancutt/ Watanabe,Fancutt/ Watanabe
87025,F. Meng,Fanming Meng
87025,Fanming Meng,Fanming Meng
571,Fanselow S.,Fanselow S.
571,Sebastian Fanselow,Fanselow S.
93495,F. Alberca,Fantino Alberca de las Casas
93495,Fantino Alberca de las Casas,Fantino Alberca de las Casas
75548,Farag-Cao/ Peck,Farag-Cao/ Peck
105922,Farag-Cao/ Roberts,Farag-Cao/ Roberts
79642,F. Zakaria,Fares Zakaria
79642,Fares Zakaria,Fares Zakaria
824,Faria J.,Faria J.
824,J. Faria,Faria J.
824,Jaime Faria,Faria J.
105416,Faria/ Guimaraes,Faria/ Guimaraes
107113,Faria/ Quesada Perez,Faria/ Quesada Perez
105774,Farjat/ Vankan,Farjat/ Vankan
105591,Farm/ Hovde,Farm/ Hovde
106389,Farzam/ Finkelstein,Farzam/ Finkelstein
105413,Farzam/ Lopez Cherubino,Farzam/ Lopez Cherubino
107507,Farzam/ Zapp,Farzam/ Zapp
104621,Farzami/ Isaacs,Farzami/ Isaacs
104457,Farzami/ Ksandinov,Farzami/ Ksandinov
107243,Faucon/ Majdandzic,Faucon/ Majdandzic
92642,Faucon/ Uzhylovskyi,Faucon/ Uzhylovskyi
106801,Faucon/ Vance,Faucon/ Vance
65519,Faurel T.,Faurel T.
65519,T. Faurel,Faurel T.
65519,Thomas Faurel,Faurel T.
104794,Faustini/ Fiorani,Faustini/ Fiorani
106258,Faustini/ Grekul,Faustini/ Grekul
105261,Faustini/ Ortenzi,Faustini/ Ortenzi
1295,F. Tabacco,Fausto Tabacco
1295,Fausto Tabacco,Fausto Tabacco
105242,Favier/ Inisan,Favier/ Inisan
12951,Fearnley J.,Fearnley J.
12951,J. Fearnley,Fearnley J.
12951,Jacob Fearnley,Fearnley J.
107132,Fedeli/ Noel,Fedeli/ Noel
38833,F. Aguilar Cardozo,Federico Aguilar Cardozo
38833,Federico Aguilar Cardozo,Federico Aguilar Cardozo
1240,F. Arnaboldi,Federico Arnaboldi
1240,Federico Arnaboldi,Federico Arnaboldi
13407,F. Bove,Federico Bove
13407,Federico Bove,Federico Bove
69611,Federico Gonzalez Benitez,Federico Gonzalez Benitez
5673,F. Iannaccone,Federico Iannaccone
5673,Federico Iannaccone,Federico Iannaccone
38982,F. Valle,Federico Valle
38982,Federico Valle,Federico Valle
1253,F. Zeballos,Federico Zeballos
1253,Federico Zeballos,Federico Zeballos
66793,F. Sosedkin,Fedor Sosedkin
66793,Fedor Sosedkin,Fedor Sosedkin
100355,Fedorova/ Sedysheva,Fedorova/ Sedysheva
107140,Fehr/ Lewis,Fehr/ Lewis
104829,Fehr/ Verster,Fehr/ Verster
104368,Feistel/ Gomez Pezuela Cano,Feistel/ Gomez Pezuela Cano
50508,Feistel/ Podlinska,Feistel/ Podlinska
1297,Feldbausch K.,Feldbausch K.
1297,K. Feldbausch,Feldbausch K.
1297,Kilian Feldbausch,Feldbausch K.
104552,Feldbausch/ Rolland de Ravel,Feldbausch/ Rolland de Ravel
104506,Feldmane/ Nozdrachova,Feldmane/ Nozdrachova
107445,Feldmane/ Villet,Feldmane/ Villet
101823,Felipe Assuncao Garla,Felipe Assuncao Garla
38056,F. De Dios,Felipe De Dios
38056,Felipe De Dios,Felipe De Dios
83801,Felipe Dreer,Felipe Dreer
58504,F. Pagnacco,Felipe Pagnacco
58504,Felipe Pagnacco,Felipe Pagnacco
86078,C. F. Sanchez Rojas,Felipe Sanchez Rojas Cristian
86078,Felipe Sanchez Rojas Cristian,Felipe Sanchez Rojas Cristian
79817,F. Vazquez,Felipe Vazquez
79817,Felipe Vazquez,Felipe Vazquez
38549,F. Virgili Berini,Felipe Virgili Berini
38549,Felipe Virgili Berini,Felipe Virgili Berini
3703,F. Corwin,Felix Corwin
3703,Felix Corwin,Felix Corwin
17610,F. Einig,Felix Einig
17610,Felix Einig,Felix Einig
101817,F. Raser,Felix Raser
101817,Felix Raser,Felix Raser
92494,F. Roussel,Felix Roussel
92494,Felix Roussel,Felix Roussel
104895,Fellin/ Oradini,Fellin/ Oradini
107261,Fellin/ Winter,Fellin/ Winter
56933,Feng/ Li,Feng/ Li
104564,Fenty/ Poling,Fenty/ Poling
68450,F. Livet Novkirichka,Ferdinand Livet Novkirichka
68450,Ferdinand Livet Novkirichka,Ferdinand Livet Novkirichka
87974,Ferguson/ Hazawa,Ferguson/ Hazawa
105130,Ferguson/ Lutsenko,Ferguson/ Lutsenko
103857,Ferlito Faticanti/ Garcia-Perez,Ferlito Faticanti/ Garcia-Perez
103674,Ferlito Faticanti/ Giaccio,Ferlito Faticanti/ Giaccio
105155,Ferlito Faticanti/ Lee,Ferlito Faticanti/ Lee
106550,Ferlito Faticanti/ Losciale,Ferlito Faticanti/ Losciale
106845,Ferlito Faticanti/ Sartz-Lunde,Ferlito Faticanti/ Sartz-Lunde
684,F. Tenti,Fermin Tenti
684,Fermin Tenti,Fermin Tenti
107175,Fernandez Badia/ Leguizamon,Fernandez Badia/ Leguizamon
105276,Fernandez Badia/ Orgaz,Fernandez Badia/ Orgaz
105566,Fernandez Badia/ Rossi,Fernandez Badia/ Rossi
103576,Fernandez Sanchez/ Gudelj,Fernandez Sanchez/ Gudelj
105414,Fernandez da Silva/ Hansson,Fernandez da Silva/ Hansson
3462,Fernandez/ Fernandez,Fernandez/ Fernandez
106432,Fernandez/ Herazo Gonzalez,Fernandez/ Herazo Gonzalez
72872,Fernandez/ Putintseva,Fernandez/ Putintseva
104107,Fernandez/ Starodubtseva,Fernandez/ Starodubtseva
34714,Fernando Cavallo,Fernando Cavallo
1248,Fernando Yamacita,Fernando Yamacita
105451,Ferrando Farras/ Hernandez Ramada,Ferrando Farras/ Hernandez Ramada
68533,Ferrari/ Valle,Ferrari/ Valle
105179,Ferreira Banietti/ Shibata,Ferreira Banietti/ Shibata
585,F. Ferreira Silva,Ferreira Silva F.
585,Ferreira Silva F.,Ferreira Silva F.
585,Frederico Ferreira Silva,Ferreira Silva F.
61588,Fernandes/ Silva,Ferreira Silva F.
61588,Ferreira Silva F.,Ferreira Silva F.
66579,Ferreira Silva/ Pereira,Ferreira Silva/ Pereira
106576,Ferrer Guimaraes/ Gamble,Ferrer Guimaraes/ Gamble
104700,Ferrer Perez/ Sawant,Ferrer Perez/ Sawant
106172,Ferrer/ Puig Mccallan,Ferrer/ Puig Mccallan
90963,Ferrer/ Sanclemente Claver,Ferrer/ Sanclemente Claver
29536,Ferri/ Gandolfi,Ferri/ Gandolfi
105433,Ferri/ Michalik,Ferri/ Michalik
107098,Ferri/ Minighini,Ferri/ Minighini
106246,Ferro/ Troiano,Ferro/ Troiano
8174,A. Fery,Fery A.
8174,Arthur Fery,Fery A.
8174,Fery A.,Fery A.
97629,Fery/ Lehecka,Fery/ Lehecka
104803,Fiadosik/ Panova,Fiadosik/ Panova
104458,Fiadosik/ Piskun,Fiadosik/ Piskun
106748,Fialova/ Jarolimkova,Fialova/ Jarolimkova
420,Ficovich J.P.,Ficovich J.P.
420,J. P. Ficovich,Ficovich J.P.
420,Pablo Ficovich Juan,Ficovich J.P.
107260,Ficovich/ Huertas Del Pino Cordova,Ficovich/ Huertas Del Pino Cordova
106885,Fidler/ Zdravkovski,Fidler/ Zdravkovski
106978,Figl/ Hallquist Lithen,Figl/ Hallquist Lithen
107152,Figl/ Kovac,Figl/ Kovac
64815,Figl/ Toffanin,Figl/ Toffanin
39919,F. Fumagalli,Filiberto Fumagalli
39919,Filiberto Fumagalli,Filiberto Fumagalli
105573,Filin/ Fuchs,Filin/ Fuchs
86462,F. Drab,Filip Drab
86462,Filip Drab,Filip Drab
51973,F. Gustafsson,Filip Gustafsson
51973,Filip Gustafsson,Filip Gustafsson
62340,F. Krolo,Filip Krolo
62340,Filip Krolo,Filip Krolo
1313,F. Peliwo,Filip Peliwo
1313,Filip Peliwo,Filip Peliwo
15221,F. Pieczonka,Filip Pieczonka
15221,Filip Pieczonka,Filip Pieczonka
74999,Filip Stidell,Filip Stidell
64840,Filippo Alberti,Filippo Alberti
106116,Filippo Alfano,Filippo Alfano
75671,F. Callerio,Filippo Callerio
75671,Filippo Callerio,Filippo Callerio
52609,F. Mazzola,Filippo Mazzola
52609,Filippo Mazzola,Filippo Mazzola
8324,F. Moroni,Filippo Moroni
8324,Filippo Moroni,Filippo Moroni
1759,A. Fils,Fils A.
1759,Arthur Fils,Fils A.
1759,Fils A.,Fils A.
6503,F. Bass,Finn Bass
6503,Finn Bass,Finn Bass
101814,Finn Emslie-Robson,Finn Emslie-Robson
8169,Finn Murgett,Finn Murgett
94154,Finn Willman,Finn Willman
107122,Fiorentini/ Pisanu,Fiorentini/ Pisanu
106287,Firman/ Otzipka,Firman/ Otzipka
68029,Firman/ Serban,Firman/ Serban
105115,Firman/ Sobolieva,Firman/ Sobolieva
105491,Firman/ Zaparyniuk,Firman/ Zaparyniuk
106169,Fischer/ Gschiel,Fischer/ Gschiel
105523,Fischer/ Kaserer,Fischer/ Kaserer
105546,Fishback/ Tanimoto,Fishback/ Tanimoto
106018,Fita Boluda/ Siskova,Fita Boluda/ Siskova
107293,Fita Juan/ Munk Mesa,Fita Juan/ Munk Mesa
107056,Fita Juan/ Perez Contri,Fita Juan/ Perez Contri
106874,Fitzpatrick/ McLennaghan,Fitzpatrick/ McLennaghan
66140,Fix/ Poertner,Fix/ Poertner
88183,Flavio Bocci,Flavio Bocci
104927,Fletcher/ Mirrington,Fletcher/ Mirrington
106590,Fletcher/ Samuel,Fletcher/ Samuel
107506,Flores/ Piatti,Flores/ Piatti
106601,Flores/ Sandhu,Flores/ Sandhu
15199,F. Broska,Florian Broska
15199,Florian Broska,Florian Broska
57892,Florin Breazu Matei,Florin Breazu Matei
57892,M. F. Breazu,Florin Breazu Matei
52236,Florin Pop Darius,Florin Pop Darius
107335,Fluri/ Robas,Fluri/ Robas
106891,Fluri/ Stanisavljevic,Fluri/ Stanisavljevic
70746,F. Thomas,Flynn Thomas
70746,Flynn Thomas,Flynn Thomas
22428,F. Nidunjianzan,Fnu Nidunjianzan
22428,Fnu Nidunjianzan,Fnu Nidunjianzan
106747,Foldova/ Havelkova,Foldova/ Havelkova
104756,Fomba/ Villard,Fomba/ Villard
105710,Fomin/ Marrero Curbelo,Fomin/ Marrero Curbelo
105862,Fomina-Klotz/ Toma,Fomina-Klotz/ Toma
106498,Fondriest/ Keremedchiev,Fondriest/ Keremedchiev
38110,F. Van Sambeek,Fons Van Sambeek
38110,Fons Van Sambeek,Fons Van Sambeek
40058,Fonseca J.,Fonseca J.
40058,J. Fonseca,Fonseca J.
40058,Joao Fonseca,Fonseca J.
90754,Font/ Maye Martinez,Font/ Maye Martinez
107340,Font/ Orlando Pellicero,Font/ Orlando Pellicero
107053,Fontan /  Gonzalez,Fontan /  Gonzalez
58222,Forbes M.,Forbes M.
58222,M. Forbes,Forbes M.
58222,Matthew Forbes,Forbes M.
105204,Forbes/ Kim,Forbes/ Kim
96397,Forcano/ Vervoort,Forcano/ Vervoort
74047,Forger/ Khoeblal,Forger/ Khoeblal
105315,Forger/ Van Sambeek,Forger/ Van Sambeek
106376,Fornasieri/ Goina,Fornasieri/ Goina
58810,Forti/ Ricca,Forti/ Ricca
105029,Fortier-Gariepy/ St-Laurent,Fortier-Gariepy/ St-Laurent
105918,Foshee/ Marron Baruqui,Foshee/ Marron Baruqui
105201,Foshee/ Nava Elkin,Foshee/ Nava Elkin
86817,Fossa Huergo/ Hon,Fossa Huergo/ Hon
102999,Fossa Huergo/ Korpatsch,Fossa Huergo/ Korpatsch
106311,Fossa Huergo/ Pigossi,Fossa Huergo/ Pigossi
105361,Fossa Huergo/ Salden,Fossa Huergo/ Salden
96217,Foster/ Roddick,Foster/ Roddick
92410,Foster/ Vaughan,Foster/ Vaughan
106390,Fradkin/ Lorusso,Fradkin/ Lorusso
88042,Fradkin/ McCormick,Fradkin/ McCormick
100993,Fradkin/ McKennon,Fradkin/ McKennon
105282,Frahn/ Verma,Frahn/ Verma
37856,F. Ferrari,Francesco Ferrari
37856,Francesco Ferrari,Francesco Ferrari
1191,F. Forti,Francesco Forti
1191,Francesco Forti,Francesco Forti
70265,F. F. Garbero,Francesco Garbero Filippo
70265,Francesco Garbero Filippo,Francesco Garbero Filippo
107331,Franchin/ Riccitelli,Franchin/ Riccitelli
95800,F. Faria,Francisco Faria
95800,Francisco Faria,Francisco Faria
93130,Francisco Munoz Juan,Francisco Munoz Juan
84552,Franco Dias/ Losciale,Franco Dias/ Losciale
101824,Franco Marini,Franco Marini
8144,F. Ribero,Franco Ribero
8144,Franco Ribero,Franco Ribero
21084,Francois Musitelli,Francois Musitelli
86145,Franke/ Wiskandt,Franke/ Wiskandt
104336,Frankovic/ Rohseano,Frankovic/ Rohseano
86393,Frantzen/ Haase,Frantzen/ Haase
106398,Franzmann/ Jung,Franzmann/ Jung
23580,F. Rengifo,Frazier Rengifo
23580,Frazier Rengifo,Frazier Rengifo
28599,Freddie Ridout,Freddie Ridout
59058,F. Murray,Freddy Murray
59058,Freddy Murray,Freddy Murray
105435,Frederichs/ Korpatsch,Frederichs/ Korpatsch
20775,Frederik Pape Valdemar,Frederik Pape Valdemar
20775,V. F. Pape,Frederik Pape Valdemar
69261,Freire Da Silva/ Genier,Freire Da Silva/ Genier
106431,Freire Da Silva/ Ifi,Freire Da Silva/ Ifi
64659,Freire Da Silva/ Walch,Freire Da Silva/ Walch
71472,Frey/ Ionescu,Frey/ Ionescu
106088,Frey/ Stephens,Frey/ Stephens
759,Friberg K.,Friberg K.
759,K. Friberg,Friberg K.
759,Karl Friberg,Friberg K.
22434,Friberg/ Mridha,Friberg/ Mridha
106856,Friberg/ Rejchtman Vinciguerra,Friberg/ Rejchtman Vinciguerra
105237,Friedman/ Garcia Alonso,Friedman/ Garcia Alonso
105373,Friedsam A-/Perelygina,Friedsam A-/Perelygina
2832,Fritz T.,Fritz T.
2832,T. Fritz,Fritz T.
2832,Taylor Fritz,Fritz T.
106330,Frodin/ Hewitt,Frodin/ Hewitt
104953,Frodin/ Rajeshwaran Revathi,Frodin/ Rajeshwaran Revathi
106604,Frusina/ Nolan,Frusina/ Nolan
105206,Frusina/ Roddick,Frusina/ Roddick
75097,Frutos Alonso/ Nunez Vera,Frutos Alonso/ Nunez Vera
53799,F. Lechno-Wasiutynski,Fryderyk Lechno-Wasiutynski
53799,Fryderyk Lechno-Wasiutynski,Fryderyk Lechno-Wasiutynski
104611,Frydrych/ Kunitsyn,Frydrych/ Kunitsyn
106592,Frydrych/ Stephens,Frydrych/ Stephens
62930,Fu Wong Tsz,Fu Wong Tsz
62930,T. F. Wong,Fu Wong Tsz
106935,Fuchs/ Fuchs,Fuchs/ Fuchs
107031,Fuchs/ Perez,Fuchs/ Perez
61647,Fuchs/ Thayne,Fuchs/ Thayne
2833,Fucsovics M.,Fucsovics M.
2833,M. Fucsovics,Fucsovics M.
2833,Marton Fucsovics,Fucsovics M.
95947,Fuele/ Hoeyeraal,Fuele/ Hoeyeraal
105212,Fukuda/ Matsui,Fukuda/ Matsui
106138,Fukuda/ Mitsui,Fukuda/ Mitsui
104092,Fukuda/ Nakagawa,Fukuda/ Nakagawa
106493,Fukuda/ Tange,Fukuda/ Tange
105892,Fulgenzi/ Middleton,Fulgenzi/ Middleton
105556,Fullana/ Mediorreal,Fullana/ Mediorreal
105884,Fullana/ Souza,Fullana/ Souza
105434,Fumagalli/ Liusso,Fumagalli/ Liusso
54608,Fumagalli/ Vincent Ruggeri,Fumagalli/ Vincent Ruggeri
80790,F. Jiang,Fumin Jiang
80790,Fumin Jiang,Fumin Jiang
87768,Funk/ Maute,Funk/ Maute
102381,Funk/ Reilly,Funk/ Reilly
101365,Furlanetto/ Parizzia,Furlanetto/ Parizzia
104257,Furutani/ Oigawa,Furutani/ Oigawa
106872,Fusenig -/Henke,Fusenig -/Henke
87420,G. A. Carvalho,G. A. Carvalho
14036,G. A. Craciun,G. A. Craciun
75456,G. A. Monteleone,G. A. Monteleone
86098,G. A. Musat,G. A. Musat
93928,G. Amorim,G. Amorim
92264,G. Bernstein,G. Bernstein
25,G. Bestetti,G. Bestetti
106651,G. Branchetti,G. Branchetti
106651,Giovanni Branchetti,G. Branchetti
38791,G. Broadfoot,G. Broadfoot
4752,G. Ce,G. Ce
106572,G. Cerelli,G. Cerelli
90148,G. Da Rosa Castro,G. Da Rosa Castro
90148,Goncalo Da Rosa Castro,G. Da Rosa Castro
10748,G. De Santis,G. De Santis
104447,G. Delattre,G. Delattre
102543,G. Djurickovic,G. Djurickovic
107574,G. E. Israelan,G. E. Israelan
38149,G. Feistel,G. Feistel
92801,G. Ferro,G. Ferro
1784,G. Garcia-Perez,G. Garcia-Perez
97857,G. Gomes Ferreira,G. Gomes Ferreira
74171,G. Groth,G. Groth
106024,G. H. Song Kwon,G. H. Song Kwon
36585,G. Hays,G. Hays
106707,G. Horelka,G. Horelka
7249,G. I. Justo,G. I. Justo
7249,Ivan Justo Guido,G. I. Justo
107628,G. I. Ursini,G. I. Ursini
84069,G. Ivanovic,G. Ivanovic
32808,G. Jang,G. Jang
38296,G. Jang,G. Jang
7637,G. Johns,G. Johns
7637,Garrett Johns,G. Johns
84311,G. Kawano Cho,G. Kawano Cho
24736,G. Knutson,G. Knutson
86611,G. Koenig,G. Koenig
68679,G. Krastenova,G. Krastenova
87542,G. Levinsky,G. Levinsky
106342,G. M. Aguilar,G. M. Aguilar
19899,G. M. Dittmann,G. M. Dittmann
55153,G. Maduzzi,G. Maduzzi
142,G. Maristany,G. Maristany
78523,G. Mikaul,G. Mikaul
2191,G. Minnen,G. Minnen
9222,G. Mpetshi Perricard,G. Mpetshi Perricard
9222,Giovanni Mpetshi Perricard,G. Mpetshi Perricard
54699,G. Nahum,G. Nahum
10320,G. P. Tumasonis,G. P. Tumasonis
66699,G. Paun,G. Paun
10892,G. Pedone,G. Pedone
89985,G. Pop,G. Pop
114,G. Price,G. Price
67677,G. Prodan,G. Prodan
73782,G. Rizzetto,G. Rizzetto
1151,G. Ruse,G. Ruse
107575,G. Russo,G. Russo
39108,G. S. Lee,G. S. Lee
69063,G. S. Popa,G. S. Popa
78280,G. Schincariol Delatorre Barbosa,G. Schincariol Delatorre Barbosa
968,G. Srbljak,G. Srbljak
87144,G. Theilgaard,G. Theilgaard
169,G. Topalova,G. Topalova
106573,G. V. Costa,G. V. Costa
36835,G. Valdoleiros,G. Valdoleiros
68710,G. Xu,G. Xu
55064,G. Zeitune,G. Zeitune
1366,G. da Silva Fick,G. da Silva Fick
106678,GARCIA/ Lopes,GARCIA/ Lopes
107090,GIALLEONARDO/ Soares,GIALLEONARDO/ Soares
103011,Gabet/ Kaouk,Gabet/ Kaouk
106156,Gabet/ Murray,Gabet/ Murray
104924,Gabet/ Rybkin,Gabet/ Rybkin
11413,Gabon,Gabon
32300,Gabor Hornung,Gabor Hornung
74231,A. G. Szoke,Gabor Szoke Adam
74231,Gabor Szoke Adam,Gabor Szoke Adam
106565,Gabotto/ Rossi,Gabotto/ Rossi
398,G. Debru,Gabriel Debru
398,Gabriel Debru,Gabriel Debru
69520,G. Ghetu,Gabriel Ghetu
69520,Gabriel Ghetu,Gabriel Ghetu
67686,C. G. Papoe,Gabriel Papoe Cezar
67686,Gabriel Papoe Cezar,Gabriel Papoe Cezar
99957,G. Sardo,Gabriel Sardo
99957,Gabriel Sardo,Gabriel Sardo
39170,G. Schenekenberg,Gabriel Schenekenberg
39170,Gabriel Schenekenberg,Gabriel Schenekenberg
105825,Gabriel/ Peet,Gabriel/ Peet
750,G. Bosio,Gabriele Bosio
750,Gabriele Bosio,Gabriele Bosio
87125,G. Crivellaro,Gabriele Crivellaro
87125,Gabriele Crivellaro,Gabriele Crivellaro
652,G. Pennaforti,Gabriele Pennaforti
652,Gabriele Pennaforti,Gabriele Pennaforti
1245,G. Piraino,Gabriele Piraino
1245,Gabriele Piraino,Gabriele Piraino
64524,Gabriele Volpi,Gabriele Volpi
52676,G. Vulpitta,Gabriele Vulpitta
52676,Gabriele Vulpitta,Gabriele Vulpitta
104991,Gadient/ Mihail,Gadient/ Mihail
105786,Gadient/ Volkova,Gadient/ Volkova
72614,Gadoiu/ Manda,Gadoiu/ Manda
106216,Gadoiu/ Varbanciu,Gadoiu/ Varbanciu
794,Gage Brymer,Gage Brymer
93631,Gagliardo/ Guadagno,Gagliardo/ Guadagno
106993,Gagliardo/ Valente,Gagliardo/ Valente
107259,Gaillard/ Schueller,Gaillard/ Schueller
574,Gakhov I.,Gakhov I.
574,I. Gakhov,Gakhov I.
574,Ivan Gakhov,Gakhov I.
1735,D. E. Galan,Galan D.E.
1735,Elahi Galan Daniel,Galan D.E.
1735,Galan D.E.,Galan D.E.
34000,D. E. Galan,Galan D.E.
34000,Galan D.E.,Galan D.E.
557,A. Galarneau,Galarneau A.
557,Alexis Galarneau,Galarneau A.
557,Galarneau A.,Galarneau A.
105726,Galarneau/ Tomic,Galarneau/ Tomic
105998,Galarraga/ Gonzalez Gonzalez,Galarraga/ Gonzalez Gonzalez
104573,Galarraga/ Yunez,Galarraga/ Yunez
105513,Gallardo Guevara/ Zozaya Menendez,Gallardo Guevara/ Zozaya Menendez
105568,Gallego/ Grippo,Gallego/ Grippo
107071,Gallego/ Kapasi,Gallego/ Kapasi
107265,Galloway/ Goransson,Galloway/ Goransson
66577,Galloway/ King,Galloway/ King
104200,Galloway/ Kirkov,Galloway/ Kirkov
100531,Galloway/ Peers,Galloway/ Peers
104667,Galus/ Kovac,Galus/ Kovac
107100,Galus/ Kypriotis,Galus/ Kypriotis
104364,Galus/ Tumosa,Galus/ Tumosa
105574,Gamble/ Long,Gamble/ Long
107622,Gamble/ Mekhael,Gamble/ Mekhael
106199,Gamble/ Patel,Gamble/ Patel
105911,Gamble/ Wells,Gamble/ Wells
105792,Gamretkaia/ Kryvoruchko,Gamretkaia/ Kryvoruchko
104209,Ganchev/ Genov,Ganchev/ Genov
103540,Ganchev/ Maes,Ganchev/ Maes
107338,Gander/ Stanisavljevic,Gander/ Stanisavljevic
106267,Gandolfi/ Mariani,Gandolfi/ Mariani
86491,Gandolfi/ Pizzigoni,Gandolfi/ Pizzigoni
105342,Ganesan/ Martin,Ganesan/ Martin
107021,Gannon/ MacKinlay,Gannon/ MacKinlay
67867,Ganta/  Javia,Ganta/  Javia
105324,Ganta/  Jones,Ganta/  Jones
89789,Ganta/  Matsuda,Ganta/  Matsuda
104677,Ganta/  Shah,Ganta/  Shah
70876,Gao/ Han,Gao/ Han
106481,Gao/ Lan,Gao/ Lan
85551,Gao/ Zeng,Gao/ Zeng
104718,Garakani/ Ivantsiv,Garakani/ Ivantsiv
105259,Garakani/ Sramkova,Garakani/ Sramkova
105607,Garakani/ Zaremba,Garakani/ Zaremba
106276,Garay/ Mondati,Garay/ Mondati
107631,Garay/ Ross,Garay/ Ross
100215,Garbero/ Sciahbasi,Garbero/ Sciahbasi
93825,Garcia Alonso/ Lopez Alcaraz,Garcia Alonso/ Lopez Alcaraz
104339,Garcia Alonso/ Pikkaart,Garcia Alonso/ Pikkaart
104701,Garcia Alonso/ Popescu,Garcia Alonso/ Popescu
105672,Garcia Beitia/ Giordano,Garcia Beitia/ Giordano
77249,A. G. Carbajal,Garcia Carbajal Alejandro
77249,Garcia Carbajal Alejandro,Garcia Carbajal Alejandro
83685,Garcia Garcia/ Petrov,Garcia Garcia/ Petrov
102130,Garcia Longo/ Grippo,Garcia Longo/ Grippo
105271,Garcia Longo/ Monferrer,Garcia Longo/ Monferrer
104281,Garcia Longo/ Tabata,Garcia Longo/ Tabata
69977,Garcia Mestre/ Naharro,Garcia Mestre/ Naharro
94006,Garcia Paez/ Lopez Cherubino,Garcia Paez/ Lopez Cherubino
85698,Garcia Paez/ Pedrico Kravtsov,Garcia Paez/ Pedrico Kravtsov
106222,Garcia Reboredo Montesdeoca/ Leon,Garcia Reboredo Montesdeoca/ Leon
61728,Garcia Vidal/ Da Cruz Mendonca,Garcia Vidal/ Da Cruz Mendonca
107064,Garcia-Patron Canals/ Losciale,Garcia-Patron Canals/ Losciale
106404,Garcia-Patron Canals/ Schueller,Garcia-Patron Canals/ Schueller
105362,Garcia-Perez/ Ibragimova,Garcia-Perez/ Ibragimova
106830,Garcia-Perez/ Mansouri,Garcia-Perez/ Mansouri
105150,Garcia-Perez/ Teixido Garcia,Garcia-Perez/ Teixido Garcia
107040,Garcia-Perez/ Turini,Garcia-Perez/ Turini
107344,Garcia/ Garcia-Patron Canals,Garcia/ Garcia-Patron Canals
105138,Garcia/ Ivantsiv,Garcia/ Ivantsiv
19909,Garcia/ Mansilla Diez,Garcia/ Mansilla Diez
80075,Garcian/ Ghazouani Durand,Garcian/ Ghazouani Durand
65442,Garcian/ Nagel,Garcian/ Nagel
104645,Garcian/ Ponchet,Garcian/ Ponchet
104766,Gardiner/ Montiel,Gardiner/ Montiel
105202,Gardiner/ Teixido Garcia,Gardiner/ Teixido Garcia
104404,Gardiner/ Verma,Gardiner/ Verma
2071,C. Garin,Garin C.
2071,Cristian Garin,Garin C.
2071,Garin C.,Garin C.
104435,Garnevska/ Konstantinova,Garnevska/ Konstantinova
105815,Garnevska/ Simeonova,Garnevska/ Simeonova
78880,Gasparovic/ Perelygina,Gasparovic/ Perelygina
71505,Gasper Matijasic,Gasper Matijasic
404,Gastao Elias,Gastao Elias
1102,Gaston H.,Gaston H.
1102,H. Gaston,Gaston H.
1102,Hugo Gaston,Gaston H.
9385,Gaubas V.,Gaubas V.
9385,V. Gaubas,Gaubas V.
9385,Vilius Gaubas,Gaubas V.
2879,Gauff/ McNally,Gauff/ McNally
85957,G. Goode,Gavin Goode
85957,Gavin Goode,Gavin Goode
56781,G. Young,Gavin Young
56781,Gavin Young,Gavin Young
107128,Gavrielides/ Loosen,Gavrielides/ Loosen
104721,Gavrila/ Prisacariu,Gavrila/ Prisacariu
37158,Gavrila/ Sakellaridi,Gavrila/ Sakellaridi
96126,Gavrila/ Sebestova,Gavrila/ Sebestova
105161,Gavrila/ Szabo,Gavrila/ Szabo
105736,Gavrila/ Webley-Smith,Gavrila/ Webley-Smith
69365,Gay/ Ramos Sierra,Gay/ Ramos Sierra
105819,Gayoso de los Rios/ Palazon,Gayoso de los Rios/ Palazon
9210,A. Gea,Gea A.
9210,Arthur Gea,Gea A.
9210,Gea A.,Gea A.
107406,Geenen/ Lootsma,Geenen/ Lootsma
105112,Geenen/ Sultanov,Geenen/ Sultanov
88053,Geenen/ Van Tilburg,Geenen/ Van Tilburg
106503,Geenen/ Wassermann,Geenen/ Wassermann
587,Geerts M.,Geerts M.
587,M. Geerts,Geerts M.
587,Michael Geerts,Geerts M.
107022,Geerts/ Martineau,Geerts/ Martineau
106434,Geerts/ Perez,Geerts/ Perez
86135,Genier/ Nikles,Genier/ Nikles
107641,Genier/ Scaglia,Genier/ Scaglia
104773,Genier/ Stepanov,Genier/ Stepanov
89915,Gennaro/ Lombardini,Gennaro/ Lombardini
80212,Gennaro/ Zucchini,Gennaro/ Zucchini
104549,Genov/ Wehnelt,Genov/ Wehnelt
103623,Gentili/ Nosei,Gentili/ Nosei
104238,Gentili/ Troiano,Gentili/ Troiano
2501,Gentzsch T.,Gentzsch T.
2501,T. Gentzsch,Gentzsch T.
2501,Tom Gentzsch,Gentzsch T.
107414,Georgakopoulou/ Scuppa,Georgakopoulou/ Scuppa
21806,G. Lazarov,George Lazarov
21806,George Lazarov,George Lazarov
51971,G. Nanobashvili Saba,George Nanobashvili Saba
51971,George Nanobashvili Saba,George Nanobashvili Saba
96734,George/ Horwood,George/ Horwood
105677,George/ Rozin,George/ Rozin
72064,George/ Vithoontien,George/ Vithoontien
73247,G. Georgiev,Georgi Georgiev
73247,Georgi Georgiev,Georgi Georgiev
106452,Georgiev/ Naydenov,Georgiev/ Naydenov
2106,G. Kravchenko,Georgii Kravchenko
2106,Georgii Kravchenko,Georgii Kravchenko
105879,Gerald Gonzalez/ Rivoli,Gerald Gonzalez/ Rivoli
100533,Gerald Gonzalez/ Rodero,Gerald Gonzalez/ Rodero
105176,Gerald Gonzalez/ Torres Murcia,Gerald Gonzalez/ Torres Murcia
10845,G. Campana Lee,Gerard Campana Lee
10845,Gerard Campana Lee,Gerard Campana Lee
368,Egor Gerasimov,Gerasimov E.
368,Gerasimov E.,Gerasimov E.
105854,Gerbaud/ Haita,Gerbaud/ Haita
104678,Gerch/ Vance,Gerch/ Vance
94494,Gergec/ Silva,Gergec/ Silva
834,Gergely Madarasz,Gergely Madarasz
11449,Ghana,Ghana
19631,Ghana W,Ghana W
101596,Gharbi/ Rebai,Gharbi/ Rebai
104686,Gharib/ Jouhari,Gharib/ Jouhari
104972,Ghetu/ Haita,Ghetu/ Haita
107582,Ghetu/ Melnic,Ghetu/ Melnic
9234,A. Ghibaudo,Ghibaudo A.
9234,Antoine Ghibaudo,Ghibaudo A.
9234,Ghibaudo A.,Ghibaudo A.
106257,Ghirardato/ Stagno,Ghirardato/ Stagno
103202,Ghirardato/ Zozaya Menendez,Ghirardato/ Zozaya Menendez
39011,G. Crisostomo,Giacomo Crisostomo
39011,Giacomo Crisostomo,Giacomo Crisostomo
105487,Giambelli/ Pistola,Giambelli/ Pistola
106530,Giambelli/ Stagno,Giambelli/ Stagno
23986,Giamichelle/ Teramo,Giamichelle/ Teramo
106995,Giamichelle/ Vergara del Puerto,Giamichelle/ Vergara del Puerto
10853,G. Gandolfi,Giammarco Gandolfi
10853,Giammarco Gandolfi,Giammarco Gandolfi
94272,Gian Durrer,Gian Durrer
73133,Gian Gruenig,Gian Gruenig
55611,Gianluca Brunkow,Gianluca Brunkow
64735,G. Carlini,Gianluca Carlini
64735,Gianluca Carlini,Gianluca Carlini
658,G. Ferrari,Gianmarco Ferrari
658,Gianmarco Ferrari,Gianmarco Ferrari
21354,G. Misasi,Giannicola Misasi
21354,Giannicola Misasi,Giannicola Misasi
106577,Giese/ Landau,Giese/ Landau
93554,Giese/ Menichella,Giese/ Menichella
105352,Giese/ Rafiq,Giese/ Rafiq
1187,Gigante M.,Gigante M.
1187,Matteo Gigante,Gigante M.
106168,Gil Garcia/ Leitner,Gil Garcia/ Leitner
106648,Gil Garcia/ Mashtakov,Gil Garcia/ Mashtakov
105081,Gil Garcia/ Milosavljevic,Gil Garcia/ Milosavljevic
104442,Gil Garcia/ Trongcharoenchaikul,Gil Garcia/ Trongcharoenchaikul
84713,G. Ravasio,Gilberto Ravasio
84713,Gilberto Ravasio,Gilberto Ravasio
1208,F. Gill,Gill F.
1208,Felix Gill,Gill F.
1208,Gill F.,Gill F.
106441,Gille/ Sachko,Gille/ Sachko
90887,Gille/ Verbeek,Gille/ Verbeek
107227,Gima/ Partal,Gima/ Partal
30118,Gima/ Tomescu,Gima/ Tomescu
102550,Gimbrere/ Sakellaridi,Gimbrere/ Sakellaridi
106173,Gimenez/ Picard,Gimenez/ Picard
107453,Giordano/ Hrda,Giordano/ Hrda
104222,Giordano/ Liu,Giordano/ Liu
105050,Giordano/ Ortega Redondo,Giordano/ Ortega Redondo
14127,G. Tabacco,Giorgio Tabacco
14127,Giorgio Tabacco,Giorgio Tabacco
107104,Giotis/ Thurner,Giotis/ Thurner
93927,G. Ciocca,Giovanni Ciocca
93927,Giovanni Ciocca,Giovanni Ciocca
1855,Giovanni Fonio,Giovanni Fonio
862,G. Oradini,Giovanni Oradini
862,Giovanni Oradini,Giovanni Oradini
49689,Giovannini/ Giovannini,Giovannini/ Giovannini
106867,Giraldi/ Heinrich,Giraldi/ Heinrich
106660,Giraldi/ Mathes,Giraldi/ Mathes
1766,Giron M.,Giron M.
1766,M. Giron,Giron M.
1766,Marcos Giron,Giron M.
104513,Giron/ Tabilo,Giron/ Tabilo
15278,G. Perego,Giulio Perego
15278,Giulio Perego,Giulio Perego
8323,G. La Vela,Giuseppe La Vela
8323,Giuseppe La Vela,Giuseppe La Vela
370,Giustino L.,Giustino L.
370,L. Giustino,Giustino L.
370,Lorenzo Giustino,Giustino L.
106907,Giza/ Groth,Giza/ Groth
105285,Gjinaj/ Ho,Gjinaj/ Ho
106916,Glarner/ Ulrich,Glarner/ Ulrich
106015,Glarner/ Zaytsev,Glarner/ Zaytsev
104722,Glaser/ Marcinkevica,Glaser/ Marcinkevica
105864,Glaser/ Parcelli,Glaser/ Parcelli
104879,Glasspool/ Mihalikova,Glasspool/ Mihalikova
90843,G. Pinheiro da Cruz Junior,Glauco Pinheiro da Cruz Junior
90843,Glauco Pinheiro da Cruz Junior,Glauco Pinheiro da Cruz Junior
76826,G. Sekachov,Glib Sekachov
76826,Glib Sekachov,Glib Sekachov
105431,Gloeckler/ Gschiel,Gloeckler/ Gschiel
105778,Gloeckler/ Hausberger,Gloeckler/ Hausberger
29104,Gloeckler/ Waldner,Gloeckler/ Waldner
106832,Glowacka/ Strzelecka,Glowacka/ Strzelecka
105855,Glushko/ Serban,Glushko/ Serban
107457,Glushkova/ Yamazaki,Glushkova/ Yamazaki
74953,Glushkova/ Zaparyniuk,Glushkova/ Zaparyniuk
105834,Gniewkowska/ Hansen,Gniewkowska/ Hansen
88396,Gniewkowska/ Husar,Gniewkowska/ Husar
106231,Gniewkowska/ Podlinska,Gniewkowska/ Podlinska
104800,Gnjidic/ Jutresa,Gnjidic/ Jutresa
104437,Gobbi Monllau/ Kozak,Gobbi Monllau/ Kozak
104394,Godsick/ Weber,Godsick/ Weber
105870,Goetz/ Gruber,Goetz/ Gruber
2385,D. Goffin,Goffin D.
2385,David Goffin,Goffin D.
2385,Goffin D.,Goffin D.
104770,Gogineni/ Shearer,Gogineni/ Shearer
105925,Gogineni/ Suarez,Gogineni/ Suarez
106200,Gogineni/ Young,Gogineni/ Young
104434,Goina/ Hejtmanek,Goina/ Hejtmanek
105470,Goina/ Kovacevic,Goina/ Kovacevic
107134,Goina/ Ogescu,Goina/ Ogescu
104707,Goina/ Pochtovyk,Goina/ Pochtovyk
107419,Goina/ Sagmar,Goina/ Sagmar
92872,Goina/ Zaparyniuk,Goina/ Zaparyniuk
101627,Goity Zapico/ Meneo,Goity Zapico/ Meneo
377,B. Gojo,Gojo B.
377,Borna Gojo,Gojo B.
377,Gojo B.,Gojo B.
29350,Gojo/ Harris,Gojo/ Harris
13540,G. Saritas,Gokberk Saritas
13540,Gokberk Saritas,Gokberk Saritas
104626,Gokpinar/ Mahjoob,Gokpinar/ Mahjoob
106377,Golda/ Krzesniak,Golda/ Krzesniak
107054,Goldberg Alviani/ Meneses Perny,Goldberg Alviani/ Meneses Perny
100566,Goldhoff/ Harper,Goldhoff/ Harper
78587,Goldhoff/ Hilderbrand,Goldhoff/ Hilderbrand
106955,Golescu/ Prunescu Nita,Golescu/ Prunescu Nita
104992,Golovina/ Lansere,Golovina/ Lansere
105512,Golovina/ Pavlova,Golovina/ Pavlova
6019,Golubev/ Nedovyesov,Golubev/ Nedovyesov
104532,Golubic/ Valentova,Golubic/ Valentova
397,Gombos N.,Gombos N.
397,N. Gombos,Gombos N.
397,Norbert Gombos,Gombos N.
106029,F. Torres Gomez,Gomez F.A.
106029,Gomez F.A.,Gomez F.A.
717,Agustin Gomez Federico,Gomez F.A.
717,F. A. Gomez,Gomez F.A.
717,Gomez F.A.,Gomez F.A.
106838,Gomez O'Hayon/ Rus,Gomez O'Hayon/ Rus
104641,Gomez Osorio/ Van Weldam,Gomez Osorio/ Van Weldam
27064,Gomez Pezuela Cano/ Reasco Gonzalez,Gomez Pezuela Cano/ Reasco Gonzalez
36367,Gomez/ Kestelboim,Gomez/ Kestelboim
104570,Gomez/ Rodrigues,Gomez/ Rodrigues
105871,Gomez/ Simunyu,Gomez/ Simunyu
104231,Gomez/ Stephens,Gomez/ Stephens
29689,Gomez/ Zhu,Gomez/ Zhu
58113,G. Marques,Goncalo Marques
58113,Goncalo Marques,Goncalo Marques
60841,Goncharova/ Tattini,Goncharova/ Tattini
75098,Gonzalez Benitez/ Martinez Morel,Gonzalez Benitez/ Martinez Morel
105904,Gonzalez Fitzmaurice/ Strode,Gonzalez Fitzmaurice/ Strode
106426,Gonzalez Gonzalez/ Reyes Tiraldo,Gonzalez Gonzalez/ Reyes Tiraldo
59711,Gonzalez-Galino/ Cesar Porras,Gonzalez-Galino/ Cesar Porras
104922,Gonzalez-Galino/ Konduri,Gonzalez-Galino/ Konduri
102255,Gonzalez/ Gonzalez,Gonzalez/ Gonzalez
104964,Gonzalez/ Hidalgo,Gonzalez/ Hidalgo
107079,Gonzalez/ Ho,Gonzalez/ Ho
107052,Gonzalez/ Navedo Espejo,Gonzalez/ Navedo Espejo
106075,Gonzalez/ Pacheco Mendez,Gonzalez/ Pacheco Mendez
18356,Gonzalez/ Reyes-Varela,Gonzalez/ Reyes-Varela
104931,Gonzalez/ Suljic,Gonzalez/ Suljic
72780,Goran Verwerft Lars,Goran Verwerft Lars
72780,L. G. Verwerft,Goran Verwerft Lars
100272,Goransson/ King,Goransson/ King
104884,Goransson/ Routliffe,Goransson/ Routliffe
5347,Goransson/ Ruud,Goransson/ Ruud
96829,Gorgodze/ Oz,Gorgodze/ Oz
105116,Gorgodze/ Tsygourova,Gorgodze/ Tsygourova
107036,Gorska/ Paszun,Gorska/ Paszun
86174,Gorska/ Slavikova,Gorska/ Slavikova
100868,Gorska/ Sucha,Gorska/ Sucha
105928,Goto/ Jeong,Goto/ Jeong
106296,Goto/ Lee,Goto/ Lee
106751,Gottvaldova/ Tvrzska,Gottvaldova/ Tvrzska
7368,Grabher/ Kraus,Grabher/ Kraus
106279,Gram/ Monteleone,Gram/ Monteleone
107206,Grammatikopoulou/ Lemaitre,Grammatikopoulou/ Lemaitre
50326,Grammatikopoulou/ Matoula,Grammatikopoulou/ Matoula
20484,Grammatikopoulou/ Strakhova,Grammatikopoulou/ Strakhova
2870,Granollers/ Zeballos,Granollers/ Zeballos
105732,Grant/ Ibragimova,Grant/ Ibragimova
107192,Granwehr/ Pedone,Granwehr/ Pedone
2110,A. Gray,Gray A.
2110,Alastair Gray,Gray A.
2110,Gray A.,Gray A.
83187,G. Voelzke,Gray Voelzke
83187,Gray Voelzke,Gray Voelzke
104925,Gray/ Mcelnea,Gray/ Mcelnea
107025,Gray/ Rybakov,Gray/ Rybakov
87149,Gray/ Stewart,Gray/ Stewart
105380,Gregoire Delattre,Gregoire Delattre
56006,G. Hausberger,Gregor Hausberger
56006,Gregor Hausberger,Gregor Hausberger
38038,Gregor Ramskogler,Gregor Ramskogler
104360,Gregorczyk/ Piotrowska,Gregorczyk/ Piotrowska
31886,G. Biondolillo,Gregorio Biondolillo
31886,Gregorio Biondolillo,Gregorio Biondolillo
105560,Gregoriou/ Terblanche,Gregoriou/ Terblanche
1073,Grenier H.,Grenier H.
1073,H. Grenier,Grenier H.
1073,Hugo Grenier,Grenier H.
104806,Greschner/ Ignatov,Greschner/ Ignatov
106359,Gretskiy/ Khodorchenko,Gretskiy/ Khodorchenko
106632,Gretskiy/ Pleshivtsev,Gretskiy/ Pleshivtsev
105643,Gretskiy/ Shirokyi,Gretskiy/ Shirokyi
55077,Grevelius/ Heinonen,Grevelius/ Heinonen
104560,Grevelius/ Poljak,Grevelius/ Poljak
95233,Gribaldo/ Massellani,Gribaldo/ Massellani
427,Griekspoor T.,Griekspoor T.
427,T. Griekspoor,Griekspoor T.
427,Tallon Griekspoor,Griekspoor T.
8053,Griekspoor/ Van De Zandschulp,Griekspoor/ Van De Zandschulp
106903,Griffiths/ Korpanec Davies,Griffiths/ Korpanec Davies
105872,Grigoreva/ Rose,Grigoreva/ Rose
1869,G. Lomakin,Grigoriy Lomakin
1869,Grigoriy Lomakin,Grigoriy Lomakin
49590,G. Shebekin,Grigory Shebekin
49590,Grigory Shebekin,Grigory Shebekin
105267,Grippo/ Camargo Lima,Grippo/ Camargo Lima
101927,Gruber/ Ramharter,Gruber/ Ramharter
107143,Grubor/ Guth,Grubor/ Guth
69469,Grundtvig Jorgensen Sebastian,Grundtvig Jorgensen Sebastian
69469,S. G. Jorgensen,Grundtvig Jorgensen Sebastian
105437,Grunewald/ Venkatraman,Grunewald/ Venkatraman
61513,Grzegorzewski/ Majchrzak,Grzegorzewski/ Majchrzak
106207,Grzegorzewski/ Pereira,Grzegorzewski/ Pereira
107229,Grzegorzewski/ Sadzik,Grzegorzewski/ Sadzik
106623,Grzegorzewski/ Thurner,Grzegorzewski/ Thurner
105228,Gschwendtner/ Lakshmanan,Gschwendtner/ Lakshmanan
106627,Gschwendtner/ Mischker,Gschwendtner/ Mischker
105684,Gschwendtner/ Schiavone,Gschwendtner/ Schiavone
107386,Gschwendtner/ Tenti,Gschwendtner/ Tenti
105197,Guajardo/ Willman,Guajardo/ Willman
106082,Guarachi/ Harrison,Guarachi/ Harrison
103834,Guarachi/ Rosolska,Guarachi/ Rosolska
7669,Guatemala W,Guatemala W
107225,Gubi/ Zavaczki,Gubi/ Zavaczki
87140,Guelord Kayombo,Guelord Kayombo
13566,Guerrieri/ Ricca,Guerrieri/ Ricca
104555,Gueymard Wayenburg/ Kasnikowski,Gueymard Wayenburg/ Kasnikowski
58220,G. Verdese,Guglielmo Verdese
58220,Guglielmo Verdese,Guglielmo Verdese
38125,G. Dalmasso,Guillaume Dalmasso
38125,Guillaume Dalmasso,Guillaume Dalmasso
103887,Guilleme/ Munk Mesa,Guilleme/ Munk Mesa
27035,Andrade/ Guillen Meza,Guillen Meza A.
27035,Guillen Meza A.,Guillen Meza A.
9230,A. Guillen Meza,Guillen Meza A.
9230,Alvaro Guillen Meza,Guillen Meza A.
9230,Guillen Meza A.,Guillen Meza A.
104983,Guillen Meza/ Roncadelli,Guillen Meza/ Roncadelli
104499,Guillen Meza/ Tobon,Guillen Meza/ Tobon
80782,Guillermo Tunas,Guillermo Tunas
440,Guinard M.,Guinard M.
440,Manuel Guinard,Guinard M.
104889,Guinard/ Mladenovic,Guinard/ Mladenovic
105148,Guinau/ Put,Guinau/ Put
104637,Guinau/ Vermeer,Guinau/ Vermeer
102574,Guna/ Turcanu,Guna/ Turcanu
29692,G. Trismuwantara,Gunawan Trismuwantara
29692,Gunawan Trismuwantara,Gunawan Trismuwantara
106366,Gunawan/ Susanto,Gunawan/ Susanto
94596,Guo/ Mladenovic,Guo/ Mladenovic
51533,Guo/ Wang,Guo/ Wang
100340,Guo/ Xu,Guo/ Xu
66459,Guo/ Zhu,Guo/ Zhu
103681,Gurenko/ Matta,Gurenko/ Matta
105906,Gurenko/ Urrea,Gurenko/ Urrea
102983,Gurenko/ Van Noord,Gurenko/ Van Noord
104780,Gureva/ Tikhonova,Gureva/ Tikhonova
73860,G. Grumet,Gus Grumet
73860,Gus Grumet,Gus Grumet
104428,Gusic Wan/ Hooper,Gusic Wan/ Hooper
104787,Gusic Wan/ Vickery,Gusic Wan/ Vickery
30970,Gustaf Strom,Gustaf Strom
104279,Gustafsson/ Penzlin,Gustafsson/ Penzlin
81594,G. Albieri,Gustavo Albieri
81594,Gustavo Albieri,Gustavo Albieri
40143,G. Ribeiro de Almeida,Gustavo Ribeiro de Almeida
40143,Gustavo Ribeiro de Almeida,Gustavo Ribeiro de Almeida
86734,Gustin/ Ion,Gustin/ Ion
107106,Guth/ Iserath,Guth/ Iserath
105114,Guth/ Steiner,Guth/ Steiner
107062,Gutierrez Imaz/ Trujillo Garnica,Gutierrez Imaz/ Trujillo Garnica
106034,Gutierrez Perez/ Kanumuri,Gutierrez Perez/ Kanumuri
105780,Gutjahr/ Muller,Gutjahr/ Muller
105524,Gutjahr/ Raser,Gutjahr/ Raser
107397,Gutjahr/ Ujvary,Gutjahr/ Ujvary
88328,Guttau/ Larwig,Guttau/ Larwig
96742,Guzman Garcia/ Sanchez Bahamon,Guzman Garcia/ Sanchez Bahamon
105590,Guzman/ Jeong,Guzman/ Jeong
105869,Guzman/ Rowinska,Guzman/ Rowinska
106600,Guzman/ Williams,Guzman/ Williams
106645,Guzmicky/ Zavacky,Guzmicky/ Zavacky
1174,H- Aoyama/ Chan,H- Aoyama/ Chan
38680,H-C. Chan,H-C. Chan
14313,H. Abe,H. Abe
69486,H. Abouelsaad,H. Abouelsaad
75,H. Arakawa,H. Arakawa
89242,H. Ayrault,H. Ayrault
105755,H. Bohach,H. Bohach
20385,H. Bougouffa,H. Bougouffa
22590,H. Bueno,H. Bueno
84426,H. Cehajic,H. Cehajic
1128,H. Chang,H. Chang
2998,H. Dart,H. Dart
106403,H. Djedovic,H. Djedovic
95214,H. E. Lee,H. E. Lee
7931,H. Guo,H. Guo
66629,H. Haupt,H. Haupt
10172,H. Heck,H. Heck
10172,Hunter Heck,H. Heck
27427,H. Heck,H. Heck
38235,H. Im,H. Im
118,H. Inoue,H. Inoue
7012,H. Jebens,H. Jebens
89222,H. Jebens,H. Jebens
89222,Ho/ Jebens,H. Jebens
104631,H. Jutresa,H. Jutresa
81406,H. K. Kaler,H. K. Kaler
106039,H. Kadi,H. Kadi
5088,H. Kaji,H. Kaji
10909,H. Kinoshita,H. Kinoshita
55586,H. Klugman,H. Klugman
104864,H. Korpanec Davies,H. Korpanec Davies
5244,H. Kuwata,H. Kuwata
1270,H. Liu,H. Liu
106480,H. Lu,H. Lu
104861,H. Mcelnea,H. Mcelnea
107351,H. P. Rytelewski,H. P. Rytelewski
88921,H. Qi,H. Qi
105211,H. Sakamoto,H. Sakamoto
115,H. Sakatsume,H. Sakatsume
39077,H. Sato,H. Sato
9092,H. Sato,H. Sato
103747,H. Shabanpour,H. Shabanpour
28034,H. Shaikh,H. Shaikh
31159,H. Shi,H. Shi
38097,H. Shi,H. Shi
66913,H. Smart,H. Smart
14382,H. Stevic,H. Stevic
1156,H. Tan,H. Tan
9254,H. Vandewinkel,H. Vandewinkel
87760,H. Vanni,H. Vanni
1155,H. Watson,H. Watson
104490,H. Wilson,H. Wilson
32476,H. Y. Son,H. Y. Son
106256,Haavisto/ Nuudi,Haavisto/ Nuudi
1949,H. Habib,Habib H.
1949,Habib H.,Habib H.
1949,Hady Habib,Habib H.
73341,Habib/ Ianin,Habib/ Ianin
107429,Habib/ Misko,Habib/ Misko
44160,Hach Verdugo/ Martinez,Hach Verdugo/ Martinez
107626,Haddorff/ Petrov,Haddorff/ Petrov
100673,Hageman/ Veldman,Hageman/ Veldman
71309,Haita/ Haita,Haita/ Haita
106638,Haita/ Kapasi,Haita/ Kapasi
106886,Haita/ Obradovic,Haita/ Obradovic
106859,Haita/ Petre,Haita/ Petre
70140,Haita/ Turcanu,Haita/ Turcanu
106763,Halamova/ Horutova,Halamova/ Horutova
106950,Haliak/ Yang,Haliak/ Yang
1925,Halys Q.,Halys Q.
1925,Q. Halys,Halys Q.
1925,Quentin Halys,Halys Q.
92173,Halys/ Herbert,Halys/ Herbert
105102,Hammes/ Hornung,Hammes/ Hornung
107108,Hammes/ Lemke,Hammes/ Lemke
106663,Hammes/ Petrovic,Hammes/ Petrovic
105808,Hammond/ Harsh,Hammond/ Harsh
30988,Hammond/ Hornung,Hammond/ Hornung
105453,Hammond/ Huysmans,Hammond/ Huysmans
38262,Hamza El Amine,Hamza El Amine
104656,Hamza Reguig/ Ivarsson,Hamza Reguig/ Ivarsson
60081,Hamza Reguig/ Makhlouf,Hamza Reguig/ Makhlouf
55071,Hamza Reguig/ Nagoudi,Hamza Reguig/ Nagoudi
104440,Hamza Reguig/ Warik,Hamza Reguig/ Warik
38288,Han Seon Yong,Han Seon Yong
101826,Han Seonyong,Han Seonyong
106615,Han/ Liu,Han/ Liu
100615,Han/ Lu,Han/ Lu
105042,Han/ Mo,Han/ Mo
106944,Han/ Uchijima,Han/ Uchijima
104610,Han/ Yu,Han/ Yu
38617,Han/ Zhang,Han/ Zhang
94995,Hanamichi Carvajal,Hanamichi Carvajal
107325,Hanatani/ Kitahara,Hanatani/ Kitahara
106328,Hanatani/ Korpanec Davies,Hanatani/ Korpanec Davies
106196,Hance/ Satterfield,Hance/ Satterfield
107154,Handel/ Oetzbach,Handel/ Oetzbach
83995,Handel/ Poertner,Handel/ Poertner
78201,Hands/ Summers,Hands/ Summers
1764,Hanfmann Y.,Hanfmann Y.
1764,Y. Hanfmann,Hanfmann Y.
1764,Yannick Hanfmann,Hanfmann Y.
107210,Hanfmann/ Kecmanovic,Hanfmann/ Kecmanovic
107490,H. Lu,Hanlei Lu
107490,Hanlei Lu,Hanlei Lu
105938,Hans/ Sasikumar,Hans/ Sasikumar
62436,Hansen/ Munk Mortensen,Hansen/ Munk Mortensen
107635,Hansl/ Wenk,Hansl/ Wenk
101801,Hanyi Liu,Hanyi Liu
84922,Hao Luo Jun,Hao Luo Jun
84922,J. H. Luo,Hao Luo Jun
714,Haoyuan Huang,Haoyuan Huang
105727,Hara Friend/ Isomura,Hara Friend/ Isomura
105031,Hara Friend/ Rozin,Hara Friend/ Rozin
105350,Hara Friend/ Zink,Hara Friend/ Zink
1853,Hardt N.,Hardt N.
1853,N. Hardt,Hardt N.
1853,Nick Hardt,Hardt N.
101467,Hardt/ Rodriguez,Hardt/ Rodriguez
38142,H. Huens,Harold Huens
38142,Harold Huens,Harold Huens
85665,Harper/ Hilderbrand,Harper/ Hilderbrand
75334,Harper/ Kiger,Harper/ Kiger
104580,Harper/ Van,Harper/ Van
1186,B. Harris,Harris B.
1186,Billy Harris,Harris B.
1186,Harris B.,Harris B.
52317,Bolt/ Harris,Harris B.
52317,Harris B.,Harris B.
2834,Harris L.,Harris L.
2834,L. Harris,Harris L.
2834,Lloyd Harris,Harris L.
104870,Harris/ Christie,Harris/ Christie
97016,Corley/ Harrison,Harrison C.
97016,Harrison C.,Harrison C.
100143,H. Satara,Harrison Satara
100143,Harrison Satara,Harrison Satara
95440,Harrison/ Hewitt,Harrison/ Hewitt
32539,Harrison/ Neel,Harrison/ Neel
103271,Harrison/ Osborne,Harrison/ Osborne
94964,Harrison/ Skupski,Harrison/ Skupski
104885,Harrison/ Zhang,Harrison/ Zhang
56221,Harry Thursfield,Harry Thursfield
70516,Hartig/ Salazar,Hartig/ Salazar
105438,Hartmann/ Rother,Hartmann/ Rother
104783,Hartmann/ Zick,Hartmann/ Zick
105051,Harvey/ Patil,Harvey/ Patil
107181,Harvey/ Popovic,Harvey/ Popovic
104594,Harvey/ Simmons,Harvey/ Simmons
103607,Harvey/ Vosloo,Harvey/ Vosloo
104771,Hashimoto/ Zamora,Hashimoto/ Zamora
1896,B. Hassan,Hassan B.
1896,Benjamin Hassan,Hassan B.
1896,Hassan B.,Hassan B.
104818,Hasson/ Salton,Hasson/ Salton
18520,Hatouka/ Kubareva,Hatouka/ Kubareva
106664,Haupt/ Maute,Haupt/ Maute
107074,Hausberger/ Szerencsits,Hausberger/ Szerencsits
82933,Haverlag/ Lumsden,Haverlag/ Lumsden
107317,Haverlag/ Radisic,Haverlag/ Radisic
104523,Haverlag/ Udvardy,Haverlag/ Udvardy
103974,Havermans/ Samardzic,Havermans/ Samardzic
105368,Havlickova/ Knutson,Havlickova/ Knutson
107203,Havlickova/ Krejcova,Havlickova/ Krejcova
105159,Havlickova/ Podrez,Havlickova/ Podrez
86818,Havlickova/ Samson,Havlickova/ Samson
106284,Hawkshaw/ Walsh,Hawkshaw/ Walsh
38778,H. Matsuoka,Hayato Matsuoka
38778,Hayato Matsuoka,Hayato Matsuoka
10219,H. Jones,Hayden Jones
10219,Hayden Jones,Hayden Jones
71469,Hayen/ Lage Castelan,Hayen/ Lage Castelan
104697,Hays/ Trunet,Hays/ Trunet
71050,Hazawa/ Ichikawa,Hazawa/ Ichikawa
82136,Hazawa/ Kawahashi,Hazawa/ Kawahashi
107166,Hazawa/ Mitsui,Hazawa/ Mitsui
104608,Hazawa/ Ogura,Hazawa/ Ogura
105215,Hazawa/ Otsuka,Hazawa/ Otsuka
106370,Hazawa/ Walkin,Hazawa/ Walkin
100990,Hazelitt/ Newman,Hazelitt/ Newman
1337,H. Naw,Hazem Naw
1337,Hazem Naw,Hazem Naw
107585,Hebhang Balan/ Sardo,Hebhang Balan/ Sardo
103168,Hebhang Balan/ Teglas,Hebhang Balan/ Teglas
104745,Heddar/ Peet,Heddar/ Peet
4567,D. H. Lee,Hee Lee Duck
4567,Hee Lee Duck,Hee Lee Duck
107125,Heger/ Mietusch,Heger/ Mietusch
2410,G. Heide,Heide G.
2410,Gustavo Heide,Heide G.
2410,Heide G.,Heide G.
95969,Heide/ Miguel,Heide/ Miguel
104347,Heine/ Isbruch,Heine/ Isbruch
106666,Heinrich/ Korpatsch,Heinrich/ Korpatsch
86887,Heinz/ Siegler,Heinz/ Siegler
106234,Heinzova/ Wysoczanska,Heinzova/ Wysoczanska
101278,Heisnam/ Rathi,Heisnam/ Rathi
105860,Hejtmanek/ Kuhl,Hejtmanek/ Kuhl
103472,Hejtmanek/ Petruzelova,Hejtmanek/ Petruzelova
104181,Hejtmanek/ Sagandikova,Hejtmanek/ Sagandikova
107277,Hejtmanek/ Senica,Hejtmanek/ Senica
106691,Hejtmanek/ Urbanova,Hejtmanek/ Urbanova
106869,Held/ Moise,Held/ Moise
66044,Heliovaara/ Patten,Heliovaara/ Patten
1206,C. Hemery,Hemery C.
1206,Calvin Hemery,Hemery C.
1206,Hemery C.,Hemery C.
74043,Hendrikx/ Muller,Hendrikx/ Muller
107405,Hendrikx/ Put,Hendrikx/ Put
106099,Hennemann/ Lansere,Hennemann/ Lansere
107465,Hennemann/ Tona,Hennemann/ Tona
39560,Hennemann/ Toth,Hennemann/ Toth
12826,Hennemann/ Zaar,Hennemann/ Zaar
83283,Henning/ Lock,Henning/ Lock
104178,Henning/ Merino,Henning/ Merino
106439,Henning/ Sakellaridis,Henning/ Sakellaridis
61688,H. Bladelius,Henrik Bladelius
61688,Henrik Bladelius,Henrik Bladelius
78567,Henrik Villanger,Henrik Villanger
83933,Henrique Chabalgoity Pedro,Henrique Chabalgoity Pedro
83933,P. H. Chabalgoity,Henrique Chabalgoity Pedro
93923,H. Ortenblad Nogueira,Henrique Ortenblad Nogueira
93923,Henrique Ortenblad Nogueira,Henrique Ortenblad Nogueira
103443,H. Best,Henry Best
103443,Henry Best,Henry Best
28597,H. Jefferson,Henry Jefferson
28597,Henry Jefferson,Henry Jefferson
59411,H. Lieberman,Henry Lieberman
59411,Henry Lieberman,Henry Lieberman
90030,H. Ren,Henry Ren
90030,Henry Ren,Henry Ren
102704,H. Shylov,Heorhii Shylov
102704,Heorhii Shylov,Heorhii Shylov
106687,Herazo Gonzalez/ Horvit,Herazo Gonzalez/ Horvit
107155,Herazo Gonzalez/ Kuhl,Herazo Gonzalez/ Kuhl
107432,Herazo Gonzalez/ Vaissaud,Herazo Gonzalez/ Vaissaud
1748,Herbert P.H.,Herbert P.H.
1748,P. Herbert,Herbert P.H.
1748,Pierre-Hugues Herbert,Herbert P.H.
105699,Herbert/ Krawietz,Herbert/ Krawietz
76232,Herea/ Sahdiieva,Herea/ Sahdiieva
104995,Herea/ Samir,Herea/ Samir
105893,Herea/ Vergara Rivera,Herea/ Vergara Rivera
78908,Heredia/ Linde Palacios,Heredia/ Linde Palacios
106465,Heredia/ Marques,Heredia/ Marques
107080,Heredia/ Sharan,Heredia/ Sharan
93938,Heredia/ Tobon,Heredia/ Tobon
104576,Heredia/ Urrea,Heredia/ Urrea
70317,H. Hoeyeraal,Herman Hoeyeraal
70317,Herman Hoeyeraal,Herman Hoeyeraal
106800,Hermanova/ Oliveriusova,Hermanova/ Oliveriusova
104939,Hermanova/ Sekerkova,Hermanova/ Sekerkova
106061,Hermans/ Lalami Laaroussi,Hermans/ Lalami Laaroussi
104547,Hermans/ Marcondes,Hermans/ Marcondes
105313,Hermans/ Merino,Hermans/ Merino
106802,Hermans/ Muller,Hermans/ Muller
60575,Hermans/ Nijboer,Hermans/ Nijboer
105618,Hermassi/ Sahtali,Hermassi/ Sahtali
101793,Alex Hernandez,Hernandez A.
101793,Hernandez A.,Hernandez A.
12015,Alvarez Valdes/ Hernandez,Hernandez A.
12015,Hernandez A.,Hernandez A.
1307,A. Hernandez,Hernandez A.
1307,Hernandez A.,Hernandez A.
104646,Hernandez Cortes/ Roche Alcaya,Hernandez Cortes/ Roche Alcaya
28720,Hernandez/  Osorio,Hernandez/  Osorio
105054,Hernandez/ McKenzie,Hernandez/ McKenzie
106077,Hernandez/ Mejia,Hernandez/ Mejia
40901,Hernandez/ Pacheco Mendez,Hernandez/ Pacheco Mendez
104335,Hernandez/ Rendon,Hernandez/ Rendon
107187,Herrero Linana/ Laboutkova,Herrero Linana/ Laboutkova
105299,Herrero Linana/ Osborne,Herrero Linana/ Osborne
33790,Herrmann/ Papamalamis,Herrmann/ Papamalamis
102391,Herrmann/ Tepmahc,Herrmann/ Tepmahc
104938,Hettlerova/ Shao,Hettlerova/ Shao
106827,Heuser/ Koskel,Heuser/ Koskel
107470,Heuser/ Mandelikova,Heuser/ Mandelikova
107034,Heuser/ Tiglea,Heuser/ Tiglea
38537,C. Hewitt,Hewitt C.
38537,Hewitt C.,Hewitt C.
76018,C. Hewitt,Hewitt C.
76018,Cruz Hewitt,Hewitt C.
76018,Hewitt C.,Hewitt C.
52001,Hidalgo/ Shelton,Hidalgo/ Shelton
3567,Hidalgo/ Tabilo,Hidalgo/ Tabilo
104518,Hidalgo/ Vocel,Hidalgo/ Vocel
83916,Hidde Schoenmakers,Hidde Schoenmakers
67453,Hietaranta/ Sakellaridi,Hietaranta/ Sakellaridi
104362,Hietaranta/ Steur,Hietaranta/ Steur
71148,Hietaranta/ Vargova,Hietaranta/ Vargova
105895,Hietaranta/ Zeltina,Hietaranta/ Zeltina
104226,Hignett/ Howse,Hignett/ Howse
95345,Hignett/ Walters,Hignett/ Walters
103533,Hiiesalu/ Maijorov,Hiiesalu/ Maijorov
3317,Hijikata R.,Hijikata R.
3317,R. Hijikata,Hijikata R.
3317,Rinky Hijikata,Hijikata R.
50756,Hijikata/ Polmans,Hijikata/ Polmans
26709,Hijikata/ Stalder,Hijikata/ Stalder
13697,H. Shiraishi,Hikaru Shiraishi
13697,Hikaru Shiraishi,Hikaru Shiraishi
105353,Hilderbrand/ Krueger,Hilderbrand/ Krueger
105725,Hilderbrand/ Tracy,Hilderbrand/ Tracy
90242,Hipfl/ Kopp,Hipfl/ Kopp
106893,Hipfl/ Mueller,Hipfl/ Mueller
83599,Hipfl/ Oradini,Hipfl/ Oradini
96602,Hipfl/ Schell,Hipfl/ Schell
53987,H. Sakagawa,Hiroki Sakagawa
53987,Hiroki Sakagawa,Hiroki Sakagawa
78931,H. Koyama,Hiromasa Koyama
78931,Hiromasa Koyama,Hiromasa Koyama
106122,Hirose/ Venkataraman,Hirose/ Venkataraman
107366,Hisano/ Malis,Hisano/ Malis
65717,H. Chauhan,Hitesh Chauhan
65717,Hitesh Chauhan,Hitesh Chauhan
93354,Ho Ko Min,Ho Ko Min
105332,Ho/ Kittay,Ho/ Kittay
106454,Ho/ Liutarevich,Ho/ Liutarevich
78563,Ho/ Oberleitner,Ho/ Oberleitner
104098,Hoedt/ Nagy,Hoedt/ Nagy
104584,Hoedt/ Weckerle,Hoedt/ Weckerle
77904,Hoeyeraal/ Rivera,Hoeyeraal/ Rivera
89191,Hohmann/ Van Herck,Hohmann/ Van Herck
82520,Hohmann/ Vance,Hohmann/ Vance
106182,Hohmann/ Walters,Hohmann/ Walters
104419,Hollemans/ Van Weldam,Hollemans/ Van Weldam
82834,Hollender/ Meneo,Hollender/ Meneo
105661,Hollender/ Tenti,Hollender/ Tenti
19536,A. Holmgren,Holmgren A.
19536,August Holmgren,Holmgren A.
19536,Holmgren A.,Holmgren A.
8158,Brandon Holt,Holt B.
8158,Holt B.,Holt B.
1543,Homberg/ Kobierski,Homberg/ Kobierski
105687,Homberg/ Mischker,Homberg/ Mischker
102998,Homberg/ Mueller,Homberg/ Mueller
104500,Homberg/ Slavic,Homberg/ Slavic
104497,Homola/ Hrazdil,Homola/ Hrazdil
106629,Homola/ Jedrzejczak,Homola/ Jedrzejczak
105775,Homola/ Klimas,Homola/ Klimas
105230,Homola/ Strauch,Homola/ Strauch
106605,Honda/ Sakagawa,Honda/ Sakagawa
11441,Honduras,Honduras
29837,Honduras W,Honduras W
13792,Hong Kong W,Hong Kong W
8431,Hong S.,Hong S.
8431,S. C. Hong,Hong S.
38926,Hong-Lin Fu,Hong-Lin Fu
104614,Hongyu/ Hsieh,Hongyu/ Hsieh
106614,Hongyu/ Lee,Hongyu/ Lee
105444,Hongyu/ Trongcharoenchaikul,Hongyu/ Trongcharoenchaikul
104413,Hongyu/ Zeng,Hongyu/ Zeng
104944,Hoo/ Marinkovic,Hoo/ Marinkovic
106367,Hoole/ Pham,Hoole/ Pham
105941,Hoole/ Tripathi,Hoole/ Tripathi
105107,Hopp/ Schlageter,Hopp/ Schlageter
104294,Hopp/ Walters,Hopp/ Walters
23622,Horak/ Pecak,Horak/ Pecak
106495,Horak/ Petrofsky,Horak/ Petrofsky
106745,Horelka/ Rychnavsky,Horelka/ Rychnavsky
63401,Horia Haita Stefan,Horia Haita Stefan
63401,S. H. Haita,Horia Haita Stefan
105527,Hornung/ Ruland,Hornung/ Ruland
107508,Horve/ Wells,Horve/ Wells
91127,Horvit/ Mettraux,Horvit/ Mettraux
91906,Horvit/ Svatikova,Horvit/ Svatikova
104438,Horvit/ Yemshanova,Horvit/ Yemshanova
104390,Horwood/ Rozin,Horwood/ Rozin
105189,Hosogi/ Naito,Hosogi/ Naito
40667,Hosogi/ Yamazaki,Hosogi/ Yamazaki
83313,Hosoki/ Yoshioka,Hosoki/ Yoshioka
105152,Hossam Salah/ Ibrahim,Hossam Salah/ Ibrahim
104739,Host/ Jefferson,Host/ Jefferson
105550,Host/ Timini,Host/ Timini
87368,Hou/ Lee,Hou/ Lee
106954,Hou/ Plipuech,Hou/ Plipuech
106787,Hou/ Voisin,Hou/ Voisin
107172,Hou/ Wu Kai An,Hou/ Wu Kai An
104711,Houas/ Sahnoun,Houas/ Sahnoun
106347,Hovde/ Rabman,Hovde/ Rabman
66327,H. Roh,Hoyoung Roh
66327,Hoyoung Roh,Hoyoung Roh
107316,Hozumi/ Martins,Hozumi/ Martins
90862,Hozumi/ Wu,Hozumi/ Wu
87404,Hrabavets/ Karatancheva,Hrabavets/ Karatancheva
105958,Hrabavets/ Kunz,Hrabavets/ Kunz
106405,Hrabavets/ Yemshanova,Hrabavets/ Yemshanova
97117,Hrastar/ Mulville,Hrastar/ Mulville
106628,Hrazdil/ Lagerbohm,Hrazdil/ Lagerbohm
76753,Hrazdil/ Lanik,Hrazdil/ Lanik
68552,Hrazdil/ Pecak,Hrazdil/ Pecak
106340,Hrda/ Liu,Hrda/ Liu
103977,Hrda/ Parentini,Hrda/ Parentini
105915,Hrda/ Sanchez Uribe,Hrda/ Sanchez Uribe
107149,Hrda/ Sziedat,Hrda/ Sziedat
103150,Hribar/ Mohar,Hribar/ Mohar
80455,Hruncakova/ Kuzmova,Hruncakova/ Kuzmova
107411,Hrynkiewicz/ Kosinski,Hrynkiewicz/ Kosinski
106205,Hrynkiewicz/ Lis,Hrynkiewicz/ Lis
78546,Hsieh S-/Ostapenko,Hsieh S-/Ostapenko
52018,Hsieh S-/Wang,Hsieh S-/Wang
87573,Hsieh/ Lai,Hsieh/ Lai
45297,Hsieh/ Liu,Hsieh/ Liu
80897,Hsieh/ Wang,Hsieh/ Wang
41743,Hsieh/ Yang,Hsieh/ Yang
867,Hsiou Hsu Yu,Hsu Y.
867,Hsu Y.,Hsu Y.
867,Y. H. Hsu,Hsu Y.
17435,Hsu/ Lee,Hsu/ Lee
104348,Hsu/ Peer,Hsu/ Peer
106239,Hsu/ Uchijima,Hsu/ Uchijima
100538,Hsu/ Watanabe,Hsu/ Watanabe
90301,Hsu/ Zhu,Hsu/ Zhu
105057,Hu/ Jeng,Hu/ Jeng
104387,Hu/ Lee,Hu/ Lee
104037,Hu/ Tamhankar,Hu/ Tamhankar
104035,Hua/ Mu-Jie,Hua/ Mu-Jie
56997,Huang Yujia,Huang Yujia
72901,Huang Yujia/Zhang,Huang Yujia/Zhang
69252,Huang Yujia/Zheng,Huang Yujia/Zheng
33902,Huang/ Wang,Huang/ Wang
73198,Huang/ Wu Tung-Lin,Huang/ Wu Tung-Lin
78511,Huang/ Zheng,Huang/ Zheng
104267,Huens/ Mouffe,Huens/ Mouffe
107286,Huertas Del Pino Cordova/ Pacheco Mendez,Huertas Del Pino Cordova/ Pacheco Mendez
82887,Huertas Del Pino/ Huertas Del Pino Cordova,Huertas Del Pino/ Huertas Del Pino Cordova
1746,Huesler M.A.,Huesler M.A.
1746,M. Huesler,Huesler M.A.
1746,Marc-Andrea Huesler,Huesler M.A.
71902,H. Car,Hugo Car
71902,Hugo Car,Hugo Car
52219,H. Cardinaud,Hugo Cardinaud
52219,Hugo Cardinaud,Hugo Cardinaud
9361,H. Coquelin,Hugo Coquelin
9361,Hugo Coquelin,Hugo Coquelin
71814,H. Hashimoto,Hugo Hashimoto
71814,Hugo Hashimoto,Hugo Hashimoto
37997,Hugo Maia,Hugo Maia
68657,Hugo Ouzilou,Hugo Ouzilou
13253,H. Pierre,Hugo Pierre
13253,Hugo Pierre,Hugo Pierre
65080,Hugo Remondy Pagotto Victor,Hugo Remondy Pagotto Victor
65080,V. H. Remondy Pagotto,Hugo Remondy Pagotto Victor
106329,Hui/ Llewellyn,Hui/ Llewellyn
107341,Hui/ Lutkemeyer,Hui/ Lutkemeyer
58715,Hulme/ Walkin,Hulme/ Walkin
1105,Humbert U.,Humbert U.
1105,U. Humbert,Humbert U.
1105,Ugo Humbert,Humbert U.
84377,Hunter/ Krawczyk,Hunter/ Krawczyk
102677,Hunter/ McNally,Hunter/ McNally
106892,Hunziker/ Lenders,Hunziker/ Lenders
103934,Hunziker/ Stricker,Hunziker/ Stricker
2841,H. Hurkacz,Hurkacz H.
2841,Hubert Hurkacz,Hurkacz H.
2841,Hurkacz H.,Hurkacz H.
106316,Hurrion/ Mcgrane,Hurrion/ Mcgrane
105586,Hurrion/ Okonkwo,Hurrion/ Okonkwo
107039,Husar/ Straszewska,Husar/ Straszewska
56223,Huseinovic/ Ivanovski,Huseinovic/ Ivanovski
104692,Huseinovic/ Postolka,Huseinovic/ Postolka
106160,Huss/ Papagno,Huss/ Papagno
627,G. Hussey,Hussey G.
627,Giles Hussey,Hussey G.
627,Hussey G.,Hussey G.
105525,Huszar/ Klaunzner,Huszar/ Klaunzner
105499,Hutchings/ Yardley,Hutchings/ Yardley
104729,Huysmans/ Vanderstappen,Huysmans/ Vanderstappen
3135,H. Chung,Hyeon Chung
3135,Hyeon Chung,Hyeon Chung
38236,Hyeongju Han,Hyeongju Han
2241,H. Barton,Hynek Barton
2241,Hynek Barton,Hynek Barton
74279,H. Kawanishi,Hyu Kawanishi
74279,Hyu Kawanishi,Hyu Kawanishi
105750,Hyuk Cho Min,Hyuk Cho Min
105750,M. H. Cho,Hyuk Cho Min
101800,Hyun Choo Suk,Hyun Choo Suk
92503,I. A. Abendroth,I. A. Abendroth
15295,I. Babinciuc,I. Babinciuc
10898,I. Balus,I. Balus
13331,I. Barrera Aguirre,I. Barrera Aguirre
2828,I. Begu,I. Begu
90154,I. Boian,I. Boian
104619,I. Borlee,I. Borlee
1907,I. Burillo Escorihuela,I. Burillo Escorihuela
91244,I. C. Millan,I. C. Millan
30,I. D. Amariei,I. D. Amariei
11610,I. Dapkute,I. Dapkute
103291,I. Delaloye,I. Delaloye
65048,I. Dyussebay,I. Dyussebay
3000,I. Fetecau,I. Fetecau
85210,I. Foshee,I. Foshee
69712,I. Gaztambide Arrastia,I. Gaztambide Arrastia
72468,I. Haddad,I. Haddad
104470,I. Haddouch,I. Haddouch
92502,I. Heinonen,I. Heinonen
103371,I. I. Sanduleasa,I. I. Sanduleasa
103895,I. Ivankovic,I. Ivankovic
52708,I. Ivanova,I. Ivanova
67385,I. Ivanovic,I. Ivanovic
58226,I. Jovic,I. Jovic
14385,I. Kruger,I. Kruger
13034,I. Kurt,I. Kurt
55590,I. L. Van den Broek,I. L. Van den Broek
51431,I. Leon,I. Leon
75051,I. M. Buculei,I. M. Buculei
88189,I. M. Sandru,I. M. Sandru
58892,I. M. Serban,I. M. Serban
104108,I. M. Stoica,I. M. Stoica
105407,I. Manolache,I. Manolache
66796,I. Maratuly,I. Maratuly
82659,I. Marinkovic,I. Marinkovic
65100,I. Marton,I. Marton
66627,I. Mayew,I. Mayew
106657,I. Mol,I. Mol
89216,I. O'Brien,I. O'Brien
17461,I. Orgiles Garcia Retamero,I. Orgiles Garcia Retamero
486,I. Oz,I. Oz
62719,I. Pascual Montalvo,I. Pascual Montalvo
104370,I. Pedersen Lozano,I. Pedersen Lozano
90816,I. Pistola,I. Pistola
107606,I. Polonskiy,I. Polonskiy
5330,I. Primorac,I. Primorac
105997,I. R. Kanumuri,I. R. Kanumuri
6825,I. Sabanov,I. Sabanov
68665,I. Sagmar,I. Sagmar
104906,I. Sallu,I. Sallu
14,I. Sebestova,I. Sebestova
503,I. Shinikova,I. Shinikova
223,I. Shymanovich,I. Shymanovich
107246,I. Sigrist,I. Sigrist
40792,I. Skoog,I. Skoog
78628,I. Snoussi,I. Snoussi
86839,I. Spink,I. Spink
1910,I. Swiatek,I. Swiatek
67940,I. Vertberger,I. Vertberger
106407,I. Villacampa,I. Villacampa
1040,I. Vojcinakova,I. Vojcinakova
81722,I. Wobker,I. Wobker
70750,I. Wong,I. Wong
13990,I. Yamazaki,I. Yamazaki
1344,I. Yoruk,I. Yoruk
57122,Ian Kotzen Nicolas,Ian Kotzen Nicolas
104130,Iancu/ Marcu,Iancu/ Marcu
106949,Iancu/ Marinescu,Iancu/ Marinescu
107579,Iancu/ Preda,Iancu/ Preda
57518,Iancu/ Puiac,Iancu/ Puiac
93206,Ianin/ Kunitsyn,Ianin/ Kunitsyn
105250,Ianin/ Mabrouk,Ianin/ Mabrouk
105617,Ianin/ Omarkhanov,Ianin/ Omarkhanov
78818,Iannaccone/ Kravchenko,Iannaccone/ Kravchenko
104726,Iannaccone/ Rossi,Iannaccone/ Rossi
60454,I. Miletich,Iannis Miletich
60454,Iannis Miletich,Iannis Miletich
72907,Ibragimova/ Toth,Ibragimova/ Toth
107425,Ibrahim/ McKenzie,Ibrahim/ McKenzie
11435,Iceland,Iceland
19645,Iceland W,Iceland W
21751,Ichikawa/ Imamura,Ichikawa/ Imamura
85668,Ichikawa/ Noguchi,Ichikawa/ Noguchi
59833,Ichikawa/ Shiraishi,Ichikawa/ Shiraishi
93132,Ids Waterbolk,Ids Waterbolk
104288,Iemmi/ Kokot,Iemmi/ Kokot
85034,Ifi/ Stanke,Ifi/ Stanke
93628,Ignacio Barraza Juan,Ignacio Barraza Juan
660,I. Carou,Ignacio Carou
660,Ignacio Carou,Ignacio Carou
93540,I. De Armas,Ignacio De Armas
93540,Ignacio De Armas,Ignacio De Armas
74472,Ignacio Gallego Juan,Ignacio Gallego Juan
74472,J. I. Gallego,Ignacio Gallego Juan
685,I. Monzon,Ignacio Monzon
685,Ignacio Monzon,Ignacio Monzon
23827,Ignacio Novo,Ignacio Novo
52679,I. Parisca,Ignacio Parisca
52679,Ignacio Parisca,Ignacio Parisca
10322,Ignacio Torres Fernandez Benjamin,Ignacio Torres Fernandez Benjamin
61816,Ignasi Forcano,Ignasi Forcano
105072,Ignatik/ Marinescu,Ignatik/ Marinescu
106309,Ignatik/ Melnic,Ignatik/ Melnic
104461,Ignatov/ Shin,Ignatov/ Shin
106135,Ignatov/ Shvangiradze,Ignatov/ Shvangiradze
8681,Igor Gimenez,Igor Gimenez
9218,Igor Kudriashov,Igor Kudriashov
9934,I. Vasa,Iiro Vasa
9934,Iiro Vasa,Iiro Vasa
105200,Ikemori/ Morris,Ikemori/ Morris
50072,I. Urribarrens Ramirez,Iker Urribarrens Ramirez
50072,Iker Urribarrens Ramirez,Iker Urribarrens Ramirez
106695,Ilagan/ Poling,Ilagan/ Poling
105729,Ilagan/ Sekulic,Ilagan/ Sekulic
94573,Ilagan/ Zhu,Ilagan/ Zhu
89693,Ilan Hediger,Ilan Hediger
1238,I. Simakin,Ilia Simakin
1238,Ilia Simakin,Ilia Simakin
15182,Ilias Zimmermann,Ilias Zimmermann
105121,Ilic/ La Cagnina,Ilic/ La Cagnina
104823,Ilic/ Stankovic,Ilic/ Stankovic
105826,Iliev/ Inisan,Iliev/ Inisan
58491,Iliev/ Lene,Iliev/ Lene
69060,I. Palavestra,Ilija Palavestra
69060,Ilija Palavestra,Ilija Palavestra
38103,I. Radulov,Iliyan Radulov
38103,Iliyan Radulov,Iliyan Radulov
1736,C. Ilkel,Ilkel C.
1736,Ilkel C.,Ilkel C.
85925,Ilya Ignatov,Ilya Ignatov
11114,I. Snitari,Ilya Snitari
11114,Ilya Snitari,Ilya Snitari
58337,Im/ Kim Eunchae,Im/ Kim Eunchae
106137,Imai/ Takahata,Imai/ Takahata
32465,Imamura/ Noguchi,Imamura/ Noguchi
77695,Imamura/ Uchida,Imamura/ Uchida
991,I. Lopez Morillo,Imanol Lopez Morillo
991,Imanol Lopez Morillo,Imanol Lopez Morillo
104825,Imbo Nloga/ Stosovic,Imbo Nloga/ Stosovic
10232,I. Montes-De La Torre,Inaki Montes-De La Torre
10232,Inaki Montes-De La Torre,Inaki Montes-De La Torre
17436,Inchauspe Paul,Inchauspe Paul
17436,P. Inchauspe,Inchauspe Paul
71270,Ingale/ Patil,Ingale/ Patil
105295,Ingale/ Senties,Ingale/ Senties
64196,Ingarao/ Marino,Ingarao/ Marino
106107,Inglis/ Jones,Inglis/ Jones
105649,Inisan/ Nijkamp,Inisan/ Nijkamp
104822,Inisan/ Petkovic,Inisan/ Petkovic
60398,Inui/ Masabayashi,Inui/ Masabayashi
37301,Inui/ Sumizawa,Inui/ Sumizawa
732,I. Kountourakis,Ioannis Kountourakis
732,Ioannis Kountourakis,Ioannis Kountourakis
19218,I. Xilas,Ioannis Xilas
19218,Ioannis Xilas,Ioannis Xilas
105073,Ionescu/ Manolache,Ionescu/ Manolache
80337,Ionescu/ McNeil,Ionescu/ McNeil
103943,Ionescu/ Tanasie,Ionescu/ Tanasie
104356,Ipek/ Stosovic,Ipek/ Stosovic
104855,Ipunesso/ Mi,Ipunesso/ Mi
104456,Ipunesso/ Samardzic,Ipunesso/ Samardzic
11426,Iran,Iran
11421,Iraq,Iraq
107362,Iraqi/ Zagars,Iraqi/ Zagars
19630,Ireland W,Ireland W
69610,Isaac Lhomond,Isaac Lhomond
39008,Isaac Nortey,Isaac Nortey
104452,Isaacs/ Mi,Isaacs/ Mi
40174,I. Stroemberg,Isac Stroemberg
40174,Isac Stroemberg,Isac Stroemberg
88901,Isaro/ Kaliyanda Poonacha,Isaro/ Kaliyanda Poonacha
104219,Isaro/ Merino,Isaro/ Merino
106455,Isaro/ Myneni,Isaro/ Myneni
76659,Isaro/ Paris,Isaro/ Paris
805,Ishaque Eqbal,Ishaque Eqbal
85065,Isik Kosaner Kaan,Isik Kosaner Kaan
85065,K. I. Kosaner,Isik Kosaner Kaan
105480,Ismail/ Tahiri,Ismail/ Tahiri
104603,Isomura/ Jeong,Isomura/ Jeong
26943,Isomura/ Masabayashi,Isomura/ Masabayashi
72553,Isomura/ Shin,Isomura/ Shin
105348,Isomura/ Vithoontien,Isomura/ Vithoontien
104650,Issah/ Fita Juan,Issah/ Fita Juan
68638,I. Biletic,Ivan Biletic
68638,Ivan Biletic,Ivan Biletic
776,Ivan Denisov,Ivan Denisov
14272,I. Dreycopp,Ivan Dreycopp
14272,Ivan Dreycopp,Ivan Dreycopp
76308,I. Gretskiy,Ivan Gretskiy
76308,Ivan Gretskiy,Ivan Gretskiy
68731,I. Iutkin,Ivan Iutkin
68731,Ivan Iutkin,Ivan Iutkin
955,Ivan Liutarevich,Ivan Liutarevich
4727,I. Marrero Curbelo,Ivan Marrero Curbelo
4727,Ivan Marrero Curbelo,Ivan Marrero Curbelo
766,Ivan Nedelko,Ivan Nedelko
80652,Ivanisevic/ Poljicak,Ivanisevic/ Poljicak
106489,Ignatov/ Ivanov,Ivanov I.
106489,Ivanov I.,Ivanov I.
57825,I. Ivanov,Ivanov I.
57825,Ivan Ivanov,Ivanov I.
57825,Ivanov I.,Ivanov I.
79521,Ivanov/ Krajci,Ivanov/ Krajci
97090,Ivanov/ Krivoshchekov,Ivanov/ Krivoshchekov
105503,Ivanov/ Kuhl,Ivanov/ Kuhl
99917,Ivanov/ Kunitsyn,Ivanov/ Kunitsyn
105443,Ivanov/ Muto,Ivanov/ Muto
69333,Ivanov/ Shandarov,Ivanov/ Shandarov
89869,Ivanov/ Torres Ramis,Ivanov/ Torres Ramis
102486,Ivanov/ Weckerle,Ivanov/ Weckerle
104591,Ivanova/ Zantedeschi,Ivanova/ Zantedeschi
107448,Ivanovic/ Neskovic,Ivanovic/ Neskovic
104690,Ivanovski/ Jovanovic,Ivanovski/ Jovanovic
106546,Ivantsiv/ Liu,Ivantsiv/ Liu
106839,Ivantsiv/ Rojas,Ivantsiv/ Rojas
107094,Ivarsson/ Kumar,Ivarsson/ Kumar
106973,Ivarsson/ Ryden,Ivarsson/ Ryden
105083,Ivarsson/ Torcq,Ivarsson/ Torcq
432,I. Ivashka,Ivashka I.
432,Ilya Ivashka,Ivashka I.
432,Ivashka I.,Ivashka I.
11400,Ivory Coast,Ivory Coast
106996,Ivory Coast W,Ivory Coast W
102895,Iyengar/ Khayrutdinova,Iyengar/ Khayrutdinova
57826,I. Almazan Valiente,Izan Almazan Valiente
57826,Izan Almazan Valiente,Izan Almazan Valiente
80196,Izquierdo Luque/ Marques,Izquierdo Luque/ Marques
74006,Izquierdo Luque/ Rocha,Izquierdo Luque/ Rocha
73123,J. A. Bedard,J. A. Bedard
15344,J. Adams,J. Adams
14150,J. Avdeeva,J. Avdeeva
40102,J. Bernales,J. Bernales
37972,J. Bertoldo,J. Bertoldo
70518,J. Bjelobrk,J. Bjelobrk
39089,J. Bjork,J. Bjork
2577,J. Bojovic,J. Bojovic
5767,J. Boulais,J. Boulais
5767,Justin Boulais,J. Boulais
154,J. Bouzas Maneiro,J. Bouzas Maneiro
70914,J. Bretnacher,J. Bretnacher
7992,J. Brown,J. Brown
1437,J. Burrage,J. Burrage
9257,J. C. Svendsen,J. C. Svendsen
62135,J. Caffarena,J. Caffarena
82144,J. Cai,J. Cai
105585,J. Carroll,J. Carroll
96722,J. Casas Blasi,J. Casas Blasi
106755,J. Cernovicky,J. Cernovicky
97855,J. Cerqueira Carvalho Farias Lima,J. Cerqueira Carvalho Farias Lima
84315,J. Chan,J. Chan
27441,J. Chin,J. Chin
38180,J. Chin,J. Chin
37460,J. Chiripal,J. Chiripal
104859,J. Clarkson,J. Clarkson
86359,J. Clemens,J. Clemens
104908,J. Craze,J. Craze
33659,J. Cristian,J. Cristian
40135,J. Daems,J. Daems
80941,J. Dando,J. Dando
31723,J. Daniel,J. Daniel
95518,J. Dazert,J. Dazert
54718,J. De Zeeuw,J. De Zeeuw
13650,J. Defalco,J. Defalco
561,J. Domingues,J. Domingues
561,Joao Domingues,J. Domingues
10887,J. Dong,J. Dong
24284,J. Dourado Zimermman,J. Dourado Zimermman
106710,J. Drabek,J. Drabek
2260,J. Duerst,J. Duerst
106970,J. Ekstrand,J. Ekstrand
13554,J. Elkady,J. Elkady
38941,J. Estevez,J. Estevez
57541,J. Facek,J. Facek
87812,J. Fedor,J. Fedor
14203,J. Fekete,J. Fekete
56803,J. Fellows,J. Fellows
102571,J. Font,J. Font
19896,J. G. Gerald Gonzalez,J. G. Gerald Gonzalez
87073,J. Gamble,J. Gamble
9238,J. Garcia,J. Garcia
1962,J. Garland,J. Garland
76054,J. Giaccio,J. Giaccio
13078,J. Gimbrere,J. Gimbrere
104630,J. Gnjidic,J. Gnjidic
103719,J. Gomez,J. Gomez
489,J. Grabher,J. Grabher
73646,J. Graski,J. Graski
85497,J. Groen,J. Groen
53241,J. Hallquist Lithen,J. Hallquist Lithen
26894,J. Han,J. Han
101514,J. Hart,J. Hart
89213,J. Hazelitt,J. Hazelitt
88241,J. Held,J. Held
93494,J. Hernandez,J. Hernandez
1051,J. Hinojosa Gomez,J. Hinojosa Gomez
97000,J. Horwood,J. Horwood
65066,J. Hossam Salah,J. Hossam Salah
23886,J. Hsu,J. Hsu
12953,J. Ibrahim,J. Ibrahim
69529,J. J. Bianchi,J. J. Bianchi
82892,J. J. Neira Rodriguez,J. J. Neira Rodriguez
16817,J. Jackson,J. Jackson
104475,J. Januchowski,J. Januchowski
38069,J. Karlsson Wistrand,J. Karlsson Wistrand
76626,J. Khramtsova,J. Khramtsova
1300,J. Kobierski,J. Kobierski
107474,J. Koller,J. Koller
106697,J. Kollert,J. Kollert
71705,J. Kovackova,J. Kovackova
90467,J. Kumari,J. Kumari
57611,J. Kunz,J. Kunz
30887,J. Kusy,J. Kusy
71810,J. Lassila,J. Lassila
71810,Jeri Lassila,J. Lassila
30888,J. Lebis,J. Lebis
106813,J. Lee,J. Lee
106813,Jasika/ Lee,J. Lee
14351,J. E. Lee,J. Lee
14351,J. Lee,J. Lee
38308,J. Lee,J. Lee
38308,Junhyun Lee,J. Lee
5568,J. Lee,J. Lee
5568,Jordan Lee,J. Lee
8545,J. Lim,J. Lim
1002,J. Lu,J. Lu
8238,J. Lu,J. Lu
99827,J. M. Bolivar Idarraga,J. M. Bolivar Idarraga
53436,J. M. Gonzalez Daniele,J. M. Gonzalez Daniele
38975,J. MacKinlay,J. MacKinlay
78985,J. Mackenzie,J. Mackenzie
78985,Jamie Mackenzie,J. Mackenzie
83432,J. Manuel,J. Manuel
76640,J. Marcos Cattoni,J. Marcos Cattoni
13335,J. Marmorstein,J. Marmorstein
736,J. Maute,J. Maute
2267,J. Mazzoni,J. Mazzoni
103860,J. McGloughlin,J. McGloughlin
105673,J. Mendes,J. Mendes
38864,J. Mendieta,J. Mendieta
81688,J. Messina,J. Messina
9249,J. Middendorf,J. Middendorf
232,J. Mikulskyte,J. Mikulskyte
104862,J. Mitchell,J. Mitchell
24519,J. Moon,J. Moon
106708,J. Motal,J. Motal
100046,J. Munoz Fuster,J. Munoz Fuster
69496,J. Murariu,J. Murariu
94957,J. N. Singeorzan,J. N. Singeorzan
471,J. Niemeier,J. Niemeier
9403,J. Ogunwale,J. Ogunwale
93163,J. Oh,J. Oh
224,J. Ortenzi,J. Ortenzi
2802,J. Ostapenko,J. Ostapenko
13801,J. Otway,J. Otway
51326,J. Otzipka,J. Otzipka
104553,J. P. Sinescu,J. P. Sinescu
2811,J. Paolini,J. Paolini
32553,J. Pareja,J. Pareja
30860,J. Pastikova,J. Pastikova
106696,J. Peconka,J. Peconka
2171,J. Pegula,J. Pegula
86640,J. Pereira Xavier,J. Pereira Xavier
3003,J. Pieri,J. Pieri
94784,J. Pikkaart,J. Pikkaart
472,J. Ponchet,J. Ponchet
73016,J. Portugal,J. Portugal
89244,J. Preston,J. Preston
71646,J. Psota,J. Psota
2281,J. Riera,J. Riera
6287,J. Roberts,J. Roberts
8369,J. Rodriguez,J. Rodriguez
67656,J. Ross,J. Ross
105896,J. Ruder-Hook,J. Ruder-Hook
21178,J. Ruggeri,J. Ruggeri
10501,J. Ruiz,J. Ruiz
87819,J. Rychnavsky,J. Rychnavsky
78075,J. Schilz,J. Schilz
73845,J. Secord,J. Secord
73845,Jack Secord,J. Secord
3130,J. Shin,J. Shin
78990,J. Sibai,J. Sibai
107213,J. Siftar,J. Siftar
30094,J. Solarski,J. Solarski
2600,J. Stamatova,J. Stamatova
15563,J. Struplova,J. Struplova
78980,J. Strydom,J. Strydom
38313,J. Stusek,J. Stusek
58535,J. Sun,J. Sun
71652,J. Svoboda,J. Svoboda
96459,J. Szczerek,J. Szczerek
33667,J. Teichmann,J. Teichmann
14108,J. Tilbuerger,J. Tilbuerger
28551,J. Tjen,J. Tjen
23563,J. Tracy,J. Tracy
74087,J. Trunet,J. Trunet
69923,J. Van Zyl,J. Van Zyl
73460,J. Vandromme,J. Vandromme
30849,J. Vrba,J. Vrba
71641,J. Vrtilka,J. Vrtilka
5683,J. Wang,J. Wang
101114,J. Werblinski,J. Werblinski
4141,J. Xu,J. Xu
63420,J. Zhang,J. Zhang
104151,J. Zhou,J. Zhou
53584,J. Zhu,J. Zhu
39118,J. van Assendelft,J. van Assendelft
9212,J. Anthrop,Jack Anthrop
9212,Jack Anthrop,Jack Anthrop
68750,J. Kennedy,Jack Kennedy
68750,Jack Kennedy,Jack Kennedy
38176,J. Loge,Jack Loge
38176,Jack Loge,Jack Loge
10844,Jack Loutit,Jack Loutit
89409,Jack McGary,Jack McGary
79358,J. Satterfield,Jack Satterfield
79358,Jack Satterfield,Jack Satterfield
37971,J. Bradshaw,Jacob Bradshaw
37971,Jacob Bradshaw,Jacob Bradshaw
8686,J. Brumm,Jacob Brumm
8686,Jacob Brumm,Jacob Brumm
40192,J. Bilardo,Jacopo Bilardo
40192,Jacopo Bilardo,Jacopo Bilardo
73841,J. Vasami,Jacopo Vasami
73841,Jacopo Vasami,Jacopo Vasami
104759,Jacq/ Poullain,Jacq/ Poullain
104530,Jacquemot/ Parry,Jacquemot/ Parry
1335,Jacquet K.,Jacquet K.
1335,K. Jacquet,Jacquet K.
1335,Kyrian Jacquet,Jacquet K.
107380,Jadoun/ Larue,Jadoun/ Larue
106934,Jadun/ Pow,Jadun/ Pow
105542,Jaen/ Lieberman,Jaen/ Lieberman
69052,J. Choe,Jaesung Choe
69052,Jaesung Choe,Jaesung Choe
106036,Jagare/ Petri Bere,Jagare/ Petri Bere
58210,J. Leach,Jagger Leach
58210,Jagger Leach,Jagger Leach
105110,Jaisinghani/ Mehra,Jaisinghani/ Mehra
7078,Ja. Delaney,Jake Delaney
7078,Jake Delaney,Jake Delaney
95207,J. Dembo,Jake Dembo
95207,Jake Dembo,Jake Dembo
57536,J. Filip,Jakub Filip
57536,Jakub Filip,Jakub Filip
57410,J. Jedrzejczak,Jakub Jedrzejczak
57410,Jakub Jedrzejczak,Jakub Jedrzejczak
2516,J. Nicod,Jakub Nicod
2516,Jakub Nicod,Jakub Nicod
1966,J. Paul,Jakub Paul
1966,Jakub Paul,Jakub Paul
107497,Jakub Solarski,Jakub Solarski
83545,J. Vrba,Jakub Vrba
83545,Jakub Vrba,Jakub Vrba
41818,Jakupovic/ Kovinic,Jakupovic/ Kovinic
106543,Jakupovic/ Li,Jakupovic/ Li
50527,Jakupovic/ Radisic,Jakupovic/ Radisic
29831,Jamaica W,Jamaica W
60773,J. Beaven,James Beaven
60773,James Beaven,James Beaven
54463,James Connel,James Connel
12717,James Hopper,James Hopper
8035,James Storrie Ryan,James Storrie Ryan
8035,R. J. Storrie,James Storrie Ryan
38266,J. Story,James Story
38266,James Story,James Story
29461,J. Van Herzeele,James Van Herzeele
29461,James Van Herzeele,James Van Herzeele
88149,J. Weber,James Weber
88149,James Weber,James Weber
40206,James Williams Aaron,James Williams Aaron
104943,James/ Larraya Guidi,James/ Larraya Guidi
85849,Jamji/ Lahjomri,Jamji/ Lahjomri
105616,Jamji/ Mabrouk,Jamji/ Mabrouk
104747,Jamshidi/ Laron,Jamshidi/ Laron
88001,J. Chlodnicki,Jan Chlodnicki
88001,Jan Chlodnicki,Jan Chlodnicki
37883,J. Hrazdil,Jan Hrazdil
37883,Jan Hrazdil,Jan Hrazdil
10038,Jan Jermar,Jan Jermar
56408,J. Klimas,Jan Klimas
56408,Jan Klimas,Jan Klimas
38839,J. Kumstat,Jan Kumstat
38839,Jan Kumstat,Jan Kumstat
25272,J. Kupcic,Jan Kupcic
25272,Jan Kupcic,Jan Kupcic
88816,J. Sadzik,Jan Sadzik
88816,Jan Sadzik,Jan Sadzik
18059,J. Sebesta,Jan Sebesta
18059,Jan Sebesta,Jan Sebesta
97859,J. Simonsson,Jan Simonsson
97859,Jan Simonsson,Jan Simonsson
87143,J. Wygona,Jan Wygona
87143,Jan Wygona,Jan Wygona
106758,Jancarikova/ Padrnosova,Jancarikova/ Padrnosova
104691,Janev/ Micov,Janev/ Micov
106482,Jang/ Naklo,Jang/ Naklo
105400,Jang/ Shan,Jang/ Shan
105219,Jang/ Sholokhova,Jang/ Sholokhova
105404,Jang/ Yodpetch,Jang/ Yodpetch
106158,Janghu/ Zdravkovski,Janghu/ Zdravkovski
37932,J. Kim,Jangjun Kim
37932,Jangjun Kim,Jangjun Kim
105965,Jankanj/ Matovic,Jankanj/ Matovic
106416,Jankanj/ Nikolic,Jankanj/ Nikolic
106888,Jankanj/ Radjenovic,Jankanj/ Radjenovic
88090,Jankowska/ Skapets,Jankowska/ Skapets
106236,Jankowska/ Srutwa,Jankowska/ Srutwa
104696,Jankulovski/ Kolevski,Jankulovski/ Kolevski
23522,J. Opitz,Jannik Opitz
23522,Jannik Opitz,Jannik Opitz
85494,J. Soetebier,Jannik Soetebier
85494,Jannik Soetebier,Jannik Soetebier
82992,Janos Major Aron,Janos Major Aron
58409,Jans/ Visker,Jans/ Visker
101083,Jans/ Whitehouse,Jans/ Whitehouse
105907,Jansen/ Petrovic,Jansen/ Petrovic
105481,Janssen/ Koussenkova,Janssen/ Koussenkova
107256,Janssen/ Palm,Janssen/ Palm
104344,Janssen/ Roesch,Janssen/ Roesch
104321,Jansson/ Kumar,Jansson/ Kumar
51975,Jansson/ Rovai,Jansson/ Rovai
106133,Jansson/ Slavic,Jansson/ Slavic
106626,Januchowski/ Knitter,Januchowski/ Knitter
107101,Januchowski/ Romer,Januchowski/ Romer
580,Janvier M.,Janvier M.
580,M. Janvier,Janvier M.
580,Maxime Janvier,Janvier M.
105008,Jara/ Lincer,Jara/ Lincer
23376,Jarno Jans,Jarno Jans
400,Jarry N.,Jarry N.
400,Nicolas Jarry,Jarry N.
95640,Jarvis/ Johansson,Jarvis/ Johansson
104460,Jarvis/ Mahjoob,Jarvis/ Mahjoob
96736,Jarvis/ Vance,Jarvis/ Vance
1261,Jasika O.,Jasika O.
1261,O. Jasika,Jasika O.
1261,Omar Jasika,Jasika O.
72348,Jaskova/ Vlckova,Jaskova/ Vlckova
654,Jasza Szajrych,Jasza Szajrych
83520,Jauffret/ Llewellyn,Jauffret/ Llewellyn
105180,Jauffret/ Slama,Jauffret/ Slama
16528,Javier Guzman,Javier Guzman
985,Javier Molino,Javier Molino
103827,Jebens/ Vocel,Jebens/ Vocel
82595,Jecan/ Pavel,Jecan/ Pavel
105317,Jecan/ Poljak,Jecan/ Poljak
40154,F. J. Planinsek,Jeff Planinsek Filip
40154,Jeff Planinsek Filip,Jeff Planinsek Filip
57793,Jefferson Wendler Filho,Jefferson Wendler Filho
102922,Jefferson/ Perez Ramos,Jefferson/ Perez Ramos
55191,Jefferson/ Robertson,Jefferson/ Robertson
78730,J. Fradkin,Jeffrey Fradkin
78730,Jeffrey Fradkin,Jeffrey Fradkin
10231,J. Von der Schulenburg,Jeffrey Von der Schulenburg
10231,Jeffrey Von der Schulenburg,Jeffrey Von der Schulenburg
54098,J. Sarr,Jelani Sarr
54098,Jelani Sarr,Jelani Sarr
107400,Jelinek/ Larwig,Jelinek/ Larwig
106750,Jelinkova/ Paleckova,Jelinkova/ Paleckova
586,J. Sels,Jelle Sels
586,Jelle Sels,Jelle Sels
104042,Jeng/ Tzeng,Jeng/ Tzeng
27362,Jeong/ Kim,Jeong/ Kim
105216,Jeong/ Matsuda,Jeong/ Matsuda
27133,Jeong/ Park,Jeong/ Park
95552,Jeong/ Sema,Jeong/ Sema
74849,Jeong/ Ye,Jeong/ Ye
29557,Jeran/ Vetrih,Jeran/ Vetrih
10233,J. Beale,Jeremy Beale
10233,Jeremy Beale,Jeremy Beale
60151,J. Gschwendtner,Jeremy Gschwendtner
60151,Jeremy Gschwendtner,Jeremy Gschwendtner
10214,Jeremy Jin,Jeremy Jin
7496,J. Schifris,Jeremy Schifris
7496,Jeremy Schifris,Jeremy Schifris
10870,J. Zhang,Jeremy Zhang
10870,Jeremy Zhang,Jeremy Zhang
104332,Jerkovic/ Jutresa,Jerkovic/ Jutresa
89206,J. Gaines,Jerrid Gaines Jr
89206,Jerrid Gaines Jr,Jerrid Gaines Jr
100469,J. Roddick,Jerry Roddick
100469,Jerry Roddick,Jerry Roddick
13024,J. De Jager,Jesse De Jager
13024,Jesse De Jager,Jesse De Jager
14306,Je. Delaney,Jesse Delaney
14306,Jesse Delaney,Jesse Delaney
725,J. Flores,Jesse Flores
725,Jesse Flores,Jesse Flores
73570,J. Hu,Jia Hu
73570,Jia Hu,Jia Hu
105122,Jialin/ Miskovic,Jialin/ Miskovic
106816,Jiang/ Kong,Jiang/ Kong
104143,Jiang/ Qabazard,Jiang/ Qabazard
72178,Jiang/ Wu,Jiang/ Wu
99798,Jiang/ Xu,Jiang/ Xu
107013,Jiang/ Zhang,Jiang/ Zhang
576,Cristian Jianu Filip,Jianu F.C.
576,F. C. Jianu,Jianu F.C.
576,Jianu F.C.,Jianu F.C.
57139,J. Hendrikx,Jim Hendrikx
57139,Jim Hendrikx,Jim Hendrikx
77059,Jimenez/ Puig McCallan,Jimenez/ Puig McCallan
105010,Jimenez/ Rating,Jimenez/ Rating
99876,Jin/ Liu,Jin/ Liu
102714,Jin/ Sun Qian,Jin/ Sun Qian
104777,Jin/ Wang,Jin/ Wang
27725,Jinpeng Tang,Jinpeng Tang
106736,Jirasek/ Kozel,Jirasek/ Kozel
9829,Jirat Navasirisomboon,Jirat Navasirisomboon
38953,J. Cizek,Jiri Cizek
38953,Jiri Cizek,Jiri Cizek
53618,J. Torres Espinosa,Joan Torres Espinosa
53618,Joan Torres Espinosa,Joan Torres Espinosa
57644,Joao Antonio,Joao Antonio
70350,Joao Graca,Joao Graca
65522,J. Almeida,Joaquim Almeida
65522,Joaquim Almeida,Joaquim Almeida
38832,J. Aguilar Cardozo,Joaquin Aguilar Cardozo
38832,Joaquin Aguilar Cardozo,Joaquin Aguilar Cardozo
89619,J. Bianchi,Joaquin Bianchi
89619,Joaquin Bianchi,Joaquin Bianchi
30582,J. Guilleme,Joaquin Guilleme
30582,Joaquin Guilleme,Joaquin Guilleme
14085,Joaquin Rodriguez Lorenzo,Joaquin Rodriguez Lorenzo
14085,L. J. Rodriguez,Joaquin Rodriguez Lorenzo
50323,Jodar R.,Jodar R.
50323,R. Jodar,Jodar R.
50323,Rafael Jodar,Jodar R.
106057,Jodar/ Nakashima,Jodar/ Nakashima
2480,Jody Maginley,Jody Maginley
57896,Joe Leather,Joe Leather
38217,Joe Tyler,Joe Tyler
86331,B. J. Reinhard,Johan Reinhard Bengt
86331,Johan Reinhard Bengt,Johan Reinhard Bengt
2502,J. Ingildsen,Johannes Ingildsen
2502,Johannes Ingildsen,Johannes Ingildsen
73768,Johansson/ Podlinska,Johansson/ Podlinska
74681,Johansson/ Slavic,Johansson/ Slavic
105773,Johansson/ Stroemberg,Johansson/ Stroemberg
104540,Johansson/ Uzhylovskyi,Johansson/ Uzhylovskyi
69709,J. Bothma,John Bothma
69709,John Bothma,John Bothma
1328,J. Echeverria,John Echeverria
1328,John Echeverria,John Echeverria
53232,J. Hallquist Lithen,John Hallquist Lithen
53232,John Hallquist Lithen,John Hallquist Lithen
1282,C. Lock,John Lock Courtney
1282,John Lock Courtney,John Lock Courtney
13694,J. Sperle,John Sperle
13694,John Sperle,John Sperle
105135,John-Baptiste/ Kuzmova,John-Baptiste/ Kuzmova
104717,John-Baptiste/ Liu,John-Baptiste/ Liu
105343,Johns/ Milavsky,Johns/ Milavsky
95307,Johns/ Poling,Johns/ Poling
2851,Johnson S.,Johnson S.
2851,S. Johnson,Johnson S.
2851,Spencer Johnson,Johnson S.
91151,Johnson S.,Johnson S.
91151,S. Johnson,Johnson S.
104868,Johnson/ Appleton,Johnson/ Appleton
32913,Johnson/ Stevens,Johnson/ Stevens
106085,Johnson/ Teixido Garcia,Johnson/ Teixido Garcia
94818,Johnson/ Zielinski,Johnson/ Zielinski
102981,Johnson/ van Loben Sels,Johnson/ van Loben Sels
105288,Johnston/ Weber,Johnston/ Weber
73944,Johnston/ Willwerth,Johnston/ Willwerth
107264,Joint/ Xu,Joint/ Xu
38779,J. Braswell,Jonah Braswell
38779,Jonah Braswell,Jonah Braswell
37917,J. Eriksson Ziverts,Jonas Eriksson Ziverts
37917,Jonas Eriksson Ziverts,Jonas Eriksson Ziverts
2086,J. Forejtek,Jonas Forejtek
2086,Jonas Forejtek,Jonas Forejtek
69497,J. Gundacker,Jonas Gundacker
69497,Jonas Gundacker,Jonas Gundacker
72210,J. Kucera,Jonas Kucera
72210,Jonas Kucera,Jonas Kucera
37985,Jonas Schaer,Jonas Schaer
2500,J. Mridha,Jonathan Mridha
2500,Jonathan Mridha,Jonathan Mridha
69030,Jones/ Lumsden,Jones/ Lumsden
105252,Jones/ Markov,Jones/ Markov
105930,Jones/ Pareja,Jones/ Pareja
33058,Jones/ Paris,Jones/ Paris
10969,Jones/ Viiala,Jones/ Viiala
105942,Jones/ Zhang,Jones/ Zhang
31523,Jong/ Muller,Jong/ Muller
107361,Jonio/ Lapalu,Jonio/ Lapalu
69227,Joon Park Yong,Joon Park Yong
2019,D. Jorda Sanchis,Jorda Sanchis D.
2019,David Jorda Sanchis,Jorda Sanchis D.
2019,Jorda Sanchis D.,Jorda Sanchis D.
85841,Jordaan/ le Roux,Jordaan/ le Roux
11458,Jordan,Jordan
21943,Jordan Chiu,Jordan Chiu
645,J. Hasson,Jordan Hasson
645,Jordan Hasson,Jordan Hasson
95591,Jordan/ Mugenis-Mendonca,Jordan/ Mugenis-Mendonca
18161,J. Garcia Mestre,Jordi Garcia Mestre
18161,Jordi Garcia Mestre,Jordi Garcia Mestre
89139,Jordi Leston Tomas,Jordi Leston Tomas
89139,T. J. Leston,Jordi Leston Tomas
4732,J. Mas De Ugarte,Jordi Mas De Ugarte
4732,Jordi Mas De Ugarte,Jordi Mas De Ugarte
4047,J. Plans,Jorge Plans
4047,Jorge Plans,Jorge Plans
2063,Jorge/ Jorge,Jorge/ Jorge
104104,Jorge/ Kubka,Jorge/ Kubka
97185,Jorgensen/ Meinertz,Jorgensen/ Meinertz
5169,Joris De Loore,Joris De Loore
105805,Jorquera/ Jorquera,Jorquera/ Jorquera
74771,J. Dominguez Alonso,Jose Dominguez Alonso
74771,Jose Dominguez Alonso,Jose Dominguez Alonso
2215,H. J. Escurra Isnardi,Jose Escurra Isnardi Hernando
2215,Jose Escurra Isnardi Hernando,Jose Escurra Isnardi Hernando
71306,Jose Freitas,Jose Freitas
974,Jose Gutierrez Oscar,Jose Gutierrez Oscar
974,O. J. Gutierrez,Jose Gutierrez Oscar
56998,Jose Nakamine Luis,Jose Nakamine Luis
56998,L. J. Nakamine,Jose Nakamine Luis
3896,J. Pereira,Jose Pereira
3896,Jose Pereira,Jose Pereira
93298,F. J. Rivadeneira Gallegos,Jose Rivadeneira Gallegos Felipe
93298,Jose Rivadeneira Gallegos Felipe,Jose Rivadeneira Gallegos Felipe
105553,Joseph/ Schilz,Joseph/ Schilz
10215,J. Charlton,Joshua Charlton
10215,Joshua Charlton,Joshua Charlton
9190,J. Peck,Joshua Peck
9190,Joshua Peck,Joshua Peck
1254,J. Sheehy,Joshua Sheehy
1254,Joshua Sheehy,Joshua Sheehy
50324,Josip Simundza,Josip Simundza
105381,Jou-George Gnjidic,Jou-George Gnjidic
101301,Jovanovic/ Pikkaart,Jovanovic/ Pikkaart
94273,Jovanovski/ Sach,Jovanovski/ Sach
104528,Jovic/ Linette,Jovic/ Linette
85116,Jovic/ Markovski,Jovic/ Markovski
79356,Jovic/ McNally,Jovic/ McNally
103914,Jovic/ Milosavljevic,Jovic/ Milosavljevic
104658,Jovic/ Premzl,Jovic/ Premzl
107233,Jovic/ Radovanovic,Jovic/ Radovanovic
106161,Jovic/ Zivkovic,Jovic/ Zivkovic
107394,Jozwicki/ Mujakic,Jozwicki/ Mujakic
77618,Jr Olivarez Eric,Jr Olivarez Eric
10296,D. J. Kim,Ju Kim Dong
10296,Ju Kim Dong,Ju Kim Dong
54079,J. Estevez,Juan Estevez
54079,Juan Estevez,Juan Estevez
63925,Juan Fuentes Vasquez,Juan Fuentes Vasquez
385,Jubb P.,Jubb P.
385,P. Jubb,Jubb P.
385,Paul Jubb,Jubb P.
103446,Juchan Hwang,Juchan Hwang
28319,Juhas/ Obradovic,Juhas/ Obradovic
84109,Juhas/ Popovic,Juhas/ Popovic
105085,Juhas/ Vukovic,Juhas/ Vukovic
77603,J. Leroux,Jules Leroux
77603,Jules Leroux,Jules Leroux
16320,Julian Alonso Vivanco,Julian Alonso Vivanco
37945,J. Cundom,Julian Cundom
37945,Julian Cundom,Julian Cundom
79192,Julian Valenzuela,Julian Valenzuela
74278,E. J. Werner,Julian Werner Elias
74278,Julian Werner Elias,Julian Werner Elias
17050,Julien De Cuyper,Julien De Cuyper
20017,J. Penzlin,Julien Penzlin
20017,Julien Penzlin,Julien Penzlin
8799,J. Cesar Porras,Julio Cesar Porras
8799,Julio Cesar Porras,Julio Cesar Porras
15213,J. Bienkiewicz,Juliusz Bienkiewicz
15213,Juliusz Bienkiewicz,Juliusz Bienkiewicz
5515,J. Yamasaki,Jumpei Yamasaki
5515,Jumpei Yamasaki,Jumpei Yamasaki
25650,G. J. Kim,Jun Kim Geun
25650,Jun Kim Geun,Jun Kim Geun
390,J. Jung,Jung J.
390,Jason Jung,Jung J.
390,Jung J.,Jung J.
9717,Jung/ King,Jung/ King
106066,Jung/ Maginley,Jung/ Maginley
105440,Jung/ Mathes,Jung/ Mathes
105002,Jung/ McDonald,Jung/ McDonald
106505,Jung/ Nemeth,Jung/ Nemeth
106220,Junker/ van Huet,Junker/ van Huet
103833,Jurak Schreiber/ Ruzic,Jurak Schreiber/ Ruzic
107014,Jurak Schreiber/ Wu,Jurak Schreiber/ Wu
92464,J. Trainauskas,Justas Trainauskas
92464,Justas Trainauskas,Justas Trainauskas
49889,Justin Barki,Justin Barki
88313,J. Lenders,Justin Lenders
88313,Justin Lenders,Justin Lenders
101799,Justin Roberts,Justin Roberts
60968,J. Schlageter,Justin Schlageter
60968,Justin Schlageter,Justin Schlageter
69740,Juszczak/ Kokot,Juszczak/ Kokot
71900,K. Al-Amin,K. Al-Amin
39131,K. Allen,K. Allen
82378,K. Bartel,K. Bartel
67383,K. Bataikina,K. Bataikina
88185,K. Belkova,K. Belkova
92,K. Birrell,K. Birrell
71659,K. Blazkova,K. Blazkova
2993,K. Boulter,K. Boulter
52269,K. Carnicella,K. Carnicella
90503,K. Chiarello,K. Chiarello
53141,K. Chung,K. Chung
20330,K. Collins,K. Collins
106380,K. Cooper,K. Cooper
66485,K. Coppez,K. Coppez
6700,K. Cross,K. Cross
132,K. Day,K. Day
459,K. Deichmann,K. Deichmann
20381,K. Diatlova,K. Diatlova
92077,K. Drenser-Hagmann,K. Drenser-Hagmann
56366,K. Dulikova,K. Dulikova
5016,K. Dunne,K. Dunne
106144,K. E. Pereira d. S.,K. E. Pereira d. S.
63490,K. Efremova,K. Efremova
22282,K. Evans,K. Evans
40835,K. Fakih,K. Fakih
74762,K. Fiadosik,K. Fiadosik
106721,K. Foldova,K. Foldova
87755,K. Froemel,K. Froemel
87376,K. Gardiner,K. Gardiner
30151,K. Gasimov,K. Gasimov
86770,K. Giese,K. Giese
106374,K. Golda,K. Golda
87845,K. Halamova,K. Halamova
15332,K. Hance,K. Hance
15332,Keaton Hance,K. Hance
37905,K. Hui,K. Hui
92575,K. Idogaki,K. Idogaki
84808,K. Janev,K. Janev
104411,K. Jiananxi,K. Jiananxi
106054,K. K. Bayrak,K. K. Bayrak
8237,K. K. Thandi,K. K. Thandi
103292,K. Kajabova,K. Kajabova
40037,K. Kang Ku,K. Kang Ku
1780,K. Kawa,K. Kawa
38178,K. Keller,K. Keller
71643,K. Kominek,K. Kominek
11728,K. Kosan,K. Kosan
105330,K. Kovalchuk,K. Kovalchuk
85078,K. Kovgan,K. Kovgan
38086,K. Kozakova,K. Kozakova
75363,K. Kroitor,K. Kroitor
83338,K. Kujovic,K. Kujovic
13326,K. Kuzmova,K. Kuzmova
106148,K. L. Carvalho e. S.,K. L. Carvalho e. S.
7190,K. Laskutova,K. Laskutova
38153,K. Lazarenko,K. Lazarenko
60031,K. Liu,K. Liu
76966,K. Liutova,K. Liutova
80829,K. Mahendran,K. Mahendran
14354,K. Mandelikova,K. Mandelikova
24735,K. Mansfield,K. Mansfield
51004,K. Matushkina,K. Matushkina
105993,K. McNally,K. McNally
10873,K. Miyoshi,K. Miyoshi
10873,Kenta Miyoshi,K. Miyoshi
514,K. Mladenovic,K. Mladenovic
96725,K. Moe,K. Moe
40203,K. Molnar,K. Molnar
51003,K. Mrazikova,K. Mrazikova
2807,K. Muchova,K. Muchova
101331,K. N. Gonzalez Gonzalez,K. N. Gonzalez Gonzalez
81646,K. N. Kucikova,K. N. Kucikova
68048,K. Najzer,K. Najzer
106612,K. Nakajima,K. Nakajima
84317,K. Nguyen,K. Nguyen
49582,K. Nishimura,K. Nishimura
38150,K. Novak,K. Novak
1396,K. Okamura,K. Okamura
40089,K. Paskauskas,K. Paskauskas
13072,K. Pavlova,K. Pavlova
58224,K. Penickova,K. Penickova
106724,K. Pirkova,K. Pirkova
20383,K. Pochtovyk,K. Pochtovyk
5707,K. Popovic,K. Popovic
71664,K. Prikrylova,K. Prikrylova
13647,K. Quevedo,K. Quevedo
1140,K. Rakhimova,K. Rakhimova
53528,K. Ren,K. Ren
38846,K. Rice,K. Rice
38846,Keegan Rice,K. Rice
2592,K. Rinaldo Persson,K. Rinaldo Persson
63406,K. S. Chen,K. S. Chen
60532,K. Sagheb Tehrani,K. Sagheb Tehrani
50791,K. Sawashiro,K. Sawashiro
186,K. Scott,K. Scott
6701,K. Sebov,K. Sebov
91697,K. Sharabura,K. Sharabura
57527,K. Sidorova,K. Sidorova
3006,K. Siniakova,K. Siniakova
87836,K. Smidova,K. Smidova
77370,K. Smirnova,K. Smirnova
104201,K. Smith,K. Smith
104201,Kyrgios/ Smith,K. Smith
53766,K. Smith,K. Smith
53766,Korpatsch/ Webley-Smith,K. Smith
6011,K. Smith,K. Smith
6011,Keegan Smith,K. Smith
106727,K. Stepankova,K. Stepankova
60799,K. Supova,K. Supova
1129,K. Swan,K. Swan
5201,K. Tamura,K. Tamura
23388,K. Tsygourova,K. Tsygourova
89635,K. Vaja,K. Vaja
13168,K. Veldman,K. Veldman
2826,K. Volynets,K. Volynets
20220,K. Vozniak,K. Vozniak
107222,K. Vukovic,K. Vukovic
71639,K. Vymazal,K. Vymazal
95212,K. Watanabe,K. Watanabe
9523,K. Wiersholm,K. Wiersholm
105277,K. Wolf,K. Wolf
15425,K. Wysoczanska,K. Wysoczanska
88162,K. Y. Cheung,K. Y. Cheung
27706,K. Yodpetch,K. Yodpetch
13971,K. Yoshioka,K. Yoshioka
73135,K. Zabkova,K. Zabkova
71661,K. Zajickova,K. Zajickova
480,K. Zavatska,K. Zavatska
2526,K. Zaytseva,K. Zaytseva
517,Ka. Pliskova,Ka. Pliskova
85926,Kaan Oktay Ramazan,Kaan Oktay Ramazan
106844,Kabbaj/ Ren,Kabbaj/ Ren
105734,Kabbaj/ Spiteri,Kabbaj/ Spiteri
106548,Kabbaj/ Toma,Kabbaj/ Toma
103991,Kabbaj/ Vargova,Kabbaj/ Vargova
68052,K. Kapasi,Kabeer Kapasi
68052,Kabeer Kapasi,Kabeer Kapasi
50060,K. Hans,Kabir Hans
50060,Kabir Hans,Kabir Hans
1197,A. Kachmazov,Kachmazov A.
1197,Alibek Kachmazov,Kachmazov A.
1197,Kachmazov A.,Kachmazov A.
14530,Agafonov/ Kachmazov,Kachmazov A.
14530,Kachmazov A.,Kachmazov A.
74207,K. Knitter,Kacper Knitter
74207,Kacper Knitter,Kacper Knitter
67375,K. Szymkowiak,Kacper Szymkowiak
67375,Kacper Szymkowiak,Kacper Szymkowiak
1203,A. Kadhe,Kadhe A.
1203,Kadhe A.,Kadhe A.
106063,Kadhe/ Kielan,Kadhe/ Kielan
102641,Kadhe/ Zormann Da Silva,Kadhe/ Zormann Da Silva
105588,Kadiri Hassani/ Seidman,Kadiri Hassani/ Seidman
104764,Kadiri Hassani/ Weber,Kadiri Hassani/ Weber
106010,Kaegi/ Kozakova,Kaegi/ Kozakova
100952,Kaegi/ Zurmuehle,Kaegi/ Zurmuehle
89121,K. Thompson,Kai Thompson
89121,Kai Thompson,Kai Thompson
2459,K. Wehnelt,Kai Wehnelt
2459,Kai Wehnelt,Kai Wehnelt
57394,K. Wang,Kai-i Wang
57394,Kai-i Wang,Kai-i Wang
73361,Kaibekova/ Kalimullina,Kaibekova/ Kalimullina
106274,Kaibekova/ Melleiro,Kaibekova/ Melleiro
90131,K. Kang,Kaigaoge Kang
90131,Kaigaoge Kang,Kaigaoge Kang
37934,K. Uesugi,Kaito Uesugi
37934,Kaito Uesugi,Kaito Uesugi
106229,Kajabova/ Lazar,Kajabova/ Lazar
107123,Kajin/ Kupcic,Kajin/ Kupcic
104071,Kajin/ Mashtakov,Kajin/ Mashtakov
104799,Kajin/ Sekachov,Kajin/ Sekachov
105222,Kakenova/ Korysheva,Kakenova/ Korysheva
87588,Kakenova/ Krymkova,Kakenova/ Krymkova
80023,Kalender/ Serdarusic,Kalender/ Serdarusic
106922,Kaler/ Kaler,Kaler/ Kaler
95443,Kalieva/ Stoiana,Kalieva/ Stoiana
1296,K. Ivanovski,Kalin Ivanovski
1296,Kalin Ivanovski,Kalin Ivanovski
55186,Kalina/ Kriznik,Kalina/ Kriznik
65123,Kalinina/ Yastremska,Kalinina/ Yastremska
70544,Kalman/ Mihalka,Kalman/ Mihalka
106890,Kalovelonis/ Klok,Kalovelonis/ Klok
105061,Kalyakina/ Lu,Kalyakina/ Lu
105713,Kalyanpur/ Nedunchezhiyan,Kalyanpur/ Nedunchezhiyan
103387,Kalyanpur/ Taylor,Kalyanpur/ Taylor
96845,Kamath/ Sharma,Kamath/ Sharma
105605,Kamboj/ Mehrotra,Kamboj/ Mehrotra
105076,Kamboj/ Pierre,Kamboj/ Pierre
103910,Kamboj/ Seleznev,Kamboj/ Seleznev
105034,Kamendje/ Xu,Kamendje/ Xu
105093,Kamrowski/ Zgola,Kamrowski/ Zgola
107375,Kandil/ Mabrouk,Kandil/ Mabrouk
106532,Kanerva/ Karkkainen,Kanerva/ Karkkainen
106251,Kanerva/ Vanni,Kanerva/ Vanni
38273,Kang Leong Mitsuki Wei,Kang Leong Mitsuki Wei
38273,W. K. Leong M.,Kang Leong Mitsuki Wei
40033,Kang/ Kim,Kang/ Kim
42117,Kang/ Liu,Kang/ Liu
104359,Kannan/ Petrovic,Kannan/ Petrovic
101815,Kanta Fujisaki,Kanta Fujisaki
106339,Kanumuri/ Montiel,Kanumuri/ Montiel
105459,Kaouk/ Martin,Kaouk/ Martin
104076,Kapasi/ Kuzmenok,Kapasi/ Kuzmenok
104618,Kapcia/ Saner,Kapcia/ Saner
104369,Kapcia/ Zaplawa,Kapcia/ Zaplawa
106460,Karamoko/ Salden,Karamoko/ Salden
100595,Karamoko/ Semenistaja,Karamoko/ Semenistaja
8537,K. Singh,Karan Singh
8537,Karan Singh,Karan Singh
106295,Karatancheva/ Kern,Karatancheva/ Kern
106925,Karatancheva/ Papamichail,Karatancheva/ Papamichail
76853,Karatancheva/ Primorac,Karatancheva/ Primorac
100978,Karatancheva/ Thombare,Karatancheva/ Thombare
92447,Karatancheva/ Vilar,Karatancheva/ Vilar
1901,Aslan Karatsev,Karatsev A.
1901,Karatsev A.,Karatsev A.
103871,Kardava/ Kubareva,Kardava/ Kubareva
107065,Kardava/ Medvedeva,Kardava/ Medvedeva
104733,Kardava/ Odorizzi,Kardava/ Odorizzi
21760,Karim El Feky,Karim El Feky
675,K. Ibrahim,Karim Ibrahim
675,Karim Ibrahim,Karim Ibrahim
78278,K. Mabrouk,Karim Mabrouk
78278,Karim Mabrouk,Karim Mabrouk
83950,Karki/ Satterfield,Karki/ Satterfield
8886,K. Poling,Karl Poling
8886,Karl Poling,Karl Poling
13125,Karlis Ozolins,Karlis Ozolins
81046,K. Kajin,Karlo Kajin
81046,Karlo Kajin,Karlo Kajin
83109,Karlsson Wistrand/ Koistila Larsson,Karlsson Wistrand/ Koistila Larsson
106788,Karlsson Wistrand/ Kumar,Karlsson Wistrand/ Kumar
15548,K. Filar,Karol Filar
15548,Karol Filar,Karol Filar
57480,Karol Malirz,Karol Malirz
106746,Karsnakova/ Holubova,Karsnakova/ Holubova
104280,Karthik/ Lakshmanan,Karthik/ Lakshmanan
105636,Karthik/ Plans,Karthik/ Plans
106595,Karunaratne/ Popovic,Karunaratne/ Popovic
104893,Karunaratne/ Tomase,Karunaratne/ Tomase
106272,Karunaratne/ Vlasselaer,Karunaratne/ Vlasselaer
1242,Kasnikowski M.,Kasnikowski M.
1242,M. Kasnikowski,Kasnikowski M.
1242,Maks Kasnikowski,Kasnikowski M.
89695,K. Mathes,Kaspar Mathes
89695,Kaspar Mathes,Kaspar Mathes
106497,Kasperski/ Plenkiewicz,Kasperski/ Plenkiewicz
73847,K. Rahmani,Kasra Rahmani
73847,Kasra Rahmani,Kasra Rahmani
105214,Katayama/ Ogura,Katayama/ Ogura
104775,Katayama/ Shiraishi,Katayama/ Shiraishi
59424,Kato/ Kichenok,Kato/ Kichenok
78413,Kato/ Olmos,Kato/ Olmos
104206,Kato/ Rakhimova,Kato/ Rakhimova
100297,Kato/ Samsonova,Kato/ Samsonova
76538,K. Noatto,Kaue Noatto
76538,Kaue Noatto,Kaue Noatto
105055,Kavanagh/ Perez Naranjo,Kavanagh/ Perez Naranjo
107044,Kavcic/ Purcell,Kavcic/ Purcell
105397,Kawachi/ Mochizuki,Kawachi/ Mochizuki
20173,Kawachi/ Ogura,Kawachi/ Ogura
19677,Kawachi/ Tanuma,Kawachi/ Tanuma
104095,Kawagishi/ Kikawada,Kawagishi/ Kikawada
107327,Kawaguchi/ Kozaki,Kawaguchi/ Kozaki
100347,Kawaguchi/ Shimizu,Kawaguchi/ Shimizu
104778,Kawahashi/ Koizumi,Kawahashi/ Koizumi
35557,Kawahashi/ Matsuda,Kawahashi/ Matsuda
105757,Kawahashi/ Nakamura,Kawahashi/ Nakamura
104414,Kawahashi/ Yamanaka,Kawahashi/ Yamanaka
104493,Kawamura/ Nishiwaki,Kawamura/ Nishiwaki
104097,Kawamura/ Ohwaki Yui,Kawamura/ Ohwaki Yui
67766,Kawamura/ Sato,Kawamura/ Sato
95245,Kawanishi/ Watanabe,Kawanishi/ Watanabe
106932,Kawano Cho/ Pontes Tourinho,Kawano Cho/ Pontes Tourinho
105539,K. Colombo,Kayden Colombo
105539,Kayden Colombo,Kayden Colombo
37898,K. Bigun,Kaylan Bigun
37898,Kaylan Bigun,Kaylan Bigun
104496,Kazanowski/ Lewandowski,Kazanowski/ Lewandowski
104598,Kazionova/ Shapatava,Kazionova/ Shapatava
106154,Kazlauskas/ McGloughlin,Kazlauskas/ McGloughlin
64897,Kaztugan/ Kim,Kaztugan/ Kim
9655,K. Nishiwaki,Kazuki Nishiwaki
9655,Kazuki Nishiwaki,Kazuki Nishiwaki
784,Kazuma Kawachi,Kazuma Kawachi
55113,K. K. Lee,Kazuma Lee Karl
55113,Kazuma Lee Karl,Kazuma Lee Karl
2848,Kecmanovic M.,Kecmanovic M.
2848,M. Kecmanovic,Kecmanovic M.
2848,Miomir Kecmanovic,Kecmanovic M.
5770,Keenan Mayo,Keenan Mayo
1326,K. Saitoh,Keisuke Saitoh
1326,Keisuke Saitoh,Keisuke Saitoh
105812,Keller/ Semmelmeyer,Keller/ Semmelmeyer
106041,Kellovsky/ Mrva,Kellovsky/ Mrva
88440,Kellovsky/ Pecak,Kellovsky/ Pecak
104338,Kelo/ Vuglar,Kelo/ Vuglar
104197,Kempen/ Panova,Kempen/ Panova
104204,Kenin/ Ostapenko,Kenin/ Ostapenko
106092,Kenin/ Potapova,Kenin/ Potapova
990,K. De Schepper,Kenny De Schepper
990,Kenny De Schepper,Kenny De Schepper
61206,Kentaro Otsuka,Kentaro Otsuka
11450,Kenya,Kenya
19639,Kenya W,Kenya W
75484,Kenzhibayeva/ Lazarenko,Kenzhibayeva/ Lazarenko
102155,Kenzhibayeva/ Shubina,Kenzhibayeva/ Shubina
62511,Kenzhibayeva/ Suvirdjonkova,Kenzhibayeva/ Suvirdjonkova
106966,Kenzhibayeva/ Toregen,Kenzhibayeva/ Toregen
65986,K. Yilmaz,Kerem Yilmaz
65986,Kerem Yilmaz,Kerem Yilmaz
34575,Keremedchiev/ Simeonov,Keremedchiev/ Simeonov
106362,Kesharwani/ Seleznev,Kesharwani/ Seleznev
40189,K. Chopra,Keshav Chopra
40189,Keshav Chopra,Keshav Chopra
95016,Kessler/ Pegula,Kessler/ Pegula
104521,Kessler/ Shnaider,Kessler/ Shnaider
62412,K. Edengren,Kevin Edengren
62412,Kevin Edengren,Kevin Edengren
435,K. Khachanov,Khachanov K.
435,Karen Khachanov,Khachanov K.
435,Khachanov K.,Khachanov K.
2400,Khachanov/ Rublev,Khachanov/ Rublev
102313,Khan Barkat,Khan Barkat
105596,Khan/ Russell,Khan/ Russell
107237,Kharlamov/ Tiukaev,Kharlamov/ Tiukaev
81561,Kharlanova/ Mamedova,Kharlanova/ Mamedova
105890,Khayrutdinova/ Kononova,Khayrutdinova/ Kononova
106350,Khayrutdinova/ McNeil,Khayrutdinova/ McNeil
107587,Khodorchenko/ Sheyngezikht,Khodorchenko/ Sheyngezikht
106896,Khodzhaeva/ Pushkareva,Khodzhaeva/ Pushkareva
101287,Khodzhaeva/ Tupitsyna,Khodzhaeva/ Tupitsyna
107407,Khoeblal/ Muller,Khoeblal/ Muller
786,K. Montsi,Khololwam Montsi
786,Khololwam Montsi,Khololwam Montsi
105402,Khomitskaya/ Mikhaylova,Khomitskaya/ Mikhaylova
37254,Khomutsianskaya/ Pavlova,Khomutsianskaya/ Pavlova
106553,Khomutsianskaya/ Ren,Khomutsianskaya/ Ren
64152,Khomutsianskaya/ Zelinskaya,Khomutsianskaya/ Zelinskaya
83043,Khotchenkov/ Kukasian,Khotchenkov/ Kukasian
88852,Khotchenkov/ Shirokyi,Khotchenkov/ Shirokyi
96569,Khotchenkov/ Yazdani,Khotchenkov/ Yazdani
107571,Khramtsova/ Utkina,Khramtsova/ Utkina
104453,Khramtsova/ Vasileva,Khramtsova/ Vasileva
101223,Khrebtova/ Wagner,Khrebtova/ Wagner
107249,Khuda/ Kurmanaev,Khuda/ Kurmanaev
6983,K. Sultanov,Khumoyun Sultanov
6983,Khumoyun Sultanov,Khumoyun Sultanov
9479,Kichenok/ Kichenok,Kichenok/ Kichenok
41561,Kichenok/ Krawczyk,Kichenok/ Krawczyk
105708,Kichenok/ Kubka,Kichenok/ Kubka
106675,Kichenok/ Lumsden,Kichenok/ Lumsden
2876,Kichenok/ Ninomiya,Kichenok/ Ninomiya
81155,Kichenok/ Sutjiadi,Kichenok/ Sutjiadi
1756,Kicker N.,Kicker N.
1756,N. Kicker,Kicker N.
1756,Nicolas Kicker,Kicker N.
55562,Kielan/ Matuszewski,Kielan/ Matuszewski
105716,Kielan/ Neuchrist,Kielan/ Neuchrist
104971,Kielan/ Poljak,Kielan/ Poljak
107019,Kielan/ Vega Hernandez,Kielan/ Vega Hernandez
87535,Kiger/ Seggerman,Kiger/ Seggerman
81685,Kiger/ Stalder,Kiger/ Stalder
75073,Kiger/ Trhac,Kiger/ Trhac
105062,Kikawada/ Kosaka,Kikawada/ Kosaka
106953,Kikawada/ Son,Kikawada/ Son
107442,Kikawada/ Tse,Kikawada/ Tse
106617,Kikuchi/ Taguchi,Kikuchi/ Taguchi
106817,Kikuchi/ Yamanaka,Kikuchi/ Yamanaka
38234,Kim Eunchae,Kim Eunchae
39477,Kim Eunchae/Lee,Kim Eunchae/Lee
11521,Kim/ Kim,Kim/ Kim
107197,Kim/ Kozaki,Kim/ Kozaki
101990,Kim/ Lu,Kim/ Lu
107047,Kim/ Martin,Kim/ Martin
83621,Kim/ Roh,Kim/ Roh
31401,Kim/ Shin,Kim/ Shin
29291,Kim/ Yang,Kim/ Yang
84453,Kincses/ Sallay,Kincses/ Sallay
106855,Kindhult/ Nyqvist,Kindhult/ Nyqvist
2926,D. King,King D.
2926,Darian King,King D.
2926,King D.,King D.
104881,King/ Dabrowski,King/ Dabrowski
36554,King/ Stalder,King/ Stalder
106109,Kinoshita/ Sakatsume,Kinoshita/ Sakatsume
3706,Kirchheimer S.,Kirchheimer S.
3706,S. Kirchheimer,Kirchheimer S.
3706,Strong Kirchheimer,Kirchheimer S.
106050,Kirci/ Kirkin,Kirci/ Kirkin
1944,K. Kivattsev,Kirill Kivattsev
1944,Kirill Kivattsev,Kirill Kivattsev
90337,Kirilov/ Lazarov,Kirilov/ Lazarov
104624,Kirkan/ Zolotukhina,Kirkan/ Zolotukhina
107281,Estevez/ Kirkin,Kirkin E.
107281,Kirkin E.,Kirkin E.
1863,E. Kirkin,Kirkin E.
1863,Ergi Kirkin,Kirkin E.
1863,Kirkin E.,Kirkin E.
27106,Kirkin/ Yevseyev,Kirkin/ Yevseyev
76043,Kirkov/ Stevens,Kirkov/ Stevens
107255,Kisantal/ Popovic,Kisantal/ Popovic
107389,Kisantal/ Szoke,Kisantal/ Szoke
104036,Kitahara/ Nishino,Kitahara/ Nishino
106453,Kittay/ Romboli,Kittay/ Romboli
104904,Kittay/ Romios,Kittay/ Romios
107194,Kittay/ Stalder,Kittay/ Stalder
106508,Klaassen/ Van Herck,Klaassen/ Van Herck
106781,Klaassen/ Vasa,Klaassen/ Vasa
107404,Klaassen/ Verbeek,Klaassen/ Verbeek
85154,Kleege/ Seeman,Kleege/ Seeman
104391,Kleege/ Tallakson,Kleege/ Tallakson
1969,Klein L.,Klein L.
1969,Lukas Klein,Klein L.
107009,Klepac/ Lumsden,Klepac/ Lumsden
106090,Klepac/ Ninomiya,Klepac/ Ninomiya
104196,Klepac/ Radisic,Klepac/ Radisic
106354,Klichnikov/ Lutkovskii,Klichnikov/ Lutkovskii
104443,Klimas/ Milosavljevic,Klimas/ Milosavljevic
106513,Klimas/ Poritskyi,Klimas/ Poritskyi
104732,Klimovicova/ Podrez,Klimovicova/ Podrez
107337,Klipfel/ Krattiger,Klipfel/ Krattiger
106555,Klok/ Ochi,Klok/ Ochi
107592,Klok/ Spiridonov,Klok/ Spiridonov
107238,Klok/ Vijay Shankar,Klok/ Vijay Shankar
106960,Kluczynski/ Mizerski,Kluczynski/ Mizerski
58301,Klugman/ Xu,Klugman/ Xu
105123,Klys/ Solakov,Klys/ Solakov
106235,Kmiecik/ Wrobel,Kmiecik/ Wrobel
105251,Knani/ Oueslati,Knani/ Oueslati
63020,Knani/ Snoussi,Knani/ Snoussi
69830,Knani/ Trifi,Knani/ Trifi
104957,Knight/ Wong,Knight/ Wong
89494,Knippling/ Schinas,Knippling/ Schinas
107162,Knorr/ Middendorf,Knorr/ Middendorf
64772,Knutson/ Vilar,Knutson/ Vilar
23191,K. Suzuki,Ko Suzuki
23191,Ko Suzuki,Ko Suzuki
105779,Kobierski/ Sultanov,Kobierski/ Sultanov
106165,Kobierski/ Szerencsits,Kobierski/ Szerencsits
105457,Kobierski/ Wagner,Kobierski/ Wagner
90705,Kobori/ Plipuech,Kobori/ Plipuech
15752,Kobori/ Shimizu,Kobori/ Shimizu
13158,K. Pearson,Kody Pearson
13158,Kody Pearson,Kody Pearson
31446,Koehler/ Schroeder,Koehler/ Schroeder
70672,Koenig/ McKenzie,Koenig/ McKenzie
105888,Kohlmann/ Oliveira,Kohlmann/ Oliveira
105269,Kohlmann/ Zarate,Kohlmann/ Zarate
74682,Koistila Larsson/ Kumar,Koistila Larsson/ Kumar
59064,Koizumi/ Taka,Koizumi/ Taka
104605,Kojima/ Komagata,Kojima/ Komagata
37969,K. Matsuda,Koki Matsuda
37969,Koki Matsuda,Koki Matsuda
426,Kokkinakis T.,Kokkinakis T.
426,T. Kokkinakis,Kokkinakis T.
426,Thanasi Kokkinakis,Kokkinakis T.
104808,Kokkinakis/ Kovacevic,Kokkinakis/ Kovacevic
107159,Kokkinis/ McKenzie,Kokkinis/ McKenzie
9226,K. Isomura,Kokoro Isomura
9226,Kokoro Isomura,Kokoro Isomura
384,Kolar Z.,Kolar Z.
384,Z. Kolar,Kolar Z.
384,Zdenek Kolar,Kolar Z.
104970,Kolar/ Neuchrist,Kolar/ Neuchrist
103063,Kolar/ Vocel,Kolar/ Vocel
106443,Koldvells/ Weissmann,Koldvells/ Weissmann
105857,Koller/ Stabauer,Koller/ Stabauer
107464,Koller/ Willemse,Koller/ Willemse
106738,Kollert/ Novak,Kollert/ Novak
90121,K. Kincses,Kolos Kincses
90121,Kolos Kincses,Kolos Kincses
104685,Komat/ Salah-Eddine,Komat/ Salah-Eddine
106790,Kominek/ Psota,Kominek/ Psota
107050,Kong/ Meng,Kong/ Meng
94352,Konishi Silva/ Labrana,Konishi Silva/ Labrana
103238,Konishi Silva/ Pereira,Konishi Silva/ Pereira
106332,Kononova/ Kulikova,Kononova/ Kulikova
105584,Kononova/ Matushkina,Kononova/ Matushkina
104406,Kononova/ Rapolu,Kononova/ Rapolu
9231,Konstantin Zhzhenov,Konstantin Zhzhenov
105441,Konstantin/ Schliemann,Konstantin/ Schliemann
100200,Kontopoulos/ Mitalas,Kontopoulos/ Mitalas
1083,Kopriva V.,Kopriva V.
1083,V. Kopriva,Kopriva V.
1083,Vit Kopriva,Kopriva V.
102660,Kopriva/ Pieczonka,Kopriva/ Pieczonka
104623,Koprivova/ Muller,Koprivova/ Muller
1244,K. Kirci,Koray Kirci
1244,Koray Kirci,Koray Kirci
2840,Korda S.,Korda S.
2840,Sebastian Korda,Korda S.
75444,Korhonen/ McKenzie,Korhonen/ McKenzie
76069,Korneeva/ Kudermetova,Korneeva/ Kudermetova
104002,Korokozidi/ Stankovic,Korokozidi/ Stankovic
107434,Korpanec Davies/ Lebeau,Korpanec Davies/ Lebeau
72714,Korpanec Davies/ Moore,Korpanec Davies/ Moore
102971,Korpanec Davies/ Popa,Korpanec Davies/ Popa
106053,Korpanec Davies/ Vaissaud,Korpanec Davies/ Vaissaud
105701,Korpatsch/ Noha Akugue,Korpatsch/ Noha Akugue
106227,Korysheva/ Nupbay,Korysheva/ Nupbay
105623,Korysheva/ Toregen,Korysheva/ Toregen
104781,Kosaka/ Ohwaki Yui,Kosaka/ Ohwaki Yui
83314,Kosaka/ Uemura,Kosaka/ Uemura
69262,Kosinski/ Lis,Kosinski/ Lis
106878,Kosinski/ Pawlak,Kosinski/ Pawlak
104314,Kosinski/ Sterniczuk,Kosinski/ Sterniczuk
106210,Kosinski/ Zgola,Kosinski/ Zgola
106529,Koskel/ Lazarova,Koskel/ Lazarova
19649,Kosovo W,Kosovo W
104961,Kostecka/ Makarova,Kostecka/ Makarova
69978,Kostic/ Stefanovic,Kostic/ Stefanovic
104346,Kostina/ Solakov,Kostina/ Solakov
105988,Kostka/ Paganetti,Kostka/ Paganetti
107456,Kostova/ Reami,Kostova/ Reami
105118,Kostovic/ Riera,Kostovic/ Riera
1175,Kostyuk/ Ruse,Kostyuk/ Ruse
107012,Kostyuk/ Stearns,Kostyuk/ Stearns
711,K. Ogura,Kosuke Ogura
711,Kosuke Ogura,Kosuke Ogura
76704,K. Shibano,Kosuke Shibano
76704,Kosuke Shibano,Kosuke Shibano
106142,Kotan/ Stevens,Kotan/ Stevens
415,Kotov P.,Kotov P.
415,P. Kotov,Kotov P.
415,Pavel Kotov,Kotov P.
68751,Kouame M.,Kouame M.
68751,M. Kouame,Kouame M.
68751,Moise Kouame,Kouame M.
106744,Kouba/ Svoboda,Kouba/ Svoboda
80555,Kountourakis/ Schinas,Kountourakis/ Schinas
105963,Kountourakis/ Sousou,Kountourakis/ Sousou
107401,Kovac/ Premzl,Kovac/ Premzl
2978,A. Kovacevic,Kovacevic A.
2978,Aleksandar Kovacevic,Kovacevic A.
2978,Kovacevic A.,Kovacevic A.
106262,Kovacevic/ Soulie,Kovacevic/ Soulie
105239,Kovacevic/ Stankovic,Kovacevic/ Stankovic
105469,Kovacic/ Yaneva,Kovacic/ Yaneva
71798,Kovackova/ Kovackova,Kovackova/ Kovackova
72595,Kovackova/ Pastikova,Kovackova/ Pastikova
106561,Kovackova/ Taraba Wallberg,Kovackova/ Taraba Wallberg
104588,Kovackova/ Vargova,Kovackova/ Vargova
103048,Kovackova/ Zajickova,Kovackova/ Zajickova
104796,Kovacs-Sebestyen/ Sziklai,Kovacs-Sebestyen/ Sziklai
107391,Kovacs/ Takacs,Kovacs/ Takacs
1065,J. Kovalik,Kovalik J.
1065,Jozef Kovalik,Kovalik J.
1065,Kovalik J.,Kovalik J.
103391,Kovalik/ Martin,Kovalik/ Martin
95094,Kovgan/ Vlajic,Kovgan/ Vlajic
92042,Koyama/ Suzuki,Koyama/ Suzuki
104410,Kozaki/ Mushika Mao,Kozaki/ Mushika Mao
107147,Kozakova/ Pushkar,Kozakova/ Pushkar
73741,Kozakova/ Ryser,Kozakova/ Ryser
1087,Kozlov S.,Kozlov S.
1087,S. Kozlov,Kozlov S.
1087,Stefan Kozlov,Kozlov S.
65778,Kozlov/ Kozlov,Kozlov/ Kozlov
106038,Kozlov/ Lee,Kozlov/ Lee
92906,Kozlov/ Perez,Kozlov/ Perez
106081,Kozyreva/ Lumsden,Kozyreva/ Lumsden
90779,Kozyreva/ Okalova,Kozyreva/ Okalova
104205,Kozyreva/ Piter,Kozyreva/ Piter
105360,Kozyreva/ Pridankina,Kozyreva/ Pridankina
79102,Kozyreva/ Shymanovich,Kozyreva/ Shymanovich
90575,Krajicek/ Mektic,Krajicek/ Mektic
106232,Krajmer/ Ksandinov,Krajmer/ Ksandinov
25008,Krall L.,Krall L.
25008,L. Krall,Krall L.
25008,Liam Krall,Krall L.
104084,Krall/ Lieberman,Krall/ Lieberman
104537,Kravchenko/ Sanchez Quilez,Kravchenko/ Sanchez Quilez
39647,Krawczyk/ Olmos,Krawczyk/ Olmos
106496,Krawczyk/ Piasek,Krawczyk/ Piasek
6357,Krawietz/ Puetz,Krawietz/ Puetz
104880,Krawietz/ Williams,Krawietz/ Williams
78574,Krebs Hyllested/ Munk Mortensen,Krebs Hyllested/ Munk Mortensen
106731,Krechler/ Hlavnicka,Krechler/ Hlavnicka
106799,Krejcova/ Maresova,Krejcova/ Maresova
30834,Krejcova/ Pastikova,Krejcova/ Pastikova
105709,Krejcova/ Zoldakova,Krejcova/ Zoldakova
40363,K. Tyagi,Kriish Tyagi
40363,Kriish Tyagi,Kriish Tyagi
38111,K. van Wyk,Kris van Wyk
38111,Kris van Wyk,Kris van Wyk
18862,K. Juhas,Kristijan Juhas
18862,Kristijan Juhas,Kristijan Juhas
785,K. Tamm,Kristjan Tamm
785,Kristjan Tamm,Kristjan Tamm
13537,Krittin Koaykul,Krittin Koaykul
105046,Kroitor/ Maklakova,Kroitor/ Maklakova
105554,Krolitzky/ Swart,Krolitzky/ Swart
107234,Krstic ./ Manukyan,Krstic ./ Manukyan
1751,Krueger M.,Krueger M.
1751,M. Krueger,Krueger M.
1751,Mitchell Krueger,Krueger M.
102686,Krueger/ Papa,Krueger/ Papa
105552,Kruger/ Rugara,Kruger/ Rugara
101405,Kruger/ Scott,Kruger/ Scott
906,Krumich M.,Krumich M.
906,M. Krumich,Krumich M.
906,Martin Krumich,Krumich M.
95139,Krunic/ Pavic,Krunic/ Pavic
107059,Krupenina/ Patil,Krupenina/ Patil
104455,Krupina/ Lokotkova,Krupina/ Lokotkova
1177,Krutykh O.,Krutykh O.
1177,O. Krutykh,Krutykh O.
1177,Oleksii Krutykh,Krutykh O.
104676,Krutykh/ Lopez Morillo,Krutykh/ Lopez Morillo
105221,Krymkova/ Sagandikova,Krymkova/ Sagandikova
105782,Krznaric/ Poulka,Krznaric/ Poulka
104622,Ksandinov/ Kurt,Ksandinov/ Kurt
15304,K. Lee,Kuan-Yi Lee
15304,Kuan-Yi Lee,Kuan-Yi Lee
75517,Kubka/ Rosolska,Kubka/ Rosolska
364,Jason Kubler,Kubler J.
364,Kubler J.,Kubler J.
104315,Kucera/ Wygona,Kucera/ Wygona
35469,Kucmova/ Laboutkova,Kucmova/ Laboutkova
107591,Kucukhuseyin/ Peiro Serrano,Kucukhuseyin/ Peiro Serrano
107469,Kuczer/ Pawlikowska,Kuczer/ Pawlikowska
106289,Kuczer/ Samir,Kuczer/ Samir
103970,Kuczer/ Sebestova,Kuczer/ Sebestova
104393,Kuhar/ Lieberman,Kuhar/ Lieberman
105722,Kuhar/ Zhu,Kuhar/ Zhu
104589,Kuharenko/ Strakhova,Kuharenko/ Strakhova
107326,Kuharenko/ Tupitsyna,Kuharenko/ Tupitsyna
104993,Kuhl/ Marginean,Kuhl/ Marginean
104585,Kujovic/ Pikkaart,Kujovic/ Pikkaart
106417,Kukasian/ Osminkin,Kukasian/ Osminkin
2970,Kukushkin M.,Kukushkin M.
2970,M. Kukushkin,Kukushkin M.
2970,Mikhail Kukushkin,Kukushkin M.
107573,Kulambayeva/ Milovanovic,Kulambayeva/ Milovanovic
33246,Kulambayeva/ Semenistaja,Kulambayeva/ Semenistaja
106314,Kulambayeva/ Siskova,Kulambayeva/ Siskova
60720,Kulambayeva/ Strakhova,Kulambayeva/ Strakhova
104361,Kulambayeva/ Toth,Kulambayeva/ Toth
105162,Kulambayeva/ Tran,Kulambayeva/ Tran
105929,Kulevich/ Myers,Kulevich/ Myers
106836,Kulhava/ Leykina,Kulhava/ Leykina
105652,Kulhava/ Trevisan,Kulhava/ Trevisan
106233,Kulhava/ Vlckova,Kulhava/ Vlckova
104103,Kulikova/ Voloshchuk,Kulikova/ Voloshchuk
18088,Kumar Sinha Nitin,Kumar Sinha Nitin
18088,N. K. Sinha,Kumar Sinha Nitin
65394,Kumasaka/ Matsuda,Kumasaka/ Matsuda
103879,Kumasaka/ Takahata,Kumasaka/ Takahata
105678,Kumasaka/ Vandermeersch,Kumasaka/ Vandermeersch
62744,Kumru/ Lachinova,Kumru/ Lachinova
100080,Kumstat/ Pecak,Kumstat/ Pecak
104365,Kumstat/ Vrba,Kumstat/ Vrba
78441,K. Pantaratorn,Kunanan Pantaratorn
78441,Kunanan Pantaratorn,Kunanan Pantaratorn
107450,Kung/ Schnyder,Kung/ Schnyder
105691,Kunz/ Mozgaleva,Kunz/ Mozgaleva
85745,Kuparev/ Samardzic,Kuparev/ Samardzic
100255,Kuparev/ Yuldasheva,Kuparev/ Yuldasheva
106106,Kupres/ Lacasse,Kupres/ Lacasse
105375,Kupres/ Vagramov,Kupres/ Vagramov
79908,Kuramochi/ Sema,Kuramochi/ Sema
35234,Kurniawan/ Wibowo,Kurniawan/ Wibowo
13834,Kurt/ Soke,Kurt/ Soke
104349,Kurt/ Subasic,Kurt/ Subasic
65388,Kusuhara/ Nakagawa,Kusuhara/ Nakagawa
103880,Kusuhara/ Purcell,Kusuhara/ Purcell
56417,Kusy/ Krejci,Kusy/ Krejci
104930,Kusy/ Thompson,Kusy/ Thompson
87231,Kuusisto/ Lazarova,Kuusisto/ Lazarova
11463,Kuwait,Kuwait
105005,Kuwata/ Ngounoue,Kuwata/ Ngounoue
104832,Kuwata/ Raina,Kuwata/ Raina
973,Kuzey Cekirge,Kuzey Cekirge
371,D. Kuzmanov,Kuzmanov D.
371,Dimitar Kuzmanov,Kuzmanov D.
371,Kuzmanov D.,Kuzmanov D.
94812,Kuzmanov/ Yevseyev,Kuzmanov/ Yevseyev
105518,Kuzmova/ Mikulskyte,Kuzmova/ Mikulskyte
94728,Kuzmova/ Rajecki,Kuzmova/ Rajecki
83415,Kuzmova/ Visscher,Kuzmova/ Visscher
106967,Kuznetsova/ Sozaonova,Kuznetsova/ Sozaonova
1098,Kwon S.W.,Kwon S.W.
1098,S. Kwon,Kwon S.W.
1098,Soonwoo Kwon,Kwon S.W.
105455,Kyjaci/ Martin,Kyjaci/ Martin
9518,Kyle Kang,Kyle Kang
1237,Kyle Seelig,Kyle Seelig
54522,K. Collignon,Kylian Collignon
54522,Kylian Collignon,Kylian Collignon
1304,J. Kym,Kym J.
1304,Jerome Kym,Kym J.
1304,Kym J.,Kym J.
105307,Kym/ Wawrinka,Kym/ Wawrinka
106126,Kypriotis/ Thanos,Kypriotis/ Thanos
8130,Kypson P.,Kypson P.
8130,P. Kypson,Kypson P.
8130,Patrick Kypson,Kypson P.
2984,Kyrgios N.,Kyrgios N.
2984,N. Kyrgios,Kyrgios N.
2984,Nick Kyrgios,Kyrgios N.
2799,Kyrgios/ Tiafoe,Kyrgios/ Tiafoe
11427,Kyrgyzstan,Kyrgyzstan
13791,Kyrgyzstan W,Kyrgyzstan W
106242,Kyselova/ Vlahova,Kyselova/ Vlahova
12571,L. A. Lage Castelan,L. A. Lage Castelan
13865,L. Alhussein,L. Alhussein
5784,L. Allen,L. Allen
81717,L. An,L. An
83547,L. Aregger,L. Aregger
24413,L. Ayala,L. Ayala
62569,L. Badia,L. Badia
67387,L. Bajraliu,L. Bajraliu
104272,L. Barendse,L. Barendse
95644,L. Battle,L. Battle
104914,L. Blickwede,L. Blickwede
15846,L. Boehner,L. Boehner
8802,L. Boisson,L. Boisson
161,L. Boskovic,L. Boskovic
62009,L. Boulard,L. Boulard
9369,L. Bowden,L. Bowden
516,L. Bronzetti,L. Bronzetti
56754,L. Brunkel,L. Brunkel
104863,L. Bush,L. Bush
65092,L. C. Pignaton,L. C. Pignaton
497,L. Cabrera,L. Cabrera
69714,L. Cammilleri,L. Cammilleri
102195,L. Ceramilac,L. Ceramilac
102195,Luka Ceramilac,L. Ceramilac
970,L. Cervantes Tomas,L. Cervantes Tomas
83235,L. Chang,L. Chang
70741,L. Channon,L. Channon
87843,L. Chlumska,L. Chlumska
2575,L. Ciric Bagaric,L. Ciric Bagaric
68070,L. Claeys,L. Claeys
1856,L. Claverie,L. Claverie
1856,Lorenzo Claverie,L. Claverie
107608,L. Condo,L. Condo
64370,L. Correa Beguerie,L. Correa Beguerie
5919,L. Cortez Llorca,L. Cortez Llorca
60421,L. Deflandre,L. Deflandre
66095,L. Ebeling Koning,L. Ebeling Koning
50682,L. Encheva,L. Encheva
70442,L. Erler,L. Erler
21461,L. Ernst,L. Ernst
11486,L. F. Britez Risso,L. F. Britez Risso
92970,L. F. Silva,L. F. Silva
10899,L. Fairclough,L. Fairclough
1356,L. Fernandez,L. Fernandez
2394,L. Fernandez,L. Fernandez
73850,L. Friedman,L. Friedman
446,L. Fruhvirtova,L. Fruhvirtova
103312,L. Frunza,L. Frunza
52392,L. Fullana,L. Fullana
57688,L. Garcia Vidal,L. Garcia Vidal
21359,L. Giovannini,L. Giovannini
57083,L. Giza,L. Giza
227,L. Gjorcheska,L. Gjorcheska
1829,L. Glushko,L. Glushko
104634,L. Gonzalez,L. Gonzalez
74156,L. H. Golubovic,L. H. Golubovic
8975,L. Havlickova,L. Havlickova
9247,L. Hietaranta,L. Hietaranta
9522,L. Hovde,L. Hovde
58145,L. Hrda,L. Hrda
106981,L. I. Kralus,L. I. Kralus
56269,L. Ipunesso,L. Ipunesso
9118,L. Jeanjean,L. Jeanjean
19166,L. John-Baptiste,L. John-Baptiste
85933,L. Kalman,L. Kalman
155,L. Karatancheva,L. Karatancheva
83597,L. Keller,L. Keller
58844,L. Khan,L. Khan
8978,L. Klimovicova,L. Klimovicova
6024,L. Lane,L. Lane
106939,L. Langenaken,L. Langenaken
15842,L. Llinares Domingo,L. Llinares Domingo
68315,L. Luciano,L. Luciano
104632,L. Luemkemann,L. Luemkemann
63493,L. M. Cinalli,L. M. Cinalli
103894,L. M. Oprescu,L. M. Oprescu
62484,L. M. Shibata,L. M. Shibata
53951,L. Ma,L. Ma
5151,L. Mair,L. Mair
66448,L. Makke,L. Makke
104916,L. Marc,L. Marc
93387,L. Masarykova,L. Masarykova
8570,L. Maxted,L. Maxted
53,L. Meyer Auf Der Heide,L. Meyer Auf Der Heide
68334,L. Mi,L. Mi
88420,L. Mietusch,L. Mietusch
462,L. Miyazaki,L. Miyazaki
106419,L. Morini,L. Morini
104263,L. Mouffe,L. Mouffe
40060,L. Moyano,L. Moyano
15268,L. Munzarova,L. Munzarova
69062,L. Natal,L. Natal
86840,L. Newberry,L. Newberry
1135,L. Nguyen Tan,L. Nguyen Tan
104465,L. Nikodijevic,L. Nikodijevic
51328,L. Nilsson,L. Nilsson
447,L. Noskova,L. Noskova
107611,L. Ollich,L. Ollich
38780,L. Pawlak,L. Pawlak
92935,L. Pedrotti,L. Pedrotti
38782,L. Perez Alarcon,L. Perez Alarcon
84407,L. Perry,L. Perry
67689,L. Petit,L. Petit
22,L. Petretic,L. Petretic
1355,L. Petruzelova,L. Petruzelova
230,L. Pigato,L. Pigato
1125,L. Pigossi,L. Pigossi
13083,L. Plaza Araujo,L. Plaza Araujo
106720,L. Ploskunakova,L. Ploskunakova
61430,L. Poling,L. Poling
53787,L. Pow,L. Pow
53787,Luca Pow,L. Pow
9081,L. Pulchartova,L. Pulchartova
92080,L. Rabl,L. Rabl
1364,L. Radivojevic,L. Radivojevic
13325,L. Reed,L. Reed
2233,L. Renard,L. Renard
15808,L. Rodriguez,L. Rodriguez
101637,L. Romanova,L. Romanova
141,L. Romero Gormaz,L. Romero Gormaz
90527,L. Ros Parres,L. Ros Parres
49347,L. Rothensteiner,L. Rothensteiner
105233,L. S. Andrei,L. S. Andrei
15649,L. S. Steur J.,L. S. Steur J.
2815,L. Samson,L. Samson
68376,L. Samsonova,L. Samsonova
104867,L. Savic,L. Savic
34690,L. Schaedel,L. Schaedel
12529,L. Schmidt,L. Schmidt
75944,L. Schruff,L. Schruff
21842,L. Sevcikova,L. Sevcikova
464,L. Siegemund,L. Siegemund
77936,L. Silenci,L. Silenci
85378,L. Solakov,L. Solakov
54884,L. Solar Donoso,L. Solar Donoso
1113,L. Stefanini,L. Stefanini
1815,L. Sun,L. Sun
14635,L. Svatikova,L. Svatikova
6890,L. Taddia,L. Taddia
53046,L. Tagger,L. Tagger
13031,L. Tanasie,L. Tanasie
25728,L. Tararudee,L. Tararudee
10895,L. Taylor,L. Taylor
13212,L. Tran,L. Tran
38781,L. Udvardy,L. Udvardy
33202,L. Urbanova,L. Urbanova
89217,L. Virc,L. Virc
68753,L. Vladson,L. Vladson
65718,L. Vujovic,L. Vujovic
64295,L. Wagenaar,L. Wagenaar
107609,L. Wagner,L. Wagner
63472,L. Wieland,L. Wieland
40287,L. X. Leong S.,L. X. Leong S.
90141,L. Yuhan,L. Yuhan
12814,L. Zaar,L. Zaar
451,L. Zhu,L. Zhu
104909,L. Zingg,L. Zingg
54698,L. Zoppas,L. Zoppas
105692,La Cagnina/ Pochtovyk,La Cagnina/ Pochtovyk
104569,La Serna/ Ribeiro,La Serna/ Ribeiro
100564,La Serna/ Zeitune,La Serna/ Zeitune
106100,Laboutkova/ Monnet,Laboutkova/ Monnet
76861,Labrana/ Pereira,Labrana/ Pereira
32113,Labrana/ Riera,Labrana/ Riera
103954,Lachinova/ Markina,Lachinova/ Markina
90045,L. McFadzean,Lachlan McFadzean
90045,Lachlan McFadzean,Lachlan McFadzean
69059,Lachlan Vickery,Lachlan Vickery
107153,Lafarga Verdeguer/ Schellhorn,Lafarga Verdeguer/ Schellhorn
55792,Lagaev/ Leroux,Lagaev/ Leroux
105092,Lagerbohm/ Wygona,Lagerbohm/ Wygona
106468,Lagutin/ Melero,Lagutin/ Melero
105811,Lagutin/ Perez Navarro,Lagutin/ Perez Navarro
91386,Lahey/ Lee,Lahey/ Lee
85396,Lahjomri/ M'Chich,Lahjomri/ M'Chich
106616,Lai/ Sarksian,Lai/ Sarksian
86084,Lai/ Yang,Lai/ Yang
731,Lajal M.,Lajal M.
731,M. Lajal,Lajal M.
731,Mark Lajal,Lajal M.
2675,D. Lajovic,Lajovic D.
2675,Dusan Lajovic,Lajovic D.
2675,Lajovic D.,Lajovic D.
107374,Lakshmanan/ Lorusso,Lakshmanan/ Lorusso
106206,Lakshmanan/ Smiej,Lakshmanan/ Smiej
38043,Lalami Laaroussi Y.,Lalami Laaroussi Y.
38043,Y. Lalami Laaroussi,Lalami Laaroussi Y.
38043,Younes Lalami Laaroussi,Lalami Laaroussi Y.
106877,Lalami Laaroussi/ Moroni,Lalami Laaroussi/ Moroni
104373,Lalami Laaroussi/ Nikles,Lalami Laaroussi/ Nikles
100095,Lalami Laaroussi/ Pieczonka,Lalami Laaroussi/ Pieczonka
21011,L. Ruland,Lambert Ruland
21011,Lambert Ruland,Lambert Ruland
3023,Lammons/ Withrow,Lammons/ Withrow
107336,Lamotte/ Schmassmann,Lamotte/ Schmassmann
107200,Lan/ Zeng,Lan/ Zeng
104330,Lan/ Zhang,Lan/ Zhang
39864,Landaluce M.,Landaluce M.
39864,M. Landaluce,Landaluce M.
39864,Martin Landaluce,Landaluce M.
104768,Landau/ Quan,Landau/ Quan
104165,Landau/ Zamora,Landau/ Zamora
72359,L. Ardila,Landon Ardila
72359,Landon Ardila,Landon Ardila
107092,Lange/ Nobel,Lange/ Nobel
106809,Langenaken/ Vandepoele,Langenaken/ Vandepoele
107076,Lanik/ Michalik,Lanik/ Michalik
28353,Lanik/ Novansky,Lanik/ Novansky
16063,Lanik/ Pokorny,Lanik/ Pokorny
90381,Lansere/ Yuneva,Lansere/ Yuneva
20190,Lansere/ Zaytseva,Lansere/ Zaytseva
30750,Laos W,Laos W
105027,Lapalme/ Roux,Lapalme/ Roux
106151,Lapalu/ Villard,Lapalu/ Villard
106516,Lapsansky/ Pizzigoni,Lapsansky/ Pizzigoni
104316,Lapsansky/ Stolarik,Lapsansky/ Stolarik
79066,Lara Salmeron/ Rojas,Lara Salmeron/ Rojas
106990,Laron/ Sanchez Uribe,Laron/ Sanchez Uribe
106570,Larraya Guidi/ Mediorreal,Larraya Guidi/ Mediorreal
77075,Larraya Guidi/ Sousa Salazar,Larraya Guidi/ Sousa Salazar
104177,Larraya Guidi/ Stoyanov,Larraya Guidi/ Stoyanov
100463,Larue/ Pietri,Larue/ Pietri
106782,Larue/ Tsitsipas,Larue/ Tsitsipas
104669,Larwig/ Yunis,Larwig/ Yunis
103955,Laskutova/ Utkina,Laskutova/ Utkina
104451,Laskutova/ Wiersholm,Laskutova/ Wiersholm
57545,L. Poertner,Lasse Poertner
57545,Lasse Poertner,Lasse Poertner
107018,Latinovic/ Loof,Latinovic/ Loof
79741,Latinovic/ Poljicak,Latinovic/ Poljicak
104220,Latinovic/ Vrbensky,Latinovic/ Vrbensky
106440,Latinovic/ Zeballos,Latinovic/ Zeballos
87316,L. Teunissen,Laurence Teunissen
87316,Laurence Teunissen,Laurence Teunissen
88314,L. Aerne,Laurin Aerne
88314,Laurin Aerne,Laurin Aerne
93247,Lautaro Rocha,Lautaro Rocha
104923,Lawlor/ Lee,Lawlor/ Lee
6997,L. Bataljin,Lawrence Bataljin
6997,Lawrence Bataljin,Lawrence Bataljin
13195,Lazar Vojinovic,Lazar Vojinovic
104990,Lazar/ Luciano,Lazar/ Luciano
61243,Lazar/ Pochtovyk,Lazar/ Pochtovyk
96375,Lazar/ Shapatava,Lazar/ Shapatava
107253,Lazar/ Solakov,Lazar/ Solakov
105832,Lazarenko/ Skliar,Lazarenko/ Skliar
90413,Lazaro Juncadella/ Pikkaart,Lazaro Juncadella/ Pikkaart
106201,Lazaro Juncadella/ Sakagawa,Lazaro Juncadella/ Sakagawa
85700,Lazaro Juncadella/ Urribarrens Ramirez,Lazaro Juncadella/ Urribarrens Ramirez
35866,Lazarov/ Shandarov,Lazarov/ Shandarov
104302,Lazarov/ Sokolovs,Lazarov/ Sokolovs
107399,Lazic/ Leitgeb,Lazic/ Leitgeb
106578,Lazo/ Richey,Lazo/ Richey
105606,Le Meur/ Gonindard,Le Meur/ Gonindard
89639,Le. Schuknecht,Le. Schuknecht
104751,Leal/ Monteiro,Leal/ Monteiro
106796,Lebis/ Vymazal,Lebis/ Vymazal
106187,Lechner/ Trombini,Lechner/ Trombini
107481,Lechno-Wasiutynski/ Wygona,Lechno-Wasiutynski/ Wygona
32291,Lee/ Lee,Lee/ Lee
105891,Lee/ Lewis,Lee/ Lewis
106297,Lee/ Merchant,Lee/ Merchant
106226,Lee/ Mozgaleva,Lee/ Mozgaleva
85137,Lee/ Nguyen,Lee/ Nguyen
104950,Lee/ Preston,Lee/ Preston
106640,Lee/ Pushkareva,Lee/ Pushkareva
105632,Lee/ Robinson,Lee/ Robinson
104615,Lee/ Roh,Lee/ Roh
104039,Lee/ Sema,Lee/ Sema
104782,Lee/ Shibata,Lee/ Shibata
33121,Lee/ Shin,Lee/ Shin
33181,Lee/ Tsao,Lee/ Tsao
105369,Lee/ Valdmannova,Lee/ Valdmannova
104484,Lee/ Weng,Lee/ Weng
93590,Lee/ Ye,Lee/ Ye
87148,Leeman/ McDonnell,Leeman/ McDonnell
107613,Lefevre/ Manuel,Lefevre/ Manuel
105028,Legout/ Miyoshi,Legout/ Miyoshi
2959,J. Lehecka,Lehecka J.
2959,Jiri Lehecka,Lehecka J.
2959,Lehecka J.,Lehecka J.
104946,Lei/ Lin,Lei/ Lin
106692,Leite/ Saraiva Dos Santos,Leite/ Saraiva Dos Santos
95093,Lekomtseva/ Mozgaleva,Lekomtseva/ Mozgaleva
105243,Lekomtseva/ Veleva,Lekomtseva/ Veleva
85819,Lemaitre/ Okutoyi,Lemaitre/ Okutoyi
105300,Lemaitre/ Tran,Lemaitre/ Tran
104477,Lemaitre/ Wagner,Lemaitre/ Wagner
105882,Leme Da Silva/ Pigossi,Leme Da Silva/ Pigossi
105954,Lene/ Tran,Lene/ Tran
68735,L. Couturier,Lenny Couturier
68735,Lenny Couturier,Lenny Couturier
64960,L. Lagarrigue,Leo Lagarrigue
64960,Leo Lagarrigue,Leo Lagarrigue
24770,L. Raquillet,Leo Raquillet
24770,Leo Raquillet,Leo Raquillet
38128,L. Vithoontien,Leo Vithoontien
38128,Leo Vithoontien,Leo Vithoontien
72051,L. Peranovic,Leon Peranovic
72051,Leon Peranovic,Leon Peranovic
86677,L. Sloboda,Leon Sloboda
86677,Leon Sloboda,Leon Sloboda
106110,Leon/ Schoppe,Leon/ Schoppe
688,Leonardo Aboian,Leonardo Aboian
81139,L. Angeloni,Leonardo Angeloni
81139,Leonardo Angeloni,Leonardo Angeloni
60965,L. Borrelli,Leonardo Borrelli
60965,Leonardo Borrelli,Leonardo Borrelli
73645,L. Cattaneo,Leonardo Cattaneo
73645,Leonardo Cattaneo,Leonardo Cattaneo
88820,L. Iemmi,Leonardo Iemmi
88820,Leonardo Iemmi,Leonardo Iemmi
15252,L. Malgaroli,Leonardo Malgaroli
15252,Leonardo Malgaroli,Leonardo Malgaroli
75588,L. Primucci,Leonardo Primucci
75588,Leonardo Primucci,Leonardo Primucci
37988,L. Rossi,Leonardo Rossi
37988,Leonardo Rossi,Leonardo Rossi
90024,F. L. Storck,Leonardo Storck Franca
90024,Leonardo Storck Franca,Leonardo Storck Franca
84897,Leonardo Suarez,Leonardo Suarez
105060,Leong/  Ounmuang,Leong/  Ounmuang
54863,Leong/  Shin,Leong/  Shin
105679,Leong/  Tepmahc,Leong/  Tepmahc
82017,Leong/  Zhu,Leong/  Zhu
756,L. Sheyngezikht,Leonid Sheyngezikht
756,Leonid Sheyngezikht,Leonid Sheyngezikht
85589,Leote Prata/ Morais,Leote Prata/ Morais
93071,Leroux/ Manning,Leroux/ Manning
52805,Lesotho W,Lesotho W
106681,Leston/ Zarate,Leston/ Zarate
105659,Leston/ Zeitune,Leston/ Zeitune
86751,L. Seidman,Lev Seidman
86751,Lev Seidman,Lev Seidman
105504,Levinsky/ Masarykova,Levinsky/ Masarykova
106308,Lewandowski/ Makarski,Lewandowski/ Makarski
107640,Lewandowski/ Pohjola,Lewandowski/ Pohjola
105582,Lewis/ Raina,Lewis/ Raina
91385,Lewis/ Sebov,Lewis/ Sebov
50646,Lewis/ Walker,Lewis/ Walker
104744,Leykina/ Smirnova,Leykina/ Smirnova
107041,Leykina/ Wysoczanska,Leykina/ Wysoczanska
20776,L. Rivera,Leyton Rivera
20776,Leyton Rivera,Leyton Rivera
48416,Li/ Li,Li/ Li
81707,Li/ Luo,Li/ Luo
100860,Li/ RuoXi,Li/ RuoXi
42206,Li/ Sun,Li/ Sun
32247,Li/ Tauson,Li/ Tauson
90882,Li/ Ye,Li/ Ye
39079,L. Branger,Liam Branger
39079,Liam Branger,Liam Branger
11178,L. Delicata,Liam Delicata
11178,Liam Delicata,Liam Delicata
10540,L. Gavrielides,Liam Gavrielides
10540,Liam Gavrielides,Liam Gavrielides
15241,L. Hignett,Liam Hignett
15241,Liam Hignett,Liam Hignett
101816,L. Liu,Liangxuan Liu
101816,Liangxuan Liu,Liangxuan Liu
93028,Liberati/ Tomassetti,Liberati/ Tomassetti
67945,Libre/ Vertberger,Libre/ Vertberger
71516,Libya,Libya
73168,Lieberman/ Thomson,Lieberman/ Thomson
106779,Liimatainen/ Ronnholm,Liimatainen/ Ronnholm
835,Lilian Marmousez,Lilian Marmousez
106020,Lim/ Mattel,Lim/ Mattel
56957,Lim/ Tran,Lim/ Tran
105603,Lim/ Ziatdinova,Lim/ Ziatdinova
107167,Lin Hao Yu/Lin,Lin Hao Yu/Lin
107324,Lin Hao Yu/Wang,Lin Hao Yu/Wang
104949,Lin/ Qu,Lin/ Qu
105217,Lin/ Tang,Lin/ Tang
106241,Lin/ Wan I,Lin/ Wan I
88298,Lin/ Yang,Lin/ Yang
106483,Lin/ Zhang,Lin/ Zhang
38140,L. Xiao,Linang Xiao
38140,Linang Xiao,Linang Xiao
104837,Lincer/ Ovcharenko,Lincer/ Ovcharenko
106299,Lincer/ Slama,Lincer/ Slama
104663,Lindstedt/ Rovai,Lindstedt/ Rovai
3410,Linghao Zhang,Linghao Zhang
80929,L. Zhao,Lingxi Zhao
80929,Lingxi Zhao,Lingxi Zhao
55587,L. Lagerbohm,Linus Lagerbohm
55587,Linus Lagerbohm,Linus Lagerbohm
106625,Lis/ Smiej,Lis/ Smiej
26726,Liu/ Lu,Liu/ Lu
105951,Liu/ Novak,Liu/ Novak
107068,Liu/ Rojas,Liu/ Rojas
85897,Liu/ Rolland,Liu/ Rolland
106837,Liu/ Shinikova,Liu/ Shinikova
105012,Liu/ Wright,Liu/ Wright
55460,Liu/ Yang,Liu/ Yang
43132,Liu/ Zhang,Liu/ Zhang
104851,Liutarevich/ Reyes-Varela,Liutarevich/ Reyes-Varela
987,Llamas Ruiz P.,Llamas Ruiz P.
987,P. Llamas Ruiz,Llamas Ruiz P.
987,Pablo Llamas Ruiz,Llamas Ruiz P.
105724,Llamas Ruiz/ Shelbayh,Llamas Ruiz/ Shelbayh
105581,Llewellyn/ Sahdiieva,Llewellyn/ Sahdiieva
105224,Llorens Saracho/ Gonzalez,Llorens Saracho/ Gonzalez
38774,L. Lestir,Loan Lestir
38774,Loan Lestir,Loan Lestir
38776,L. Massard,Loann Massard
38776,Loann Massard,Loann Massard
107617,Lock/ Sahtali,Lock/ Sahtali
100337,Lock/ Zhu,Lock/ Zhu
7006,G. Loffhagen,Loffhagen G.
7006,George Loffhagen,Loffhagen G.
7006,Loffhagen G.,Loffhagen G.
3712,L. Zapp,Logan Zapp
3712,Logan Zapp,Logan Zapp
57897,L. Namigandet Tenguere,Loic Namigandet Tenguere
57897,Loic Namigandet Tenguere,Loic Namigandet Tenguere
104433,Loiter/ Shroff,Loiter/ Shroff
1076,L. Lokoli,Lokoli L.
1076,Laurent Lokoli,Lokoli L.
1076,Lokoli L.,Lokoli L.
87975,Lomakin/ Sarksian,Lomakin/ Sarksian
106448,Lomakin/ Sinclair,Lomakin/ Sinclair
107171,Lomakin/ Tamm,Lomakin/ Tamm
104415,Lomakin/ Yap,Lomakin/ Yap
107330,Lombardi/ Thomas,Lombardi/ Thomas
96165,Lombardini/ Raggi,Lombardini/ Raggi
105650,Longueville/ Vogt,Longueville/ Vogt
107381,Longwe-Smit/ Van Aken,Longwe-Smit/ Van Aken
104214,Loof/ Uesugi,Loof/ Uesugi
106983,Lopes/ Reichel,Lopes/ Reichel
106175,Lopez Cherubino/ Munk Mesa,Lopez Cherubino/ Munk Mesa
106464,Lopez Cherubino/ Quesada Perez,Lopez Cherubino/ Quesada Perez
100584,Lopez Escribano/ Perez Navarro,Lopez Escribano/ Perez Navarro
106466,Lopez Martos/ Martinez,Lopez Martos/ Martinez
75188,Lopez Montagud/ Lopez Morillo,Lopez Montagud/ Lopez Morillo
84866,Lopez Montagud/ Milev,Lopez Montagud/ Milev
105771,Lopez Morillo/ Nikles,Lopez Morillo/ Nikles
76641,Lopez Ocampos/ Marcos Cattoni,Lopez Ocampos/ Marcos Cattoni
3578,Lopez/ Lopez,Lopez/ Lopez
106428,Lopez/ Shibata,Lopez/ Shibata
105597,Lopez/ Uemura,Lopez/ Uemura
104401,Lopez/ Zhu,Lopez/ Zhu
93546,Lora/ Nunez Vera,Lora/ Nunez Vera
105273,Lora/ Vertberger,Lora/ Vertberger
15916,L. Angelini,Lorenzo Angelini
15916,Lorenzo Angelini,Lorenzo Angelini
89923,L. Balducci,Lorenzo Balducci
89923,Lorenzo Balducci,Lorenzo Balducci
71812,L. Beraldo,Lorenzo Beraldo
71812,Lorenzo Beraldo,Lorenzo Beraldo
72487,L. Berto,Lorenzo Berto
72487,Lorenzo Berto,Lorenzo Berto
682,L. Bocchi,Lorenzo Bocchi
682,Lorenzo Bocchi,Lorenzo Bocchi
49616,L. Carboni,Lorenzo Carboni
49616,Lorenzo Carboni,Lorenzo Carboni
80521,L. Comino,Lorenzo Comino
80521,Lorenzo Comino,Lorenzo Comino
10877,L. Ferri,Lorenzo Ferri
10877,Lorenzo Ferri,Lorenzo Ferri
10021,L. Gagliardo,Lorenzo Gagliardo
10021,Lorenzo Gagliardo,Lorenzo Gagliardo
9594,Lorenzo Lingua Lavallen Alejo,Lorenzo Lingua Lavallen Alejo
38060,L. Lorusso,Lorenzo Lorusso
38060,Lorenzo Lorusso,Lorenzo Lorusso
837,L. Rottoli,Lorenzo Rottoli
837,Lorenzo Rottoli,Lorenzo Rottoli
60594,K. L. Santos Gava,Lorenzo Santos Gava Kaua
60594,Lorenzo Santos Gava Kaua,Lorenzo Santos Gava Kaua
32336,Lorenzo Sciahbasi,Lorenzo Sciahbasi
107329,Lorival/ Perez,Lorival/ Perez
105149,Losciale/ Urrutia,Losciale/ Urrutia
4259,Louis Dussin,Louis Dussin
74727,L. Larue,Louis Larue
74727,Louis Larue,Louis Larue
8769,L. Tessa,Louis Tessa
8769,Louis Tessa,Louis Tessa
54685,L. Van Herck,Louis Van Herck
54685,Louis Van Herck,Louis Van Herck
106976,Loureiro/  Hoeyeraal,Loureiro/  Hoeyeraal
105887,Loureiro/  Huertas Del Pino,Loureiro/  Huertas Del Pino
105017,Loureiro/  Papa,Loureiro/  Papa
26008,Loureiro/  Ribeiro,Loureiro/  Ribeiro
93215,Loureiro/  Rodrigues,Loureiro/  Rodrigues
104397,Loutit/ Shearer,Loutit/ Shearer
106458,Loutit/ Stephenson,Loutit/ Stephenson
105743,Love-Star/ Dobreva,Love-Star/ Dobreva
18057,Lovric/ Nagy,Lovric/ Nagy
105876,Lovric/ Rocchetti,Lovric/ Rocchetti
105446,Lozano/ Minguez Arenas,Lozano/ Minguez Arenas
89856,Lu/ Ozeki,Lu/ Ozeki
105626,Lu/ Pan,Lu/ Pan
18473,Lu/ Savinykh,Lu/ Savinykh
105040,Lu/ Trongcharoenchaikul,Lu/ Trongcharoenchaikul
14189,Lu/ Wang,Lu/ Wang
71845,Lu/ Ye,Lu/ Ye
28815,L. Fomba,Luc Fomba
28815,Luc Fomba,Luc Fomba
14347,L. Koenig,Luc Koenig
14347,Luc Koenig,Luc Koenig
819,L. Castagnola,Luca Castagnola
819,Luca Castagnola,Luca Castagnola
2220,L. Castelnuovo,Luca Castelnuovo
2220,Luca Castelnuovo,Luca Castelnuovo
54265,L. Parenti,Luca Parenti
54265,Luca Parenti,Luca Parenti
2235,L. Potenza,Luca Potenza
2235,Luca Potenza,Luca Potenza
52607,Luca Preda,Luca Preda
9360,L. Staeheli,Luca Staeheli
9360,Luca Staeheli,Luca Staeheli
13127,G. L. Tanner,Luca Tanner Gian
13127,Luca Tanner Gian,Luca Tanner Gian
38169,L. Wiedenmann,Luca Wiedenmann
38169,Luca Wiedenmann,Luca Wiedenmann
106174,Lucaciu/ Sala Gimez,Lucaciu/ Sala Gimez
57484,L. Andrade da Silva,Lucas Andrade da Silva
57484,Lucas Andrade da Silva,Lucas Andrade da Silva
966,Lucas Bouquet,Lucas Bouquet
1971,L. Gerch,Lucas Gerch
1971,Lucas Gerch,Lucas Gerch
66957,L. Marionneau,Lucas Marionneau
66957,Lucas Marionneau,Lucas Marionneau
1315,L. Poullain,Lucas Poullain
1315,Lucas Poullain,Lucas Poullain
76358,L. Yunez,Lucas Yunez
76358,Lucas Yunez,Lucas Yunez
17991,Lucca Helguera Casado,Lucca Helguera Casado
73579,L. Liu,Lucca Liu
73579,Lucca Liu,Lucca Liu
13924,Lucca Pinto,Lucca Pinto
96945,Luciano/ Mariani,Luciano/ Mariani
104131,Luciano/ Simionescu,Luciano/ Simionescu
105488,Luciano/ Stagno,Luciano/ Stagno
10022,L. Ratti,Lucio Ratti
10022,Lucio Ratti,Lucio Ratti
33304,Lucky Kurniawan,Lucky Kurniawan
59599,L. Vaccari,Ludovico Vaccari
59599,Ludovico Vaccari,Ludovico Vaccari
83201,L. Hede,Ludvig Hede
83201,Ludvig Hede,Ludvig Hede
104322,Lugaric/ Siftar,Lugaric/ Siftar
37938,L. Maxted,Lui Maxted
37938,Lui Maxted,Lui Maxted
90765,Luigi Valletta,Luigi Valletta
56892,Luis Alvarez Sarmiento Mateo,Luis Alvarez Sarmiento Mateo
56892,M. L. Alvarez Sarmiento,Luis Alvarez Sarmiento Mateo
722,L. Britto,Luis Britto
722,Luis Britto,Luis Britto
94061,Luis Claro Jose,Luis Claro Jose
70968,L. Garcia Paez,Luis Garcia Paez
70968,Luis Garcia Paez,Luis Garcia Paez
9650,Luis Hernandez Ramirez Sergio,Luis Hernandez Ramirez Sergio
9650,S. L. Hernandez R.,Luis Hernandez Ramirez Sergio
67777,Luis Pinter Piet,Luis Pinter Piet
67777,P. L. Pinter,Luis Pinter Piet
59646,Luka Bojicic Ono,Luka Bojicic Ono
62392,L. Talan Lopatic,Luka Talan Lopatic
62392,Luka Talan Lopatic,Luka Talan Lopatic
935,L. Pokorny,Lukas Pokorny
935,Lukas Pokorny,Lukas Pokorny
55150,L. Hooper,Luke Hooper
55150,Luke Hooper,Luke Hooper
55375,Luke Simkiss,Luke Simkiss
102595,Lukosiute/ Popovic,Lukosiute/ Popovic
105158,Lukosiute/ Tse,Lukosiute/ Tse
86109,Lulic/ Radojicic,Lulic/ Radojicic
83279,Lumsden/ Tang,Lumsden/ Tang
54054,L. Obrul,Lun Obrul
54054,Lun Obrul,Lun Obrul
106951,Luo/ Ren,Luo/ Ren
100846,Luo/ Wang,Luo/ Wang
104417,Luo/ Zhu,Luo/ Zhu
105874,Lutkemeyer/ Rapolu,Lutkemeyer/ Rapolu
104507,Lutkemeyer/ Sahdiieva,Lutkemeyer/ Sahdiieva
37650,Lutkemeyer/ Tian,Lutkemeyer/ Tian
102282,Lutkovskii/ Philippov,Lutkovskii/ Philippov
19865,Luxembourg W,Luxembourg W
4053,Luz O.,Luz O.
4053,O. Luz,Luz O.
4053,Orlando Luz,Luz O.
9914,Luz/ Matos,Luz/ Matos
106278,Lynn Browne/ McKenzie,Lynn Browne/ McKenzie
105540,M. A. Almada,M. A. Almada
86466,M. A. Erhardt,M. A. Erhardt
8127,M. A. Jecan,M. A. Jecan
27406,M. Agwi,M. Agwi
13333,M. Aikawa,M. Aikawa
678,M. Alcala Gurri,M. Alcala Gurri
678,Max Alcala Gurri,M. Alcala Gurri
11224,M. Alkotop,M. Alkotop
9534,M. Andreeva,M. Andreeva
40096,M. Andrienko,M. Andrienko
92440,M. Angel,M. Angel
86725,M. Antonius,M. Antonius
86725,Michael Antonius,M. Antonius
53625,M. Argyrokastriti,M. Argyrokastriti
60822,M. Arseneault,M. Arseneault
84742,M. Aytoyan,M. Aytoyan
73805,M. Baniak,M. Baniak
40167,M. Barry,M. Barry
171,M. Barthel,M. Barthel
135,M. Bassols,M. Bassols
194,M. Bayerlova,M. Bayerlova
57795,M. Ben Ezzedine,M. Ben Ezzedine
62372,M. Benaim,M. Benaim
23,M. Bergen,M. Bergen
86335,M. Berlanga Bandera,M. Berlanga Bandera
55518,M. Biro,M. Biro
105286,M. Blando,M. Blando
106705,M. Bohaty,M. Bohaty
1806,M. Bolkvadze,M. Bolkvadze
2820,M. Bouzkova,M. Bouzkova
39056,M. Boyden,M. Boyden
2391,M. Brengle,M. Brengle
38186,M. Buchnik,M. Buchnik
2559,M. Bulbarella,M. Bulbarella
173,M. Bulgaru,M. Bulgaru
61144,M. Burylo,M. Burylo
87789,M. C. Brayotta,M. C. Brayotta
24938,M. C. Ferreira Turchetto,M. C. Ferreira Turchetto
1053,M. C. Torres Murcia,M. C. Torres Murcia
1960,M. Capurro Taborda,M. Capurro Taborda
90711,M. Carrocera,M. Carrocera
90153,M. Castillo Meza,M. Castillo Meza
79397,M. Castle,M. Castle
70760,M. Ceban,M. Ceban
70760,Mark Ceban,M. Ceban
40110,M. Chen,M. Chen
31806,M. Chogsomjav,M. Chogsomjav
1434,M. Chwalinska,M. Chwalinska
95136,M. Cilek,M. Cilek
58750,M. Ciocan,M. Ciocan
104482,M. Cleary,M. Cleary
1348,M. Colmegna,M. Colmegna
33954,M. Crossley,M. Crossley
88182,M. D. Stan,M. D. Stan
107223,M. Despotovic,M. Despotovic
34548,M. Dobreva,M. Dobreva
78941,M. Drobysheva,M. Drobysheva
33199,M. Dzjachangirova,M. Dzjachangirova
92934,M. E. Carbone,M. E. Carbone
92934,M. E. Carbone dos Santos,M. E. Carbone
11487,M. E. Reasco Gonzalez,M. E. Reasco Gonzalez
68739,M. Ekstrand,M. Ekstrand
77573,M. Elesin,M. Elesin
40065,M. Ercan,M. Ercan
9409,M. Ercan,M. Ercan
77819,M. F. Lopes,M. F. Lopes
1353,M. F. Navarro,M. F. Navarro
54084,M. F. Urrutia,M. F. Urrutia
71459,M. Farzami,M. Farzami
26606,M. Favier,M. Favier
105166,M. Ferreira Banietti,M. Ferreira Banietti
107489,M. Fluri,M. Fluri
2089,M. Frech,M. Frech
71651,M. Frohlich,M. Frohlich
104899,M. Garay Eceolaza,M. Garay Eceolaza
38929,M. Garcia,M. Garcia
58312,M. Giordano,M. Giordano
51418,M. Golovina,M. Golovina
2556,M. Gomez Pezuela Cano,M. Gomez Pezuela Cano
9108,M. Guo,M. Guo
8334,M. Guth,M. Guth
107270,M. Guto,M. Guto
105035,M. H. Cho,M. H. Cho
96161,M. H. Pastuszka,M. H. Pastuszka
88007,M. Haavisto,M. Haavisto
2527,M. Hageman,M. Hageman
1415,M. Herazo Gonzalez,M. Herazo Gonzalez
39181,M. Heuser,M. Heuser
106706,M. Hlavnicka,M. Hlavnicka
147,M. Hodzic,M. Hodzic
2296,M. Hoedt,M. Hoedt
56111,M. Hoffmann,M. Hoffmann
1787,M. Hontama,M. Hontama
38670,M. Horvit,M. Horvit
1243,M. Houkes,M. Houkes
1243,Max Houkes,M. Houkes
69713,M. I. Burcescu,M. I. Burcescu
1788,M. Inglis,M. Inglis
38307,M. Ivanov,M. Ivanov
102311,M. Ivantsiv,M. Ivantsiv
68681,M. Iyengar,M. Iyengar
76947,M. J. Sanchez Uribe,M. J. Sanchez Uribe
4992,M. Jankovic,M. Jankovic
71660,M. Jarolimkova,M. Jarolimkova
107539,M. Jelinek,M. Jelinek
106702,M. Jirasek,M. Jirasek
52689,M. Joint,M. Joint
69922,M. Jordaan,M. Jordaan
97,M. Jorge,M. Jorge
65091,M. Jovanovic,M. Jovanovic
61314,M. Kalyakina,M. Kalyakina
105408,M. Kaserer,M. Kaserer
2570,M. Kawamura,M. Kawamura
22072,M. Kessler,M. Kessler
2692,M. Keys,M. Keys
68349,M. Khomich,M. Khomich
82543,M. Knight,M. Knight
7356,M. Kobori,M. Kobori
17377,M. Komano,M. Komano
202,M. Kononova,M. Kononova
1828,M. Kostyuk,M. Kostyuk
72481,M. Kotamaki,M. Kotamaki
78190,M. Kotze,M. Kotze
92261,M. Kovacs,M. Kovacs
19544,M. Kozyreva,M. Kozyreva
2295,M. Kubka,M. Kubka
6702,M. Kupres,M. Kupres
1052,M. Kuramochi,M. Kuramochi
187,M. L. Carle,M. L. Carle
107217,M. L. Harnoth,M. L. Harnoth
23806,M. L. Oliveira,M. L. Oliveira
105290,M. Lapalme,M. Lapalme
83613,M. Laron,M. Laron
80354,M. Lataste,M. Lataste
92799,M. Lauva,M. Lauva
65065,M. Lazarenko,M. Lazarenko
65681,M. Lazic,M. Lazic
104905,M. Lei,M. Lei
7520,M. Leonard,M. Leonard
40229,M. Lewis,M. Lewis
1154,M. Linette,M. Linette
103306,M. Liszka,M. Liszka
4581,M. Liu,M. Liu
88186,M. Lo Pumo,M. Lo Pumo
106118,M. Logrippo,M. Logrippo
14672,M. Lollia,M. Lollia
72030,M. Lombardini,M. Lombardini
34552,M. M. Maruca,M. M. Maruca
104915,M. M. Partal,M. M. Partal
75545,M. M. Root,M. M. Root
73419,M. Maftei,M. Maftei
52681,M. Majdandzic,M. Majdandzic
52681,Marc Majdandzic,M. Majdandzic
95220,M. Makarova,M. Makarova
15319,M. Malkin,M. Malkin
69067,M. Maquet,M. Maquet
40140,M. Maric,M. Maric
96688,M. Marron Baruqui,M. Marron Baruqui
87826,M. Marsik,M. Marsik
87372,M. Martin Roca,M. Martin Roca
20501,M. Martinez Vaquero,M. Martinez Vaquero
23833,M. Masiianskaia,M. Masiianskaia
7030,M. Maslenkova,M. Maslenkova
84428,M. Matias,M. Matias
34,M. Matoula,M. Matoula
89697,M. Mattel,M. Mattel
66958,M. Medvedeva,M. Medvedeva
11762,M. Mendez,M. Mendez
2265,M. Mettraux,M. Mettraux
57240,M. Migdalski,M. Migdalski
105064,M. Mihic,M. Mihic
38938,M. Mikhaylova,M. Mikhaylova
105631,M. Milisavljevic,M. Milisavljevic
38223,M. Minasyan,M. Minasyan
88815,M. Miton,M. Miton
69705,M. Mortasifu,M. Mortasifu
105992,M. Mroz,M. Mroz
31143,M. Mrva,M. Mrva
90583,M. N. Kaynak,M. N. Kaynak
101892,M. Napoli da Silveira,M. Napoli da Silveira
74666,M. Ngijol-Carre,M. Ngijol-Carre
4310,M. Ninomiya,M. Ninomiya
102150,M. Nishiwaki,M. Nishiwaki
87821,M. Novak,M. Novak
89937,M. Nozdrachova,M. Nozdrachova
149,M. Nuudi,M. Nuudi
38017,M. Okalova,M. Okalova
38007,M. Oliver Sanchez,M. Oliver Sanchez
28964,M. Ostrzygalo,M. Ostrzygalo
7561,M. Ozeki,M. Ozeki
136,M. P. Perez Garcia,M. P. Perez Garcia
9395,M. Paoletti,M. Paoletti
87818,M. Perutka,M. Perutka
14670,M. Phanthala,M. Phanthala
9047,M. Podlinska,M. Podlinska
61034,M. Pohankova,M. Pohankova
38079,M. Premzl,M. Premzl
85952,M. Qureshi,M. Qureshi
63412,M. Rajeshwaran Revathi,M. Rajeshwaran Revathi
19546,M. Rapolu,M. Rapolu
75050,M. Rasim,M. Rasim
90410,M. Rentoumi,M. Rentoumi
40082,M. Ribecai,M. Ribecai
40082,Michele Ribecai,M. Ribecai
38070,M. Ristic,M. Ristic
106940,M. Riu,M. Riu
107347,M. Roche,M. Roche
9119,M. Rouvroy,M. Rouvroy
10938,M. Rowinska,M. Rowinska
85502,M. RuoXi,M. RuoXi
14322,M. S. Popa,M. S. Popa
90115,M. S. Vijay Shankar,M. S. Vijay Shankar
2076,M. Sakkari,M. Sakkari
93915,M. Salbiev,M. Salbiev
61356,M. Salvadori,M. Salvadori
106145,M. Salvestre,M. Salvestre
64095,M. Sasikumar,M. Sasikumar
106850,M. Savic,M. Savic
12716,M. Sawangkaew,M. Sawangkaew
62374,M. Sawant,M. Sawant
52273,M. Schaefbauer,M. Schaefbauer
21230,M. Semenistaja,M. Semenistaja
38914,M. Sequeira,M. Sequeira
59960,M. Shah,M. Shah
105622,M. Shapiro,M. Shapiro
107602,M. Sharma,M. Sharma
86364,M. Shearer,M. Shearer
86364,Matthew Shearer,M. Shearer
510,M. Sherif,M. Sherif
76617,M. Shikhanova,M. Shikhanova
9258,M. Sholokhova,M. Sholokhova
9246,M. Sieg,M. Sieg
39006,M. Sijbesma,M. Sijbesma
69230,M. Slama,M. Slama
106700,M. Smid,M. Smid
73780,M. Soares,M. Soares
73855,M. Sohns,M. Sohns
24523,M. Soriano Santiago,M. Soriano Santiago
78136,M. Souza,M. Souza
85377,M. Specht,M. Specht
69676,M. Sroka,M. Sroka
90069,M. Srutwa,M. Srutwa
70649,M. Stanisavljevic,M. Stanisavljevic
103787,M. Steinkamp,M. Steinkamp
56261,M. Stoiana,M. Stoiana
63495,M. Stojsavljevic,M. Stojsavljevic
68442,M. Stosovic,M. Stosovic
105972,M. Stroebel,M. Stroebel
88947,M. Sucu,M. Sucu
106656,M. Szczypka,M. Szczypka
66423,M. Tahiri,M. Tahiri
70752,M. Teixido Garcia,M. Teixido Garcia
70149,M. Thamm,M. Thamm
61402,M. Thomson,M. Thomson
12869,M. Timofeeva,M. Timofeeva
13204,M. Tkacheva,M. Tkacheva
34386,M. Tobon,M. Tobon
13545,M. Toma,M. Toma
22868,M. Tona,M. Tona
512,M. Trevisan,M. Trevisan
53879,M. Trujillo Garnica,M. Trujillo Garnica
460,M. Uchijima,M. Uchijima
81772,M. Uemura,M. Uemura
87145,M. V. Chelemen,M. V. Chelemen
102994,M. V. Pop,M. V. Pop
93601,M. Van Nunen,M. Van Nunen
49154,M. Van Zyl,M. Van Zyl
69811,M. Vavassori,M. Vavassori
13075,M. Villet,M. Villet
85780,M. Viriant,M. Viriant
28610,M. Vogt,M. Vogt
80823,M. Volz,M. Volz
76419,M. Wainwright,M. Wainwright
2263,M. Wang,M. Wang
7413,M. Weckerle,M. Weckerle
77543,M. Wojcik,M. Wojcik
106143,M. Wright,M. Wright
83652,M. X. Ferrer,M. X. Ferrer
9391,M. Xu,M. Xu
98,M. Yamaguchi,M. Yamaguchi
86682,M. Yemshanova,M. Yemshanova
15527,M. Zaremba,M. Zaremba
55588,M. Zvech Flaborea,M. Zvech Flaborea
18071,Ma. Garcia Cid,Ma. Garcia Cid
103092,Ma/ Yamaguchi,Ma/ Yamaguchi
74450,M. Kesharwani,Maan Kesharwani
74450,Maan Kesharwani,Maan Kesharwani
105902,Maassen/ Saiga,Maassen/ Saiga
78369,M. Visser,Mac Visser
78369,Mac Visser,Mac Visser
103822,MacKinlay/ Whitehouse,MacKinlay/ Whitehouse
2981,Machac T.,Machac T.
2981,T. Machac,Machac T.
2981,Tomas Machac,Machac T.
103020,Mackenzie/ Reisach,Mackenzie/ Reisach
54068,Madagascar,Madagascar
52800,Madagascar W,Madagascar W
105850,Madaras/ Magureanu,Madaras/ Magureanu
18134,M. Kamath,Madhwin Kamath
18134,Madhwin Kamath,Madhwin Kamath
107038,Maduzzi/ Pace,Maduzzi/ Pace
61270,Maduzzi/ Paganetti,Maduzzi/ Paganetti
88095,Maduzzi/ Turini,Maduzzi/ Turini
53274,M. Malige,Mae Malige
53274,Mae Malige,Mae Malige
1180,F. Maestrelli,Maestrelli F.
1180,Francesco Maestrelli,Maestrelli F.
1180,Maestrelli F.,Maestrelli F.
70814,Maestrelli/ Pellegrino,Maestrelli/ Pellegrino
105852,Maftei/ Murariu,Maftei/ Murariu
106073,Alvarez Valdes/ Magadan,Magadan A.
106073,Magadan A.,Magadan A.
60067,A. Magadan,Magadan A.
60067,Alan Magadan,Magadan A.
60067,Magadan A.,Magadan A.
104571,Magadan/ Rodriguez,Magadan/ Rodriguez
105723,Maginley/ Poling,Maginley/ Poling
105000,Maginley/ Schoolkate,Maginley/ Schoolkate
105482,Magro/ Montebello,Magro/ Montebello
106153,Maguire/ Mas De Ugarte,Maguire/ Mas De Ugarte
89350,Maguire/ Melnic,Maguire/ Melnic
107583,Magureanu/ Pieleanu,Magureanu/ Pieleanu
104841,Mahendran/ Xu,Mahendran/ Xu
89864,M. Chetouane,Mahmoud Chetouane
89864,Mahmoud Chetouane,Mahmoud Chetouane
1273,Maik Steiner,Maik Steiner
105635,Maina/ Ravasio,Maina/ Ravasio
93963,Mair/ Peer,Mair/ Peer
106544,Mair/ Zantedeschi,Mair/ Zantedeschi
104242,Mais/ Proietti,Mais/ Proietti
95668,Maislinger/ Vaisman,Maislinger/ Vaisman
1096,K. Majchrzak,Majchrzak K.
1096,Kamil Majchrzak,Majchrzak K.
1096,Majchrzak K.,Majchrzak K.
106876,Majchrzak/ Solarski,Majchrzak/ Solarski
65266,Majdandzic/ Radjenovic,Majdandzic/ Radjenovic
104492,Majdandzic/ Soetebier,Majdandzic/ Soetebier
103022,Majdandzic/ Thies,Majdandzic/ Thies
101812,Mak Mikovic,Mak Mikovic
73806,Makar Krivoshchekov,Makar Krivoshchekov
102400,Makhlouf/ Sahtali,Makhlouf/ Sahtali
104309,Makke/ Saissi,Makke/ Saissi
9316,Maklakova/ Sholokhova,Maklakova/ Sholokhova
2460,M. Ochi,Makoto Ochi
2460,Makoto Ochi,Makoto Ochi
106534,Maksimovic/ Muzinic,Maksimovic/ Muzinic
65571,Maksimovic/ Obradovic,Maksimovic/ Obradovic
5056,Malanqi Du,Malanqi Du
104291,Malaszszak/ Shugar,Malaszszak/ Shugar
11460,Malaysia,Malaysia
30748,Malaysia W,Malaysia W
73425,Maleckova/ Skoch,Maleckova/ Skoch
107630,Malla/ Meneo,Malla/ Meneo
105660,Malla/ Tunas,Malla/ Tunas
107207,Malmkjaer/ Okutoyi,Malmkjaer/ Okutoyi
104027,Malmkjaer/ Svendsen,Malmkjaer/ Svendsen
106902,Maloney/ Yardley,Maloney/ Yardley
11433,Malta,Malta
19638,Malta W,Malta W
84667,Maltby/ Zampardo,Maltby/ Zampardo
104464,Malygina/ Sebestova,Malygina/ Sebestova
106103,Malygina/ Sobolieva,Malygina/ Sobolieva
105220,Mamedova/ Starkova,Mamedova/ Starkova
106833,Mandelikova/ Shapatava,Mandelikova/ Shapatava
105509,Mandelikova/ Svatikova,Mandelikova/ Svatikova
105839,Mandelikova/ Tran,Mandelikova/ Tran
106583,Mandlik/ Ngounoue,Mandlik/ Ngounoue
105004,Mandlik/ Smith,Mandlik/ Smith
70517,M. Lazaro Juncadella,Manel Lazaro Juncadella
70517,Manel Lazaro Juncadella,Manel Lazaro Juncadella
1334,M. Sureshkumar,Manish Sureshkumar
1334,Manish Sureshkumar,Manish Sureshkumar
438,A. Mannarino,Mannarino A.
438,Adrian Mannarino,Mannarino A.
438,Mannarino A.,Mannarino A.
86880,Mansilla Diez/ Vervoort,Mansilla Diez/ Vervoort
2319,Mansilla Diez/ Winter Lopez,Mansilla Diez/ Winter Lopez
1211,Mansouri S.,Mansouri S.
1211,Skander Mansouri,Mansouri S.
8133,Manuel Aguilar Juan Carlos,Manuel Aguilar Juan Carlos
105653,M. Belda,Manuel Belda
105653,Manuel Belda,Manuel Belda
10017,J. M. La Serna,Manuel La Serna Juan
10017,Manuel La Serna Juan,Manuel La Serna Juan
695,M. Mazza,Manuel Mazza
695,Manuel Mazza,Manuel Mazza
38057,M. Mouilleron Salvo,Manuel Mouilleron Salvo
38057,Manuel Mouilleron Salvo,Manuel Mouilleron Salvo
40085,M. Plunger,Manuel Plunger
40085,Manuel Plunger,Manuel Plunger
101821,Manuel Sanchez,Manuel Sanchez
105770,Manukyan/ Sakellaridis,Manukyan/ Sakellaridis
70648,M. Balciunas,Manvydas Balciunas
70648,Manvydas Balciunas,Manvydas Balciunas
107169,Mao/ Yu,Mao/ Yu
74117,Maquet/ Martinez Vaquero,Maquet/ Martinez Vaquero
107461,Maquet/ Rame,Maquet/ Rame
104501,Maquet/ Vaissaud,Maquet/ Vaissaud
830,M. Sharipov,Marat Sharipov
830,Marat Sharipov,Marat Sharipov
106361,Maratuly/ Tazabekov,Maratuly/ Tazabekov
106490,Maratuly/ Trebukhin,Maratuly/ Trebukhin
69706,M. Van Der Merwe,Marc Van Der Merwe
69706,Marc Van Der Merwe,Marc Van Der Merwe
15215,M. Kamrowski,Marcel Kamrowski
15215,Marcel Kamrowski,Marcel Kamrowski
89239,M. Latak,Marcel Latak
89239,Marcel Latak,Marcel Latak
27904,M. Zielinski,Marcel Zielinski
27904,Marcel Zielinski,Marcel Zielinski
971,M. Serafini,Marcello Serafini
971,Marcello Serafini,Marcello Serafini
3677,M. Zormann Da Silva,Marcelo Zormann Da Silva
3677,Marcelo Zormann Da Silva,Marcelo Zormann Da Silva
573,Illya Marchenko,Marchenko I.
573,Marchenko I.,Marchenko I.
71083,Marcin Andrzejczak,Marcin Andrzejczak
107449,Marcinkevica/ Pushkar,Marcinkevica/ Pushkar
67514,M. Alvarez,Marco Alvarez
67514,Marco Alvarez,Marco Alvarez
9466,Marco Furlanetto,Marco Furlanetto
94443,Marco Migliorati,Marco Migliorati
1182,G. M. Ortenzi,Marco Ortenzi Gian
1182,Marco Ortenzi Gian,Marco Ortenzi Gian
3679,I. Marcondes,Marcondes I.
3679,Igor Marcondes,Marcondes I.
3679,Marcondes I.,Marcondes I.
86229,Marcondes/ Slavic,Marcondes/ Slavic
107046,Marcondes/ Zormann Da Silva,Marcondes/ Zormann Da Silva
7014,M. Walters,Marcus Walters
7014,Marcus Walters,Marcus Walters
1321,M. Gengel,Marek Gengel
1321,Marek Gengel,Marek Gengel
87306,Marenk/ Najzer,Marenk/ Najzer
105785,Marginean/ Markina,Marginean/ Markina
27955,Marginean/ Oana,Marginean/ Oana
103946,Marginean/ Ogescu,Marginean/ Ogescu
679,G. M. Noce,Maria Noce Gabriele
679,Maria Noce Gabriele,Maria Noce Gabriele
65990,C. M. Zarate,Maria Zarate Carlos
65990,Maria Zarate Carlos,Maria Zarate Carlos
107304,Maria/ Vacherot,Maria/ Vacherot
107296,Mariani/ Sacco,Mariani/ Sacco
52646,M. Dedura-Palomero,Mariano Dedura-Palomero
52646,Mariano Dedura-Palomero,Mariano Dedura-Palomero
8896,Mariano Kestelboim,Mariano Kestelboim
11979,Mariano Tammaro,Mariano Tammaro
64962,Maric/ Radovanovic,Maric/ Radovanovic
68492,Marinescu/ Sauciuc,Marinescu/ Sauciuc
102174,Marinescu/ Yilmaz,Marinescu/ Yilmaz
105268,Marini/ Messa,Marini/ Messa
104639,Marino/ Noce,Marino/ Noce
107279,Marino/ Pieroni,Marino/ Pieroni
96443,Marino/ Rapagnetta,Marino/ Rapagnetta
87138,M. Arce Fernandez,Mario Arce Fernandez
87138,Mario Arce Fernandez,Mario Arce Fernandez
15921,M. Gonzalez Fernandez,Mario Gonzalez Fernandez
15921,Mario Gonzalez Fernandez,Mario Gonzalez Fernandez
984,M. Mansilla Diez,Mario Mansilla Diez
984,Mario Mansilla Diez,Mario Mansilla Diez
68640,Mario Martinez Serrano,Mario Martinez Serrano
106825,Marioara/ Stancescu,Marioara/ Stancescu
107138,Marioara/ Torres Murcia,Marioara/ Torres Murcia
105990,Marionneau/ Marionneau,Marionneau/ Marionneau
105634,Mariotti/ Radi,Mariotti/ Radi
738,Mark Whitehouse,Mark Whitehouse
105471,Markl/ Shroff,Markl/ Shroff
104601,M. Bekeni,Marko Bekeni
104601,Marko Bekeni,Marko Bekeni
89615,M. Knezevic,Marko Knezevic
89615,Marko Knezevic,Marko Knezevic
51626,M. Maksimovic,Marko Maksimovic
51626,Marko Maksimovic,Marko Maksimovic
40064,M. Mesarovic,Marko Mesarovic
40064,Marko Mesarovic,Marko Mesarovic
8931,M. Miladinovic,Marko Miladinovic
8931,Marko Miladinovic,Marko Miladinovic
101808,M. Milosavljevic,Marko Milosavljevic
101808,Marko Milosavljevic,Marko Milosavljevic
58549,M. Nikolic,Marko Nikolic
58549,Marko Nikolic,Marko Nikolic
90805,M. Retelj,Marko Retelj
90805,Marko Retelj,Marko Retelj
1938,Markos Kalovelonis,Markos Kalovelonis
104791,Markov/ Paolini,Markov/ Paolini
53403,Markovic/ Nikolic,Markovic/ Nikolic
105966,Markovski/ Milosavljevic,Markovski/ Milosavljevic
2138,Markovski/ Srbljak,Markovski/ Srbljak
56784,M. Malaszszak,Markus Malaszszak
56784,Markus Malaszszak,Markus Malaszszak
55148,M. Molder,Markus Molder
55148,Markus Molder,Markus Molder
52179,Markus/ Markus,Markus/ Markus
106986,Markus/ Melleiro,Markus/ Melleiro
1265,M. Vankan,Marlon Vankan
1265,Marlon Vankan,Marlon Vankan
10148,F. Marozsan,Marozsan F.
10148,Fabian Marozsan,Marozsan F.
10148,Marozsan F.,Marozsan F.
33269,Fucsovics/ Marozsan,Marozsan F.
33269,Marozsan F.,Marozsan F.
106667,Marozsan/ Medvedev,Marozsan/ Medvedev
104015,Marques/ Pedrico Kravtsov,Marques/ Pedrico Kravtsov
77473,Marques/ Silva,Marques/ Silva
105412,Marques/ Valdoleiros,Marques/ Valdoleiros
106438,Marrero Curbelo/ Moro Canas,Marrero Curbelo/ Moro Canas
104542,Marrero Curbelo/ Perez,Marrero Curbelo/ Perez
106791,Marsik/ Vagner,Marsik/ Vagner
104683,Martens/ Schrier,Martens/ Schrier
1070,M. Marterer,Marterer M.
1070,Marterer M.,Marterer M.
1070,Maximilian Marterer,Marterer M.
101792,Andrej Martin,Martin A.
101792,Martin A.,Martin A.
1056,A. Martin,Martin A.
1056,Andres Martin,Martin A.
1056,Martin A.,Martin A.
24405,Antonio Vergara del Puerto Martin,Martin A.
24405,M. A. Vergara del Puerto,Martin A.
24405,Martin A.,Martin A.
1937,M. Borisiouk,Martin Borisiouk
1937,Martin Borisiouk,Martin Borisiouk
107285,Donski/ Martin,Martin D.
107285,Martin D.,Martin D.
23350,D. Martin,Martin D.
23350,Dan Martin,Martin D.
23350,Martin D.,Martin D.
54842,DeMuth/ Martin,Martin D.
54842,Martin D.,Martin D.
91635,Drayton/ Martin,Martin D.
91635,Martin D.,Martin D.
56490,Martin Doskocil,Martin Doskocil
86639,M. Maldonado,Martin Maldonado
86639,Martin Maldonado,Martin Maldonado
105452,Martin Melo/ Munoz Fuster,Martin Melo/ Munoz Fuster
105448,Martin Roca/ Sala Gimez,Martin Roca/ Sala Gimez
59647,Martin Sabas,Martin Sabas
7999,M. Van Der Meerschen,Martin Van Der Meerschen
7999,Martin Van Der Meerschen,Martin Van Der Meerschen
105048,Martin/ Nagele,Martin/ Nagele
102880,Martin/ Trufelli,Martin/ Trufelli
105032,Martin/ Van Noord,Martin/ Van Noord
1185,M. Martineau,Martineau M.
1185,Martineau M.,Martineau M.
1185,Matteo Martineau,Martineau M.
103939,Martinez Gomez/ Schoen,Martinez Gomez/ Schoen
1775,Martinez P.,Martinez P.
1775,P. Martinez,Martinez P.
1775,Pedro Martinez,Martinez P.
106843,Martinez Quintana/ Orlando Pellicero,Martinez Quintana/ Orlando Pellicero
86740,Martinez Solis/ Regalado Macias,Martinez Solis/ Regalado Macias
104644,Martinez/ Meneses Perny,Martinez/ Meneses Perny
107045,Martinez/ Midon,Martinez/ Midon
84368,Martinez/ Monferrer,Martinez/ Monferrer
10546,Martinez/ Nedunchezhiyan,Martinez/ Nedunchezhiyan
104473,Martinez/ Remondy Pagotto,Martinez/ Remondy Pagotto
105356,Martinez/ Sheehy,Martinez/ Sheehy
12769,M. Rocens,Martins Rocens
12769,Martins Rocens,Martins Rocens
105337,Martins/ Ninomiya,Martins/ Ninomiya
100819,Martins/ Ovcharenko,Martins/ Ovcharenko
104208,Martins/ Sorribes Tormo,Martins/ Sorribes Tormo
105741,Marton/ Sema,Marton/ Sema
34422,Martos Gornes/ Munar,Martos Gornes/ Munar
74812,Martos Gornes/ Walkow,Martos Gornes/ Walkow
14023,Martyn Pawelski,Martyn Pawelski
105534,Martynov/ Mattel,Martynov/ Mattel
106540,Martynov/ Otzipka,Martynov/ Otzipka
106294,Martynov/ Zaparyniuk,Martynov/ Zaparyniuk
104479,Maruca/ Rodricks,Maruca/ Rodricks
62068,Maruca/ Sosa,Maruca/ Sosa
7349,M. Moeller,Marvin Moeller
7349,Marvin Moeller,Marvin Moeller
73093,Marvin Spiering,Marvin Spiering
93292,Marwan Ehab,Marwan Ehab
105751,Masaki Ishikawa,Masaki Ishikawa
10276,M. Imamura,Masamichi Imamura
10276,Masamichi Imamura,Masamichi Imamura
96895,Mashtakov/ Poritskyi,Mashtakov/ Poritskyi
84449,Mashtakov/ Sekachov,Mashtakov/ Sekachov
105474,Masiianskaia/ Yemshanova,Masiianskaia/ Yemshanova
104343,Maslenkova/ Sandberg,Maslenkova/ Sandberg
37933,M. Giunta,Massimo Giunta
37933,Massimo Giunta,Massimo Giunta
72029,M. Pizzigoni,Massimo Pizzigoni
72029,Massimo Pizzigoni,Massimo Pizzigoni
411,D. Masur,Masur D.
411,Daniel Masur,Masur D.
411,Masur D.,Masur D.
2024,Mat. Mariani,Mat. Mariani
869,M. Vasiliauskas,Matas Vasiliauskas
869,Matas Vasiliauskas,Matas Vasiliauskas
54888,M. Todoran,Matei Todoran
54888,Matei Todoran,Matei Todoran
87263,M. Varbanciu,Matei Varbanciu
87263,Matei Varbanciu,Matei Varbanciu
23581,M. Castaneda,Mateo Castaneda
23581,Mateo Castaneda,Mateo Castaneda
14275,M. Del Pino,Mateo Del Pino
14275,Mateo Del Pino,Mateo Del Pino
93543,Mateo Lucarelli Augusto,Mateo Lucarelli Augusto
104354,Mateva/ Mocanu,Mateva/ Mocanu
107435,Mateva/ Nosei,Mateva/ Nosei
104266,Mathes/ Nittmann,Mathes/ Nittmann
1278,M. Scaglia,Mathieu Scaglia
1278,Mathieu Scaglia,Mathieu Scaglia
87791,Mathis Bondaz,Mathis Bondaz
68179,M. Domenc,Mathys Domenc
68179,Mathys Domenc,Mathys Domenc
668,M. Erhard,Mathys Erhard
668,Mathys Erhard,Mathys Erhard
92463,M. Picard,Mathys Picard
92463,Mathys Picard,Mathys Picard
13797,Matias Ponce de Leon Gomila,Matias Ponce de Leon Gomila
104459,M. Reyniak,Matias Reyniak
104459,Matias Reyniak,Matias Reyniak
104719,Matias/ Medvedeva,Matias/ Medvedeva
728,M. Dimic,Matic Dimic
728,Matic Dimic,Matic Dimic
93204,M. Hribar,Matic Hribar
93204,Matic Hribar,Matic Hribar
38847,M. Kriznik,Matic Kriznik
38847,Matic Kriznik,Matic Kriznik
68658,M. Torres Ramis,Maties Torres Ramis
68658,Maties Torres Ramis,Maties Torres Ramis
69332,M. Bobichon,Matisse Bobichon
69332,Matisse Bobichon,Matisse Bobichon
67513,M. Farzam,Matisse Farzam
67513,Matisse Farzam,Matisse Farzam
103444,M. Martin,Matisse Martin
103444,Matisse Martin,Matisse Martin
104006,Matoula/ Shaikh,Matoula/ Shaikh
106321,Matoula/ Strakhova,Matoula/ Strakhova
106762,Matouskova/ Slavikova,Matouskova/ Slavikova
104441,Matovic/ Stanisavljevic,Matovic/ Stanisavljevic
1850,Mats Rosenkranz,Mats Rosenkranz
104252,Matsuda/ Moon,Matsuda/ Moon
67994,Matsuda/ Nishimoto,Matsuda/ Nishimoto
105388,Matsuda/ Ogura,Matsuda/ Ogura
103873,Matsuda/ Ren,Matsuda/ Ren
29499,Matsuda/ Shiraishi,Matsuda/ Shiraishi
53298,Matsuda/ Taguchi,Matsuda/ Taguchi
76092,Matsuda/ Takahata,Matsuda/ Takahata
107048,Matsuda/ Yoshimoto,Matsuda/ Yoshimoto
105129,Matsumoto/ Zaremba,Matsumoto/ Zaremba
105728,Matsuoka/ Mochizuki,Matsuoka/ Mochizuki
87966,Matsuoka/ Oki,Matsuoka/ Oki
107624,Matsuoka/ Vrba,Matsuoka/ Vrba
75575,Matt Kleiman,Matt Kleiman
1247,M. Kuhar,Matt Kuhar
1247,Matt Kuhar,Matt Kuhar
17612,M. Ponchet,Matt Ponchet
17612,Matt Ponchet,Matt Ponchet
106334,Matta/ Peck,Matta/ Peck
106291,Mattel/ Van Emst,Mattel/ Van Emst
57685,M. Covato,Matteo Covato
57685,Matteo Covato,Matteo Covato
40216,M. Fondriest,Matteo Fondriest
40216,Matteo Fondriest,Matteo Fondriest
89613,M. Gribaldo,Matteo Gribaldo
89613,Matteo Gribaldo,Matteo Gribaldo
38879,Matteo Lavizzari,Matteo Lavizzari
74709,M. Mesaglio,Matteo Mesaglio
74709,Matteo Mesaglio,Matteo Mesaglio
66093,Matteo Mura,Matteo Mura
71811,M. Sciahbasi,Matteo Sciahbasi
71811,Matteo Sciahbasi,Matteo Sciahbasi
93602,Matthew Carroll,Matthew Carroll
1258,M. Dellavedova,Matthew Dellavedova
1258,Matthew Dellavedova,Matthew Dellavedova
1322,M. Donald,Matthew Donald
1322,Matthew Donald,Matthew Donald
37943,M. Hulme,Matthew Hulme
37943,Matthew Hulme,Matthew Hulme
10856,Matthew Rankin,Matthew Rankin
8400,Matthew Segura,Matthew Segura
39195,M. Summers,Matthew Summers
39195,Matthew Summers,Matthew Summers
69528,M. Thomson,Matthew Thomson
69528,Matthew Thomson,Matthew Thomson
38072,M. Ujvary,Matthias Ujvary
38072,Matthias Ujvary,Matthias Ujvary
70353,M. Chambonniere,Matthieu Chambonniere
70353,Matthieu Chambonniere,Matthieu Chambonniere
76611,Mattia Nannelli,Mattia Nannelli
90409,M. Pisanu,Mattias Pisanu
90409,Mattias Pisanu,Mattias Pisanu
104311,Matuszczyk/ Michocki,Matuszczyk/ Michocki
106052,Matuszewski/ Pieczonka,Matuszewski/ Pieczonka
100913,Matuszewski/ Werblinski,Matuszewski/ Werblinski
37919,M. Cerny,Matyas Cerny
37919,Matyas Cerny,Matyas Cerny
918,M. Fuele,Matyas Fuele
918,Matyas Fuele,Matyas Fuele
56354,M. Kozlovsky,Matyas Kozlovsky
56354,Matyas Kozlovsky,Matyas Kozlovsky
4712,M. Echazu,Mauricio Echazu
4712,Mauricio Echazu,Mauricio Echazu
80886,Mauricio Schtulmann Gasca,Mauricio Schtulmann Gasca
71517,Mauritania,Mauritania
59748,Maute/ Salazar,Maute/ Salazar
84712,Max Pade,Max Pade
101809,Max Sheldon,Max Sheldon
9110,M. Wiskandt,Max Wiskandt
9110,Max Wiskandt,Max Wiskandt
1312,Maxence Beauge,Maxence Beauge
58609,M. Bertimon,Maxence Bertimon
58609,Maxence Bertimon,Maxence Bertimon
51078,M. Rivet,Maxence Rivet
51078,Maxence Rivet,Maxence Rivet
80016,M. Carrascosa Diaz,Maxi Carrascosa Diaz
80016,Maxi Carrascosa Diaz,Maxi Carrascosa Diaz
38850,Maxim Mrva,Maxim Mrva
37966,M. Shin,Maxim Shin
37966,Maxim Shin,Maxim Shin
2209,M. Zhukov,Maxim Zhukov
2209,Maxim Zhukov,Maxim Zhukov
1332,M. Chazal,Maxime Chazal
1332,Maxime Chazal,Maxime Chazal
55493,M. St. Hilaire,Maxime St-Hilaire
55493,Maxime St-Hilaire,Maxime St-Hilaire
77365,M. Borisov,Maximilian Borisov
77365,Maximilian Borisov,Maximilian Borisov
40081,M. Figl,Maximilian Figl
40081,Maximilian Figl,Maximilian Figl
85493,J. M. Haus,Maximilian Haus Julius
85493,Maximilian Haus Julius,Maximilian Haus Julius
21176,M. Homberg,Maximilian Homberg
21176,Maximilian Homberg,Maximilian Homberg
897,M. Neuchrist,Maximilian Neuchrist
897,Maximilian Neuchrist,Maximilian Neuchrist
92110,Maximilian Oezcelik,Maximilian Oezcelik
11749,M. Todorov,Maximilian Todorov
11749,Maximilian Todorov,Maximilian Todorov
106477,Maximillian Mroz,Maximillian Mroz
66326,M. Zeitune,Maximo Zeitune
66326,Maximo Zeitune,Maximo Zeitune
73843,M. Dussault,Maximus Dussault
73843,Maximus Dussault,Maximus Dussault
680,M. Jones,Maximus Jones
680,Maximus Jones,Maximus Jones
107290,Maxted/ Monday,Maxted/ Monday
51618,M. Exsted,Maxwell Exsted
51618,Maxwell Exsted,Maxwell Exsted
39941,M. McKennon,Maxwell McKennon
39941,Maxwell McKennon,Maxwell McKennon
9216,A. Mayo,Mayo A.
9216,Aidan Mayo,Mayo A.
9216,Mayo A.,Mayo A.
1189,H. Mayot,Mayot H.
1189,Harold Mayot,Mayot H.
1189,Mayot H.,Mayot H.
104556,Mayot/ Piros,Mayot/ Piros
82818,McAdoo/ Monnet,McAdoo/ Monnet
105733,McAdoo/ Nagy,McAdoo/ Nagy
84300,McAdoo/ Okutoyi,McAdoo/ Okutoyi
83550,McAdoo/ Sakellaridi,McAdoo/ Sakellaridi
64529,McAdoo/ Smith,McAdoo/ Smith
106921,McAdoo/ Tran,McAdoo/ Tran
105561,McCarthy/ Summers,McCarthy/ Summers
104848,McCarthy/ Zagars,McCarthy/ Zagars
105078,McCarthy/ van Deventer,McCarthy/ van Deventer
106882,McCormick/ Pietri,McCormick/ Pietri
105545,McCormick/ Shoaib,McCormick/ Shoaib
73846,McDonald N.,McDonald N.
73846,N. McDonald,McDonald N.
73846,Niels McDonald,McDonald N.
91764,McDonald/ Opitz,McDonald/ Opitz
106320,McDonald/ Rajecki,McDonald/ Rajecki
95703,McFadzean/ McLeod,McFadzean/ McLeod
104834,McGiffin/ Scott,McGiffin/ Scott
99883,McLeod/ Satara,McLeod/ Satara
106203,McNally/ Patel,McNally/ Patel
105909,McNally/ Tettamble,McNally/ Tettamble
1882,J. McCabe,Mccabe J.
1882,James McCabe,Mccabe J.
1882,Mccabe J.,Mccabe J.
2839,M. McDonald,Mcdonald M.
2839,Mackenzie McDonald,Mcdonald M.
2839,Mcdonald M.,Mcdonald M.
63144,Mdlulwa/ Mdlulwa,Mdlulwa/ Mdlulwa
107494,Mediorreal/ Mi,Mediorreal/ Mi
104379,Mediorreal/ Torres Murcia,Mediorreal/ Torres Murcia
2677,H. Medjedovic,Medjedovic H.
2677,Hamad Medjedovic,Medjedovic H.
2677,Medjedovic H.,Medjedovic H.
1093,D. Medvedev,Medvedev D.
1093,Daniil Medvedev,Medvedev D.
1093,Medvedev D.,Medvedev D.
96772,Medvedev/ Tien,Medvedev/ Tien
105134,Medvedeva/ Montes Khaghani,Medvedeva/ Montes Khaghani
107000,Medvedeva/ Murphy,Medvedeva/ Murphy
104353,Medvedeva/ Suvirdjonkova,Medvedeva/ Suvirdjonkova
883,Mehdi Benchakroun,Mehdi Benchakroun
104752,Mehra/ Singh,Mehra/ Singh
107378,Mehra/ Tudorica,Mehra/ Tudorica
105764,Mehrotra/ Talic,Mehrotra/ Talic
105294,Mehrotra/ Timini,Mehrotra/ Timini
106369,Mehrotra/ Volonski,Mehrotra/ Volonski
92241,Mehrotra/ Vujic,Mehrotra/ Vujic
102479,Meijer/ Rijpert,Meijer/ Rijpert
7641,Mejia N.,Mejia N.
7641,N. Mejia,Mejia N.
7641,Nicolas Mejia,Mejia N.
105209,Melero/ Torres Ramis,Melero/ Torres Ramis
103414,Melichar-Martinez/ Routliffe,Melichar-Martinez/ Routliffe
357,F. Meligeni Alves,Meligeni Alves F.
357,Felipe Meligeni Alves,Meligeni Alves F.
357,Meligeni Alves F.,Meligeni Alves F.
68069,M. Anavatan,Melih Anavatan
68069,Melih Anavatan,Melih Anavatan
11182,M. Efstathiou,Melios Efstathiou
11182,Melios Efstathiou,Melios Efstathiou
89595,Melleiro/ Schincariol Delatorre Barbosa,Melleiro/ Schincariol Delatorre Barbosa
104062,Melleiro/ Souza,Melleiro/ Souza
99923,Melnic/ Reco,Melnic/ Reco
102143,Melo/ Molteni,Melo/ Molteni
107266,Melo/ Smith,Melo/ Smith
67977,M. Kumar,Melvin Kumar
67977,Melvin Kumar,Melvin Kumar
378,F. Mena,Mena F.
378,Facundo Mena,Mena F.
378,Mena F.,Mena F.
104285,Mencaglia/ Taddia,Mencaglia/ Taddia
106694,Meneguetti/ Price,Meneguetti/ Price
104227,Meneses Perny/ Nagele,Meneses Perny/ Nagele
107570,Meneses Perny/ Perez Socas,Meneses Perny/ Perez Socas
87578,Meng/ Yang,Meng/ Yang
106812,Meng/ Zhang,Meng/ Zhang
104776,Meng/ Zhao,Meng/ Zhao
105625,Meng/ Zhu,Meng/ Zhu
101344,Mengqiao/ Xu,Mengqiao/ Xu
902,J. Mensik,Mensik J.
902,Jakub Mensik,Mensik J.
902,Mensik J.,Mensik J.
91445,Mercer/ Stephenson,Mercer/ Stephenson
105931,Merchant/ Usui,Merchant/ Usui
978,D. Merida Aguilar,Merida Aguilar D.
978,Daniel Merida Aguilar,Merida Aguilar D.
978,Merida Aguilar D.,Merida Aguilar D.
104516,Merida Aguilar/ Ugo Carabelli,Merida Aguilar/ Ugo Carabelli
104551,Merino/ Ribero,Merino/ Ribero
105696,Merino/ Ricca,Merino/ Ricca
106770,Merino/ Zhu,Merino/ Zhu
8972,M. Alkaya,Mert Alkaya
8972,Mert Alkaya,Mert Alkaya
13025,Mert Ozdemir S,Mert Ozdemir S
13025,S. M. Ozdemir,Mert Ozdemir S
106674,Mertens/ Shnaider,Mertens/ Shnaider
27529,Mertens/ Zhang,Mertens/ Zhang
102045,Mesaglio/ Misasi,Mesaglio/ Misasi
105572,Mesarovic/ Miladinovic,Mesarovic/ Miladinovic
106928,Mesarovic/ Schachter,Mesarovic/ Schachter
93553,Mesarovic/ Vega,Mesarovic/ Vega
107621,Mesarovic/ Vukadin,Mesarovic/ Vukadin
106517,Mesquida Berg/ Zusman,Mesquida Berg/ Zusman
103322,Meszaros/ Sallay,Meszaros/ Sallay
96456,Mettraux/ Radovanovic,Mettraux/ Radovanovic
107440,Mewett/ Smirnova,Mewett/ Smirnova
105589,Meyers/ Sheldon,Meyers/ Sheldon
106023,Mi. Sheldon,Mi. Sheldon
12958,Micah Braswell,Micah Braswell
38006,M. Agwi,Michael Agwi
38006,Michael Agwi,Michael Agwi
37992,M. Bassem Sobhy,Michael Bassem Sobhy
37992,Michael Bassem Sobhy,Michael Bassem Sobhy
936,M. Gloeckler,Michael Gloeckler
936,Michael Gloeckler,Michael Gloeckler
93759,M. Savano,Michael Savano
93759,Michael Savano,Michael Savano
7126,M. Zhu,Michael Zhu
7126,Michael Zhu,Michael Zhu
38845,M. Krajci,Michal Krajci
38845,Michal Krajci,Michal Krajci
14022,M. Novansky,Michal Novansky
14022,Michal Novansky,Michal Novansky
106514,Michalik/ Sallay,Michalik/ Sallay
104673,Michalik/ Toffanin,Michalik/ Toffanin
103904,Michalik/ Wagner,Michalik/ Wagner
17584,M. Sakellaridis,Michalis Sakellaridis
17584,Michalis Sakellaridis,Michalis Sakellaridis
106774,Michalski/ Roca Batalla,Michalski/ Roca Batalla
912,M. Hopp,Michel Hopp
912,Michel Hopp,Michel Hopp
78934,M. Mecarelli,Michele Mecarelli
78934,Michele Mecarelli,Michele Mecarelli
10884,A. Michelsen,Michelsen A.
10884,Alex Michelsen,Michelsen A.
10884,Michelsen A.,Michelsen A.
27676,Michelsen/ Tien,Michelsen/ Tien
107505,Michibata/ Mithran,Michibata/ Mithran
4056,M. De Krom,Michiel De Krom
4056,Michiel De Krom,Michiel De Krom
105094,Michocki/ Zarski,Michocki/ Zarski
104101,Micic/ Mladenovic,Micic/ Mladenovic
104856,Micic/ Shi,Micic/ Shi
89849,Micic/ Thompson,Micic/ Thompson
68730,M. Kaouk,Mickael Kaouk
68730,Mickael Kaouk,Mickael Kaouk
10018,L. Midon,Midon L.
10018,Lautaro Midon,Midon L.
10018,Midon L.,Midon L.
104874,Miedler/ Guo,Miedler/ Guo
106030,Mifano Pinto/ Ogando Monteiro Machado,Mifano Pinto/ Ogando Monteiro Machado
106624,Migdalski/ Terblanche,Migdalski/ Terblanche
23302,Felipe Miguel Luis,Miguel L.
23302,L. F. Miguel,Miguel L.
23302,Miguel L.,Miguel L.
67442,Augusto Miguel Luis,Miguel L.
67442,L. A. Miguel,Miguel L.
67442,Miguel L.,Miguel L.
104234,Miguel/ Saraiva Dos Santos,Miguel/ Saraiva Dos Santos
86014,Miguel/ Sesko,Miguel/ Sesko
38260,M. Vetrih,Miha Vetrih
38260,Miha Vetrih,Miha Vetrih
15768,Mihai Papoe Radu,Mihai Papoe Radu
15768,R. M. Papoe,Mihai Papoe Radu
106826,Mihail/ Singeorzan,Mihail/ Singeorzan
87288,Mihail/ Wildgruber,Mihail/ Wildgruber
69174,Mihalikova/ Nicholls,Mihalikova/ Nicholls
65774,Mihalikova/ Watson,Mihalikova/ Watson
37882,M. Brunold,Mika Brunold
37882,Mika Brunold,Mika Brunold
9228,Mika Lipp,Mika Lipp
63396,M. Petkovic,Mika Petkovic
63396,Mika Petkovic,Mika Petkovic
75350,M. Arseneault,Mikael Arseneault
75350,Mikael Arseneault,Mikael Arseneault
1887,M. Alimli,Mikail Alimli
1887,Mikail Alimli,Mikail Alimli
38270,Mikal Statham,Mikal Statham
896,M. Haliak,Mikalai Haliak
896,Mikalai Haliak,Mikalai Haliak
38278,Mikhail Dubrouski,Mikhail Dubrouski
87750,M. Khodorchenko,Mikhail Khodorchenko
87750,Mikhail Khodorchenko,Mikhail Khodorchenko
101818,Mikhail Tsapenko,Mikhail Tsapenko
90666,Mikhaylova/ Suslova,Mikhaylova/ Suslova
15224,Mikolaj Lorens,Mikolaj Lorens
40562,Mikovic/ Mikovic,Mikovic/ Mikovic
106523,Mikovic/ Novakovic,Mikovic/ Novakovic
105964,Mikovic/ Radovanovic,Mikovic/ Radovanovic
938,L. Mikrut,Mikrut L.
938,Luka Mikrut,Mikrut L.
938,Mikrut L.,Mikrut L.
67947,I. M. Fahim,Milad Fahim Ilyas
67947,Milad Fahim Ilyas,Milad Fahim Ilyas
106194,Miladinovic/ Petrovic,Miladinovic/ Petrovic
104120,Milan Ristov,Milan Ristov
105128,Milanese/ Valente,Milanese/ Valente
106805,Milavsky/ Puttergill,Milavsky/ Puttergill
104563,Milavsky/ Sheehy,Milavsky/ Sheehy
94772,Milavsky/ Shick,Milavsky/ Shick
59244,Miles Clark,Miles Clark
14087,M. Jones,Miles Jones
14087,Miles Jones,Miles Jones
32843,Milev/ Nesterov,Milev/ Nesterov
82287,Milev/ Popovic,Milev/ Popovic
105956,Milic/ Obradovic,Milic/ Obradovic
104559,Milic/ Pavlovic,Milic/ Pavlovic
96691,Millan/ Montiel,Millan/ Montiel
9609,M. Cossu,Milledge Cossu
9609,Milledge Cossu,Milledge Cossu
12967,M. Hurrion,Millen Hurrion
12967,Millen Hurrion,Millen Hurrion
817,Milos Karol,Milos Karol
54471,M. Mikovic,Milos Mikovic
54471,Milos Mikovic,Milos Mikovic
106557,Milosavljevic/ Plans,Milosavljevic/ Plans
105432,Milovanov/ Sekachov,Milovanov/ Sekachov
106371,Milovanova/ Nitture,Milovanova/ Nitture
92348,Milovanova/ Wildgruber,Milovanova/ Wildgruber
106641,Milovanova/ Zelinskaya,Milovanova/ Zelinskaya
105113,Milovanovic/ Novak,Milovanovic/ Novak
106313,Milovanovic/ Rey Garcia,Milovanovic/ Rey Garcia
105240,Milutinovic/ Van De Peer,Milutinovic/ Van De Peer
106602,Minetti Mariella/Minetti Marissa,Minetti Mariella/Minetti Marissa
59301,M. Zhang,Minghui Zhang
59301,Minghui Zhang,Minghui Zhang
105846,Minguez/ Nagele,Minguez/ Nagele
100903,Minguez/ Peiro Serrano,Minguez/ Peiro Serrano
101811,Minjong Park,Minjong Park
106360,Mintz/ Motta,Mintz/ Motta
106778,Mintz/ Pohjola,Mintz/ Pohjola
101988,Mintz/ Ursu,Mintz/ Ursu
106639,Mirarchi/ Misasi,Mirarchi/ Misasi
104283,Mirarchi/ Rapagnetta,Mirarchi/ Rapagnetta
105978,Mirarchi/ Valle,Mirarchi/ Valle
105280,Miroshnichenko/ Sahdiieva,Miroshnichenko/ Sahdiieva
1534,Mishkin/ Shvets,Mishkin/ Shvets
105475,Miskovic/ Virc,Miskovic/ Virc
594,Filip Misolic,Misolic F.
594,Misolic F.,Misolic F.
23690,Ma. Sheldon,Mitchell Sheldon
23690,Mitchell Sheldon,Mitchell Sheldon
105501,Mititelu/ Wainwright,Mititelu/ Wainwright
105038,Mitsui/ Nakagawa,Mitsui/ Nakagawa
104259,Mitu/ Popa,Mitu/ Popa
107301,Mladenovic/ Arevalo,Mladenovic/ Arevalo
439,M. Mmoh,Mmoh M.
439,Michael Mmoh,Mmoh M.
439,Mmoh M.,Mmoh M.
37952,Mo Y.,Mo Y.
37952,Y. C. Mo,Mo Y.
37952,Yecong Mo,Mo Y.
106824,Mocanu/ Popa,Mocanu/ Popa
105476,Mocanu/ Shang,Mocanu/ Shang
72345,Moccia/ Zanolini,Moccia/ Zanolini
1880,Mochizuki S.,Mochizuki S.
1880,S. Mochizuki,Mochizuki S.
1880,Shintaro Mochizuki,Mochizuki S.
104774,Mochizuki/ Nakamura,Mochizuki/ Nakamura
105213,Mochizuki/ Takahata,Mochizuki/ Takahata
91765,Moeller/ Petkovic,Moeller/ Petkovic
7912,M. Bouzige,Moerani Bouzige
7912,Moerani Bouzige,Moerani Bouzige
1320,Mohamed Safwat,Mohamed Safwat
60545,Mohammed/ Mubarak,Mohammed/ Mubarak
106798,Mojzisova/ Svobodova,Mojzisova/ Svobodova
436,A. Molcan,Molcan A.
436,Alex Molcan,Molcan A.
436,Molcan A.,Molcan A.
97032,Molchanov/ Pavel,Molchanov/ Pavel
105320,Molchanov/ Ramanathan,Molchanov/ Ramanathan
77404,Molder/ Ojakaar,Molder/ Ojakaar
71310,Molder/ Tamm,Molder/ Tamm
27309,Moldova W,Moldova W
104849,Molina/ Pelzer,Molina/ Pelzer
893,Molleker R.,Molleker R.
893,R. Molleker,Molleker R.
893,Rudolf Molleker,Molleker R.
39675,E. Moller,Moller E.
39675,Elmer Moller,Moller E.
39675,Moller E.,Moller E.
86506,Molokova Ferreira/ Teixeira,Molokova Ferreira/ Teixeira
104875,Molteni/ Jurak Schreiber,Molteni/ Jurak Schreiber
105335,Molteni/ Trhac,Molteni/ Trhac
10071,J. Monday,Monday J.
10071,Johannus Monday,Monday J.
10071,Monday J.,Monday J.
104512,Monday/ Wendelken,Monday/ Wendelken
87482,Mondazzi/ Sardo,Mondazzi/ Sardo
104709,Mondo/ Ortenzi,Mondo/ Ortenzi
104357,Moneva/ Radenkovic,Moneva/ Radenkovic
2845,G. Monfils,Monfils G.
2845,Gael Monfils,Monfils G.
2845,Monfils G.,Monfils G.
73114,Monge/ Nakamine,Monge/ Nakamine
105340,Monnet/ Sakellaridi,Monnet/ Sakellaridi
106102,Monnot/ Rouvroy,Monnot/ Rouvroy
1074,Monteiro T.,Monteiro T.
1074,T. Monteiro,Monteiro T.
1074,Thiago Monteiro,Monteiro T.
104350,Monteleone/ Rachapudi,Monteleone/ Rachapudi
107593,Monteleone/ Soto Neira,Monteleone/ Soto Neira
19636,Montenegro W,Montenegro W
106004,Montiel/ Sifuentes,Montiel/ Sifuentes
105079,Montsi/ Tyagi,Montsi/ Tyagi
105563,Montsi/ Velcz,Montsi/ Velcz
243,Monzon/ Tenti,Monzon/ Tenti
101936,Monzon/ Villalon,Monzon/ Villalon
4334,Moon Lee Jea,Moon Lee Jea
106619,Moon/ Nishimoto,Moon/ Nishimoto
107444,Moradibajestani/ Sagheb Tehrani,Moradibajestani/ Sagheb Tehrani
107569,Moran/ Vega Mendez,Moran/ Vega Mendez
106559,Moratelli/ Papamichail,Moratelli/ Papamichail
70413,Moratelli/ Podoroska,Moratelli/ Podoroska
2376,Morderger/ Morderger,Morderger/ Morderger
106212,Morega  -/ Seciu,Morega  -/ Seciu
1179,Moreno De Alboran N.,Moreno De Alboran N.
1179,N. Moreno De Alboran,Moreno De Alboran N.
1179,Nicolas Moreno De Alboran,Moreno De Alboran N.
68003,M. Kudernatsch,Moritz Kudernatsch
68003,Moritz Kudernatsch,Moritz Kudernatsch
3202,H. Moriya,Moriya H.
3202,Hiroki Moriya,Moriya H.
3202,Moriya H.,Moriya H.
1331,A. Moro Canas,Moro Canas A.
1331,Alejandro Moro Canas,Moro Canas A.
1331,Moro Canas A.,Moro Canas A.
105837,Mortensen/ Ragus,Mortensen/ Ragus
105620,Mosejczuk/ Stephens,Mosejczuk/ Stephens
106735,Motal/ Smid,Motal/ Smid
94844,Motoharu Abe,Motoharu Abe
104392,Motsnyy/ Vance,Motsnyy/ Vance
90146,Motsnyy/ Zakaria,Motsnyy/ Zakaria
3823,Blake Mott,Mott B.
3823,Mott B.,Mott B.
2674,C. Moutet,Moutet C.
2674,Corentin Moutet,Moutet C.
2674,Moutet C.,Moutet C.
104511,Moutet/ Reymond,Moutet/ Reymond
62065,Moyano/ Romero,Moyano/ Romero
11448,Mozambique,Mozambique
52807,Mozambique W,Mozambique W
105120,Mozgaleva/ Natal,Mozgaleva/ Natal
106965,Mozgaleva/ Nitture,Mozgaleva/ Nitture
105933,Mroz/ Mroz,Mroz/ Mroz
107437,Mtvarelishvili/ Tahiri,Mtvarelishvili/ Tahiri
107503,Muchova/ Mensik,Muchova/ Mensik
105840,Mueller/ Nazar,Mueller/ Nazar
107634,Mueller/ Van Herck,Mueller/ Van Herck
105146,Mueller/ Yunis,Mueller/ Yunis
104155,Mueller/ Zick,Mueller/ Zick
106394,Mugelli/ Tremblay,Mugelli/ Tremblay
14460,M. Rifqi Fitriadi,Muhamad Rifqi Fitriadi
14460,Muhamad Rifqi Fitriadi,Muhamad Rifqi Fitriadi
14442,M. Shoaib,Muhammad Shoaib
14442,Muhammad Shoaib,Muhammad Shoaib
102254,Muhammad/ Stollar,Muhammad/ Stollar
1200,M. Sasikumar,Mukund Sasikumar
1200,Mukund Sasikumar,Mukund Sasikumar
374,A. Muller,Muller A.
374,Alexandre Muller,Muller A.
374,Muller A.,Muller A.
104642,Muller/ Oetzbach,Muller/ Oetzbach
106399,Muller/ Van Sambeek,Muller/ Van Sambeek
106249,Muller/ Znuderl,Muller/ Znuderl
2083,J. Munar,Munar J.
2083,Jaume Munar,Munar J.
2083,Munar J.,Munar J.
106883,Munk Mesa/ Vujic,Munk Mesa/ Vujic
105715,Munk Mesa/ Wright,Munk Mesa/ Wright
106132,Munkhammar/ Strauch,Munkhammar/ Strauch
105847,Munoz Fuster/ Podczaszy,Munoz Fuster/ Podczaszy
106957,Murariu/ Oki,Murariu/ Oki
72727,Murphy/ Roe Flannelly,Murphy/ Roe Flannelly
104698,Murphy/ Tse,Murphy/ Tse
104913,Murray/ Tararudee,Murray/ Tararudee
106136,Murtaza/ Senthil Kumar,Murtaza/ Senthil Kumar
104706,Musat/ Salaiova,Musat/ Salaiova
2849,L. Musetti,Musetti L.
2849,Lorenzo Musetti,Musetti L.
2849,Musetti L.,Musetti L.
37889,Mushika Mao,Mushika Mao
10987,Mushika Mao/Mushika Mio,Mushika Mao/Mushika Mio
56727,Mushika Mao/Sato,Mushika Mao/Sato
10893,Mushika Mio,Mushika Mio
58991,Mustapha El Natour,Mustapha El Natour
104606,Muto/ Wang,Muto/ Wang
54465,M. Murtaza,Muzammil Murtaza
54465,Muzammil Murtaza,Muzammil Murtaza
719,M. Mbithi,Mwendwa Mbithi
719,Mwendwa Mbithi,Mwendwa Mbithi
105357,Myneni/ Suresh,Myneni/ Suresh
84715,N. Affelt,N. Affelt
51162,N. Andronicou,N. Andronicou
68,N. Arakawa,N. Arakawa
104860,N. Armus,N. Armus
2567,N. Bains,N. Bains
9196,N. Bartunkova,N. Bartunkova
13420,N. Basiletti,N. Basiletti
100794,N. Belozertsev,N. Belozertsev
9266,N. Berecoechea,N. Berecoechea
81403,N. Blokhin,N. Blokhin
90801,N. Boutleux,N. Boutleux
222,N. Brancaccio,N. Brancaccio
85844,N. Carpentier,N. Carpentier
26476,N. Catini,N. Catini
85779,N. Dho,N. Dho
5249,N. Eto,N. Eto
107251,N. Fays,N. Fays
1020,N. Fouad,N. Fouad
13738,N. Gadient,N. Gadient
76960,N. Giannini,N. Giannini
90124,N. Gore,N. Gore
96927,N. Guiovanna,N. Guiovanna
2602,N. Hanatani,N. Hanatani
465,N. Hibino,N. Hibino
69921,N. Hipfl,N. Hipfl
69921,Nico Hipfl,N. Hipfl
87758,N. Hurkacz,N. Hurkacz
86277,N. Hurtado Novoa,N. Hurtado Novoa
59003,N. Ihlenfeld,N. Ihlenfeld
101399,N. Ivanova,N. Ivanova
87832,N. Jelinkova,N. Jelinkova
106852,N. Kaler,N. Kaler
40160,N. Katsumi,N. Katsumi
13546,N. Kawaguchi,N. Kawaguchi
22404,N. Keremedchiev,N. Keremedchiev
103769,N. Kha,N. Kha
4348,N. Kim,N. Kim
81142,N. Klys,N. Klys
38920,N. Kolyachev,N. Kolyachev
86684,N. Koprivova,N. Koprivova
67678,N. Kovacic,N. Kovacic
52630,N. La Cagnina,N. La Cagnina
5775,N. Lagaev,N. Lagaev
58205,N. Lee,N. Lee
73807,N. Maines,N. Maines
70151,N. Manta,N. Manta
85374,N. Matovic,N. Matovic
75585,N. McKenzie,N. McKenzie
72164,N. Mertgens,N. Mertgens
69948,N. Mladenovic,N. Mladenovic
104801,N. Muller,N. Muller
1029,N. Noha Akugue,N. Noha Akugue
101356,N. Oberleitner,N. Oberleitner
101356,Nouza/ Oberleitner,N. Oberleitner
1301,N. Oberleitner,N. Oberleitner
1301,Neil Oberleitner,N. Oberleitner
51981,N. Oliynykov,N. Oliynykov
2685,N. Osaka,N. Osaka
106146,N. P. Montero,N. P. Montero
106726,N. Padrnosova,N. Padrnosova
106393,N. Palm,N. Palm
106699,N. Papavasiliu,N. Papavasiliu
513,N. Parrizas-Diaz,N. Parrizas-Diaz
2805,N. Podoroska,N. Podoroska
86774,N. Pontes Tourinho,N. Pontes Tourinho
13073,N. Radovanovic,N. Radovanovic
74182,N. Sahnoun,N. Sahnoun
591,N. Sanchez Izquierdo,N. Sanchez Izquierdo
591,Nikolas Sanchez Izquierdo,N. Sanchez Izquierdo
11584,N. Sato,N. Sato
487,N. Schunk,N. Schunk
56268,N. Selvaraj,N. Selvaraj
14152,N. Senic,N. Senic
32144,N. Senic,N. Senic
29360,N. Sifuentes,N. Sifuentes
19893,N. Slavic,N. Slavic
19893,Nikola Slavic,N. Slavic
67621,N. Sousa Salazar,N. Sousa Salazar
84299,N. Sozaonova,N. Sozaonova
76393,N. Suzuki,N. Suzuki
40173,N. Taraba Wallberg,N. Taraba Wallberg
101865,N. Tepic,N. Tepic
55037,N. Tian,N. Tian
78984,N. Tomizawa,N. Tomizawa
74878,N. Torner Sensano,N. Torner Sensano
107350,N. Ulrich,N. Ulrich
105194,N. Ung,N. Ung
65788,N. V. Leme Da Silva,N. V. Leme Da Silva
104476,N. Valdez,N. Valdez
106652,N. Vandepoele,N. Vandepoele
106025,N. Varela Herrera,N. Varela Herrera
15593,N. Vargova,N. Vargova
107269,N. Velaga,N. Velaga
7825,N. Verster,N. Verster
31727,N. Villalon,N. Villalon
52423,N. Villard,N. Villard
39930,N. Vukadin,N. Vukadin
39930,Noa Vukadin,N. Vukadin
1298,N. Waldner,N. Waldner
1298,Niklas Waldner,N. Waldner
104472,N. Walters,N. Walters
69530,N. Weng,N. Weng
83820,N. Xu,N. Xu
53278,N. Yoshimoto,N. Yoshimoto
53471,N. Zamora,N. Zamora
6,N. Zeballos,N. Zeballos
11692,M. N. Turker,Naci Turker Mert
11692,Naci Turker Mert,Naci Turker Mert
106650,Nad/ Sec,Nad/ Sec
1077,Nagal S.,Nagal S.
1077,S. Nagal,Nagal S.
1077,Sumit Nagal,Nagal S.
104217,Nagal/ Passaro,Nagal/ Passaro
27546,Nagata/ Sato,Nagata/ Sato
107127,Nagel/ Volpi,Nagel/ Volpi
104548,Nagoudi/ Paganetti,Nagoudi/ Paganetti
94882,Nagoudi/ Sakellaridis,Nagoudi/ Sakellaridis
75138,Nagy/ Sebestova,Nagy/ Sebestova
107137,Nagy/ Simion,Nagy/ Simion
66728,Nagy/ Steur,Nagy/ Steur
106989,Nahmias Melo Rodrigues/ Sigrist,Nahmias Melo Rodrigues/ Sigrist
105283,Nahum/ Quadre,Nahum/ Quadre
34253,Naito/ Sakatsume,Naito/ Sakatsume
88902,Nakagawa/ Tajima,Nakagawa/ Tajima
106123,Nakamura/ Tomida,Nakamura/ Tomida
1249,B. Nakashima,Nakashima B.
1249,Bryce Nakashima,Nakashima B.
1249,Nakashima B.,Nakashima B.
2838,B. Nakashima,Nakashima B.
2838,Brandon Nakashima,Nakashima B.
2838,Nakashima B.,Nakashima B.
106818,Naklo/ Wang,Naklo/ Wang
55044,Naklo/ Yang,Naklo/ Yang
66862,Nam Ji/ Niklas-Salminen,Nam Ji/ Niklas-Salminen
106457,Nam Ji/ Stalder,Nam Ji/ Stalder
82426,Nam Ji/ Yuzuki,Nam Ji/ Yuzuki
11401,Namibia,Namibia
19633,Namibia W,Namibia W
107502,Nand Vandepoele,Nand Vandepoele
4136,N. Nakagawa,Naoki Nakagawa
4136,Naoki Nakagawa,Naoki Nakagawa
2453,N. Tajima,Naoki Tajima
2453,Naoki Tajima,Naoki Tajima
39537,N. Honda,Naoya Honda
39537,Naoya Honda,Naoya Honda
3915,Napolitano S.,Napolitano S.
3915,S. Napolitano,Napolitano S.
3915,Stefano Napolitano,Napolitano S.
386,L. Nardi,Nardi L.
386,Luca Nardi,Nardi L.
386,Nardi L.,Nardi L.
105532,Narti/ Zanolini,Narti/ Zanolini
15771,N. Rodrigues,Natan Rodrigues
15771,Natan Rodrigues,Natan Rodrigues
84737,N. Cox,Nathan Cox
84737,Nathan Cox,Nathan Cox
7181,N. Ponwith,Nathan Ponwith
7181,Nathan Ponwith,Nathan Ponwith
63159,Nathan Trouve,Nathan Trouve
89733,Nathaniel Lammons,Nathaniel Lammons
100775,Natsuki Yamamoto,Natsuki Yamamoto
106155,Naughton/ O,Naughton/ O
83821,N. Dayal,Nav Dayal
83821,Nav Dayal,Nav Dayal
567,E. Nava,Nava E.
567,Emilio Nava,Nava E.
567,Nava E.,Nava E.
104478,Nava Elkin/ Trigosso,Nava Elkin/ Trigosso
107311,Navarro/ Paul,Navarro/ Paul
90782,Navarro/ Rodriguez,Navarro/ Rodriguez
107496,Navarro/ Romero,Navarro/ Romero
107487,Navarro/ Ursini,Navarro/ Ursini
949,M. Navone,Navone M.
949,Mariano Navone,Navone M.
949,Navone M.,Navone M.
107182,Navone/ Tabilo,Navone/ Tabilo
104517,Navone/ Vallejo,Navone/ Vallejo
106757,Navratilova/ Prikrylova,Navratilova/ Prikrylova
107355,Naw/ Rejchtman Vinciguerra,Naw/ Rejchtman Vinciguerra
105598,Nayar/ Selvaraj,Nayar/ Selvaraj
105490,Nazar/ Nemeth,Nazar/ Nemeth
8655,N. Makhlouf,Nazim Makhlouf
8655,Nazim Makhlouf,Nazim Makhlouf
105132,Ndungane/ Vosloo,Ndungane/ Vosloo
105234,Neagu/ Prunescu Nita,Neagu/ Prunescu Nita
105191,Nedunchezhiyan/ Sheehy,Nedunchezhiyan/ Sheehy
106051,Nedunchezhiyan/ Wang,Nedunchezhiyan/ Wang
103419,Neel/ Olmos,Neel/ Olmos
65731,Nefve/ Vance,Nefve/ Vance
106607,Nefve/ Zapp,Nefve/ Zapp
104400,Neilson-Gatenby/ Shaw,Neilson-Gatenby/ Shaw
104933,Neimanis/ Todoran,Neimanis/ Todoran
19404,Nemanja Malesevic,Nemanja Malesevic
104640,Nemeth/ Rejchtman Vinciguerra,Nemeth/ Rejchtman Vinciguerra
105769,Nemeth/ Stroebel,Nemeth/ Stroebel
1276,N. Niedner,Neo Niedner
1276,Neo Niedner,Neo Niedner
23146,Neos/ Pankin,Neos/ Pankin
105717,Neos/ Pawlak,Neos/ Pawlak
97146,Neos/ Tsitsipas,Neos/ Tsitsipas
103185,Nepliy/ Shinde,Nepliy/ Shinde
105264,Neporent/ Perapekhina,Neporent/ Perapekhina
1904,N. Fatic,Nerman Fatic
1904,Nerman Fatic,Nerman Fatic
107150,Neskovic/ Scheerle,Neskovic/ Scheerle
86138,Nesterov/ Ovcharenko,Nesterov/ Ovcharenko
106042,Neuchrist/ Poljak,Neuchrist/ Poljak
104561,Neuchrist/ Vrbensky,Neuchrist/ Vrbensky
2022,L. Neumayer,Neumayer L.
2022,Lukas Neumayer,Neumayer L.
2022,Neumayer L.,Neumayer L.
105700,Neumayer/ Schwaerzler,Neumayer/ Schwaerzler
106093,Ngounoue/ Smith,Ngounoue/ Smith
55002,Nguyen Tan/ Sakellaridi,Nguyen Tan/ Sakellaridi
106539,Nguyen Tan/ Shinde,Nguyen Tan/ Shinde
103696,Nguyen/ Nguyen,Nguyen/ Nguyen
106352,Nguyen/ Yoon,Nguyen/ Yoon
101171,Ngwenya/ Strydom,Ngwenya/ Strydom
100894,Ngwenya/ Van Aken,Ngwenya/ Van Aken
9880,Nicaise Muamba,Nicaise Muamba
25726,N. Baroni,Niccolo Baroni
25726,Niccolo Baroni,Niccolo Baroni
37970,N. Catini,Niccolo Catini
37970,Niccolo Catini,Niccolo Catini
10879,N. Ciavarella,Niccolo Ciavarella
10879,Niccolo Ciavarella,Niccolo Ciavarella
58841,Nicholas Gadecki Thomas,Nicholas Gadecki Thomas
58841,T. N. Gadecki,Nicholas Gadecki Thomas
9375,N. Godsick,Nicholas Godsick
9375,Nicholas Godsick,Nicholas Godsick
87435,Nicholas Steiglehner,Nicholas Steiglehner
52605,A. N. Tudorica,Nicholas Tudorica Alvin
52605,Nicholas Tudorica Alvin,Nicholas Tudorica Alvin
89689,N. Ion,Nicola Ion
89689,Nicola Ion,Nicola Ion
61070,N. Rispoli,Nicola Rispoli
61070,Nicola Rispoli,Nicola Rispoli
73577,N. Senn,Nicola Senn
73577,Nicola Senn,Nicola Senn
38011,D. N. Cazacu,Nicolae Cazacu Dragos
38011,Nicolae Cazacu Dragos,Nicolae Cazacu Dragos
1860,N. Madaras,Nicolae Madaras Dragos
1860,Nicolae Madaras Dragos,Nicolae Madaras Dragos
85340,N. Baena,Nicolas Baena
85340,Nicolas Baena,Nicolas Baena
9689,N. Bruna,Nicolas Bruna
9689,Nicolas Bruna,Nicolas Bruna
55063,N. Garcia Longo,Nicolas Garcia Longo
55063,Nicolas Garcia Longo,Nicolas Garcia Longo
38205,Nicolas Hollender,Nicolas Hollender
61403,N. Ifi,Nicolas Ifi
61403,Nicolas Ifi,Nicolas Ifi
52645,N. Jadoun,Nicolas Jadoun
52645,Nicolas Jadoun,Nicolas Jadoun
32548,N. Kobelt,Nicolas Kobelt
32548,Nicolas Kobelt,Nicolas Kobelt
38849,N. Oliveira,Nicolas Oliveira
38849,Nicolas Oliveira,Nicolas Oliveira
8917,N. Parizzia,Nicolas Parizzia
8917,Nicolas Parizzia,Nicolas Parizzia
82785,N. Robert,Nicolas Robert
82785,Nicolas Robert,Nicolas Robert
12632,N. Tepmahc,Nicolas Tepmahc
12632,Nicolas Tepmahc,Nicolas Tepmahc
39931,N. Villalon,Nicolas Villalon
39931,Nicolas Villalon,Nicolas Villalon
14273,N. Zanellato,Nicolas Zanellato
14273,Nicolas Zanellato,Nicolas Zanellato
70351,N. Toffanin,Nicolo Toffanin
70351,Nicolo Toffanin,Nicolo Toffanin
107396,Niederle/ Schmid,Niederle/ Schmid
7995,Niels Lootsma,Niels Lootsma
69814,N. Ratiu,Niels Ratiu
69814,Niels Ratiu,Niels Ratiu
14641,N. Visker,Niels Visker
14641,Niels Visker,Niels Visker
19641,Nigeria W,Nigeria W
106552,Nijkamp/ Rus,Nijkamp/ Rus
105833,Nijkamp/ Vogt,Nijkamp/ Vogt
51377,N. Mikovic,Nik Mikovic
51377,Nik Mikovic,Nik Mikovic
60123,N. Bidzinashvili,Nika Bidzinashvili
60123,Nika Bidzinashvili,Nika Bidzinashvili
104824,Nikcevic/ Vaja,Nikcevic/ Vaja
64775,Nikita Belozertsev,Nikita Belozertsev
58209,N. Filin,Nikita Filin
58209,Nikita Filin,Nikita Filin
23831,N. Ianin,Nikita Ianin
23831,Nikita Ianin,Nikita Ianin
14638,N. Mashtakov,Nikita Mashtakov
14638,Nikita Mashtakov,Nikita Mashtakov
13383,N. Volonski,Nikita Volonski
13383,Nikita Volonski,Nikita Volonski
6023,N. Guttau,Niklas Guttau
6023,Niklas Guttau,Niklas Guttau
89696,Niklas Niggemann,Niklas Niggemann
783,N. Schell,Niklas Schell
783,Niklas Schell,Niklas Schell
91473,Niklas-Salminen/ Vrbensky,Niklas-Salminen/ Vrbensky
428,J. Nikles,Nikles J.
428,Johan Nikles,Nikles J.
428,Nikles J.,Nikles J.
104689,Nikles/ Raynel,Nikles/ Raynel
51949,N. Djosic,Nikola Djosic
51949,Nikola Djosic,Nikola Djosic
68641,N. Djukic Valera,Nikola Djukic Valera
68641,Nikola Djukic Valera,Nikola Djukic Valera
56794,N. Jovic,Nikola Jovic
56794,Nikola Jovic,Nikola Jovic
71308,N. Barsukov,Nikolai Barsukov
71308,Nikolai Barsukov,Nikolai Barsukov
92862,D. N. Stoot,Nikolas Stoot Donald
92862,Nikolas Stoot Donald,Nikolas Stoot Donald
12829,Nikolay Vylegzhanin,Nikolay Vylegzhanin
59634,N. Arsic,Niksa Arsic
59634,Niksa Arsic,Niksa Arsic
105843,Nilsson/ Sucha,Nilsson/ Sucha
10101,N. Ehrenschneider,Nino Ehrenschneider
10101,Nino Ehrenschneider,Nino Ehrenschneider
2985,K. Nishikori,Nishikori K.
2985,Kei Nishikori,Nishikori K.
2985,Nishikori K.,Nishikori K.
104494,Nishimoto/ Ohwaki Yui,Nishimoto/ Ohwaki Yui
1972,Nishioka Y.,Nishioka Y.
1972,Yoshihito Nishioka,Nishioka Y.
105436,Nittmann/ Thies,Nittmann/ Thies
106643,Nitture/ Patil,Nitture/ Patil
62166,Nitture/ Sadiq,Nitture/ Sadiq
81132,Noah Brownrigg,Noah Brownrigg
68734,N. Johnston,Noah Johnston
68734,Noah Johnston,Noah Johnston
68927,N. Karma,Noah Karma
68927,Noah Karma,Noah Karma
982,N. Lopez,Noah Lopez
982,Noah Lopez,Noah Lopez
50291,N. Lopez Cherubino,Noah Lopez Cherubino
50291,Noah Lopez Cherubino,Noah Lopez Cherubino
92835,N. Martens,Noah Martens
92835,Noah Martens,Noah Martens
13591,N. Perfetti,Noah Perfetti
13591,Noah Perfetti,Noah Perfetti
39044,No. Regas Luis,Noah Regas Luis
39044,Noah Regas Luis,Noah Regas Luis
15166,N. Schachter,Noah Schachter
15166,Noah Schachter,Noah Schachter
38025,N. Schlagenhauf,Noah Schlagenhauf
38025,Noah Schlagenhauf,Noah Schlagenhauf
25804,N. Thurner,Noah Thurner
25804,Noah Thurner,Noah Thurner
53791,N. Zamora,Noah Zamora
53791,Noah Zamora,Noah Zamora
104293,Noce/ Zanada,Noce/ Zanada
13460,N. Larwig,Noel Larwig
13460,Noel Larwig,Noel Larwig
690,Noguchi R.,Noguchi R.
690,R. Noguchi,Noguchi R.
690,Rio Noguchi,Noguchi R.
85111,Noguchi/ Sawashiro,Noguchi/ Sawashiro
76335,Noguchi/ Shin,Noguchi/ Shin
90328,Noguchi/ Taguchi,Noguchi/ Taguchi
73498,Noguchi/ Watanabe,Noguchi/ Watanabe
80014,Noha Akugue/ Wagner,Noha Akugue/ Wagner
105602,Nong/ Wang,Nong/ Wang
38237,Noppadol Noikor,Noppadol Noikor
64837,Norbert Marosik,Norbert Marosik
59061,N. Koizumi,Noritaka Koizumi
59061,Noritaka Koizumi,Noritaka Koizumi
1103,C. Norrie,Norrie C.
1103,Cameron Norrie,Norrie C.
1103,Norrie C.,Norrie C.
77622,Northern Mariana Islands,Northern Mariana Islands
85647,Noskova/ Sramkova,Noskova/ Sramkova
65743,Nour Fathalla,Nour Fathalla
1753,Dennis Novak,Novak D.
1753,Novak D.,Novak D.
52644,N. Novakovic,Novak Novakovic
52644,Novak Novakovic,Novak Novakovic
51798,Novakovic/ Radovanovic,Novakovic/ Radovanovic
104299,Novakovic/ Stojovic,Novakovic/ Stojovic
104312,Novansky/ Poritskyi,Novansky/ Poritskyi
102705,N. Raguin,Ntungamili Raguin
102705,Ntungamili Raguin,Ntungamili Raguin
105365,Nugroho/ Panshina,Nugroho/ Panshina
24057,Nugroho/ Wang,Nugroho/ Wang
80441,Nugroho/ Yamazaki,Nugroho/ Yamazaki
106492,Nurlanuly/ Tazabekov,Nurlanuly/ Tazabekov
103552,Nyqvist/ Ryden,Nyqvist/ Ryden
104872,Nys/ Gleason,Nys/ Gleason
27070,Nys/ Roger-Vasselin,Nys/ Roger-Vasselin
421,C. O'Connell,O Connell C.
421,Christopher O'Connell,O Connell C.
421,O Connell C.,O Connell C.
104064,O. A. Martinez De Freitas,O. A. Martinez De Freitas
84685,O. Allegre,O. Allegre
492,O. Babel,O. Babel
32559,O. Baris,O. Baris
32559,Ozan Baris,O. Baris
33234,O. Bezzaz,O. Bezzaz
92130,O. Bienzobas Fernandez,O. Bienzobas Fernandez
107473,O. Blardone,O. Blardone
28596,O. Bonding,O. Bonding
28596,Oliver Bonding,O. Bonding
101388,O. C. Saharia,O. C. Saharia
40739,O. Center,O. Center
24515,O. Choi,O. Choi
64779,O. Danilova,O. Danilova
105754,O. DeMuth,O. DeMuth
523,O. Dodin,O. Dodin
92600,O. Geladaris,O. Geladaris
92600,Odysseas Geladaris,O. Geladaris
72916,O. Gniewkowska,O. Gniewkowska
104427,O. Houthuyse,O. Houthuyse
101057,O. Korpanec Davies,O. Korpanec Davies
19335,O. Lincer,O. Lincer
95164,O. Majdandzic,O. Majdandzic
2211,O. Moraing,O. Moraing
12876,O. Oliynykova,O. Oliynykova
104912,O. Page,O. Page
40751,O. Panasa,O. Panasa
88,O. Parres Azcoitia,O. Parres Azcoitia
478,O. Selekhmeteva,O. Selekhmeteva
167,O. Simion,O. Simion
13671,O. Symons,O. Symons
73124,O. Traynor,O. Traynor
96189,O. Wagner,O. Wagner
30328,O. Wallin,O. Wallin
19428,O. Markovski,Obrad Markovski
19428,Obrad Markovski,Obrad Markovski
107482,Obradovic/ Yemshanova,Obradovic/ Yemshanova
104326,Obrul/ Urankar,Obrul/ Urankar
106159,Ochi/ Zagars,Ochi/ Zagars
88892,Ockernahl/ Ockernahl,Ockernahl/ Ockernahl
105875,Odorizzi/ Senica,Odorizzi/ Senica
106285,Odorizzi/ Yardley,Odorizzi/ Yardley
22663,Oetzbach/ Schell,Oetzbach/ Schell
104420,Oetzbach/ Wessels,Oetzbach/ Wessels
105105,Oetzbach/ Zick,Oetzbach/ Zick
40159,O. Shimanov,Ofek Shimanov
40159,Ofek Shimanov,Ofek Shimanov
359,Ofner S.,Ofner S.
359,S. Ofner,Ofner S.
359,Sebastian Ofner,Ofner S.
75477,Ogescu/ Sava,Ogescu/ Sava
106822,Ogescu/ Varsa,Ogescu/ Varsa
52882,O. Milic,Ognjen Milic
52882,Ognjen Milic,Ognjen Milic
104932,Ogunsakin/ Raguin,Ogunsakin/ Raguin
78450,Ogura/ Saitoh,Ogura/ Saitoh
105763,Ogura/ Sumizawa,Ogura/ Sumizawa
65787,Ohwaki Yui,Ohwaki Yui
104396,Ojakaar/ Seeman,Ojakaar/ Seeman
102529,Okalova/ Scott,Okalova/ Scott
106637,Oki/ Pieleanu,Oki/ Pieleanu
87358,Oki/ Yamanaka,Oki/ Yamanaka
105908,Okonkwo/ Okonkwo,Okonkwo/ Okonkwo
100000,Okonkwo/ Suarez,Okonkwo/ Suarez
10838,O. Pieczkowski,Olaf Pieczkowski
10838,Olaf Pieczkowski,Olaf Pieczkowski
88813,O. Bredschneijder,Ole Bredschneijder
88813,Ole Bredschneijder,Ole Bredschneijder
8733,O. Prihodko,Oleg Prihodko
8733,Oleg Prihodko,Oleg Prihodko
815,O. Ovcharenko,Oleksandr Ovcharenko
815,Oleksandr Ovcharenko,Oleksandr Ovcharenko
1195,Oliel Y.,Oliel Y.
1195,Yshai Oliel,Oliel Y.
106068,Oliveira/ Pearson,Oliveira/ Pearson
95037,Oliveira/ Pucinelli de Almeida,Oliveira/ Pucinelli de Almeida
22068,Oliveira/ Rodrigues,Oliveira/ Rodrigues
67768,Oliver Anderson,Oliver Anderson
90128,Oliver Johansson,Oliver Johansson
105378,O. Majdandzic,Oliver Majdandzic
105378,Oliver Majdandzic,Oliver Majdandzic
52071,O. Ojakaar,Oliver Ojakaar
52071,Oliver Ojakaar,Oliver Ojakaar
40080,O. Okonkwo,Oliver Okonkwo
40080,Oliver Okonkwo,Oliver Okonkwo
101228,Oliver Sanchez/ Urso,Oliver Sanchez/ Urso
101044,O. Sanders,Oliver Sanders
101044,Oliver Sanders,Oliver Sanders
104891,Olivetti/ Zvonareva,Olivetti/ Zvonareva
2407,Alberto Olivieri Genaro,Olivieri G.
2407,G. A. Olivieri,Olivieri G.
2407,Olivieri G.,Olivieri G.
95535,Olivieri/ Sanchez Izquierdo,Olivieri/ Sanchez Izquierdo
89819,O. Sterniczuk,Oliwier Sterniczuk
89819,Oliwier Sterniczuk,Oliwier Sterniczuk
104526,Oliynykova/ Zarazua,Oliynykova/ Zarazua
38131,O. Wallin,Olle Wallin
38131,Olle Wallin,Olle Wallin
103809,Olmos/ Routliffe,Olmos/ Routliffe
75886,O. Ogunsakin,Oluwaseun Ogunsakin
75886,Oluwaseun Ogunsakin,Oluwaseun Ogunsakin
103447,O. Kandil,Omar Kandil
103447,Omar Kandil,Omar Kandil
63488,A. Omarkhanov,Omarkhanov A.
63488,Amir Omarkhanov,Omarkhanov A.
63488,Omarkhanov A.,Omarkhanov A.
106769,Omarkhanov/ Rakhmatullayev,Omarkhanov/ Rakhmatullayev
818,G. Onclin,Onclin G.
818,Gauthier Onclin,Onclin G.
818,Onclin G.,Onclin G.
107632,Ontiveros/ Penzkofer,Ontiveros/ Penzkofer
107586,Oparnica/ Warik,Oparnica/ Warik
422,Opelka R.,Opelka R.
422,Reilly Opelka,Opelka R.
37818,Opitz/ Strombachs,Opitz/ Strombachs
106442,Opitz/ Van Sambeek,Opitz/ Van Sambeek
103366,Opitz/ Wessels,Opitz/ Wessels
107067,Oprescu/ Rossinol,Oprescu/ Rossinol
51417,Opris/ Opris,Opris/ Opris
104468,Oradini/ Perego,Oradini/ Perego
91898,Oradini/ Schiavone,Oradini/ Schiavone
629,O. Kimhi,Orel Kimhi
629,Orel Kimhi,Orel Kimhi
38075,O. Vasser,Oren Vasser
38075,Oren Vasser,Oren Vasser
65792,O. Font,Oriol Font
65792,Oriol Font,Oriol Font
8649,Orlando Fellin Pietro,Orlando Fellin Pietro
8649,P. O. Fellin,Orlando Fellin Pietro
107478,Orlov/ Pereira,Orlov/ Pereira
105456,Orlov/ Staeheli,Orlov/ Staeheli
104693,Orlov/ Szymkowiak,Orlov/ Szymkowiak
79609,Orlov/ Zarski,Orlov/ Zarski
6511,Orly Iradukunda Guy,Orly Iradukunda Guy
104592,Ormaechea/ Stevens,Ormaechea/ Stevens
105784,Ormaechea/ Szabo,Ormaechea/ Szabo
74898,Ortega Redondo/ Sawant,Ortega Redondo/ Sawant
107619,Ortega Redondo/ Sharabura,Ortega Redondo/ Sharabura
104731,Ortega Redondo/ Thompson,Ortega Redondo/ Thompson
104223,Ortega Redondo/ Turini,Ortega Redondo/ Turini
106693,Ortiz Gamonal/ Villalon,Ortiz Gamonal/ Villalon
100852,Osborne/ Wong Hong Yi,Osborne/ Wong Hong Yi
94111,O. Brown,Oscar Brown
94111,Oscar Brown,Oscar Brown
49887,Oscar Lacides,Oscar Lacides
89202,J. O. Lien,Oscar Lien Johan
89202,Oscar Lien Johan,Oscar Lien Johan
52674,Oscar Pinto Sansano,Oscar Pinto Sansano
770,O. Weightman,Oscar Weightman
770,Oscar Weightman,Oscar Weightman
53731,O. Grzegorzewski,Oskar Grzegorzewski
53731,Oskar Grzegorzewski,Oskar Grzegorzewski
51438,O. Jansson,Oskar Jansson
51438,Oskar Jansson,Oskar Jansson
40129,O. Poulsen Brostrom,Oskar Poulsen Brostrom
40129,Oskar Poulsen Brostrom,Oskar Poulsen Brostrom
86805,Oskari Eerola,Oskari Eerola
61173,O. Paldanius,Oskari Paldanius
61173,Oskari Paldanius,Oskari Paldanius
93695,Osorio/ Price,Osorio/ Price
104531,Osorio/ Sierra,Osorio/ Sierra
104331,Ostapenkov/ Pereira,Ostapenkov/ Pereira
106756,Ostravska/ Kucerova,Ostravska/ Kucerova
19515,Osuigwe/ Osuigwe,Osuigwe/ Osuigwe
106298,Osuigwe/ Rapolu,Osuigwe/ Rapolu
105580,Osuigwe/ Shumate,Osuigwe/ Shumate
63831,Osuigwe/ Smith,Osuigwe/ Smith
106086,Osuigwe/ Stefanini,Osuigwe/ Stefanini
1100,Oscar Otte,Otte O.
1100,Otte O.,Otte O.
104765,Otway/ Pascual Montalvo,Otway/ Pascual Montalvo
105945,Otway/ Yoshimoto,Otway/ Yoshimoto
105508,Otzipka/ Sucha,Otzipka/ Sucha
96120,Otzipka/ Vlckova,Otzipka/ Vlckova
106767,Ouakaa/ Ozdemir,Ouakaa/ Ozdemir
77834,Ouakaa/ Pokorny,Ouakaa/ Pokorny
104383,Ouyang/ Zigliara,Ouyang/ Zigliara
83387,Ovcharenko/ Perin,Ovcharenko/ Perin
105647,Ovcharenko/ Petre,Ovcharenko/ Petre
105932,Ovcharenko/ Rhoden,Ovcharenko/ Rhoden
87035,Ovchinnikov/ Yi Qing Jiang,Ovchinnikov/ Yi Qing Jiang
87264,Overbeck/ Poulsen Brostrom,Overbeck/ Poulsen Brostrom
103937,Overbeck/ Wright,Overbeck/ Wright
40790,Overmyer/ Strode,Overmyer/ Strode
107129,Overmyer/ Werner,Overmyer/ Werner
107352,Overmyer/ Zaytsev,Overmyer/ Zaytsev
77789,Ozdemir/ Turker,Ozdemir/ Turker
104342,Ozerova/ Vismane,Ozerova/ Vismane
105370,Ozturk/ Yildirim,Ozturk/ Yildirim
106373,P. A. Dalla,P. A. Dalla
82408,P. Albuquerque Dietrich,P. Albuquerque Dietrich
82408,Pedro Albuquerque Dietrich,P. Albuquerque Dietrich
2178,P. Badosa,P. Badosa
14515,P. Bar Biryukov,P. Bar Biryukov
14515,Petr Bar Biryukov,P. Bar Biryukov
40063,P. Bartha,P. Bartha
85025,P. Bayo,P. Bayo
75362,P. Berezina,P. Berezina
2003,P. Boscardin Dias,P. Boscardin Dias
2003,Pedro Boscardin Dias,P. Boscardin Dias
104811,P. Bosse,P. Bosse
38981,P. Cembranos,P. Cembranos
58202,P. Charney,P. Charney
5426,P. Cheapchandej,P. Cheapchandej
80073,P. Christoforakis,P. Christoforakis
58613,P. Dore,P. Dore
15718,P. Drame,P. Drame
58114,P. G. Goina,P. G. Goina
2819,P. Hercog,P. Hercog
467,P. Hon,P. Hon
9264,P. Iatcenko,P. Iatcenko
26615,P. Inchauspe,P. Inchauspe
71279,P. Isakova,P. Isakova
106712,P. Jourdren,P. Jourdren
66855,P. Juszczak,P. Juszczak
60798,P. Kaibekova,P. Kaibekova
50681,P. Konjikusic,P. Konjikusic
9259,P. Kudermetova,P. Kudermetova
40793,P. Kuharenko,P. Kuharenko
5264,P. Leykina,P. Leykina
60664,P. Lopez,P. Lopez
11488,P. Lovric,P. Lovric
9261,P. M. Nugroho,P. M. Nugroho
1143,P. Marcinko,P. Marcinko
1338,P. Martin Tiffon,P. Martin Tiffon
1338,Pol Martin Tiffon,P. Martin Tiffon
39001,P. Michocki,P. Michocki
88946,P. Moise,P. Moise
74126,P. Montiel,P. Montiel
1118,P. Ormaechea,P. Ormaechea
23289,P. Ortega Redondo,P. Ortega Redondo
77296,P. Petrov,P. Petrov
84295,P. Photiadis,P. Photiadis
78146,P. Pinera Celorio,P. Pinera Celorio
3409,P. Plipuech,P. Plipuech
104798,P. Pouatcha,P. Pouatcha
83915,P. Pradat,P. Pradat
23741,P. Rachapudi,P. Rachapudi
51930,P. Rivoli,P. Rivoli
72520,P. Roche Alcaya,P. Roche Alcaya
67510,P. Rodrigues Longobardi,P. Rodrigues Longobardi
107215,P. Schmid,P. Schmid
9069,P. Sedlackova,P. Sedlackova
86096,P. Skliar,P. Skliar
92496,P. Starkova,P. Starkova
2827,P. Stearns,P. Stearns
56383,P. Sviglerova,P. Sviglerova
106711,P. Svoboda,P. Svoboda
33222,P. Sychev,P. Sychev
1141,P. Udvardy,P. Udvardy
9376,P. Weir,P. Weir
106644,P. Zavacky,P. Zavacky
96078,Paardekooper/ Van Sambeek,Paardekooper/ Van Sambeek
105090,Pabisiak/ Stanczyk,Pabisiak/ Stanczyk
59643,P. Aunion,Pablo Aunion
59643,Pablo Aunion,Pablo Aunion
37042,Pablo Manzano Lapuerta,Pablo Manzano Lapuerta
49886,P. Martinez Gomez,Pablo Martinez Gomez
49886,Pablo Martinez Gomez,Pablo Martinez Gomez
1325,Pablo Paz Juan,Pablo Paz Juan
69326,P. Perez Navarro,Pablo Perez Navarro
69326,Pablo Perez Navarro,Pablo Perez Navarro
103442,P. Perez Ramos,Pablo Perez Ramos
103442,Pablo Perez Ramos,Pablo Perez Ramos
38049,P. Trochu,Pablo Trochu
38049,Pablo Trochu,Pablo Trochu
79591,Pace/ Tsygourova,Pace/ Tsygourova
106290,Pace/ Yamazaki,Pace/ Yamazaki
104998,Pace/ Yesypchuk,Pace/ Yesypchuk
8762,Pacheco Mendez R.,Pacheco Mendez R.
8762,R. Pacheco Mendez,Pacheco Mendez R.
8762,Rodrigo Pacheco Mendez,Pacheco Mendez R.
30749,Pacific Oceania W,Pacific Oceania W
105943,Padgham/ Shearer,Padgham/ Shearer
105396,Padgham/ Volonski,Padgham/ Volonski
104582,Paganetti/ Pedone,Paganetti/ Pedone
104240,Paganetti/ Perez Alarcon,Paganetti/ Perez Alarcon
105325,Palan/ Santillan,Palan/ Santillan
79013,Paldanius/ Wazny,Paldanius/ Wazny
106785,Paldanius/ Yilmaz,Paldanius/ Yilmaz
106531,Palm/ Vanni,Palm/ Vanni
106264,Palm/ Virtanen,Palm/ Virtanen
104979,Pampanin/ Pedretti,Pampanin/ Pedretti
80934,Pan/ Sun,Pan/ Sun
53815,Pan/ Wang,Pan/ Wang
107321,Pan/ Xiao,Pan/ Xiao
29833,Panama W,Panama W
107241,Pankin/ Tsapenko,Pankin/ Tsapenko
101099,Panshina/ Zolotareva,Panshina/ Zolotareva
103016,Pantaratorn/ Paparkar,Pantaratorn/ Paparkar
81218,Panwar/ Patil,Panwar/ Patil
106582,Papa/ Schroerlucke,Papa/ Schroerlucke
105720,Papa/ Zheng,Papa/ Zheng
105398,Papac/ Stevens,Papac/ Stevens
9232,Papamalamis T.,Papamalamis T.
9232,T. Papamalamis,Papamalamis T.
9232,Theo Papamalamis,Papamalamis T.
106742,Papavasiliu/ Smolik,Papavasiliu/ Smolik
56075,Pape/ Theilgaard,Pape/ Theilgaard
7664,Paraguay W,Paraguay W
104724,Parcelli/ Vogt,Parcelli/ Vogt
105053,Paredes Perez/ Ros Parres,Paredes Perez/ Ros Parres
106189,Parenti/ Rispoli,Parenti/ Rispoli
20013,Parenti/ Taddia,Parenti/ Taddia
83778,Parentini/ Serban,Parentini/ Serban
105382,Paris Pouatcha,Paris Pouatcha
105693,Paris/ Pieczonka,Paris/ Pieczonka
85989,Paris/ Silva,Paris/ Silva
105305,Paris/ Vallejo,Paris/ Vallejo
104324,Parizzia/ Ratti,Parizzia/ Ratti
104987,Parizzia/ Romano,Parizzia/ Romano
74281,Park/ Sinha,Park/ Sinha
104386,Park/ Tamhankar,Park/ Tamhankar
52285,Parres Azcoitia/ Solar Donoso,Parres Azcoitia/ Solar Donoso
1284,P. Aggarwal,Parth Aggarwal
1284,Parth Aggarwal,Parth Aggarwal
101933,Pascual Montalvo/ Sharabura,Pascual Montalvo/ Sharabura
105608,Paskauskas/ Sartz-Lunde,Paskauskas/ Sartz-Lunde
8442,F. Passaro,Passaro F.
8442,Francesco Passaro,Passaro F.
8442,Passaro F.,Passaro F.
94103,Pastoric/ Trasca,Pastoric/ Trasca
107390,Patel/ Zavaczki,Patel/ Zavaczki
105289,Paterson/ Savkin,Paterson/ Savkin
107343,Patil/ Trujillo Garnica,Patil/ Trujillo Garnica
37929,P. Alvarado,Patricio Alvarado
37929,Patricio Alvarado,Patricio Alvarado
77490,Patricio Betancourt,Patricio Betancourt
9371,P. Brady,Patrick Brady
9371,Patrick Brady,Patrick Brady
73580,P. Jozwicki,Patrick Jozwicki
73580,Patrick Jozwicki,Patrick Jozwicki
37922,P. Maloney,Patrick Maloney
37922,Patrick Maloney,Patrick Maloney
38167,P. Schoen,Patrick Schoen
38167,Patrick Schoen,Patrick Schoen
60457,P. Homola,Patrik Homola
60457,Patrik Homola,Patrik Homola
58191,Patrik Meszaros,Patrik Meszaros
67674,P. Munkhammar,Patrik Munkhammar
67674,Patrik Munkhammar,Patrik Munkhammar
761,P. Niklas-Salminen,Patrik Niklas-Salminen
761,Patrik Niklas-Salminen,Patrik Niklas-Salminen
87998,Patrik Trhac,Patrik Trhac
70727,Patten/ Nicholls,Patten/ Nicholls
26613,P. Barbier Gazeu,Paul Barbier Gazeu
26613,Paul Barbier Gazeu,Paul Barbier Gazeu
1894,Paul T.,Paul T.
1894,T. Paul,Paul T.
1894,Tommy Paul,Paul T.
103379,Paul/ Seggerman,Paul/ Seggerman
49546,Paul/ Shelton,Paul/ Shelton
68463,Paul/ Vocel,Paul/ Vocel
22363,Paulson/ Poljak,Paulson/ Poljak
104982,Paulson/ Vliegen,Paulson/ Vliegen
105949,Paun/ Rodriguez,Paun/ Rodriguez
106223,Paun/ Teixido Garcia,Paun/ Teixido Garcia
80068,P. Lagutin,Pavel Lagutin
80068,Pavel Lagutin,Pavel Lagutin
104653,Pavia/ Teglas,Pavia/ Teglas
104873,Pavic/ Stollar,Pavic/ Stollar
100106,Pavlasek/ Rikl,Pavlasek/ Rikl
38851,P. Marinkov,Pavle Marinkov
38851,Pavle Marinkov,Pavle Marinkov
82278,Pavlova/ Shinikova,Pavlova/ Shinikova
2103,L. Pavlovic,Pavlovic L.
2103,Luka Pavlovic,Pavlovic L.
2103,Pavlovic L.,Pavlovic L.
22093,Pavlovic/ Valsecchi,Pavlovic/ Valsecchi
1190,Pawel Juszczak,Pawel Juszczak
105108,Pawirodirjo/ Schrier,Pawirodirjo/ Schrier
38249,P. Sornlaksup,Pawit Sornlaksup
38249,Pawit Sornlaksup,Pawit Sornlaksup
35405,Pawlak/ Ribero,Pawlak/ Ribero
86308,Payne/ Shumate,Payne/ Shumate
106840,Pazos-Delaguila/ Ryan,Pazos-Delaguila/ Ryan
103082,Pearson/ Puttergill,Pearson/ Puttergill
82162,Pearson/ Trotter,Pearson/ Trotter
76255,Peck/ Vega,Peck/ Vega
106930,Peck/ Zapp,Peck/ Zapp
106734,Peconka/ Fedor,Peconka/ Fedor
105558,Pedone/ Sanchez,Pedone/ Sanchez
67536,Pedrico Kravtsov/ Radulov,Pedrico Kravtsov/ Radulov
8974,Pedro Araujo,Pedro Araujo
83934,Pedro Didoni Bonini Joao,Pedro Didoni Bonini Joao
17462,P. Rodenas,Pedro Rodenas
17462,Pedro Rodenas,Pedro Rodenas
101797,Pedro Rodrigues,Pedro Rodrigues
4741,P. Sakamoto,Pedro Sakamoto
4741,Pedro Sakamoto,Pedro Sakamoto
4051,P. Vives Marcos,Pedro Vives Marcos
4051,Pedro Vives Marcos,Pedro Vives Marcos
104890,Peers/ Swan,Peers/ Swan
107060,Peet/ Sarganella,Peet/ Sarganella
37920,P. Pohjola,Peetu Pohjola
37920,Peetu Pohjola,Peetu Pohjola
37467,Pegula/ Fritz,Pegula/ Fritz
104444,Peiro Serrano/ Segado Esteve,Peiro Serrano/ Segado Esteve
104883,Pel/ Kichenok,Pel/ Kichenok
105249,Peliwo/ Vujic,Peliwo/ Vujic
107320,Peliwo/ Wang,Peliwo/ Wang
38133,Pelle Hartenstein Jonas,Pelle Hartenstein Jonas
2001,A. Pellegrino,Pellegrino A.
2001,Andrea Pellegrino,Pellegrino A.
2001,Pellegrino A.,Pellegrino A.
36557,Pellegrino/ Vavassori,Pellegrino/ Vavassori
55489,Pengyu Lu,Pengyu Lu
58303,Penickova/ Penickova,Penickova/ Penickova
104567,Penickova/ Reguer,Penickova/ Reguer
1072,Peniston R.,Peniston R.
1072,R. Peniston,Peniston R.
1072,Ryan Peniston,Peniston R.
88928,Penn Charusorn,Penn Charusorn
106658,Pennaforti/ Rottoli,Pennaforti/ Rottoli
107070,Pennaforti/ Toffanin,Pennaforti/ Toffanin
56577,P. Bastiaansen,Pepijn Bastiaansen
56577,Pepijn Bastiaansen,Pepijn Bastiaansen
106554,Peranovic/ Zivkovic,Peranovic/ Zivkovic
100896,Perego/ Piatti,Perego/ Piatti
106413,Pereira /  Vesantera,Pereira /  Vesantera
4077,Pereira T.,Pereira T.
4077,T. Pereira,Pereira T.
4077,Tiago Pereira,Pereira T.
106412,Pereira/  Pereira,Pereira/  Pereira
55526,Pereira/ Sakamoto,Pereira/ Sakamoto
86280,Pereira/ Saraiva Dos Santos,Pereira/ Saraiva Dos Santos
106344,Pereira/ Urrutia,Pereira/ Urrutia
77699,Pereira/ Vega Hernandez,Pereira/ Vega Hernandez
107483,Perelygina/ Yuneva,Perelygina/ Yuneva
106567,Perez Alarcon/ Sanchez,Perez Alarcon/ Sanchez
104153,Perez Alarcon/ Tona,Perez Alarcon/ Tona
107572,Perez Contri/ Bravo,Perez Contri/ Bravo
89711,Perez Naranjo/ Perez Naranjo,Perez Naranjo/ Perez Naranjo
103550,Perez Ramos/ Wright,Perez Ramos/ Wright
104225,Perez Socas/ Suresh,Perez Socas/ Suresh
106771,Perez/ Ribeiro,Perez/ Ribeiro
94824,Perez/ Schuurs,Perez/ Schuurs
105358,Perez/ Vandecasteele,Perez/ Vandecasteele
39949,Perfetti/ Rottoli,Perfetti/ Rottoli
76685,Perin/ Potenza,Perin/ Potenza
106795,Perutka/ Luxa,Perutka/ Luxa
37949,P. Jovanovic,Petar Jovanovic
37949,Petar Jovanovic,Petar Jovanovic
55860,P. Alam,Peter Alam
55860,Peter Alam,Peter Alam
720,P. Bertran,Peter Bertran
720,Peter Bertran,Peter Bertran
10866,P. Buldorini,Peter Buldorini
10866,Peter Buldorini,Peter Buldorini
923,P. Fajta,Peter Fajta
923,Peter Fajta,Peter Fajta
15664,P. Makk,Peter Makk
15664,Peter Makk,Peter Makk
58180,P. Sallay,Peter Sallay
58180,Peter Sallay,Peter Sallay
79893,N. P. Van Noord,Peter Van Noord Niels
79893,Peter Van Noord Niels,Peter Van Noord Niels
38921,P. Brunclik,Petr Brunclik
38921,Petr Brunclik,Petr Brunclik
17611,P. Iamachkine,Petr Iamachkine
17611,Petr Iamachkine,Petr Iamachkine
7495,P. Michnev,Petr Michnev
7495,Petr Michnev,Petr Michnev
9220,P. Nesterov,Petr Nesterov
9220,Petr Nesterov,Petr Nesterov
93179,Petretic/ Stevic,Petretic/ Stevic
105853,Petroiu/ Varbanciu,Petroiu/ Varbanciu
89464,Petrov/ Rodenas,Petrov/ Rodenas
107318,D. Petrovic,Petrovic D.
107318,Petrovic D.,Petrovic D.
37909,D. Petrovic,Petrovic D.
37909,Drazen Petrovic,Petrovic D.
37909,Petrovic D.,Petrovic D.
821,D. Petrovic,Petrovic D.
821,David Petrovic,Petrovic D.
821,Petrovic D.,Petrovic D.
107095,Petrovic/ Slavic,Petrovic/ Slavic
106378,Petruzelova/ Zelnickova,Petruzelova/ Zelnickova
105765,Pham/ Volonski,Pham/ Volonski
104712,Phanthala/ Tahiri,Phanthala/ Tahiri
79620,Phanthala/ Villet,Phanthala/ Villet
23664,P. Henning,Philip Henning
23664,Philip Henning,Philip Henning
71901,Philippe Renard,Philippe Renard
14514,Philippines,Philippines
77722,Philippines W,Philippines W
38263,Phillip Jordan,Phillip Jordan
106780,Photiadis/ Stephens,Photiadis/ Stephens
101810,Photos Photiades,Photos Photiades
107111,Piatti/ Vujic,Piatti/ Vujic
91202,Pieczonka/ Vrbensky,Pieczonka/ Vrbensky
81035,Pieri/ Prisacariu,Pieri/ Prisacariu
80473,Pieri/ Raggi,Pieri/ Raggi
106322,Pieri/ Shapatava,Pieri/ Shapatava
105877,Pieri/ Tsygourova,Pieri/ Tsygourova
69812,P. Basile,Pierluigi Basile
69812,Pierluigi Basile,Pierluigi Basile
85877,Piernot/ Prod'homme,Piernot/ Prod'homme
778,P. Delage,Pierre Delage
778,Pierre Delage,Pierre Delage
94522,Pierre Ngijol Carre,Pierre Ngijol Carre
76952,Pierre-Jo Kamendje Stephane,Pierre-Jo Kamendje Stephane
76952,S. P. Kamendje,Pierre-Jo Kamendje Stephane
71108,P. De Lange,Pieter De Lange
71108,Pieter De Lange,Pieter De Lange
82384,Pietri/ Scaglia,Pietri/ Scaglia
93942,Pietro Gava,Pietro Gava
13087,P. Marino,Pietro Marino
13087,Pietro Marino,Pietro Marino
1294,P. Pampanin,Pietro Pampanin
1294,Pietro Pampanin,Pietro Pampanin
68136,Pietro Ricci,Pietro Ricci
104275,Pignaton/ Majdandzic,Pignaton/ Majdandzic
104636,Pignaton/ Marshall,Pignaton/ Marshall
104910,Pigossi/ Waltert,Pigossi/ Waltert
19216,P. Vaitiekunas,Pijus Vaitiekunas
19216,Pijus Vaitiekunas,Pijus Vaitiekunas
72946,Pinho/ Silva,Pinho/ Silva
1858,J. Pinnington Jones,Pinnington Jones J.
1858,Jack Pinnington Jones,Pinnington Jones J.
1858,Pinnington Jones J.,Pinnington Jones J.
19073,Jones/ Jones,Pinnington Jones J.
19073,Pinnington Jones J.,Pinnington Jones J.
106166,Pinter/ Vasa,Pinter/ Vasa
66083,Pio Osti Fabrizio Karol,Pio Osti Fabrizio Karol
15173,P. Galus,Piotr Galus
15173,Piotr Galus,Piotr Galus
104958,Pircher/ Yoshida,Pircher/ Yoshida
106749,Pirkova/ Vokrojova,Pirkova/ Vokrojova
105816,Pirohova/ Vaja,Pirohova/ Vaja
367,Piros Z.,Piros Z.
367,Z. Piros,Piros Z.
367,Zsombor Piros,Piros Z.
59262,Pisaric/ Radjenovic,Pisaric/ Radjenovic
104948,Pistola/ Popa,Pistola/ Popa
103418,Piter/ Siskova,Piter/ Siskova
91749,Piter/ Tjen,Piter/ Tjen
105739,Pitts-Clark/ Tchamani,Pitts-Clark/ Tchamani
106418,Plans/ Rybkin,Plans/ Rybkin
105082,Plans/ Vives Marcos,Plans/ Vives Marcos
107479,Plenkiewicz/ Rytelewski,Plenkiewicz/ Rytelewski
105100,Pleshivtsev/ Snoussi,Pleshivtsev/ Snoussi
44375,Plipuech/ Thombare,Plipuech/ Thombare
75104,Plipuech/ Zheng,Plipuech/ Zheng
84977,Plunger/ Taddia,Plunger/ Taddia
105241,Pochtovyk/ Popescu,Pochtovyk/ Popescu
104830,Podhajecka/ Van Poppel,Podhajecka/ Van Poppel
105704,Podoroska/ Uchijima,Podoroska/ Uchijima
106326,Pohle/ Sucha,Pohle/ Sucha
71893,Pohle/ Vasilescu,Pohle/ Vasilescu
104725,Pohle/ Zhenikhova,Pohle/ Zhenikhova
105429,Poklemba/ Rovai,Poklemba/ Rovai
106069,Poling/ Puttergill,Poling/ Puttergill
106927,Poling/ Roberts,Poling/ Roberts
105894,Poling/ Sohns,Poling/ Sohns
105345,Poling/ Trotter,Poling/ Trotter
34035,Poljak/ Sachko,Poljak/ Sachko
943,M. Poljicak,Poljicak M.
943,Mili Poljicak,Poljicak M.
943,Poljicak M.,Poljicak M.
107282,Poljicak/ Topo,Poljicak/ Topo
105308,Miedler/ Polmans,Polmans M.
105308,Polmans M.,Polmans M.
2735,M. Polmans,Polmans M.
2735,Marc Polmans,Polmans M.
2735,Polmans M.,Polmans M.
104877,Polmans/ Hunter,Polmans/ Hunter
97008,Polmans/ Seggerman,Polmans/ Seggerman
105719,Ponchet/ Poulsen Brostrom,Ponchet/ Poulsen Brostrom
104951,Pop/ Tu,Pop/ Tu
105646,Popa/ Prunescu Nita,Popa/ Prunescu Nita
107157,Popa/ Simionescu,Popa/ Simionescu
87390,Popescu/ Sagmar,Popescu/ Sagmar
104355,Popescu/ Shan,Popescu/ Shan
1758,D. Popko,Popko D.
1758,Dmitry Popko,Popko D.
1758,Popko D.,Popko D.
103881,Popoaca/ Popoaca,Popoaca/ Popoaca
106271,Popovic/ Rutlauka,Popovic/ Rutlauka
106931,Popovic/ Soares,Popovic/ Soares
1926,A. Popyrin,Popyrin A.
1926,Alexei Popyrin,Popyrin A.
1926,Popyrin A.,Popyrin A.
105528,Poritskyi/ Sakellaridis,Poritskyi/ Sakellaridis
106873,Poritskyi/ Zakaria,Poritskyi/ Zakaria
106219,Portier/ Rijpert,Portier/ Rijpert
107103,Portier/ Schoemacher,Portier/ Schoemacher
100294,Potapova/ Tagger,Potapova/ Tagger
94768,Pow/ Rottgering,Pow/ Rottgering
107061,Pozarenko/ Shubina,Pozarenko/ Shubina
21704,Carlos Prado Angelo Juan,Prado Angelo J.C.
21704,J. C. Prado Angelo,Prado Angelo J.C.
21704,Prado Angelo J.C.,Prado Angelo J.C.
26499,J. C. Prado Angelo,Prado Angelo J.C.
26499,Prado Angelo J.C.,Prado Angelo J.C.
82419,Prado Angelo/ Zeballos,Prado Angelo/ Zeballos
11781,P. Dev S D,Prajwal Dev S D
11781,Prajwal Dev S D,Prajwal Dev S D
75800,P. Karthik,Pranav Karthik
75800,Pranav Karthik,Pranav Karthik
38138,Pranav Kumar,Pranav Kumar
63910,Pranav Senthil Kumar Rethin,Pranav Senthil Kumar Rethin
63910,R. P. Senthil Kumar,Pranav Senthil Kumar Rethin
10064,Prashanth/ Ramanathan,Prashanth/ Ramanathan
104654,Prasievi/ Ushakov,Prasievi/ Ushakov
1232,P. Brown,Preston Brown
1232,Preston Brown,Preston Brown
9646,P. Stearns,Preston Stearns
9646,Preston Stearns,Preston Stearns
100821,Pridankina/ Tang,Pridankina/ Tang
70601,Pridankina/ Yashina,Pridankina/ Yashina
107412,Prihodko/ Suresh,Prihodko/ Suresh
105167,Primucci/ Vulpitta,Primucci/ Vulpitta
24961,Prisacariu/ Shinikova,Prisacariu/ Shinikova
10869,D. Prizmic,Prizmic D.
10869,Dino Prizmic,Prizmic D.
10869,Prizmic D.,Prizmic D.
107416,Proietti/ Russo,Proietti/ Russo
71837,Prozorova/ Shubladze,Prozorova/ Shubladze
106584,Prozorova/ Shymanovich,Prozorova/ Shymanovich
1743,M. Pucinelli de Almeida,Pucinelli de Almeida M.
1743,Matheus Pucinelli de Almeida,Pucinelli de Almeida M.
1743,Pucinelli de Almeida M.,Pucinelli de Almeida M.
10688,Pucinelli de Almeida/ Sakamoto,Pucinelli de Almeida/ Sakamoto
29834,Puerto Rico W,Puerto Rico W
106265,Puiac/ Roots,Puiac/ Roots
92576,Pujol Navarro/ Vega Hernandez,Pujol Navarro/ Vega Hernandez
105842,Pulchartova/ Samardzic,Pulchartova/ Samardzic
101583,Pulchartova/ Veleva,Pulchartova/ Veleva
1749,M. Purcell,Purcell M.
1749,Max Purcell,Purcell M.
1749,Purcell M.,Purcell M.
104329,Purcell/ Zhao,Purcell/ Zhao
104974,Purtseladze/ Schell,Purtseladze/ Schell
25837,Puttergill/ Rai,Puttergill/ Rai
106456,Puttergill/ Sheehy,Puttergill/ Sheehy
9997,Puttergill/ Sweeny,Puttergill/ Sweeny
106125,Pyndt/  Sorensen,Pyndt/  Sorensen
9104,Q. Tang,Q. Tang
5778,Q. Vandecasteele,Q. Vandecasteele
5778,Quinn Vandecasteele,Q. Vandecasteele
1813,Q. Zheng,Q. Zheng
11461,Qatar,Qatar
60967,Qing Xu Kuang,Qing Xu Kuang
3323,Qiulin Wang,Qiulin Wang
91535,Qu/ Shao,Qu/ Shao
9225,E. Quinn,Quinn E.
9225,Ethan Quinn,Quinn E.
9225,Quinn E.,Quinn E.
104749,Quintela/ Silva,Quintela/ Silva
106633,Qureshi/ Senthil Kumar,Qureshi/ Senthil Kumar
57425,R. A. Golescu,R. A. Golescu
105065,R. Azais,R. Azais
107607,R. Behr,R. Behr
21805,R. Biagiotti,R. Biagiotti
1430,R. Brantmeier,R. Brantmeier
104737,R. Bredenkamp,R. Bredenkamp
40561,R. Caballero Chica,R. Caballero Chica
2119,R. Ccuno,R. Ccuno
84355,R. Cooling,R. Cooling
73844,R. Cozad,R. Cozad
35038,R. Crowder,R. Crowder
106022,R. Da Costa,R. Da Costa
107600,R. Dakhane,R. Dakhane
70041,R. De Klerk,R. De Klerk
40086,R. De Koning,R. De Koning
87284,R. Deegan,R. Deegan
34106,R. Dencheva,R. Dencheva
54821,R. Di Vita,R. Di Vita
104471,R. El Aouni,R. El Aouni
1351,R. Gailis,R. Gailis
106613,R. Gao,R. Gao
76609,R. Gasanov,R. Gasanov
7911,R. Gilheany,R. Gilheany
13821,R. Gonzalez Vilar,R. Gonzalez Vilar
50792,R. Goto,R. Goto
38996,R. Hermassi,R. Hermassi
106729,R. Karsnakova,R. Karsnakova
68050,R. Kikawada,R. Kikawada
72444,R. Kosaka,R. Kosaka
85579,R. Krishna,R. Krishna
104804,R. Kurmanaev,R. Kurmanaev
6697,R. Lacasse,R. Lacasse
106713,R. Lassan,R. Lassan
107221,R. Lefevre,R. Lefevre
86745,R. Lokko,R. Lokko
76314,R. Longueville,R. Longueville
61974,R. M. Nijkamp,R. M. Nijkamp
11187,R. Mallory,R. Mallory
68705,R. Mallory,R. Mallory
479,R. Marino,R. Marino
1132,R. Masarova,R. Masarova
3678,R. Matos,R. Matos
39924,R. Matsuda,R. Matsuda
1414,R. McAdoo,R. McAdoo
84030,R. Minakata,R. Minakata
2123,R. Montgomery,R. Montgomery
37903,R. Munk Mortensen,R. Munk Mortensen
17585,R. Pascual Ferra,R. Pascual Ferra
17585,Roger Pascual Ferra,R. Pascual Ferra
8439,R. Pereira,R. Pereira
58496,R. Roura Llaverias,R. Roura Llaverias
73,R. Saigo,R. Saigo
103301,R. Sancilio,R. Sancilio
104988,R. Seggerman,R. Seggerman
104988,Ryan Ziegann/ Seggerman,R. Seggerman
37911,R. Seggerman,R. Seggerman
37911,Ryan Seggerman,R. Seggerman
1807,R. Serban,R. Serban
7919,R. Smith,R. Smith
449,R. Sramkova,R. Sramkova
107086,R. T. Torres,R. T. Torres
49021,R. Takahata,R. Takahata
71675,R. Vrajikova,R. Vrajikova
90543,R. X. Wu,R. X. Wu
89210,R. Yoshida,R. Yoshida
1805,R. Zarazua,R. Zarazua
1363,R. Zelnickova,R. Zelnickova
106704,R. Zerai,R. Zerai
37270,R. Zhang,R. Zhang
40163,R. Zolotareva,R. Zolotareva
107577,Rabbat/ Sauciuc,Rabbat/ Sauciuc
103638,Rabl/ Rothensteiner,Rabl/ Rothensteiner
107424,Rachapudi/ Skopintseva,Rachapudi/ Skopintseva
104702,Radenkovic/ Shan,Radenkovic/ Shan
105238,Radenkovic/ Vlajic,Radenkovic/ Vlajic
106084,Radisic/ Shymanovich,Radisic/ Shymanovich
105594,Radivojevic/ Spiteri,Radivojevic/ Spiteri
103918,Radjenovic/ Walkin,Radjenovic/ Walkin
15597,R. Michalik,Radovan Michalik
15597,Radovan Michalik,Radovan Michalik
106451,Radovanovic/ Rolland de Ravel,Radovanovic/ Rolland de Ravel
104212,Radulov/ Vasilev,Radulov/ Vasilev
72766,R. De Alba,Rafael De Alba
72766,Rafael De Alba,Rafael De Alba
672,R. Giotis,Rafael Giotis
672,Rafael Giotis,Rafael Giotis
23587,Rafael Goldberg Alviani Nicolas,Rafael Goldberg Alviani Nicolas
57566,R. Izquierdo Luque,Rafael Izquierdo Luque
57566,Rafael Izquierdo Luque,Rafael Izquierdo Luque
22147,Rafael Kis Balazs,Rafael Kis Balazs
17464,Rafael Segado Esteve,Rafael Segado Esteve
37939,R. Tosetto,Rafael Tosetto
37939,Rafael Tosetto,Rafael Tosetto
52076,R. Ymer,Rafael Ymer
52076,Rafael Ymer,Rafael Ymer
89612,R. Ciurnelli,Raffaele Ciurnelli
89612,Raffaele Ciurnelli,Raffaele Ciurnelli
79797,Raggi/ Turini,Raggi/ Turini
38050,Raghav Jaisinghani,Raghav Jaisinghani
76737,Rahmani/ Rapagnetta,Rahmani/ Rapagnetta
38077,R. Dhokia,Rahul Dhokia
38077,Rahul Dhokia,Rahul Dhokia
37342,Rai/ Reynolds,Rai/ Reynolds
106070,Rai/ Sheehy,Rai/ Sheehy
70457,Rai/ Watt,Rai/ Watt
84217,Rain Contreras/ Rodero,Rain Contreras/ Rodero
106906,Raina/ Rajeshwaran Revathi,Raina/ Rajeshwaran Revathi
106430,Raina/ Sharma,Raina/ Sharma
37215,Raina/ Thombare,Raina/ Thombare
94521,Rajat Shirur,Rajat Shirur
106097,Rakhimova/ Wu,Rakhimova/ Wu
106364,Rakhmatullayev/ Zhalgasbay,Rakhmatullayev/ Zhalgasbay
48948,Rakonic/ Voljavec,Rakonic/ Voljavec
105171,Rakotomalala/ Rodriguez,Rakotomalala/ Rodriguez
2399,Ram/ Salisbury,Ram/ Salisbury
381,R. Ramanathan,Ramanathan R.
381,Ramanathan R.,Ramanathan R.
381,Ramkumar Ramanathan,Ramanathan R.
55234,Ramanathan/ Vega Hernandez,Ramanathan/ Vega Hernandez
104704,Ramirez/ Tawdrws,Ramirez/ Tawdrws
59891,Ramiro Amarilla,Ramiro Amarilla
77109,A. Monlleo Ramos,Ramos A.
77109,Ramos A.,Ramos A.
105668,Ramos Vazquez/ Van Orderlain,Ramos Vazquez/ Van Orderlain
1090,Albert Ramos-Vinolas,Ramos-Vinolas A.
1090,Ramos-Vinolas A.,Ramos-Vinolas A.
53339,R. Perot,Raphael Perot
53339,Raphael Perot,Raphael Perot
105124,Rasim/ Stevic,Rasim/ Stevic
88387,Rast/ Wedel,Rast/ Wedel
87425,Ratti/ Ribero,Ratti/ Ribero
106946,Ratti/ Sun,Ratti/ Sun
106208,Ravasio/ Sarritzu,Ravasio/ Sarritzu
40066,M. R. Marinescu,Razvan Marinescu Mihai
40066,Razvan Marinescu Mihai,Razvan Marinescu Mihai
92109,Re. Alame,Re. Alame
54934,Recek/ Siniakov,Recek/ Siniakov
18241,K. R. Ganta S.,Reddy Ganta Sai Karteek
18241,Reddy Ganta Sai Karteek,Reddy Ganta Sai Karteek
15085,R. Falck,Reece Falck
15085,Reece Falck,Reece Falck
105868,Reed/ Schaefbauer,Reed/ Schaefbauer
106008,Regalado Macias/ Sanchez Bahamon,Regalado Macias/ Sanchez Bahamon
104710,Reguer/ Rojas,Reguer/ Rojas
3604,Hans Rehberg Max,Rehberg M.
3604,M. H. Rehberg,Rehberg M.
3604,Rehberg M.,Rehberg M.
85105,Reid Jarvis,Reid Jarvis
2120,J. Konishi Silva,Reis Da Silva J.
2120,Reis Da Silva J.,Reis Da Silva J.
2408,J. Reis Da Silva,Reis Da Silva J.
2408,Lucas Reis Da Silva Joao,Reis Da Silva J.
2408,Reis Da Silva J.,Reis Da Silva J.
38157,J. Silva,Reis Da Silva J.
38157,Reis Da Silva J.,Reis Da Silva J.
69090,Dinis Silva Joao,Reis Da Silva J.
69090,J. D. Silva,Reis Da Silva J.
69090,Reis Da Silva J.,Reis Da Silva J.
29894,Reitano/ Spiridon,Reitano/ Spiridon
71048,R. Komagata,Reiya Komagata
71048,Reiya Komagata,Reiya Komagata
59291,Rejchtman Vinciguerra W.,Rejchtman Vinciguerra W.
59291,W. Rejchtman Vinciguerra,Rejchtman Vinciguerra W.
59291,William Rejchtman Vinciguerra,Rejchtman Vinciguerra W.
105889,Remondy Pagotto/ Schiessl,Remondy Pagotto/ Schiessl
89618,R. Dugardin,Remy Dugardin
89618,Remy Dugardin,Remy Dugardin
646,R. Nakamura,Ren Nakamura
646,Ren Nakamura,Ren Nakamura
51664,Ren/ Wang,Ren/ Wang
91862,Ren/ Zhang,Ren/ Zhang
107093,Renard/ Voisin,Renard/ Voisin
35346,Rencheli/ Smith,Rencheli/ Smith
105797,Rengifo/ Soares,Rengifo/ Soares
5212,R. Tokuda,Renta Tokuda
5212,Renta Tokuda,Renta Tokuda
107144,Reva/ Trevisan,Reva/ Trevisan
105900,Reyes Tiraldo/ Roussel,Reyes Tiraldo/ Roussel
18503,Reymond/ Sanchez,Reymond/ Sanchez
58525,Reynolds/ Watt,Reynolds/ Watt
105184,Rhoden/ Singeorzan,Rhoden/ Singeorzan
70745,R. Lawlor,Rhys Lawlor
70745,Rhys Lawlor,Rhys Lawlor
63492,Ri. Alame,Ri. Alame
104235,Ribeiro de Almeida/ Kohlmann,Ribeiro de Almeida/ Kohlmann
105018,Ribeiro/ Rodriguez Taverna,Ribeiro/ Rodriguez Taverna
107020,Ribeiro/ Soto,Ribeiro/ Soto
103407,Ribeiro/ Zeballos,Ribeiro/ Zeballos
3702,Ricardo Rodriguez,Ricardo Rodriguez
104543,Ricca/ Zormann Da Silva,Ricca/ Zormann Da Silva
75291,Ricci/ Rocchetti,Ricci/ Rocchetti
104994,Ricci/ Sacco,Ricci/ Sacco
83883,R. Antoni,Richard Antoni
83883,Richard Antoni,Richard Antoni
106336,Rico Arias/ Urrea,Rico Arias/ Urrea
1092,Leandro Riedi,Riedi L.
1092,Riedi L.,Riedi L.
92159,Rifqi Fitriadi/ Lee,Rifqi Fitriadi/ Lee
96960,Rifqi Fitriadi/ Sarksian,Rifqi Fitriadi/ Sarksian
104416,Rifqi Fitriadi/ Trismuwantara,Rifqi Fitriadi/ Trismuwantara
107323,Rifqi Fitriadi/ Trongcharoenchaikul,Rifqi Fitriadi/ Trongcharoenchaikul
84807,R. Neimanis,Rihards Neimanis
84807,Rihards Neimanis,Rihards Neimanis
101806,Riku Takahata,Riku Takahata
657,D. Rincon,Rincon D.
657,Daniel Rincon,Rincon D.
657,Rincon D.,Rincon D.
1902,A. Rinderknech,Rinderknech A.
1902,Arthur Rinderknech,Rinderknech A.
1902,Rinderknech A.,Rinderknech A.
66300,Rinderknech/ Vacherot,Rinderknech/ Vacherot
408,A. Ritschard,Ritschard A.
408,Alexander Ritschard,Ritschard A.
408,Ritschard A.,Ritschard A.
104229,Riva/ Torres Espinosa,Riva/ Torres Espinosa
104574,Rivadeneira Gallegos/ Veliz,Rivadeneira Gallegos/ Veliz
104480,Rivera Corado/ Santos,Rivera Corado/ Santos
76637,Rivera/ Yi Qing Jiang,Rivera/ Yi Qing Jiang
9363,R. Jones,Roan Jones
9363,Roan Jones,Roan Jones
73138,R. Guna,Robert Guna
73138,Robert Guna,Robert Guna
7489,R. Strombachs,Robert Strombachs
7489,Robert Strombachs,Robert Strombachs
83434,Robert Watzka,Robert Watzka
91885,Robert/ Trifi,Robert/ Trifi
2956,Roberto Cid Subervi,Roberto Cid Subervi
93639,R. Ferrer Guimaraes,Roberto Ferrer Guimaraes
93639,Roberto Ferrer Guimaraes,Roberto Ferrer Guimaraes
93178,R. Perez Socas,Roberto Perez Socas
93178,Roberto Perez Socas,Roberto Perez Socas
96486,Roberts/ Slocombe,Roberts/ Slocombe
104819,Robertson/ Timini,Robertson/ Timini
808,R. Bertrand,Robin Bertrand
808,Robin Bertrand,Robin Bertrand
40126,R. Catry,Robin Catry
40126,Robin Catry,Robin Catry
588,O. Roca Batalla,Roca Batalla O.
588,Oriol Roca Batalla,Roca Batalla O.
588,Roca Batalla O.,Roca Batalla O.
106312,Rocchetti/ Zanolini,Rocchetti/ Zanolini
39914,R. Piatti,Rocco Piatti
39914,Rocco Piatti,Rocco Piatti
54709,R. Valente,Rocco Valente
54709,Rocco Valente,Rocco Valente
827,H. Rocha,Rocha H.
827,Henrique Rocha,Rocha H.
827,Rocha H.,Rocha H.
101620,Rocha/ Valdoleiros,Rocha/ Valdoleiros
107368,Roche/ Tailleu,Roche/ Tailleu
104498,Rodero/ Zhenikhova,Rodero/ Zhenikhova
5980,C. Rodesch,Rodesch C.
5980,Chris Rodesch,Rodesch C.
5980,Rodesch C.,Rodesch C.
416,J. Rodionov,Rodionov J.
416,Jurij Rodionov,Rodionov J.
416,Rodionov J.,Rodionov J.
38843,Rodolfo Jauregui Sainz De Rozas,Rodolfo Jauregui Sainz De Rozas
55470,R. Alujas,Rodrigo Alujas
55470,Rodrigo Alujas,Rodrigo Alujas
15402,R. Fernandes,Rodrigo Fernandes
15402,Rodrigo Fernandes,Rodrigo Fernandes
92971,R. Leal,Rodrigo Leal
92971,Rodrigo Leal,Rodrigo Leal
361,Rodriguez Taverna S.,Rodriguez Taverna S.
361,S. Rodriguez Taverna,Rodriguez Taverna S.
361,Santiago Rodriguez Taverna,Rodriguez Taverna S.
100303,Rodriguez/ Roveri Sidney,Rodriguez/ Roveri Sidney
54715,Rodriguez/ Tenti,Rodriguez/ Tenti
10301,Rodriguez/ Urrea,Rodriguez/ Urrea
107283,Rodriguez/ Yevseyev,Rodriguez/ Yevseyev
107107,Roehm/ Schwick,Roehm/ Schwick
85990,Roger-Vasselin/ Siegemund,Roger-Vasselin/ Siegemund
81826,Rogers/ Zamarripa,Rogers/ Zamarripa
38055,R. Mehra,Rohan Mehra
38055,Rohan Mehra,Rohan Mehra
100539,Rojer/ Winegar,Rojer/ Winegar
91397,R. Andres,Romain Andres
91397,Romain Andres,Romain Andres
2222,R. Faucon,Romain Faucon
2222,Romain Faucon,Romain Faucon
13250,R. Gales,Romain Gales
13250,Romain Gales,Romain Gales
75803,R. Kharlamov,Roman Kharlamov
75803,Roman Kharlamov,Roman Kharlamov
54468,R. Postolka,Roman Postolka
54468,Roman Postolka,Roman Postolka
105379,Roman Sancilio,Roman Sancilio
81327,Romano/ Vasami,Romano/ Vasami
106900,Romanova/ Sawkings,Romanova/ Sawkings
80728,Romboli/ Smith,Romboli/ Smith
103823,Romboli/ Winegar,Romboli/ Winegar
50789,Romeo Arcuschin,Romeo Arcuschin
13196,P. R. Scomparin,Romeo Scomparin Pietro
13196,Romeo Scomparin Pietro,Romeo Scomparin Pietro
104730,Romeo/ Verrue,Romeo/ Verrue
105703,Romero Gormaz/ Sorribes Tormo,Romero Gormaz/ Sorribes Tormo
105314,Romios/ Uesugi,Romios/ Uesugi
3716,R. Hohmann,Ronald Hohmann
3716,Ronald Hohmann,Ronald Hohmann
79442,Ronan Mtisi,Ronan Mtisi
100257,Ronde/ Sama,Ronde/ Sama
73842,R. Karki,Ronit Karki
73842,Ronit Karki,Ronit Karki
104503,Roots/ Zanolini,Roots/ Zanolini
105674,Rosellini/ Stella,Rosellini/ Stella
102208,Rosenkranz-Konig/ Ujvary,Rosenkranz-Konig/ Ujvary
83845,R. Santhosh,Roshan Santhosh
83845,Roshan Santhosh,Roshan Santhosh
52074,Rossetto Urvaneja Breno,Rossetto Urvaneja Breno
87784,Rothensteiner/ Schueller,Rothensteiner/ Schueller
53790,M. Rottgering,Rottgering M.
53790,Mees Rottgering,Rottgering M.
53790,Rottgering M.,Rottgering M.
106563,Roura Llaverias/ Vogt,Roura Llaverias/ Vogt
106335,Roussel/ Tudorica,Roussel/ Tudorica
107298,Routliffe/ Glasspool,Routliffe/ Glasspool
12615,Routliffe/ Sutjiadi,Routliffe/ Sutjiadi
954,Royer V.,Royer V.
954,V. Royer,Royer V.
954,Valentin Royer,Royer V.
104436,Ruan/ Tawdrws,Ruan/ Tawdrws
54652,R. Hartig,Ruben Hartig
54652,Ruben Hartig,Ruben Hartig
2847,A. Rublev,Rublev A.
2847,Andrey Rublev,Rublev A.
2847,Rublev A.,Rublev A.
62817,Andreeva/ Rublev,Rublev A.
62817,Rublev A.,Rublev A.
39199,R. Quan,Rudy Quan
39199,Rudy Quan,Rudy Quan
97037,Ruehl/ Veldheer,Ruehl/ Veldheer
437,Holger Rune,Rune H.
437,Rune H.,Rune H.
105401,RuoXi/ Wu,RuoXi/ Wu
107500,Ruochen Gao,Ruochen Gao
63095,Ruslan Kastsiukevich,Ruslan Kastsiukevich
72717,R. Serazhetdinov,Ruslan Serazhetdinov
72717,Ruslan Serazhetdinov,Ruslan Serazhetdinov
38321,R. Tiukaev,Ruslan Tiukaev
38321,Ruslan Tiukaev,Ruslan Tiukaev
105047,Rustemova/ Toregen,Rustemova/ Toregen
430,C. Ruud,Ruud C.
430,Casper Ruud,Ruud C.
430,Ruud C.,Ruud C.
1770,Emil Ruusuvuori,Ruusuvuori E.
1770,Ruusuvuori E.,Ruusuvuori E.
106753,Ruzickova/ Ploskunakova,Ruzickova/ Ploskunakova
11451,Rwanda,Rwanda
19643,Rwanda W,Rwanda W
37940,R. Augusto dos Santos,Ryan Augusto dos Santos
37940,Ryan Augusto dos Santos,Ryan Augusto dos Santos
37857,R. Colby,Ryan Colby
37857,Ryan Colby,Ryan Colby
38039,R. Dickerson,Ryan Dickerson
38039,Ryan Dickerson,Ryan Dickerson
52052,Ryan Fishback,Ryan Fishback
9131,R. Nijboer,Ryan Nijboer
9131,Ryan Nijboer,Ryan Nijboer
88216,Ryan Torres,Ryan Torres
559,A. Rybakov,Rybakov A.
559,Alex Rybakov,Rybakov A.
559,Rybakov A.,Rybakov A.
69857,Rybakov/ Vance,Rybakov/ Vance
105001,Rybakov/ Zink,Rybakov/ Zink
12991,Ryder Jackson,Ryder Jackson
63487,R. Tabata,Ryo Tabata
63487,Ryo Tabata,Ryo Tabata
8742,R. Tanuma,Ryota Tanuma
8742,Ryota Tanuma,Ryota Tanuma
38831,R. Taguchi,Ryotaro Taguchi
38831,Ryotaro Taguchi,Ryotaro Taguchi
793,R. Matsuda,Ryuki Matsuda
793,Ryuki Matsuda,Ryuki Matsuda
38293,Ryusuke Horiuchi,Ryusuke Horiuchi
70723,S- Zielinski/ Hsieh,S- Zielinski/ Hsieh
26497,S. A. Andreescu,S. A. Andreescu
38942,S. A. Larraya Guidi,S. A. Larraya Guidi
107349,S. A. Vlahos,S. A. Vlahos
105654,S. Aginskiy,S. Aginskiy
25026,S. Ahlawat,S. Ahlawat
89143,S. Alekseeva,S. Alekseeva
2525,S. Atay,S. Atay
103752,S. Attig,S. Attig
24470,S. Auer,S. Auer
56782,S. Avataneo,S. Avataneo
101032,S. Azam,S. Azam
484,S. Bandecchi,S. Bandecchi
65411,S. Baslilar,S. Baslilar
100007,S. Battistone,S. Battistone
56785,S. Baumgartner,S. Baumgartner
105899,S. Becerra Morin,S. Becerra Morin
9393,S. Bejlek,S. Bejlek
85964,S. Bekker,S. Bekker
105409,S. Bendhia,S. Bendhia
104245,S. Bielinska,S. Bielinska
16091,S. Biolay,S. Biolay
38154,S. Bojica,S. Bojica
105970,S. Bosch Armas,S. Bosch Armas
85869,S. Boussaffir,S. Boussaffir
85686,S. Bozemoj,S. Bozemoj
52222,S. Breen,S. Breen
30106,S. Broadus,S. Broadus
70740,S. Brockett,S. Brockett
106487,S. Bui,S. Bui
22706,S. C. Rojas,S. C. Rojas
228,S. Cakarevic,S. Cakarevic
94284,S. Caliman,S. Caliman
107017,S. Christie,S. Christie
14470,S. Christodoulou,S. Christodoulou
102021,S. Ciobica,S. Ciobica
1150,S. Cirstea,S. Cirstea
29863,S. Clarke,S. Clarke
2264,S. Cohen Perovani,S. Cohen Perovani
9248,S. Costoulas,S. Costoulas
104188,S. Coulibaly,S. Coulibaly
90581,S. Cucu,S. Cucu
1019,S. Da Cruz Mendonca,S. Da Cruz Mendonca
13521,S. Daavettila,S. Daavettila
93234,S. Dada-Mascoll,S. Dada-Mascoll
37984,S. De Stefano,S. De Stefano
106941,S. De Visser,S. De Visser
51998,S. Deppner,S. Deppner
86346,S. Dias,S. Dias
1793,S. Djoubri,S. Djoubri
36845,S. Dols,S. Dols
15598,S. Drugdova,S. Drugdova
102223,S. E. Meneguetti,S. E. Meneguetti
107219,S. Enache,S. Enache
38259,S. Ewing,S. Ewing
107087,S. F. Fontan P. d.,S. F. Fontan P. d.
106479,S. Filiz,S. Filiz
63837,S. Fita Juan,S. Fita Juan
105983,S. Fumagalli,S. Fumagalli
38903,S. Garakani,S. Garakani
107007,S. Godoy,S. Godoy
9519,S. Gorzny,S. Gorzny
9519,Sebastian Gorzny,S. Gorzny
73270,S. Greiner,S. Greiner
89207,S. Grosman,S. Grosman
89404,S. Guinau,S. Guinau
32283,S. H. Jang,S. H. Jang
90842,S. Heinrich,S. Heinrich
1413,S. Herrmann,S. Herrmann
71702,S. Hettlerova,S. Hettlerova
1399,S. Hosogi,S. Hosogi
1783,S. Hunter,S. Hunter
105255,S. Hurrion,S. Hurrion
87759,S. Husar,S. Husar
105796,S. I. Ragus,S. I. Ragus
9250,S. Iliev,S. Iliev
53624,S. Imbo Nloga,S. Imbo Nloga
107346,S. Iraqi,S. Iraqi
73476,S. Iserath,S. Iserath
37885,S. Ishii,S. Ishii
1803,S. J. Jang,S. J. Jang
89681,S. J. Verma,S. J. Verma
21,S. J. Visscher,S. J. Visscher
470,S. Janicijevic,S. Janicijevic
75928,S. Jara,S. Jara
38247,S. Jeong,S. Jeong
104865,S. Johnstone,S. Johnstone
12848,S. Jong,S. Jong
106958,S. Karpinski,S. Karpinski
95168,S. Karpinski,S. Karpinski
106717,S. Kaslova,S. Kaslova
67390,S. Kavanagh,S. Kavanagh
85954,S. Kay,S. Kay
2904,S. Kenin,S. Kenin
38789,S. Kenzhibayeva,S. Kenzhibayeva
848,S. Kopp,S. Kopp
848,Sandro Kopp,S. Kopp
53284,S. Kostic,S. Kostic
1424,S. Kraus,S. Kraus
104738,S. Krolitzky,S. Krolitzky
56800,S. Ksandinov,S. Ksandinov
32562,S. Lam,S. Lam
450,S. Lamens,S. Lamens
106683,S. Landau,S. Landau
69,S. Lansere,S. Lansere
1047,S. Leon,S. Leon
67444,S. Llewellyn,S. Llewellyn
4794,S. Lohan,S. Lohan
38956,S. Luescher,S. Luescher
54021,S. M. Barbulescu,S. M. Barbulescu
87740,S. M. Ha,S. M. Ha
71665,S. Maresova,S. Maresova
61630,S. Meabe,S. Meabe
969,S. Micov,S. Micov
19162,S. Mikaca,S. Mikaca
49617,S. Milanese,S. Milanese
78988,S. Mildren,S. Mildren
7145,S. Milenkovic,S. Milenkovic
105025,S. Milisenda,S. Milisenda
84356,S. Montesinos,S. Montesinos
53261,S. N. Chimedza,S. N. Chimedza
106938,S. Narayanan,S. Narayanan
65698,S. Nishimoto,S. Nishimoto
63218,S. Nita,S. Nita
76009,S. Noguchi,S. Noguchi
101906,S. Nsairi,S. Nsairi
29957,S. O. Hansen,S. O. Hansen
2544,S. Ogescu,S. Ogescu
101856,S. Oigawa,S. Oigawa
50309,S. Olimjanova,S. Olimjanova
30906,S. Oliveriusova,S. Oliveriusova
39084,S. Ounmuang,S. Ounmuang
101396,S. P. Sari,S. P. Sari
85504,S. Pahwa,S. Pahwa
8672,S. Papa,S. Papa
78112,S. Paris,S. Paris
205,S. Park,S. Park
66515,S. Patil,S. Patil
105066,S. Podczaszy,S. Podczaszy
2452,S. Pontjodikromo,S. Pontjodikromo
2452,Sidane Pontjodikromo,S. Pontjodikromo
73480,S. Pushkar,S. Pushkar
104426,S. Put,S. Put
89637,S. R. Anugonda,S. R. Anugonda
90031,S. R. Lim,S. R. Lim
13619,S. Rakki,S. Rakki
951,S. Reitano,S. Reitano
2584,S. Rocchetti,S. Rocchetti
78401,S. Ronde,S. Ronde
19429,S. Rutlauka,S. Rutlauka
13983,S. Sadiq,S. Sadiq
7486,S. Saito,S. Saito
226,S. Sakellaridi,S. Sakellaridi
8362,S. Samir,S. Samir
70152,S. Schnyder,S. Schnyder
8157,S. Sec,S. Sec
8157,Sebastian Sec,S. Sec
5967,S. Seifert,S. Seifert
120,S. Shapatava,S. Shapatava
96819,S. Shibata,S. Shibata
82359,S. Shumate,S. Shumate
140,S. Sierra,S. Sierra
86752,S. Slocombe,S. Slocombe
1302,S. Sorger,S. Sorger
2910,S. Sorribes Tormo,S. Sorribes Tormo
1826,S. Stephens,S. Stephens
106701,S. Strilka,S. Strilka
70282,S. Suh,S. Suh
104911,S. Suljic,S. Suljic
90177,S. Suslova,S. Suslova
64859,S. Toregen,S. Toregen
91509,S. Triquart,S. Triquart
73854,S. Tsujioka,S. Tsujioka
72448,S. V. Balan,S. V. Balan
50288,S. Van Emst,S. Van Emst
70044,S. Van Weldam,S. Van Weldam
1790,S. Vickery,S. Vickery
13980,S. Vig,S. Vig
493,S. Waltert,S. Waltert
10932,S. Webb,S. Webb
104082,S. Webster,S. Webster
40,S. Wei,S. Wei
106358,S. Wensley,S. Wensley
17724,S. Williams,S. Williams
3216,S. Williams,S. Williams
30910,S. Wirglerova,S. Wirglerova
70300,S. Y. Cheuk,S. Y. Cheuk
74867,S. Y. Choi,S. Y. Choi
48887,S. Yakoff,S. Yakoff
95457,S. Yamada,S. Yamada
13919,S. Yamalapalli,S. Yamalapalli
58641,S. Yardley,S. Yardley
54661,S. Ye,S. Ye
69452,S. Yoshida,S. Yoshida
32,S. Yuldasheva,S. Yuldasheva
104917,S. Zannoni,S. Zannoni
106117,S. Zannoni,S. Zannoni
1825,S. Zhang,S. Zhang
57568,S. Zhenikhova,S. Zhenikhova
40076,S. Zhiyenbayeva,S. Zhiyenbayeva
106421,Saavedra/ Torres Gomez,Saavedra/ Torres Gomez
106026,Saavedra/ Varela Herrera,Saavedra/ Varela Herrera
1202,S. Purtseladze,Saba Purtseladze
1202,Saba Purtseladze,Saba Purtseladze
107308,Sabalenka/ Djokovic,Sabalenka/ Djokovic
104289,Sabanin/ Seitz,Sabanin/ Seitz
531,Sabanov/ Sabanov,Sabanov/ Sabanov
107158,Sacco/ Sevcikova,Sacco/ Sevcikova
74098,Sacco/ Stagno,Sacco/ Stagno
1899,Sachko V.,Sachko V.
1899,V. Sachko,Sachko V.
1899,Vitaliy Sachko,Sachko V.
106209,Sadzik/ Wazny,Sadzik/ Wazny
1057,R. Safiullin,Safiullin R.
1057,Roman Safiullin,Safiullin R.
1057,Safiullin R.,Safiullin R.
105403,Sagandikova/ Sholokhova,Sagandikova/ Sholokhova
106372,Sagandikova/ Zelinskaya,Sagandikova/ Zelinskaya
107313,Sahdiieva/ Tian,Sahdiieva/ Tian
1678,Saigo/ Saigo,Saigo/ Saigo
37897,R. Sakamoto,Sakamoto R.
37897,Rei Sakamoto,Sakamoto R.
37897,Sakamoto R.,Sakamoto R.
106835,Sakellaridi/ Vilar,Sakellaridi/ Vilar
66017,Sakellaridi/ Zantedeschi,Sakellaridi/ Zantedeschi
40781,Sakellaridi/ Zelnickova,Sakellaridi/ Zelnickova
1488,Sakellaridis S.,Sakellaridis S.
1488,Sakellaridis/ Sakellaridis,Sakellaridis S.
742,S. Sakellaridis,Sakellaridis S.
742,Sakellaridis S.,Sakellaridis S.
742,Stefanos Sakellaridis,Sakellaridis S.
82198,S. Tange,Saki Tange
82198,Saki Tange,Saki Tange
17735,Sakkari/ Vekic,Sakkari/ Vekic
105020,Salden/ Strakhova,Salden/ Strakhova
105106,Saleh/ van Schalkwyk,Saleh/ van Schalkwyk
104887,Salisbury/ Fernandez,Salisbury/ Fernandez
106315,Salkova/ Zaar,Salkova/ Zaar
92115,S. Monteiro,Salvador Monteiro
92115,Salvador Monteiro,Salvador Monteiro
59410,S. Price,Salvador Price
59410,Salvador Price,Salvador Price
104757,Salvestre/ Tailleu,Salvestre/ Tailleu
25015,S. Ryan Ziegann,Sam Ryan Ziegann
25015,Sam Ryan Ziegann,Sam Ryan Ziegann
2974,S. Banerjee,Samir Banerjee
2974,Samir Banerjee,Samir Banerjee
1283,S. Hamza Reguig,Samir Hamza Reguig
1283,Samir Hamza Reguig,Samir Hamza Reguig
10224,Samir Iftikhar,Samir Iftikhar
105538,Samir/ Steur,Samir/ Steur
104590,Samir/ Vismane,Samir/ Vismane
10124,K. Samrej,Samrej K.
10124,Kasidit Samrej,Samrej K.
10124,Samrej K.,Samrej K.
104604,Kawachi/ Samrej,Samrej K.
104604,Samrej K.,Samrej K.
28821,Samson/ Siddiqui,Samson/ Siddiqui
105749,Samuel Arauzo,Samuel Arauzo
69500,S. De Felipe Garcia,Samuel De Felipe Garcia
69500,Samuel De Felipe Garcia,Samuel De Felipe Garcia
66890,S. Heredia,Samuel Heredia
66890,Samuel Heredia,Samuel Heredia
106147,S. Rovai,Samuel Rovai
106147,Samuel Rovai,Samuel Rovai
61352,Samuel Stolarik,Samuel Stolarik
15184,Samuel T.,Samuel T.
15184,T. Samuel,Samuel T.
15184,Toby Samuel,Samuel T.
965,S. Vincent Ruggeri,Samuel Vincent Ruggeri
965,Samuel Vincent Ruggeri,Samuel Vincent Ruggeri
20697,S. Pieri,Samuele Pieri
20697,Samuele Pieri,Samuele Pieri
56184,S. Seghetti,Samuele Seghetti
56184,Samuele Seghetti,Samuele Seghetti
102878,S. Chestovaliev,Samuil Chestovaliev
102878,Samuil Chestovaliev,Samuil Chestovaliev
11415,San Marino,San Marino
53760,San Marino W,San Marino W
27574,Sanchez Jover/ Vives Marcos,Sanchez Jover/ Vives Marcos
107232,Sanchez Martinez/ Zeuch,Sanchez Martinez/ Zeuch
69286,Sanchez Quilez/ Winter Lopez,Sanchez Quilez/ Winter Lopez
106337,Sanchez Uribe/ Soto Neira,Sanchez Uribe/ Soto Neira
39928,S. Jong,Sander Jong
39928,Sander Jong,Sander Jong
105577,Sanders/ Weber,Sanders/ Weber
39184,Sandesh Dattatray Kurale,Sandesh Dattatray Kurale
10295,S. Shin,Sanhui Shin
10295,Sanhui Shin,Sanhui Shin
1279,A. Shanmugam,Sanjeev Shanmugam Abhinav
1279,Sanjeev Shanmugam Abhinav,Sanjeev Shanmugam Abhinav
9597,S. De La Fuente,Santiago De La Fuente
9597,Santiago De La Fuente,Santiago De La Fuente
55062,S. Giamichelle,Santiago Giamichelle
55062,Santiago Giamichelle,Santiago Giamichelle
23673,S. Lora,Santiago Lora
23673,Santiago Lora,Santiago Lora
86266,S. Pesino,Santiago Pesino
86266,Santiago Pesino,Santiago Pesino
74738,A. S. Nunez Vera,Santino Nunez Vera Alex
74738,Santino Nunez Vera Alex,Santino Nunez Vera Alex
106163,Saraiva Dos Santos/ Tumasonis,Saraiva Dos Santos/ Tumasonis
103660,Sari/ Shabanpour,Sari/ Shabanpour
105973,Sarritzu/ Stella,Sarritzu/ Stella
96862,Sarthak Suden,Sarthak Suden
38963,S. Markovic,Sasa Markovic
38963,Sasa Markovic,Sasa Markovic
1742,S. Gueymard Wayenburg,Sascha Gueymard Wayenburg
1742,Sascha Gueymard Wayenburg,Sascha Gueymard Wayenburg
83918,Sasha Colleu,Sasha Colleu
55609,S. Rozin,Sasha Rozin
55609,Sasha Rozin,Sasha Rozin
101504,Sato/ Tsujioka,Sato/ Tsujioka
69454,Sato/ Yoshioka,Sato/ Yoshioka
11422,Saudi Arabia,Saudi Arabia
38317,S. Ivanov,Saveliy Ivanov
38317,Saveliy Ivanov,Saveliy Ivanov
106545,Savinykh/ Sawant,Savinykh/ Sawant
81398,S. Rybkin,Savva Rybkin
81398,Savva Rybkin,Savva Rybkin
41405,Sawangkaew/ Wong Hong Yi,Sawangkaew/ Wong Hong Yi
105056,Sawant/ Yardley,Sawant/ Yardley
107218,Sawant/ Yashina,Sawant/ Yashina
100642,Schaedel/ Vig,Schaedel/ Vig
105188,Schaefbauer/ Usui,Schaefbauer/ Usui
107089,Schaefer/ Teglas,Schaefer/ Teglas
106662,Schaefer/ Tivanovac,Schaefer/ Tivanovac
73661,Schell/ Wessels,Schell/ Wessels
104286,Schiavone/ Zormann Da Silva,Schiavone/ Zormann Da Silva
104748,Schilz/ Wilmot,Schilz/ Wilmot
105178,Schincariol Delatorre Barbosa/ Xavier Laydner,Schincariol Delatorre Barbosa/ Xavier Laydner
106397,Schirmann/ Uetwiller,Schirmann/ Uetwiller
53085,Schlagenhauf/ Stroemberg,Schlagenhauf/ Stroemberg
32344,Schnaitter/ Wallner,Schnaitter/ Wallner
104967,Marysko/ Schoenhaus,Schoenhaus M.
104967,Schoenhaus M.,Schoenhaus M.
56893,M. Schoenhaus,Schoenhaus M.
56893,Max Schoenhaus,Schoenhaus M.
56893,Schoenhaus M.,Schoenhaus M.
1183,Schoolkate T.,Schoolkate T.
1183,T. Schoolkate,Schoolkate T.
1183,Tristan Schoolkate,Schoolkate T.
12785,Schoolkate/ Sweeny,Schoolkate/ Sweeny
105270,Schtulmann Gasca/ Tunas,Schtulmann Gasca/ Tunas
104345,Schuknecht/ Zaparyniuk,Schuknecht/ Zaparyniuk
106035,Schumann/ Torres Gomez,Schumann/ Torres Gomez
105702,Schunk/ Stusek,Schunk/ Stusek
32558,J. J. Schwaerzler,Schwaerzler J.J.
32558,Josef Schwaerzler Joel,Schwaerzler J.J.
32558,Schwaerzler J.J.,Schwaerzler J.J.
4513,S. Jones,Scott Jones
4513,Scott Jones,Scott Jones
382,S. Cuenin,Sean Cuenin
382,Sean Cuenin,Sean Cuenin
32542,S. Daryabeigi,Sean Daryabeigi
32542,Sean Daryabeigi,Sean Daryabeigi
2512,S. Hodkin,Sean Hodkin
2512,Sean Hodkin,Sean Hodkin
38784,H. Searle,Searle H.
38784,Henry Searle,Searle H.
38784,Searle H.,Searle H.
14473,Sebastian Dominguez Collado Juan,Sebastian Dominguez Collado Juan
2221,S. Dominko,Sebastian Dominko
2221,Sebastian Dominko,Sebastian Dominko
40059,Sebastian Eriksson,Sebastian Eriksson
2015,S. Gima,Sebastian Gima
2015,Sebastian Gima,Sebastian Gima
712,J. S. Gomez,Sebastian Gomez Juan
712,Sebastian Gomez Juan,Sebastian Gomez Juan
13923,J. S. Osorio,Sebastian Osorio Juan
13923,Sebastian Osorio Juan,Sebastian Osorio Juan
22921,S. Sorger,Sebastian Sorger
22921,Sebastian Sorger,Sebastian Sorger
78741,S. Cocola,Sebastiano Cocola
78741,Sebastiano Cocola,Sebastiano Cocola
104935,Secord/ Zhalgasbay,Secord/ Zhalgasbay
90494,Sedysheva/ Suslova,Sedysheva/ Suslova
55029,Seggerman/ Trhac,Seggerman/ Trhac
58211,S. Goity Zapico,Segundo Goity Zapico
58211,Segundo Goity Zapico,Segundo Goity Zapico
643,Seita Watanabe,Seita Watanabe
37930,Seiya Nakanishi,Seiya Nakanishi
3316,P. Sekulic,Sekulic P.
3316,Philip Sekulic,Sekulic P.
3316,Sekulic P.,Sekulic P.
104628,Seleznev/ Shin,Seleznev/ Shin
8218,Karue Sell,Sell K.
8218,Sell K.,Sell K.
106115,Semen Aginskiy,Semen Aginskiy
54138,S. Pankin,Semen Pankin
54138,Semen Pankin,Semen Pankin
11404,Senegal,Senegal
31459,Senic/ Stankovic,Senic/ Stankovic
104237,Senica/ Sevcikova,Senica/ Sevcikova
107365,Senn/ Werner,Senn/ Werner
105507,Serban/ Zeltina,Serban/ Zeltina
417,Nino Serdarusic,Serdarusic N.
417,Serdarusic N.,Serdarusic N.
66633,S. Zivkovic,Sergej Zivkovic
66633,Sergej Zivkovic,Sergej Zivkovic
39915,S. Betov,Sergey Betov
39915,Sergey Betov,Sergey Betov
570,S. Fomin,Sergey Fomin
570,Sergey Fomin,Sergey Fomin
81857,S. Petrov,Sergey Petrov
81857,Sergey Petrov,Sergey Petrov
75358,S. Fita Juan,Sergi Fita Juan
75358,Sergi Fita Juan,Sergi Fita Juan
4254,S. Perez Contri,Sergi Perez Contri
4254,Sergi Perez Contri,Sergi Perez Contri
50705,H. S. Callejon,Sergio Callejon Hernando
50705,Sergio Callejon Hernando,Sergio Callejon Hernando
74773,S. Planella Hernandez,Sergio Planella Hernandez
74773,Sergio Planella Hernandez,Sergio Planella Hernandez
69093,Sesko Z.,Sesko Z.
69093,Z. Sesko,Sesko Z.
69093,Ziga Sesko,Sesko Z.
55156,Seungmin Park,Seungmin Park
90081,Sevcikova/ Voracek,Sevcikova/ Voracek
1086,Seyboth Wild T.,Seyboth Wild T.
1086,T. Seyboth Wild,Seyboth Wild T.
1086,Thiago Seyboth Wild,Seyboth Wild T.
100562,Seyboth Wild/ Torres,Seyboth Wild/ Torres
54070,Seychelles,Seychelles
28739,Seychelles W,Seychelles W
19223,S. Andre,Seydina Andre
19223,Seydina Andre,Seydina Andre
106128,Shalmi/ Ymer,Shalmi/ Ymer
21812,Shandarov/ Shandarov,Shandarov/ Shandarov
2413,J. Shang,Shang J.
2413,Juncheng Shang,Shang J.
2413,Shang J.,Shang J.
65716,S. Heisnam,Shanker Heisnam
65716,Shanker Heisnam,Shanker Heisnam
46589,Shanmugam/ Sureshkumar,Shanmugam/ Sureshkumar
53308,S. Liu,Shaoyun Liu
53308,Shaoyun Liu,Shaoyun Liu
106536,Shapatava/ Szabo,Shapatava/ Szabo
431,D. Shapovalov,Shapovalov D.
431,Denis Shapovalov,Shapovalov D.
431,Shapovalov D.,Shapovalov D.
105718,Sharma/ Taylor,Sharma/ Taylor
106129,Sharma/ Vasa,Sharma/ Vasa
87971,Sharma/ Warik,Sharma/ Warik
104389,Sharma/ Wilson,Sharma/ Wilson
107235,Shcherbakov/ Zogranian,Shcherbakov/ Zogranian
95310,Sheehy/ Zink,Sheehy/ Zink
9219,A. Shelbayh,Shelbayh A.
9219,Abedallah Shelbayh,Shelbayh A.
9219,Shelbayh A.,Shelbayh A.
104203,Shelbayh/ Vives Marcos,Shelbayh/ Vives Marcos
90770,Sheldon/ Sheldon,Sheldon/ Sheldon
2973,B. Shelton,Shelton B.
2973,Ben Shelton,Shelton B.
2973,Shelton B.,Shelton B.
40195,H. S. Koay,Sheng Koay Hao
40195,Sheng Koay Hao,Sheng Koay Hao
38093,S. Tang,Sheng Tang
38093,Sheng Tang,Sheng Tang
566,A. Shevchenko,Shevchenko A.
566,Alexander Shevchenko,Shevchenko A.
566,Shevchenko A.,Shevchenko A.
105140,Shi/ Zhiyenbayeva,Shi/ Zhiyenbayeva
94630,Shibahara/ Zvonareva,Shibahara/ Zvonareva
9608,S. Shimabukuro,Shimabukuro S.
9608,Shimabukuro S.,Shimabukuro S.
9608,Sho Shimabukuro,Shimabukuro S.
104814,Shimanov/ Velcz,Shimanov/ Velcz
2100,Shimizu Y.,Shimizu Y.
2100,Y. Shimizu,Shimizu Y.
2100,Yuta Shimizu,Shimizu Y.
34746,Shimizu/ Watanabe,Shimizu/ Watanabe
65852,Shin/ Sumizawa,Shin/ Sumizawa
107168,Shin/ Tanuma,Shin/ Tanuma
106820,Shin/ Xu,Shin/ Xu
60722,Shinde/ Vasilescu,Shinde/ Vasilescu
101273,Shinde/ Yamalapalli,Shinde/ Yamalapalli
105844,Shinde/ Yao,Shinde/ Yao
107202,Shinikova/ Sucha,Shinikova/ Sucha
78071,Shinikova/ Tran,Shinikova/ Tran
744,S. Hazawa,Shinji Hazawa
744,Shinji Hazawa,Shinji Hazawa
5216,S. Imai,Shintaro Imai
5216,Shintaro Imai,Shintaro Imai
52367,Shiraishi/ Tajima,Shiraishi/ Tajima
87026,S. Zhu,Shixun Zhu
87026,Shixun Zhu,Shixun Zhu
107131,Shkutova/ Van Zyl,Shkutova/ Van Zyl
107312,Shnaider/ Ruud,Shnaider/ Ruud
106094,Shnaider/ Williams,Shnaider/ Williams
3801,Sho Katayama,Sho Katayama
104705,Shroff/ Vila Salles,Shroff/ Vila Salles
68361,S. Matsuoka,Shu Matsuoka
68361,Shu Matsuoka,Shu Matsuoka
76395,S. Muto,Shu Muto
76395,Shu Muto,Shu Muto
22253,S. Mitsui,Shunsuke Mitsui
22253,Shunsuke Mitsui,Shunsuke Mitsui
38295,S. Nakagawa,Shunsuke Nakagawa
38295,Shunsuke Nakagawa,Shunsuke Nakagawa
53620,Shuo Yin Bang,Shuo Yin Bang
106688,Shusteva/ Vaja,Shusteva/ Vaja
105007,Shymanovich/ Volynets,Shymanovich/ Volynets
87525,Sibai/ Sycamore,Sibai/ Sycamore
20374,S. Banthia,Siddhant Banthia
20374,Siddhant Banthia,Siddhant Banthia
9957,Siddharth Vishwakarma,Siddharth Vishwakarma
4469,S. Rawat,Sidharth Rawat
4469,Sidharth Rawat,Sidharth Rawat
104734,Sieg/ Zaar,Sieg/ Zaar
3508,Siegemund/ Zvonareva,Siegemund/ Zvonareva
106515,Siftar/ Stolarik,Siftar/ Stolarik
105394,Sik/ Takizawa,Sik/ Takizawa
74710,S. Mencaglia,Silvio Mencaglia
74710,Silvio Mencaglia,Silvio Mencaglia
69974,S. Stankovic,Simeon Stankovic
69974,Simeon Stankovic,Simeon Stankovic
105139,Simmons/ Stevens,Simmons/ Stevens
2470,S. Beaupain,Simon Beaupain
2470,Simon Beaupain,Simon Beaupain
88148,S. Caldwell,Simon Caldwell
88148,Simon Caldwell,Simon Caldwell
38027,Simon Reveniau,Simon Reveniau
92381,Simon/ Simon,Simon/ Simon
13198,S. Agostini,Simone Agostini
13198,Simone Agostini,Simone Agostini
96534,S. Massellani,Simone Massellani
96534,Simone Massellani,Simone Massellani
106971,Simonsson/ Torres Ramis,Simonsson/ Torres Ramis
86673,S. Ngwenya,Simphiwe Ngwenya
86673,Simphiwe Ngwenya,Simphiwe Ngwenya
56721,Sinclair/ Walkin,Sinclair/ Walkin
34788,Singapore,Singapore
30747,Singapore W,Singapore W
25361,Sinha/ Sureshkumar,Sinha/ Sureshkumar
107303,Siniakova/ Patten,Siniakova/ Patten
67740,Siniakova/ Townsend,Siniakova/ Townsend
76030,Siniakova/ Zhang,Siniakova/ Zhang
2072,J. Sinner,Sinner J.
2072,Jannik Sinner,Sinner J.
2072,Sinner J.,Sinner J.
12708,Siphosothando Montsi,Siphosothando Montsi
55035,Siwanat Auytayakul,Siwanat Auytayakul
362,Skatov T.,Skatov T.
362,T. Skatov,Skatov T.
362,Timofey Skatov,Skatov T.
71534,Skobelev/ Stanisavljevic,Skobelev/ Stanisavljevic
103284,Skobelev/ Zivkovic,Skobelev/ Zivkovic
105537,Skoog/ Wojcik,Skoog/ Wojcik
5626,Skupski/ Krawczyk,Skupski/ Krawczyk
106857,Slavic/ Stroemberg,Slavic/ Stroemberg
93870,Smiej/ Suresh,Smiej/ Suresh
54466,C. Smith,Smith C.
54466,Colton Smith,Smith C.
54466,Smith C.,Smith C.
65354,J. Bruce-Smith,Smith J.P.
65354,Jack Bruce-Smith,Smith J.P.
65354,Smith J.P.,Smith J.P.
105714,Smith/ Vance,Smith/ Vance
106556,Soares/ Sousou,Soares/ Sousou
97811,Sobolieva/ Zaparyniuk,Sobolieva/ Zaparyniuk
105813,Sobolieva/ Zelnickova,Sobolieva/ Zelnickova
82957,Soeda/ Uchijima,Soeda/ Uchijima
106484,Soeda/ Wang,Soeda/ Wang
83797,Soke/ Turkmen,Soke/ Turkmen
105479,Solakov/ Vlajic,Solakov/ Vlajic
77090,Solar Donoso/ Teixido Garcia,Solar Donoso/ Teixido Garcia
2958,Son Kwiatkowski Thai,Son Kwiatkowski Thai
2843,L. Sonego,Sonego L.
2843,Lorenzo Sonego,Sonego L.
2843,Sonego L.,Sonego L.
106033,Song Kwon/ Varela Herrera,Song Kwon/ Varela Herrera
5213,S. Fukuda,Sora Fukuda
5213,Sora Fukuda,Sora Fukuda
78305,Sornlaksup/ Suksumrarn,Sornlaksup/ Suksumrarn
106494,Sornlaksup/ Takahata,Sornlaksup/ Takahata
9035,M. Soto,Soto M.
9035,Matias Soto,Soto M.
9035,Soto M.,Soto M.
86793,Soto/ Zeballos,Soto/ Zeballos
65638,Soulie/ Thomas Iglesias,Soulie/ Thomas Iglesias
106474,Spadola/ Vasa,Spadola/ Vasa
104968,Sperle/ Strombachs,Sperle/ Strombachs
48655,Sperle/ Vankan,Sperle/ Vankan
105170,Spiridon/ Toffanin,Spiridon/ Toffanin
106104,Spiteri/ Yashina,Spiteri/ Yashina
2983,Eliot Spizzirri,Spizzirri E.
2983,Spizzirri E.,Spizzirri E.
907,H. Squire,Squire H.
907,Henri Squire,Squire H.
907,Squire H.,Squire H.
11462,Sri Lanka,Sri Lanka
31800,Sri Lanka W,Sri Lanka W
104318,Sroka/ Zgola,Sroka/ Zgola
107418,Srutwa/ Trush,Srutwa/ Trush
104550,Staeheli/ Zahraj,Staeheli/ Zahraj
107275,Stagno/ Tomase,Stagno/ Tomase
107413,Stamatova/ Stevic,Stamatova/ Stevic
104522,Starodubtseva/ Stearns,Starodubtseva/ Stearns
106087,Starodubtseva/ Zarazua,Starodubtseva/ Zarazua
107302,Stearns/ Harrison,Stearns/ Harrison
387,Cedrik-Marcel Stebe,Stebe C.M.
387,Stebe C.M.,Stebe C.M.
104292,Stecker/ Thies,Stecker/ Thies
82749,C. S. Bentzel,Stefan Bentzel Cezar
82749,Stefan Bentzel Cezar,Stefan Bentzel Cezar
35788,S. Cooper,Stefan Cooper
35788,Stefan Cooper,Stefan Cooper
54682,S. Latinovic,Stefan Latinovic
54682,Stefan Latinovic,Stefan Latinovic
38251,Stefan Menichella,Stefan Menichella
9656,S. Palosi,Stefan Palosi
9656,Stefan Palosi,Stefan Palosi
840,S. Popovic,Stefan Popovic
840,Stefan Popovic,Stefan Popovic
101803,Stefan Seifert,Stefan Seifert
74752,S. Storch,Stefan Storch
74752,Stefan Storch,Stefan Storch
12706,S. Vujic,Stefan Vujic
12706,Stefan Vujic,Stefan Vujic
107299,Stefani/ Skupski,Stefani/ Skupski
29714,S. D'Agostino,Stefano D'Agostino
29714,Stefano D'Agostino,Stefano D'Agostino
105798,Stefanovic/ Zivkovic,Stefanovic/ Zivkovic
102278,Steindl/ Steindl,Steindl/ Steindl
104720,Steiner/ Stusek,Steiner/ Stusek
106542,Steiner/ Wobker,Steiner/ Wobker
49042,S. Baum,Stepan Baum
49042,Stepan Baum,Stepan Baum
106760,Stepankova/ Sediva,Stepankova/ Sediva
103971,Steur/  Szabo,Steur/  Szabo
95454,Steur/  Vargova,Steur/  Vargova
38120,S. Popovic,Stevan Popovic
38120,Stevan Popovic,Stevan Popovic
103992,Stevens/ Zhang,Stevens/ Zhang
104871,Stevenson/ Burrage,Stevenson/ Burrage
61063,Stevenson/ Willis,Stevenson/ Willis
38208,H. Stewart,Stewart H.
38208,Hamish Stewart,Stewart H.
38208,Stewart H.,Stewart H.
54520,S. Klaassen,Stian Klaassen
54520,Stian Klaassen,Stian Klaassen
101390,S. Hofman,Stijn Hofman
101390,Stijn Hofman,Stijn Hofman
56578,S. Paardekooper,Stijn Paardekooper
56578,Stijn Paardekooper,Stijn Paardekooper
28070,Stijn Pel,Stijn Pel
38041,Stijn Slump,Stijn Slump
106912,Stojancic/ Yemshanova,Stojancic/ Yemshanova
107305,Stojanovski/ Velaga,Stojanovski/ Velaga
92780,Stolarik/ Yi Qing Jiang,Stolarik/ Yi Qing Jiang
104665,Stollecker/ Tortora,Stollecker/ Tortora
94096,Storch/ Visaya,Storch/ Visaya
58624,Stosovic/ Vaja,Stosovic/ Vaja
105141,Stoyanov/ Vogt,Stoyanov/ Vogt
105530,Stoyanov/ Yesypchuk,Stoyanov/ Yesypchuk
22164,Strakhova/ Tikhonova,Strakhova/ Tikhonova
105310,Dietrich/ Stricker,Stricker D.
105310,Stricker D.,Stricker D.
379,D. Stricker,Stricker D.
379,Dominic Stricker,Stricker D.
379,Stricker D.,Stricker D.
106739,Strilka/ Zerai,Strilka/ Zerai
105147,Stroemberg/ Zaytsev,Stroemberg/ Zaytsev
27465,J- Hanfmann/ Struff,Struff J.L.
27465,Struff J.L.,Struff J.L.
2831,J-L. Struff,Struff J.L.
2831,Jan-Lennard Struff,Struff J.L.
2831,Struff J.L.,Struff J.L.
103842,Struplova/ Zelnickova,Struplova/ Zelnickova
105675,Strydom/ Zagars,Strydom/ Zagars
2111,Stuart Parker,Stuart Parker
107177,Suarez/ Vertberger,Suarez/ Vertberger
105810,Subramanian/ Tawfik,Subramanian/ Tawfik
106831,Sucha/ Urbanova,Sucha/ Urbanova
104020,Sucha/ Wawrzkiewicz,Sucha/ Wawrzkiewicz
57382,Sueoka/ Tajima,Sueoka/ Tajima
48233,Sugiyama/ Yoshida,Sugiyama/ Yoshida
105203,Suh/ Wolf,Suh/ Wolf
32471,S. Ann,Suk Ann
32471,Suk Ann,Suk Ann
100468,S. Syed,Sulaiman Syed
100468,Sulaiman Syed,Sulaiman Syed
106379,Sulcova/ Wirglerova,Sulcova/ Wirglerova
105037,Sumizawa/ Takamisawa,Sumizawa/ Takamisawa
876,F. Sun,Sun F.
876,Fajing Sun,Sun F.
876,Sun F.,Sun F.
40127,Qian Sun,Sun Qian
40127,Sun Qian,Sun Qian
55803,Sun Qian/Yang,Sun Qian/Yang
105442,Sun Qian/Zhao,Sun Qian/Zhao
55043,Sun/ Sun,Sun/ Sun
106447,Sun/ Yevseyev,Sun/ Yevseyev
42054,Sun/ Zhang,Sun/ Zhang
72908,Sun/ Zhao,Sun/ Zhao
4102,Sung Nam Ji,Sung Nam Ji
63792,Sungbeen Sim,Sungbeen Sim
105856,Supova/ Wobker,Supova/ Wobker
18341,D. Suresh,Suresh D.
18341,Dhakshineswar Suresh,Suresh D.
18341,Suresh D.,Suresh D.
27347,D. Suresh,Suresh D.
27347,Darrshan Suresh,Suresh D.
27347,Suresh D.,Suresh D.
106961,Suresh/ Timini,Suresh/ Timini
87487,Suriname,Suriname
88275,Suriname W,Suriname W
50171,Susanto/ Trismuwantara,Susanto/ Trismuwantara
59360,Sutjiadi/ Tjen,Sutjiadi/ Tjen
102266,Sutjiadi/ Zvonareva,Sutjiadi/ Zvonareva
106689,Suvirdjonkova/ Torres Murcia,Suvirdjonkova/ Torres Murcia
107431,Suvirdjonkova/ Yakusheva,Suvirdjonkova/ Yakusheva
52663,Svajda T.,Svajda T.
52663,T. Svajda,Svajda T.
52663,Trevor Svajda,Svajda T.
2986,Svajda Z.,Svajda Z.
2986,Z. Svajda,Svajda Z.
2986,Zachary Svajda,Svajda Z.
103448,Svarmanyu Singh,Svarmanyu Singh
40197,S. Corbinais,Sven Corbinais
40197,Sven Corbinais,Sven Corbinais
69257,Svitolina/ Monfils,Svitolina/ Monfils
106743,Svoboda/ Svozil,Svoboda/ Svozil
1754,D. Svrcina,Svrcina D.
1754,Dalibor Svrcina,Svrcina D.
1754,Svrcina D.,Svrcina D.
91183,Svrcina/ Tomic,Svrcina/ Tomic
13386,S. Gulin,Svyatoslav Gulin
13386,Svyatoslav Gulin,Svyatoslav Gulin
1308,D. Sweeny,Sweeny D.
1308,Dane Sweeny,Sweeny D.
1308,Sweeny D.,Sweeny D.
73132,S. Zick,Sydney Zick
73132,Sydney Zick,Sydney Zick
14393,Szabo/ Tanasie,Szabo/ Tanasie
105489,Szabo/ Weckerle,Szabo/ Weckerle
87321,Szymkowiak/ Wygona,Szymkowiak/ Wygona
9659,Szymon Kielan,Szymon Kielan
38248,T. Adachi,T. Adachi
396,T. Barrios Vera,T. Barrios Vera
396,Tomas Barrios Vera,T. Barrios Vera
50463,T. Boschmans,T. Boschmans
36194,T. Bowers,T. Bowers
36194,Tyler Bowers,T. Bowers
12949,T. Browning,T. Browning
85495,T. Brunetti,T. Brunetti
70748,T. Bush,T. Bush
40794,T. C. Grant,T. C. Grant
71759,T. Cank,T. Cank
38269,T. Chavez,T. Chavez
691,T. Cigarran,T. Cigarran
107605,T. DeRosa,T. DeRosa
33,T. Di Girolami,T. Di Girolami
37904,T. Evans,T. Evans
53978,T. Frodin,T. Frodin
80301,T. Gadamauri,T. Gadamauri
70146,T. Gaillard,T. Gaillard
3326,T. Gibson,T. Gibson
83230,T. Goldammer,T. Goldammer
89211,T. Gowda,T. Gowda
57429,T. Gruber,T. Gruber
105165,T. H. Messa,T. H. Messa
6456,T. Heger,T. Heger
30904,T. Hermanova,T. Hermanova
106392,T. Hohmann,T. Hohmann
77847,T. Ismail,T. Ismail
63288,T. J. Brockmann,T. J. Brockmann
69107,T. Jialin,T. Jialin
40820,T. Kashyap,T. Kashyap
102987,T. Kawaguchi,T. Kawaguchi
63057,T. Kokkinis,T. Kokkinis
501,T. Korpatsch,T. Korpatsch
52707,T. Kostovic,T. Kostovic
74799,T. Kovacevic,T. Kovacevic
56353,T. Krejci,T. Krejci
73864,T. Krejcova,T. Krejcova
33236,T. Lee,T. Lee
40904,T. Lemaitre,T. Lemaitre
1438,T. Lukas,T. Lukas
87816,T. Luxa,T. Luxa
88208,T. Manescu,T. Manescu
2414,T. Maria,T. Maria
1149,T. Martincova,T. Martincova
100746,T. Messerli,T. Messerli
103609,T. Miranda,T. Miranda
87039,T. Miron,T. Miron
1997,T. Morderger,T. Morderger
104449,T. Mottier,T. Mottier
101100,T. Mtvarelishvili,T. Mtvarelishvili
69866,T. Mu-Jie,T. Mu-Jie
27704,T. Naklo,T. Naklo
58067,T. Naklo,T. Naklo
24880,T. Neilson-Gatenby,T. Neilson-Gatenby
11614,T. Nikcevic,T. Nikcevic
104167,T. Pandey,T. Pandey
39162,T. Patton,T. Patton
1426,T. Pieri,T. Pieri
3324,T. Preston,T. Preston
104866,T. Prisadnikova,T. Prisadnikova
36452,T. Prozorova,T. Prozorova
17992,T. Quesada Perez,T. Quesada Perez
8148,T. Rabman,T. Rabman
37886,T. Rakotomanga Rajaonah,T. Rakotomanga Rajaonah
95473,T. Rosenkranz-Konig,T. Rosenkranz-Konig
78989,T. Russell,T. Russell
106722,T. Ruzickova,T. Ruzickova
65045,T. Sramkova,T. Sramkova
107610,T. Stabauer,T. Stabauer
16649,T. Sun,T. Sun
51325,T. T. Deng,T. T. Deng
87822,T. Tichy,T. Tichy
3214,T. Townsend,T. Townsend
8976,T. Valentova,T. Valentova
27624,T. Vijayakumar,T. Vijayakumar
103844,T. Vlajic,T. Vlajic
6173,T. Wang,T. Wang
106714,T. Wirgler,T. Wirgler
71645,T. Zapsky,T. Zapsky
2803,T. Zidansek,T. Zidansek
13708,Tabacco/ Tabacco,Tabacco/ Tabacco
82143,Tabata/ Yamanaka,Tabata/ Yamanaka
1974,C. Taberner,Taberner C.
1974,Carlos Taberner,Taberner C.
1974,Taberner C.,Taberner C.
2982,A. Tabilo,Tabilo A.
2982,Alejandro Tabilo,Tabilo A.
2982,Tabilo A.,Tabilo A.
1762,C. Tabur,Tabur C.
1762,Clement Tabur,Tabur C.
1762,Tabur C.,Tabur C.
87122,Taddia/ Vaccari,Taddia/ Vaccari
6751,Tadeas Paroulek,Tadeas Paroulek
63065,Tadeo Meneo,Tadeo Meneo
59292,T. Radovanovic,Tadija Radovanovic
59292,Tadija Radovanovic,Tadija Radovanovic
104431,Tahiri/ Wainwright,Tahiri/ Wainwright
885,T. Sach,Tai Sach
885,Tai Sach,Tai Sach
94648,T. Takizawa,Taiki Takizawa
94648,Taiki Takizawa,Taiki Takizawa
2018,T. Ichikawa,Taisei Ichikawa
2018,Taisei Ichikawa,Taisei Ichikawa
13371,T. Yamanaka,Taiyo Yamanaka
13371,Taiyo Yamanaka,Taiyo Yamanaka
26927,Takeru Yuzuki,Takeru Yuzuki
18731,Taketo Takamisawa,Taketo Takamisawa
20616,T. Kumasaka,Takuya Kumasaka
20616,Takuya Kumasaka,Takuya Kumasaka
106368,Talic/ Vickery,Talic/ Vickery
106777,Tamm/ Walters,Tamm/ Walters
103712,Tanaka/ Tange,Tanaka/ Tange
73989,Tanakorn Srirat,Tanakorn Srirat
10843,T. Nirundorn,Tanapatt Nirundorn
10843,Tanapatt Nirundorn,Tanapatt Nirundorn
102717,Tang/ Trongcharoenchaikul,Tang/ Trongcharoenchaikul
83333,Tang/ Xu,Tang/ Xu
97900,Tang/ Yang,Tang/ Yang
107263,Tang/ Zarazua,Tang/ Zarazua
29317,Tang/ Zhang,Tang/ Zhang
58020,T. Genier,Tanguy Genier
58020,Tanguy Genier,Tanguy Genier
89241,T. Konduri,Tanishk Konduri
89241,Tanishk Konduri,Tanishk Konduri
28925,Tanzania,Tanzania
52808,Tanzania W,Tanzania W
9368,O. Tarvet,Tarvet O.
9368,Oliver Tarvet,Tarvet O.
9368,Tarvet O.,Tarvet O.
87522,Taylor/ Thompson,Taylor/ Thompson
104975,Taylor/ Vance,Taylor/ Vance
38100,T. Al Azmeh,Taym Al Azmeh
38100,Taym Al Azmeh,Taym Al Azmeh
105227,Tazabekov/ Yi Qing Jiang,Tazabekov/ Yi Qing Jiang
106768,Tazabekov/ Zhalgasbay,Tazabekov/ Zhalgasbay
663,R. Te,Te R.
663,Rigele Te,Te R.
663,Te R.,Te R.
106501,Teglas/ Zagars,Teglas/ Zagars
50084,Teixido Garcia/ Woog,Teixido Garcia/ Woog
83229,T. Davidov,Teodor Davidov
83229,Teodor Davidov,Teodor Davidov
67687,R. T. Pieleanu,Teodor Pieleanu Rares
67687,Teodor Pieleanu Rares,Teodor Pieleanu Rares
57344,Teodor Stirbu Calin,Teodor Stirbu Calin
106253,Ternstrom/  Vaissaud,Ternstrom/  Vaissaud
86154,Teunissen/ Zgirovsky,Teunissen/ Zgirovsky
10126,Thanapet Chanta,Thanapet Chanta
58212,T. Boosarawongse,Thanaphat Boosarawongse
58212,Thanaphat Boosarawongse,Thanaphat Boosarawongse
63094,T. Longwe-Smit,Thando Longwe-Smit
63094,Thando Longwe-Smit,Thando Longwe-Smit
25740,T. Suksumrarn,Thantub Suksumrarn
25740,Thantub Suksumrarn,Thantub Suksumrarn
104341,The/ Willemse,The/ Willemse
72360,T. Herrmann,Theo Herrmann
72360,Theo Herrmann,Theo Herrmann
68659,Theodor Alexandrescou Yannick,Theodor Alexandrescou Yannick
68659,Y. T. Alexandrescou,Theodor Alexandrescou Yannick
85191,T. Dean,Theodore Dean
85191,Theodore Dean,Theodore Dean
100142,Theodore Winegar,Theodore Winegar
9602,T. Cigarran,Thiago Cigarran
9602,Thiago Cigarran,Thiago Cigarran
13374,Thijmen Loof,Thijmen Loof
78983,T. Behrmann,Thilo Behrmann
78983,Thilo Behrmann,Thilo Behrmann
58969,G. T. Brancatelli,Thomas Brancatelli Gabriele
58969,Thomas Brancatelli Gabriele,Thomas Brancatelli Gabriele
38268,Thomas Byers Loren,Thomas Byers Loren
65742,T. Drayton,Thomas Drayton
65742,Thomas Drayton,Thomas Drayton
55610,B. T. George,Thomas George Benjamin
55610,Thomas George Benjamin,Thomas George Benjamin
66956,T. Gerbaud,Thomas Gerbaud
66956,Thomas Gerbaud,Thomas Gerbaud
88419,T. Gunzinger,Thomas Gunzinger
88419,Thomas Gunzinger,Thomas Gunzinger
60456,Thomas Kostka,Thomas Kostka
62137,Thomas Menzel,Thomas Menzel
104836,Thombare/ Yamalapalli,Thombare/ Yamalapalli
207,Jordan Thompson,Thompson J.
207,Thompson J.,Thompson J.
57571,Thurner/ Thurner,Thurner/ Thurner
106871,Thurner/ Zaytsev,Thurner/ Zaytsev
107309,Fernandez/ Tiafoe,Tiafoe F.
107309,Tiafoe F.,Tiafoe F.
2846,F. Tiafoe,Tiafoe F.
2846,Frances Tiafoe,Tiafoe F.
2846,Tiafoe F.,Tiafoe F.
1327,T. Cacao,Tiago Cacao
1327,Tiago Cacao,Tiago Cacao
12970,T. Silva,Tiago Silva
12970,Tiago Silva,Tiago Silva
54172,T. Zhang,Tianhui Zhang
54172,Tianhui Zhang,Tianhui Zhang
961,Tibo Colson,Tibo Colson
106732,Tichy/ Bruckner,Tichy/ Bruckner
10520,L. Tien,Tien L.
10520,Learner Tien,Tien L.
10520,Tien L.,Tien L.
105737,Tikhonova/ Zidansek,Tikhonova/ Zidansek
65987,T. Kovac,Tilen Kovac
65987,Tilen Kovac,Tilen Kovac
104429,T. Hammes,Tim Hammes
104429,Tim Hammes,Tim Hammes
12606,T. Handel,Tim Handel
12606,Tim Handel,Tim Handel
39933,Tim Loosen,Tim Loosen
101825,T. Vaisman,Tim Vaisman
101825,Tim Vaisman,Tim Vaisman
61033,T. Trufelli,Timeo Trufelli
61033,Timeo Trufelli,Timeo Trufelli
916,T. Legout,Timo Legout
916,Timo Legout,Timo Legout
49741,Timofeeva/ Yashina,Timofeeva/ Yashina
52054,T. Derepasko,Timofei Derepasko
52054,Timofei Derepasko,Timofei Derepasko
38062,T. Stepanov,Timofey Stepanov
38062,Timofey Stepanov,Timofey Stepanov
366,Agustin Tirante Thiago,Tirante T.A.
366,T. A. Tirante,Tirante T.A.
366,Tirante T.A.,Tirante T.A.
29633,T. Chavez,Tito Chavez
29633,Tito Chavez,Tito Chavez
1861,E. Tiurnev,Tiurnev E.
1861,Evgenii Tiurnev,Tiurnev E.
1861,Tiurnev E.,Tiurnev E.
104977,Tixhon/ Villoslada,Tixhon/ Villoslada
106096,Tjen/ Zhang,Tjen/ Zhang
62434,Tkacheva/ Zelinskaya,Tkacheva/ Zelinskaya
38310,T. Grandinetti,Tobia Grandinetti
38310,Tobia Grandinetti,Tobia Grandinetti
716,Toby Kodat,Toby Kodat
2517,T. Martin,Toby Martin
2517,Toby Martin,Toby Martin
659,T. Tokac,Togan Tokac
659,Togan Tokac,Togan Tokac
28922,Togo,Togo
69212,Togo W,Togo W
13552,Tom Paris,Tom Paris
55486,T. Sickenberger,Tom Sickenberger
55486,Tom Sickenberger,Tom Sickenberger
82368,T. Zeuch,Tom Zeuch
82368,Tom Zeuch,Tom Zeuch
6717,T. Curras Abasolo,Tomas Curras Abasolo
6717,Tomas Curras Abasolo,Tomas Curras Abasolo
99828,Tomas Dummer Macedo,Tomas Dummer Macedo
9600,T. Farjat,Tomas Farjat
9600,Tomas Farjat,Tomas Farjat
27497,F. T. Geschwind,Tomas Geschwind Francisco
27497,Tomas Geschwind Francisco,Tomas Geschwind Francisco
14540,T. Lanik,Tomas Lanik
14540,Tomas Lanik,Tomas Lanik
15442,Tomas Luis,Tomas Luis
58881,T. Martinez,Tomas Martinez
58881,Tomas Martinez,Tomas Martinez
40432,Tomas Rengel Sierra,Tomas Rengel Sierra
67729,T. Tischner,Tomas Tischner
67729,Tomas Tischner,Tomas Tischner
92938,Tomas Zurmendi,Tomas Zurmendi
107142,Tomase/ Tsygourova,Tomase/ Tsygourova
102462,Tomase/ Zeltina,Tomase/ Zeltina
37927,T. Berkieta,Tomasz Berkieta
37927,Tomasz Berkieta,Tomasz Berkieta
3145,B. Tomic,Tomic B.
3145,Bernard Tomic,Tomic B.
3145,Tomic B.,Tomic B.
851,T. Compagnucci,Tommaso Compagnucci
851,Tommaso Compagnucci,Tommaso Compagnucci
14348,T. Masabayashi,Tomohiro Masabayashi
14348,Tomohiro Masabayashi,Tomohiro Masabayashi
107033,Tona/ Zelnickova,Tona/ Zelnickova
833,M. Topo,Topo M.
833,Marko Topo,Topo M.
833,Topo M.,Topo M.
40219,T. Avcibasi,Toprak Avcibasi
40219,Toprak Avcibasi,Toprak Avcibasi
104655,Torcq/ Torres Ramis,Torcq/ Torres Ramis
106510,Torcq/ Vandepoele,Torcq/ Vandepoele
106806,Torcq/ Vanderstappen,Torcq/ Vanderstappen
107126,Torebko/ Wedel,Torebko/ Wedel
104901,Torre Moral/ Trujillo Garnica,Torre Moral/ Trujillo Garnica
66751,Torrealba/ Villalon,Torrealba/ Villalon
104682,Torrekens/ Vanderborght,Torrekens/ Vanderborght
107458,Torres Murcia/ Velikova,Torres Murcia/ Velikova
107097,Torres Ramis/ Tumbas Kajgo,Torres Ramis/ Tumbas Kajgo
14435,T. Torres,Torres T.
14435,Tiago Torres,Torres T.
14435,Torres T.,Torres T.
90518,Tosetto/ Zanellato,Tosetto/ Zanellato
81134,T. Karigyo,Toshiki Karigyo
81134,Toshiki Karigyo,Toshiki Karigyo
69110,A. T. Hebhang Balan,Toubi Hebhang Balan Alexandru
69110,Toubi Hebhang Balan Alexandru,Toubi Hebhang Balan Alexandru
804,T. Sahtali,Toufik Sahtali
804,Toufik Sahtali,Toufik Sahtali
107307,Townsend/ Zverev,Townsend/ Zverev
104869,Tracy/ Danilina,Tracy/ Danilina
104264,Trainauskas/ Ungerman,Trainauskas/ Ungerman
96893,Trainauskas/ Vaitiekunas,Trainauskas/ Vaitiekunas
106535,Tran/ Van Emst,Tran/ Van Emst
82624,Tran/ Vogt,Tran/ Vogt
106541,Tran/ Weckerle,Tran/ Weckerle
2672,S. Travaglia,Travaglia S.
2672,Stefano Travaglia,Travaglia S.
2672,Travaglia S.,Travaglia S.
105984,Trevisan/ Zocco,Trevisan/ Zocco
11005,T. Hilderbrand,Trey Hilderbrand
11005,Trey Hilderbrand,Trey Hilderbrand
104307,Trifi/ Villard,Trifi/ Villard
11446,Trinidad & Tobago,Trinidad & Tobago
72548,Trinidad & Tobago W,Trinidad & Tobago W
105758,Trismuwantara/ Zapp,Trismuwantara/ Zapp
65899,T. Berard,Tristan Berard
65899,Tristan Berard,Tristan Berard
20665,T. McCormick,Tristan McCormick
20665,Tristan McCormick,Tristan McCormick
69941,T. Stringer,Tristan Stringer
69941,Tristan Stringer,Tristan Stringer
89138,T. Gubi,Trisztan Gubi
89138,Trisztan Gubi,Trisztan Gubi
86864,Trivunac/ Trivunac,Trivunac/ Trivunac
106915,Trivunac/ Zivkovic,Trivunac/ Zivkovic
106581,Trondson/ Zamani,Trondson/ Zamani
9193,J. K. Trotter,Trotter J.K.
9193,Kent Trotter James,Trotter J.K.
9193,Trotter J.K.,Trotter J.K.
105517,Trujillo Garnica/ Vargas,Trujillo Garnica/ Vargas
395,M. Trungelliti,Trungelliti M.
395,Marco Trungelliti,Trungelliti M.
395,Trungelliti M.,Trungelliti M.
104258,Trush/ Volkova,Trush/ Volkova
389,C. H. Tseng,Tseng C.H.
389,Hsin Tseng Chun,Tseng C.H.
389,Tseng C.H.,Tseng C.H.
104504,Tsetsou/ Wojcik,Tsetsou/ Wojcik
104333,Purtseladze/ Tsitsipas,Tsitsipas P.
104333,Tsitsipas P.,Tsitsipas P.
105526,Paldanius/ Tsitsipas,Tsitsipas P.
105526,Tsitsipas P.,Tsitsipas P.
106467,Pietri/ Tsitsipas,Tsitsipas P.
106467,Tsitsipas P.,Tsitsipas P.
1872,Pe. Tsitsipas,Tsitsipas P.
1872,Petros Tsitsipas,Tsitsipas P.
1872,Tsitsipas P.,Tsitsipas P.
61071,Pa. Tsitsipas,Tsitsipas P.
61071,Pavlos Tsitsipas,Tsitsipas P.
61071,Tsitsipas P.,Tsitsipas P.
105776,Sharipov/ Tsitsipas,Tsitsipas S.
105776,Tsitsipas S.,Tsitsipas S.
1906,S. Tsitsipas,Tsitsipas S.
1906,Stefanos Tsitsipas,Tsitsipas S.
1906,Tsitsipas S.,Tsitsipas S.
792,T. Huang,Tsung-Hao Huang
792,Tsung-Hao Huang,Tsung-Hao Huang
1883,L. Tu,Tu L.
1883,Li Tu,Tu L.
1883,Tu L.,Tu L.
58949,T. Batin,Tudor Batin
58949,Tudor Batin,Tudor Batin
79581,Tudorica/ Van Noord,Tudorica/ Van Noord
83881,Tugra Duran Cemil,Tugra Duran Cemil
14315,T. Duran,Tuncay Duran
14315,Tuncay Duran,Tuncay Duran
53242,Tunisia W,Tunisia W
63402,David Turcanu Radu,Turcanu R.D.
63402,R. D. Turcanu,Turcanu R.D.
63402,Turcanu R.D.,Turcanu R.D.
11420,Turkmenistan,Turkmenistan
63481,T. Host,Ty Host
63481,Ty Host,Ty Host
54312,Tyler Stice,Tyler Stice
2214,T. Zink,Tyler Zink
2214,Tyler Zink,Tyler Zink
53288,T. Bieldiugin,Tymur Bieldiugin
53288,Tymur Bieldiugin,Tymur Bieldiugin
57647,U. Hrabavets,U. Hrabavets
49392,U. Lekomtseva,U. Lekomtseva
2272,U. Radwanska,U. Radwanska
103282,U. Zivkovic,U. Zivkovic
82437,U.-S. Jeong,U.-S. Jeong
568,K. Uchida,Uchida K.
568,Kaichi Uchida,Uchida K.
568,Uchida K.,Uchida K.
105347,Uchida/ Watanabe,Uchida/ Watanabe
105022,Uchijima/ Webley-Smith,Uchijima/ Webley-Smith
884,Uchiyama Y.,Uchiyama Y.
884,Yasutaka Uchiyama,Uchiyama Y.
77031,U. Kamboj,Udit Kamboj
77031,Udit Kamboj,Udit Kamboj
105947,Uemura/ Wan I,Uemura/ Wan I
106381,Uemura/ Yoshimoto,Uemura/ Yoshimoto
11414,Uganda,Uganda
401,C. Ugo Carabelli,Ugo Carabelli C.
401,Camilo Ugo Carabelli,Ugo Carabelli C.
401,Ugo Carabelli C.,Ugo Carabelli C.
9669,Cerundolo/ Ugo Carabelli,Ugo Carabelli C.
9669,Ugo Carabelli C.,Ugo Carabelli C.
9952,U. Park,Uisung Park
9952,Uisung Park,Uisung Park
106341,Ukaegbu/ Williams,Ukaegbu/ Williams
7491,U. Ignatik,Uladzimir Ignatik
7491,Uladzimir Ignatik,Uladzimir Ignatik
88817,U. Tarasevich,Uladzislau Tarasevich
88817,Uladzislau Tarasevich,Uladzislau Tarasevich
11438,United States Virgin Islands,United States Virgin Islands
91070,Urrutia/ Vergara Rivera,Urrutia/ Vergara Rivera
29838,Uruguay W,Uruguay W
25386,M. U. Kask,Uwe Kask Matthias
25386,Uwe Kask Matthias,Uwe Kask Matthias
11095,Uzbekistan,Uzbekistan
13788,Uzbekistan W,Uzbekistan W
105712,Uzhylovskyi/ Vandermeersch,Uzhylovskyi/ Vandermeersch
39035,V. Adkar,V. Adkar
56783,V. Ahti,V. Ahti
71438,V. Allen,V. Allen
30754,V. Apisah,V. Apisah
76954,V. Artemeva,V. Artemeva
64992,V. Barreira Bonzom,V. Barreira Bonzom
88829,V. Bedini,V. Bedini
87855,V. Benackova,V. Benackova
87858,V. Benda,V. Benda
40463,V. Bervid,V. Bervid
107601,V. Bisht,V. Bisht
38960,V. Borodulina,V. Borodulina
4019,V. Bosio,V. Bosio
105244,V. Bracci,V. Bracci
89164,V. Brand,V. Brand
13982,V. Chaudhari,V. Chaudhari
80302,V. Crocker,V. Crocker
163,V. Erjavec,V. Erjavec
40099,V. Faure,V. Faure
85959,V. Fletcher,V. Fletcher
84197,V. Garnevska,V. Garnevska
13379,V. Gjinaj,V. Gjinaj
86747,V. Gogineni,V. Gogineni
86747,Vignesh Gogineni,V. Gogineni
525,V. Golubic,V. Golubic
40095,V. Gomez O'Hayon,V. Gomez O'Hayon
504,V. Grammatikopoulou,V. Grammatikopoulou
58141,V. Horak,V. Horak
50406,V. Hruncakova,V. Hruncakova
3215,V. Ivanov,V. Ivanov
1137,V. Jimenez Kasintseva,V. Jimenez Kasintseva
92133,V. Kantoci,V. Kantoci
101051,V. Khrebtova,V. Khrebtova
59478,V. Kirov,V. Kirov
105522,V. Klaunzner,V. Klaunzner
87815,V. Kouba,V. Kouba
70675,V. Kozak,V. Kozak
81859,V. Krebs Hyllested,V. Krebs Hyllested
87374,V. Kulhava,V. Kulhava
70747,V. L. Barros,V. L. Barros
38113,V. Leote Prata,V. Leote Prata
2765,V. Lepchenko,V. Lepchenko
76630,V. Lopez Ocampos,V. Lopez Ocampos
15372,V. Losciale,V. Losciale
40144,V. Mares,V. Mares
13419,V. Martinez,V. Martinez
2580,V. Meliss,V. Meliss
63416,V. Milovanova,V. Milovanova
61490,V. Mincheva,V. Mincheva
40122,V. Miroshnichenko,V. Miroshnichenko
87833,V. Mojzisova,V. Mojzisova
72,V. Morvayova,V. Morvayova
85837,V. Mulville,V. Mulville
87541,V. Navratilova,V. Navratilova
19463,V. Osuigwe,V. Osuigwe
29728,V. Paganetti,V. Paganetti
67427,V. Panshina,V. Panshina
107085,V. Pantic Crncevic,V. Pantic Crncevic
40100,V. Podrez,V. Podrez
55087,V. Pohle,V. Pohle
6175,V. Prashanth,V. Prashanth
104244,V. Proietti,V. Proietti
5922,V. Rodriguez,V. Rodriguez
84423,V. Ryden,V. Ryden
84423,Victor Ryden,V. Ryden
101,V. Ryser,V. Ryser
1116,V. Savinykh,V. Savinykh
71761,V. Sekerkova,V. Sekerkova
28499,V. Steiner,V. Steiner
74837,V. Steiner,V. Steiner
148,V. Strakhova,V. Strakhova
56373,V. Svobodova,V. Svobodova
106703,V. Svozil,V. Svozil
499,V. Tomova,V. Tomova
38166,V. Tonejc,V. Tonejc
37420,V. Tsirikidze,V. Tsirikidze
1375,V. Turini,V. Turini
30799,V. Valdmannova,V. Valdmannova
13820,V. Van De Peer,V. Van De Peer
66582,V. Vargas,V. Vargas
90855,V. Veleva,V. Veleva
5341,V. Williams,V. Williams
13506,V. Wolff,V. Wolff
72068,V. Yaneva,V. Yaneva
1005,V. Yushchenko,V. Yushchenko
93641,V. Zuccon,V. Zuccon
2822,V. Zvonareva,V. Zvonareva
88821,V. Urankar,Vaal Urankar
88821,Vaal Urankar,Vaal Urankar
1852,V. Vacherot,Vacherot V.
1852,Vacherot V.,Vacherot V.
1852,Valentin Vacherot,Vacherot V.
81141,Vadym Konovchuk,Vadym Konovchuk
7269,V. Ursu,Vadym Ursu
7269,Vadym Ursu,Vadym Ursu
106526,Vainikka/ Virtanen,Vainikka/ Virtanen
10020,V. Basel,Valentin Basel
10020,Valentin Basel,Valentin Basel
50788,Valentin Garay,Valentin Garay
78188,V. Gonzalez-Galino,Valentin Gonzalez-Galino
78188,Valentin Gonzalez-Galino,Valentin Gonzalez-Galino
77366,Valentin Guadagno,Valentin Guadagno
13092,V. Lapalu,Valentin Lapalu
13092,Valentin Lapalu,Valentin Lapalu
15769,V. Vanta,Valentin Vanta
15769,Valentin Vanta,Valentin Vanta
93922,V. Conte,Valentino Conte
93922,Valentino Conte,Valentino Conte
74381,V. Grippo,Valentino Grippo
74381,Valentino Grippo,Valentino Grippo
703,V. Aboian,Valerio Aboian
703,Valerio Aboian,Valerio Aboian
563,M. Valkusz,Valkusz M.
563,Mate Valkusz,Valkusz M.
563,Valkusz M.,Valkusz M.
9217,D. Vallejo,Vallejo D.
9217,Daniel Vallejo Adolfo,Vallejo D.
9217,Vallejo D.,Vallejo D.
1066,L. van Assche,Van Assche L.
1066,Luca van Assche,Van Assche L.
1066,Van Assche L.,Van Assche L.
2972,B. Van De Zandschulp,Van De Zandschulp B.
2972,Botic Van De Zandschulp,Van De Zandschulp B.
2972,Van De Zandschulp B.,Van De Zandschulp B.
104742,Van Der Merwe/ Voelzke,Van Der Merwe/ Voelzke
71348,Van Herck/ Vankan,Van Herck/ Vankan
106324,Van Impe/ Zimmermann,Van Impe/ Zimmermann
105109,Van Weldam/ Verbeek,Van Weldam/ Verbeek
106807,Van Weldam/ Vermeer,Van Weldam/ Vermeer
104269,Van Zijl/ Wassermann,Van Zijl/ Wassermann
70362,Van Zyl/ Van Zyl,Van Zyl/ Van Zyl
58378,Van den Broek/ Van Emst,Van den Broek/ Van Emst
3489,Vance/ Vance,Vance/ Vance
35253,Vandermeersch/ Vincent,Vandermeersch/ Vincent
106794,Vanek/ Ladman,Vanek/ Ladman
55114,V. Manukyan,Vardan Manukyan
55114,Vardan Manukyan,Vardan Manukyan
102854,Vargas/ Vargas,Vargas/ Vargas
391,J. P. Varillas,Varillas J.P.
391,Pablo Varillas Juan,Varillas J.P.
391,Varillas J.P.,Varillas J.P.
106979,Varillas/ Vazquez,Varillas/ Vazquez
9942,Vasa/ Vasa,Vasa/ Vasa
104620,Vasylieva/ Yakusheva,Vasylieva/ Yakusheva
1878,Alexey Vatutin,Vatutin A.
1878,Vatutin A.,Vatutin A.
418,Andrea Vavassori,Vavassori A.
418,Vavassori A.,Vavassori A.
70736,Vavassori/ Errani,Vavassori/ Errani
106730,Vaverka/ Blazej,Vaverka/ Blazej
107109,Veldkamp/ Waterbolk,Veldkamp/ Waterbolk
19892,. V. Krstic,Veljko Krstic
19892,Veljko Krstic,Veljko Krstic
106351,Vergara Rivera/ Voloshchuk,Vergara Rivera/ Voloshchuk
106411,Vergara del Puerto/ Zeitune,Vergara del Puerto/ Zeitune
86780,Veronesi Noel Ribeiro/ Zuccon,Veronesi Noel Ribeiro/ Zuccon
38068,V. Ahti,Vesa Ahti
38068,Vesa Ahti,Vesa Ahti
930,V. Bielinskyi,Viacheslav Bielinskyi
930,Viacheslav Bielinskyi,Viacheslav Bielinskyi
14824,Viacheslav Ovchinnikov,Viacheslav Ovchinnikov
100141,Vicente Freda,Vicente Freda
73447,Vicente Monge,Vicente Monge
96291,Victor Barrere,Victor Barrere
53137,V. Bini,Victor Bini
53137,Victor Bini,Victor Bini
63731,V. Braga,Victor Braga
63731,Victor Braga,Victor Braga
656,Victor Lilov,Victor Lilov
69092,V. Mohar,Vid Mohar
69092,Vid Mohar,Vid Mohar
11455,Vietnam,Vietnam
105824,Vigara Ramos/ Vila Salles,Vigara Ramos/ Vila Salles
89240,V. Reddy,Vihaan Reddy
89240,Vihaan Reddy,Vihaan Reddy
56722,Viiala/ Zhang,Viiala/ Zhang
105962,Vijay Shankar/ Yazdani,Vijay Shankar/ Yazdani
106353,Vijayakumar/ Williams,Vijayakumar/ Williams
28613,V. Frydrych,Viktor Frydrych
28613,Viktor Frydrych,Viktor Frydrych
38104,V. Markov,Viktor Markov
38104,Viktor Markov,Viktor Markov
69323,Vilar/ Vismane,Vilar/ Vismane
38047,M. Martinez,Vilella Martinez M.
38047,Mikel Martinez,Vilella Martinez M.
38047,Vilella Martinez M.,Vilella Martinez M.
85732,Masur/ Sanchez Martinez,Vilella Martinez M.
85732,Vilella Martinez M.,Vilella Martinez M.
11713,Guillen Meza/ Villanueva,Villanueva G.
11713,Villanueva G.,Villanueva G.
5181,G. Villanueva,Villanueva G.
5181,Gonzalo Villanueva,Villanueva G.
5181,Villanueva G.,Villanueva G.
71107,Villet/ Wildgruber,Villet/ Wildgruber
107099,Villoslada/ Wygona,Villoslada/ Wygona
76950,V. Dullinger,Vincent Dullinger
76950,Vincent Dullinger,Vincent Dullinger
54889,V. Marysko,Vincent Marysko
54889,Vincent Marysko,Vincent Marysko
95540,V. Reisach,Vincent Reisach
95540,Vincent Reisach,Vincent Reisach
767,O. Virtanen,Virtanen O.
767,Otto Virtanen,Virtanen O.
767,Virtanen O.,Virtanen O.
107373,Vishal Balsekar/ Ianin,Vishal Balsekar/ Ianin
91301,Vishal Balsekar/ Suresh,Vishal Balsekar/ Suresh
4686,Vishnu Vardhan,Vishnu Vardhan
106283,Visscher/ Zhiyenbayeva,Visscher/ Zhiyenbayeva
86156,Visser/ Wagenaar,Visser/ Wagenaar
30786,V. Kalina,Vit Kalina
30786,Vit Kalina,Vit Kalina
39003,V. Dell'Elba,Vito Dell'Elba
39003,Vito Dell'Elba,Vito Dell'Elba
107499,Vitor Costa Goncalves,Vitor Costa Goncalves
20846,V. Goncalves,Vitor Goncalves Ceolin Joao
20846,Vitor Goncalves Ceolin Joao,Vitor Goncalves Ceolin Joao
86276,J. V. Scramin do Lago,Vitor Scramin do Lago Joao
86276,Vitor Scramin do Lago Joao,Vitor Scramin do Lago Joao
831,Vladan Tadic,Vladan Tadic
40157,Vladimir Bazilevskiy,Vladimir Bazilevskiy
77607,Vladimir Holban,Vladimir Holban
13973,V. Osminkin,Vladimir Osminkin
13973,Vladimir Osminkin,Vladimir Osminkin
23349,V. Melnic,Vladislav Melnic
23349,Vladislav Melnic,Vladislav Melnic
67917,V. Jankanj,Vlado Jankanj
67917,Vlado Jankanj,Vlado Jankanj
932,V. Orlov,Vladyslav Orlov
932,Vladyslav Orlov,Vladyslav Orlov
106752,Voborilova/ Schovancova,Voborilova/ Schovancova
92553,Vogt/ Zelnickova,Vogt/ Zelnickova
76969,V. Gurenko,Volodymyr Gurenko
76969,Volodymyr Gurenko,Volodymyr Gurenko
60816,V. Iakubenko,Volodymyr Iakubenko
60816,Volodymyr Iakubenko,Volodymyr Iakubenko
106759,Vrajikova/ Smidova,Vrajikova/ Smidova
1947,M. Vrbensky,Vrbensky M.
1947,Michael Vrbensky,Vrbensky M.
1947,Vrbensky M.,Vrbensky M.
106574,Vujic/ Walters,Vujic/ Walters
38985,V. Radjenovic,Vuk Radjenovic
38985,Vuk Radjenovic,Vuk Radjenovic
360,A. Vukic,Vukic A.
360,Aleksandar Vukic,Vukic A.
360,Vukic A.,Vukic A.
38908,W. Ait el Bachir,W. Ait el Bachir
67104,W. Chan,W. Chan
105292,W. Cotton,W. Cotton
104736,W. De Waal,W. De Waal
38788,W. Ewald,W. Ewald
164,W. Falkowska,W. Falkowska
107084,W. Jez,W. Jez
52566,W. Kleege,W. Kleege
58568,W. McLennaghan,W. McLennaghan
13355,W. Mdlulwa,W. Mdlulwa
50501,W. Mdlulwa,W. Mdlulwa
85997,W. Moxon,W. Moxon
73853,W. Newman,W. Newman
1431,W. Osuigwe,W. Osuigwe
105991,W. Saiga,W. Saiga
105670,W. Van Der Merwe,W. Van Der Merwe
73582,W. Vermeer,W. Vermeer
63417,W. Wan I,W. Wan I
53997,W. Yu,W. Yu
5722,W. Zheng,W. Zheng
102493,Wagner/ Webley-Smith,Wagner/ Webley-Smith
106908,Wagner/ Zolotareva,Wagner/ Zolotareva
791,W. Ahouda,Walid Ahouda
791,Walid Ahouda,Walid Ahouda
10070,A. Walton,Walton A.
10070,Adam Walton,Walton A.
10070,Walton A.,Walton A.
104418,Wan I/ Wang,Wan I/ Wang
23124,Wang/ Wang,Wang/ Wang
105058,Wang/ Wei,Wang/ Wei
104251,Wang/ Yashina,Wang/ Yashina
30296,Wang/ Yuan,Wang/ Yuan
28822,Wang/ Zhang,Wang/ Zhang
69033,Wang/ Zhao,Wang/ Zhao
7367,Wang/ Zheng,Wang/ Zheng
18117,Wang/ Zhu,Wang/ Zhu
106520,Warik/ Yazdani,Warik/ Yazdani
1097,Watanuki Y.,Watanuki Y.
1097,Y. Watanuki,Watanuki Y.
1097,Yosuke Watanuki,Watanuki Y.
40233,J. Watt,Watt J.
40233,James Watt,Watt J.
40233,Watt J.,Watt J.
2168,S. Wawrinka,Wawrinka S.
2168,Stan Wawrinka,Wawrinka S.
2168,Wawrinka S.,Wawrinka S.
18370,Wehnelt/ Wessels,Wehnelt/ Wessels
90594,Wehnelt/ Zeuch,Wehnelt/ Zeuch
56936,Wei/ Yuan,Wei/ Yuan
75604,W. Pan,Weiwen Pan
75604,Weiwen Pan,Weiwen Pan
71493,W. Kong,Weiyi Kong
71493,Weiyi Kong,Weiyi Kong
7009,H. Wendelken,Wendelken H.
7009,Harry Wendelken,Wendelken H.
7009,Wendelken H.,Wendelken H.
1955,L. Wessels,Wessels L.
1955,Louis Wessels,Wessels L.
1955,Wessels L.,Wessels L.
106894,Wessels/ Zahraj,Wessels/ Zahraj
107288,Whitehouse/ Zahraj,Whitehouse/ Zahraj
52053,Will Mayew,Will Mayew
7309,William Grant,William Grant
37890,W. Jansen,William Jansen
37890,William Jansen,William Jansen
73248,W. Manning,William Manning
73248,William Manning,William Manning
81689,W. Mirarchi,William Mirarchi
81689,William Mirarchi,William Mirarchi
61483,W. Mroz,William Mroz
61483,William Mroz,William Mroz
9370,W. Nolan,William Nolan
9370,William Nolan,William Nolan
89602,W. Zhang,William Zhang
89602,William Zhang,William Zhang
107504,Williams/ Alcaraz,Williams/ Alcaraz
32250,Williams/ Williams,Williams/ Williams
104876,Willis/ Watson,Willis/ Watson
5469,W. Leite,Wilson Leite
5469,Wilson Leite,Wilson Leite
3318,E. Winter,Winter E.
3318,Edward Winter,Winter E.
3318,Winter E.,Winter E.
105393,Winter/ Zhang,Winter/ Zhang
106737,Wirgler/ Rakous,Wirgler/ Rakous
5527,W. Trongcharoenchaikul,Wishaya Trongcharoenchaikul
5527,Wishaya Trongcharoenchaikul,Wishaya Trongcharoenchaikul
104960,Wobker/ Zoldakova,Wobker/ Zoldakova
10103,W. Marek,Wojciech Marek
10103,Wojciech Marek,Wojciech Marek
2853,J.J. Wolf,Wolf J.J.
2853,John Wolf Jeffrey,Wolf J.J.
2853,Wolf J.J.,Wolf J.J.
2227,C. Wong,Wong C.
2227,Coleman Wong Chak Lam,Wong C.
2227,Wong C.,Wong C.
10857,Woobin Shin,Woobin Shin
105063,Tian/ Wu,Wu T.L.
105063,Wu T.L.,Wu T.L.
1062,Tung-Lin Wu,Wu T.L.
1062,Wu T.L.,Wu T.L.
1062,Wu Tung-Lin,Wu T.L.
1849,Wu Y.,Wu Y.
1849,Y. Wu,Wu Y.
1849,Yibing Wu,Wu Y.
105293,X. Calvelo,X. Calvelo
7289,X. Gao,X. Gao
87736,X. Lan,X. Lan
37852,X. Li,X. Li
59307,X. Liu,X. Liu
53035,X. Luo,X. Luo
102985,X. Massotte,X. Massotte
56905,X. Nong,X. Nong
82564,X. Sun,X. Sun
46,X. Yao,X. Yao
1819,X. You,X. You
22721,X. Zhao,X. Zhao
5720,X. Zhou,X. Zhou
83913,X. Palomar,Xavi Palomar
83913,Xavi Palomar,Xavi Palomar
101798,Xiaofei Wang,Xiaofei Wang
56741,X. Yang,Xiaoyin Yang
56741,Xiaoyin Yang,Xiaoyin Yang
1812,Xin. Wang,Xin. Wang
59305,X. Han,Xirui Han
59305,Xirui Han,Xirui Han
463,Xiy. Wang,Xiy. Wang
28660,Xu/ Xu,Xu/ Xu
104609,Xu/ Ye,Xu/ Ye
15920,Y. Andres Pastor,Y. Andres Pastor
9169,Y. Bartashevich,Y. Bartashevich
105971,Y. Borderia,Y. Borderia
49593,Y. Cao,Y. Cao
106462,Y. Castellanos,Y. Castellanos
65412,Y. Chainykova,Y. Chainykova
104249,Y. Chen,Y. Chen
92127,Y. Chen,Y. Chen
104385,Y. Chiang,Y. Chiang
58093,Y. Choo,Y. Choo
53147,Y. Dang,Y. Dang
1035,Y. Ezzat,Y. Ezzat
466,Y. Hatouka,Y. Hatouka
107348,Y. Hisano,Y. Hisano
82657,Y. Hong,Y. Hong
8723,Y. Hosoki,Y. Hosoki
31155,Y. Hou,Y. Hou
3133,Y. J. Ahn,Y. J. Ahn
80294,Y. J. Lin,Y. J. Lin
37878,Y. Kabbaj,Y. Kabbaj
62139,Y. Kim,Y. Kim
61695,Y. Kitahara,Y. Kitahara
40077,Y. Konstantinova,Y. Konstantinova
38883,Y. Kotliar,Y. Kotliar
103129,Y. Krupina,Y. Krupina
9407,Y. Ku,Y. Ku
105036,Y. L. Chen,Y. L. Chen
4144,Y. Li,Y. Li
84900,Y. Lin,Y. Lin
126,Y. Ma,Y. Ma
42,Y. Mansouri,Y. Mansouri
1830,Y. Morderger,Y. Morderger
475,Y. Naito,Y. Naito
87538,Y. Naydenov,Y. Naydenov
74582,Y. Negishi,Y. Negishi
78627,Y. Panwar,Y. Panwar
62334,Y. Perapekhina,Y. Perapekhina
2177,Y. Putintseva,Y. Putintseva
70637,Y. Qu,Y. Qu
51632,Y. Ren,Y. Ren
103845,Y. Saffar,Y. Saffar
37,Y. Shan,Y. Shan
9041,Y. Shao,Y. Shao
50398,Y. Starodubtseva,Y. Starodubtseva
52238,Y. Sun,Y. Sun
58612,Y. Sun,Y. Sun
9521,Y. Tanaka,Y. Tanaka
38693,Y. Tomida,Y. Tomida
84923,Y. Tsai,Y. Tsai
107165,Y. Wang,Y. Wang
85999,Y. Wang,Y. Wang
56186,Y. Watanabe,Y. Watanabe
106459,Y. Weissmann,Y. Weissmann
1023,Y. Y. Yang,Y. Y. Yang
1384,Y. Yang,Y. Yang
1112,Y. Yuan,Y. Yuan
8910,Y. Zhang,Y. Zhang
84316,Y. Zhytelna,Y. Zhytelna
81505,Y. Zocco,Y. Zocco
107498,Yago Castellanos,Yago Castellanos
13372,Y. Milev,Yanaki Milev
13372,Yanaki Milev,Yanaki Milev
74183,Yang/ Zeng,Yang/ Zeng
70304,Yang/ Zhao,Yang/ Zhao
50421,Yang/ Zheng,Yang/ Zheng
58961,Y. Ghazouani Durand,Yanis Ghazouani Durand
58961,Yanis Ghazouani Durand,Yanis Ghazouani Durand
10541,Y. Erel,Yanki Erel
10541,Yanki Erel,Yanki Erel
73478,Y. Nittmann,Yannic Nittmann
73478,Yannic Nittmann,Yannic Nittmann
83931,Y. Alvarez,Yannik Alvarez
83931,Yannik Alvarez,Yannik Alvarez
55032,Y. Kelm,Yannik Kelm
55032,Yannik Kelm,Yannik Kelm
14021,Y. Zeng,Yaojie Zeng
14021,Yaojie Zeng,Yaojie Zeng
5877,Yaraslav Shyla,Yaraslav Shyla
7395,Y. Demin,Yaroslav Demin
7395,Yaroslav Demin,Yaroslav Demin
103875,Yashina/ Zhiyenbayeva,Yashina/ Zhiyenbayeva
14468,Y. Dlimi,Yassine Dlimi
14468,Yassine Dlimi,Yassine Dlimi
54521,Y. Smiej,Yassine Smiej
54521,Yassine Smiej,Yassine Smiej
85183,Y. Lahjomri,Yazid Lahjomri
85183,Yazid Lahjomri,Yazid Lahjomri
49384,Ye Hongyu,Ye Hongyu
104327,Ye/ Wang,Ye/ Wang
38292,Y. Jeong,Yeong-Seok Jeong
38292,Yeong-Seok Jeong,Yeong-Seok Jeong
32066,Yeonsu Jeong,Yeonsu Jeong
39932,Y. Yerdilda,Yerassyl Yerdilda
39932,Yerassyl Yerdilda,Yerassyl Yerdilda
569,D. Yevseyev,Yevseyev D.
569,Denis Yevseyev,Yevseyev D.
569,Yevseyev D.,Yevseyev D.
105454,Yi Qing Jiang/Zaytsev,Yi Qing Jiang/Zaytsev
1082,E. Ymer,Ymer E.
1082,Elias Ymer,Ymer E.
1082,Ymer E.,Ymer E.
1976,Mikael Ymer,Ymer M.
1976,Ymer M.,Ymer M.
78978,Y. Ibraimi,Ymerali Ibraimi
78978,Ymerali Ibraimi,Ymerali Ibraimi
89342,Yodpetch/ Zhang,Yodpetch/ Zhang
76980,Yoshka Sborowsky,Yoshka Sborowsky
74517,Yousaf Khalil,Yousaf Khalil
39120,Y. Kadiri Hassani,Youssef Kadiri Hassani
39120,Youssef Kadiri Hassani,Youssef Kadiri Hassani
52574,Y. Taka,Yua Taka
52574,Yua Taka,Yua Taka
99904,Yuchi/ Zheng,Yuchi/ Zheng
78928,Y. Xia,Yue Xia
78928,Yue Xia,Yue Xia
105059,Yuhan/ Ohwaki Yui,Yuhan/ Ohwaki Yui
104096,Yuhan/ Varaksina,Yuhan/ Varaksina
58843,Yuhei Kono,Yuhei Kono
13090,Y. Inui,Yuichiro Inui
13090,Yuichiro Inui,Yuichiro Inui
10334,Y. Mochizuki,Yuki Mochizuki
10334,Yuki Mochizuki,Yuki Mochizuki
107069,Yunis/ Yunis,Yunis/ Yunis
38065,Yunseok Jang,Yunseok Jang
11701,Y. Jin,Yuquan Jin
11701,Yuquan Jin,Yuquan Jin
9694,Y. Dzhavakian,Yurii Dzhavakian
9694,Yurii Dzhavakian,Yurii Dzhavakian
95381,Yushchenko/ Kharlanova,Yushchenko/ Kharlanova
39158,Y. Kusuhara,Yusuke Kusuhara
39158,Yusuke Kusuhara,Yusuke Kusuhara
2508,Y. Takahashi,Yusuke Takahashi
2508,Yusuke Takahashi,Yusuke Takahashi
73957,Yusuke Yoshikawa,Yusuke Yoshikawa
10335,Y. Kawahashi,Yuta Kawahashi
10335,Yuta Kawahashi,Yuta Kawahashi
23537,Y. Kikuchi,Yuta Kikuchi
23537,Yuta Kikuchi,Yuta Kikuchi
63403,Y. Tomida,Yuta Tomida
63403,Yuta Tomida,Yuta Tomida
61207,Y. Oki,Yuto Oki
61207,Yuto Oki,Yuto Oki
14459,Y. Charoenphon,Yuttana Charoenphon
14459,Yuttana Charoenphon,Yuttana Charoenphon
84610,Y. Hirose,Yuya Hirose
84610,Yuya Hirose,Yuya Hirose
9211,Yves Bailly Pierre,Yves Bailly Pierre
9107,Z. Bai,Z. Bai
86681,Z. Bizjak,Z. Bizjak
106943,Z. Cado,Z. Cado
13676,Z. Desai,Z. Desai
2278,Z. Falkner,Z. Falkner
38107,Z. Jiang,Z. Jiang
11480,Z. Kardava,Z. Kardava
65462,Z. Bednarz,Z. Kolonus
65462,Z. Kolonus,Z. Kolonus
14355,Z. Kulambayeva,Z. Kulambayeva
22722,Z. Li,Z. Li
103768,Z. Olmos,Z. Olmos
15409,Z. Pawlikowska,Z. Pawlikowska
4062,Z. Sonmez,Z. Sonmez
95682,Z. Ulrich,Z. Ulrich
104633,Z. Vanderstappen,Z. Vanderstappen
10218,Z. Viiala,Z. Viiala
105756,Z. Wang,Z. Wang
74806,Z. Wei,Z. Wei
9951,Z. Xia,Z. Xia
67675,Z. Y. Ruan,Z. Y. Ruan
4339,Z. Yang,Z. Yang
48890,Z. Zeng,Z. Zeng
590,Z. Zhang,Z. Zhang
590,Zhizhen Zhang,Z. Zhang
101828,Z. Zhou,Z. Zhou
106924,Zaar/ Zavatska,Zaar/ Zavatska
105363,Zaar/ Zimmermann,Zaar/ Zimmermann
96808,Z. Hamill,Zac Hamill
96808,Zac Hamill,Zac Hamill
28598,Z. Stephens,Zach Stephens
28598,Zach Stephens,Zach Stephens
75319,Zachary Adam-Gedge,Zachary Adam-Gedge
106114,Zack Viiala,Zack Viiala
870,Zaharije-Zak Talic,Zaharije-Zak Talic
5791,P. Zahraj,Zahraj P.
5791,Patrick Zahraj,Zahraj P.
5791,Zahraj P.,Zahraj P.
56167,Zamarripa/ Zarazua,Zamarripa/ Zarazua
105987,Zambia,Zambia
106997,Zambia W,Zambia W
63411,Z. Stevens,Zane Stevens
63411,Zane Stevens,Zane Stevens
78981,Z. Nurlanuly,Zangar Nurlanuly
78981,Zangar Nurlanuly,Zangar Nurlanuly
106740,Zapsky/ Sebek,Zapsky/ Sebek
106630,Zarski/ Zgola,Zarski/ Zgola
49888,Zavier Wong Maximus,Zavier Wong Maximus
66207,Zeitune/ Zeitune,Zeitune/ Zeitune
879,Zekai Li,Zekai Li
107188,Zeltina/ Zoldakova,Zeltina/ Zoldakova
376,Giulio Zeppieri,Zeppieri G.
376,Zeppieri G.,Zeppieri G.
50071,Zhan Zheng,Zhan Zheng
12909,Z. Zhao,Zhao Zhao
12909,Zhao Zhao,Zhao Zhao
101802,Zhe Li,Zhe Li
9515,M. Zheng,Zheng M.
9515,Michael Zheng,Zheng M.
9515,Zheng M.,Zheng M.
8667,Zhengyu Sun,Zhengyu Sun
39862,Y. Zhou,Zhou Y.
39862,Yi Zhou,Zhou Y.
39862,Zhou Y.,Zhou Y.
53319,Yang/ Zhou,Zhou Y.
53319,Zhou Y.,Zhou Y.
579,B. Zhukayev,Zhukayev B.
579,Beibit Zhukayev,Zhukayev B.
579,Zhukayev B.,Zhukayev B.
14732,Zimbabwe,Zimbabwe
19647,Zimbabwe W,Zimbabwe W
56233,Zoran Ludoski,Zoran Ludoski
13018,Z. Velcz,Zsombor Velcz
13018,Zsombor Velcz,Zsombor Velcz
104313,Karpinski/ Zuk,Zuk K.
104313,Zuk K.,Zuk K.
702,Zura Tkemaladze,Zura Tkemaladze
1980,A. Zverev,Zverev A.
1980,Alexander Zverev,Zverev A.
1980,Zverev A.,Zverev A.
3580,Melo/ Zverev,Zverev M.
3580,Zverev M.,Zverev M.
92967,da Silva Fick/ McGiffin,da Silva Fick/ McGiffin
105439,de Hek/ Knoop,de Hek/ Knoop
104301,de Marchi/ Derepasko,de Marchi/ Derepasko
92632,de Marchi/ Macchione,de Marchi/ Macchione
101549,de Marchi/ Noce,de Marchi/ Noce
107475,de Marchi/ Spiridon,de Marchi/ Spiridon
107488,gonzalez/ Re,gonzalez/ Re
94519,l. Houas,l. Houas
53286,l. P. Alberto M. d.,l. P. Alberto M. d.
105210,m. ishikawa,m. ishikawa
107409,van Assendelft/ Van Tilburg,van Assendelft/ Van Tilburg
104278,van/ van,van/ van
